timestamp,superwatch_wave[0],superwatch_wave[10],superwatch_wave[11],superwatch_wave[12],superwatch_wave[13],superwatch_wave[14],superwatch_wave[15],superwatch_wave[1],superwatch_wave[2],superwatch_wave[3],superwatch_wave[4],superwatch_wave[5],superwatch_wave[6],superwatch_wave[7],superwatch_wave[8],superwatch_wave[9]
0.000000,-91.01,93.65,73.11,41.44,3.46,-35.05,-68.23,-99.94,-93.65,-73.11,-41.44,-3.46,35.05,68.23,91.01,99.94
0.001020,-91.27,93.43,72.68,40.86,2.83,-35.64,-68.68,-99.96,-93.43,-72.68,-40.86,-2.83,35.64,68.68,91.27,99.96
0.002022,-91.52,93.21,72.25,40.29,2.20,-36.23,-69.14,-99.98,-93.21,-72.25,-40.29,-2.20,36.23,69.14,91.52,99.98
0.003018,-91.78,92.98,71.81,39.71,1.57,-36.81,-69.59,-99.99,-92.98,-71.81,-39.71,-1.57,36.81,69.59,91.78,99.99
0.004018,-92.02,92.74,71.37,39.14,0.94,-37.40,-70.04,-100.00,-92.74,-71.37,-39.14,-0.94,37.40,70.04,92.02,100.00
0.005016,-92.27,92.51,70.93,38.56,0.31,-37.98,-70.49,-100.00,-92.51,-70.93,-38.56,-0.31,37.98,70.49,92.27,100.00
0.006018,-92.51,92.27,70.49,37.98,-0.31,-38.56,-70.93,-100.00,-92.27,-70.49,-37.98,0.31,38.56,70.93,92.51,100.00
0.007014,-92.74,92.02,70.04,37.40,-0.94,-39.14,-71.37,-100.00,-92.02,-70.04,-37.40,0.94,39.14,71.37,92.74,100.00
0.008024,-92.98,91.78,69.59,36.81,-1.57,-39.71,-71.81,-99.99,-91.78,-69.59,-36.81,1.57,39.71,71.81,92.98,99.99
0.009017,-93.21,91.52,69.14,36.23,-2.20,-40.29,-72.25,-99.98,-91.52,-69.14,-36.23,2.20,40.29,72.25,93.21,99.98
0.010020,-93.43,91.27,68.68,35.64,-2.83,-40.86,-72.68,-99.96,-91.27,-68.68,-35.64,2.83,40.86,72.68,93.43,99.96
0.011016,-93.65,91.01,68.23,35.05,-3.46,-41.44,-73.11,-99.94,-91.01,-68.23,-35.05,3.46,41.44,73.11,93.65,99.94
0.012016,-93.87,90.75,67.76,34.46,-4.08,-42.01,-73.54,-99.92,-90.75,-67.76,-34.46,4.08,42.01,73.54,93.87,99.92
0.013016,-94.09,90.48,67.30,33.87,-4.71,-42.58,-73.96,-99.89,-90.48,-67.30,-33.87,4.71,42.58,73.96,94.09,99.89
0.014016,-94.30,90.21,66.84,33.28,-5.34,-43.15,-74.38,-99.86,-90.21,-66.84,-33.28,5.34,43.15,74.38,94.30,99.86
0.015014,-94.51,89.94,66.37,32.69,-5.97,-43.71,-74.80,-99.82,-89.94,-66.37,-32.69,5.97,43.71,74.80,94.51,99.82
0.016015,-94.71,89.66,65.90,32.09,-6.59,-44.28,-75.22,-99.78,-89.66,-65.90,-32.09,6.59,44.28,75.22,94.71,99.78
0.017015,-94.91,89.38,65.42,31.50,-7.22,-44.84,-75.63,-99.74,-89.38,-65.42,-31.50,7.22,44.84,75.63,94.91,99.74
0.018014,-95.11,89.10,64.94,30.90,-7.85,-45.40,-76.04,-99.69,-89.10,-64.94,-30.90,7.85,45.40,76.04,95.11,99.69
0.019023,-95.30,88.81,64.47,30.30,-8.47,-45.96,-76.45,-99.64,-88.81,-64.47,-30.30,8.47,45.96,76.45,95.30,99.64
0.020018,-95.49,88.52,63.98,29.70,-9.10,-46.52,-76.85,-99.59,-88.52,-63.98,-29.70,9.10,46.52,76.85,95.49,99.59
0.021015,-95.67,88.23,63.50,29.10,-9.72,-47.07,-77.25,-99.53,-88.23,-63.50,-29.10,9.72,47.07,77.25,95.67,99.53
0.022015,-95.85,87.93,63.01,28.50,-10.35,-47.62,-77.65,-99.46,-87.93,-63.01,-28.50,10.35,47.62,77.65,95.85,99.46
0.023016,-96.03,87.63,62.52,27.90,-10.97,-48.18,-78.04,-99.40,-87.63,-62.52,-27.90,10.97,48.18,78.04,96.03,99.40
0.024015,-96.20,87.33,62.03,27.30,-11.60,-48.72,-78.43,-99.33,-87.33,-62.03,-27.30,11.60,48.73,78.43,96.20,99.33
0.025014,-96.37,87.02,61.54,26.69,-12.22,-49.27,-78.82,-99.25,-87.02,-61.54,-26.69,12.22,49.27,78.82,96.37,99.25
0.026015,-96.54,86.71,61.04,26.08,-12.84,-49.82,-79.21,-99.17,-86.71,-61.04,-26.08,12.84,49.82,79.21,96.54,99.17
0.027013,-96.70,86.39,60.54,25.48,-13.47,-50.36,-79.59,-99.09,-86.39,-60.54,-25.48,13.47,50.36,79.59,96.70,99.09
0.028013,-96.86,86.07,60.04,24.87,-14.09,-50.90,-79.97,-99.00,-86.07,-60.04,-24.87,14.09,50.90,79.97,96.86,99.00
0.029015,-97.01,85.75,59.54,24.26,-14.71,-51.44,-80.34,-98.91,-85.75,-59.54,-24.26,14.71,51.44,80.34,97.01,98.91
0.030021,-97.16,85.43,59.03,23.65,-15.33,-51.98,-80.72,-98.82,-85.43,-59.03,-23.65,15.33,51.98,80.72,97.16,98.82
0.031012,-97.31,85.10,58.52,23.04,-15.95,-52.52,-81.09,-98.72,-85.10,-58.52,-23.04,15.95,52.52,81.09,97.31,98.72
0.032014,-97.45,84.77,58.01,22.43,-16.57,-53.05,-81.45,-98.62,-84.77,-58.01,-22.43,16.57,53.05,81.45,97.45,98.62
0.033013,-97.59,84.43,57.50,21.81,-17.19,-53.58,-81.81,-98.51,-84.43,-57.50,-21.81,17.19,53.58,81.81,97.59,98.51
0.034013,-97.73,84.09,56.99,21.20,-17.81,-54.11,-82.17,-98.40,-84.09,-56.99,-21.20,17.81,54.11,82.17,97.73,98.40
0.035014,-97.86,83.75,56.47,20.59,-18.43,-54.64,-82.53,-98.29,-83.75,-56.47,-20.59,18.43,54.64,82.53,97.86,98.29
0.036012,-97.99,83.41,55.95,19.97,-19.05,-55.16,-82.88,-98.17,-83.41,-55.95,-19.97,19.05,55.16,82.88,97.99,98.17
0.037014,-98.11,83.06,55.43,19.35,-19.66,-55.69,-83.23,-98.05,-83.06,-55.43,-19.35,19.66,55.69,83.23,98.11,98.05
0.038014,-98.23,82.71,54.90,18.74,-20.28,-56.21,-83.58,-97.92,-82.71,-54.90,-18.74,20.28,56.21,83.58,98.23,97.92
0.039013,-98.34,82.35,54.38,18.12,-20.89,-56.73,-83.92,-97.79,-82.35,-54.38,-18.12,20.89,56.73,83.92,98.34,97.79
0.040014,-98.46,82.00,53.85,17.50,-21.51,-57.24,-84.26,-97.66,-82.00,-53.85,-17.50,21.51,57.24,84.26,98.46,97.66
0.041020,-98.56,81.63,53.32,16.88,-22.12,-57.76,-84.60,-97.52,-81.63,-53.32,-16.88,22.12,57.76,84.60,98.56,97.52
0.042012,-98.67,81.27,52.78,16.26,-22.73,-58.27,-84.93,-97.38,-81.27,-52.78,-16.26,22.73,58.27,84.93,98.67,97.38
0.043015,-98.77,80.90,52.25,15.64,-23.34,-58.78,-85.26,-97.24,-80.90,-52.25,-15.64,23.34,58.78,85.26,98.77,97.24
0.044014,-98.87,80.53,51.71,15.02,-23.96,-59.29,-85.59,-97.09,-80.53,-51.71,-15.02,23.96,59.29,85.59,98.87,97.09
0.045013,-98.96,80.16,51.17,14.40,-24.56,-59.79,-85.91,-96.94,-80.16,-51.17,-14.40,24.56,59.79,85.91,98.96,96.94
0.046015,-99.05,79.78,50.63,13.78,-25.17,-60.29,-86.23,-96.78,-79.78,-50.63,-13.78,25.17,60.29,86.23,99.05,96.78
0.047013,-99.13,79.40,50.09,13.16,-25.78,-60.79,-86.55,-96.62,-79.40,-50.09,-13.16,25.78,60.79,86.55,99.13,96.62
0.048013,-99.21,79.02,49.55,12.53,-26.39,-61.29,-86.86,-96.46,-79.02,-49.55,-12.53,26.39,61.29,86.86,99.21,96.46
0.049014,-99.29,78.63,49.00,11.91,-26.99,-61.79,-87.17,-96.29,-78.63,-49.00,-11.91,26.99,61.79,87.17,99.29,96.29
0.050015,-99.36,78.24,48.45,11.29,-27.60,-62.28,-87.48,-96.12,-78.24,-48.45,-11.29,27.60,62.28,87.48,99.36,96.12
0.051015,-99.43,77.85,47.90,10.66,-28.20,-62.77,-87.78,-95.94,-77.85,-47.90,-10.66,28.20,62.77,87.78,99.43,95.94
0.052018,-99.50,77.45,47.35,10.04,-28.80,-63.26,-88.08,-95.76,-77.45,-47.35,-10.04,28.80,63.26,88.08,99.50,95.76
0.053015,-99.56,77.05,46.79,9.41,-29.40,-63.74,-88.38,-95.58,-77.05,-46.79,-9.41,29.40,63.74,88.38,99.56,95.58
0.054015,-99.61,76.65,46.24,8.79,-30.00,-64.23,-88.67,-95.39,-76.65,-46.24,-8.79,30.00,64.23,88.67,99.61,95.39
0.055014,-99.67,76.24,45.68,8.16,-30.60,-64.71,-88.96,-95.20,-76.24,-45.68,-8.16,30.60,64.71,88.96,99.67,95.20
0.056015,-99.72,75.84,45.12,7.53,-31.20,-65.18,-89.24,-95.01,-75.84,-45.12,-7.53,31.20,65.18,89.24,99.72,95.01
0.057014,-99.76,75.43,44.56,6.91,-31.80,-65.66,-89.52,-94.81,-75.43,-44.56,-6.91,31.80,65.66,89.52,99.76,94.81
0.058016,-99.80,75.01,43.99,6.28,-32.39,-66.13,-89.80,-94.61,-75.01,-43.99,-6.28,32.39,66.13,89.80,99.80,94.61
0.059013,-99.84,74.59,43.43,5.65,-32.99,-66.60,-90.08,-94.40,-74.59,-43.43,-5.65,32.99,66.60,90.08,99.84,94.40
0.060015,-99.87,74.17,42.86,5.02,-33.58,-67.07,-90.35,-94.19,-74.17,-42.86,-5.02,33.58,67.07,90.35,99.87,94.19
0.061013,-99.90,73.75,42.29,4.40,-34.17,-67.53,-90.62,-93.98,-73.75,-42.29,-4.40,34.17,67.53,90.62,99.90,93.98
0.062013,-99.93,73.33,41.72,3.77,-34.76,-68.00,-90.88,-93.76,-73.33,-41.72,-3.77,34.76,68.00,90.88,99.93,93.76
0.063022,-99.95,72.90,41.15,3.14,-35.35,-68.45,-91.14,-93.54,-72.90,-41.15,-3.14,35.35,68.45,91.14,99.95,93.54
0.064014,-99.97,72.47,40.58,2.51,-35.93,-68.91,-91.40,-93.32,-72.47,-40.58,-2.51,35.93,68.91,91.40,99.97,93.32
0.065016,-99.98,72.03,40.00,1.88,-36.52,-69.37,-91.65,-93.09,-72.03,-40.00,-1.88,36.52,69.37,91.65,99.98,93.09
0.066013,-99.99,71.59,39.43,1.26,-37.10,-69.82,-91.90,-92.86,-71.59,-39.43,-1.26,37.10,69.82,91.90,99.99,92.86
0.067011,-100.00,71.15,38.85,0.63,-37.69,-70.27,-92.15,-92.63,-71.15,-38.85,-0.63,37.69,70.27,92.15,100.00,92.63
0.068015,-100.00,70.71,38.27,-0.00,-38.27,-70.71,-92.39,-92.39,-70.71,-38.27,0.00,38.27,70.71,92.39,100.00,92.39
0.069015,-100.00,70.26,37.69,-0.63,-38.85,-71.15,-92.63,-92.15,-70.26,-37.69,0.63,38.85,71.15,92.63,100.00,92.15
0.070014,-99.99,69.82,37.10,-1.26,-39.43,-71.59,-92.86,-91.90,-69.82,-37.10,1.26,39.43,71.59,92.86,99.99,91.90
0.071012,-99.98,69.37,36.52,-1.88,-40.00,-72.03,-93.09,-91.65,-69.37,-36.52,1.88,40.00,72.03,93.09,99.98,91.65
0.072012,-99.97,68.91,35.93,-2.51,-40.58,-72.47,-93.32,-91.40,-68.91,-35.93,2.51,40.58,72.47,93.32,99.97,91.40
0.073013,-99.95,68.45,35.35,-3.14,-41.15,-72.90,-93.54,-91.14,-68.45,-35.35,3.14,41.15,72.90,93.54,99.95,91.14
0.074019,-99.93,68.00,34.76,-3.77,-41.72,-73.33,-93.76,-90.88,-68.00,-34.76,3.77,41.72,73.33,93.76,99.93,90.88
0.075015,-99.90,67.53,34.17,-4.40,-42.29,-73.75,-93.98,-90.62,-67.53,-34.17,4.40,42.29,73.75,93.98,99.90,90.62
0.076075,-99.87,67.07,33.58,-5.02,-42.86,-74.17,-94.19,-90.35,-67.07,-33.58,5.02,42.86,74.17,94.19,99.87,90.35
0.077011,-99.84,66.60,32.99,-5.65,-43.43,-74.59,-94.40,-90.08,-66.60,-32.99,5.65,43.43,74.59,94.40,99.84,90.08
0.078011,-99.80,66.13,32.39,-6.28,-43.99,-75.01,-94.61,-89.80,-66.13,-32.39,6.28,43.99,75.01,94.61,99.80,89.80
0.079013,-99.76,65.66,31.80,-6.91,-44.56,-75.43,-94.81,-89.52,-65.66,-31.80,6.91,44.56,75.43,94.81,99.76,89.52
0.080015,-99.72,65.18,31.20,-7.53,-45.12,-75.84,-95.01,-89.24,-65.18,-31.20,7.53,45.12,75.84,95.01,99.72,89.24
0.081011,-99.67,64.71,30.60,-8.16,-45.68,-76.24,-95.20,-88.96,-64.71,-30.60,8.16,45.68,76.24,95.20,99.67,88.96
0.082013,-99.61,64.23,30.00,-8.79,-46.24,-76.65,-95.39,-88.67,-64.23,-30.00,8.79,46.24,76.65,95.39,99.61,88.67
0.083009,-99.56,63.74,29.40,-9.41,-46.79,-77.05,-95.58,-88.38,-63.74,-29.40,9.41,46.79,77.05,95.58,99.56,88.38
0.084064,-99.50,63.26,28.80,-10.04,-47.35,-77.45,-95.76,-88.08,-63.26,-28.80,10.04,47.35,77.45,95.76,99.50,88.08
0.085017,-99.43,62.77,28.20,-10.66,-47.90,-77.85,-95.94,-87.78,-62.77,-28.20,10.66,47.90,77.85,95.94,99.43,87.78
0.086025,-99.36,62.28,27.60,-11.29,-48.45,-78.24,-96.12,-87.48,-62.28,-27.60,11.29,48.45,78.24,96.12,99.36,87.48
0.087011,-99.29,61.79,26.99,-11.91,-49.00,-78.63,-96.29,-87.17,-61.79,-26.99,11.91,49.00,78.63,96.29,99.29,87.17
0.088012,-99.21,61.29,26.39,-12.53,-49.55,-79.02,-96.46,-86.86,-61.29,-26.39,12.53,49.55,79.02,96.46,99.21,86.86
0.089014,-99.13,60.79,25.78,-13.16,-50.09,-79.40,-96.62,-86.55,-60.79,-25.78,13.16,50.09,79.40,96.62,99.13,86.55
0.090014,-99.05,60.29,25.17,-13.78,-50.63,-79.78,-96.78,-86.23,-60.29,-25.17,13.78,50.63,79.78,96.78,99.05,86.23
0.091013,-98.96,59.79,24.56,-14.40,-51.17,-80.16,-96.94,-85.91,-59.79,-24.56,14.40,51.17,80.16,96.94,98.96,85.91
0.092012,-98.87,59.29,23.95,-15.02,-51.71,-80.53,-97.09,-85.59,-59.29,-23.96,15.02,51.71,80.53,97.09,98.87,85.59
0.093013,-98.77,58.78,23.34,-15.64,-52.25,-80.90,-97.24,-85.26,-58.78,-23.34,15.64,52.25,80.90,97.24,98.77,85.26
0.094013,-98.67,58.27,22.73,-16.26,-52.78,-81.27,-97.38,-84.93,-58.27,-22.73,16.26,52.78,81.27,97.38,98.67,84.93
0.095012,-98.56,57.76,22.12,-16.88,-53.32,-81.63,-97.52,-84.60,-57.76,-22.12,16.88,53.32,81.63,97.52,98.56,84.60
0.096018,-98.46,57.24,21.51,-17.50,-53.85,-82.00,-97.66,-84.26,-57.24,-21.51,17.50,53.85,82.00,97.66,98.46,84.26
0.097012,-98.34,56.73,20.89,-18.12,-54.38,-82.35,-97.79,-83.92,-56.73,-20.89,18.12,54.38,82.35,97.79,98.34,83.92
0.098011,-98.23,56.21,20.28,-18.74,-54.90,-82.71,-97.92,-83.58,-56.21,-20.28,18.74,54.90,82.71,97.92,98.23,83.58
0.099078,-98.11,55.69,19.66,-19.35,-55.43,-83.06,-98.05,-83.23,-55.69,-19.66,19.35,55.43,83.06,98.05,98.11,83.23
0.100014,-97.99,55.16,19.05,-19.97,-55.95,-83.41,-98.17,-82.88,-55.16,-19.05,19.97,55.95,83.41,98.17,97.99,82.88
0.101010,-97.86,54.64,18.43,-20.59,-56.47,-83.75,-98.29,-82.53,-54.64,-18.43,20.59,56.47,83.75,98.29,97.86,82.53
0.102091,-97.73,54.11,17.81,-21.20,-56.99,-84.09,-98.40,-82.17,-54.11,-17.81,21.20,56.99,84.09,98.40,97.73,82.17
0.103011,-97.59,53.58,17.19,-21.81,-57.50,-84.43,-98.51,-81.81,-53.58,-17.19,21.81,57.50,84.43,98.51,97.59,81.81
0.104014,-97.45,53.05,16.57,-22.43,-58.01,-84.77,-98.62,-81.45,-53.05,-16.57,22.43,58.01,84.77,98.62,97.45,81.45
0.105013,-97.31,52.52,15.95,-23.04,-58.52,-85.10,-98.72,-81.09,-52.52,-15.95,23.04,58.52,85.10,98.72,97.31,81.09
0.106014,-97.16,51.98,15.33,-23.65,-59.03,-85.43,-98.82,-80.72,-51.98,-15.33,23.65,59.03,85.43,98.82,97.16,80.72
0.107016,-97.01,51.44,14.71,-24.26,-59.54,-85.75,-98.91,-80.34,-51.44,-14.71,24.26,59.54,85.75,98.91,97.01,80.34
0.108010,-96.86,50.90,14.09,-24.87,-60.04,-86.07,-99.00,-79.97,-50.90,-14.09,24.87,60.04,86.07,99.00,96.86,79.97
0.109008,-96.70,50.36,13.47,-25.48,-60.54,-86.39,-99.09,-79.59,-50.36,-13.47,25.48,60.54,86.39,99.09,96.70,79.59
0.110092,-96.54,49.82,12.84,-26.08,-61.04,-86.71,-99.17,-79.21,-49.82,-12.84,26.08,61.04,86.71,99.17,96.54,79.21
0.111010,-96.37,49.27,12.22,-26.69,-61.54,-87.02,-99.25,-78.82,-49.27,-12.22,26.69,61.54,87.02,99.25,96.37,78.82
0.112010,-96.20,48.72,11.60,-27.30,-62.03,-87.33,-99.33,-78.43,-48.73,-11.60,27.30,62.03,87.33,99.33,96.20,78.43
0.113012,-96.03,48.18,10.97,-27.90,-62.52,-87.63,-99.40,-78.04,-48.18,-10.97,27.90,62.52,87.63,99.40,96.03,78.04
0.114012,-95.85,47.62,10.35,-28.50,-63.01,-87.93,-99.46,-77.65,-47.62,-10.35,28.50,63.01,87.93,99.46,95.85,77.65
0.115010,-95.67,47.07,9.72,-29.10,-63.50,-88.23,-99.53,-77.25,-47.07,-9.72,29.10,63.50,88.23,99.53,95.67,77.25
0.116012,-95.49,46.52,9.10,-29.70,-63.98,-88.52,-99.59,-76.85,-46.52,-9.10,29.70,63.98,88.52,99.59,95.49,76.85
0.117010,-95.30,45.96,8.47,-30.30,-64.47,-88.81,-99.64,-76.45,-45.96,-8.47,30.30,64.47,88.81,99.64,95.30,76.45
0.118014,-95.11,45.40,7.85,-30.90,-64.94,-89.10,-99.69,-76.04,-45.40,-7.85,30.90,64.94,89.10,99.69,95.11,76.04
0.119011,-94.91,44.84,7.22,-31.50,-65.42,-89.38,-99.74,-75.63,-44.84,-7.22,31.50,65.42,89.38,99.74,94.91,75.63
0.120027,-94.71,44.28,6.59,-32.09,-65.90,-89.66,-99.78,-75.22,-44.28,-6.59,32.09,65.90,89.66,99.78,94.71,75.22
0.121010,-94.51,43.71,5.97,-32.69,-66.37,-89.94,-99.82,-74.80,-43.71,-5.97,32.69,66.37,89.94,99.82,94.51,74.80
0.122011,-94.30,43.15,5.34,-33.28,-66.84,-90.21,-99.86,-74.38,-43.15,-5.34,33.28,66.84,90.21,99.86,94.30,74.38
0.123011,-94.09,42.58,4.71,-33.87,-67.30,-90.48,-99.89,-73.96,-42.58,-4.71,33.87,67.30,90.48,99.89,94.09,73.96
0.124011,-93.87,42.01,4.08,-34.46,-67.76,-90.75,-99.92,-73.54,-42.01,-4.08,34.46,67.76,90.75,99.92,93.87,73.54
0.125013,-93.65,41.44,3.46,-35.05,-68.23,-91.01,-99.94,-73.11,-41.44,-3.46,35.05,68.23,91.01,99.94,93.65,73.11
0.126011,-93.43,40.86,2.83,-35.64,-68.68,-91.27,-99.96,-72.68,-40.86,-2.83,35.64,68.68,91.27,99.96,93.43,72.68
0.127021,-93.21,40.29,2.20,-36.23,-69.14,-91.52,-99.98,-72.25,-40.29,-2.20,36.23,69.14,91.52,99.98,93.21,72.25
0.128009,-92.98,39.71,1.57,-36.81,-69.59,-91.78,-99.99,-71.81,-39.71,-1.57,36.81,69.59,91.78,99.99,92.98,71.81
0.129032,-92.74,39.14,0.94,-37.40,-70.04,-92.02,-100.00,-71.37,-39.14,-0.94,37.40,70.04,92.02,100.00,92.74,71.37
0.130013,-92.51,38.56,0.31,-37.98,-70.49,-92.27,-100.00,-70.93,-38.56,-0.31,37.98,70.49,92.27,100.00,92.51,70.93
0.131014,-92.27,37.98,-0.31,-38.56,-70.93,-92.51,-100.00,-70.49,-37.98,0.31,38.56,70.93,92.51,100.00,92.27,70.49
0.132011,-92.02,37.40,-0.94,-39.14,-71.37,-92.74,-100.00,-70.04,-37.40,0.94,39.14,71.37,92.74,100.00,92.02,70.04
0.133011,-91.78,36.81,-1.57,-39.71,-71.81,-92.98,-99.99,-69.59,-36.81,1.57,39.71,71.81,92.98,99.99,91.78,69.59
0.134010,-91.52,36.23,-2.20,-40.29,-72.25,-93.21,-99.98,-69.14,-36.23,2.20,40.29,72.25,93.21,99.98,91.52,69.14
0.135010,-91.27,35.64,-2.83,-40.86,-72.68,-93.43,-99.96,-68.68,-35.64,2.83,40.86,72.68,93.43,99.96,91.27,68.68
0.136011,-91.01,35.05,-3.46,-41.44,-73.11,-93.65,-99.94,-68.23,-35.05,3.46,41.44,73.11,93.65,99.94,91.01,68.23
0.137011,-90.75,34.46,-4.08,-42.01,-73.54,-93.87,-99.92,-67.76,-34.46,4.08,42.01,73.54,93.87,99.92,90.75,67.76
0.138010,-90.48,33.87,-4.71,-42.58,-73.96,-94.09,-99.89,-67.30,-33.87,4.71,42.58,73.96,94.09,99.89,90.48,67.30
0.139012,-90.21,33.28,-5.34,-43.15,-74.38,-94.30,-99.86,-66.84,-33.28,5.34,43.15,74.38,94.30,99.86,90.21,66.84
0.140018,-89.94,32.69,-5.97,-43.71,-74.80,-94.51,-99.82,-66.37,-32.69,5.97,43.71,74.80,94.51,99.82,89.94,66.37
0.141008,-89.66,32.09,-6.59,-44.28,-75.22,-94.71,-99.78,-65.90,-32.09,6.59,44.28,75.22,94.71,99.78,89.66,65.90
0.142098,-89.38,31.50,-7.22,-44.84,-75.63,-94.91,-99.74,-65.42,-31.50,7.22,44.84,75.63,94.91,99.74,89.38,65.42
0.143008,-89.10,30.90,-7.85,-45.40,-76.04,-95.11,-99.69,-64.94,-30.90,7.85,45.40,76.04,95.11,99.69,89.10,64.94
0.144010,-88.81,30.30,-8.47,-45.96,-76.45,-95.30,-99.64,-64.47,-30.30,8.47,45.96,76.45,95.30,99.64,88.81,64.47
0.145011,-88.52,29.70,-9.10,-46.52,-76.85,-95.49,-99.59,-63.98,-29.70,9.10,46.52,76.85,95.49,99.59,88.52,63.98
0.146012,-88.23,29.10,-9.72,-47.07,-77.25,-95.67,-99.53,-63.50,-29.10,9.72,47.07,77.25,95.67,99.53,88.23,63.50
0.147010,-87.93,28.50,-10.35,-47.62,-77.65,-95.85,-99.46,-63.01,-28.50,10.35,47.62,77.65,95.85,99.46,87.93,63.01
0.148012,-87.63,27.90,-10.97,-48.18,-78.04,-96.03,-99.40,-62.52,-27.90,10.97,48.18,78.04,96.03,99.40,87.63,62.52
0.149011,-87.33,27.30,-11.60,-48.72,-78.43,-96.20,-99.33,-62.03,-27.30,11.60,48.73,78.43,96.20,99.33,87.33,62.03
0.150012,-87.02,26.69,-12.22,-49.27,-78.82,-96.37,-99.25,-61.54,-26.69,12.22,49.27,78.82,96.37,99.25,87.02,61.54
0.151013,-86.71,26.08,-12.84,-49.82,-79.21,-96.54,-99.17,-61.04,-26.08,12.84,49.82,79.21,96.54,99.17,86.71,61.04
0.152008,-86.39,25.48,-13.47,-50.36,-79.59,-96.70,-99.09,-60.54,-25.48,13.47,50.36,79.59,96.70,99.09,86.39,60.54
0.153077,-86.07,24.87,-14.09,-50.90,-79.97,-96.86,-99.00,-60.04,-24.87,14.09,50.90,79.97,96.86,99.00,86.07,60.04
0.154009,-85.75,24.26,-14.71,-51.44,-80.34,-97.01,-98.91,-59.54,-24.26,14.71,51.44,80.34,97.01,98.91,85.75,59.54
0.155008,-85.43,23.65,-15.33,-51.98,-80.72,-97.16,-98.82,-59.03,-23.65,15.33,51.98,80.72,97.16,98.82,85.43,59.03
0.156012,-85.10,23.04,-15.95,-52.52,-81.09,-97.31,-98.72,-58.52,-23.04,15.95,52.52,81.09,97.31,98.72,85.10,58.52
0.157012,-84.77,22.43,-16.57,-53.05,-81.45,-97.45,-98.62,-58.01,-22.43,16.57,53.05,81.45,97.45,98.62,84.77,58.01
0.158011,-84.43,21.81,-17.19,-53.58,-81.81,-97.59,-98.51,-57.50,-21.81,17.19,53.58,81.81,97.59,98.51,84.43,57.50
0.159012,-84.09,21.20,-17.81,-54.11,-82.17,-97.73,-98.40,-56.99,-21.20,17.81,54.11,82.17,97.73,98.40,84.09,56.99
0.160012,-83.75,20.59,-18.43,-54.64,-82.53,-97.86,-98.29,-56.47,-20.59,18.43,54.64,82.53,97.86,98.29,83.75,56.47
0.161012,-83.41,19.97,-19.05,-55.16,-82.88,-97.99,-98.17,-55.95,-19.97,19.05,55.16,82.88,97.99,98.17,83.41,55.95
0.162015,-83.06,19.35,-19.66,-55.69,-83.23,-98.11,-98.05,-55.43,-19.35,19.66,55.69,83.23,98.11,98.05,83.06,55.43
0.163012,-82.71,18.74,-20.28,-56.21,-83.58,-98.23,-97.92,-54.90,-18.74,20.28,56.21,83.58,98.23,97.92,82.71,54.90
0.164060,-82.35,18.12,-20.89,-56.73,-83.92,-98.34,-97.79,-54.38,-18.12,20.89,56.73,83.92,98.34,97.79,82.35,54.38
0.165011,-82.00,17.50,-21.51,-57.24,-84.26,-98.46,-97.66,-53.85,-17.50,21.51,57.24,84.26,98.46,97.66,82.00,53.85
0.166009,-81.63,16.88,-22.12,-57.76,-84.60,-98.56,-97.52,-53.32,-16.88,22.12,57.76,84.60,98.56,97.52,81.63,53.32
0.167083,-81.27,16.26,-22.73,-58.27,-84.93,-98.67,-97.38,-52.78,-16.26,22.73,58.27,84.93,98.67,97.38,81.27,52.78
0.168008,-80.90,15.64,-23.34,-58.78,-85.26,-98.77,-97.24,-52.25,-15.64,23.34,58.78,85.26,98.77,97.24,80.90,52.25
0.169009,-80.53,15.02,-23.96,-59.29,-85.59,-98.87,-97.09,-51.71,-15.02,23.96,59.29,85.59,98.87,97.09,80.53,51.71
0.170014,-80.16,14.40,-24.56,-59.79,-85.91,-98.96,-96.94,-51.17,-14.40,24.56,59.79,85.91,98.96,96.94,80.16,51.17
0.171009,-79.78,13.78,-25.17,-60.29,-86.23,-99.05,-96.78,-50.63,-13.78,25.17,60.29,86.23,99.05,96.78,79.78,50.63
0.172010,-79.40,13.16,-25.78,-60.79,-86.55,-99.13,-96.62,-50.09,-13.16,25.78,60.79,86.55,99.13,96.62,79.40,50.09
0.173014,-79.02,12.53,-26.39,-61.29,-86.86,-99.21,-96.46,-49.55,-12.53,26.39,61.29,86.86,99.21,96.46,79.02,49.55
0.174009,-78.63,11.91,-26.99,-61.79,-87.17,-99.29,-96.29,-49.00,-11.91,26.99,61.79,87.17,99.29,96.29,78.63,49.00
0.175009,-78.24,11.29,-27.60,-62.28,-87.48,-99.36,-96.12,-48.45,-11.29,27.60,62.28,87.48,99.36,96.12,78.24,48.45
0.176010,-77.85,10.66,-28.20,-62.77,-87.78,-99.43,-95.94,-47.90,-10.66,28.20,62.77,87.78,99.43,95.94,77.85,47.90
0.177011,-77.45,10.04,-28.80,-63.26,-88.08,-99.50,-95.76,-47.35,-10.04,28.80,63.26,88.08,99.50,95.76,77.45,47.35
0.178010,-77.05,9.41,-29.40,-63.74,-88.38,-99.56,-95.58,-46.79,-9.41,29.40,63.74,88.38,99.56,95.58,77.05,46.79
0.179009,-76.65,8.79,-30.00,-64.23,-88.67,-99.61,-95.39,-46.24,-8.79,30.00,64.23,88.67,99.61,95.39,76.65,46.24
0.180011,-76.24,8.16,-30.60,-64.71,-88.96,-99.67,-95.20,-45.68,-8.16,30.60,64.71,88.96,99.67,95.20,76.24,45.68
0.181010,-75.84,7.53,-31.20,-65.18,-89.24,-99.72,-95.01,-45.12,-7.53,31.20,65.18,89.24,99.72,95.01,75.84,45.12
0.182011,-75.43,6.91,-31.80,-65.66,-89.52,-99.76,-94.81,-44.56,-6.91,31.80,65.66,89.52,99.76,94.81,75.43,44.56
0.183011,-75.01,6.28,-32.39,-66.13,-89.80,-99.80,-94.61,-43.99,-6.28,32.39,66.13,89.80,99.80,94.61,75.01,43.99
0.184158,-74.59,5.65,-32.99,-66.60,-90.08,-99.84,-94.40,-43.43,-5.65,32.99,66.60,90.08,99.84,94.40,74.59,43.43
0.185011,-74.17,5.02,-33.58,-67.07,-90.35,-99.87,-94.19,-42.86,-5.02,33.58,67.07,90.35,99.87,94.19,74.17,42.86
0.186010,-73.75,4.40,-34.17,-67.53,-90.62,-99.90,-93.98,-42.29,-4.40,34.17,67.53,90.62,99.90,93.98,73.75,42.29
0.187010,-73.33,3.77,-34.76,-68.00,-90.88,-99.93,-93.76,-41.72,-3.77,34.76,68.00,90.88,99.93,93.76,73.33,41.72
0.188010,-72.90,3.14,-35.35,-68.45,-91.14,-99.95,-93.54,-41.15,-3.14,35.35,68.45,91.14,99.95,93.54,72.90,41.15
0.189009,-72.47,2.51,-35.93,-68.91,-91.40,-99.97,-93.32,-40.58,-2.51,35.93,68.91,91.40,99.97,93.32,72.47,40.58
0.190010,-72.03,1.88,-36.52,-69.37,-91.65,-99.98,-93.09,-40.00,-1.88,36.52,69.37,91.65,99.98,93.09,72.03,40.00
0.191078,-71.59,1.26,-37.10,-69.82,-91.90,-99.99,-92.86,-39.43,-1.26,37.10,69.82,91.90,99.99,92.86,71.59,39.43
0.192010,-71.15,0.63,-37.69,-70.26,-92.15,-100.00,-92.63,-38.85,-0.63,37.69,70.26,92.15,100.00,92.63,71.15,38.85
0.193009,-70.71,-0.00,-38.27,-70.71,-92.39,-100.00,-92.39,-38.27,-0.00,38.27,70.71,92.39,100.00,92.39,70.71,38.27
0.194008,-70.26,-0.63,-38.85,-71.15,-92.63,-100.00,-92.15,-37.69,0.63,38.85,71.15,92.63,100.00,92.15,70.26,37.69
0.195015,-69.82,-1.26,-39.43,-71.59,-92.86,-99.99,-91.90,-37.10,1.26,39.43,71.59,92.86,99.99,91.90,69.82,37.10
0.196010,-69.37,-1.88,-40.00,-72.03,-93.09,-99.98,-91.65,-36.52,1.88,40.00,72.03,93.09,99.98,91.65,69.37,36.52
0.197013,-68.91,-2.51,-40.58,-72.47,-93.32,-99.97,-91.40,-35.93,2.51,40.58,72.47,93.32,99.97,91.40,68.91,35.93
0.198080,-68.45,-3.14,-41.15,-72.90,-93.54,-99.95,-91.14,-35.35,3.14,41.15,72.90,93.54,99.95,91.14,68.45,35.35
0.199010,-68.00,-3.77,-41.72,-73.33,-93.76,-99.93,-90.88,-34.76,3.77,41.72,73.33,93.76,99.93,90.88,68.00,34.76
0.200012,-67.53,-4.40,-42.29,-73.75,-93.98,-99.90,-90.62,-34.17,4.40,42.29,73.75,93.98,99.90,90.62,67.53,34.17
0.201081,-67.07,-5.02,-42.86,-74.17,-94.19,-99.87,-90.35,-33.58,5.02,42.86,74.17,94.19,99.87,90.35,67.07,33.58
0.202008,-66.60,-5.65,-43.43,-74.59,-94.40,-99.84,-90.08,-32.99,5.65,43.43,74.59,94.40,99.84,90.08,66.60,32.99
0.203008,-66.13,-6.28,-43.99,-75.01,-94.61,-99.80,-89.80,-32.39,6.28,43.99,75.01,94.61,99.80,89.80,66.13,32.39
0.204007,-65.66,-6.91,-44.56,-75.43,-94.81,-99.76,-89.52,-31.80,6.91,44.56,75.43,94.81,99.76,89.52,65.66,31.80
0.205008,-65.18,-7.53,-45.12,-75.84,-95.01,-99.72,-89.24,-31.20,7.53,45.12,75.84,95.01,99.72,89.24,65.18,31.20
0.206012,-64.71,-8.16,-45.68,-76.24,-95.20,-99.67,-88.96,-30.60,8.16,45.68,76.24,95.20,99.67,88.96,64.71,30.60
0.207011,-64.23,-8.79,-46.24,-76.65,-95.39,-99.61,-88.67,-30.00,8.79,46.24,76.65,95.39,99.61,88.67,64.23,30.00
0.208074,-63.74,-9.41,-46.79,-77.05,-95.58,-99.56,-88.38,-29.40,9.41,46.79,77.05,95.58,99.56,88.38,63.74,29.40
0.209010,-63.26,-10.04,-47.35,-77.45,-95.76,-99.50,-88.08,-28.80,10.04,47.35,77.45,95.76,99.50,88.08,63.26,28.80
0.210013,-62.77,-10.66,-47.90,-77.85,-95.94,-99.43,-87.78,-28.20,10.66,47.90,77.85,95.94,99.43,87.78,62.77,28.20
0.211011,-62.28,-11.29,-48.45,-78.24,-96.12,-99.36,-87.48,-27.60,11.29,48.45,78.24,96.12,99.36,87.48,62.28,27.60
0.212011,-61.79,-11.91,-49.00,-78.63,-96.29,-99.29,-87.17,-26.99,11.91,49.00,78.63,96.29,99.29,87.17,61.79,26.99
0.213010,-61.29,-12.53,-49.55,-79.02,-96.46,-99.21,-86.86,-26.39,12.53,49.55,79.02,96.46,99.21,86.86,61.29,26.39
0.214010,-60.79,-13.16,-50.09,-79.40,-96.62,-99.13,-86.55,-25.78,13.16,50.09,79.40,96.62,99.13,86.55,60.79,25.78
0.215008,-60.29,-13.78,-50.63,-79.78,-96.78,-99.05,-86.23,-25.17,13.78,50.63,79.78,96.78,99.05,86.23,60.29,25.17
0.216011,-59.79,-14.40,-51.17,-80.16,-96.94,-98.96,-85.91,-24.56,14.40,51.17,80.16,96.94,98.96,85.91,59.79,24.56
0.217011,-59.29,-15.02,-51.71,-80.53,-97.09,-98.87,-85.59,-23.95,15.02,51.71,80.53,97.09,98.87,85.59,59.29,23.95
0.218007,-58.78,-15.64,-52.25,-80.90,-97.24,-98.77,-85.26,-23.34,15.64,52.25,80.90,97.24,98.77,85.26,58.78,23.34
0.219009,-58.27,-16.26,-52.78,-81.27,-97.38,-98.67,-84.93,-22.73,16.26,52.78,81.27,97.38,98.67,84.93,58.27,22.73
0.220096,-57.76,-16.88,-53.32,-81.63,-97.52,-98.56,-84.60,-22.12,16.88,53.32,81.63,97.52,98.56,84.60,57.76,22.12
0.221007,-57.24,-17.50,-53.85,-82.00,-97.66,-98.46,-84.26,-21.51,17.50,53.85,82.00,97.66,98.46,84.26,57.24,21.51
0.222009,-56.73,-18.12,-54.38,-82.35,-97.79,-98.34,-83.92,-20.89,18.12,54.38,82.35,97.79,98.34,83.92,56.73,20.89
0.223022,-56.21,-18.74,-54.90,-82.71,-97.92,-98.23,-83.58,-20.28,18.74,54.90,82.71,97.92,98.23,83.58,56.21,20.28
0.224008,-55.69,-19.35,-55.43,-83.06,-98.05,-98.11,-83.23,-19.66,19.35,55.43,83.06,98.05,98.11,83.23,55.69,19.66
0.225010,-55.16,-19.97,-55.95,-83.41,-98.17,-97.99,-82.88,-19.05,19.97,55.95,83.41,98.17,97.99,82.88,55.16,19.05
0.226010,-54.64,-20.59,-56.47,-83.75,-98.29,-97.86,-82.53,-18.43,20.59,56.47,83.75,98.29,97.86,82.53,54.64,18.43
0.227010,-54.11,-21.20,-56.99,-84.09,-98.40,-97.73,-82.17,-17.81,21.20,56.99,84.09,98.40,97.73,82.17,54.11,17.81
0.228011,-53.58,-21.81,-57.50,-84.43,-98.51,-97.59,-81.81,-17.19,21.81,57.50,84.43,98.51,97.59,81.81,53.58,17.19
0.229007,-53.05,-22.43,-58.01,-84.77,-98.62,-97.45,-81.45,-16.57,22.43,58.01,84.77,98.62,97.45,81.45,53.05,16.57
0.230008,-52.52,-23.04,-58.52,-85.10,-98.72,-97.31,-81.09,-15.95,23.04,58.52,85.10,98.72,97.31,81.09,52.52,15.95
0.231010,-51.98,-23.65,-59.03,-85.43,-98.82,-97.16,-80.72,-15.33,23.65,59.03,85.43,98.82,97.16,80.72,51.98,15.33
0.232011,-51.44,-24.26,-59.54,-85.75,-98.91,-97.01,-80.34,-14.71,24.26,59.54,85.75,98.91,97.01,80.34,51.44,14.71
0.233010,-50.90,-24.87,-60.04,-86.07,-99.00,-96.86,-79.97,-14.09,24.87,60.04,86.07,99.00,96.86,79.97,50.90,14.09
0.234010,-50.36,-25.48,-60.54,-86.39,-99.09,-96.70,-79.59,-13.47,25.48,60.54,86.39,99.09,96.70,79.59,50.36,13.47
0.235009,-49.82,-26.08,-61.04,-86.71,-99.17,-96.54,-79.21,-12.84,26.08,61.04,86.71,99.17,96.54,79.21,49.82,12.84
0.236010,-49.27,-26.69,-61.54,-87.02,-99.25,-96.37,-78.82,-12.22,26.69,61.54,87.02,99.25,96.37,78.82,49.27,12.22
0.237009,-48.72,-27.30,-62.03,-87.33,-99.33,-96.20,-78.43,-11.60,27.30,62.03,87.33,99.33,96.20,78.43,48.72,11.60
0.238009,-48.18,-27.90,-62.52,-87.63,-99.40,-96.03,-78.04,-10.97,27.90,62.52,87.63,99.40,96.03,78.04,48.18,10.97
0.239013,-47.62,-28.50,-63.01,-87.93,-99.46,-95.85,-77.65,-10.35,28.50,63.01,87.93,99.46,95.85,77.65,47.62,10.35
0.240008,-47.07,-29.10,-63.50,-88.23,-99.53,-95.67,-77.25,-9.72,29.10,63.50,88.23,99.53,95.67,77.25,47.07,9.72
0.241010,-46.52,-29.70,-63.98,-88.52,-99.59,-95.49,-76.85,-9.10,29.70,63.98,88.52,99.59,95.49,76.85,46.52,9.10
0.242094,-45.96,-30.30,-64.47,-88.81,-99.64,-95.30,-76.45,-8.47,30.30,64.47,88.81,99.64,95.30,76.45,45.96,8.47
0.243009,-45.40,-30.90,-64.94,-89.10,-99.69,-95.11,-76.04,-7.85,30.90,64.94,89.10,99.69,95.11,76.04,45.40,7.85
0.244009,-44.84,-31.50,-65.42,-89.38,-99.74,-94.91,-75.63,-7.22,31.50,65.42,89.38,99.74,94.91,75.63,44.84,7.22
0.245066,-44.28,-32.09,-65.90,-89.66,-99.78,-94.71,-75.22,-6.59,32.09,65.90,89.66,99.78,94.71,75.22,44.28,6.59
0.246009,-43.71,-32.69,-66.37,-89.94,-99.82,-94.51,-74.80,-5.97,32.69,66.37,89.94,99.82,94.51,74.80,43.71,5.97
0.247009,-43.15,-33.28,-66.84,-90.21,-99.86,-94.30,-74.38,-5.34,33.28,66.84,90.21,99.86,94.30,74.38,43.15,5.34
0.248009,-42.58,-33.87,-67.30,-90.48,-99.89,-94.09,-73.96,-4.71,33.87,67.30,90.48,99.89,94.09,73.96,42.58,4.71
0.249066,-42.01,-34.46,-67.76,-90.75,-99.92,-93.87,-73.54,-4.08,34.46,67.76,90.75,99.92,93.87,73.54,42.01,4.08
0.250014,-41.44,-35.05,-68.23,-91.01,-99.94,-93.65,-73.11,-3.46,35.05,68.23,91.01,99.94,93.65,73.11,41.44,3.46
0.251086,-40.86,-35.64,-68.68,-91.27,-99.96,-93.43,-72.68,-2.83,35.64,68.68,91.27,99.96,93.43,72.68,40.86,2.83
0.252008,-40.29,-36.23,-69.14,-91.52,-99.98,-93.21,-72.25,-2.20,36.23,69.14,91.52,99.98,93.21,72.25,40.29,2.20
0.253008,-39.71,-36.81,-69.59,-91.78,-99.99,-92.98,-71.81,-1.57,36.81,69.59,91.78,99.99,92.98,71.81,39.71,1.57
0.254009,-39.14,-37.40,-70.04,-92.02,-100.00,-92.74,-71.37,-0.94,37.40,70.04,92.02,100.00,92.74,71.37,39.14,0.94
0.255008,-38.56,-37.98,-70.49,-92.27,-100.00,-92.51,-70.93,-0.31,37.98,70.49,92.27,100.00,92.51,70.93,38.56,0.31
0.256009,-37.98,-38.56,-70.93,-92.51,-100.00,-92.27,-70.49,0.31,38.56,70.93,92.51,100.00,92.27,70.49,37.98,-0.31
0.257063,-37.40,-39.14,-71.37,-92.74,-100.00,-92.02,-70.04,0.94,39.14,71.37,92.74,100.00,92.02,70.04,37.40,-0.94
0.258009,-36.81,-39.71,-71.81,-92.98,-99.99,-91.78,-69.59,1.57,39.71,71.81,92.98,99.99,91.78,69.59,36.81,-1.57
0.259008,-36.23,-40.29,-72.25,-93.21,-99.98,-91.52,-69.14,2.20,40.29,72.25,93.21,99.98,91.52,69.14,36.23,-2.20
0.260010,-35.64,-40.86,-72.68,-93.43,-99.96,-91.27,-68.68,2.83,40.86,72.68,93.43,99.96,91.27,68.68,35.64,-2.83
0.261014,-35.05,-41.44,-73.11,-93.65,-99.94,-91.01,-68.23,3.46,41.44,73.11,93.65,99.94,91.01,68.23,35.05,-3.46
0.262010,-34.46,-42.01,-73.54,-93.87,-99.92,-90.75,-67.76,4.08,42.01,73.54,93.87,99.92,90.75,67.76,34.46,-4.08
0.263009,-33.87,-42.58,-73.96,-94.09,-99.89,-90.48,-67.30,4.71,42.58,73.96,94.09,99.89,90.48,67.30,33.87,-4.71
0.264010,-33.28,-43.15,-74.38,-94.30,-99.86,-90.21,-66.84,5.34,43.15,74.38,94.30,99.86,90.21,66.84,33.28,-5.34
0.265008,-32.69,-43.71,-74.80,-94.51,-99.82,-89.94,-66.37,5.97,43.71,74.80,94.51,99.82,89.94,66.37,32.69,-5.97
0.266010,-32.09,-44.28,-75.22,-94.71,-99.78,-89.66,-65.90,6.59,44.28,75.22,94.71,99.78,89.66,65.90,32.09,-6.59
0.267062,-31.50,-44.84,-75.63,-94.91,-99.74,-89.38,-65.42,7.22,44.84,75.63,94.91,99.74,89.38,65.42,31.50,-7.22
0.268009,-30.90,-45.40,-76.04,-95.11,-99.69,-89.10,-64.94,7.85,45.40,76.04,95.11,99.69,89.10,64.94,30.90,-7.85
0.269009,-30.30,-45.96,-76.45,-95.30,-99.64,-88.81,-64.47,8.47,45.96,76.45,95.30,99.64,88.81,64.47,30.30,-8.47
0.270012,-29.70,-46.52,-76.85,-95.49,-99.59,-88.52,-63.98,9.10,46.52,76.85,95.49,99.59,88.52,63.98,29.70,-9.10
0.271010,-29.10,-47.07,-77.25,-95.67,-99.53,-88.23,-63.50,9.72,47.07,77.25,95.67,99.53,88.23,63.50,29.10,-9.72
0.272156,-27.90,-48.18,-78.04,-96.03,-99.40,-87.63,-62.52,10.97,48.18,78.04,96.03,99.40,87.63,62.52,27.90,-10.97
0.273007,-27.90,-48.18,-78.04,-96.03,-99.40,-87.63,-62.52,10.97,48.18,78.04,96.03,99.40,87.63,62.52,27.90,-10.97
0.274010,-27.30,-48.72,-78.43,-96.20,-99.33,-87.33,-62.03,11.60,48.73,78.43,96.20,99.33,87.33,62.03,27.30,-11.60
0.275007,-26.69,-49.27,-78.82,-96.37,-99.25,-87.02,-61.54,12.22,49.27,78.82,96.37,99.25,87.02,61.54,26.69,-12.22
0.276008,-26.08,-49.82,-79.21,-96.54,-99.17,-86.71,-61.04,12.84,49.82,79.21,96.54,99.17,86.71,61.04,26.08,-12.84
0.277007,-25.48,-50.36,-79.59,-96.70,-99.09,-86.39,-60.54,13.47,50.36,79.59,96.70,99.09,86.39,60.54,25.48,-13.47
0.278009,-24.87,-50.90,-79.97,-96.86,-99.00,-86.07,-60.04,14.09,50.90,79.97,96.86,99.00,86.07,60.04,24.87,-14.09
0.279066,-24.26,-51.44,-80.34,-97.01,-98.91,-85.75,-59.54,14.71,51.44,80.34,97.01,98.91,85.75,59.54,24.26,-14.71
0.280011,-23.65,-51.98,-80.72,-97.16,-98.82,-85.43,-59.03,15.33,51.98,80.72,97.16,98.82,85.43,59.03,23.65,-15.33
0.281009,-23.04,-52.52,-81.09,-97.31,-98.72,-85.10,-58.52,15.95,52.52,81.09,97.31,98.72,85.10,58.52,23.04,-15.95
0.282009,-22.43,-53.05,-81.45,-97.45,-98.62,-84.77,-58.01,16.57,53.05,81.45,97.45,98.62,84.77,58.01,22.43,-16.57
0.283170,-21.20,-54.11,-82.17,-97.73,-98.40,-84.09,-56.99,17.81,54.11,82.17,97.73,98.40,84.09,56.99,21.20,-17.81
0.284011,-21.20,-54.11,-82.17,-97.73,-98.40,-84.09,-56.99,17.81,54.11,82.17,97.73,98.40,84.09,56.99,21.20,-17.81
0.285010,-20.59,-54.64,-82.53,-97.86,-98.29,-83.75,-56.47,18.43,54.64,82.53,97.86,98.29,83.75,56.47,20.59,-18.43
0.286078,-19.97,-55.69,-83.23,-98.11,-98.05,-83.06,-55.43,19.05,55.16,82.88,97.99,98.17,83.06,55.43,19.35,-19.66
0.287009,-19.35,-55.69,-83.23,-98.11,-98.05,-83.06,-55.43,19.66,55.69,83.23,98.11,98.05,83.06,55.43,19.35,-19.66
0.288010,-18.74,-56.21,-83.58,-98.23,-97.92,-82.71,-54.90,20.28,56.21,83.58,98.23,97.92,82.71,54.90,18.74,-20.28
0.289012,-18.12,-56.73,-83.92,-98.34,-97.79,-82.35,-54.38,20.89,56.73,83.92,98.34,97.79,82.35,54.38,18.12,-20.89
0.290014,-17.50,-57.24,-84.26,-98.46,-97.66,-82.00,-53.85,21.51,57.24,84.26,98.46,97.66,82.00,53.85,17.50,-21.51
0.291011,-16.88,-57.76,-84.60,-98.56,-97.52,-81.63,-53.32,22.12,57.76,84.60,98.56,97.52,81.63,53.32,16.88,-22.12
0.292010,-16.26,-58.27,-84.93,-98.67,-97.38,-81.27,-52.78,22.73,58.27,84.93,98.67,97.38,81.27,52.78,16.26,-22.73
0.293075,-15.64,-59.29,-85.59,-98.87,-97.09,-80.53,-51.71,23.96,59.29,85.59,98.87,97.09,80.53,51.71,15.02,-23.96
0.294017,-15.02,-59.29,-85.59,-98.87,-97.09,-80.53,-51.71,23.96,59.29,85.59,98.87,97.09,80.53,51.71,15.02,-23.96
0.295090,-14.40,-60.29,-86.23,-99.05,-96.78,-79.78,-50.63,25.17,60.29,86.23,99.05,96.78,79.78,50.63,13.78,-25.17
0.296009,-13.78,-60.29,-86.23,-99.05,-96.78,-79.78,-50.63,25.17,60.29,86.23,99.05,96.78,79.78,50.63,13.78,-25.17
0.297008,-13.16,-60.79,-86.55,-99.13,-96.62,-79.40,-50.09,25.78,60.79,86.55,99.13,96.62,79.40,50.09,13.16,-25.78
0.298010,-12.53,-61.29,-86.86,-99.21,-96.46,-79.02,-49.55,26.39,61.29,86.86,99.21,96.46,79.02,49.55,12.53,-26.39
0.299010,-11.91,-61.79,-87.17,-99.29,-96.29,-78.63,-49.00,26.99,61.79,87.17,99.29,96.29,78.63,49.00,11.91,-26.99
0.300010,-11.29,-62.28,-87.48,-99.36,-96.12,-78.24,-48.45,27.60,62.28,87.48,99.36,96.12,78.24,48.45,11.29,-27.60
0.301011,-10.66,-62.77,-87.78,-99.43,-95.94,-77.85,-47.90,28.20,62.77,87.78,99.43,95.94,77.85,47.90,10.66,-28.20
0.302009,-10.04,-63.26,-88.08,-99.50,-95.76,-77.45,-46.79,28.80,63.26,88.08,99.50,95.76,77.45,47.35,10.04,-28.80
0.303011,-9.41,-63.74,-88.38,-99.56,-95.58,-77.05,-46.79,29.40,63.74,88.38,99.56,95.58,77.05,46.79,9.41,-29.40
0.304064,-8.79,-64.71,-88.96,-99.67,-95.20,-76.24,-45.68,30.60,64.71,88.96,99.67,95.20,76.24,45.68,8.16,-30.60
0.305013,-8.16,-64.71,-88.96,-99.72,-95.01,-75.84,-45.12,30.60,64.71,88.96,99.67,95.20,76.24,45.68,8.16,-30.60
0.306092,-6.91,-65.66,-89.52,-99.76,-94.81,-75.43,-44.56,31.80,65.66,89.52,99.76,94.81,75.43,44.56,6.91,-31.80
0.307007,-6.91,-65.66,-89.52,-99.76,-94.81,-75.43,-43.99,31.80,65.66,89.52,99.76,94.81,75.43,44.56,6.91,-31.80
0.308008,-6.28,-66.13,-90.08,-99.84,-94.40,-74.59,-43.43,32.39,66.13,89.80,99.80,94.61,75.01,43.99,6.28,-32.39
0.309009,-5.65,-67.07,-90.35,-99.87,-94.19,-74.17,-42.86,32.99,66.60,90.08,99.84,94.40,74.59,43.43,5.65,-32.99
0.310011,-5.02,-67.53,-90.62,-99.90,-93.98,-73.75,-42.29,33.58,67.07,90.35,99.87,94.19,74.17,42.86,4.40,-34.17
0.311010,-4.40,-68.00,-90.88,-99.93,-93.76,-73.33,-41.72,34.17,67.53,90.62,99.90,93.98,73.75,42.29,3.77,-34.76
0.312009,-3.77,-68.45,-91.14,-99.95,-93.54,-72.90,-41.15,34.76,68.00,90.88,99.93,93.76,73.33,41.15,3.14,-35.35
0.313009,-3.14,-68.91,-91.40,-99.97,-93.32,-72.47,-40.58,35.35,68.45,91.14,99.95,93.54,72.47,40.58,2.51,-35.93
0.314009,-2.51,-69.37,-91.65,-99.98,-93.09,-72.03,-40.00,35.93,68.91,91.40,99.97,93.09,72.03,40.00,1.88,-36.52
0.315008,-1.88,-69.82,-91.90,-99.99,-92.86,-71.59,-39.43,36.52,69.37,91.65,99.99,92.86,71.59,39.43,1.26,-37.10
0.316012,-1.26,-70.27,-92.15,-100.00,-92.63,-71.15,-38.85,37.69,70.26,92.15,100.00,92.63,71.15,38.85,0.63,-37.69
0.317012,-0.63,-70.71,-92.39,-100.00,-92.39,-70.71,-38.27,38.27,70.71,92.39,100.00,92.39,70.71,38.27,-0.00,-38.27
0.318024,0.00,-71.15,-92.63,-100.00,-92.15,-70.26,-37.69,38.85,71.15,92.63,100.00,92.15,70.26,37.69,-0.63,-38.85
0.319009,0.63,-71.59,-92.86,-99.99,-91.90,-69.82,-37.10,39.43,71.59,92.86,99.99,91.90,69.82,37.10,-1.26,-39.43
0.320083,1.88,-72.03,-93.09,-99.98,-91.65,-69.37,-36.52,40.00,72.03,93.09,99.98,91.65,69.37,36.52,-1.88,-40.00
0.321009,1.88,-72.47,-93.32,-99.97,-91.40,-68.91,-35.93,40.58,72.47,93.32,99.97,91.40,68.91,35.93,-2.51,-40.58
0.322010,2.51,-72.90,-93.54,-99.95,-91.14,-68.45,-35.35,41.15,72.90,93.54,99.95,91.14,68.45,35.35,-3.14,-41.15
0.323011,3.14,-73.33,-93.76,-99.93,-90.88,-68.00,-34.76,41.72,73.33,93.76,99.93,90.88,68.00,34.76,-3.77,-41.72
0.324010,3.77,-73.75,-93.98,-99.90,-90.62,-67.53,-34.17,42.29,73.75,93.98,99.90,90.62,67.53,34.17,-4.40,-42.29
0.325011,4.40,-74.17,-94.19,-99.87,-90.35,-67.07,-33.58,42.86,74.17,94.19,99.87,90.35,67.07,33.58,-5.02,-42.86
0.326012,5.02,-74.59,-94.40,-99.84,-90.08,-66.60,-32.99,43.43,74.59,94.40,99.84,90.08,66.60,32.99,-5.65,-43.43
0.327012,6.28,-75.01,-94.61,-99.80,-89.80,-66.13,-32.39,43.99,75.01,94.61,99.80,89.80,66.13,32.39,-6.28,-43.99
0.328009,6.28,-75.43,-94.81,-99.76,-89.52,-65.66,-31.80,44.56,75.43,94.81,99.76,89.52,65.66,31.80,-6.91,-44.56
0.329008,6.91,-75.84,-95.01,-99.72,-89.24,-65.18,-31.20,45.12,75.84,95.01,99.72,89.24,65.18,31.20,-7.53,-45.12
0.330092,8.16,-76.24,-95.20,-99.67,-88.96,-64.71,-30.60,45.68,76.24,95.20,99.67,88.96,64.71,30.60,-8.16,-45.68
0.331008,8.16,-76.65,-95.39,-99.61,-88.67,-64.23,-30.00,46.24,76.65,95.39,99.61,88.67,64.23,30.00,-8.79,-46.24
0.332009,9.41,-77.05,-95.58,-99.56,-88.38,-63.74,-29.40,46.79,77.05,95.58,99.56,88.38,63.74,29.40,-9.41,-46.79
0.333019,10.04,-77.45,-95.76,-99.50,-88.08,-63.26,-28.80,47.35,77.45,95.76,99.50,88.08,63.26,28.80,-10.04,-47.35
0.334009,10.66,-77.85,-95.94,-99.43,-87.78,-62.77,-28.20,47.90,77.85,95.94,99.43,87.78,62.77,28.20,-10.66,-47.90
0.335061,11.29,-78.24,-96.12,-99.36,-87.48,-62.28,-27.60,48.45,78.24,96.12,99.36,87.48,62.28,27.60,-11.29,-48.45
0.336008,11.91,-78.63,-96.29,-99.29,-87.17,-61.79,-26.99,49.00,78.63,96.29,99.29,87.17,61.79,26.99,-11.91,-49.00
0.337008,12.53,-79.02,-96.46,-99.21,-86.86,-61.29,-26.39,49.55,79.02,96.46,99.21,86.86,61.29,26.39,-12.53,-49.55
0.338154,13.16,-79.40,-96.62,-99.13,-86.55,-60.79,-25.78,50.09,79.40,96.62,99.13,86.55,60.79,25.78,-13.16,-50.09
0.339008,13.78,-79.78,-96.78,-99.05,-86.23,-60.29,-25.17,50.63,79.78,96.78,99.05,86.23,60.29,25.17,-13.78,-50.63
0.340010,14.40,-80.16,-96.94,-98.96,-85.91,-59.79,-24.56,51.17,80.16,96.94,98.96,85.91,59.79,24.56,-14.40,-51.17
0.341011,15.02,-80.53,-97.09,-98.87,-85.59,-59.29,-23.96,51.71,80.53,97.09,98.87,85.59,59.29,23.96,-15.02,-51.71
0.342094,15.64,-80.90,-97.24,-98.77,-85.26,-58.78,-23.34,52.25,80.90,97.24,98.77,85.26,58.78,23.34,-15.64,-52.25
0.343008,16.26,-81.27,-97.38,-98.67,-84.93,-58.27,-22.73,52.78,81.27,97.38,98.67,84.93,58.27,22.73,-16.26,-52.78
0.344010,16.88,-81.63,-97.52,-98.56,-84.60,-57.76,-22.12,53.32,81.63,97.52,98.56,84.60,57.76,22.12,-16.88,-53.32
0.345074,17.50,-82.00,-97.66,-98.46,-84.26,-57.24,-21.51,53.85,82.00,97.66,98.46,84.26,57.24,21.51,-17.50,-53.85
0.346010,18.12,-82.35,-97.79,-98.34,-83.92,-56.73,-20.89,54.38,82.35,97.79,98.34,83.92,56.73,20.89,-18.12,-54.38
0.347010,18.74,-82.71,-97.92,-98.23,-83.58,-56.21,-20.28,54.90,82.71,97.92,98.23,83.58,56.21,20.28,-18.74,-54.90
0.348012,19.35,-83.06,-98.05,-98.11,-83.23,-55.69,-19.66,55.43,83.06,98.05,98.11,83.23,55.69,19.66,-19.35,-55.43
0.349013,19.97,-83.41,-98.17,-97.99,-82.88,-55.16,-19.05,55.95,83.41,98.17,97.99,82.88,55.16,19.05,-19.97,-55.95
0.350010,20.59,-83.75,-98.29,-97.86,-82.53,-54.64,-18.43,56.47,83.75,98.29,97.86,82.53,54.64,18.43,-20.59,-56.47
0.351008,21.20,-84.09,-98.40,-97.73,-82.17,-54.11,-17.81,56.99,84.09,98.40,97.73,82.17,54.11,17.81,-21.20,-56.99
0.352079,21.81,-84.43,-98.51,-97.59,-81.81,-53.58,-17.19,57.50,84.43,98.51,97.59,81.81,53.58,17.19,-21.81,-57.50
0.353012,22.43,-84.77,-98.62,-97.45,-81.45,-53.05,-16.57,58.01,84.77,98.62,97.45,81.45,53.05,16.57,-22.43,-58.01
0.354010,23.04,-85.10,-98.72,-97.31,-81.09,-52.52,-15.95,58.52,85.10,98.72,97.31,81.09,52.52,15.95,-23.04,-58.52
0.355008,23.65,-85.43,-98.82,-97.16,-80.72,-51.98,-15.33,59.03,85.43,98.82,97.16,80.72,51.98,15.33,-23.65,-59.03
0.356007,24.26,-85.75,-98.91,-97.01,-80.34,-51.44,-14.71,59.54,85.75,98.91,97.01,80.34,51.44,14.71,-24.26,-59.54
0.357009,24.87,-86.07,-99.00,-96.86,-79.97,-50.90,-14.09,60.04,86.07,99.00,96.86,79.97,50.90,14.09,-24.87,-60.04
0.358008,25.48,-86.39,-99.09,-96.70,-79.59,-50.36,-13.47,60.54,86.39,99.09,96.70,79.59,50.36,13.47,-25.48,-60.54
0.359077,26.08,-86.71,-99.17,-96.54,-79.21,-49.82,-12.84,61.04,86.71,99.17,96.54,79.21,49.82,12.84,-26.08,-61.04
0.360013,26.69,-87.02,-99.25,-96.37,-78.82,-49.27,-12.22,61.54,87.02,99.25,96.37,78.82,49.27,12.22,-26.69,-61.54
0.361009,27.30,-87.33,-99.33,-96.20,-78.43,-48.72,-11.60,62.03,87.33,99.33,96.20,78.43,48.73,11.60,-27.30,-62.03
0.362012,27.90,-87.63,-99.40,-96.03,-78.04,-48.18,-10.97,62.52,87.63,99.40,96.03,78.04,48.18,10.97,-27.90,-62.52
0.363013,28.50,-87.93,-99.46,-95.85,-77.65,-47.62,-10.35,63.01,87.93,99.46,95.85,77.65,47.62,10.35,-28.50,-63.01
0.364072,29.10,-88.23,-99.53,-95.67,-77.25,-47.07,-9.72,63.50,88.23,99.53,95.67,77.25,47.07,9.72,-29.10,-63.50
0.365010,29.70,-88.52,-99.59,-95.49,-76.85,-46.52,-9.10,63.98,88.52,99.59,95.49,76.85,46.52,9.10,-29.70,-63.98
0.366010,30.30,-88.81,-99.64,-95.30,-76.45,-45.96,-8.47,64.47,88.81,99.64,95.30,76.45,45.96,8.47,-30.30,-64.47
0.367010,30.90,-89.10,-99.69,-95.11,-76.04,-45.40,-7.85,64.94,89.10,99.69,95.11,76.04,45.40,7.85,-30.90,-64.94
0.368009,31.50,-89.38,-99.74,-94.91,-75.63,-44.84,-7.22,65.42,89.38,99.74,94.91,75.63,44.84,7.22,-31.50,-65.42
0.369010,32.09,-89.66,-99.78,-94.71,-75.22,-44.28,-6.59,65.90,89.66,99.78,94.71,75.22,44.28,6.59,-32.09,-65.90
0.370010,32.69,-89.94,-99.82,-94.51,-74.80,-43.71,-5.97,66.37,89.94,99.82,94.51,74.80,43.71,5.97,-32.69,-66.37
0.371013,33.28,-90.21,-99.86,-94.30,-74.38,-43.15,-5.34,66.84,90.21,99.86,94.30,74.38,43.15,5.34,-33.28,-66.84
0.372011,33.87,-90.48,-99.89,-94.09,-73.96,-42.58,-4.71,67.30,90.48,99.89,94.09,73.96,42.58,4.71,-33.87,-67.30
0.373011,34.46,-90.75,-99.92,-93.87,-73.54,-42.01,-4.08,67.76,90.75,99.92,93.87,73.54,42.01,4.08,-34.46,-67.76
0.374010,35.05,-91.01,-99.94,-93.65,-73.11,-41.44,-3.46,68.23,91.01,99.94,93.65,73.11,41.44,3.46,-35.05,-68.23
0.375011,35.64,-91.27,-99.96,-93.43,-72.68,-40.86,-2.83,68.68,91.27,99.96,93.43,72.68,40.86,2.83,-35.64,-68.68
0.376010,36.23,-91.52,-99.98,-93.21,-72.25,-40.29,-2.20,69.14,91.52,99.98,93.21,72.25,40.29,2.20,-36.23,-69.14
0.377063,36.81,-91.78,-99.99,-92.98,-71.81,-39.71,-1.57,69.59,91.78,99.99,92.98,71.81,39.71,1.57,-36.81,-69.59
0.378009,37.40,-92.02,-100.00,-92.74,-71.37,-39.14,-0.94,70.04,92.02,100.00,92.74,71.37,39.14,0.94,-37.40,-70.04
0.379011,37.98,-92.27,-100.00,-92.51,-70.93,-38.56,-0.31,70.49,92.27,100.00,92.51,70.93,38.56,0.31,-37.98,-70.49
0.380010,38.56,-92.51,-100.00,-92.27,-70.49,-37.98,0.31,70.93,92.51,100.00,92.27,70.49,37.98,-0.31,-38.56,-70.93
0.381013,39.14,-92.74,-100.00,-92.02,-70.04,-37.40,0.94,71.37,92.74,100.00,92.02,70.04,37.40,-0.94,-39.14,-71.37
0.382015,39.71,-92.98,-99.99,-91.78,-69.59,-36.81,1.57,71.81,92.98,99.99,91.78,69.59,36.81,-1.57,-39.71,-71.81
0.383008,40.29,-93.21,-99.98,-91.52,-69.14,-36.23,2.20,72.25,93.21,99.98,91.52,69.14,36.23,-2.20,-40.29,-72.25
0.384009,40.86,-93.43,-99.96,-91.27,-68.68,-35.64,2.83,72.68,93.43,99.96,91.27,68.68,35.64,-2.83,-40.86,-72.68
0.385078,41.44,-93.65,-99.94,-91.01,-68.23,-35.05,3.46,73.11,93.65,99.94,91.01,68.23,35.05,-3.46,-41.44,-73.11
0.386011,42.01,-93.87,-99.92,-90.75,-67.76,-34.46,4.08,73.54,93.87,99.92,90.75,67.76,34.46,-4.08,-42.01,-73.54
0.387012,42.58,-94.09,-99.89,-90.48,-67.30,-33.87,4.71,73.96,94.09,99.89,90.48,67.30,33.87,-4.71,-42.58,-73.96
0.388062,43.15,-94.30,-99.86,-90.21,-66.84,-33.28,5.34,74.38,94.30,99.86,90.21,66.84,33.28,-5.34,-43.15,-74.38
0.389010,43.71,-94.51,-99.82,-89.94,-66.37,-32.69,5.97,74.80,94.51,99.82,89.94,66.37,32.69,-5.97,-43.71,-74.80
0.390010,44.28,-94.71,-99.78,-89.66,-65.90,-32.09,6.59,75.22,94.71,99.78,89.66,65.90,32.09,-6.59,-44.28,-75.22
0.391078,44.84,-94.91,-99.74,-89.38,-65.42,-31.50,7.22,75.63,94.91,99.74,89.38,65.42,31.50,-7.22,-44.84,-75.63
0.392010,45.40,-95.11,-99.69,-89.10,-64.94,-30.90,7.85,76.04,95.11,99.69,89.10,64.94,30.90,-7.85,-45.40,-76.04
0.393016,45.96,-95.30,-99.64,-88.81,-64.47,-30.30,8.47,76.45,95.30,99.64,88.81,64.47,30.30,-8.47,-45.96,-76.45
0.394013,46.52,-95.49,-99.59,-88.52,-63.98,-29.70,9.10,76.85,95.49,99.59,88.52,63.98,29.70,-9.10,-46.52,-76.85
0.395011,47.07,-95.67,-99.53,-88.23,-63.50,-29.10,9.72,77.25,95.67,99.53,88.23,63.50,29.10,-9.72,-47.07,-77.25
0.396009,47.62,-95.85,-99.46,-87.93,-63.01,-28.50,10.35,77.65,95.85,99.46,87.93,63.01,28.50,-10.35,-47.62,-77.65
0.397010,48.18,-96.03,-99.40,-87.63,-62.52,-27.90,10.97,78.04,96.03,99.40,87.63,62.52,27.90,-10.97,-48.18,-78.04
0.398074,48.73,-96.20,-99.33,-87.33,-62.03,-27.30,11.60,78.43,96.20,99.33,87.33,62.03,27.30,-11.60,-48.73,-78.43
0.399012,49.27,-96.37,-99.25,-87.02,-61.54,-26.69,12.22,78.82,96.37,99.25,87.02,61.54,26.69,-12.22,-49.27,-78.82
0.400010,49.82,-96.54,-99.17,-86.71,-61.04,-26.08,12.84,79.21,96.54,99.17,86.71,61.04,26.08,-12.84,-49.82,-79.21
0.401080,50.36,-96.70,-99.09,-86.39,-60.54,-25.48,13.47,79.59,96.70,99.09,86.39,60.54,25.48,-13.47,-50.36,-79.59
0.402012,50.90,-96.86,-99.00,-86.07,-60.04,-24.87,14.09,79.97,96.86,99.00,86.07,60.04,24.87,-14.09,-50.90,-79.97
0.403010,51.44,-97.01,-98.91,-85.75,-59.54,-24.26,14.71,80.34,97.01,98.91,85.75,59.54,24.26,-14.71,-51.44,-80.34
0.404013,51.98,-97.16,-98.82,-85.43,-59.03,-23.65,15.33,80.72,97.16,98.82,85.43,59.03,23.65,-15.33,-51.98,-80.72
0.405010,52.52,-97.31,-98.72,-85.10,-58.52,-23.04,15.95,81.09,97.31,98.72,85.10,58.52,23.04,-15.95,-52.52,-81.09
0.406010,53.05,-97.45,-98.62,-84.77,-58.01,-22.43,16.57,81.45,97.45,98.62,84.77,58.01,22.43,-16.57,-53.05,-81.45
0.407010,53.58,-97.59,-98.51,-84.43,-57.50,-21.81,17.19,81.81,97.59,98.51,84.43,57.50,21.81,-17.19,-53.58,-81.81
0.408011,54.11,-97.73,-98.40,-84.09,-56.99,-21.20,17.81,82.17,97.73,98.40,84.09,56.99,21.20,-17.81,-54.11,-82.17
0.409079,54.64,-97.86,-98.29,-83.75,-56.47,-20.59,18.43,82.53,97.86,98.29,83.75,56.47,20.59,-18.43,-54.64,-82.53
0.410011,55.16,-97.99,-98.17,-83.41,-55.95,-19.97,19.05,82.88,97.99,98.17,83.41,55.95,19.97,-19.05,-55.16,-82.88
0.411012,55.69,-98.11,-98.05,-83.06,-55.43,-19.35,19.66,83.23,98.11,98.05,83.06,55.43,19.35,-19.66,-55.69,-83.23
0.412009,56.21,-98.23,-97.92,-82.71,-54.90,-18.74,20.28,83.58,98.23,97.92,82.71,54.90,18.74,-20.28,-56.21,-83.58
0.413010,56.73,-98.34,-97.79,-82.35,-54.38,-18.12,20.89,83.92,98.34,97.79,82.35,54.38,18.12,-20.89,-56.73,-83.92
0.414010,57.24,-98.46,-97.66,-82.00,-53.85,-17.50,21.51,84.26,98.46,97.66,82.00,53.85,17.50,-21.51,-57.24,-84.26
0.415164,57.76,-98.56,-97.52,-81.63,-53.32,-16.88,22.12,84.60,98.56,97.52,81.63,53.32,16.88,-22.12,-57.76,-84.60
0.416009,58.27,-98.67,-97.38,-81.27,-52.78,-16.26,22.73,84.93,98.67,97.38,81.27,52.78,16.26,-22.73,-58.27,-84.93
0.417010,58.78,-98.77,-97.24,-80.90,-52.25,-15.64,23.34,85.26,98.77,97.24,80.90,52.25,15.64,-23.34,-58.78,-85.26
0.418009,59.29,-98.87,-97.09,-80.53,-51.71,-15.02,23.96,85.59,98.87,97.09,80.53,51.71,15.02,-23.96,-59.29,-85.59
0.419010,59.79,-98.96,-96.94,-80.16,-51.17,-14.40,24.56,85.91,98.96,96.94,80.16,51.17,14.40,-24.56,-59.79,-85.91
0.420098,60.29,-99.05,-96.78,-79.78,-50.63,-13.78,25.17,86.23,99.05,96.78,79.78,50.63,13.78,-25.17,-60.29,-86.23
0.421008,60.79,-99.13,-96.62,-79.40,-50.09,-13.16,25.78,86.55,99.13,96.62,79.40,50.09,13.16,-25.78,-60.79,-86.55
0.422009,61.29,-99.21,-96.46,-79.02,-49.55,-12.53,26.39,86.86,99.21,96.46,79.02,49.55,12.53,-26.39,-61.29,-86.86
0.423024,61.79,-99.29,-96.29,-78.63,-49.00,-11.91,26.99,87.17,99.29,96.29,78.63,49.00,11.91,-26.99,-61.79,-87.17
0.424010,62.28,-99.36,-96.12,-78.24,-48.45,-11.29,27.60,87.48,99.36,96.12,78.24,48.45,11.29,-27.60,-62.28,-87.48
0.425010,62.77,-99.43,-95.94,-77.85,-47.90,-10.66,28.20,87.78,99.43,95.94,77.85,47.90,10.66,-28.20,-62.77,-87.78
0.426173,63.26,-99.50,-95.76,-77.45,-47.35,-10.04,28.80,88.08,99.50,95.76,77.45,47.35,10.04,-28.80,-63.26,-88.08
0.427008,63.74,-99.56,-95.58,-77.05,-46.79,-9.41,29.40,88.38,99.56,95.58,77.05,46.79,9.41,-29.40,-63.74,-88.38
0.428009,64.23,-99.61,-95.39,-76.65,-46.24,-8.79,30.00,88.67,99.61,95.39,76.65,46.24,8.79,-30.00,-64.23,-88.67
0.429077,64.71,-99.67,-95.20,-76.24,-45.68,-8.16,30.60,88.96,99.67,95.20,76.24,45.68,8.16,-30.60,-64.71,-88.96
0.430012,65.18,-99.72,-95.01,-75.84,-45.12,-7.53,31.20,89.24,99.72,95.01,75.84,45.12,7.53,-31.20,-65.18,-89.24
0.431010,65.66,-99.76,-94.81,-75.43,-44.56,-6.91,31.80,89.52,99.76,94.81,75.43,44.56,6.91,-31.80,-65.66,-89.52
0.432011,66.13,-99.80,-94.61,-75.01,-43.99,-6.28,32.39,89.80,99.80,94.61,75.01,43.99,6.28,-32.39,-66.13,-89.80
0.433072,66.60,-99.84,-94.40,-74.59,-43.43,-5.65,32.99,90.08,99.84,94.40,74.59,43.43,5.65,-32.99,-66.60,-90.08
0.434007,67.07,-99.87,-94.19,-74.17,-42.86,-5.02,33.58,90.35,99.87,94.19,74.17,42.86,5.02,-33.58,-67.07,-90.35
0.435012,67.53,-99.90,-93.98,-73.75,-42.29,-4.40,34.17,90.62,99.90,93.98,73.75,42.29,4.40,-34.17,-67.53,-90.62
0.436010,68.00,-99.93,-93.76,-73.33,-41.72,-3.77,34.76,90.88,99.93,93.76,73.33,41.72,3.77,-34.76,-68.00,-90.88
0.437152,68.45,-99.95,-93.54,-72.90,-41.15,-3.14,35.35,91.14,99.95,93.54,72.90,41.15,3.14,-35.35,-68.45,-91.14
0.438008,68.91,-99.97,-93.32,-72.47,-40.58,-2.51,35.93,91.40,99.97,93.32,72.47,40.58,2.51,-35.93,-68.91,-91.40
0.439008,69.37,-99.98,-93.09,-72.03,-40.00,-1.88,36.52,91.65,99.98,93.09,72.03,40.00,1.88,-36.52,-69.37,-91.65
0.440009,69.82,-99.99,-92.86,-71.59,-39.43,-1.26,37.10,91.90,99.99,92.86,71.59,39.43,1.26,-37.10,-69.82,-91.90
0.441068,70.26,-100.00,-92.63,-71.15,-38.85,-0.63,37.69,92.15,100.00,92.63,71.15,38.85,0.63,-37.69,-70.26,-92.15
0.442012,70.71,-100.00,-92.39,-70.71,-38.27,0.00,38.27,92.39,100.00,92.39,70.71,38.27,-0.00,-38.27,-70.71,-92.39
0.443007,71.15,-100.00,-92.15,-70.26,-37.69,0.63,38.85,92.63,100.00,92.15,70.26,37.69,-0.63,-38.85,-71.15,-92.63
0.444011,71.59,-99.99,-91.90,-69.82,-37.10,1.26,39.43,92.86,99.99,91.90,69.82,37.10,-1.26,-39.43,-71.59,-92.86
0.445073,72.03,-99.98,-91.65,-69.37,-36.52,1.88,40.00,93.09,99.98,91.65,69.37,36.52,-1.88,-40.00,-72.03,-93.09
0.446007,72.47,-99.97,-91.40,-68.91,-35.93,2.51,40.58,93.32,99.97,91.40,68.91,35.93,-2.51,-40.58,-72.47,-93.32
0.447010,72.90,-99.95,-91.14,-68.45,-35.35,3.14,41.15,93.54,99.95,91.14,68.45,35.35,-3.14,-41.15,-72.90,-93.54
0.448173,73.33,-99.93,-90.88,-68.00,-34.76,3.77,41.72,93.76,99.93,90.88,68.00,34.76,-3.77,-41.72,-73.33,-93.76
0.449009,73.75,-99.90,-90.62,-67.53,-34.17,4.40,42.29,93.98,99.90,90.62,67.53,34.17,-4.40,-42.29,-73.75,-93.98
0.450011,74.17,-99.87,-90.35,-67.07,-33.58,5.02,42.86,94.19,99.87,90.35,67.07,33.58,-5.02,-42.86,-74.17,-94.19
0.451013,74.59,-99.84,-90.08,-66.60,-32.99,5.65,43.43,94.40,99.84,90.08,66.60,32.99,-5.65,-43.43,-74.59,-94.40
0.452020,75.01,-99.80,-89.80,-66.13,-32.39,6.28,43.99,94.61,99.80,89.80,66.13,32.39,-6.28,-43.99,-75.01,-94.61
0.453009,75.43,-99.76,-89.52,-65.66,-31.80,6.91,44.56,94.81,99.76,89.52,65.66,31.80,-6.91,-44.56,-75.43,-94.81
0.454009,75.84,-99.72,-89.24,-65.18,-31.20,7.53,45.12,95.01,99.72,89.24,65.18,31.20,-7.53,-45.12,-75.84,-95.01
0.455012,76.24,-99.67,-88.96,-64.71,-30.60,8.16,45.68,95.20,99.67,88.96,64.71,30.60,-8.16,-45.68,-76.24,-95.20
0.456010,76.65,-99.61,-88.67,-64.23,-30.00,8.79,46.24,95.39,99.61,88.67,64.23,30.00,-8.79,-46.24,-76.65,-95.39
0.457010,77.05,-99.56,-88.38,-63.74,-29.40,9.41,46.79,95.58,99.56,88.38,63.74,29.40,-9.41,-46.79,-77.05,-95.58
0.458070,77.45,-99.50,-88.08,-63.26,-28.80,10.04,47.35,95.76,99.50,88.08,63.26,28.80,-10.04,-47.35,-77.45,-95.76
0.459015,77.85,-99.43,-87.78,-62.77,-28.20,10.66,47.90,95.94,99.43,87.78,62.77,28.20,-10.66,-47.90,-77.85,-95.94
0.460014,78.24,-99.36,-87.48,-62.28,-27.60,11.29,48.45,96.12,99.36,87.48,62.28,27.60,-11.29,-48.45,-78.24,-96.12
0.461011,78.63,-99.29,-87.17,-61.79,-26.99,11.91,49.00,96.29,99.29,87.17,61.79,26.99,-11.91,-49.00,-78.63,-96.29
0.462009,79.02,-99.21,-86.86,-61.29,-26.39,12.53,49.55,96.46,99.21,86.86,61.29,26.39,-12.53,-49.55,-79.02,-96.46
0.463009,79.40,-99.13,-86.55,-60.79,-25.78,13.16,50.09,96.62,99.13,86.55,60.79,25.78,-13.16,-50.09,-79.40,-96.62
0.464063,79.78,-99.05,-86.23,-60.29,-25.17,13.78,50.63,96.78,99.05,86.23,60.29,25.17,-13.78,-50.63,-79.78,-96.78
0.465008,80.16,-98.96,-85.91,-59.79,-24.56,14.40,51.17,96.94,98.96,85.91,59.79,24.56,-14.40,-51.17,-80.16,-96.94
0.466010,80.53,-98.87,-85.59,-59.29,-23.96,15.02,51.71,97.09,98.87,85.59,59.29,23.96,-15.02,-51.71,-80.53,-97.09
0.467010,80.90,-98.77,-85.26,-58.78,-23.34,15.64,52.25,97.24,98.77,85.26,58.78,23.34,-15.64,-52.25,-80.90,-97.24
0.468063,81.27,-98.67,-84.93,-58.27,-22.73,16.26,52.78,97.38,98.67,84.93,58.27,22.73,-16.26,-52.78,-81.27,-97.38
0.469011,81.63,-98.56,-84.60,-57.76,-22.12,16.88,53.32,97.52,98.56,84.60,57.76,22.12,-16.88,-53.32,-81.63,-97.52
0.470016,82.00,-98.46,-84.26,-57.24,-21.51,17.50,53.85,97.66,98.46,84.26,57.24,21.51,-17.50,-53.85,-82.00,-97.66
0.471011,82.35,-98.34,-83.92,-56.73,-20.89,18.12,54.38,97.79,98.34,83.92,56.73,20.89,-18.12,-54.38,-82.35,-97.79
0.472010,82.71,-98.23,-83.58,-56.21,-20.28,18.74,54.90,97.92,98.23,83.58,56.21,20.28,-18.74,-54.90,-82.71,-97.92
0.473010,83.06,-98.11,-83.23,-55.69,-19.66,19.35,55.43,98.05,98.11,83.23,55.69,19.66,-19.35,-55.43,-83.06,-98.05
0.474074,83.41,-97.99,-82.88,-55.16,-19.05,19.97,55.95,98.17,97.99,82.88,55.16,19.05,-19.97,-55.95,-83.41,-98.17
0.475011,83.75,-97.86,-82.53,-54.64,-18.43,20.59,56.47,98.29,97.86,82.53,54.64,18.43,-20.59,-56.47,-83.75,-98.29
0.476013,84.09,-97.73,-82.17,-54.11,-17.81,21.20,56.99,98.40,97.73,82.17,54.11,17.81,-21.20,-56.99,-84.09,-98.40
0.477008,84.43,-97.59,-81.81,-53.58,-17.19,21.81,57.50,98.51,97.59,81.81,53.58,17.19,-21.81,-57.50,-84.43,-98.51
0.478008,84.77,-97.45,-81.45,-53.05,-16.57,22.43,58.01,98.62,97.45,81.45,53.05,16.57,-22.43,-58.01,-84.77,-98.62
0.479077,85.10,-97.31,-81.09,-52.52,-15.95,23.04,58.52,98.72,97.31,81.09,52.52,15.95,-23.04,-58.52,-85.10,-98.72
0.480012,85.43,-97.16,-80.72,-51.98,-15.33,23.65,59.03,98.82,97.16,80.72,51.98,15.33,-23.65,-59.03,-85.43,-98.82
0.481013,85.75,-97.01,-80.34,-51.44,-14.71,24.26,59.54,98.91,97.01,80.34,51.44,14.71,-24.26,-59.54,-85.75,-98.91
0.482012,86.07,-96.86,-79.97,-50.90,-14.09,24.87,60.04,99.00,96.86,79.97,50.90,14.09,-24.87,-60.04,-86.07,-99.00
0.483008,86.39,-96.70,-79.59,-50.36,-13.47,25.48,60.54,99.09,96.70,79.59,50.36,13.47,-25.48,-60.54,-86.39,-99.09
0.484079,86.71,-96.54,-79.21,-49.82,-12.84,26.08,61.04,99.17,96.54,79.21,49.82,12.84,-26.08,-61.04,-86.71,-99.17
0.485011,87.02,-96.37,-78.82,-49.27,-12.22,26.69,61.54,99.25,96.37,78.82,49.27,12.22,-26.69,-61.54,-87.02,-99.25
0.486010,87.33,-96.20,-78.43,-48.73,-11.60,27.30,62.03,99.33,96.20,78.43,48.73,11.60,-27.30,-62.03,-87.33,-99.33
0.487011,87.63,-96.03,-78.04,-48.18,-10.97,27.90,62.52,99.40,96.03,78.04,48.18,10.97,-27.90,-62.52,-87.63,-99.40
0.488066,87.93,-95.85,-77.65,-47.62,-10.35,28.50,63.01,99.46,95.85,77.65,47.62,10.35,-28.50,-63.01,-87.93,-99.46
0.489010,88.23,-95.67,-77.25,-47.07,-9.72,29.10,63.50,99.53,95.67,77.25,47.07,9.72,-29.10,-63.50,-88.23,-99.53
0.490011,88.52,-95.49,-76.85,-46.52,-9.10,29.70,63.98,99.59,95.49,76.85,46.52,9.10,-29.70,-63.98,-88.52,-99.59
0.491010,88.81,-95.30,-76.45,-45.96,-8.47,30.30,64.47,99.64,95.30,76.45,45.96,8.47,-30.30,-64.47,-88.81,-99.64
0.492013,89.10,-95.11,-76.04,-45.40,-7.85,30.90,64.94,99.69,95.11,76.04,45.40,7.85,-30.90,-64.94,-89.10,-99.69
0.493010,89.38,-94.91,-75.63,-44.84,-7.22,31.50,65.42,99.74,94.91,75.63,44.84,7.22,-31.50,-65.42,-89.38,-99.74
0.494010,89.66,-94.71,-75.22,-44.28,-6.59,32.09,65.90,99.78,94.71,75.22,44.28,6.59,-32.09,-65.90,-89.66,-99.78
0.495078,89.94,-94.51,-74.80,-43.71,-5.97,32.69,66.37,99.82,94.51,74.80,43.71,5.97,-32.69,-66.37,-89.94,-99.82
0.496012,90.21,-94.30,-74.38,-43.15,-5.34,33.28,66.84,99.86,94.30,74.38,43.15,5.34,-33.28,-66.84,-90.21,-99.86
0.497012,90.48,-94.09,-73.96,-42.58,-4.71,33.87,67.30,99.89,94.09,73.96,42.58,4.71,-33.87,-67.30,-90.48,-99.89
0.498075,90.75,-93.87,-73.54,-42.01,-4.08,34.46,67.76,99.92,93.87,73.54,42.01,4.08,-34.46,-67.76,-90.75,-99.92
0.499012,91.01,-93.65,-73.11,-41.44,-3.46,35.05,68.23,99.94,93.65,73.11,41.44,3.46,-35.05,-68.23,-91.01,-99.94
0.500011,91.27,-93.43,-72.68,-40.86,-2.83,35.64,68.68,99.96,93.43,72.68,40.86,2.83,-35.64,-68.68,-91.27,-99.96
0.501012,91.52,-93.21,-72.25,-40.29,-2.20,36.23,69.14,99.98,93.21,72.25,40.29,2.20,-36.23,-69.14,-91.52,-99.98
0.502011,91.78,-92.98,-71.81,-39.71,-1.57,36.81,69.59,99.99,92.98,71.81,39.71,1.57,-36.81,-69.59,-91.78,-99.99
0.503015,92.02,-92.74,-71.37,-39.14,-0.94,37.40,70.04,100.00,92.74,71.37,39.14,0.94,-37.40,-70.04,-92.02,-100.00
0.504011,92.27,-92.51,-70.93,-38.56,-0.31,37.98,70.49,100.00,92.51,70.93,38.56,0.31,-37.98,-70.49,-92.27,-100.00
0.505009,92.51,-92.27,-70.49,-37.98,0.31,38.56,70.93,100.00,92.27,70.49,37.98,-0.31,-38.56,-70.93,-92.51,-100.00
0.506067,92.74,-92.02,-70.04,-37.40,0.94,39.14,71.37,100.00,92.02,70.04,37.40,-0.94,-39.14,-71.37,-92.74,-100.00
0.507011,92.98,-91.78,-69.59,-36.81,1.57,39.71,71.81,99.99,91.78,69.59,36.81,-1.57,-39.71,-71.81,-92.98,-99.99
0.508011,93.21,-91.52,-69.14,-36.23,2.20,40.29,72.25,99.98,91.52,69.14,36.23,-2.20,-40.29,-72.25,-93.21,-99.98
0.509011,93.43,-91.27,-68.68,-35.64,2.83,40.86,72.68,99.96,91.27,68.68,35.64,-2.83,-40.86,-72.68,-93.43,-99.96
0.510012,93.65,-91.01,-68.23,-35.05,3.46,41.44,73.11,99.94,91.01,68.23,35.05,-3.46,-41.44,-73.11,-93.65,-99.94
0.511079,93.87,-90.75,-67.76,-34.46,4.08,42.01,73.54,99.92,90.75,67.76,34.46,-4.08,-42.01,-73.54,-93.87,-99.92
0.512011,94.09,-90.48,-67.30,-33.87,4.71,42.58,73.96,99.89,90.48,67.30,33.87,-4.71,-42.58,-73.96,-94.09,-99.89
0.513011,94.30,-90.21,-66.84,-33.28,5.34,43.15,74.38,99.86,90.21,66.84,33.28,-5.34,-43.15,-74.38,-94.30,-99.86
0.514015,94.51,-89.94,-66.37,-32.69,5.97,43.71,74.80,99.82,89.94,66.37,32.69,-5.97,-43.71,-74.80,-94.51,-99.82
0.515010,94.71,-89.66,-65.90,-32.09,6.59,44.28,75.22,99.78,89.66,65.90,32.09,-6.59,-44.28,-75.22,-94.71,-99.78
0.516008,94.91,-89.38,-65.42,-31.50,7.22,44.84,75.63,99.74,89.38,65.42,31.50,-7.22,-44.84,-75.63,-94.91,-99.74
0.517010,95.11,-89.10,-64.94,-30.90,7.85,45.40,76.04,99.69,89.10,64.94,30.90,-7.85,-45.40,-76.04,-95.11,-99.69
0.518080,95.30,-88.81,-64.47,-30.30,8.47,45.96,76.45,99.64,88.81,64.47,30.30,-8.47,-45.96,-76.45,-95.30,-99.64
0.519013,95.49,-88.52,-63.98,-29.70,9.10,46.52,76.85,99.59,88.52,63.98,29.70,-9.10,-46.52,-76.85,-95.49,-99.59
0.520011,95.67,-88.23,-63.50,-29.10,9.72,47.07,77.25,99.53,88.23,63.50,29.10,-9.72,-47.07,-77.25,-95.67,-99.53
0.521080,95.85,-87.93,-63.01,-28.50,10.35,47.62,77.65,99.46,87.93,63.01,28.50,-10.35,-47.62,-77.65,-95.85,-99.46
0.522011,96.03,-87.63,-62.52,-27.90,10.97,48.18,78.04,99.40,87.63,62.52,27.90,-10.97,-48.18,-78.04,-96.03,-99.40
0.523011,96.20,-87.33,-62.03,-27.30,11.60,48.73,78.43,99.33,87.33,62.03,27.30,-11.60,-48.73,-78.43,-96.20,-99.33
0.524066,96.37,-87.02,-61.54,-26.69,12.22,49.27,78.82,99.25,87.02,61.54,26.69,-12.22,-49.27,-78.82,-96.37,-99.25
0.525014,96.54,-86.71,-61.04,-26.08,12.84,49.82,79.21,99.17,86.71,61.04,26.08,-12.84,-49.82,-79.21,-96.54,-99.17
0.526011,96.70,-86.39,-60.54,-25.48,13.47,50.36,79.59,99.09,86.39,60.54,25.48,-13.47,-50.36,-79.59,-96.70,-99.09
0.527013,96.86,-86.07,-60.04,-24.87,14.09,50.90,79.97,99.00,86.07,60.04,24.87,-14.09,-50.90,-79.97,-96.86,-99.00
0.528008,97.01,-85.75,-59.54,-24.26,14.71,51.44,80.34,98.91,85.75,59.54,24.26,-14.71,-51.44,-80.34,-97.01,-98.91
0.529009,97.16,-85.43,-59.03,-23.65,15.33,51.98,80.72,98.82,85.43,59.03,23.65,-15.33,-51.98,-80.72,-97.16,-98.82
0.530011,97.31,-85.10,-58.52,-23.04,15.95,52.52,81.09,98.72,85.10,58.52,23.04,-15.95,-52.52,-81.09,-97.31,-98.72
0.531079,97.45,-84.77,-58.01,-22.43,16.57,53.05,81.45,98.62,84.77,58.01,22.43,-16.57,-53.05,-81.45,-97.45,-98.62
0.532006,97.59,-84.43,-57.50,-21.81,17.19,53.58,81.81,98.51,84.43,57.50,21.81,-17.19,-53.58,-81.81,-97.59,-98.51
0.533011,97.73,-84.09,-56.99,-21.20,17.81,54.11,82.17,98.40,84.09,56.99,21.20,-17.81,-54.11,-82.17,-97.73,-98.40
0.534011,97.86,-83.75,-56.47,-20.59,18.43,54.64,82.53,98.29,83.75,56.47,20.59,-18.43,-54.64,-82.53,-97.86,-98.29
0.535010,97.99,-83.41,-55.95,-19.97,19.05,55.16,82.88,98.17,83.41,55.95,19.97,-19.05,-55.16,-82.88,-97.99,-98.17
0.536015,98.11,-83.06,-55.43,-19.35,19.66,55.69,83.23,98.05,83.06,55.43,19.35,-19.66,-55.69,-83.23,-98.11,-98.05
0.537010,98.23,-82.71,-54.90,-18.74,20.28,56.21,83.58,97.92,82.71,54.90,18.74,-20.28,-56.21,-83.58,-98.23,-97.92
0.538009,98.34,-82.35,-54.38,-18.12,20.89,56.73,83.92,97.79,82.35,54.38,18.12,-20.89,-56.73,-83.92,-98.34,-97.79
0.539009,98.46,-82.00,-53.85,-17.50,21.51,57.24,84.26,97.66,82.00,53.85,17.50,-21.51,-57.24,-84.26,-98.46,-97.66
0.540092,98.56,-81.63,-53.32,-16.88,22.12,57.76,84.60,97.52,81.63,53.32,16.88,-22.12,-57.76,-84.60,-98.56,-97.52
0.541008,98.67,-81.27,-52.78,-16.26,22.73,58.27,84.93,97.38,81.27,52.78,16.26,-22.73,-58.27,-84.93,-98.67,-97.38
0.542010,98.77,-80.90,-52.25,-15.64,23.34,58.78,85.26,97.24,80.90,52.25,15.64,-23.34,-58.78,-85.26,-98.77,-97.24
0.543014,98.87,-80.53,-51.71,-15.02,23.96,59.29,85.59,97.09,80.53,51.71,15.02,-23.96,-59.29,-85.59,-98.87,-97.09
0.544013,98.96,-80.16,-51.17,-14.40,24.56,59.79,85.91,96.94,80.16,51.17,14.40,-24.56,-59.79,-85.91,-98.96,-96.94
0.545012,99.05,-79.78,-50.63,-13.78,25.17,60.29,86.23,96.78,79.78,50.63,13.78,-25.17,-60.29,-86.23,-99.05,-96.78
0.546079,99.13,-79.40,-50.09,-13.16,25.78,60.79,86.55,96.62,79.40,50.09,13.16,-25.78,-60.79,-86.55,-99.13,-96.62
0.547013,99.21,-79.02,-49.55,-12.53,26.39,61.29,86.86,96.46,79.02,49.55,12.53,-26.39,-61.29,-86.86,-99.21,-96.46
0.548012,99.29,-78.63,-49.00,-11.91,26.99,61.79,87.17,96.29,78.63,49.00,11.91,-26.99,-61.79,-87.17,-99.29,-96.29
0.549010,99.36,-78.24,-48.45,-11.29,27.60,62.28,87.48,96.12,78.24,48.45,11.29,-27.60,-62.28,-87.48,-99.36,-96.12
0.550092,99.43,-77.85,-47.90,-10.66,28.20,62.77,87.78,95.94,77.85,47.90,10.66,-28.20,-62.77,-87.78,-99.43,-95.94
0.551009,99.50,-77.45,-47.35,-10.04,28.80,63.26,88.08,95.76,77.45,47.35,10.04,-28.80,-63.26,-88.08,-99.50,-95.76
0.552007,99.56,-77.05,-46.79,-9.41,29.40,63.74,88.38,95.58,77.05,46.79,9.41,-29.40,-63.74,-88.38,-99.56,-95.58
0.553076,99.61,-76.65,-46.24,-8.79,30.00,64.23,88.67,95.39,76.65,46.24,8.79,-30.00,-64.23,-88.67,-99.61,-95.39
0.554009,99.67,-76.24,-45.68,-8.16,30.60,64.71,88.96,95.20,76.24,45.68,8.16,-30.60,-64.71,-88.96,-99.67,-95.20
0.555012,99.72,-75.84,-45.12,-7.53,31.20,65.18,89.24,95.01,75.84,45.12,7.53,-31.20,-65.18,-89.24,-99.72,-95.01
0.556079,99.76,-75.43,-44.56,-6.91,31.80,65.66,89.52,94.81,75.43,44.56,6.91,-31.80,-65.66,-89.52,-99.76,-94.81
0.557011,99.80,-75.01,-43.99,-6.28,32.39,66.13,89.80,94.61,75.01,43.99,6.28,-32.39,-66.13,-89.80,-99.80,-94.61
0.558016,99.84,-74.59,-43.43,-5.65,32.99,66.60,90.08,94.40,74.59,43.43,5.65,-32.99,-66.60,-90.08,-99.84,-94.40
0.559008,99.87,-74.17,-42.86,-5.02,33.58,67.07,90.35,94.19,74.17,42.86,5.02,-33.58,-67.07,-90.35,-99.87,-94.19
0.560010,99.90,-73.75,-42.29,-4.40,34.17,67.53,90.62,93.98,73.75,42.29,4.40,-34.17,-67.53,-90.62,-99.90,-93.98
0.561010,99.93,-73.33,-41.72,-3.77,34.76,68.00,90.88,93.76,73.33,41.72,3.77,-34.76,-68.00,-90.88,-99.93,-93.76
0.562012,99.95,-72.90,-41.15,-3.14,35.35,68.45,91.14,93.54,72.90,41.15,3.14,-35.35,-68.45,-91.14,-99.95,-93.54
0.563015,99.97,-72.47,-40.58,-2.51,35.93,68.91,91.40,93.32,72.47,40.58,2.51,-35.93,-68.91,-91.40,-99.97,-93.32
0.564012,99.98,-72.03,-40.00,-1.88,36.52,69.37,91.65,93.09,72.03,40.00,1.88,-36.52,-69.37,-91.65,-99.98,-93.09
0.565066,99.99,-71.59,-39.43,-1.26,37.10,69.82,91.90,92.86,71.59,39.43,1.26,-37.10,-69.82,-91.90,-99.99,-92.86
0.566009,100.00,-71.15,-38.85,-0.63,37.69,70.27,92.15,92.63,71.15,38.85,0.63,-37.69,-70.26,-92.15,-100.00,-92.63
0.567011,100.00,-70.71,-38.27,0.00,38.27,70.71,92.39,92.39,70.71,38.27,-0.00,-38.27,-70.71,-92.39,-100.00,-92.39
0.568011,100.00,-70.26,-37.69,0.63,38.85,71.15,92.63,92.15,70.26,37.69,-0.63,-38.85,-71.15,-92.63,-100.00,-92.15
0.569159,99.99,-69.82,-37.10,1.26,39.43,71.59,92.86,91.90,69.82,37.10,-1.26,-39.43,-71.59,-92.86,-99.99,-91.90
0.570010,99.98,-69.37,-36.52,1.88,40.00,72.03,93.09,91.65,69.37,36.52,-1.88,-40.00,-72.03,-93.09,-99.98,-91.65
0.571012,99.97,-68.91,-35.93,2.51,40.58,72.47,93.32,91.40,68.91,35.93,-2.51,-40.58,-72.47,-93.32,-99.97,-91.40
0.572012,99.95,-68.45,-35.35,3.14,41.15,72.90,93.54,91.14,68.45,35.35,-3.14,-41.15,-72.90,-93.54,-99.95,-91.14
0.573012,99.93,-68.00,-34.76,3.77,41.72,73.33,93.76,90.88,68.00,34.76,-3.77,-41.72,-73.33,-93.76,-99.93,-90.88
0.574013,99.90,-67.53,-34.17,4.40,42.29,73.75,93.98,90.62,67.53,34.17,-4.40,-42.29,-73.75,-93.98,-99.90,-90.62
0.575012,99.87,-67.07,-33.58,5.02,42.86,74.17,94.19,90.35,67.07,33.58,-5.02,-42.86,-74.17,-94.19,-99.87,-90.35
0.576073,99.84,-66.60,-32.99,5.65,43.43,74.59,94.40,90.08,66.60,32.99,-5.65,-43.43,-74.59,-94.40,-99.84,-90.08
0.577010,99.80,-66.13,-32.39,6.28,43.99,75.01,94.61,89.80,66.13,32.39,-6.28,-43.99,-75.01,-94.61,-99.80,-89.80
0.578012,99.76,-65.66,-31.80,6.91,44.56,75.43,94.81,89.52,65.66,31.80,-6.91,-44.56,-75.43,-94.81,-99.76,-89.52
0.579076,99.72,-65.18,-31.20,7.53,45.12,75.84,95.01,89.24,65.18,31.20,-7.53,-45.12,-75.84,-95.01,-99.72,-89.24
0.580018,99.67,-64.71,-30.60,8.16,45.68,76.24,95.20,88.96,64.71,30.60,-8.16,-45.68,-76.24,-95.20,-99.67,-88.96
0.581013,99.61,-64.23,-30.00,8.79,46.24,76.65,95.39,88.67,64.23,30.00,-8.79,-46.24,-76.65,-95.39,-99.61,-88.67
0.582013,99.56,-63.74,-29.40,9.41,46.79,77.05,95.58,88.38,63.74,29.40,-9.41,-46.79,-77.05,-95.58,-99.56,-88.38
0.583013,99.50,-63.26,-28.80,10.04,47.35,77.45,95.76,88.08,63.26,28.80,-10.04,-47.35,-77.45,-95.76,-99.50,-88.08
0.584074,99.43,-62.77,-28.20,10.66,47.90,77.85,95.94,87.78,62.77,28.20,-10.66,-47.90,-77.85,-95.94,-99.43,-87.78
0.585010,99.36,-62.28,-27.60,11.29,48.45,78.24,96.12,87.48,62.28,27.60,-11.29,-48.45,-78.24,-96.12,-99.36,-87.48
0.586011,99.29,-61.79,-26.99,11.91,49.00,78.63,96.29,87.17,61.79,26.99,-11.91,-49.00,-78.63,-96.29,-99.29,-87.17
0.587075,99.21,-61.29,-26.39,12.53,49.55,79.02,96.46,86.86,61.29,26.39,-12.53,-49.55,-79.02,-96.46,-99.21,-86.86
0.588010,99.13,-60.79,-25.78,13.16,50.09,79.40,96.62,86.55,60.79,25.78,-13.16,-50.09,-79.40,-96.62,-99.13,-86.55
0.589012,99.05,-60.29,-25.17,13.78,50.63,79.78,96.78,86.23,60.29,25.17,-13.78,-50.63,-79.78,-96.78,-99.05,-86.23
0.590089,98.96,-59.79,-24.56,14.40,51.17,80.16,96.94,85.91,59.79,24.56,-14.40,-51.17,-80.16,-96.94,-98.96,-85.91
0.591014,98.87,-59.29,-23.95,15.02,51.71,80.53,97.09,85.59,59.29,23.96,-15.02,-51.71,-80.53,-97.09,-98.87,-85.59
0.592010,98.77,-58.78,-23.34,15.64,52.25,80.90,97.24,85.26,58.78,23.34,-15.64,-52.25,-80.90,-97.24,-98.77,-85.26
0.593013,98.67,-58.27,-22.73,16.26,52.78,81.27,97.38,84.93,58.27,22.73,-16.26,-52.78,-81.27,-97.38,-98.67,-84.93
0.594071,98.56,-57.76,-22.12,16.88,53.32,81.63,97.52,84.60,57.76,22.12,-16.88,-53.32,-81.63,-97.52,-98.56,-84.60
0.595011,98.46,-57.24,-21.51,17.50,53.85,82.00,97.66,84.26,57.24,21.51,-17.50,-53.85,-82.00,-97.66,-98.46,-84.26
0.596008,98.34,-56.73,-20.89,18.12,54.38,82.35,97.79,83.92,56.73,20.89,-18.12,-54.38,-82.35,-97.79,-98.34,-83.92
0.597075,98.23,-56.21,-20.28,18.74,54.90,82.71,97.92,83.58,56.21,20.28,-18.74,-54.90,-82.71,-97.92,-98.23,-83.58
0.598009,98.11,-55.69,-19.66,19.35,55.43,83.06,98.05,83.23,55.69,19.66,-19.35,-55.43,-83.06,-98.05,-98.11,-83.23
0.599009,97.99,-55.16,-19.05,19.97,55.95,83.41,98.17,82.88,55.16,19.05,-19.97,-55.95,-83.41,-98.17,-97.99,-82.88
0.600084,97.86,-54.64,-18.43,20.59,56.47,83.75,98.29,82.53,54.64,18.43,-20.59,-56.47,-83.75,-98.29,-97.86,-82.53
0.601009,97.73,-54.11,-17.81,21.20,56.99,84.09,98.40,82.17,54.11,17.81,-21.20,-56.99,-84.09,-98.40,-97.73,-82.17
0.602015,97.59,-53.58,-17.19,21.81,57.50,84.43,98.51,81.81,53.58,17.19,-21.81,-57.50,-84.43,-98.51,-97.59,-81.81
0.603007,97.45,-53.05,-16.57,22.43,58.01,84.77,98.62,81.45,53.05,16.57,-22.43,-58.01,-84.77,-98.62,-97.45,-81.45
0.604010,97.31,-52.52,-15.95,23.04,58.52,85.10,98.72,81.09,52.52,15.95,-23.04,-58.52,-85.10,-98.72,-97.31,-81.09
0.605012,97.16,-51.98,-15.33,23.65,59.03,85.43,98.82,80.72,51.98,15.33,-23.65,-59.03,-85.43,-98.82,-97.16,-80.72
0.606077,97.01,-51.44,-14.71,24.26,59.54,85.75,98.91,80.34,51.44,14.71,-24.26,-59.54,-85.75,-98.91,-97.01,-80.34
0.607010,96.86,-50.90,-14.09,24.87,60.04,86.07,99.00,79.97,50.90,14.09,-24.87,-60.04,-86.07,-99.00,-96.86,-79.97
0.608012,96.70,-50.36,-13.47,25.48,60.54,86.39,99.09,79.59,50.36,13.47,-25.48,-60.54,-86.39,-99.09,-96.70,-79.59
0.609075,96.54,-49.82,-12.84,26.08,61.04,86.71,99.17,79.21,49.82,12.84,-26.08,-61.04,-86.71,-99.17,-96.54,-79.21
0.610011,96.37,-49.27,-12.22,26.69,61.54,87.02,99.25,78.82,49.27,12.22,-26.69,-61.54,-87.02,-99.25,-96.37,-78.82
0.611012,96.20,-48.72,-11.60,27.30,62.03,87.33,99.33,78.43,48.73,11.60,-27.30,-62.03,-87.33,-99.33,-96.20,-78.43
0.612013,96.03,-48.18,-10.97,27.90,62.52,87.63,99.40,78.04,48.18,10.97,-27.90,-62.52,-87.63,-99.40,-96.03,-78.04
0.613014,95.85,-47.62,-10.35,28.50,63.01,87.93,99.46,77.65,47.62,10.35,-28.50,-63.01,-87.93,-99.46,-95.85,-77.65
0.614009,95.67,-47.07,-9.72,29.10,63.50,88.23,99.53,77.25,47.07,9.72,-29.10,-63.50,-88.23,-99.53,-95.67,-77.25
0.615012,95.49,-46.52,-9.10,29.70,63.98,88.52,99.59,76.85,46.52,9.10,-29.70,-63.98,-88.52,-99.59,-95.49,-76.85
0.616010,95.30,-45.96,-8.47,30.30,64.47,88.81,99.64,76.45,45.96,8.47,-30.30,-64.47,-88.81,-99.64,-95.30,-76.45
0.617008,95.11,-45.40,-7.85,30.90,64.94,89.10,99.69,76.04,45.40,7.85,-30.90,-64.94,-89.10,-99.69,-95.11,-76.04
0.618008,94.91,-44.84,-7.22,31.50,65.42,89.38,99.74,75.63,44.84,7.22,-31.50,-65.42,-89.38,-99.74,-94.91,-75.63
0.619008,94.71,-44.28,-6.59,32.09,65.90,89.66,99.78,75.22,44.28,6.59,-32.09,-65.90,-89.66,-99.78,-94.71,-75.22
0.620008,94.51,-43.71,-5.97,32.69,66.37,89.94,99.82,74.80,43.71,5.97,-32.69,-66.37,-89.94,-99.82,-94.51,-74.80
0.621078,94.30,-43.15,-5.34,33.28,66.84,90.21,99.86,74.38,43.15,5.34,-33.28,-66.84,-90.21,-99.86,-94.30,-74.38
0.622011,94.09,-42.58,-4.71,33.87,67.30,90.48,99.89,73.96,42.58,4.71,-33.87,-67.30,-90.48,-99.89,-94.09,-73.96
0.623007,93.87,-42.01,-4.08,34.46,67.76,90.75,99.92,73.54,42.01,4.08,-34.46,-67.76,-90.75,-99.92,-93.87,-73.54
0.624014,93.65,-41.44,-3.46,35.05,68.23,91.01,99.94,73.11,41.44,3.46,-35.05,-68.23,-91.01,-99.94,-93.65,-73.11
0.625010,93.43,-40.86,-2.83,35.64,68.68,91.27,99.96,72.68,40.86,2.83,-35.64,-68.68,-91.27,-99.96,-93.43,-72.68
0.626008,93.21,-40.29,-2.20,36.23,69.14,91.52,99.98,72.25,40.29,2.20,-36.23,-69.14,-91.52,-99.98,-93.21,-72.25
0.627009,92.98,-39.71,-1.57,36.81,69.59,91.78,99.99,71.81,39.71,1.57,-36.81,-69.59,-91.78,-99.99,-92.98,-71.81
0.628008,92.74,-39.14,-0.94,37.40,70.04,92.02,100.00,71.37,39.14,0.94,-37.40,-70.04,-92.02,-100.00,-92.74,-71.37
0.629010,92.51,-38.56,-0.31,37.98,70.49,92.27,100.00,70.93,38.56,0.31,-37.98,-70.49,-92.27,-100.00,-92.51,-70.93
0.630013,92.27,-37.98,0.31,38.56,70.93,92.51,100.00,70.49,37.98,-0.31,-38.56,-70.93,-92.51,-100.00,-92.27,-70.49
0.631010,92.02,-37.40,0.94,39.14,71.37,92.74,100.00,70.04,37.40,-0.94,-39.14,-71.37,-92.74,-100.00,-92.02,-70.04
0.632072,91.78,-36.81,1.57,39.71,71.81,92.98,99.99,69.59,36.81,-1.57,-39.71,-71.81,-92.98,-99.99,-91.78,-69.59
0.633011,91.52,-36.23,2.20,40.29,72.25,93.21,99.98,69.14,36.23,-2.20,-40.29,-72.25,-93.21,-99.98,-91.52,-69.14
0.634010,91.27,-35.64,2.83,40.86,72.68,93.43,99.96,68.68,35.64,-2.83,-40.86,-72.68,-93.43,-99.96,-91.27,-68.68
0.635165,91.01,-34.46,4.08,42.01,73.54,93.87,99.92,68.23,35.05,-3.46,-41.44,-73.54,-93.87,-99.92,-90.75,-67.76
0.636008,90.75,-34.46,4.08,42.01,73.54,93.87,99.92,67.76,34.46,-4.08,-42.01,-73.54,-93.87,-99.92,-90.75,-67.76
0.637007,90.48,-33.87,4.71,42.58,73.96,94.09,99.89,67.30,33.87,-4.71,-42.58,-73.96,-94.09,-99.89,-90.48,-67.30
0.638011,90.21,-33.28,5.34,43.15,74.38,94.30,99.86,66.84,33.28,-5.34,-43.15,-74.38,-94.30,-99.86,-90.21,-66.84
0.639011,89.94,-32.69,5.97,43.71,74.80,94.51,99.82,66.37,32.69,-5.97,-43.71,-74.80,-94.51,-99.82,-89.94,-66.37
0.640010,89.66,-32.09,6.59,44.28,75.22,94.71,99.78,65.90,32.09,-6.59,-44.28,-75.22,-94.71,-99.78,-89.66,-65.90
0.641010,89.38,-31.50,7.22,44.84,75.63,94.91,99.74,65.42,31.50,-7.22,-44.84,-75.63,-94.91,-99.74,-89.38,-65.42
0.642012,89.10,-30.90,7.85,45.40,76.04,95.11,99.69,64.94,30.90,-7.85,-45.40,-76.04,-95.11,-99.69,-89.10,-64.94
0.643007,88.81,-30.30,8.47,45.96,76.45,95.30,99.64,64.47,30.30,-8.47,-45.96,-76.45,-95.30,-99.64,-88.81,-64.47
0.644008,88.52,-29.70,9.10,46.52,76.85,95.49,99.59,63.98,29.70,-9.10,-46.52,-76.85,-95.49,-99.59,-88.52,-63.98
0.645012,88.23,-29.10,9.72,47.07,77.25,95.67,99.53,63.50,29.10,-9.72,-47.07,-77.25,-95.67,-99.53,-88.23,-63.50
0.646014,87.93,-28.50,10.35,47.62,77.65,95.85,99.46,63.01,28.50,-10.35,-47.62,-77.65,-95.85,-99.46,-87.93,-63.01
0.647008,87.63,-27.90,10.97,48.18,78.04,96.03,99.40,62.52,27.90,-10.97,-48.18,-78.04,-96.03,-99.40,-87.63,-62.52
0.648009,87.33,-27.30,11.60,48.73,78.43,96.20,99.33,62.03,27.30,-11.60,-48.73,-78.43,-96.20,-99.33,-87.33,-62.03
0.649011,87.02,-26.69,12.22,49.27,78.82,96.37,99.25,61.54,26.69,-12.22,-49.27,-78.82,-96.37,-99.25,-87.02,-61.54
0.650095,86.71,-26.08,12.84,49.82,79.21,96.54,99.17,61.04,26.08,-12.84,-49.82,-79.21,-96.54,-99.17,-86.71,-61.04
0.651008,86.39,-25.48,13.47,50.36,79.59,96.70,99.09,60.54,25.48,-13.47,-50.36,-79.59,-96.70,-99.09,-86.39,-60.54
0.652010,86.07,-24.87,14.09,50.90,79.97,96.86,99.00,60.04,24.87,-14.09,-50.90,-79.97,-96.86,-99.00,-86.07,-60.04
0.653077,85.75,-24.26,14.71,51.44,80.34,97.01,98.91,59.54,24.26,-14.71,-51.44,-80.34,-97.01,-98.91,-85.75,-59.54
0.654009,85.43,-23.65,15.33,51.98,80.72,97.16,98.82,59.03,23.65,-15.33,-51.98,-80.72,-97.16,-98.82,-85.43,-59.03
0.655012,85.10,-23.04,15.95,52.52,81.09,97.31,98.72,58.52,23.04,-15.95,-52.52,-81.09,-97.31,-98.72,-85.10,-58.52
0.656075,84.77,-22.43,16.57,53.05,81.45,97.45,98.62,58.01,22.43,-16.57,-53.05,-81.45,-97.45,-98.62,-84.77,-58.01
0.657014,84.43,-21.81,17.19,53.58,81.81,97.59,98.51,57.50,21.81,-17.19,-53.58,-81.81,-97.59,-98.51,-84.43,-57.50
0.658026,84.09,-21.20,17.81,54.11,82.17,97.73,98.40,56.99,21.20,-17.81,-54.11,-82.17,-97.73,-98.40,-84.09,-56.99
0.659009,83.75,-20.59,18.43,54.64,82.53,97.86,98.29,56.47,20.59,-18.43,-54.64,-82.53,-97.86,-98.29,-83.75,-56.47
0.660009,83.41,-19.97,19.05,55.16,82.88,97.99,98.17,55.95,19.97,-19.05,-55.16,-82.88,-97.99,-98.17,-83.41,-55.95
0.661011,83.06,-19.35,19.66,55.69,83.23,98.11,98.05,55.43,19.35,-19.66,-55.69,-83.23,-98.11,-98.05,-83.06,-55.43
0.662093,82.71,-18.74,20.89,56.73,83.92,98.34,97.79,54.90,18.74,-20.28,-56.21,-83.58,-98.23,-97.92,-82.71,-54.90
0.663009,82.35,-18.12,20.89,56.73,83.92,98.34,97.79,54.38,18.12,-20.89,-56.73,-83.92,-98.34,-97.79,-82.35,-54.38
0.664008,82.00,-17.50,21.51,57.24,84.26,98.46,97.66,53.85,17.50,-21.51,-57.24,-84.26,-98.46,-97.66,-82.00,-53.85
0.665065,81.63,-16.88,22.12,57.76,84.60,98.56,97.52,53.32,16.88,-22.12,-57.76,-84.60,-98.56,-97.52,-81.63,-53.32
0.666008,81.27,-16.26,22.73,58.27,84.93,98.67,97.38,52.78,16.26,-22.73,-58.27,-84.93,-98.67,-97.38,-81.27,-52.78
0.667007,80.90,-15.64,23.34,58.78,85.26,98.77,97.24,52.25,15.64,-23.34,-58.78,-85.26,-98.77,-97.24,-80.90,-52.25
0.668015,80.53,-15.02,23.96,59.29,85.59,98.87,97.09,51.71,15.02,-23.96,-59.29,-85.59,-98.87,-97.09,-80.53,-51.71
0.669010,80.16,-14.40,24.56,59.79,85.91,98.96,96.94,51.17,14.40,-24.56,-59.79,-85.91,-98.96,-96.94,-80.16,-51.17
0.670012,79.78,-13.78,25.17,60.29,86.23,99.05,96.78,50.63,13.78,-25.17,-60.29,-86.23,-99.05,-96.78,-79.78,-50.63
0.671071,79.40,-13.16,25.78,61.29,86.86,99.21,96.46,50.09,13.16,-25.78,-60.79,-86.55,-99.13,-96.62,-79.40,-50.09
0.672008,79.02,-12.53,26.39,61.29,86.86,99.21,96.46,49.55,12.53,-26.39,-61.29,-86.86,-99.21,-96.46,-79.02,-49.55
0.673010,78.63,-11.91,26.99,61.79,87.17,99.29,96.29,49.00,11.91,-26.99,-61.79,-87.17,-99.29,-96.29,-78.63,-49.00
0.674010,78.24,-11.29,27.60,62.28,87.48,99.36,96.12,48.45,11.29,-27.60,-62.28,-87.48,-99.36,-96.12,-78.24,-48.45
0.675010,77.85,-10.66,28.20,62.77,87.78,99.43,95.94,47.90,10.66,-28.20,-62.77,-87.78,-99.43,-95.94,-77.85,-47.90
0.676010,77.45,-10.04,28.80,63.26,88.08,99.50,95.76,47.35,10.04,-28.80,-63.26,-88.08,-99.50,-95.76,-77.45,-47.35
0.677009,77.05,-9.41,29.40,63.74,88.38,99.56,95.58,46.79,9.41,-29.40,-63.74,-88.38,-99.56,-95.58,-77.05,-46.79
0.678009,76.65,-8.79,30.00,64.23,88.67,99.61,95.39,46.24,8.79,-30.00,-64.23,-88.67,-99.61,-95.39,-76.65,-46.24
0.679013,76.24,-8.16,30.60,64.71,88.96,99.67,95.20,45.68,8.16,-30.60,-64.71,-88.96,-99.67,-95.20,-76.24,-45.68
0.680011,75.84,-7.53,31.20,65.18,89.24,99.72,95.01,45.12,7.53,-31.20,-65.18,-89.24,-99.72,-95.01,-75.84,-45.12
0.681010,75.43,-6.91,31.80,65.66,89.52,99.76,94.81,44.56,6.91,-31.80,-65.66,-89.52,-99.76,-94.81,-75.43,-44.56
0.682010,75.01,-6.28,32.39,66.13,89.80,99.80,94.61,43.99,6.28,-32.39,-66.13,-89.80,-99.80,-94.61,-75.01,-43.99
0.683014,74.59,-5.65,32.99,66.60,90.08,99.84,94.40,43.43,5.65,-32.99,-66.60,-90.08,-99.84,-94.40,-74.59,-43.43
0.684011,74.17,-5.02,33.58,67.07,90.35,99.87,94.19,42.86,5.02,-33.58,-67.07,-90.35,-99.87,-94.19,-74.17,-42.86
0.685076,73.75,-3.77,34.76,68.00,90.88,99.93,93.76,41.72,3.77,-34.76,-68.00,-90.88,-99.93,-93.76,-73.33,-41.72
0.686011,73.33,-3.77,34.76,68.00,90.88,99.93,93.76,41.72,3.77,-34.76,-68.00,-90.88,-99.93,-93.76,-73.33,-41.72
0.687010,72.90,-3.14,35.35,68.45,91.14,99.95,93.54,41.15,3.14,-35.35,-68.45,-91.14,-99.95,-93.54,-72.90,-41.15
0.688010,72.47,-2.51,35.93,68.91,91.40,99.97,93.32,40.58,2.51,-35.93,-68.91,-91.40,-99.97,-93.32,-72.47,-40.58
0.689082,72.03,-1.26,37.10,69.82,91.90,99.99,92.86,39.43,1.26,-37.10,-69.82,-91.90,-99.99,-92.86,-71.59,-39.43
0.690016,71.59,-1.26,37.10,69.82,91.90,99.99,92.86,39.43,1.26,-37.10,-69.82,-91.90,-99.99,-92.86,-71.59,-39.43
0.691010,71.15,-0.63,37.69,70.27,92.15,100.00,92.63,38.85,0.63,-37.69,-70.26,-92.15,-100.00,-92.63,-71.15,-38.85
0.692009,70.71,0.00,38.27,70.71,92.39,100.00,92.39,38.27,-0.00,-38.27,-70.71,-92.39,-100.00,-92.39,-70.71,-38.27
0.693008,70.26,0.63,38.85,71.15,92.63,100.00,92.15,37.69,-0.63,-38.85,-71.15,-92.63,-100.00,-92.15,-70.26,-37.69
0.694009,69.82,1.26,39.43,71.59,92.86,99.99,91.90,37.10,-1.26,-39.43,-71.59,-92.86,-99.99,-91.90,-69.82,-37.10
0.695009,69.37,1.88,40.00,72.03,93.09,99.98,91.40,36.52,-1.88,-40.00,-72.03,-93.09,-99.98,-91.65,-69.37,-36.52
0.696009,68.91,2.51,40.58,72.47,93.32,99.95,91.14,35.93,-2.51,-40.58,-72.47,-93.32,-99.97,-91.40,-68.91,-35.93
0.697009,68.45,3.14,41.15,72.90,93.76,99.93,90.88,35.35,-3.14,-41.15,-72.90,-93.54,-99.95,-91.14,-68.45,-35.35
0.698008,68.00,3.77,41.72,73.33,93.98,99.90,90.62,34.76,-3.77,-41.72,-73.33,-93.76,-99.93,-90.88,-68.00,-34.76
0.699008,67.53,4.40,42.29,74.17,94.19,99.87,90.35,34.17,-4.40,-42.29,-73.75,-93.98,-99.90,-90.62,-67.53,-34.17
0.700092,66.60,5.65,43.43,74.59,94.40,99.84,90.08,32.99,-5.65,-43.43,-74.59,-94.40,-99.84,-90.08,-66.60,-32.99
0.701014,66.60,6.28,43.99,75.01,94.61,99.80,89.80,32.99,-5.65,-43.43,-74.59,-94.40,-99.84,-90.08,-66.13,-32.39
0.702012,66.13,6.91,44.56,75.43,94.81,99.76,89.52,32.39,-6.28,-43.99,-75.01,-94.81,-99.76,-89.52,-65.66,-31.80
0.703009,65.66,7.53,45.12,75.84,95.01,99.72,89.24,31.80,-6.91,-44.56,-75.43,-94.81,-99.76,-89.52,-65.18,-31.20
0.704009,65.18,8.16,45.68,76.24,95.20,99.67,88.96,31.20,-7.53,-45.12,-75.84,-95.01,-99.72,-88.96,-64.71,-30.60
0.705010,64.71,8.79,46.24,76.65,95.39,99.61,88.67,30.60,-8.16,-45.68,-76.24,-95.20,-99.67,-88.67,-64.23,-30.00
0.706074,63.74,9.41,46.79,77.05,95.58,99.56,88.38,29.40,-9.41,-46.79,-77.05,-95.58,-99.56,-88.38,-63.74,-29.40
0.707011,63.74,10.04,47.35,77.45,95.76,99.50,88.08,29.40,-9.41,-46.79,-77.05,-95.76,-99.50,-88.08,-63.26,-28.80
0.708008,63.26,10.66,47.90,77.85,95.94,99.43,87.78,28.80,-10.04,-47.35,-77.45,-95.94,-99.43,-87.78,-62.77,-28.20
0.709007,62.77,11.29,48.45,78.24,96.12,99.36,87.48,28.20,-10.66,-47.90,-78.24,-96.12,-99.36,-87.48,-62.28,-27.60
0.710010,62.28,11.91,49.00,78.63,96.29,99.29,87.17,27.60,-11.91,-49.00,-78.63,-96.29,-99.29,-87.17,-61.79,-26.99
0.711009,61.79,12.53,49.55,79.02,96.46,99.21,86.86,26.99,-12.53,-49.55,-79.02,-96.46,-99.21,-86.86,-61.29,-26.39
0.712161,60.79,13.16,50.09,79.40,96.62,99.13,86.55,25.78,-13.16,-50.09,-79.40,-96.62,-99.13,-86.55,-60.79,-25.78
0.713007,60.79,13.78,50.63,79.78,96.78,99.05,86.23,25.78,-13.78,-50.63,-79.78,-96.78,-99.05,-86.23,-60.29,-25.17
0.714007,60.29,14.40,51.17,80.16,96.94,98.96,85.91,24.56,-14.40,-51.17,-80.16,-96.94,-98.96,-85.91,-59.79,-24.56
0.715074,59.29,15.02,51.71,80.53,97.09,98.87,85.59,23.96,-15.02,-51.71,-80.53,-97.09,-98.87,-85.59,-59.29,-23.96
0.716007,59.29,15.64,52.25,80.90,97.24,98.77,85.26,23.34,-15.64,-52.25,-80.90,-97.24,-98.77,-85.26,-58.78,-23.34
0.717009,58.78,16.26,52.78,81.27,97.38,98.67,84.93,22.73,-16.26,-52.78,-81.27,-97.38,-98.67,-84.93,-58.27,-22.73
0.718008,58.27,16.88,53.32,81.63,97.52,98.56,84.60,22.12,-16.88,-53.32,-81.63,-97.52,-98.56,-84.60,-57.76,-22.12
0.719009,57.76,17.50,53.85,82.00,97.66,98.46,84.26,21.51,-17.50,-53.85,-82.00,-97.66,-98.46,-84.26,-57.24,-21.51
0.720009,57.24,18.12,54.38,82.35,97.79,98.34,83.92,20.89,-18.12,-54.38,-82.35,-97.79,-98.34,-83.92,-56.73,-20.89
0.721079,56.21,18.74,54.90,82.71,97.92,98.23,83.58,20.28,-18.74,-54.90,-82.71,-97.92,-98.23,-83.58,-56.21,-20.28
0.722010,56.21,19.35,55.43,83.06,98.05,98.11,83.23,19.66,-19.35,-55.43,-83.06,-98.05,-98.11,-83.23,-55.69,-19.66
0.723013,55.16,19.97,55.95,83.41,98.17,97.99,82.88,19.05,-19.97,-55.95,-83.41,-98.17,-97.99,-82.88,-55.16,-19.05
0.724010,55.16,20.59,56.47,83.75,98.29,97.86,82.53,18.43,-20.59,-56.47,-83.75,-98.29,-97.86,-82.53,-54.64,-18.43
0.725008,54.64,21.20,56.99,84.09,98.40,97.73,82.17,17.81,-21.20,-56.99,-84.09,-98.40,-97.73,-82.17,-54.11,-17.81
0.726068,53.58,21.81,57.50,84.43,98.51,97.59,81.81,17.19,-21.81,-57.50,-84.43,-98.51,-97.59,-81.81,-53.58,-17.19
0.727009,53.58,22.43,58.01,84.77,98.62,97.45,81.45,16.57,-22.43,-58.01,-84.77,-98.62,-97.45,-81.45,-53.05,-16.57
0.728008,52.52,23.04,58.52,85.10,98.72,97.31,81.09,15.95,-23.04,-58.52,-85.10,-98.72,-97.31,-81.09,-52.52,-15.95
0.729009,51.98,23.65,59.03,85.43,98.82,97.16,80.72,15.33,-23.65,-59.03,-85.43,-98.82,-97.16,-80.72,-51.98,-15.33
0.730010,51.44,24.26,59.54,85.75,98.91,97.01,80.34,14.71,-24.26,-59.54,-85.75,-98.91,-97.01,-80.34,-51.44,-14.71
0.731076,50.90,24.87,60.04,86.07,99.00,96.86,79.97,14.09,-24.87,-60.04,-86.07,-99.00,-96.86,-79.97,-50.90,-14.09
0.732011,50.36,25.48,60.54,86.39,99.09,96.70,79.59,13.47,-25.48,-60.54,-86.39,-99.09,-96.70,-79.59,-50.36,-13.47
0.733010,49.82,26.08,61.04,86.71,99.17,96.54,79.21,12.84,-26.08,-61.04,-86.71,-99.17,-96.54,-79.21,-49.82,-12.84
0.734146,49.27,26.69,61.54,87.02,99.25,96.37,78.82,12.22,-26.69,-61.54,-87.02,-99.25,-96.37,-78.82,-49.27,-12.22
0.735007,48.73,27.30,62.03,87.33,99.33,96.20,78.43,11.60,-27.30,-62.03,-87.33,-99.33,-96.20,-78.43,-48.73,-11.60
0.736008,48.18,27.90,62.52,87.63,99.40,96.03,78.04,10.97,-27.90,-62.52,-87.63,-99.40,-96.03,-78.04,-48.18,-10.97
0.737008,47.62,28.50,63.01,87.93,99.46,95.85,77.65,10.35,-28.50,-63.01,-87.93,-99.46,-95.85,-77.65,-47.62,-10.35
0.738009,47.07,29.10,63.50,88.23,99.53,95.67,77.25,9.72,-29.10,-63.50,-88.23,-99.53,-95.67,-77.25,-47.07,-9.72
0.739009,46.52,29.70,63.98,88.52,99.59,95.49,76.85,9.10,-29.70,-63.98,-88.52,-99.59,-95.49,-76.85,-46.52,-9.10
0.740009,45.96,30.30,64.47,88.81,99.64,95.30,76.45,8.47,-30.30,-64.47,-88.81,-99.64,-95.30,-76.45,-45.96,-8.47
0.741007,45.40,30.90,64.94,89.10,99.69,95.11,76.04,7.85,-30.90,-64.94,-89.10,-99.69,-95.11,-76.04,-45.40,-7.85
0.742008,44.84,31.50,65.42,89.38,99.74,94.91,75.63,7.22,-31.50,-65.42,-89.38,-99.74,-94.91,-75.63,-44.84,-7.22
0.743011,44.28,32.09,65.90,89.66,99.78,94.71,75.22,6.59,-32.09,-65.90,-89.66,-99.78,-94.71,-75.22,-44.28,-6.59
0.744011,43.71,32.69,66.37,89.94,99.82,94.51,74.80,5.97,-32.69,-66.37,-89.94,-99.82,-94.51,-74.80,-43.71,-5.97
0.745014,43.15,33.28,66.84,90.21,99.86,94.30,74.38,5.34,-33.28,-66.84,-90.21,-99.86,-94.30,-74.38,-43.15,-5.34
0.746008,42.58,33.87,67.30,90.48,99.89,94.09,73.96,4.71,-33.87,-67.30,-90.48,-99.89,-94.09,-73.96,-42.58,-4.71
0.747010,42.01,34.46,67.76,90.75,99.92,93.87,73.54,4.08,-34.46,-67.76,-90.75,-99.92,-93.87,-73.54,-42.01,-4.08
0.748077,41.44,35.05,68.23,91.01,99.94,93.65,73.11,3.46,-35.05,-68.23,-91.01,-99.94,-93.65,-73.11,-41.44,-3.46
0.749009,40.86,35.64,68.68,91.27,99.96,93.43,72.68,2.83,-35.64,-68.68,-91.27,-99.96,-93.43,-72.68,-40.86,-2.83
0.750013,40.29,36.23,69.14,91.52,99.98,93.21,72.25,2.20,-36.23,-69.14,-91.52,-99.98,-93.21,-72.25,-40.29,-2.20
0.751081,39.71,36.81,69.59,91.78,99.99,92.98,71.81,1.57,-36.81,-69.59,-91.78,-99.99,-92.98,-71.81,-39.71,-1.57
0.752007,39.14,37.40,70.04,92.02,100.00,92.74,71.37,0.94,-37.40,-70.04,-92.02,-100.00,-92.74,-71.37,-39.14,-0.94
0.753009,38.56,37.98,70.49,92.27,100.00,92.51,70.93,0.31,-37.98,-70.49,-92.27,-100.00,-92.51,-70.93,-38.56,-0.31
0.754008,37.98,38.56,70.93,92.51,100.00,92.27,70.49,-0.31,-38.56,-70.93,-92.51,-100.00,-92.27,-70.49,-37.98,0.31
0.755010,37.40,39.14,71.37,92.74,100.00,92.02,70.04,-0.94,-39.14,-71.37,-92.74,-100.00,-92.02,-70.04,-37.40,0.94
0.756014,36.81,39.71,71.81,92.98,99.99,91.78,69.59,-1.57,-39.71,-71.81,-92.98,-99.99,-91.78,-69.59,-36.81,1.57
0.757008,36.23,40.29,72.25,93.21,99.98,91.52,69.14,-2.20,-40.29,-72.25,-93.21,-99.98,-91.52,-69.14,-36.23,2.20
0.758009,35.64,40.86,72.68,93.43,99.96,91.27,68.68,-2.83,-40.86,-72.68,-93.43,-99.96,-91.27,-68.68,-35.64,2.83
0.759010,35.05,41.44,73.11,93.65,99.94,91.01,68.23,-3.46,-41.44,-73.11,-93.65,-99.94,-91.01,-68.23,-35.05,3.46
0.760089,34.46,42.01,73.54,93.87,99.92,90.75,67.76,-4.08,-42.01,-73.54,-93.87,-99.92,-90.75,-67.76,-34.46,4.08
0.761009,33.87,42.58,73.96,94.09,99.89,90.48,67.30,-4.71,-42.58,-73.96,-94.09,-99.89,-90.48,-67.30,-33.87,4.71
0.762008,33.28,43.15,74.38,94.30,99.86,90.21,66.84,-5.34,-43.15,-74.38,-94.30,-99.86,-90.21,-66.84,-33.28,5.34
0.763064,32.69,43.71,74.80,94.51,99.82,89.94,66.37,-5.97,-43.71,-74.80,-94.51,-99.82,-89.94,-66.37,-32.69,5.97
0.764007,32.09,44.28,75.22,94.71,99.78,89.66,65.90,-6.59,-44.28,-75.22,-94.71,-99.78,-89.66,-65.90,-32.09,6.59
0.765007,31.50,44.84,75.63,94.91,99.74,89.38,65.42,-7.22,-44.84,-75.63,-94.91,-99.74,-89.38,-65.42,-31.50,7.22
0.766011,30.90,45.40,76.04,95.11,99.69,89.10,64.94,-7.85,-45.40,-76.04,-95.11,-99.69,-89.10,-64.94,-30.90,7.85
0.767164,30.30,45.96,76.45,95.30,99.64,88.81,64.47,-8.47,-45.96,-76.45,-95.30,-99.64,-88.81,-64.47,-30.30,8.47
0.768007,29.70,46.52,76.85,95.49,99.59,88.52,63.98,-9.10,-46.52,-76.85,-95.49,-99.59,-88.52,-63.98,-29.70,9.10
0.769010,29.10,47.07,77.25,95.67,99.53,88.23,63.50,-9.72,-47.07,-77.25,-95.67,-99.53,-88.23,-63.50,-29.10,9.72
0.770012,28.50,47.62,77.65,95.85,99.46,87.93,63.01,-10.35,-47.62,-77.65,-95.85,-99.46,-87.93,-63.01,-28.50,10.35
0.771077,27.90,48.18,78.04,96.03,99.40,87.63,62.52,-10.97,-48.18,-78.04,-96.03,-99.40,-87.63,-62.52,-27.90,10.97
0.772010,27.30,48.73,78.43,96.20,99.33,87.33,62.03,-11.60,-48.73,-78.43,-96.20,-99.33,-87.33,-62.03,-27.30,11.60
0.773012,26.69,49.27,78.82,96.37,99.25,87.02,61.54,-12.22,-49.27,-78.82,-96.37,-99.25,-87.02,-61.54,-26.69,12.22
0.774075,26.08,49.82,79.21,96.54,99.17,86.71,61.04,-12.84,-49.82,-79.21,-96.54,-99.17,-86.71,-61.04,-26.08,12.84
0.775011,25.48,50.36,79.59,96.70,99.09,86.39,60.54,-13.47,-50.36,-79.59,-96.70,-99.09,-86.39,-60.54,-25.48,13.47
0.776011,24.87,50.90,79.97,96.86,99.00,86.07,60.04,-14.09,-50.90,-79.97,-96.86,-99.00,-86.07,-60.04,-24.87,14.09
0.777078,24.26,51.44,80.34,97.01,98.91,85.75,59.54,-14.71,-51.44,-80.34,-97.01,-98.91,-85.75,-59.54,-24.26,14.71
0.778014,23.65,51.98,80.72,97.16,98.82,85.43,59.03,-15.33,-51.98,-80.72,-97.16,-98.82,-85.43,-59.03,-23.65,15.33
0.779090,23.04,52.52,81.09,97.31,98.72,85.10,58.52,-15.95,-52.52,-81.09,-97.31,-98.72,-85.10,-58.52,-23.04,15.95
0.780009,22.43,53.05,81.45,97.45,98.62,84.77,58.01,-16.57,-53.05,-81.45,-97.45,-98.62,-84.77,-58.01,-22.43,16.57
0.781009,21.81,53.58,81.81,97.59,98.51,84.43,57.50,-17.19,-53.58,-81.81,-97.59,-98.51,-84.43,-57.50,-21.81,17.19
0.782009,21.20,54.11,82.17,97.73,98.40,84.09,56.99,-17.81,-54.11,-82.17,-97.73,-98.40,-84.09,-56.99,-21.20,17.81
0.783010,20.59,54.64,82.53,97.86,98.29,83.75,56.47,-18.43,-54.64,-82.53,-97.86,-98.29,-83.75,-56.47,-20.59,18.43
0.784010,19.97,55.16,82.88,97.99,98.17,83.41,55.95,-19.05,-55.16,-82.88,-97.99,-98.17,-83.41,-55.95,-19.97,19.05
0.785010,19.35,55.69,83.23,98.11,98.05,83.06,55.43,-19.66,-55.69,-83.23,-98.11,-98.05,-83.06,-55.43,-19.35,19.66
0.786009,18.74,56.21,83.58,98.23,97.92,82.71,54.90,-20.28,-56.21,-83.58,-98.23,-97.92,-82.71,-54.90,-18.74,20.28
0.787010,18.12,56.73,83.92,98.34,97.79,82.35,54.38,-20.89,-56.73,-83.92,-98.34,-97.79,-82.35,-54.38,-18.12,20.89
0.788009,17.50,57.24,84.26,98.46,97.66,82.00,53.85,-21.51,-57.24,-84.26,-98.46,-97.66,-82.00,-53.85,-17.50,21.51
0.789014,16.88,57.76,84.60,98.56,97.52,81.63,53.32,-22.12,-57.76,-84.60,-98.56,-97.52,-81.63,-53.32,-16.88,22.12
0.790011,16.26,58.27,84.93,98.67,97.38,81.27,52.78,-22.73,-58.27,-84.93,-98.67,-97.38,-81.27,-52.78,-16.26,22.73
0.791012,15.64,58.78,85.26,98.77,97.24,80.90,52.25,-23.34,-58.78,-85.26,-98.77,-97.24,-80.90,-52.25,-15.64,23.34
0.792063,15.02,59.29,85.59,98.87,97.09,80.53,51.71,-23.96,-59.29,-85.59,-98.87,-97.09,-80.53,-51.71,-15.02,23.96
0.793008,14.40,59.79,85.91,98.96,96.94,80.16,51.17,-24.56,-59.79,-85.91,-98.96,-96.94,-80.16,-51.17,-14.40,24.56
0.794009,13.78,60.29,86.23,99.05,96.78,79.78,50.63,-25.17,-60.29,-86.23,-99.05,-96.78,-79.78,-50.63,-13.78,25.17
0.795078,13.16,60.79,86.55,99.13,96.62,79.40,50.09,-25.78,-60.79,-86.55,-99.13,-96.62,-79.40,-50.09,-13.16,25.78
0.796008,12.53,61.29,86.86,99.21,96.46,79.02,49.55,-26.39,-61.29,-86.86,-99.21,-96.46,-79.02,-49.55,-12.53,26.39
0.797010,11.91,61.79,87.17,99.29,96.29,78.63,49.00,-26.99,-61.79,-87.17,-99.29,-96.29,-78.63,-49.00,-11.91,26.99
0.798009,11.29,62.28,87.48,99.36,96.12,78.24,48.45,-27.60,-62.28,-87.48,-99.36,-96.12,-78.24,-48.45,-11.29,27.60
0.799008,10.66,62.77,87.78,99.43,95.94,77.85,47.90,-28.20,-62.77,-87.78,-99.43,-95.94,-77.85,-47.90,-10.66,28.20
0.800014,10.04,63.26,88.08,99.50,95.76,77.45,47.35,-28.80,-63.26,-88.08,-99.50,-95.76,-77.45,-47.35,-10.04,28.80
0.801009,9.41,63.74,88.38,99.56,95.58,77.05,46.79,-29.40,-63.74,-88.38,-99.56,-95.58,-77.05,-46.79,-9.41,29.40
0.802011,8.79,64.23,88.67,99.61,95.39,76.65,46.24,-30.00,-64.23,-88.67,-99.61,-95.39,-76.65,-46.24,-8.79,30.00
0.803011,8.16,64.71,88.96,99.67,95.20,76.24,45.68,-30.60,-64.71,-88.96,-99.67,-95.20,-76.24,-45.68,-8.16,30.60
0.804068,7.53,65.18,89.24,99.72,95.01,75.84,45.12,-31.20,-65.18,-89.24,-99.72,-95.01,-75.84,-45.12,-7.53,31.20
0.805011,6.91,65.66,89.52,99.76,94.81,75.43,44.56,-31.80,-65.66,-89.52,-99.76,-94.81,-75.43,-44.56,-6.91,31.80
0.806011,6.28,66.13,89.80,99.80,94.61,75.01,43.99,-32.39,-66.13,-89.80,-99.80,-94.61,-75.01,-43.99,-6.28,32.39
0.807010,5.65,66.60,90.08,99.84,94.40,74.59,43.43,-32.99,-66.60,-90.08,-99.84,-94.40,-74.59,-43.43,-5.65,32.99
0.808011,5.02,67.07,90.35,99.87,94.19,74.17,42.86,-33.58,-67.07,-90.35,-99.87,-94.19,-74.17,-42.86,-5.02,33.58
0.809066,4.40,67.53,90.62,99.90,93.98,73.75,42.29,-34.17,-67.53,-90.62,-99.90,-93.98,-73.75,-42.29,-4.40,34.17
0.810011,3.77,68.00,90.88,99.93,93.76,73.33,41.72,-34.76,-68.00,-90.88,-99.93,-93.76,-73.33,-41.72,-3.77,34.76
0.811014,3.14,68.45,91.14,99.95,93.54,72.90,41.15,-35.35,-68.45,-91.14,-99.95,-93.54,-72.90,-41.15,-3.14,35.35
0.812011,2.51,68.91,91.40,99.97,93.32,72.47,40.58,-35.93,-68.91,-91.40,-99.97,-93.32,-72.47,-40.58,-2.51,35.93
0.813010,1.88,69.37,91.65,99.98,93.09,72.03,40.00,-36.52,-69.37,-91.65,-99.98,-93.09,-72.03,-40.00,-1.88,36.52
0.814067,1.26,69.82,91.90,99.99,92.86,71.59,39.43,-37.10,-69.82,-91.90,-99.99,-92.86,-71.59,-39.43,-1.26,37.10
0.815010,0.63,70.27,92.15,100.00,92.63,71.15,38.85,-37.69,-70.26,-92.15,-100.00,-92.63,-71.15,-38.85,-0.63,37.69
0.816007,-0.00,70.71,92.39,100.00,92.39,70.71,38.27,-38.27,-70.71,-92.39,-100.00,-92.39,-70.71,-38.27,0.00,38.27
0.817011,-0.63,71.15,92.63,100.00,92.15,70.26,37.69,-38.85,-71.15,-92.63,-100.00,-92.15,-70.26,-37.69,0.63,38.85
0.818008,-1.26,71.59,92.86,99.99,91.90,69.82,37.10,-39.43,-71.59,-92.86,-99.99,-91.90,-69.82,-37.10,1.26,39.43
0.819010,-1.88,72.03,93.09,99.98,91.65,69.37,36.52,-40.00,-72.03,-93.09,-99.98,-91.65,-69.37,-36.52,1.88,40.00
0.820097,-2.51,72.47,93.32,99.97,91.40,68.91,35.93,-40.58,-72.47,-93.32,-99.97,-91.40,-68.91,-35.93,2.51,40.58
0.821008,-3.14,72.90,93.54,99.95,91.14,68.45,35.35,-41.15,-72.90,-93.54,-99.95,-91.14,-68.45,-35.35,3.14,41.15
0.822013,-3.77,73.33,93.76,99.93,90.88,68.00,34.76,-41.72,-73.33,-93.76,-99.93,-90.88,-68.00,-34.76,3.77,41.72
0.823008,-4.40,73.75,93.98,99.90,90.62,67.53,34.17,-42.29,-73.75,-93.98,-99.90,-90.62,-67.53,-34.17,4.40,42.29
0.824010,-5.02,74.17,94.19,99.87,90.35,67.07,33.58,-42.86,-74.17,-94.19,-99.87,-90.35,-67.07,-33.58,5.02,42.86
0.825066,-5.65,74.59,94.40,99.84,90.08,66.60,32.99,-43.43,-74.59,-94.40,-99.84,-90.08,-66.60,-32.99,5.65,43.43
0.826009,-6.28,75.01,94.61,99.80,89.80,66.13,32.39,-43.99,-75.01,-94.61,-99.80,-89.80,-66.13,-32.39,6.28,43.99
0.827010,-6.91,75.43,94.81,99.76,89.52,65.66,31.80,-44.56,-75.43,-94.81,-99.76,-89.52,-65.66,-31.80,6.91,44.56
0.828010,-7.53,75.84,95.01,99.72,89.24,65.18,31.20,-45.12,-75.84,-95.01,-99.72,-89.24,-65.18,-31.20,7.53,45.12
0.829065,-8.16,76.24,95.20,99.67,88.96,64.71,30.60,-45.68,-76.24,-95.20,-99.67,-88.96,-64.71,-30.60,8.16,45.68
0.830010,-8.79,76.65,95.39,99.61,88.67,64.23,30.00,-46.24,-76.65,-95.39,-99.61,-88.67,-64.23,-30.00,8.79,46.24
0.831010,-9.41,77.05,95.58,99.56,88.38,63.74,29.40,-46.79,-77.05,-95.58,-99.56,-88.38,-63.74,-29.40,9.41,46.79
0.832009,-10.04,77.45,95.76,99.50,88.08,63.26,28.80,-47.35,-77.45,-95.76,-99.50,-88.08,-63.26,-28.80,10.04,47.35
0.833165,-10.66,77.85,95.94,99.43,87.78,62.77,28.20,-47.90,-77.85,-95.94,-99.43,-87.78,-62.77,-28.20,10.66,47.90
0.834010,-11.29,78.24,96.12,99.36,87.48,62.28,27.60,-48.45,-78.24,-96.12,-99.36,-87.48,-62.28,-27.60,11.29,48.45
0.835012,-11.91,78.63,96.29,99.29,87.17,61.79,26.99,-49.00,-78.63,-96.29,-99.29,-87.17,-61.79,-26.99,11.91,49.00
0.836009,-12.53,79.02,96.46,99.21,86.86,61.29,26.39,-49.55,-79.02,-96.46,-99.21,-86.86,-61.29,-26.39,12.53,49.55
0.837009,-13.16,79.40,96.62,99.13,86.55,60.79,25.78,-50.09,-79.40,-96.62,-99.13,-86.55,-60.79,-25.78,13.16,50.09
0.838012,-13.78,79.78,96.78,99.05,86.23,60.29,25.17,-50.63,-79.78,-96.78,-99.05,-86.23,-60.29,-25.17,13.78,50.63
0.839008,-14.40,80.16,96.94,98.96,85.91,59.79,24.56,-51.17,-80.16,-96.94,-98.96,-85.91,-59.79,-24.56,14.40,51.17
0.840010,-15.02,80.53,97.09,98.87,85.59,59.29,23.95,-51.71,-80.53,-97.09,-98.87,-85.59,-59.29,-23.96,15.02,51.71
0.841011,-15.64,80.90,97.24,98.77,85.26,58.78,23.34,-52.25,-80.90,-97.24,-98.77,-85.26,-58.78,-23.34,15.64,52.25
0.842012,-16.26,81.27,97.38,98.67,84.93,58.27,22.73,-52.78,-81.27,-97.38,-98.67,-84.93,-58.27,-22.73,16.26,52.78
0.843008,-16.88,81.63,97.52,98.56,84.60,57.76,22.12,-53.32,-81.63,-97.52,-98.56,-84.60,-57.76,-22.12,16.88,53.32
0.844012,-17.50,82.00,97.66,98.46,84.26,57.24,21.51,-53.85,-82.00,-97.66,-98.46,-84.26,-57.24,-21.51,17.50,53.85
0.845010,-18.12,82.35,97.79,98.34,83.92,56.73,20.89,-54.38,-82.35,-97.79,-98.34,-83.92,-56.73,-20.89,18.12,54.38
0.846011,-18.74,82.71,97.92,98.23,83.58,56.21,20.28,-54.90,-82.71,-97.92,-98.23,-83.58,-56.21,-20.28,18.74,54.90
0.847079,-19.35,83.06,98.05,98.11,83.23,55.69,19.66,-55.43,-83.06,-98.05,-98.11,-83.23,-55.69,-19.66,19.35,55.43
0.848011,-19.97,83.41,98.17,97.99,82.88,55.16,19.05,-55.95,-83.41,-98.17,-97.99,-82.88,-55.16,-19.05,19.97,55.95
0.849010,-20.59,83.75,98.29,97.86,82.53,54.64,18.43,-56.47,-83.75,-98.29,-97.86,-82.53,-54.64,-18.43,20.59,56.47
0.850010,-21.20,84.09,98.40,97.73,82.17,54.11,17.81,-56.99,-84.09,-98.40,-97.73,-82.17,-54.11,-17.81,21.20,56.99
0.851010,-21.81,84.43,98.51,97.59,81.81,53.58,17.19,-57.50,-84.43,-98.51,-97.59,-81.81,-53.58,-17.19,21.81,57.50
0.852008,-22.43,84.77,98.62,97.45,81.45,53.05,16.57,-58.01,-84.77,-98.62,-97.45,-81.45,-53.05,-16.57,22.43,58.01
0.853010,-23.04,85.10,98.72,97.31,81.09,52.52,15.95,-58.52,-85.10,-98.72,-97.31,-81.09,-52.52,-15.95,23.04,58.52
0.854010,-23.65,85.43,98.82,97.16,80.72,51.98,15.33,-59.03,-85.43,-98.82,-97.16,-80.72,-51.98,-15.33,23.65,59.03
0.855013,-24.26,85.75,98.91,97.01,80.34,51.44,14.71,-59.54,-85.75,-98.91,-97.01,-80.34,-51.44,-14.71,24.26,59.54
0.856008,-24.87,86.07,99.00,96.86,79.97,50.90,14.09,-60.04,-86.07,-99.00,-96.86,-79.97,-50.90,-14.09,24.87,60.04
0.857009,-25.48,86.39,99.09,96.70,79.59,50.36,13.47,-60.54,-86.39,-99.09,-96.70,-79.59,-50.36,-13.47,25.48,60.54
0.858009,-26.08,86.71,99.17,96.54,79.21,49.82,12.84,-61.04,-86.71,-99.17,-96.54,-79.21,-49.82,-12.84,26.08,61.04
0.859074,-26.69,87.02,99.25,96.37,78.82,49.27,12.22,-61.54,-87.02,-99.25,-96.37,-78.82,-49.27,-12.22,26.69,61.54
0.860011,-27.30,87.33,99.33,96.20,78.43,48.72,11.60,-62.03,-87.33,-99.33,-96.20,-78.43,-48.73,-11.60,27.30,62.03
0.861011,-27.90,87.63,99.40,96.03,78.04,48.18,10.97,-62.52,-87.63,-99.40,-96.03,-78.04,-48.18,-10.97,27.90,62.52
0.862012,-28.50,87.93,99.46,95.85,77.65,47.62,10.35,-63.01,-87.93,-99.46,-95.85,-77.65,-47.62,-10.35,28.50,63.01
0.863012,-29.10,88.23,99.53,95.67,77.25,47.07,9.72,-63.50,-88.23,-99.53,-95.67,-77.25,-47.07,-9.72,29.10,63.50
0.864009,-29.70,88.52,99.59,95.49,76.85,46.52,9.10,-63.98,-88.52,-99.59,-95.49,-76.85,-46.52,-9.10,29.70,63.98
0.865010,-30.30,88.81,99.64,95.30,76.45,45.96,8.47,-64.47,-88.81,-99.64,-95.30,-76.45,-45.96,-8.47,30.30,64.47
0.866163,-30.90,89.10,99.69,95.11,76.04,45.40,7.85,-64.94,-89.10,-99.69,-95.11,-76.04,-45.40,-7.85,30.90,64.94
0.867010,-31.50,89.38,99.74,94.91,75.63,44.84,7.22,-65.42,-89.38,-99.74,-94.91,-75.63,-44.84,-7.22,31.50,65.42
0.868011,-32.09,89.66,99.78,94.71,75.22,44.28,6.59,-65.90,-89.66,-99.78,-94.71,-75.22,-44.28,-6.59,32.09,65.90
0.869009,-32.69,89.94,99.82,94.51,74.80,43.71,5.97,-66.37,-89.94,-99.82,-94.51,-74.80,-43.71,-5.97,32.69,66.37
0.870011,-33.28,90.21,99.86,94.30,74.38,43.15,5.34,-66.84,-90.21,-99.86,-94.30,-74.38,-43.15,-5.34,33.28,66.84
0.871011,-33.87,90.48,99.89,94.09,73.96,42.58,4.71,-67.30,-90.48,-99.89,-94.09,-73.96,-42.58,-4.71,33.87,67.30
0.872066,-34.46,90.75,99.92,93.87,73.54,42.01,4.08,-67.76,-90.75,-99.92,-93.87,-73.54,-42.01,-4.08,34.46,67.76
0.873013,-35.05,91.01,99.94,93.65,73.11,41.44,3.46,-68.23,-91.01,-99.94,-93.65,-73.11,-41.44,-3.46,35.05,68.23
0.874007,-35.64,91.27,99.96,93.43,72.68,40.86,2.83,-68.68,-91.27,-99.96,-93.43,-72.68,-40.86,-2.83,35.64,68.68
0.875007,-36.23,91.52,99.98,93.21,72.25,40.29,2.20,-69.14,-91.52,-99.98,-93.21,-72.25,-40.29,-2.20,36.23,69.14
0.876008,-36.81,91.78,99.99,92.98,71.81,39.71,1.57,-69.59,-91.78,-99.99,-92.98,-71.81,-39.71,-1.57,36.81,69.59
0.877013,-37.40,92.02,100.00,92.74,71.37,39.14,0.94,-70.04,-92.02,-100.00,-92.74,-71.37,-39.14,-0.94,37.40,70.04
0.878010,-37.98,92.27,100.00,92.51,70.93,38.56,0.31,-70.49,-92.27,-100.00,-92.51,-70.93,-38.56,-0.31,37.98,70.49
0.879010,-38.56,92.51,100.00,92.27,70.49,37.98,-0.31,-70.93,-92.51,-100.00,-92.27,-70.49,-37.98,0.31,38.56,70.93
0.880009,-39.14,92.74,100.00,92.02,70.04,37.40,-0.94,-71.37,-92.74,-100.00,-92.02,-70.04,-37.40,0.94,39.14,71.37
0.881079,-39.71,92.98,99.99,91.78,69.59,36.81,-1.57,-71.81,-92.98,-99.99,-91.78,-69.59,-36.81,1.57,39.71,71.81
0.882012,-40.29,93.21,99.98,91.52,69.14,36.23,-2.20,-72.25,-93.21,-99.98,-91.52,-69.14,-36.23,2.20,40.29,72.25
0.883009,-40.86,93.43,99.96,91.27,68.68,35.64,-2.83,-72.68,-93.43,-99.96,-91.27,-68.68,-35.64,2.83,40.86,72.68
0.884010,-41.44,93.65,99.94,91.01,68.23,35.05,-3.46,-73.11,-93.65,-99.94,-91.01,-68.23,-35.05,3.46,41.44,73.11
0.885008,-42.01,93.87,99.92,90.75,67.76,34.46,-4.08,-73.54,-93.87,-99.92,-90.75,-67.76,-34.46,4.08,42.01,73.54
0.886008,-42.58,94.09,99.89,90.48,67.30,33.87,-4.71,-73.96,-94.09,-99.89,-90.48,-67.30,-33.87,4.71,42.58,73.96
0.887009,-43.15,94.30,99.86,90.21,66.84,33.28,-5.34,-74.38,-94.30,-99.86,-90.21,-66.84,-33.28,5.34,43.15,74.38
0.888013,-43.71,94.51,99.82,89.94,66.37,32.69,-5.97,-74.80,-94.51,-99.82,-89.94,-66.37,-32.69,5.97,43.71,74.80
0.889007,-44.28,94.71,99.78,89.66,65.90,32.09,-6.59,-75.22,-94.71,-99.78,-89.66,-65.90,-32.09,6.59,44.28,75.22
0.890010,-44.84,94.91,99.74,89.38,65.42,31.50,-7.22,-75.63,-94.91,-99.74,-89.38,-65.42,-31.50,7.22,44.84,75.63
0.891080,-45.40,95.11,99.69,89.10,64.94,30.90,-7.85,-76.04,-95.11,-99.69,-89.10,-64.94,-30.90,7.85,45.40,76.04
0.892010,-45.96,95.30,99.64,88.81,64.47,30.30,-8.47,-76.45,-95.30,-99.64,-88.81,-64.47,-30.30,8.47,45.96,76.45
0.893011,-46.52,95.49,99.59,88.52,63.98,29.70,-9.10,-76.85,-95.49,-99.59,-88.52,-63.98,-29.70,9.10,46.52,76.85
0.894008,-47.07,95.67,99.53,88.23,63.50,29.10,-9.72,-77.25,-95.67,-99.53,-88.23,-63.50,-29.10,9.72,47.07,77.25
0.895008,-47.62,95.85,99.46,87.93,63.01,28.50,-10.35,-77.65,-95.85,-99.46,-87.93,-63.01,-28.50,10.35,47.62,77.65
0.896007,-48.18,96.03,99.40,87.63,62.52,27.90,-10.97,-78.04,-96.03,-99.40,-87.63,-62.52,-27.90,10.97,48.18,78.04
0.897010,-48.73,96.20,99.33,87.33,62.03,27.30,-11.60,-78.43,-96.20,-99.33,-87.33,-62.03,-27.30,11.60,48.73,78.43
0.898008,-49.27,96.37,99.25,87.02,61.54,26.69,-12.22,-78.82,-96.37,-99.25,-87.02,-61.54,-26.69,12.22,49.27,78.82
0.899013,-49.82,96.54,99.17,86.71,61.04,26.08,-12.84,-79.21,-96.54,-99.17,-86.71,-61.04,-26.08,12.84,49.82,79.21
0.900010,-50.36,96.70,99.09,86.39,60.54,25.48,-13.47,-79.59,-96.70,-99.09,-86.39,-60.54,-25.48,13.47,50.36,79.59
0.901008,-50.90,96.86,99.00,86.07,60.04,24.87,-14.09,-79.97,-96.86,-99.00,-86.07,-60.04,-24.87,14.09,50.90,79.97
0.902010,-51.44,97.01,98.91,85.75,59.54,24.26,-14.71,-80.34,-97.01,-98.91,-85.75,-59.54,-24.26,14.71,51.44,80.34
0.903013,-51.98,97.16,98.82,85.43,59.03,23.65,-15.33,-80.72,-97.16,-98.82,-85.43,-59.03,-23.65,15.33,51.98,80.72
0.904076,-52.52,97.31,98.72,85.10,58.52,23.04,-15.95,-81.09,-97.31,-98.72,-85.10,-58.52,-23.04,15.95,52.52,81.09
0.905011,-53.05,97.45,98.62,84.77,58.01,22.43,-16.57,-81.45,-97.45,-98.62,-84.77,-58.01,-22.43,16.57,53.05,81.45
0.906009,-53.58,97.59,98.51,84.43,57.50,21.81,-17.19,-81.81,-97.59,-98.51,-84.43,-57.50,-21.81,17.19,53.58,81.81
0.907009,-54.11,97.73,98.40,84.09,56.99,21.20,-17.81,-82.17,-97.73,-98.40,-84.09,-56.99,-21.20,17.81,54.11,82.17
0.908009,-54.64,97.86,98.29,83.75,56.47,20.59,-18.43,-82.53,-97.86,-98.29,-83.75,-56.47,-20.59,18.43,54.64,82.53
0.909009,-55.16,97.99,98.17,83.41,55.95,19.97,-19.05,-82.88,-97.99,-98.17,-83.41,-55.95,-19.97,19.05,55.16,82.88
0.910015,-55.69,98.11,98.05,83.06,55.43,19.35,-19.66,-83.23,-98.11,-98.05,-83.06,-55.43,-19.35,19.66,55.69,83.23
0.911010,-56.21,98.23,97.92,82.71,54.90,18.74,-20.28,-83.58,-98.23,-97.92,-82.71,-54.90,-18.74,20.28,56.21,83.58
0.912009,-56.73,98.34,97.79,82.35,54.38,18.12,-20.89,-83.92,-98.34,-97.79,-82.35,-54.38,-18.12,20.89,56.73,83.92
0.913076,-57.24,98.46,97.66,82.00,53.85,17.50,-21.51,-84.26,-98.46,-97.66,-82.00,-53.85,-17.50,21.51,57.24,84.26
0.914010,-57.76,98.56,97.52,81.63,53.32,16.88,-22.12,-84.60,-98.56,-97.52,-81.63,-53.32,-16.88,22.12,57.76,84.60
0.915011,-58.27,98.67,97.38,81.27,52.78,16.26,-22.73,-84.93,-98.67,-97.38,-81.27,-52.78,-16.26,22.73,58.27,84.93
0.916076,-58.78,98.77,97.24,80.90,52.25,15.64,-23.34,-85.26,-98.77,-97.24,-80.90,-52.25,-15.64,23.34,58.78,85.26
0.917011,-59.29,98.87,97.09,80.53,51.71,15.02,-23.96,-85.59,-98.87,-97.09,-80.53,-51.71,-15.02,23.96,59.29,85.59
0.918009,-59.79,98.96,96.94,80.16,51.17,14.40,-24.56,-85.91,-98.96,-96.94,-80.16,-51.17,-14.40,24.56,59.79,85.91
0.919067,-60.29,99.05,96.78,79.78,50.63,13.78,-25.17,-86.23,-99.05,-96.78,-79.78,-50.63,-13.78,25.17,60.29,86.23
0.920010,-60.79,99.13,96.62,79.40,50.09,13.16,-25.78,-86.55,-99.13,-96.62,-79.40,-50.09,-13.16,25.78,60.79,86.55
0.921013,-61.29,99.21,96.46,79.02,49.55,12.53,-26.39,-86.86,-99.21,-96.46,-79.02,-49.55,-12.53,26.39,61.29,86.86
0.922013,-61.79,99.29,96.29,78.63,49.00,11.91,-26.99,-87.17,-99.29,-96.29,-78.63,-49.00,-11.91,26.99,61.79,87.17
0.923011,-62.28,99.36,96.12,78.24,48.45,11.29,-27.60,-87.48,-99.36,-96.12,-78.24,-48.45,-11.29,27.60,62.28,87.48
0.924072,-62.77,99.43,95.94,77.85,47.90,10.66,-28.20,-87.78,-99.43,-95.94,-77.85,-47.90,-10.66,28.20,62.77,87.78
0.925011,-63.26,99.50,95.76,77.45,47.35,10.04,-28.80,-88.08,-99.50,-95.76,-77.45,-47.35,-10.04,28.80,63.26,88.08
0.926007,-63.74,99.56,95.58,77.05,46.79,9.41,-29.40,-88.38,-99.56,-95.58,-77.05,-46.79,-9.41,29.40,63.74,88.38
0.927010,-64.23,99.61,95.39,76.65,46.24,8.79,-30.00,-88.67,-99.61,-95.39,-76.65,-46.24,-8.79,30.00,64.23,88.67
0.928007,-64.71,99.67,95.20,76.24,45.68,8.16,-30.60,-88.96,-99.67,-95.20,-76.24,-45.68,-8.16,30.60,64.71,88.96
0.929011,-65.18,99.72,95.01,75.84,45.12,7.53,-31.20,-89.24,-99.72,-95.01,-75.84,-45.12,-7.53,31.20,65.18,89.24
0.930011,-65.66,99.76,94.81,75.43,44.56,6.91,-31.80,-89.52,-99.76,-94.81,-75.43,-44.56,-6.91,31.80,65.66,89.52
0.931010,-66.13,99.80,94.61,75.01,43.99,6.28,-32.39,-89.80,-99.80,-94.61,-75.01,-43.99,-6.28,32.39,66.13,89.80
0.932013,-66.60,99.84,94.40,74.59,43.43,5.65,-32.99,-90.08,-99.84,-94.40,-74.59,-43.43,-5.65,32.99,66.60,90.08
0.933009,-67.07,99.87,94.19,74.17,42.86,5.02,-33.58,-90.35,-99.87,-94.19,-74.17,-42.86,-5.02,33.58,67.07,90.35
0.934008,-67.53,99.90,93.98,73.75,42.29,4.40,-34.17,-90.62,-99.90,-93.98,-73.75,-42.29,-4.40,34.17,67.53,90.62
0.935009,-68.00,99.93,93.76,73.33,41.72,3.77,-34.76,-90.88,-99.93,-93.76,-73.33,-41.72,-3.77,34.76,68.00,90.88
0.936072,-68.45,99.95,93.54,72.90,41.15,3.14,-35.35,-91.14,-99.95,-93.54,-72.90,-41.15,-3.14,35.35,68.45,91.14
0.937010,-68.91,99.97,93.32,72.47,40.58,2.51,-35.93,-91.40,-99.97,-93.32,-72.47,-40.58,-2.51,35.93,68.91,91.40
0.938009,-69.37,99.98,93.09,72.03,40.00,1.88,-36.52,-91.65,-99.98,-93.09,-72.03,-40.00,-1.88,36.52,69.37,91.65
0.939072,-69.82,99.99,92.86,71.59,39.43,1.26,-37.10,-91.90,-99.99,-92.86,-71.59,-39.43,-1.26,37.10,69.82,91.90
0.940010,-70.26,100.00,92.63,71.15,38.85,0.63,-37.69,-92.15,-100.00,-92.63,-71.15,-38.85,-0.63,37.69,70.27,92.15
0.941011,-70.71,100.00,92.39,70.71,38.27,-0.00,-38.27,-92.39,-100.00,-92.39,-70.71,-38.27,0.00,38.27,70.71,92.39
0.942011,-71.15,100.00,92.15,70.26,37.69,-0.63,-38.85,-92.63,-100.00,-92.15,-70.26,-37.69,0.63,38.85,71.15,92.63
0.943013,-71.59,99.99,91.90,69.82,37.10,-1.26,-39.43,-92.86,-99.99,-91.90,-69.82,-37.10,1.26,39.43,71.59,92.86
0.944008,-72.03,99.98,91.65,69.37,36.52,-1.88,-40.00,-93.09,-99.98,-91.65,-69.37,-36.52,1.88,40.00,72.03,93.09
0.945010,-72.47,99.97,91.40,68.91,35.93,-2.51,-40.58,-93.32,-99.97,-91.40,-68.91,-35.93,2.51,40.58,72.47,93.32
0.946072,-72.90,99.95,91.14,68.45,35.35,-3.14,-41.15,-93.54,-99.95,-91.14,-68.45,-35.35,3.14,41.15,72.90,93.54
0.947009,-73.33,99.93,90.88,68.00,34.76,-3.77,-41.72,-93.76,-99.93,-90.88,-68.00,-34.76,3.77,41.72,73.33,93.76
0.948010,-73.75,99.90,90.62,67.53,34.17,-4.40,-42.29,-93.98,-99.90,-90.62,-67.53,-34.17,4.40,42.29,73.75,93.98
0.949012,-74.17,99.87,90.35,67.07,33.58,-5.02,-42.86,-94.19,-99.87,-90.35,-67.07,-33.58,5.02,42.86,74.17,94.19
0.950013,-74.59,99.84,90.08,66.60,32.99,-5.65,-43.43,-94.40,-99.84,-90.08,-66.60,-32.99,5.65,43.43,74.59,94.40
0.951012,-75.01,99.80,89.80,66.13,32.39,-6.28,-43.99,-94.61,-99.80,-89.80,-66.13,-32.39,6.28,43.99,75.01,94.61
0.952073,-75.43,99.76,89.52,65.66,31.80,-6.91,-44.56,-94.81,-99.76,-89.52,-65.66,-31.80,6.91,44.56,75.43,94.81
0.953011,-75.84,99.72,89.24,65.18,31.20,-7.53,-45.12,-95.01,-99.72,-89.24,-65.18,-31.20,7.53,45.12,75.84,95.01
0.954014,-76.24,99.67,88.96,64.71,30.60,-8.16,-45.68,-95.20,-99.67,-88.96,-64.71,-30.60,8.16,45.68,76.24,95.20
0.955008,-76.65,99.61,88.67,64.23,30.00,-8.79,-46.24,-95.39,-99.61,-88.67,-64.23,-30.00,8.79,46.24,76.65,95.39
0.956008,-77.05,99.56,88.38,63.74,29.40,-9.41,-46.79,-95.58,-99.56,-88.38,-63.74,-29.40,9.41,46.79,77.05,95.58
0.957078,-77.45,99.50,88.08,63.26,28.80,-10.04,-47.35,-95.76,-99.50,-88.08,-63.26,-28.80,10.04,47.35,77.45,95.76
0.958011,-77.85,99.43,87.78,62.77,28.20,-10.66,-47.90,-95.94,-99.43,-87.78,-62.77,-28.20,10.66,47.90,77.85,95.94
0.959011,-78.24,99.36,87.48,62.28,27.60,-11.29,-48.45,-96.12,-99.36,-87.48,-62.28,-27.60,11.29,48.45,78.24,96.12
0.960095,-78.63,99.29,87.17,61.79,26.99,-11.91,-49.00,-96.29,-99.29,-87.17,-61.79,-26.99,11.91,49.00,78.63,96.29
0.961008,-79.02,99.21,86.86,61.29,26.39,-12.53,-49.55,-96.46,-99.21,-86.86,-61.29,-26.39,12.53,49.55,79.02,96.46
0.962008,-79.40,99.13,86.55,60.79,25.78,-13.16,-50.09,-96.62,-99.13,-86.55,-60.79,-25.78,13.16,50.09,79.40,96.62
0.963012,-79.78,99.05,86.23,60.29,25.17,-13.78,-50.63,-96.78,-99.05,-86.23,-60.29,-25.17,13.78,50.63,79.78,96.78
0.964009,-80.16,98.96,85.91,59.79,24.56,-14.40,-51.17,-96.94,-98.96,-85.91,-59.79,-24.56,14.40,51.17,80.16,96.94
0.965169,-80.53,98.87,85.59,59.29,23.95,-15.02,-51.71,-97.09,-98.87,-85.59,-59.29,-23.96,15.02,51.71,80.53,97.09
0.966008,-80.90,98.77,85.26,58.78,23.34,-15.64,-52.25,-97.24,-98.77,-85.26,-58.78,-23.34,15.64,52.25,80.90,97.24
0.967012,-81.27,98.67,84.93,58.27,22.73,-16.26,-52.78,-97.38,-98.67,-84.93,-58.27,-22.73,16.26,52.78,81.27,97.38
0.968010,-81.63,98.56,84.60,57.76,22.12,-16.88,-53.32,-97.52,-98.56,-84.60,-57.76,-22.12,16.88,53.32,81.63,97.52
0.969009,-82.00,98.46,84.26,57.24,21.51,-17.50,-53.85,-97.66,-98.46,-84.26,-57.24,-21.51,17.50,53.85,82.00,97.66
0.970090,-82.35,98.34,83.92,56.73,20.89,-18.12,-54.38,-97.79,-98.34,-83.92,-56.73,-20.89,18.12,54.38,82.35,97.79
0.971008,-82.71,98.23,83.58,56.21,20.28,-18.74,-54.90,-97.92,-98.23,-83.58,-56.21,-20.28,18.74,54.90,82.71,97.92
0.972008,-83.06,98.11,83.23,55.69,19.66,-19.35,-55.43,-98.05,-98.11,-83.23,-55.69,-19.66,19.35,55.43,83.06,98.05
0.973009,-83.41,97.99,82.88,55.16,19.05,-19.97,-55.95,-98.17,-97.99,-82.88,-55.16,-19.05,19.97,55.95,83.41,98.17
0.974008,-83.75,97.86,82.53,54.64,18.43,-20.59,-56.47,-98.29,-97.86,-82.53,-54.64,-18.43,20.59,56.47,83.75,98.29
0.975010,-84.09,97.73,82.17,54.11,17.81,-21.20,-56.99,-98.40,-97.73,-82.17,-54.11,-17.81,21.20,56.99,84.09,98.40
0.976013,-84.43,97.59,81.81,53.58,17.19,-21.81,-57.50,-98.51,-97.59,-81.81,-53.58,-17.19,21.81,57.50,84.43,98.51
0.977008,-84.77,97.45,81.45,53.05,16.57,-22.43,-58.01,-98.62,-97.45,-81.45,-53.05,-16.57,22.43,58.01,84.77,98.62
0.978007,-85.10,97.31,81.09,52.52,15.95,-23.04,-58.52,-98.72,-97.31,-81.09,-52.52,-15.95,23.04,58.52,85.10,98.72
0.979008,-85.43,97.16,80.72,51.98,15.33,-23.65,-59.03,-98.82,-97.16,-80.72,-51.98,-15.33,23.65,59.03,85.43,98.82
0.980007,-85.75,97.01,80.34,51.44,14.71,-24.26,-59.54,-98.91,-97.01,-80.34,-51.44,-14.71,24.26,59.54,85.75,98.91
0.981008,-86.07,96.86,79.97,50.90,14.09,-24.87,-60.04,-99.00,-96.86,-79.97,-50.90,-14.09,24.87,60.04,86.07,99.00
0.982090,-86.39,96.70,79.59,50.36,13.47,-25.48,-60.54,-99.09,-96.70,-79.59,-50.36,-13.47,25.48,60.54,86.39,99.09
0.983010,-86.71,96.54,79.21,49.82,12.84,-26.08,-61.04,-99.17,-96.54,-79.21,-49.82,-12.84,26.08,61.04,86.71,99.17
0.984009,-87.02,96.37,78.82,49.27,12.22,-26.69,-61.54,-99.25,-96.37,-78.82,-49.27,-12.22,26.69,61.54,87.02,99.25
0.985011,-87.33,96.20,78.43,48.72,11.60,-27.30,-62.03,-99.33,-96.20,-78.43,-48.72,-11.60,27.30,62.03,87.33,99.33
0.986011,-87.63,96.03,78.04,48.18,10.97,-27.90,-62.52,-99.40,-96.03,-78.04,-48.18,-10.97,27.90,62.52,87.63,99.40
0.987013,-87.93,95.85,77.65,47.62,10.35,-28.50,-63.01,-99.46,-95.85,-77.65,-47.62,-10.35,28.50,63.01,87.93,99.46
0.988008,-88.23,95.67,77.25,47.07,9.72,-29.10,-63.50,-99.53,-95.67,-77.25,-47.07,-9.72,29.10,63.50,88.23,99.53
0.989009,-88.52,95.49,76.85,46.52,9.10,-29.70,-63.98,-99.59,-95.49,-76.85,-46.52,-9.10,29.70,63.98,88.52,99.59
0.990092,-88.81,95.30,76.45,45.96,8.47,-30.30,-64.47,-99.64,-95.30,-76.45,-45.96,-8.47,30.30,64.47,88.81,99.64
0.991007,-89.10,95.11,76.04,45.40,7.85,-30.90,-64.94,-99.69,-95.11,-76.04,-45.40,-7.85,30.90,64.94,89.10,99.69
0.992008,-89.38,94.91,75.63,44.84,7.22,-31.50,-65.42,-99.74,-94.91,-75.63,-44.84,-7.22,31.50,65.42,89.38,99.74
0.993010,-89.66,94.71,75.22,44.28,6.59,-32.09,-65.90,-99.78,-94.71,-75.22,-44.28,-6.59,32.09,65.90,89.66,99.78
0.994010,-89.94,94.51,74.80,43.71,5.97,-32.69,-66.37,-99.82,-94.51,-74.80,-43.71,-5.97,32.69,66.37,89.94,99.82
0.995010,-90.21,94.30,74.38,43.15,5.34,-33.28,-66.84,-99.86,-94.30,-74.38,-43.15,-5.34,33.28,66.84,90.21,99.86
0.996008,-90.48,94.09,73.96,42.58,4.71,-33.87,-67.30,-99.89,-94.09,-73.96,-42.58,-4.71,33.87,67.30,90.48,99.89
0.997009,-90.75,93.87,73.54,42.01,4.08,-34.46,-67.76,-99.92,-93.87,-73.54,-42.01,-4.08,34.46,67.76,90.75,99.92
0.998014,-91.01,93.65,73.11,41.44,3.46,-35.05,-68.23,-99.94,-93.65,-73.11,-41.44,-3.46,35.05,68.23,91.01,99.94
0.999009,-91.27,93.43,72.68,40.86,2.83,-35.64,-68.68,-99.96,-93.43,-72.68,-40.86,-2.83,35.64,68.68,91.27,99.96
1.000009,-91.52,93.21,72.25,40.29,2.20,-36.23,-69.14,-99.98,-93.21,-72.25,-40.29,-2.20,36.23,69.14,91.52,99.98
1.001011,-91.78,92.98,71.81,39.71,1.57,-36.81,-69.59,-99.99,-92.98,-71.81,-39.71,-1.57,36.81,69.59,91.78,99.99
1.002013,-92.02,92.74,71.37,39.14,0.94,-37.40,-70.04,-100.00,-92.74,-71.37,-39.14,-0.94,37.40,70.04,92.02,100.00
1.003009,-92.27,92.51,70.93,38.56,0.31,-37.98,-70.49,-100.00,-92.51,-70.93,-38.56,-0.31,37.98,70.49,92.27,100.00
1.004063,-92.51,92.27,70.49,37.98,-0.31,-38.56,-70.93,-100.00,-92.27,-70.49,-37.98,0.31,38.56,70.93,92.51,100.00
1.005010,-92.74,92.02,70.04,37.40,-0.94,-39.14,-71.37,-100.00,-92.02,-70.04,-37.40,0.94,39.14,71.37,92.74,100.00
1.006008,-92.98,91.78,69.59,36.81,-1.57,-39.71,-71.81,-99.99,-91.78,-69.59,-36.81,1.57,39.71,71.81,92.98,99.99
1.007010,-93.21,91.52,69.14,36.23,-2.20,-40.29,-72.25,-99.98,-91.52,-69.14,-36.23,2.20,40.29,72.25,93.21,99.98
1.008076,-93.43,91.27,68.68,35.64,-2.83,-40.86,-72.68,-99.96,-91.27,-68.68,-35.64,2.83,40.86,72.68,93.43,99.96
1.009014,-93.65,91.01,68.23,35.05,-3.46,-41.44,-73.11,-99.94,-91.01,-68.23,-35.05,3.46,41.44,73.11,93.65,99.94
1.010012,-93.87,90.75,67.76,34.46,-4.08,-42.01,-73.54,-99.92,-90.75,-67.76,-34.46,4.08,42.01,73.54,93.87,99.92
1.011010,-94.09,90.48,67.30,33.87,-4.71,-42.58,-73.96,-99.89,-90.48,-67.30,-33.87,4.71,42.58,73.96,94.09,99.89
1.012007,-94.30,90.21,66.84,33.28,-5.34,-43.15,-74.38,-99.86,-90.21,-66.84,-33.28,5.34,43.15,74.38,94.30,99.86
1.013008,-94.51,89.94,66.37,32.69,-5.97,-43.71,-74.80,-99.82,-89.94,-66.37,-32.69,5.97,43.71,74.80,94.51,99.82
1.014009,-94.71,89.66,65.90,32.09,-6.59,-44.28,-75.22,-99.78,-89.66,-65.90,-32.09,6.59,44.28,75.22,94.71,99.78
1.015009,-94.91,89.38,65.42,31.50,-7.22,-44.84,-75.63,-99.74,-89.38,-65.42,-31.50,7.22,44.84,75.63,94.91,99.74
1.016009,-95.11,89.10,64.94,30.90,-7.85,-45.40,-76.04,-99.69,-89.10,-64.94,-30.90,7.85,45.40,76.04,95.11,99.69
1.017009,-95.30,88.81,64.47,30.30,-8.47,-45.96,-76.45,-99.64,-88.81,-64.47,-30.30,8.47,45.96,76.45,95.30,99.64
1.018062,-95.49,88.52,63.98,29.70,-9.10,-46.52,-76.85,-99.59,-88.52,-63.98,-29.70,9.10,46.52,76.85,95.49,99.59
1.019008,-95.67,88.23,63.50,29.10,-9.72,-47.07,-77.25,-99.53,-88.23,-63.50,-29.10,9.72,47.07,77.25,95.67,99.53
1.020015,-95.85,87.93,63.01,28.50,-10.35,-47.62,-77.65,-99.46,-87.93,-63.01,-28.50,10.35,47.62,77.65,95.85,99.46
1.021009,-96.03,87.63,62.52,27.90,-10.97,-48.18,-78.04,-99.40,-87.63,-62.52,-27.90,10.97,48.18,78.04,96.03,99.40
1.022008,-96.20,87.33,62.03,27.30,-11.60,-48.72,-78.43,-99.33,-87.33,-62.03,-27.30,11.60,48.73,78.43,96.20,99.33
1.023012,-96.37,87.02,61.54,26.69,-12.22,-49.27,-78.82,-99.25,-87.02,-61.54,-26.69,12.22,49.27,78.82,96.37,99.25
1.024011,-96.54,86.71,61.04,26.08,-12.84,-49.82,-79.21,-99.17,-86.71,-61.04,-26.08,12.84,49.82,79.21,96.54,99.17
1.025072,-96.70,86.39,60.54,25.48,-13.47,-50.36,-79.59,-99.09,-86.39,-60.54,-25.48,13.47,50.36,79.59,96.70,99.09
1.026009,-96.86,86.07,60.04,24.87,-14.09,-50.90,-79.97,-99.00,-86.07,-60.04,-24.87,14.09,50.90,79.97,96.86,99.00
1.027010,-97.01,85.75,59.54,24.26,-14.71,-51.44,-80.34,-98.91,-85.75,-59.54,-24.26,14.71,51.44,80.34,97.01,98.91
1.028011,-97.16,85.43,59.03,23.65,-15.33,-51.98,-80.72,-98.82,-85.43,-59.03,-23.65,15.33,51.98,80.72,97.16,98.82
1.029013,-97.31,85.10,58.52,23.04,-15.95,-52.52,-81.09,-98.72,-85.10,-58.52,-23.04,15.95,52.52,81.09,97.31,98.72
1.030022,-97.45,84.77,58.01,22.43,-16.57,-53.05,-81.45,-98.62,-84.77,-58.01,-22.43,16.57,53.05,81.45,97.45,98.62
1.031013,-97.59,84.43,57.50,21.81,-17.19,-53.58,-81.81,-98.51,-84.43,-57.50,-21.81,17.19,53.58,81.81,97.59,98.51
1.032013,-97.73,84.09,56.99,21.20,-17.81,-54.11,-82.17,-98.40,-84.09,-56.99,-21.20,17.81,54.11,82.17,97.73,98.40
1.033012,-97.86,83.75,56.47,20.59,-18.43,-54.64,-82.53,-98.29,-83.75,-56.47,-20.59,18.43,54.64,82.53,97.86,98.29
1.034009,-97.99,83.41,55.95,19.97,-19.05,-55.16,-82.88,-98.17,-83.41,-55.95,-19.97,19.05,55.16,82.88,97.99,98.17
1.035010,-98.11,83.06,55.43,19.35,-19.66,-55.69,-83.23,-98.05,-83.06,-55.43,-19.35,19.66,55.69,83.23,98.11,98.05
1.036011,-98.23,82.71,54.90,18.74,-20.28,-56.21,-83.58,-97.92,-82.71,-54.90,-18.74,20.28,56.21,83.58,98.23,97.92
1.037011,-98.34,82.35,54.38,18.12,-20.89,-56.73,-83.92,-97.79,-82.35,-54.38,-18.12,20.89,56.73,83.92,98.34,97.79
1.038010,-98.46,82.00,53.85,17.50,-21.51,-57.24,-84.26,-97.66,-82.00,-53.85,-17.50,21.51,57.24,84.26,98.46,97.66
1.039063,-98.56,81.63,53.32,16.88,-22.12,-57.76,-84.60,-97.52,-81.63,-53.32,-16.88,22.12,57.76,84.60,98.56,97.52
1.040009,-98.67,81.27,52.78,16.26,-22.73,-58.27,-84.93,-97.38,-81.27,-52.78,-16.26,22.73,58.27,84.93,98.67,97.38
1.041009,-98.77,80.90,52.25,15.64,-23.34,-58.78,-85.26,-97.24,-80.90,-52.25,-15.64,23.34,58.78,85.26,98.77,97.24
1.042182,-98.87,80.16,51.17,14.40,-24.56,-59.79,-85.91,-97.09,-80.53,-51.71,-15.02,23.96,59.29,85.59,98.87,97.09
1.043008,-98.96,80.16,51.17,14.40,-24.56,-59.79,-85.91,-96.94,-80.16,-51.17,-14.40,24.56,59.79,85.91,98.96,96.94
1.044008,-99.05,79.78,50.63,13.78,-25.17,-60.29,-86.23,-96.78,-79.78,-50.63,-13.78,25.17,60.29,86.23,99.05,96.78
1.045078,-99.13,79.40,50.09,13.16,-25.78,-60.79,-86.55,-96.62,-79.40,-50.09,-13.16,25.78,60.79,86.55,99.13,96.62
1.046008,-99.21,79.02,49.55,12.53,-26.39,-61.29,-86.86,-96.46,-79.02,-49.55,-12.53,26.39,61.29,86.86,99.21,96.46
1.047009,-99.29,78.63,49.00,11.91,-26.99,-61.79,-87.17,-96.29,-78.63,-49.00,-11.91,26.99,61.79,87.17,99.29,96.29
1.048013,-99.36,78.24,48.45,11.29,-27.60,-62.28,-87.48,-96.12,-78.24,-48.45,-11.29,27.60,62.28,87.48,99.36,96.12
1.049012,-99.43,77.85,47.90,10.66,-28.20,-62.77,-87.78,-95.94,-77.85,-47.90,-10.66,28.20,62.77,87.78,99.43,95.94
1.050090,-99.50,77.45,47.35,10.04,-28.80,-63.26,-88.08,-95.76,-77.45,-47.35,-10.04,28.80,63.26,88.08,99.50,95.76
1.051008,-99.56,77.05,46.79,9.41,-29.40,-63.74,-88.38,-95.58,-77.05,-46.79,-9.41,29.40,63.74,88.38,99.56,95.58
1.052009,-99.61,76.65,46.24,8.79,-30.00,-64.23,-88.67,-95.39,-76.65,-46.24,-8.79,30.00,64.23,88.67,99.61,95.39
1.053013,-99.67,76.24,45.68,8.16,-30.60,-64.71,-88.96,-95.20,-76.24,-45.68,-8.16,30.60,64.71,88.96,99.67,95.20
1.054009,-99.72,75.84,45.12,7.53,-31.20,-65.18,-89.24,-95.01,-75.84,-45.12,-7.53,31.20,65.18,89.24,99.72,95.01
1.055010,-99.76,75.43,44.56,6.91,-31.80,-65.66,-89.52,-94.81,-75.43,-44.56,-6.91,31.80,65.66,89.52,99.76,94.81
1.056010,-99.80,75.01,43.99,6.28,-32.39,-66.13,-89.80,-94.61,-75.01,-43.99,-6.28,32.39,66.13,89.80,99.80,94.61
1.057011,-99.84,74.59,43.43,5.65,-32.99,-66.60,-90.08,-94.40,-74.59,-43.43,-5.65,32.99,66.60,90.08,99.84,94.40
1.058008,-99.87,74.17,42.86,5.02,-33.58,-67.07,-90.35,-94.19,-74.17,-42.86,-5.02,33.58,67.07,90.35,99.87,94.19
1.059011,-99.90,73.75,42.29,4.40,-34.17,-67.53,-90.62,-93.98,-73.75,-42.29,-4.40,34.17,67.53,90.62,99.90,93.98
1.060106,-99.93,73.33,41.72,3.77,-34.76,-68.00,-90.88,-93.76,-73.33,-41.72,-3.77,34.76,68.00,90.88,99.93,93.76
1.061009,-99.95,72.90,41.15,3.14,-35.35,-68.45,-91.14,-93.54,-72.90,-41.15,-3.14,35.35,68.45,91.14,99.95,93.54
1.062009,-99.97,72.47,40.58,2.51,-35.93,-68.91,-91.40,-93.32,-72.47,-40.58,-2.51,35.93,68.91,91.40,99.97,93.32
1.063012,-99.98,72.03,40.00,1.88,-36.52,-69.37,-91.65,-93.09,-72.03,-40.00,-1.88,36.52,69.37,91.65,99.98,93.09
1.064162,-99.99,71.15,38.85,0.63,-37.69,-70.27,-92.15,-92.63,-71.15,-38.85,-0.63,37.69,70.27,92.15,100.00,92.63
1.065008,-100.00,71.15,38.85,0.63,-37.69,-70.27,-92.15,-92.63,-71.15,-38.85,-0.63,37.69,70.27,92.15,100.00,92.63
1.066008,-100.00,70.71,38.27,-0.00,-38.27,-70.71,-92.39,-92.39,-70.71,-38.27,0.00,38.27,70.71,92.39,100.00,92.39
1.067076,-100.00,70.26,37.69,-0.63,-38.85,-71.15,-92.63,-92.15,-70.26,-37.69,0.63,38.85,71.15,92.63,100.00,92.15
1.068010,-99.99,69.82,37.10,-1.26,-39.43,-71.59,-92.86,-91.90,-69.82,-37.10,1.26,39.43,71.59,92.86,99.99,91.90
1.069010,-99.98,69.37,36.52,-1.88,-40.00,-72.03,-93.09,-91.65,-69.37,-36.52,1.88,40.00,72.03,93.09,99.98,91.65
1.070011,-99.97,68.91,35.93,-2.51,-40.58,-72.47,-93.32,-91.40,-68.91,-35.93,2.51,40.58,72.47,93.32,99.97,91.40
1.071079,-99.95,68.45,35.35,-3.14,-41.15,-72.90,-93.54,-91.14,-68.45,-35.35,3.14,41.15,72.90,93.54,99.95,91.14
1.072009,-99.93,68.00,34.76,-3.77,-41.72,-73.33,-93.76,-90.88,-68.00,-34.76,3.77,41.72,73.33,93.76,99.93,90.88
1.073014,-99.90,67.53,34.17,-4.40,-42.29,-73.75,-93.98,-90.62,-67.53,-34.17,4.40,42.29,73.75,93.98,99.90,90.62
1.074010,-99.87,67.07,33.58,-5.02,-42.86,-74.17,-94.19,-90.35,-67.07,-33.58,5.02,42.86,74.17,94.19,99.87,90.35
1.075012,-99.84,66.60,32.99,-5.65,-43.43,-74.59,-94.40,-90.08,-66.60,-32.99,5.65,43.43,74.59,94.40,99.84,90.08
1.076009,-99.80,66.13,32.39,-6.28,-43.99,-75.01,-94.61,-89.80,-66.13,-32.39,6.28,43.99,75.01,94.61,99.80,89.80
1.077010,-99.76,65.66,31.80,-6.91,-44.56,-75.43,-94.81,-89.52,-65.66,-31.80,6.91,44.56,75.43,94.81,99.76,89.52
1.078008,-99.72,65.18,31.20,-7.53,-45.12,-75.84,-95.01,-89.24,-65.18,-31.20,7.53,45.12,75.84,95.01,99.72,89.24
1.079011,-99.67,64.71,30.60,-8.16,-45.68,-76.24,-95.20,-88.96,-64.71,-30.60,8.16,45.68,76.24,95.20,99.67,88.96
1.080088,-99.61,64.23,30.00,-8.79,-46.24,-76.65,-95.39,-88.67,-64.23,-30.00,8.79,46.24,76.65,95.39,99.61,88.67
1.081006,-99.56,63.74,29.40,-9.41,-46.79,-77.05,-95.58,-88.38,-63.74,-29.40,9.41,46.79,77.05,95.58,99.56,88.38
1.082008,-99.50,63.26,28.80,-10.04,-47.35,-77.45,-95.76,-88.08,-63.26,-28.80,10.04,47.35,77.45,95.76,99.50,88.08
1.083071,-99.43,62.77,28.20,-10.66,-47.90,-77.85,-95.94,-87.78,-62.77,-28.20,10.66,47.90,77.85,95.94,99.43,87.78
1.084007,-99.36,62.28,27.60,-11.29,-48.45,-78.24,-96.12,-87.48,-62.28,-27.60,11.29,48.45,78.24,96.12,99.36,87.48
1.085009,-99.29,61.79,26.99,-11.91,-49.00,-78.63,-96.29,-87.17,-61.79,-26.99,11.91,49.00,78.63,96.29,99.29,87.17
1.086014,-99.21,61.29,26.39,-12.53,-49.55,-79.02,-96.46,-86.86,-61.29,-26.39,12.53,49.55,79.02,96.46,99.21,86.86
1.087009,-99.13,60.79,25.78,-13.16,-50.09,-79.40,-96.62,-86.55,-60.79,-25.78,13.16,50.09,79.40,96.62,99.13,86.55
1.088010,-99.05,60.29,25.17,-13.78,-50.63,-79.78,-96.78,-86.23,-60.29,-25.17,13.78,50.63,79.78,96.78,99.05,86.23
1.089011,-98.96,59.79,24.56,-14.40,-51.17,-80.16,-96.94,-85.91,-59.79,-24.56,14.40,51.17,80.16,96.94,98.96,85.91
1.090010,-98.87,59.29,23.95,-15.02,-51.71,-80.53,-97.09,-85.59,-59.29,-23.96,15.02,51.71,80.53,97.09,98.87,85.59
1.091010,-98.77,58.78,23.34,-15.64,-52.25,-80.90,-97.24,-85.26,-58.78,-23.34,15.64,52.25,80.90,97.24,98.77,85.26
1.092009,-98.67,58.27,22.73,-16.26,-52.78,-81.27,-97.38,-84.93,-58.27,-22.73,16.26,52.78,81.27,97.38,98.67,84.93
1.093011,-98.56,57.76,22.12,-16.88,-53.32,-81.63,-97.52,-84.60,-57.76,-22.12,16.88,53.32,81.63,97.52,98.56,84.60
1.094009,-98.46,57.24,21.51,-17.50,-53.85,-82.00,-97.66,-84.26,-57.24,-21.51,17.50,53.85,82.00,97.66,98.46,84.26
1.095066,-98.34,56.73,20.89,-18.74,-54.90,-82.71,-97.92,-83.92,-56.73,-20.89,18.12,54.38,82.35,97.79,98.34,83.92
1.096008,-98.23,56.21,20.28,-18.74,-54.90,-82.71,-97.92,-83.58,-56.21,-20.28,18.74,54.90,82.71,97.92,98.23,83.58
1.097014,-98.11,55.69,19.66,-19.35,-55.43,-83.06,-98.05,-83.23,-55.69,-19.66,19.35,55.43,83.06,98.05,98.11,83.23
1.098011,-97.99,55.16,19.05,-19.97,-55.95,-83.41,-98.17,-82.88,-55.16,-19.05,19.97,55.95,83.41,98.17,97.99,82.88
1.099010,-97.86,54.64,18.43,-20.59,-56.47,-83.75,-98.29,-82.53,-54.64,-18.43,20.59,56.47,83.75,98.29,97.86,82.53
1.100095,-97.73,53.58,17.19,-21.81,-57.50,-84.43,-98.51,-81.81,-53.58,-17.19,21.81,57.50,84.43,98.51,97.59,81.81
1.101009,-97.59,53.58,17.19,-21.81,-57.50,-84.43,-98.51,-81.81,-53.58,-17.19,21.81,57.50,84.43,98.51,97.59,81.81
1.102008,-97.45,53.05,16.57,-22.43,-58.01,-84.77,-98.62,-81.45,-53.05,-16.57,22.43,58.01,84.77,98.62,97.45,81.45
1.103011,-97.31,52.52,15.95,-23.04,-58.52,-85.10,-98.72,-81.09,-52.52,-15.95,23.04,58.52,85.10,98.72,97.31,81.09
1.104075,-97.16,51.44,14.71,-24.26,-59.54,-85.75,-98.91,-80.72,-51.44,-14.71,24.26,59.54,85.75,98.91,97.01,80.34
1.105010,-97.01,51.44,14.71,-24.26,-59.54,-85.75,-98.91,-80.34,-51.44,-14.71,24.26,59.54,85.75,98.91,97.01,80.34
1.106010,-96.86,50.90,14.09,-24.87,-60.04,-86.07,-99.00,-79.97,-50.90,-14.09,24.87,60.04,86.07,99.00,96.86,79.97
1.107010,-96.70,50.36,13.47,-25.48,-60.54,-86.39,-99.09,-79.59,-50.36,-13.47,25.48,60.54,86.39,99.09,96.70,79.59
1.108165,-96.37,49.27,12.22,-26.69,-61.54,-87.02,-99.25,-78.82,-49.27,-12.22,26.69,61.54,87.02,99.25,96.37,78.82
1.109008,-96.37,49.27,12.22,-26.69,-61.54,-87.02,-99.25,-78.82,-49.27,-12.22,26.69,61.54,87.02,99.25,96.37,78.82
1.110012,-96.20,48.72,11.60,-27.30,-62.03,-87.33,-99.33,-78.43,-48.73,-11.60,27.30,62.03,87.33,99.33,96.20,78.43
1.111084,-96.03,47.62,10.35,-28.50,-63.01,-87.93,-99.46,-77.65,-47.62,-10.35,28.50,63.01,87.93,99.46,95.85,77.65
1.112008,-95.85,47.62,10.35,-28.50,-63.01,-87.93,-99.46,-77.65,-47.62,-10.35,28.50,63.01,87.93,99.46,95.85,77.65
1.113011,-95.67,47.07,9.72,-29.10,-63.50,-88.23,-99.53,-77.25,-47.07,-9.72,29.10,63.50,88.23,99.53,95.67,77.25
1.114077,-95.49,45.96,8.47,-30.30,-64.47,-88.81,-99.64,-76.45,-45.96,-8.47,30.30,64.47,88.81,99.64,95.30,76.45
1.115009,-95.30,45.96,8.47,-30.30,-64.47,-88.81,-99.64,-76.45,-45.96,-8.47,30.30,64.47,88.81,99.64,95.30,76.45
1.116011,-95.11,45.40,7.85,-30.90,-64.94,-89.38,-99.74,-76.04,-45.40,-7.85,30.90,64.94,89.10,99.69,95.11,76.04
1.117012,-94.91,44.84,7.22,-31.50,-65.90,-89.66,-99.78,-75.63,-44.84,-7.22,31.50,65.42,89.38,99.74,94.91,75.63
1.118011,-94.71,44.28,6.59,-32.69,-66.37,-89.94,-99.82,-75.22,-44.28,-6.59,32.09,65.90,89.66,99.78,94.71,75.22
1.119149,-94.30,43.15,5.34,-33.28,-66.84,-90.21,-99.86,-74.38,-43.15,-5.34,33.28,66.84,90.21,99.86,94.30,74.38
1.120009,-94.30,43.15,5.34,-33.28,-67.30,-90.48,-99.89,-74.38,-43.15,-5.34,33.28,66.84,90.21,99.86,94.30,74.38
1.121009,-94.09,42.01,4.08,-34.46,-67.76,-90.75,-99.92,-73.96,-42.58,-4.71,33.87,67.30,90.48,99.89,94.09,73.96
1.122008,-93.87,41.44,3.46,-35.05,-68.23,-91.01,-99.94,-73.54,-42.01,-4.08,34.46,67.76,90.75,99.94,93.65,73.11
1.123010,-93.65,40.86,2.83,-35.64,-68.68,-91.27,-99.96,-73.11,-41.44,-3.46,35.05,68.23,91.01,99.94,93.43,72.68
1.124011,-93.43,40.29,2.20,-36.23,-69.14,-91.52,-99.98,-72.68,-40.86,-2.83,35.64,68.68,91.52,99.98,93.21,72.25
1.125009,-93.21,39.71,1.57,-36.81,-69.59,-91.78,-99.99,-72.25,-40.29,-2.20,36.23,69.14,91.78,99.99,92.98,71.81
1.126008,-92.98,39.14,0.94,-37.40,-70.04,-92.02,-100.00,-71.81,-39.71,-1.57,36.81,70.04,92.02,100.00,92.74,71.37
1.127009,-92.74,38.56,0.31,-37.98,-70.49,-92.27,-100.00,-71.37,-39.14,-0.94,37.98,70.49,92.27,100.00,92.51,70.93
1.128007,-92.51,37.98,-0.31,-38.56,-70.93,-92.51,-100.00,-70.93,-38.56,-0.31,38.56,70.93,92.51,100.00,92.27,70.49
1.129008,-92.27,37.40,-0.94,-39.14,-71.37,-92.74,-100.00,-70.49,-37.98,0.94,39.14,71.37,92.74,100.00,92.02,70.04
1.130014,-92.02,36.81,-1.57,-39.71,-71.81,-92.98,-99.99,-69.59,-36.81,1.57,39.71,71.81,92.98,99.99,91.78,69.59
1.131008,-91.78,36.23,-2.20,-40.29,-72.25,-93.21,-99.98,-69.59,-36.23,2.20,40.29,72.25,93.21,99.98,91.52,69.14
1.132011,-91.52,35.64,-2.83,-40.86,-72.68,-93.43,-99.96,-68.68,-35.64,2.83,40.86,72.68,93.43,99.96,91.27,68.68
1.133010,-91.27,35.05,-3.46,-41.44,-73.11,-93.65,-99.94,-68.23,-35.05,3.46,41.44,73.11,93.65,99.94,91.01,68.23
1.134009,-91.01,34.46,-4.08,-42.01,-73.54,-93.87,-99.92,-67.76,-34.46,4.08,42.01,73.54,93.87,99.92,90.75,67.76
1.135010,-90.75,33.87,-4.71,-42.58,-73.96,-94.09,-99.89,-67.30,-33.87,4.71,42.58,73.96,94.09,99.89,90.48,67.30
1.136066,-90.21,33.28,-5.34,-43.15,-74.38,-94.30,-99.86,-66.84,-33.28,5.34,43.15,74.38,94.30,99.86,90.21,66.84
1.137008,-90.21,32.69,-5.97,-43.71,-74.80,-94.51,-99.82,-66.37,-32.69,5.97,43.71,74.80,94.51,99.82,89.94,66.37
1.138009,-89.94,32.09,-6.59,-44.28,-75.22,-94.71,-99.78,-65.90,-32.09,6.59,44.28,75.22,94.71,99.78,89.66,65.90
1.139010,-89.66,31.50,-7.22,-44.84,-75.63,-94.91,-99.74,-65.42,-31.50,7.22,44.84,75.63,94.91,99.74,89.38,65.42
1.140010,-89.38,30.90,-7.85,-45.40,-76.04,-95.11,-99.69,-64.94,-30.90,7.85,45.40,76.04,95.11,99.69,89.10,64.94
1.141163,-88.81,30.30,-8.47,-45.96,-76.45,-95.30,-99.64,-64.47,-30.30,8.47,45.96,76.45,95.30,99.64,88.81,64.47
1.142009,-88.81,29.70,-9.10,-46.52,-76.85,-95.49,-99.59,-63.98,-29.70,9.10,46.52,76.85,95.49,99.59,88.52,63.98
1.143009,-88.52,29.10,-9.72,-47.07,-77.25,-95.67,-99.53,-63.50,-29.10,9.72,47.07,77.25,95.67,99.53,88.23,63.50
1.144077,-87.93,28.50,-10.35,-47.62,-77.65,-95.85,-99.46,-63.01,-28.50,10.35,47.62,77.65,95.85,99.46,87.93,63.01
1.145011,-87.93,27.90,-10.97,-48.18,-78.04,-96.03,-99.40,-62.52,-27.90,10.97,48.18,78.04,96.03,99.40,87.63,62.52
1.146013,-87.33,27.30,-11.60,-48.72,-78.43,-96.20,-99.33,-62.03,-27.30,11.60,48.73,78.43,96.20,99.33,87.33,62.03
1.147010,-87.02,26.69,-12.22,-49.27,-78.82,-96.37,-99.25,-61.54,-26.69,12.22,49.27,78.82,96.37,99.25,87.02,61.54
1.148009,-86.71,26.08,-12.84,-49.82,-79.21,-96.54,-99.17,-61.04,-26.08,12.84,49.82,79.21,96.54,99.17,86.71,61.04
1.149010,-86.39,25.48,-13.47,-50.36,-79.59,-96.70,-99.09,-60.54,-25.48,13.47,50.36,79.59,96.70,99.09,86.39,60.54
1.150089,-86.07,24.87,-14.09,-50.90,-79.97,-96.86,-99.00,-60.04,-24.87,14.09,50.90,79.97,96.86,99.00,86.07,60.04
1.151008,-85.75,24.26,-14.71,-51.44,-80.34,-97.01,-98.91,-59.54,-24.26,14.71,51.44,80.34,97.01,98.91,85.75,59.54
1.152013,-85.43,23.65,-15.33,-51.98,-80.72,-97.16,-98.82,-59.03,-23.65,15.33,51.98,80.72,97.16,98.82,85.43,59.03
1.153008,-85.10,23.04,-15.95,-52.52,-81.09,-97.31,-98.72,-58.52,-23.04,15.95,52.52,81.09,97.31,98.72,85.10,58.52
1.154008,-84.77,22.43,-16.57,-53.05,-81.45,-97.45,-98.62,-58.01,-22.43,16.57,53.05,81.45,97.45,98.62,84.77,58.01
1.155008,-84.43,21.81,-17.19,-53.58,-81.81,-97.59,-98.51,-57.50,-21.81,17.19,53.58,81.81,97.59,98.51,84.43,57.50
1.156007,-84.09,21.20,-17.81,-54.11,-82.17,-97.73,-98.40,-56.99,-21.20,17.81,54.11,82.17,97.73,98.40,84.09,56.99
1.157007,-83.75,20.59,-18.43,-54.64,-82.53,-97.86,-98.29,-56.47,-20.59,18.43,54.64,82.53,97.86,98.29,83.75,56.47
1.158063,-83.41,19.97,-19.05,-55.16,-82.88,-97.99,-98.17,-55.95,-19.97,19.05,55.16,82.88,97.99,98.17,83.41,55.95
1.159008,-83.06,19.35,-19.66,-55.69,-83.23,-98.11,-98.05,-55.43,-19.35,19.66,55.69,83.23,98.11,98.05,83.06,55.43
1.160011,-82.71,18.74,-20.28,-56.21,-83.58,-98.23,-97.92,-54.90,-18.74,20.28,56.21,83.58,98.23,97.92,82.71,54.90
1.161082,-82.35,18.12,-20.89,-56.73,-83.92,-98.34,-97.79,-54.38,-18.12,20.89,56.73,83.92,98.34,97.79,82.35,54.38
1.162010,-82.00,17.50,-21.51,-57.24,-84.26,-98.46,-97.66,-53.85,-17.50,21.51,57.24,84.26,98.46,97.66,82.00,53.85
1.163013,-81.63,16.88,-22.12,-57.76,-84.60,-98.56,-97.52,-53.32,-16.88,22.12,57.76,84.60,98.56,97.52,81.63,53.32
1.164011,-81.27,16.26,-22.73,-58.27,-84.93,-98.67,-97.38,-52.78,-16.26,22.73,58.27,84.93,98.67,97.38,81.27,52.78
1.165009,-80.90,15.64,-23.34,-58.78,-85.26,-98.77,-97.24,-52.25,-15.64,23.34,58.78,85.26,98.77,97.24,80.90,52.25
1.166062,-80.53,15.02,-23.96,-59.29,-85.59,-98.87,-97.09,-51.71,-15.02,23.96,59.29,85.59,98.87,97.09,80.53,51.71
1.167010,-80.16,14.40,-24.56,-59.79,-85.91,-98.96,-96.94,-51.17,-14.40,24.56,59.79,85.91,98.96,96.94,80.16,51.17
1.168008,-79.78,13.78,-25.17,-60.29,-86.23,-99.05,-96.78,-50.63,-13.78,25.17,60.29,86.23,99.05,96.78,79.78,50.63
1.169008,-79.40,13.16,-25.78,-60.79,-86.55,-99.13,-96.62,-50.09,-13.16,25.78,60.79,86.55,99.13,96.62,79.40,50.09
1.170082,-79.02,12.53,-26.39,-61.29,-86.86,-99.21,-96.46,-49.55,-12.53,26.39,61.29,86.86,99.21,96.46,79.02,49.55
1.171008,-78.63,11.91,-26.99,-61.79,-87.17,-99.29,-96.29,-49.00,-11.91,26.99,61.79,87.17,99.29,96.29,78.63,49.00
1.172007,-78.24,11.29,-27.60,-62.28,-87.48,-99.36,-96.12,-48.45,-11.29,27.60,62.28,87.48,99.36,96.12,78.24,48.45
1.173010,-77.85,10.66,-28.20,-62.77,-87.78,-99.43,-95.94,-47.90,-10.66,28.20,62.77,87.78,99.43,95.94,77.85,47.90
1.174156,-77.45,10.04,-28.80,-63.26,-88.08,-99.50,-95.76,-47.35,-10.04,28.80,63.26,88.08,99.50,95.76,77.45,47.35
1.175008,-77.05,9.41,-29.40,-63.74,-88.38,-99.56,-95.58,-46.79,-9.41,29.40,63.74,88.38,99.56,95.58,77.05,46.79
1.176006,-76.65,8.79,-30.00,-64.23,-88.67,-99.61,-95.39,-46.24,-8.79,30.00,64.23,88.67,99.61,95.39,76.65,46.24
1.177078,-76.24,8.16,-30.60,-64.71,-88.96,-99.67,-95.20,-45.68,-8.16,30.60,64.71,88.96,99.67,95.20,76.24,45.68
1.178008,-75.84,7.53,-31.20,-65.18,-89.24,-99.72,-95.01,-45.12,-7.53,31.20,65.18,89.24,99.72,95.01,75.84,45.12
1.179007,-75.43,6.91,-31.80,-65.66,-89.52,-99.76,-94.81,-44.56,-6.91,31.80,65.66,89.52,99.76,94.81,75.43,44.56
1.180011,-75.01,6.28,-32.39,-66.13,-89.80,-99.80,-94.61,-43.99,-6.28,32.39,66.13,89.80,99.80,94.61,75.01,43.99
1.181011,-74.59,5.65,-32.99,-66.60,-90.08,-99.84,-94.40,-43.43,-5.65,32.99,66.60,90.08,99.84,94.40,74.59,43.43
1.182011,-74.17,5.02,-33.58,-67.07,-90.35,-99.87,-94.19,-42.86,-5.02,33.58,67.07,90.35,99.87,94.19,74.17,42.86
1.183009,-73.75,4.40,-34.17,-67.53,-90.62,-99.90,-93.98,-42.29,-4.40,34.17,67.53,90.62,99.90,93.98,73.75,42.29
1.184008,-73.33,3.77,-34.76,-68.00,-90.88,-99.93,-93.76,-41.72,-3.77,34.76,68.00,90.88,99.93,93.76,73.33,41.72
1.185163,-72.90,3.14,-35.35,-68.45,-91.14,-99.95,-93.54,-41.15,-3.14,35.35,68.45,91.14,99.95,93.54,72.90,41.15
1.186010,-72.47,2.51,-35.93,-68.91,-91.40,-99.97,-93.32,-40.58,-2.51,35.93,68.91,91.40,99.97,93.32,72.47,40.58
1.187009,-72.03,1.88,-36.52,-69.37,-91.65,-99.98,-93.09,-40.00,-1.88,36.52,69.37,91.65,99.98,93.09,72.03,40.00
1.188012,-71.59,1.26,-37.10,-69.82,-91.90,-99.99,-92.86,-39.43,-1.26,37.10,69.82,91.90,99.99,92.86,71.59,39.43
1.189012,-71.15,0.63,-37.69,-70.26,-92.15,-100.00,-92.63,-38.85,-0.63,37.69,70.26,92.15,100.00,92.63,71.15,38.85
1.190013,-70.71,-0.00,-38.27,-70.71,-92.39,-100.00,-92.39,-38.27,-0.00,38.27,70.71,92.39,100.00,92.39,70.71,38.27
1.191021,-70.26,-0.63,-38.85,-71.15,-92.63,-100.00,-92.15,-37.69,0.63,38.85,71.15,92.63,100.00,92.15,70.26,37.69
1.192011,-69.82,-1.26,-39.43,-71.59,-92.86,-99.99,-91.90,-37.10,1.26,39.43,71.59,92.86,99.99,91.90,69.82,37.10
1.193009,-69.37,-1.88,-40.00,-72.03,-93.09,-99.98,-91.65,-36.52,1.88,40.00,72.03,93.09,99.98,91.65,69.37,36.52
1.194009,-68.91,-2.51,-40.58,-72.47,-93.32,-99.97,-91.40,-35.93,2.51,40.58,72.47,93.32,99.97,91.40,68.91,35.93
1.195009,-68.45,-3.14,-41.15,-72.90,-93.54,-99.95,-91.14,-35.35,3.14,41.15,72.90,93.54,99.95,91.14,68.45,35.35
1.196014,-68.00,-3.77,-41.72,-73.33,-93.76,-99.93,-90.88,-34.76,3.77,41.72,73.33,93.76,99.93,90.88,68.00,34.76
1.197009,-67.53,-4.40,-42.29,-73.75,-93.98,-99.90,-90.62,-34.17,4.40,42.29,73.75,93.98,99.90,90.62,67.53,34.17
1.198008,-67.07,-5.02,-42.86,-74.17,-94.19,-99.87,-90.35,-33.58,5.02,42.86,74.17,94.19,99.87,90.35,67.07,33.58
1.199010,-66.60,-5.65,-43.43,-74.59,-94.40,-99.84,-90.08,-32.99,5.65,43.43,74.59,94.40,99.84,90.08,66.60,32.99
1.200095,-66.13,-6.28,-43.99,-75.01,-94.61,-99.80,-89.80,-32.39,6.28,43.99,75.01,94.61,99.80,89.80,66.13,32.39
1.201007,-65.66,-6.91,-44.56,-75.43,-94.81,-99.76,-89.52,-31.80,6.91,44.56,75.43,94.81,99.76,89.52,65.66,31.80
1.202007,-65.18,-7.53,-45.12,-75.84,-95.01,-99.72,-89.24,-31.20,7.53,45.12,75.84,95.01,99.72,89.24,65.18,31.20
1.203013,-64.71,-8.16,-45.68,-76.24,-95.20,-99.67,-88.96,-30.60,8.16,45.68,76.24,95.20,99.67,88.96,64.71,30.60
1.204011,-64.23,-8.79,-46.24,-76.65,-95.39,-99.61,-88.67,-30.00,8.79,46.24,76.65,95.39,99.61,88.67,64.23,30.00
1.205077,-63.74,-9.41,-46.79,-77.05,-95.58,-99.56,-88.38,-29.40,9.41,46.79,77.05,95.58,99.56,88.38,63.74,29.40
1.206008,-63.26,-10.04,-47.35,-77.45,-95.76,-99.50,-88.08,-28.80,10.04,47.35,77.45,95.76,99.50,88.08,63.26,28.80
1.207013,-62.77,-10.66,-47.90,-77.85,-95.94,-99.43,-87.78,-28.20,10.66,47.90,77.85,95.94,99.43,87.78,62.77,28.20
1.208011,-62.28,-11.29,-48.45,-78.24,-96.12,-99.36,-87.48,-27.60,11.29,48.45,78.24,96.12,99.36,87.48,62.28,27.60
1.209009,-61.79,-11.91,-49.00,-78.63,-96.29,-99.29,-87.17,-26.99,11.91,49.00,78.63,96.29,99.29,87.17,61.79,26.99
1.210099,-61.29,-12.53,-49.55,-79.02,-96.46,-99.21,-86.86,-26.39,12.53,49.55,79.02,96.46,99.21,86.86,61.29,26.39
1.211010,-60.79,-13.16,-50.09,-79.40,-96.62,-99.13,-86.55,-25.78,13.16,50.09,79.40,96.62,99.13,86.55,60.79,25.78
1.212009,-60.29,-13.78,-50.63,-79.78,-96.78,-99.05,-86.23,-25.17,13.78,50.63,79.78,96.78,99.05,86.23,60.29,25.17
1.213009,-59.79,-14.40,-51.17,-80.16,-96.94,-98.96,-85.91,-24.56,14.40,51.17,80.16,96.94,98.96,85.91,59.79,24.56
1.214009,-59.29,-15.02,-51.71,-80.53,-97.09,-98.87,-85.59,-23.95,15.02,51.71,80.53,97.09,98.87,85.59,59.29,23.95
1.215011,-58.78,-15.64,-52.25,-80.90,-97.24,-98.77,-85.26,-23.34,15.64,52.25,80.90,97.24,98.77,85.26,58.78,23.34
1.216077,-58.27,-16.26,-52.78,-81.27,-97.38,-98.67,-84.93,-22.73,16.26,52.78,81.27,97.38,98.67,84.93,58.27,22.73
1.217012,-57.76,-16.88,-53.32,-81.63,-97.52,-98.56,-84.60,-22.12,16.88,53.32,81.63,97.52,98.56,84.60,57.76,22.12
1.218015,-57.24,-17.50,-53.85,-82.00,-97.66,-98.46,-84.26,-21.51,17.50,53.85,82.00,97.66,98.46,84.26,57.24,21.51
1.219009,-56.73,-18.12,-54.38,-82.35,-97.79,-98.34,-83.92,-20.89,18.12,54.38,82.35,97.79,98.34,83.92,56.73,20.89
1.220010,-56.21,-18.74,-54.90,-82.71,-97.92,-98.23,-83.58,-20.28,18.74,54.90,82.71,97.92,98.23,83.58,56.21,20.28
1.221010,-55.69,-19.35,-55.43,-83.06,-98.05,-98.11,-83.23,-19.66,19.35,55.43,83.06,98.05,98.11,83.23,55.69,19.66
1.222012,-55.16,-19.97,-55.95,-83.41,-98.17,-97.99,-82.88,-19.05,19.97,55.95,83.41,98.17,97.99,82.88,55.16,19.05
1.223011,-54.64,-20.59,-56.47,-83.75,-98.29,-97.86,-82.53,-18.43,20.59,56.47,83.75,98.29,97.86,82.53,54.64,18.43
1.224073,-54.11,-21.20,-56.99,-84.09,-98.40,-97.73,-82.17,-17.81,21.20,56.99,84.09,98.40,97.73,82.17,54.11,17.81
1.225011,-53.58,-21.81,-57.50,-84.43,-98.51,-97.59,-81.81,-17.19,21.81,57.50,84.43,98.51,97.59,81.81,53.58,17.19
1.226009,-53.05,-22.43,-58.01,-84.77,-98.62,-97.45,-81.45,-16.57,22.43,58.01,84.77,98.62,97.45,81.45,53.05,16.57
1.227078,-52.52,-23.04,-58.52,-85.10,-98.72,-97.31,-81.09,-15.95,23.04,58.52,85.10,98.72,97.31,81.09,52.52,15.95
1.228010,-51.98,-23.65,-59.03,-85.43,-98.82,-97.16,-80.72,-15.33,23.65,59.03,85.43,98.82,97.16,80.72,51.98,15.33
1.229015,-51.44,-24.26,-59.54,-85.75,-98.91,-97.01,-80.34,-14.71,24.26,59.54,85.75,98.91,97.01,80.34,51.44,14.71
1.230012,-50.90,-24.87,-60.04,-86.07,-99.00,-96.86,-79.97,-14.09,24.87,60.04,86.07,99.00,96.86,79.97,50.90,14.09
1.231010,-50.36,-25.48,-60.54,-86.39,-99.09,-96.70,-79.59,-13.47,25.48,60.54,86.39,99.09,96.70,79.59,50.36,13.47
1.232008,-49.82,-26.08,-61.04,-86.71,-99.17,-96.54,-79.21,-12.84,26.08,61.04,86.71,99.17,96.54,79.21,49.82,12.84
1.233065,-49.27,-26.69,-61.54,-87.02,-99.25,-96.37,-78.82,-12.22,26.69,61.54,87.02,99.25,96.37,78.82,49.27,12.22
1.234009,-48.72,-27.30,-62.03,-87.33,-99.33,-96.20,-78.43,-11.60,27.30,62.03,87.33,99.33,96.20,78.43,48.72,11.60
1.235008,-48.18,-27.90,-62.52,-87.63,-99.40,-96.03,-78.04,-10.97,27.90,62.52,87.63,99.40,96.03,78.04,48.18,10.97
1.236010,-47.62,-28.50,-63.01,-87.93,-99.46,-95.85,-77.65,-10.35,28.50,63.01,87.93,99.46,95.85,77.65,47.62,10.35
1.237077,-47.07,-29.10,-63.50,-88.23,-99.53,-95.67,-77.25,-9.72,29.10,63.50,88.23,99.53,95.67,77.25,47.07,9.72
1.238011,-46.52,-29.70,-63.98,-88.52,-99.59,-95.49,-76.85,-9.10,29.70,63.98,88.52,99.59,95.49,76.85,46.52,9.10
1.239011,-45.96,-30.30,-64.47,-88.81,-99.64,-95.30,-76.45,-8.47,30.30,64.47,88.81,99.64,95.30,76.45,45.96,8.47
1.240185,-45.40,-30.90,-64.94,-89.10,-99.69,-95.11,-76.04,-7.85,30.90,64.94,89.10,99.69,95.11,76.04,45.40,7.85
1.241007,-44.84,-31.50,-65.42,-89.38,-99.74,-94.91,-75.63,-7.22,31.50,65.42,89.38,99.74,94.91,75.63,44.84,7.22
1.242008,-44.28,-32.09,-65.90,-89.66,-99.78,-94.71,-75.22,-6.59,32.09,65.90,89.66,99.78,94.71,75.22,44.28,6.59
1.243020,-43.71,-32.69,-66.37,-89.94,-99.82,-94.51,-74.80,-5.97,32.69,66.37,89.94,99.82,94.51,74.80,43.71,5.97
1.244010,-43.15,-33.28,-66.84,-90.21,-99.86,-94.30,-74.38,-5.34,33.28,66.84,90.21,99.86,94.30,74.38,43.15,5.34
1.245010,-42.58,-33.87,-67.30,-90.48,-99.89,-94.09,-73.96,-4.71,33.87,67.30,90.48,99.89,94.09,73.96,42.58,4.71
1.246007,-42.01,-34.46,-67.76,-90.75,-99.92,-93.87,-73.54,-4.08,34.46,67.76,90.75,99.92,93.87,73.54,42.01,4.08
1.247009,-41.44,-35.05,-68.23,-91.01,-99.94,-93.65,-73.11,-3.46,35.05,68.23,91.01,99.94,93.65,73.11,41.44,3.46
1.248009,-40.86,-35.64,-68.68,-91.27,-99.96,-93.43,-72.68,-2.83,35.64,68.68,91.27,99.96,93.43,72.68,40.86,2.83
1.249009,-40.29,-36.23,-69.14,-91.52,-99.98,-93.21,-72.25,-2.20,36.23,69.14,91.52,99.98,93.21,72.25,40.29,2.20
1.250011,-39.71,-36.81,-69.59,-91.78,-99.99,-92.98,-71.81,-1.57,36.81,69.59,91.78,99.99,92.98,71.81,39.71,1.57
1.251165,-39.14,-37.40,-70.04,-92.02,-100.00,-92.74,-71.37,-0.94,37.40,70.04,92.02,100.00,92.74,71.37,39.14,0.94
1.252008,-38.56,-37.98,-70.49,-92.27,-100.00,-92.51,-70.93,-0.31,37.98,70.49,92.27,100.00,92.51,70.93,38.56,0.31
1.253009,-37.98,-38.56,-70.93,-92.51,-100.00,-92.27,-70.49,0.31,38.56,70.93,92.51,100.00,92.27,70.49,37.98,-0.31
1.254066,-37.40,-39.14,-71.37,-92.74,-100.00,-92.02,-70.04,0.94,39.14,71.37,92.74,100.00,92.02,70.04,37.40,-0.94
1.255007,-36.81,-39.71,-71.81,-92.98,-99.99,-91.78,-69.59,1.57,39.71,71.81,92.98,99.99,91.78,69.59,36.81,-1.57
1.256007,-36.23,-40.29,-72.25,-93.21,-99.98,-91.52,-69.14,2.20,40.29,72.25,93.21,99.98,91.52,69.14,36.23,-2.20
1.257008,-35.64,-40.86,-72.68,-93.43,-99.96,-91.27,-68.68,2.83,40.86,72.68,93.43,99.96,91.27,68.68,35.64,-2.83
1.258009,-35.05,-41.44,-73.11,-93.65,-99.94,-91.01,-68.23,3.46,41.44,73.11,93.65,99.94,91.01,68.23,35.05,-3.46
1.259068,-34.46,-42.01,-73.54,-93.87,-99.92,-90.75,-67.76,4.08,42.01,73.54,93.87,99.92,90.75,67.76,34.46,-4.08
1.260010,-33.87,-42.58,-73.96,-94.09,-99.89,-90.48,-67.30,4.71,42.58,73.96,94.09,99.89,90.48,67.30,33.87,-4.71
1.261009,-33.28,-43.15,-74.38,-94.30,-99.86,-90.21,-66.84,5.34,43.15,74.38,94.30,99.86,90.21,66.84,33.28,-5.34
1.262012,-32.69,-43.71,-74.80,-94.51,-99.82,-89.94,-66.37,5.97,43.71,74.80,94.51,99.82,89.94,66.37,32.69,-5.97
1.263010,-32.09,-44.28,-75.22,-94.71,-99.78,-89.66,-65.90,6.59,44.28,75.22,94.71,99.78,89.66,65.90,32.09,-6.59
1.264008,-31.50,-44.84,-75.63,-94.91,-99.74,-89.38,-65.42,7.22,44.84,75.63,94.91,99.74,89.38,65.42,31.50,-7.22
1.265012,-30.90,-45.40,-76.04,-95.11,-99.69,-89.10,-64.94,7.85,45.40,76.04,95.11,99.69,89.10,64.94,30.90,-7.85
1.266072,-30.30,-45.96,-76.45,-95.30,-99.64,-88.81,-64.47,8.47,45.96,76.45,95.30,99.64,88.81,64.47,30.30,-8.47
1.267010,-29.70,-46.52,-76.85,-95.49,-99.59,-88.52,-63.98,9.10,46.52,76.85,95.49,99.59,88.52,63.98,29.70,-9.10
1.268009,-29.10,-47.07,-77.25,-95.67,-99.53,-88.23,-63.50,9.72,47.07,77.25,95.67,99.53,88.23,63.50,29.10,-9.72
1.269012,-28.50,-47.62,-77.65,-95.85,-99.46,-87.93,-63.01,10.35,47.62,77.65,95.85,99.46,87.93,63.01,28.50,-10.35
1.270010,-27.90,-48.18,-78.04,-96.03,-99.40,-87.63,-62.52,10.97,48.18,78.04,96.03,99.40,87.63,62.52,27.90,-10.97
1.271010,-27.30,-48.72,-78.43,-96.20,-99.33,-87.33,-62.03,11.60,48.73,78.43,96.20,99.33,87.33,62.03,27.30,-11.60
1.272012,-26.69,-49.27,-78.82,-96.37,-99.25,-87.02,-61.54,12.22,49.27,78.82,96.37,99.25,87.02,61.54,26.69,-12.22
1.273014,-26.08,-49.82,-79.21,-96.54,-99.17,-86.71,-61.04,12.84,49.82,79.21,96.54,99.17,86.71,61.04,26.08,-12.84
1.274009,-25.48,-50.36,-79.59,-96.70,-99.09,-86.39,-60.54,13.47,50.36,79.59,96.70,99.09,86.39,60.54,25.48,-13.47
1.275010,-24.87,-50.90,-79.97,-96.86,-99.00,-86.07,-60.04,14.09,50.90,79.97,96.86,99.00,86.07,60.04,24.87,-14.09
1.276079,-24.26,-51.44,-80.34,-97.01,-98.91,-85.75,-59.54,14.71,51.44,80.34,97.01,98.91,85.75,59.54,24.26,-14.71
1.277010,-23.65,-51.98,-80.72,-97.16,-98.82,-85.43,-59.03,15.33,51.98,80.72,97.16,98.82,85.43,59.03,23.65,-15.33
1.278010,-23.04,-52.52,-81.09,-97.31,-98.72,-85.10,-58.52,15.95,52.52,81.09,97.31,98.72,85.10,58.52,23.04,-15.95
1.279010,-22.43,-53.05,-81.45,-97.45,-98.62,-84.77,-58.01,16.57,53.05,81.45,97.45,98.62,84.77,58.01,22.43,-16.57
1.280009,-21.81,-53.58,-81.81,-97.59,-98.51,-84.43,-57.50,17.19,53.58,81.81,97.59,98.51,84.43,57.50,21.81,-17.19
1.281012,-21.20,-54.11,-82.17,-97.73,-98.40,-84.09,-56.99,17.81,54.11,82.17,97.73,98.40,84.09,56.99,21.20,-17.81
1.282084,-20.59,-54.64,-82.53,-97.86,-98.29,-83.75,-56.47,18.43,54.64,82.53,97.86,98.29,83.75,56.47,20.59,-18.43
1.283010,-19.97,-55.16,-82.88,-97.99,-98.17,-83.41,-55.95,19.05,55.16,82.88,97.99,98.17,83.41,55.95,19.97,-19.05
1.284014,-19.35,-55.69,-83.23,-98.11,-98.05,-83.06,-55.43,19.66,55.69,83.23,98.11,98.05,83.06,55.43,19.35,-19.66
1.285011,-18.74,-56.21,-83.58,-98.23,-97.92,-82.71,-54.90,20.28,56.21,83.58,98.23,97.92,82.71,54.90,18.74,-20.28
1.286009,-18.12,-56.73,-83.92,-98.34,-97.79,-82.35,-54.38,20.89,56.73,83.92,98.34,97.79,82.35,54.38,18.12,-20.89
1.287010,-17.50,-57.24,-84.26,-98.46,-97.66,-82.00,-53.85,21.51,57.24,84.26,98.46,97.66,82.00,53.85,17.50,-21.51
1.288065,-16.88,-57.76,-84.60,-98.56,-97.52,-81.63,-53.32,22.12,57.76,84.60,98.56,97.52,81.63,53.32,16.88,-22.12
1.289011,-16.26,-58.27,-84.93,-98.67,-97.38,-81.27,-52.78,22.73,58.27,84.93,98.67,97.38,81.27,52.78,16.26,-22.73
1.290009,-15.64,-58.78,-85.26,-98.77,-97.24,-80.90,-52.25,23.34,58.78,85.26,98.77,97.24,80.90,52.25,15.64,-23.34
1.291011,-15.02,-59.29,-85.59,-98.87,-97.09,-80.53,-51.71,23.96,59.29,85.59,98.87,97.09,80.53,51.71,15.02,-23.96
1.292067,-14.40,-59.79,-85.91,-98.96,-96.94,-80.16,-51.17,24.56,59.79,85.91,98.96,96.94,80.16,51.17,14.40,-24.56
1.293011,-13.78,-60.29,-86.23,-99.05,-96.78,-79.78,-50.63,25.17,60.29,86.23,99.05,96.78,79.78,50.63,13.78,-25.17
1.294010,-13.16,-60.79,-86.55,-99.13,-96.62,-79.40,-50.09,25.78,60.79,86.55,99.13,96.62,79.40,50.09,13.16,-25.78
1.295013,-12.53,-61.29,-86.86,-99.21,-96.46,-79.02,-49.55,26.39,61.29,86.86,99.21,96.46,79.02,49.55,12.53,-26.39
1.296013,-11.91,-61.79,-87.17,-99.29,-96.29,-78.63,-49.00,26.99,61.79,87.17,99.29,96.29,78.63,49.00,11.91,-26.99
1.297008,-11.29,-62.28,-87.48,-99.36,-96.12,-78.24,-48.45,27.60,62.28,87.48,99.36,96.12,78.24,48.45,11.29,-27.60
1.298078,-10.66,-62.77,-87.78,-99.43,-95.94,-77.85,-47.90,28.20,62.77,87.78,99.43,95.94,77.85,47.90,10.66,-28.20
1.299012,-10.04,-63.26,-88.08,-99.50,-95.76,-77.45,-47.35,28.80,63.26,88.08,99.50,95.76,77.45,47.35,10.04,-28.80
1.300010,-9.41,-63.74,-88.38,-99.56,-95.58,-77.05,-46.79,29.40,63.74,88.38,99.56,95.58,77.05,46.79,9.41,-29.40
1.301010,-8.79,-64.23,-88.67,-99.61,-95.39,-76.65,-46.24,30.00,64.23,88.67,99.61,95.39,76.65,46.24,8.79,-30.00
1.302009,-8.16,-64.71,-88.96,-99.67,-95.20,-76.24,-45.68,30.60,64.71,88.96,99.67,95.20,76.24,45.68,8.16,-30.60
1.303014,-7.53,-65.18,-89.24,-99.72,-95.01,-75.84,-45.12,31.20,65.18,89.24,99.72,95.01,75.84,45.12,7.53,-31.20
1.304011,-6.91,-65.66,-89.52,-99.76,-94.81,-75.43,-44.56,31.80,65.66,89.52,99.76,94.81,75.43,44.56,6.91,-31.80
1.305064,-6.28,-66.13,-89.80,-99.80,-94.61,-75.01,-43.99,32.39,66.13,89.80,99.80,94.61,75.01,43.99,6.28,-32.39
1.306015,-5.65,-66.60,-90.08,-99.84,-94.40,-74.59,-43.43,32.99,66.60,90.08,99.84,94.40,74.59,43.43,5.65,-32.99
1.307013,-5.02,-67.07,-90.35,-99.87,-94.19,-74.17,-42.86,33.58,67.07,90.35,99.87,94.19,74.17,42.86,5.02,-33.58
1.308012,-4.40,-67.53,-90.62,-99.90,-93.98,-73.75,-42.29,34.17,67.53,90.62,99.90,93.98,73.75,42.29,4.40,-34.17
1.309022,-3.77,-68.00,-90.88,-99.93,-93.76,-73.33,-41.72,34.76,68.00,90.88,99.93,93.76,73.33,41.72,3.77,-34.76
1.310012,-3.14,-68.45,-91.14,-99.95,-93.54,-72.90,-41.15,35.35,68.45,91.14,99.95,93.54,72.90,41.15,3.14,-35.35
1.311009,-2.51,-68.91,-91.40,-99.97,-93.32,-72.47,-40.58,35.93,68.91,91.40,99.97,93.32,72.47,40.58,2.51,-35.93
1.312078,-1.88,-69.37,-91.65,-99.98,-93.09,-72.03,-40.00,36.52,69.37,91.65,99.98,93.09,72.03,40.00,1.88,-36.52
1.313012,-1.26,-69.82,-91.90,-99.99,-92.86,-71.59,-39.43,37.10,69.82,91.90,99.99,92.86,71.59,39.43,1.26,-37.10
1.314012,-0.63,-70.27,-92.15,-100.00,-92.63,-71.15,-38.85,37.69,70.26,92.15,100.00,92.63,71.15,38.85,0.63,-37.69
1.315065,0.00,-70.71,-92.39,-100.00,-92.39,-70.71,-38.27,38.27,70.71,92.39,100.00,92.39,70.71,38.27,-0.00,-38.27
1.316009,0.63,-71.15,-92.63,-100.00,-92.15,-70.26,-37.69,38.85,71.15,92.63,100.00,92.15,70.26,37.69,-0.63,-38.85
1.317016,1.26,-71.59,-92.86,-99.99,-91.90,-69.82,-37.10,39.43,71.59,92.86,99.99,91.90,69.82,37.10,-1.26,-39.43
1.318013,1.88,-72.03,-93.09,-99.98,-91.65,-69.37,-36.52,40.00,72.03,93.09,99.98,91.65,69.37,36.52,-1.88,-40.00
1.319011,2.51,-72.47,-93.32,-99.97,-91.40,-68.91,-35.93,40.58,72.47,93.32,99.97,91.40,68.91,35.93,-2.51,-40.58
1.320083,3.14,-72.90,-93.54,-99.95,-91.14,-68.45,-35.35,41.15,72.90,93.54,99.95,91.14,68.45,35.35,-3.14,-41.15
1.321012,3.77,-73.33,-93.76,-99.93,-90.88,-68.00,-34.76,41.72,73.33,93.76,99.93,90.88,68.00,34.76,-3.77,-41.72
1.322011,4.40,-73.75,-93.98,-99.90,-90.62,-67.53,-34.17,42.29,73.75,93.98,99.90,90.62,67.53,34.17,-4.40,-42.29
1.323011,5.02,-74.17,-94.19,-99.87,-90.35,-67.07,-33.58,42.86,74.17,94.19,99.87,90.35,67.07,33.58,-5.02,-42.86
1.324011,5.65,-74.59,-94.40,-99.84,-90.08,-66.60,-32.99,43.43,74.59,94.40,99.84,90.08,66.60,32.99,-5.65,-43.43
1.325009,6.28,-75.01,-94.61,-99.80,-89.80,-66.13,-32.39,43.99,75.01,94.61,99.80,89.80,66.13,32.39,-6.28,-43.99
1.326010,6.91,-75.43,-94.81,-99.76,-89.52,-65.66,-31.80,44.56,75.43,94.81,99.76,89.52,65.66,31.80,-6.91,-44.56
1.327011,7.53,-75.84,-95.01,-99.72,-89.24,-65.18,-31.20,45.12,75.84,95.01,99.72,89.24,65.18,31.20,-7.53,-45.12
1.328015,8.16,-76.24,-95.20,-99.67,-88.96,-64.71,-30.60,45.68,76.24,95.20,99.67,88.96,64.71,30.60,-8.16,-45.68
1.329009,8.79,-76.65,-95.39,-99.61,-88.67,-64.23,-30.00,46.24,76.65,95.39,99.61,88.67,64.23,30.00,-8.79,-46.24
1.330011,9.41,-77.05,-95.58,-99.56,-88.38,-63.74,-29.40,46.79,77.05,95.58,99.56,88.38,63.74,29.40,-9.41,-46.79
1.331078,10.04,-77.45,-95.76,-99.50,-88.08,-63.26,-28.80,47.35,77.45,95.76,99.50,88.08,63.26,28.80,-10.04,-47.35
1.332010,10.66,-77.85,-95.94,-99.43,-87.78,-62.77,-28.20,47.90,77.85,95.94,99.43,87.78,62.77,28.20,-10.66,-47.90
1.333010,11.29,-78.24,-96.12,-99.36,-87.48,-62.28,-27.60,48.45,78.24,96.12,99.36,87.48,62.28,27.60,-11.29,-48.45
1.334007,11.91,-78.63,-96.29,-99.29,-87.17,-61.79,-26.99,49.00,78.63,96.29,99.29,87.17,61.79,26.99,-11.91,-49.00
1.335008,12.53,-79.02,-96.46,-99.21,-86.86,-61.29,-26.39,49.55,79.02,96.46,99.21,86.86,61.29,26.39,-12.53,-49.55
1.336007,13.16,-79.40,-96.62,-99.13,-86.55,-60.79,-25.78,50.09,79.40,96.62,99.13,86.55,60.79,25.78,-13.16,-50.09
1.337009,13.78,-79.78,-96.78,-99.05,-86.23,-60.29,-25.17,50.63,79.78,96.78,99.05,86.23,60.29,25.17,-13.78,-50.63
1.338064,14.40,-80.16,-96.94,-98.96,-85.91,-59.79,-24.56,51.17,80.16,96.94,98.96,85.91,59.79,24.56,-14.40,-51.17
1.339012,15.02,-80.53,-97.09,-98.87,-85.59,-59.29,-23.96,51.71,80.53,97.09,98.87,85.59,59.29,23.96,-15.02,-51.71
1.340010,15.64,-80.90,-97.24,-98.77,-85.26,-58.78,-23.34,52.25,80.90,97.24,98.77,85.26,58.78,23.34,-15.64,-52.25
1.341012,16.26,-81.27,-97.38,-98.67,-84.93,-58.27,-22.73,52.78,81.27,97.38,98.67,84.93,58.27,22.73,-16.26,-52.78
1.342093,16.88,-81.63,-97.52,-98.56,-84.60,-57.76,-22.12,53.32,81.63,97.52,98.56,84.60,57.76,22.12,-16.88,-53.32
1.343013,17.50,-82.00,-97.66,-98.46,-84.26,-57.24,-21.51,53.85,82.00,97.66,98.46,84.26,57.24,21.51,-17.50,-53.85
1.344011,18.12,-82.35,-97.79,-98.34,-83.92,-56.73,-20.89,54.38,82.35,97.79,98.34,83.92,56.73,20.89,-18.12,-54.38
1.345084,18.74,-82.71,-97.92,-98.23,-83.58,-56.21,-20.28,54.90,82.71,97.92,98.23,83.58,56.21,20.28,-18.74,-54.90
1.346008,19.35,-83.06,-98.05,-98.11,-83.23,-55.69,-19.66,55.43,83.06,98.05,98.11,83.23,55.69,19.66,-19.35,-55.43
1.347011,19.97,-83.41,-98.17,-97.99,-82.88,-55.16,-19.05,55.95,83.41,98.17,97.99,82.88,55.16,19.05,-19.97,-55.95
1.348013,20.59,-83.75,-98.29,-97.86,-82.53,-54.64,-18.43,56.47,83.75,98.29,97.86,82.53,54.64,18.43,-20.59,-56.47
1.349013,21.20,-84.09,-98.40,-97.73,-82.17,-54.11,-17.81,56.99,84.09,98.40,97.73,82.17,54.11,17.81,-21.20,-56.99
1.350033,21.81,-84.43,-98.51,-97.59,-81.81,-53.58,-17.19,57.50,84.43,98.51,97.59,81.81,53.58,17.19,-21.81,-57.50
1.351011,22.43,-84.77,-98.62,-97.45,-81.45,-53.05,-16.57,58.01,84.77,98.62,97.45,81.45,53.05,16.57,-22.43,-58.01
1.352008,23.04,-85.10,-98.72,-97.31,-81.09,-52.52,-15.95,58.52,85.10,98.72,97.31,81.09,52.52,15.95,-23.04,-58.52
1.353013,23.65,-85.43,-98.82,-97.16,-80.72,-51.98,-15.33,59.03,85.43,98.82,97.16,80.72,51.98,15.33,-23.65,-59.03
1.354012,24.26,-85.75,-98.91,-97.01,-80.34,-51.44,-14.71,59.54,85.75,98.91,97.01,80.34,51.44,14.71,-24.26,-59.54
1.355011,24.87,-86.07,-99.00,-96.86,-79.97,-50.90,-14.09,60.04,86.07,99.00,96.86,79.97,50.90,14.09,-24.87,-60.04
1.356009,25.48,-86.39,-99.09,-96.70,-79.59,-50.36,-13.47,60.54,86.39,99.09,96.70,79.59,50.36,13.47,-25.48,-60.54
1.357010,26.08,-86.71,-99.17,-96.54,-79.21,-49.82,-12.84,61.04,86.71,99.17,96.54,79.21,49.82,12.84,-26.08,-61.04
1.358065,26.69,-87.02,-99.25,-96.37,-78.82,-49.27,-12.22,61.54,87.02,99.25,96.37,78.82,49.27,12.22,-26.69,-61.54
1.359012,27.30,-87.33,-99.33,-96.20,-78.43,-48.72,-11.60,62.03,87.33,99.33,96.20,78.43,48.73,11.60,-27.30,-62.03
1.360011,27.90,-87.63,-99.40,-96.03,-78.04,-48.18,-10.97,62.52,87.63,99.40,96.03,78.04,48.18,10.97,-27.90,-62.52
1.361014,28.50,-87.93,-99.46,-95.85,-77.65,-47.62,-10.35,63.01,87.93,99.46,95.85,77.65,47.62,10.35,-28.50,-63.01
1.362016,29.10,-88.23,-99.53,-95.67,-77.25,-47.07,-9.72,63.50,88.23,99.53,95.67,77.25,47.07,9.72,-29.10,-63.50
1.363015,29.70,-88.52,-99.59,-95.49,-76.85,-46.52,-9.10,63.98,88.52,99.59,95.49,76.85,46.52,9.10,-29.70,-63.98
1.364012,30.30,-88.81,-99.64,-95.30,-76.45,-45.96,-8.47,64.47,88.81,99.64,95.30,76.45,45.96,8.47,-30.30,-64.47
1.365068,30.90,-89.10,-99.69,-95.11,-76.04,-45.40,-7.85,64.94,89.10,99.69,95.11,76.04,45.40,7.85,-30.90,-64.94
1.366009,31.50,-89.38,-99.74,-94.91,-75.63,-44.84,-7.22,65.42,89.38,99.74,94.91,75.63,44.84,7.22,-31.50,-65.42
1.367007,32.09,-89.66,-99.78,-94.71,-75.22,-44.28,-6.59,65.90,89.66,99.78,94.71,75.22,44.28,6.59,-32.09,-65.90
1.368008,32.69,-89.94,-99.82,-94.51,-74.80,-43.71,-5.97,66.37,89.94,99.82,94.51,74.80,43.71,5.97,-32.69,-66.37
1.369010,33.28,-90.21,-99.86,-94.30,-74.38,-43.15,-5.34,66.84,90.21,99.86,94.30,74.38,43.15,5.34,-33.28,-66.84
1.370009,33.87,-90.48,-99.89,-94.09,-73.96,-42.58,-4.71,67.30,90.48,99.89,94.09,73.96,42.58,4.71,-33.87,-67.30
1.371068,34.46,-90.75,-99.92,-93.87,-73.54,-42.01,-4.08,67.76,90.75,99.92,93.87,73.54,42.01,4.08,-34.46,-67.76
1.372015,35.05,-91.01,-99.94,-93.65,-73.11,-41.44,-3.46,68.23,91.01,99.94,93.65,73.11,41.44,3.46,-35.05,-68.23
1.373011,35.64,-91.27,-99.96,-93.43,-72.68,-40.86,-2.83,68.68,91.27,99.96,93.43,72.68,40.86,2.83,-35.64,-68.68
1.374079,36.23,-91.52,-99.98,-93.21,-72.25,-40.29,-2.20,69.14,91.52,99.98,93.21,72.25,40.29,2.20,-36.23,-69.14
1.375013,36.81,-91.78,-99.99,-92.98,-71.81,-39.71,-1.57,69.59,91.78,99.99,92.98,71.81,39.71,1.57,-36.81,-69.59
1.376011,37.40,-92.02,-100.00,-92.74,-71.37,-39.14,-0.94,70.04,92.02,100.00,92.74,71.37,39.14,0.94,-37.40,-70.04
1.377011,37.98,-92.27,-100.00,-92.51,-70.93,-38.56,-0.31,70.49,92.27,100.00,92.51,70.93,38.56,0.31,-37.98,-70.49
1.378066,38.56,-92.51,-100.00,-92.27,-70.49,-37.98,0.31,70.93,92.51,100.00,92.27,70.49,37.98,-0.31,-38.56,-70.93
1.379012,39.14,-92.74,-100.00,-92.02,-70.04,-37.40,0.94,71.37,92.74,100.00,92.02,70.04,37.40,-0.94,-39.14,-71.37
1.380010,39.71,-92.98,-99.99,-91.78,-69.59,-36.81,1.57,71.81,92.98,99.99,91.78,69.59,36.81,-1.57,-39.71,-71.81
1.381011,40.29,-93.21,-99.98,-91.52,-69.14,-36.23,2.20,72.25,93.21,99.98,91.52,69.14,36.23,-2.20,-40.29,-72.25
1.382098,40.86,-93.43,-99.96,-91.27,-68.68,-35.64,2.83,72.68,93.43,99.96,91.27,68.68,35.64,-2.83,-40.86,-72.68
1.383014,41.44,-93.65,-99.94,-91.01,-68.23,-35.05,3.46,73.11,93.65,99.94,91.01,68.23,35.05,-3.46,-41.44,-73.11
1.384011,42.01,-93.87,-99.92,-90.75,-67.76,-34.46,4.08,73.54,93.87,99.92,90.75,67.76,34.46,-4.08,-42.01,-73.54
1.385070,42.58,-94.09,-99.89,-90.48,-67.30,-33.87,4.71,73.96,94.09,99.89,90.48,67.30,33.87,-4.71,-42.58,-73.96
1.386007,43.15,-94.30,-99.86,-90.21,-66.84,-33.28,5.34,74.38,94.30,99.86,90.21,66.84,33.28,-5.34,-43.15,-74.38
1.387011,43.71,-94.51,-99.82,-89.94,-66.37,-32.69,5.97,74.80,94.51,99.82,89.94,66.37,32.69,-5.97,-43.71,-74.80
1.388010,44.28,-94.71,-99.78,-89.66,-65.90,-32.09,6.59,75.22,94.71,99.78,89.66,65.90,32.09,-6.59,-44.28,-75.22
1.389011,44.84,-94.91,-99.74,-89.38,-65.42,-31.50,7.22,75.63,94.91,99.74,89.38,65.42,31.50,-7.22,-44.84,-75.63
1.390011,45.40,-95.11,-99.69,-89.10,-64.94,-30.90,7.85,76.04,95.11,99.69,89.10,64.94,30.90,-7.85,-45.40,-76.04
1.391077,45.96,-95.30,-99.64,-88.81,-64.47,-30.30,8.47,76.45,95.30,99.64,88.81,64.47,30.30,-8.47,-45.96,-76.45
1.392011,46.52,-95.49,-99.59,-88.52,-63.98,-29.70,9.10,76.85,95.49,99.59,88.52,63.98,29.70,-9.10,-46.52,-76.85
1.393010,47.07,-95.67,-99.53,-88.23,-63.50,-29.10,9.72,77.25,95.67,99.53,88.23,63.50,29.10,-9.72,-47.07,-77.25
1.394015,47.62,-95.85,-99.46,-87.93,-63.01,-28.50,10.35,77.65,95.85,99.46,87.93,63.01,28.50,-10.35,-47.62,-77.65
1.395011,48.18,-96.03,-99.40,-87.63,-62.52,-27.90,10.97,78.04,96.03,99.40,87.63,62.52,27.90,-10.97,-48.18,-78.04
1.396009,48.73,-96.20,-99.33,-87.33,-62.03,-27.30,11.60,78.43,96.20,99.33,87.33,62.03,27.30,-11.60,-48.73,-78.43
1.397012,49.27,-96.37,-99.25,-87.02,-61.54,-26.69,12.22,78.82,96.37,99.25,87.02,61.54,26.69,-12.22,-49.27,-78.82
1.398075,49.82,-96.54,-99.17,-86.71,-61.04,-26.08,12.84,79.21,96.54,99.17,86.71,61.04,26.08,-12.84,-49.82,-79.21
1.399012,50.36,-96.70,-99.09,-86.39,-60.54,-25.48,13.47,79.59,96.70,99.09,86.39,60.54,25.48,-13.47,-50.36,-79.59
1.400010,50.90,-96.86,-99.00,-86.07,-60.04,-24.87,14.09,79.97,96.86,99.00,86.07,60.04,24.87,-14.09,-50.90,-79.97
1.401019,51.44,-97.01,-98.91,-85.75,-59.54,-24.26,14.71,80.34,97.01,98.91,85.75,59.54,24.26,-14.71,-51.44,-80.34
1.402014,51.98,-97.16,-98.82,-85.43,-59.03,-23.65,15.33,80.72,97.16,98.82,85.43,59.03,23.65,-15.33,-51.98,-80.72
1.403014,52.52,-97.31,-98.72,-85.10,-58.52,-23.04,15.95,81.09,97.31,98.72,85.10,58.52,23.04,-15.95,-52.52,-81.09
1.404012,53.05,-97.45,-98.62,-84.77,-58.01,-22.43,16.57,81.45,97.45,98.62,84.77,58.01,22.43,-16.57,-53.05,-81.45
1.405151,53.58,-97.59,-98.51,-84.43,-57.50,-21.81,17.19,81.81,97.59,98.51,84.43,57.50,21.81,-17.19,-53.58,-81.81
1.406010,54.11,-97.73,-98.40,-84.09,-56.99,-21.20,17.81,82.17,97.73,98.40,84.09,56.99,21.20,-17.81,-54.11,-82.17
1.407010,54.64,-97.86,-98.29,-83.75,-56.47,-20.59,18.43,82.53,97.86,98.29,83.75,56.47,20.59,-18.43,-54.64,-82.53
1.408076,55.16,-97.99,-98.17,-83.41,-55.95,-19.97,19.05,82.88,97.99,98.17,83.41,55.95,19.97,-19.05,-55.16,-82.88
1.409010,55.69,-98.11,-98.05,-83.06,-55.43,-19.35,19.66,83.23,98.11,98.05,83.06,55.43,19.35,-19.66,-55.69,-83.23
1.410012,56.21,-98.23,-97.92,-82.71,-54.90,-18.74,20.28,83.58,98.23,97.92,82.71,54.90,18.74,-20.28,-56.21,-83.58
1.411079,56.73,-98.34,-97.79,-82.35,-54.38,-18.12,20.89,83.92,98.34,97.79,82.35,54.38,18.12,-20.89,-56.73,-83.92
1.412010,57.24,-98.46,-97.66,-82.00,-53.85,-17.50,21.51,84.26,98.46,97.66,82.00,53.85,17.50,-21.51,-57.24,-84.26
1.413011,57.76,-98.56,-97.52,-81.63,-53.32,-16.88,22.12,84.60,98.56,97.52,81.63,53.32,16.88,-22.12,-57.76,-84.60
1.414008,58.27,-98.67,-97.38,-81.27,-52.78,-16.26,22.73,84.93,98.67,97.38,81.27,52.78,16.26,-22.73,-58.27,-84.93
1.415010,58.78,-98.77,-97.24,-80.90,-52.25,-15.64,23.34,85.26,98.77,97.24,80.90,52.25,15.64,-23.34,-58.78,-85.26
1.416015,59.29,-98.87,-97.09,-80.53,-51.71,-15.02,23.96,85.59,98.87,97.09,80.53,51.71,15.02,-23.96,-59.29,-85.59
1.417009,59.79,-98.96,-96.94,-80.16,-51.17,-14.40,24.56,85.91,98.96,96.94,80.16,51.17,14.40,-24.56,-59.79,-85.91
1.418008,60.29,-99.05,-96.78,-79.78,-50.63,-13.78,25.17,86.23,99.05,96.78,79.78,50.63,13.78,-25.17,-60.29,-86.23
1.419009,60.79,-99.13,-96.62,-79.40,-50.09,-13.16,25.78,86.55,99.13,96.62,79.40,50.09,13.16,-25.78,-60.79,-86.55
1.420092,61.29,-99.21,-96.46,-79.02,-49.55,-12.53,26.39,86.86,99.21,96.46,79.02,49.55,12.53,-26.39,-61.29,-86.86
1.421010,61.79,-99.29,-96.29,-78.63,-49.00,-11.91,26.99,87.17,99.29,96.29,78.63,49.00,11.91,-26.99,-61.79,-87.17
1.422009,62.28,-99.36,-96.12,-78.24,-48.45,-11.29,27.60,87.48,99.36,96.12,78.24,48.45,11.29,-27.60,-62.28,-87.48
1.423063,62.77,-99.43,-95.94,-77.85,-47.90,-10.66,28.20,87.78,99.43,95.94,77.85,47.90,10.66,-28.20,-62.77,-87.78
1.424010,63.26,-99.50,-95.76,-77.45,-47.35,-10.04,28.80,88.08,99.50,95.76,77.45,47.35,10.04,-28.80,-63.26,-88.08
1.425010,63.74,-99.56,-95.58,-77.05,-46.79,-9.41,29.40,88.38,99.56,95.58,77.05,46.79,9.41,-29.40,-63.74,-88.38
1.426010,64.23,-99.61,-95.39,-76.65,-46.24,-8.79,30.00,88.67,99.61,95.39,76.65,46.24,8.79,-30.00,-64.23,-88.67
1.427015,64.71,-99.67,-95.20,-76.24,-45.68,-8.16,30.60,88.96,99.67,95.20,76.24,45.68,8.16,-30.60,-64.71,-88.96
1.428010,65.18,-99.72,-95.01,-75.84,-45.12,-7.53,31.20,89.24,99.72,95.01,75.84,45.12,7.53,-31.20,-65.18,-89.24
1.429009,65.66,-99.76,-94.81,-75.43,-44.56,-6.91,31.80,89.52,99.76,94.81,75.43,44.56,6.91,-31.80,-65.66,-89.52
1.430011,66.13,-99.80,-94.61,-75.01,-43.99,-6.28,32.39,89.80,99.80,94.61,75.01,43.99,6.28,-32.39,-66.13,-89.80
1.431010,66.60,-99.84,-94.40,-74.59,-43.43,-5.65,32.99,90.08,99.84,94.40,74.59,43.43,5.65,-32.99,-66.60,-90.08
1.432010,67.07,-99.87,-94.19,-74.17,-42.86,-5.02,33.58,90.35,99.87,94.19,74.17,42.86,5.02,-33.58,-67.07,-90.35
1.433010,67.53,-99.90,-93.98,-73.75,-42.29,-4.40,34.17,90.62,99.90,93.98,73.75,42.29,4.40,-34.17,-67.53,-90.62
1.434009,68.00,-99.93,-93.76,-73.33,-41.72,-3.77,34.76,90.88,99.93,93.76,73.33,41.72,3.77,-34.76,-68.00,-90.88
1.435010,68.45,-99.95,-93.54,-72.90,-41.15,-3.14,35.35,91.14,99.95,93.54,72.90,41.15,3.14,-35.35,-68.45,-91.14
1.436009,68.91,-99.97,-93.32,-72.47,-40.58,-2.51,35.93,91.40,99.97,93.32,72.47,40.58,2.51,-35.93,-68.91,-91.40
1.437065,69.37,-99.98,-93.09,-72.03,-40.00,-1.88,36.52,91.65,99.98,93.09,72.03,40.00,1.88,-36.52,-69.37,-91.65
1.438015,69.82,-99.99,-92.86,-71.59,-39.43,-1.26,37.10,91.90,99.99,92.86,71.59,39.43,1.26,-37.10,-69.82,-91.90
1.439012,70.26,-100.00,-92.63,-71.15,-38.85,-0.63,37.69,92.15,100.00,92.63,71.15,38.85,0.63,-37.69,-70.26,-92.15
1.440009,70.71,-100.00,-92.39,-70.71,-38.27,0.00,38.27,92.39,100.00,92.39,70.71,38.27,-0.00,-38.27,-70.71,-92.39
1.441010,71.15,-100.00,-92.15,-70.26,-37.69,0.63,38.85,92.63,100.00,92.15,70.26,37.69,-0.63,-38.85,-71.15,-92.63
1.442094,71.59,-99.99,-91.90,-69.82,-37.10,1.26,39.43,92.86,99.99,91.90,69.82,37.10,-1.26,-39.43,-71.59,-92.86
1.443010,72.03,-99.98,-91.65,-69.37,-36.52,1.88,40.00,93.09,99.98,91.65,69.37,36.52,-1.88,-40.00,-72.03,-93.09
1.444008,72.47,-99.97,-91.40,-68.91,-35.93,2.51,40.58,93.32,99.97,91.40,68.91,35.93,-2.51,-40.58,-72.47,-93.32
1.445065,72.90,-99.95,-91.14,-68.45,-35.35,3.14,41.15,93.54,99.95,91.14,68.45,35.35,-3.14,-41.15,-72.90,-93.54
1.446009,73.33,-99.93,-90.88,-68.00,-34.76,3.77,41.72,93.76,99.93,90.88,68.00,34.76,-3.77,-41.72,-73.33,-93.76
1.447010,73.75,-99.90,-90.62,-67.53,-34.17,4.40,42.29,93.98,99.90,90.62,67.53,34.17,-4.40,-42.29,-73.75,-93.98
1.448008,74.17,-99.87,-90.35,-67.07,-33.58,5.02,42.86,94.19,99.87,90.35,67.07,33.58,-5.02,-42.86,-74.17,-94.19
1.449149,74.59,-99.84,-90.08,-66.60,-32.39,6.28,43.99,94.40,99.84,90.08,66.60,32.99,-5.65,-43.43,-74.59,-94.40
1.450012,75.01,-99.80,-89.80,-66.13,-32.39,6.28,43.99,94.61,99.80,89.80,66.13,32.39,-6.28,-43.99,-75.01,-94.61
1.451012,75.43,-99.76,-89.52,-65.66,-31.80,6.91,44.56,94.81,99.76,89.52,65.66,31.80,-6.91,-44.56,-75.43,-94.81
1.452013,75.84,-99.72,-89.24,-65.18,-31.20,7.53,45.12,95.01,99.72,89.24,65.18,31.20,-7.53,-45.12,-75.84,-95.01
1.453011,76.24,-99.67,-88.96,-64.71,-30.60,8.16,45.68,95.20,99.67,88.96,64.71,30.60,-8.16,-45.68,-76.24,-95.20
1.454073,76.65,-99.61,-88.67,-64.23,-30.00,8.79,46.24,95.39,99.61,88.67,64.23,30.00,-8.79,-46.24,-76.65,-95.39
1.455010,77.05,-99.56,-88.38,-63.74,-29.40,9.41,46.79,95.58,99.56,88.38,63.74,29.40,-9.41,-46.79,-77.05,-95.58
1.456009,77.45,-99.50,-88.08,-63.26,-28.80,10.04,47.35,95.76,99.50,88.08,63.26,28.80,-10.04,-47.35,-77.45,-95.76
1.457073,77.85,-99.43,-87.78,-62.77,-28.20,10.66,47.90,95.94,99.43,87.78,62.77,28.20,-10.66,-47.90,-77.85,-95.94
1.458010,78.24,-99.36,-87.48,-62.28,-27.60,11.29,48.45,96.12,99.36,87.48,62.28,27.60,-11.29,-48.45,-78.24,-96.12
1.459010,78.63,-99.29,-87.17,-61.79,-26.99,11.91,49.00,96.29,99.29,87.17,61.79,26.99,-11.91,-49.00,-78.63,-96.29
1.460186,79.02,-99.13,-86.55,-60.79,-25.78,13.16,50.09,96.62,99.13,86.55,60.79,25.78,-13.16,-50.09,-79.40,-96.62
1.461008,79.40,-99.13,-86.55,-60.79,-25.78,13.16,50.09,96.62,99.13,86.55,60.79,25.78,-13.16,-50.09,-79.40,-96.62
1.462010,79.78,-99.05,-86.23,-60.29,-25.17,13.78,50.63,96.78,99.05,86.23,60.29,25.17,-13.78,-50.63,-79.78,-96.78
1.463013,80.16,-98.96,-85.91,-59.79,-24.56,14.40,51.17,96.94,98.96,85.91,59.79,24.56,-14.40,-51.17,-80.16,-96.94
1.464011,80.53,-98.87,-85.59,-59.29,-23.96,15.02,51.71,97.09,98.87,85.59,59.29,23.96,-15.02,-51.71,-80.53,-97.09
1.465079,80.90,-98.77,-85.26,-58.78,-23.34,15.64,52.25,97.24,98.77,85.26,58.78,23.34,-15.64,-52.25,-80.90,-97.24
1.466011,81.27,-98.67,-84.93,-58.27,-22.73,16.26,52.78,97.38,98.67,84.93,58.27,22.73,-16.26,-52.78,-81.27,-97.38
1.467013,81.63,-98.56,-84.60,-57.76,-22.12,16.88,53.32,97.52,98.56,84.60,57.76,22.12,-16.88,-53.32,-81.63,-97.52
1.468012,82.00,-98.46,-84.26,-57.24,-21.51,17.50,53.85,97.66,98.46,84.26,57.24,21.51,-17.50,-53.85,-82.00,-97.66
1.469012,82.35,-98.34,-83.92,-56.73,-20.89,18.12,54.38,97.79,98.34,83.92,56.73,20.89,-18.12,-54.38,-82.35,-97.79
1.470013,82.71,-98.23,-83.58,-56.21,-20.28,18.74,54.90,97.92,98.23,83.58,56.21,20.28,-18.74,-54.90,-82.71,-97.92
1.471162,83.06,-97.99,-82.88,-55.16,-19.05,19.97,55.95,98.17,97.99,82.88,55.16,19.05,-19.97,-55.95,-83.41,-98.17
1.472008,83.41,-97.99,-82.88,-55.16,-19.05,19.97,55.95,98.17,97.99,82.88,55.16,19.05,-19.97,-55.95,-83.41,-98.17
1.473011,83.75,-97.86,-82.53,-54.64,-18.43,20.59,56.47,98.29,97.86,82.53,54.64,18.43,-20.59,-56.47,-83.75,-98.29
1.474077,84.09,-97.73,-82.17,-54.11,-17.81,21.20,56.99,98.40,97.73,82.17,54.11,17.81,-21.20,-56.99,-84.09,-98.40
1.475010,84.43,-97.59,-81.81,-53.58,-17.19,21.81,57.50,98.51,97.59,81.81,53.58,17.19,-21.81,-57.50,-84.43,-98.51
1.476010,84.77,-97.45,-81.45,-53.05,-16.57,22.43,58.01,98.62,97.45,81.45,53.05,16.57,-22.43,-58.01,-84.77,-98.62
1.477013,85.10,-97.31,-81.09,-52.52,-15.95,23.04,58.52,98.72,97.31,81.09,52.52,15.95,-23.04,-58.52,-85.10,-98.72
1.478072,85.43,-97.16,-80.72,-51.98,-15.33,23.65,59.03,98.82,97.16,80.72,51.98,15.33,-23.65,-59.03,-85.43,-98.82
1.479007,85.75,-97.01,-80.34,-51.44,-14.71,24.26,59.54,98.91,97.01,80.34,51.44,14.71,-24.26,-59.54,-85.75,-98.91
1.480009,86.07,-96.86,-79.97,-50.90,-14.09,24.87,60.04,99.00,96.86,79.97,50.90,14.09,-24.87,-60.04,-86.07,-99.00
1.481010,86.39,-96.70,-79.59,-50.36,-13.47,25.48,60.54,99.09,96.70,79.59,50.36,13.47,-25.48,-60.54,-86.39,-99.09
1.482178,87.02,-96.37,-78.82,-49.27,-12.22,26.69,61.54,99.25,96.37,78.82,49.27,12.22,-26.69,-61.54,-87.02,-99.25
1.483008,87.02,-96.37,-78.82,-49.27,-12.22,26.69,61.54,99.25,96.37,78.82,49.27,12.22,-26.69,-61.54,-87.02,-99.25
1.484009,87.33,-96.20,-78.43,-48.73,-11.60,27.30,62.03,99.33,96.20,78.43,48.73,11.60,-27.30,-62.03,-87.33,-99.33
1.485013,87.63,-96.03,-78.04,-48.18,-10.97,27.90,62.52,99.40,96.03,78.04,48.18,10.97,-27.90,-62.52,-87.63,-99.40
1.486011,87.93,-95.85,-77.65,-47.62,-10.35,28.50,63.01,99.46,95.85,77.65,47.62,10.35,-28.50,-63.01,-87.93,-99.46
1.487009,88.23,-95.67,-77.25,-47.07,-9.72,29.10,63.50,99.53,95.67,77.25,47.07,9.72,-29.10,-63.50,-88.23,-99.53
1.488011,88.52,-95.49,-76.85,-46.52,-9.10,29.70,63.98,99.59,95.49,76.85,46.52,9.10,-29.70,-63.98,-88.52,-99.59
1.489012,88.81,-95.30,-76.45,-45.96,-8.47,30.30,64.47,99.64,95.30,76.45,45.96,8.47,-30.30,-64.47,-88.81,-99.64
1.490014,89.10,-95.11,-76.04,-45.40,-7.85,30.90,64.94,99.69,95.11,76.04,45.40,7.85,-30.90,-64.94,-89.10,-99.69
1.491011,89.38,-94.91,-75.63,-44.84,-7.22,31.50,65.42,99.74,94.91,75.63,44.84,7.22,-31.50,-65.42,-89.38,-99.74
1.492073,89.66,-94.71,-74.80,-43.71,-5.97,32.69,66.37,99.78,94.71,75.22,44.28,6.59,-32.09,-65.90,-89.66,-99.78
1.493015,89.94,-94.51,-74.80,-43.71,-5.97,32.69,66.37,99.82,94.51,74.80,43.71,5.97,-32.69,-66.37,-89.94,-99.82
1.494026,90.21,-94.30,-74.38,-43.15,-5.34,33.28,66.84,99.86,94.30,74.38,43.15,5.34,-33.28,-66.84,-90.21,-99.86
1.495010,90.48,-94.09,-73.96,-42.58,-4.71,33.87,67.30,99.89,94.09,73.96,42.58,4.71,-33.87,-67.30,-90.48,-99.89
1.496009,90.75,-93.87,-73.54,-42.01,-4.08,34.46,67.76,99.92,93.87,73.54,42.01,4.08,-34.46,-67.76,-90.75,-99.92
1.497010,91.01,-93.65,-73.11,-41.44,-3.46,35.05,68.23,99.94,93.65,73.11,41.44,3.46,-35.05,-68.23,-91.01,-99.94
1.498062,91.27,-93.21,-72.25,-40.29,-2.20,36.23,69.14,99.96,93.43,72.68,40.86,2.83,-35.64,-68.68,-91.27,-99.98
1.499012,91.52,-93.21,-72.25,-40.29,-2.20,36.23,69.14,99.98,93.21,72.25,40.29,2.20,-36.23,-69.14,-91.52,-99.98
1.500010,91.78,-92.98,-71.81,-39.71,-1.57,36.81,69.59,99.99,92.98,71.81,39.71,1.57,-36.81,-69.59,-91.78,-99.99
1.501083,92.02,-92.51,-70.93,-38.56,-0.31,37.98,70.49,100.00,92.51,70.93,38.56,0.31,-37.98,-70.49,-92.27,-100.00
1.502011,92.27,-92.51,-70.93,-38.56,-0.31,37.98,70.49,100.00,92.51,70.93,38.56,0.31,-37.98,-70.49,-92.27,-100.00
1.503010,92.51,-92.27,-70.49,-37.98,0.31,38.56,70.93,100.00,92.27,70.49,37.98,-0.31,-38.56,-70.93,-92.51,-100.00
1.504016,92.74,-92.02,-70.04,-37.40,0.94,39.14,71.81,100.00,92.02,70.04,37.40,-0.94,-39.14,-71.37,-92.74,-100.00
1.505007,92.98,-91.78,-69.59,-36.81,1.57,39.71,71.81,99.99,91.78,69.59,36.81,-1.57,-39.71,-71.81,-92.98,-99.99
1.506010,93.21,-91.52,-69.14,-36.23,2.20,40.29,72.25,99.98,91.52,69.14,36.23,-2.20,-40.29,-72.25,-93.21,-99.98
1.507078,93.43,-91.01,-68.23,-35.05,3.46,41.44,73.11,99.94,91.01,68.23,35.05,-3.46,-41.44,-73.11,-93.65,-99.94
1.508010,93.65,-91.01,-68.23,-35.05,3.46,41.44,73.11,99.94,91.01,68.23,35.05,-3.46,-41.44,-73.11,-93.65,-99.94
1.509010,93.87,-90.75,-67.76,-34.46,4.08,42.01,73.54,99.92,90.75,67.76,34.46,-4.08,-42.01,-73.54,-93.87,-99.92
1.510011,94.09,-90.48,-67.30,-33.87,4.71,42.58,73.96,99.89,90.48,67.30,33.87,-4.71,-42.58,-73.96,-94.09,-99.89
1.511079,94.30,-89.94,-66.37,-32.69,5.97,43.71,74.80,99.82,89.94,66.37,32.69,-5.97,-43.71,-74.80,-94.51,-99.82
1.512010,94.51,-89.94,-66.37,-32.69,5.97,43.71,74.80,99.82,89.94,66.37,32.69,-5.97,-43.71,-74.80,-94.51,-99.82
1.513010,94.71,-89.66,-65.90,-32.09,6.59,44.28,75.63,99.78,89.66,65.90,32.09,-6.59,-44.28,-75.22,-94.71,-99.78
1.514009,94.91,-89.38,-65.42,-31.50,7.22,45.40,76.04,99.74,89.38,65.42,31.50,-7.22,-44.84,-75.63,-94.91,-99.74
1.515012,95.11,-88.81,-64.47,-30.30,8.47,45.96,76.45,99.69,89.10,64.94,30.90,-7.85,-45.40,-76.45,-95.30,-99.64
1.516013,95.30,-88.81,-64.47,-29.70,9.10,46.52,76.85,99.64,88.81,64.47,30.30,-8.47,-45.96,-76.45,-95.30,-99.64
1.517067,95.49,-88.23,-63.50,-29.10,9.72,47.07,77.25,99.53,88.23,63.50,29.10,-9.72,-47.07,-77.25,-95.67,-99.53
1.518010,95.67,-88.23,-63.50,-28.50,10.35,47.62,77.65,99.53,88.23,63.50,29.10,-9.72,-47.07,-77.25,-95.67,-99.53
1.519010,95.85,-87.63,-62.52,-27.90,10.97,48.18,78.04,99.46,87.93,63.01,28.50,-10.35,-47.62,-77.65,-95.85,-99.46
1.520010,96.03,-87.33,-62.03,-27.30,11.60,48.73,78.43,99.40,87.63,62.52,27.90,-10.97,-48.18,-78.04,-96.20,-99.33
1.521011,96.20,-87.02,-61.54,-26.69,12.22,49.27,78.82,99.33,87.33,62.03,27.30,-11.60,-49.27,-78.82,-96.37,-99.25
1.522096,96.54,-86.71,-61.04,-26.08,12.84,49.82,79.21,99.17,86.71,61.04,26.08,-12.84,-49.82,-79.21,-96.54,-99.17
1.523010,96.54,-86.39,-60.54,-25.48,13.47,50.36,79.59,99.17,86.71,61.04,26.08,-12.84,-49.82,-79.59,-96.70,-99.09
1.524010,96.70,-86.07,-60.04,-24.87,14.09,50.90,79.97,99.09,86.39,60.54,24.87,-14.09,-50.90,-79.97,-96.86,-99.00
1.525011,96.86,-85.75,-59.54,-24.26,14.71,51.44,80.34,99.00,86.07,59.54,24.26,-14.71,-51.44,-80.34,-97.01,-98.91
1.526014,97.01,-85.43,-59.03,-23.65,15.33,51.98,80.72,98.82,85.43,59.03,23.65,-15.33,-51.98,-80.72,-97.16,-98.82
1.527010,97.16,-85.10,-58.52,-23.04,15.95,52.52,81.09,98.82,85.10,58.52,23.04,-15.95,-52.52,-81.09,-97.31,-98.72
1.528008,97.31,-84.77,-58.01,-22.43,16.57,53.05,81.45,98.72,84.77,58.01,22.43,-16.57,-53.05,-81.45,-97.45,-98.62
1.529010,97.45,-84.43,-57.50,-21.81,17.19,53.58,81.81,98.51,84.43,57.50,21.81,-17.19,-53.58,-81.81,-97.59,-98.51
1.530020,97.59,-84.09,-56.99,-21.20,17.81,54.11,82.17,98.40,84.09,56.99,21.20,-17.81,-54.11,-82.17,-97.73,-98.40
1.531010,97.73,-83.75,-56.47,-20.59,18.43,54.64,82.53,98.29,83.75,56.47,20.59,-18.43,-54.64,-82.53,-97.86,-98.29
1.532010,97.86,-83.41,-55.95,-19.97,19.05,55.16,82.88,98.17,83.41,55.95,19.97,-19.05,-55.16,-82.88,-97.99,-98.17
1.533012,97.99,-83.06,-55.43,-19.35,19.66,55.69,83.23,98.05,83.06,55.43,19.35,-19.66,-55.69,-83.23,-98.11,-98.05
1.534012,98.11,-82.71,-54.90,-18.74,20.28,56.21,83.58,97.92,82.71,54.90,18.74,-20.28,-56.21,-83.58,-98.23,-97.92
1.535010,98.23,-82.35,-54.38,-18.12,20.89,56.73,83.92,97.79,82.35,54.38,18.12,-20.89,-56.73,-83.92,-98.34,-97.79
1.536067,98.46,-82.00,-53.85,-17.50,21.51,57.24,84.26,97.66,82.00,53.85,17.50,-21.51,-57.24,-84.26,-98.46,-97.66
1.537012,98.46,-81.63,-53.32,-16.88,22.12,57.76,84.60,97.52,81.63,53.32,16.88,-22.12,-57.76,-84.60,-98.56,-97.52
1.538013,98.56,-81.27,-52.78,-16.26,22.73,58.27,84.93,97.38,81.27,52.78,16.26,-22.73,-58.27,-84.93,-98.67,-97.38
1.539014,98.67,-80.90,-52.25,-15.64,23.34,58.78,85.26,97.24,80.90,52.25,15.64,-23.34,-58.78,-85.26,-98.77,-97.24
1.540099,98.87,-80.53,-51.71,-15.02,23.96,59.29,85.59,97.09,80.53,51.71,15.02,-23.96,-59.29,-85.59,-98.87,-97.09
1.541012,98.87,-80.16,-51.17,-14.40,24.56,59.79,85.91,96.94,80.16,51.17,14.40,-24.56,-59.79,-85.91,-98.96,-96.94
1.542011,99.05,-79.78,-50.63,-13.78,25.17,60.29,86.23,96.78,79.78,50.63,13.78,-25.17,-60.29,-86.23,-99.05,-96.78
1.543015,99.13,-79.40,-50.09,-13.16,25.78,60.79,86.55,96.62,79.40,50.09,13.16,-25.78,-60.79,-86.55,-99.13,-96.62
1.544013,99.21,-79.02,-49.55,-12.53,26.39,61.29,86.86,96.46,79.02,49.55,12.53,-26.39,-61.29,-86.86,-99.21,-96.46
1.545068,99.29,-78.63,-49.00,-11.91,26.99,61.79,87.17,96.29,78.63,49.00,11.91,-26.99,-61.79,-87.17,-99.29,-96.29
1.546008,99.29,-78.24,-48.45,-11.29,27.60,62.28,87.48,96.12,78.24,48.45,11.29,-27.60,-62.28,-87.48,-99.36,-96.12
1.547012,99.43,-77.85,-47.90,-10.66,28.20,62.77,87.78,95.94,77.85,47.90,10.66,-28.20,-62.77,-87.78,-99.43,-95.94
1.548015,99.50,-77.45,-47.35,-10.04,28.80,63.26,88.08,95.76,77.45,47.35,10.04,-28.80,-63.26,-88.08,-99.50,-95.76
1.549009,99.56,-77.05,-46.79,-9.41,29.40,63.74,88.38,95.58,77.05,46.79,9.41,-29.40,-63.74,-88.38,-99.56,-95.58
1.550013,99.61,-76.65,-46.24,-8.79,30.00,64.23,88.67,95.39,76.65,46.24,8.79,-30.00,-64.23,-88.67,-99.61,-95.39
1.551079,99.67,-76.24,-45.68,-8.16,30.60,64.71,88.96,95.20,76.24,45.68,8.16,-30.60,-64.71,-88.96,-99.67,-95.20
1.552011,99.72,-75.84,-45.12,-7.53,31.20,65.18,89.24,95.01,75.84,45.12,7.53,-31.20,-65.18,-89.24,-99.72,-95.01
1.553013,99.76,-75.43,-44.56,-6.91,31.80,65.66,89.52,94.81,75.43,44.56,6.91,-31.80,-65.66,-89.52,-99.76,-94.81
1.554011,99.80,-75.01,-43.99,-6.28,32.39,66.13,89.80,94.61,75.01,43.99,6.28,-32.39,-66.13,-89.80,-99.80,-94.61
1.555010,99.84,-74.59,-43.43,-5.65,32.99,66.60,90.08,94.40,74.59,43.43,5.65,-32.99,-66.60,-90.08,-99.84,-94.40
1.556011,99.87,-74.17,-42.86,-5.02,33.58,67.07,90.35,94.19,74.17,42.86,5.02,-33.58,-67.07,-90.35,-99.87,-94.19
1.557068,99.90,-73.75,-42.29,-4.40,34.17,67.53,90.62,93.98,73.75,42.29,4.40,-34.17,-67.53,-90.62,-99.90,-93.98
1.558011,99.93,-73.33,-41.72,-3.77,34.76,68.00,90.88,93.76,73.33,41.72,3.77,-34.76,-68.00,-90.88,-99.93,-93.76
1.559015,99.95,-72.90,-41.15,-3.14,35.35,68.45,91.14,93.54,72.90,41.15,3.14,-35.35,-68.45,-91.14,-99.95,-93.54
1.560013,99.97,-72.47,-40.58,-2.51,35.93,68.91,91.40,93.32,72.47,40.58,2.51,-35.93,-68.91,-91.40,-99.97,-93.32
1.561011,99.98,-72.03,-40.00,-1.88,36.52,69.37,91.65,93.09,72.03,40.00,1.88,-36.52,-69.37,-91.65,-99.98,-93.09
1.562013,99.99,-71.59,-39.43,-1.26,37.10,69.82,91.90,92.86,71.59,39.43,1.26,-37.10,-69.82,-91.90,-99.99,-92.86
1.563012,100.00,-71.15,-38.85,-0.63,37.69,70.27,92.15,92.63,71.15,38.85,0.63,-37.69,-70.26,-92.15,-100.00,-92.63
1.564077,100.00,-70.71,-38.27,0.00,38.27,70.71,92.39,92.39,70.71,38.27,-0.00,-38.27,-70.71,-92.39,-100.00,-92.39
1.565011,100.00,-70.26,-37.69,0.63,38.85,71.15,92.63,92.15,70.26,37.69,-0.63,-38.85,-71.15,-92.63,-100.00,-92.15
1.566012,99.99,-69.82,-37.10,1.26,39.43,71.59,92.86,91.90,69.82,37.10,-1.26,-39.43,-71.59,-92.86,-99.99,-91.90
1.567070,99.98,-69.37,-36.52,1.88,40.00,72.03,93.09,91.65,69.37,36.52,-1.88,-40.00,-72.03,-93.09,-99.98,-91.65
1.568010,99.97,-68.91,-35.93,2.51,40.58,72.47,93.32,91.40,68.91,35.93,-2.51,-40.58,-72.47,-93.32,-99.97,-91.40
1.569012,99.95,-68.45,-35.35,3.14,41.15,72.90,93.54,91.14,68.45,35.35,-3.14,-41.15,-72.90,-93.54,-99.95,-91.14
1.570016,99.93,-68.00,-34.76,3.77,41.72,73.33,93.76,90.88,68.00,34.76,-3.77,-41.72,-73.33,-93.76,-99.93,-90.88
1.571014,99.90,-67.53,-34.17,4.40,42.29,73.75,93.98,90.62,67.53,34.17,-4.40,-42.29,-73.75,-93.98,-99.90,-90.62
1.572013,99.87,-67.07,-33.58,5.02,42.86,74.17,94.19,90.35,67.07,33.58,-5.02,-42.86,-74.17,-94.19,-99.87,-90.35
1.573012,99.84,-66.60,-32.99,5.65,43.43,74.59,94.40,90.08,66.60,32.99,-5.65,-43.43,-74.59,-94.40,-99.84,-90.08
1.574013,99.80,-66.13,-32.39,6.28,43.99,75.01,94.61,89.80,66.13,32.39,-6.28,-43.99,-75.01,-94.61,-99.80,-89.80
1.575070,99.76,-65.66,-31.80,6.91,44.56,75.43,94.81,89.52,65.66,31.80,-6.91,-44.56,-75.43,-94.81,-99.76,-89.52
1.576012,99.72,-65.18,-31.20,7.53,45.12,75.84,95.01,89.24,65.18,31.20,-7.53,-45.12,-75.84,-95.01,-99.72,-89.24
1.577010,99.67,-64.71,-30.60,8.16,45.68,76.24,95.20,88.96,64.71,30.60,-8.16,-45.68,-76.24,-95.20,-99.67,-88.96
1.578013,99.61,-64.23,-30.00,8.79,46.24,76.65,95.39,88.67,64.23,30.00,-8.79,-46.24,-76.65,-95.39,-99.61,-88.67
1.579012,99.56,-63.74,-29.40,9.41,46.79,77.05,95.58,88.38,63.74,29.40,-9.41,-46.79,-77.05,-95.58,-99.56,-88.38
1.580013,99.50,-63.26,-28.80,10.04,47.35,77.45,95.76,88.08,63.26,28.80,-10.04,-47.35,-77.45,-95.76,-99.50,-88.08
1.581171,99.43,-62.77,-28.20,10.66,47.90,77.85,95.94,87.78,62.77,28.20,-10.66,-47.90,-77.85,-95.94,-99.43,-87.78
1.582009,99.36,-62.28,-27.60,11.29,48.45,78.24,96.12,87.48,62.28,27.60,-11.29,-48.45,-78.24,-96.12,-99.36,-87.48
1.583011,99.29,-61.79,-26.99,11.91,49.00,78.63,96.29,87.17,61.79,26.99,-11.91,-49.00,-78.63,-96.29,-99.29,-87.17
1.584013,99.21,-61.29,-26.39,12.53,49.55,79.02,96.46,86.86,61.29,26.39,-12.53,-49.55,-79.02,-96.46,-99.21,-86.86
1.585013,99.13,-60.79,-25.78,13.16,50.09,79.40,96.62,86.55,60.79,25.78,-13.16,-50.09,-79.40,-96.62,-99.13,-86.55
1.586014,99.05,-60.29,-25.17,13.78,50.63,79.78,96.78,86.23,60.29,25.17,-13.78,-50.63,-79.78,-96.78,-99.05,-86.23
1.587069,98.96,-59.79,-24.56,14.40,51.17,80.16,96.94,85.91,59.79,24.56,-14.40,-51.17,-80.16,-96.94,-98.96,-85.91
1.588010,98.87,-59.29,-23.95,15.02,51.71,80.53,97.09,85.59,59.29,23.96,-15.02,-51.71,-80.53,-97.09,-98.87,-85.59
1.589009,98.77,-58.78,-23.34,15.64,52.25,80.90,97.24,85.26,58.78,23.34,-15.64,-52.25,-80.90,-97.24,-98.77,-85.26
1.590012,98.67,-58.27,-22.73,16.26,52.78,81.27,97.38,84.93,58.27,22.73,-16.26,-52.78,-81.27,-97.38,-98.67,-84.93
1.591011,98.56,-57.76,-22.12,16.88,53.32,81.63,97.52,84.60,57.76,22.12,-16.88,-53.32,-81.63,-97.52,-98.56,-84.60
1.592015,98.46,-57.24,-21.51,17.50,53.85,82.00,97.66,84.26,57.24,21.51,-17.50,-53.85,-82.00,-97.66,-98.46,-84.26
1.593011,98.34,-56.73,-20.89,18.12,54.38,82.35,97.79,83.92,56.73,20.89,-18.12,-54.38,-82.35,-97.79,-98.34,-83.92
1.594011,98.23,-56.21,-20.28,18.74,54.90,82.71,97.92,83.58,56.21,20.28,-18.74,-54.90,-82.71,-97.92,-98.23,-83.58
1.595081,98.11,-55.69,-19.66,19.35,55.43,83.06,98.05,83.23,55.69,19.66,-19.35,-55.43,-83.06,-98.05,-98.11,-83.23
1.596011,97.99,-55.16,-19.05,19.97,55.95,83.41,98.17,82.88,55.16,19.05,-19.97,-55.95,-83.41,-98.17,-97.99,-82.88
1.597010,97.86,-54.64,-18.43,20.59,56.47,83.75,98.29,82.53,54.64,18.43,-20.59,-56.47,-83.75,-98.29,-97.86,-82.53
1.598011,97.73,-54.11,-17.81,21.20,56.99,84.09,98.40,82.17,54.11,17.81,-21.20,-56.99,-84.09,-98.40,-97.73,-82.17
1.599010,97.59,-53.58,-17.19,21.81,57.50,84.43,98.51,81.81,53.58,17.19,-21.81,-57.50,-84.43,-98.51,-97.59,-81.81
1.600011,97.45,-53.05,-16.57,22.43,58.01,84.77,98.62,81.45,53.05,16.57,-22.43,-58.01,-84.77,-98.62,-97.45,-81.45
1.601072,97.31,-52.52,-15.95,23.04,58.52,85.10,98.72,81.09,52.52,15.95,-23.04,-58.52,-85.10,-98.72,-97.31,-81.09
1.602009,97.16,-51.98,-15.33,23.65,59.03,85.43,98.82,80.72,51.98,15.33,-23.65,-59.03,-85.43,-98.82,-97.16,-80.72
1.603016,97.01,-51.44,-14.71,24.26,59.54,85.75,98.91,80.34,51.44,14.71,-24.26,-59.54,-85.75,-98.91,-97.01,-80.34
1.604012,96.86,-50.90,-14.09,24.87,60.04,86.07,99.00,79.97,50.90,14.09,-24.87,-60.04,-86.07,-99.00,-96.86,-79.97
1.605012,96.70,-50.36,-13.47,25.48,60.54,86.39,99.09,79.59,50.36,13.47,-25.48,-60.54,-86.39,-99.09,-96.70,-79.59
1.606081,96.54,-49.82,-12.84,26.08,61.04,86.71,99.17,79.21,49.82,12.84,-26.08,-61.04,-86.71,-99.17,-96.54,-79.21
1.607010,96.37,-49.27,-12.22,26.69,61.54,87.02,99.25,78.82,49.27,12.22,-26.69,-61.54,-87.02,-99.25,-96.37,-78.82
1.608012,96.20,-48.72,-11.60,27.30,62.03,87.33,99.33,78.43,48.73,11.60,-27.30,-62.03,-87.33,-99.33,-96.20,-78.43
1.609013,96.03,-48.18,-10.97,27.90,62.52,87.63,99.40,78.04,48.18,10.97,-27.90,-62.52,-87.63,-99.40,-96.03,-78.04
1.610013,95.85,-47.62,-10.35,28.50,63.01,87.93,99.46,77.65,47.62,10.35,-28.50,-63.01,-87.93,-99.46,-95.85,-77.65
1.611010,95.67,-47.07,-9.72,29.10,63.50,88.23,99.53,77.25,47.07,9.72,-29.10,-63.50,-88.23,-99.53,-95.67,-77.25
1.612012,95.49,-46.52,-9.10,29.70,63.98,88.52,99.59,76.85,46.52,9.10,-29.70,-63.98,-88.52,-99.59,-95.49,-76.85
1.613014,95.30,-45.96,-8.47,30.30,64.47,88.81,99.64,76.45,45.96,8.47,-30.30,-64.47,-88.81,-99.64,-95.30,-76.45
1.614015,95.11,-45.40,-7.85,30.90,64.94,89.10,99.69,76.04,45.40,7.85,-30.90,-64.94,-89.10,-99.69,-95.11,-76.04
1.615008,94.91,-44.84,-7.22,31.50,65.42,89.38,99.74,75.63,44.84,7.22,-31.50,-65.42,-89.38,-99.74,-94.91,-75.63
1.616011,94.71,-44.28,-6.59,32.09,65.90,89.66,99.78,75.22,44.28,6.59,-32.09,-65.90,-89.66,-99.78,-94.71,-75.22
1.617062,94.51,-43.71,-5.97,32.69,66.37,89.94,99.82,74.80,43.71,5.97,-32.69,-66.37,-89.94,-99.82,-94.51,-74.80
1.618010,94.30,-43.15,-5.34,33.28,66.84,90.21,99.86,74.38,43.15,5.34,-33.28,-66.84,-90.21,-99.86,-94.30,-74.38
1.619010,94.09,-42.58,-4.71,33.87,67.30,90.48,99.89,73.96,42.58,4.71,-33.87,-67.30,-90.48,-99.89,-94.09,-73.96
1.620098,93.87,-42.01,-4.08,34.46,67.76,90.75,99.92,73.54,42.01,4.08,-34.46,-67.76,-90.75,-99.92,-93.87,-73.54
1.621008,93.65,-41.44,-3.46,35.05,68.23,91.01,99.94,73.11,41.44,3.46,-35.05,-68.23,-91.01,-99.94,-93.65,-73.11
1.622010,93.43,-40.86,-2.83,35.64,68.68,91.27,99.96,72.68,40.86,2.83,-35.64,-68.68,-91.27,-99.96,-93.43,-72.68
1.623012,93.21,-40.29,-2.20,36.23,69.14,91.52,99.98,72.25,40.29,2.20,-36.23,-69.14,-91.52,-99.98,-93.21,-72.25
1.624081,92.98,-39.71,-1.57,36.81,69.59,91.78,99.99,71.81,39.71,1.57,-36.81,-69.59,-91.78,-99.99,-92.98,-71.81
1.625013,92.74,-39.14,-0.94,37.40,70.04,92.02,100.00,71.37,39.14,0.94,-37.40,-70.04,-92.02,-100.00,-92.74,-71.37
1.626012,92.51,-38.56,-0.31,37.98,70.49,92.27,100.00,70.93,38.56,0.31,-37.98,-70.49,-92.27,-100.00,-92.51,-70.93
1.627080,92.27,-37.98,0.31,38.56,70.93,92.51,100.00,70.49,37.98,-0.31,-38.56,-70.93,-92.51,-100.00,-92.27,-70.49
1.628011,92.02,-37.40,0.94,39.14,71.37,92.74,100.00,70.04,37.40,-0.94,-39.14,-71.37,-92.74,-100.00,-92.02,-70.04
1.629010,91.78,-36.81,1.57,39.71,71.81,92.98,99.99,69.59,36.81,-1.57,-39.71,-71.81,-92.98,-99.99,-91.78,-69.59
1.630011,91.52,-36.23,2.20,40.29,72.25,93.21,99.98,69.14,36.23,-2.20,-40.29,-72.25,-93.21,-99.98,-91.52,-69.14
1.631070,91.27,-35.64,2.83,40.86,72.68,93.43,99.96,68.68,35.64,-2.83,-40.86,-72.68,-93.43,-99.96,-91.27,-68.68
1.632010,91.01,-35.05,3.46,41.44,73.11,93.65,99.94,68.23,35.05,-3.46,-41.44,-73.11,-93.65,-99.94,-91.01,-68.23
1.633009,90.75,-34.46,4.08,42.01,73.54,93.87,99.92,67.76,34.46,-4.08,-42.01,-73.54,-93.87,-99.92,-90.75,-67.76
1.634075,90.48,-33.87,4.71,42.58,73.96,94.09,99.89,67.30,33.87,-4.71,-42.58,-73.96,-94.09,-99.89,-90.48,-67.30
1.635009,90.21,-33.28,5.34,43.15,74.38,94.30,99.86,66.84,33.28,-5.34,-43.15,-74.38,-94.30,-99.86,-90.21,-66.84
1.636014,89.94,-32.69,5.97,43.71,74.80,94.51,99.82,66.37,32.69,-5.97,-43.71,-74.80,-94.51,-99.82,-89.94,-66.37
1.637010,89.66,-32.09,6.59,44.28,75.22,94.71,99.78,65.90,32.09,-6.59,-44.28,-75.22,-94.71,-99.78,-89.66,-65.90
1.638010,89.38,-31.50,7.22,44.84,75.63,94.91,99.74,65.42,31.50,-7.22,-44.84,-75.63,-94.91,-99.74,-89.38,-65.42
1.639065,89.10,-30.90,7.85,45.40,76.04,95.11,99.69,64.94,30.90,-7.85,-45.40,-76.04,-95.11,-99.69,-89.10,-64.94
1.640008,88.81,-30.30,8.47,45.96,76.45,95.30,99.64,64.47,30.30,-8.47,-45.96,-76.45,-95.30,-99.64,-88.81,-64.47
1.641009,88.52,-29.70,9.10,46.52,76.85,95.49,99.59,63.98,29.70,-9.10,-46.52,-76.85,-95.49,-99.59,-88.52,-63.98
1.642011,88.23,-29.10,9.72,47.07,77.25,95.67,99.53,63.50,29.10,-9.72,-47.07,-77.25,-95.67,-99.53,-88.23,-63.50
1.643011,87.93,-28.50,10.35,47.62,77.65,95.85,99.46,63.01,28.50,-10.35,-47.62,-77.65,-95.85,-99.46,-87.93,-63.01
1.644075,87.63,-27.90,10.97,48.18,78.04,96.03,99.40,62.52,27.90,-10.97,-48.18,-78.04,-96.03,-99.40,-87.63,-62.52
1.645011,87.33,-27.30,11.60,48.73,78.43,96.20,99.33,62.03,27.30,-11.60,-48.73,-78.43,-96.20,-99.33,-87.33,-62.03
1.646012,87.02,-26.69,12.22,49.27,78.82,96.37,99.25,61.54,26.69,-12.22,-49.27,-78.82,-96.37,-99.25,-87.02,-61.54
1.647014,86.71,-26.08,12.84,49.82,79.21,96.54,99.17,61.04,26.08,-12.84,-49.82,-79.21,-96.54,-99.17,-86.71,-61.04
1.648009,86.39,-25.48,13.47,50.36,79.59,96.70,99.09,60.54,25.48,-13.47,-50.36,-79.59,-96.70,-99.09,-86.39,-60.54
1.649012,86.07,-24.87,14.09,50.90,79.97,96.86,99.00,60.04,24.87,-14.09,-50.90,-79.97,-96.86,-99.00,-86.07,-60.04
1.650014,85.75,-24.26,14.71,51.44,80.34,97.01,98.91,59.54,24.26,-14.71,-51.44,-80.34,-97.01,-98.91,-85.75,-59.54
1.651012,85.43,-23.65,15.33,51.98,80.72,97.16,98.82,59.03,23.65,-15.33,-51.98,-80.72,-97.16,-98.82,-85.43,-59.03
1.652074,85.10,-23.04,15.95,52.52,81.09,97.31,98.72,58.52,23.04,-15.95,-52.52,-81.09,-97.31,-98.72,-85.10,-58.52
1.653010,84.77,-22.43,16.57,53.05,81.45,97.45,98.62,58.01,22.43,-16.57,-53.05,-81.45,-97.45,-98.62,-84.77,-58.01
1.654012,84.43,-21.81,17.19,53.58,81.81,97.59,98.51,57.50,21.81,-17.19,-53.58,-81.81,-97.59,-98.51,-84.43,-57.50
1.655012,84.09,-21.20,17.81,54.11,82.17,97.73,98.40,56.99,21.20,-17.81,-54.11,-82.17,-97.73,-98.40,-84.09,-56.99
1.656012,83.75,-20.59,18.43,54.64,82.53,97.86,98.29,56.47,20.59,-18.43,-54.64,-82.53,-97.86,-98.29,-83.75,-56.47
1.657011,83.41,-19.97,19.05,55.16,82.88,97.99,98.17,55.95,19.97,-19.05,-55.16,-82.88,-97.99,-98.17,-83.41,-55.95
1.658014,83.06,-19.35,19.66,55.69,83.23,98.11,98.05,55.43,19.35,-19.66,-55.69,-83.23,-98.11,-98.05,-83.06,-55.43
1.659008,82.71,-18.74,20.28,56.21,83.58,98.23,97.92,54.90,18.74,-20.28,-56.21,-83.58,-98.23,-97.92,-82.71,-54.90
1.660010,82.35,-18.12,20.89,56.73,83.92,98.34,97.79,54.38,18.12,-20.89,-56.73,-83.92,-98.34,-97.79,-82.35,-54.38
1.661011,82.00,-17.50,21.51,57.24,84.26,98.46,97.66,53.85,17.50,-21.51,-57.24,-84.26,-98.46,-97.66,-82.00,-53.85
1.662013,81.63,-16.88,22.12,57.76,84.60,98.56,97.52,53.32,16.88,-22.12,-57.76,-84.60,-98.56,-97.52,-81.63,-53.32
1.663007,81.27,-16.26,22.73,58.27,84.93,98.67,97.38,52.78,16.26,-22.73,-58.27,-84.93,-98.67,-97.38,-81.27,-52.78
1.664009,80.90,-15.64,23.34,58.78,85.26,98.77,97.24,52.25,15.64,-23.34,-58.78,-85.26,-98.77,-97.24,-80.90,-52.25
1.665011,80.53,-15.02,23.96,59.29,85.59,98.87,97.09,51.71,15.02,-23.96,-59.29,-85.59,-98.87,-97.09,-80.53,-51.71
1.666012,80.16,-14.40,24.56,59.79,85.91,98.96,96.94,51.17,14.40,-24.56,-59.79,-85.91,-98.96,-96.94,-80.16,-51.17
1.667012,79.78,-13.78,25.17,60.29,86.23,99.05,96.78,50.63,13.78,-25.17,-60.29,-86.23,-99.05,-96.78,-79.78,-50.63
1.668011,79.40,-13.16,25.78,60.79,86.55,99.13,96.62,50.09,13.16,-25.78,-60.79,-86.55,-99.13,-96.62,-79.40,-50.09
1.669163,79.02,-12.53,26.39,61.29,86.86,99.21,96.46,49.55,12.53,-26.39,-61.29,-86.86,-99.21,-96.46,-79.02,-49.55
1.670009,78.63,-11.91,26.99,61.79,87.17,99.29,96.29,49.00,11.91,-26.99,-61.79,-87.17,-99.29,-96.29,-78.63,-49.00
1.671011,78.24,-11.29,27.60,62.28,87.48,99.36,96.12,48.45,11.29,-27.60,-62.28,-87.48,-99.36,-96.12,-78.24,-48.45
1.672012,77.85,-10.66,28.20,62.77,87.78,99.43,95.94,47.90,10.66,-28.20,-62.77,-87.78,-99.43,-95.94,-77.85,-47.90
1.673010,77.45,-10.04,28.80,63.26,88.08,99.50,95.76,47.35,10.04,-28.80,-63.26,-88.08,-99.50,-95.76,-77.45,-47.35
1.674012,77.05,-9.41,29.40,63.74,88.38,99.56,95.58,46.79,9.41,-29.40,-63.74,-88.38,-99.56,-95.58,-77.05,-46.79
1.675009,76.65,-8.79,30.00,64.23,88.67,99.61,95.39,46.24,8.79,-30.00,-64.23,-88.67,-99.61,-95.39,-76.65,-46.24
1.676013,76.24,-8.16,30.60,64.71,88.96,99.67,95.20,45.68,8.16,-30.60,-64.71,-88.96,-99.67,-95.20,-76.24,-45.68
1.677011,75.84,-7.53,31.20,65.18,89.24,99.72,95.01,45.12,7.53,-31.20,-65.18,-89.24,-99.72,-95.01,-75.84,-45.12
1.678075,75.43,-6.91,31.80,65.66,89.52,99.76,94.81,44.56,6.91,-31.80,-65.66,-89.52,-99.76,-94.81,-75.43,-44.56
1.679008,75.01,-6.28,32.39,66.13,89.80,99.80,94.61,43.99,6.28,-32.39,-66.13,-89.80,-99.80,-94.61,-75.01,-43.99
1.680016,74.59,-5.65,32.99,66.60,90.08,99.84,94.40,43.43,5.65,-32.99,-66.60,-90.08,-99.84,-94.40,-74.59,-43.43
1.681013,74.17,-5.02,33.58,67.07,90.35,99.87,94.19,42.86,5.02,-33.58,-67.07,-90.35,-99.87,-94.19,-74.17,-42.86
1.682012,73.75,-4.40,34.17,67.53,90.62,99.90,93.98,42.29,4.40,-34.17,-67.53,-90.62,-99.90,-93.98,-73.75,-42.29
1.683011,73.33,-3.77,34.76,68.00,90.88,99.93,93.76,41.72,3.77,-34.76,-68.00,-90.88,-99.93,-93.76,-73.33,-41.72
1.684009,72.90,-3.14,35.35,68.45,91.14,99.95,93.54,41.15,3.14,-35.35,-68.45,-91.14,-99.95,-93.54,-72.90,-41.15
1.685009,72.47,-2.51,35.93,68.91,91.40,99.97,93.32,40.58,2.51,-35.93,-68.91,-91.40,-99.97,-93.32,-72.47,-40.58
1.686011,72.03,-1.88,36.52,69.37,91.65,99.98,93.09,40.00,1.88,-36.52,-69.37,-91.65,-99.98,-93.09,-72.03,-40.00
1.687009,71.59,-1.26,37.10,69.82,91.90,99.99,92.86,39.43,1.26,-37.10,-69.82,-91.90,-99.99,-92.86,-71.59,-39.43
1.688021,71.15,-0.63,37.69,70.27,92.15,100.00,92.63,38.85,0.63,-37.69,-70.26,-92.15,-100.00,-92.63,-71.15,-38.85
1.689009,70.71,0.00,38.27,70.71,92.39,100.00,92.39,38.27,-0.00,-38.27,-70.71,-92.39,-100.00,-92.39,-70.71,-38.27
1.690013,70.26,0.63,38.85,71.15,92.63,100.00,92.15,37.69,-0.63,-38.85,-71.15,-92.63,-100.00,-92.15,-70.26,-37.69
1.691016,69.82,1.26,39.43,71.59,92.86,99.99,91.90,37.10,-1.26,-39.43,-71.59,-92.86,-99.99,-91.90,-69.82,-37.10
1.692009,69.37,1.88,40.00,72.03,93.09,99.98,91.65,36.52,-1.88,-40.00,-72.03,-93.09,-99.98,-91.65,-69.37,-36.52
1.693009,68.91,2.51,40.58,72.47,93.32,99.97,91.40,35.93,-2.51,-40.58,-72.47,-93.32,-99.97,-91.40,-68.91,-35.93
1.694009,68.45,3.14,41.15,72.90,93.54,99.95,91.14,35.35,-3.14,-41.15,-72.90,-93.54,-99.95,-91.14,-68.45,-35.35
1.695066,68.00,3.77,41.72,73.33,93.76,99.93,90.88,34.76,-3.77,-41.72,-73.33,-93.76,-99.93,-90.88,-68.00,-34.76
1.696010,67.53,4.40,42.29,73.75,93.98,99.90,90.62,34.17,-4.40,-42.29,-73.75,-93.98,-99.90,-90.62,-67.53,-34.17
1.697008,67.07,5.02,42.86,74.17,94.19,99.87,90.35,33.58,-5.02,-42.86,-74.17,-94.19,-99.87,-90.35,-67.07,-33.58
1.698010,66.60,5.65,43.43,74.59,94.40,99.84,90.08,32.99,-5.65,-43.43,-74.59,-94.40,-99.84,-90.08,-66.60,-32.99
1.699065,66.13,6.28,43.99,75.01,94.61,99.80,89.80,32.39,-6.28,-43.99,-75.01,-94.61,-99.80,-89.80,-66.13,-32.39
1.700011,65.66,6.91,44.56,75.43,94.81,99.76,89.52,31.80,-6.91,-44.56,-75.43,-94.81,-99.76,-89.52,-65.66,-31.80
1.701009,65.18,7.53,45.12,75.84,95.01,99.72,89.24,31.20,-7.53,-45.12,-75.84,-95.01,-99.72,-89.24,-65.18,-31.20
1.702013,64.71,8.16,45.68,76.24,95.20,99.67,88.96,30.60,-8.16,-45.68,-76.24,-95.20,-99.67,-88.96,-64.71,-30.60
1.703011,64.23,8.79,46.24,76.65,95.39,99.61,88.67,30.00,-8.79,-46.24,-76.65,-95.39,-99.61,-88.67,-64.23,-30.00
1.704012,63.74,9.41,46.79,77.05,95.58,99.56,88.38,29.40,-9.41,-46.79,-77.05,-95.58,-99.56,-88.38,-63.74,-29.40
1.705079,63.26,10.04,47.35,77.45,95.76,99.50,88.08,28.80,-10.04,-47.35,-77.45,-95.76,-99.50,-88.08,-63.26,-28.80
1.706011,62.77,10.66,47.90,77.85,95.94,99.43,87.78,28.20,-10.66,-47.90,-77.85,-95.94,-99.43,-87.78,-62.77,-28.20
1.707013,62.28,11.29,48.45,78.24,96.12,99.36,87.48,27.60,-11.29,-48.45,-78.24,-96.12,-99.36,-87.48,-62.28,-27.60
1.708078,61.79,11.91,49.00,78.63,96.29,99.29,87.17,26.99,-11.91,-49.00,-78.63,-96.29,-99.29,-87.17,-61.79,-26.99
1.709011,61.29,12.53,49.55,79.02,96.46,99.21,86.86,26.39,-12.53,-49.55,-79.02,-96.46,-99.21,-86.86,-61.29,-26.39
1.710014,60.79,13.16,50.09,79.40,96.62,99.13,86.55,25.78,-13.16,-50.09,-79.40,-96.62,-99.13,-86.55,-60.79,-25.78
1.711012,60.29,13.78,50.63,79.78,96.78,99.05,86.23,25.17,-13.78,-50.63,-79.78,-96.78,-99.05,-86.23,-60.29,-25.17
1.712078,59.79,14.40,51.17,80.16,96.94,98.96,85.91,24.56,-14.40,-51.17,-80.16,-96.94,-98.96,-85.91,-59.79,-24.56
1.713017,59.29,15.02,51.71,80.53,97.09,98.87,85.59,23.96,-15.02,-51.71,-80.53,-97.09,-98.87,-85.59,-59.29,-23.96
1.714026,58.78,15.64,52.25,80.90,97.24,98.77,85.26,23.34,-15.64,-52.25,-80.90,-97.24,-98.77,-85.26,-58.78,-23.34
1.715008,58.27,16.26,52.78,81.27,97.38,98.67,84.93,22.73,-16.26,-52.78,-81.27,-97.38,-98.67,-84.93,-58.27,-22.73
1.716010,57.76,16.88,53.32,81.63,97.52,98.56,84.60,22.12,-16.88,-53.32,-81.63,-97.52,-98.56,-84.60,-57.76,-22.12
1.717009,57.24,17.50,53.85,82.00,97.66,98.46,84.26,21.51,-17.50,-53.85,-82.00,-97.66,-98.46,-84.26,-57.24,-21.51
1.718011,56.73,18.12,54.38,82.35,97.79,98.34,83.92,20.89,-18.12,-54.38,-82.35,-97.79,-98.34,-83.92,-56.73,-20.89
1.719074,56.21,18.74,54.90,82.71,97.92,98.23,83.58,20.28,-18.74,-54.90,-82.71,-97.92,-98.23,-83.58,-56.21,-20.28
1.720011,55.69,19.35,55.43,83.06,98.05,98.11,83.23,19.66,-19.35,-55.43,-83.06,-98.05,-98.11,-83.23,-55.69,-19.66
1.721010,55.16,19.97,55.95,83.41,98.17,97.99,82.88,19.05,-19.97,-55.95,-83.41,-98.17,-97.99,-82.88,-55.16,-19.05
1.722093,54.64,20.59,56.47,83.75,98.29,97.86,82.53,18.43,-20.59,-56.47,-83.75,-98.29,-97.86,-82.53,-54.64,-18.43
1.723010,54.11,21.20,56.99,84.09,98.40,97.73,82.17,17.81,-21.20,-56.99,-84.09,-98.40,-97.73,-82.17,-54.11,-17.81
1.724015,53.58,21.81,57.50,84.43,98.51,97.59,81.81,17.19,-21.81,-57.50,-84.43,-98.51,-97.59,-81.81,-53.58,-17.19
1.725012,53.05,22.43,58.01,84.77,98.62,97.45,81.45,16.57,-22.43,-58.01,-84.77,-98.62,-97.45,-81.45,-53.05,-16.57
1.726010,52.52,23.04,58.52,85.10,98.72,97.31,81.09,15.95,-23.04,-58.52,-85.10,-98.72,-97.31,-81.09,-52.52,-15.95
1.727066,51.98,23.65,59.03,85.43,98.82,97.16,80.72,15.33,-23.65,-59.03,-85.43,-98.82,-97.16,-80.72,-51.98,-15.33
1.728010,51.44,24.26,59.54,85.75,98.91,97.01,80.34,14.71,-24.26,-59.54,-85.75,-98.91,-97.01,-80.34,-51.44,-14.71
1.729010,50.90,24.87,60.04,86.07,99.00,96.86,79.97,14.09,-24.87,-60.04,-86.07,-99.00,-96.86,-79.97,-50.90,-14.09
1.730013,50.36,25.48,60.54,86.39,99.09,96.70,79.59,13.47,-25.48,-60.54,-86.39,-99.09,-96.70,-79.59,-50.36,-13.47
1.731012,49.82,26.08,61.04,86.71,99.17,96.54,79.21,12.84,-26.08,-61.04,-86.71,-99.17,-96.54,-79.21,-49.82,-12.84
1.732066,49.27,26.69,61.54,87.02,99.25,96.37,78.82,12.22,-26.69,-61.54,-87.02,-99.25,-96.37,-78.82,-49.27,-12.22
1.733007,48.73,27.30,62.03,87.33,99.33,96.20,78.43,11.60,-27.30,-62.03,-87.33,-99.33,-96.20,-78.43,-48.73,-11.60
1.734011,48.18,27.90,62.52,87.63,99.40,96.03,78.04,10.97,-27.90,-62.52,-87.63,-99.40,-96.03,-78.04,-48.18,-10.97
1.735013,47.62,28.50,63.01,87.93,99.46,95.85,77.65,10.35,-28.50,-63.01,-87.93,-99.46,-95.85,-77.65,-47.62,-10.35
1.736011,47.07,29.10,63.50,88.23,99.53,95.67,77.25,9.72,-29.10,-63.50,-88.23,-99.53,-95.67,-77.25,-47.07,-9.72
1.737010,46.52,29.70,63.98,88.52,99.59,95.49,76.85,9.10,-29.70,-63.98,-88.52,-99.59,-95.49,-76.85,-46.52,-9.10
1.738073,45.96,30.30,64.47,88.81,99.64,95.30,76.45,8.47,-30.30,-64.47,-88.81,-99.64,-95.30,-76.45,-45.96,-8.47
1.739008,45.40,30.90,64.94,89.10,99.69,95.11,76.04,7.85,-30.90,-64.94,-89.10,-99.69,-95.11,-76.04,-45.40,-7.85
1.740012,44.84,31.50,65.42,89.38,99.74,94.91,75.63,7.22,-31.50,-65.42,-89.38,-99.74,-94.91,-75.63,-44.84,-7.22
1.741012,44.28,32.09,65.90,89.66,99.78,94.71,75.22,6.59,-32.09,-65.90,-89.66,-99.78,-94.71,-75.22,-44.28,-6.59
1.742095,43.71,32.69,66.37,89.94,99.82,94.51,74.80,5.97,-32.69,-66.37,-89.94,-99.82,-94.51,-74.80,-43.71,-5.97
1.743009,43.15,33.28,66.84,90.21,99.86,94.30,74.38,5.34,-33.28,-66.84,-90.21,-99.86,-94.30,-74.38,-43.15,-5.34
1.744010,42.58,33.87,67.30,90.48,99.89,94.09,73.96,4.71,-33.87,-67.30,-90.48,-99.89,-94.09,-73.96,-42.58,-4.71
1.745075,42.01,34.46,67.76,90.75,99.92,93.87,73.54,4.08,-34.46,-67.76,-90.75,-99.92,-93.87,-73.54,-42.01,-4.08
1.746019,41.44,35.05,68.23,91.01,99.94,93.65,73.11,3.46,-35.05,-68.23,-91.01,-99.94,-93.65,-73.11,-41.44,-3.46
1.747013,40.86,35.64,68.68,91.27,99.96,93.43,72.68,2.83,-35.64,-68.68,-91.27,-99.96,-93.43,-72.68,-40.86,-2.83
1.748010,40.29,36.23,69.14,91.52,99.98,93.21,72.25,2.20,-36.23,-69.14,-91.52,-99.98,-93.21,-72.25,-40.29,-2.20
1.749010,39.71,36.81,69.59,91.78,99.99,92.98,71.81,1.57,-36.81,-69.59,-91.78,-99.99,-92.98,-71.81,-39.71,-1.57
1.750010,39.14,37.40,70.04,92.02,100.00,92.74,71.37,0.94,-37.40,-70.04,-92.02,-100.00,-92.74,-71.37,-39.14,-0.94
1.751010,38.56,37.98,70.49,92.27,100.00,92.51,70.93,0.31,-37.98,-70.49,-92.27,-100.00,-92.51,-70.93,-38.56,-0.31
1.752074,37.98,38.56,70.93,92.51,100.00,92.27,70.49,-0.31,-38.56,-70.93,-92.51,-100.00,-92.27,-70.49,-37.98,0.31
1.753009,37.40,39.14,71.37,92.74,100.00,92.02,70.04,-0.94,-39.14,-71.37,-92.74,-100.00,-92.02,-70.04,-37.40,0.94
1.754011,36.81,39.71,71.81,92.98,99.99,91.78,69.59,-1.57,-39.71,-71.81,-92.98,-99.99,-91.78,-69.59,-36.81,1.57
1.755075,36.23,40.29,72.25,93.21,99.98,91.52,69.14,-2.20,-40.29,-72.25,-93.21,-99.98,-91.52,-69.14,-36.23,2.20
1.756008,35.64,40.86,72.68,93.43,99.96,91.27,68.68,-2.83,-40.86,-72.68,-93.43,-99.96,-91.27,-68.68,-35.64,2.83
1.757013,35.05,41.44,73.11,93.65,99.94,91.01,68.23,-3.46,-41.44,-73.11,-93.65,-99.94,-91.01,-68.23,-35.05,3.46
1.758009,34.46,42.01,73.54,93.87,99.92,90.75,67.76,-4.08,-42.01,-73.54,-93.87,-99.92,-90.75,-67.76,-34.46,4.08
1.759008,33.87,42.58,73.96,94.09,99.89,90.48,67.30,-4.71,-42.58,-73.96,-94.09,-99.89,-90.48,-67.30,-33.87,4.71
1.760084,33.28,43.15,74.38,94.30,99.86,90.21,66.84,-5.34,-43.15,-74.38,-94.30,-99.86,-90.21,-66.84,-33.28,5.34
1.761010,32.69,43.71,74.80,94.51,99.82,89.94,66.37,-5.97,-43.71,-74.80,-94.51,-99.82,-89.94,-66.37,-32.69,5.97
1.762012,32.09,44.28,75.22,94.71,99.78,89.66,65.90,-6.59,-44.28,-75.22,-94.71,-99.78,-89.66,-65.90,-32.09,6.59
1.763012,31.50,44.84,75.63,94.91,99.74,89.38,65.42,-7.22,-44.84,-75.63,-94.91,-99.74,-89.38,-65.42,-31.50,7.22
1.764069,30.90,45.40,76.04,95.11,99.69,89.10,64.94,-7.85,-45.40,-76.04,-95.11,-99.69,-89.10,-64.94,-30.90,7.85
1.765010,30.30,45.96,76.45,95.30,99.64,88.81,64.47,-8.47,-45.96,-76.45,-95.30,-99.64,-88.81,-64.47,-30.30,8.47
1.766011,29.70,46.52,76.85,95.49,99.59,88.52,63.98,-9.10,-46.52,-76.85,-95.49,-99.59,-88.52,-63.98,-29.70,9.10
1.767010,29.10,47.07,77.25,95.67,99.53,88.23,63.50,-9.72,-47.07,-77.25,-95.67,-99.53,-88.23,-63.50,-29.10,9.72
1.768016,28.50,47.62,77.65,95.85,99.46,87.93,63.01,-10.35,-47.62,-77.65,-95.85,-99.46,-87.93,-63.01,-28.50,10.35
1.769012,27.90,48.18,78.04,96.03,99.40,87.63,62.52,-10.97,-48.18,-78.04,-96.03,-99.40,-87.63,-62.52,-27.90,10.97
1.770012,27.30,48.73,78.43,96.20,99.33,87.33,62.03,-11.60,-48.73,-78.43,-96.20,-99.33,-87.33,-62.03,-27.30,11.60
1.771012,26.69,49.27,78.82,96.37,99.25,87.02,61.54,-12.22,-49.27,-78.82,-96.37,-99.25,-87.02,-61.54,-26.69,12.22
1.772064,26.08,49.82,79.21,96.54,99.17,86.71,61.04,-12.84,-49.82,-79.21,-96.54,-99.17,-86.71,-61.04,-26.08,12.84
1.773009,25.48,50.36,79.59,96.70,99.09,86.39,60.54,-13.47,-50.36,-79.59,-96.70,-99.09,-86.39,-60.54,-25.48,13.47
1.774007,24.87,50.90,79.97,96.86,99.00,86.07,60.04,-14.09,-50.90,-79.97,-96.86,-99.00,-86.07,-60.04,-24.87,14.09
1.775010,24.26,51.44,80.34,97.01,98.91,85.75,59.54,-14.71,-51.44,-80.34,-97.01,-98.91,-85.75,-59.54,-24.26,14.71
1.776011,23.65,51.98,80.72,97.16,98.82,85.43,59.03,-15.33,-51.98,-80.72,-97.16,-98.82,-85.43,-59.03,-23.65,15.33
1.777010,23.04,52.52,81.09,97.31,98.72,85.10,58.52,-15.95,-52.52,-81.09,-97.31,-98.72,-85.10,-58.52,-23.04,15.95
1.778067,22.43,53.05,81.45,97.45,98.62,84.77,58.01,-16.57,-53.05,-81.45,-97.45,-98.62,-84.77,-58.01,-22.43,16.57
1.779013,21.81,53.58,81.81,97.59,98.51,84.43,57.50,-17.19,-53.58,-81.81,-97.59,-98.51,-84.43,-57.50,-21.81,17.19
1.780011,21.20,54.11,82.17,97.73,98.40,84.09,56.99,-17.81,-54.11,-82.17,-97.73,-98.40,-84.09,-56.99,-21.20,17.81
1.781009,20.59,54.64,82.53,97.86,98.29,83.75,56.47,-18.43,-54.64,-82.53,-97.86,-98.29,-83.75,-56.47,-20.59,18.43
1.782010,19.97,55.16,82.88,97.99,98.17,83.41,55.95,-19.05,-55.16,-82.88,-97.99,-98.17,-83.41,-55.95,-19.97,19.05
1.783011,19.35,55.69,83.23,98.11,98.05,83.06,55.43,-19.66,-55.69,-83.23,-98.11,-98.05,-83.06,-55.43,-19.35,19.66
1.784011,18.74,56.21,83.58,98.23,97.92,82.71,54.90,-20.28,-56.21,-83.58,-98.23,-97.92,-82.71,-54.90,-18.74,20.28
1.785073,18.12,56.73,83.92,98.34,97.79,82.35,54.38,-20.89,-56.73,-83.92,-98.34,-97.79,-82.35,-54.38,-18.12,20.89
1.786010,17.50,57.24,84.26,98.46,97.66,82.00,53.85,-21.51,-57.24,-84.26,-98.46,-97.66,-82.00,-53.85,-17.50,21.51
1.787011,16.88,57.76,84.60,98.56,97.52,81.63,53.32,-22.12,-57.76,-84.60,-98.56,-97.52,-81.63,-53.32,-16.88,22.12
1.788011,16.26,58.27,84.93,98.67,97.38,81.27,52.78,-22.73,-58.27,-84.93,-98.67,-97.38,-81.27,-52.78,-16.26,22.73
1.789010,15.64,58.78,85.26,98.77,97.24,80.90,52.25,-23.34,-58.78,-85.26,-98.77,-97.24,-80.90,-52.25,-15.64,23.34
1.790017,15.02,59.29,85.59,98.87,97.09,80.53,51.71,-23.96,-59.29,-85.59,-98.87,-97.09,-80.53,-51.71,-15.02,23.96
1.791007,14.40,59.79,85.91,98.96,96.94,80.16,51.17,-24.56,-59.79,-85.91,-98.96,-96.94,-80.16,-51.17,-14.40,24.56
1.792012,13.78,60.29,86.23,99.05,96.78,79.78,50.63,-25.17,-60.29,-86.23,-99.05,-96.78,-79.78,-50.63,-13.78,25.17
1.793011,13.16,60.79,86.55,99.13,96.62,79.40,50.09,-25.78,-60.79,-86.55,-99.13,-96.62,-79.40,-50.09,-13.16,25.78
1.794076,12.53,61.29,86.86,99.21,96.46,79.02,49.55,-26.39,-61.29,-86.86,-99.21,-96.46,-79.02,-49.55,-12.53,26.39
1.795010,11.91,61.79,87.17,99.29,96.29,78.63,49.00,-26.99,-61.79,-87.17,-99.29,-96.29,-78.63,-49.00,-11.91,26.99
1.796014,11.29,62.28,87.48,99.36,96.12,78.24,48.45,-27.60,-62.28,-87.48,-99.36,-96.12,-78.24,-48.45,-11.29,27.60
1.797012,10.66,62.77,87.78,99.43,95.94,77.85,47.90,-28.20,-62.77,-87.78,-99.43,-95.94,-77.85,-47.90,-10.66,28.20
1.798077,10.04,63.26,88.08,99.50,95.76,77.45,47.35,-28.80,-63.26,-88.08,-99.50,-95.76,-77.45,-47.35,-10.04,28.80
1.799008,9.41,63.74,88.38,99.56,95.58,77.05,46.79,-29.40,-63.74,-88.38,-99.56,-95.58,-77.05,-46.79,-9.41,29.40
1.800014,8.79,64.23,88.67,99.61,95.39,76.65,46.24,-30.00,-64.23,-88.67,-99.61,-95.39,-76.65,-46.24,-8.79,30.00
1.801017,8.16,64.71,88.96,99.67,95.20,76.24,45.68,-30.60,-64.71,-88.96,-99.67,-95.20,-76.24,-45.68,-8.16,30.60
1.802010,7.53,65.18,89.24,99.72,95.01,75.84,45.12,-31.20,-65.18,-89.24,-99.72,-95.01,-75.84,-45.12,-7.53,31.20
1.803010,6.91,65.66,89.52,99.76,94.81,75.43,44.56,-31.80,-65.66,-89.52,-99.76,-94.81,-75.43,-44.56,-6.91,31.80
1.804013,6.28,66.13,89.80,99.80,94.61,75.01,43.99,-32.39,-66.13,-89.80,-99.80,-94.61,-75.01,-43.99,-6.28,32.39
1.805075,5.65,66.60,90.08,99.84,94.40,74.59,43.43,-32.99,-66.60,-90.08,-99.84,-94.40,-74.59,-43.43,-5.65,32.99
1.806010,5.02,67.07,90.35,99.87,94.19,74.17,42.86,-33.58,-67.07,-90.35,-99.87,-94.19,-74.17,-42.86,-5.02,33.58
1.807011,4.40,67.53,90.62,99.90,93.98,73.75,42.29,-34.17,-67.53,-90.62,-99.90,-93.98,-73.75,-42.29,-4.40,34.17
1.808012,3.77,68.00,90.88,99.93,93.76,73.33,41.72,-34.76,-68.00,-90.88,-99.93,-93.76,-73.33,-41.72,-3.77,34.76
1.809014,3.14,68.45,91.14,99.95,93.54,72.90,41.15,-35.35,-68.45,-91.14,-99.95,-93.54,-72.90,-41.15,-3.14,35.35
1.810012,2.51,68.91,91.40,99.97,93.32,72.47,40.58,-35.93,-68.91,-91.40,-99.97,-93.32,-72.47,-40.58,-2.51,35.93
1.811013,1.88,69.37,91.65,99.98,93.09,72.03,40.00,-36.52,-69.37,-91.65,-99.98,-93.09,-72.03,-40.00,-1.88,36.52
1.812166,1.26,69.82,91.90,99.99,92.86,71.59,38.85,-37.10,-69.82,-91.90,-99.99,-92.86,-71.59,-39.43,-1.26,37.10
1.813008,0.63,70.27,92.15,100.00,92.63,71.15,38.85,-37.69,-70.26,-92.15,-100.00,-92.63,-71.15,-38.85,-0.63,37.69
1.814011,-0.00,70.71,92.39,100.00,92.39,70.71,38.27,-38.27,-70.71,-92.39,-100.00,-92.39,-70.71,-38.27,0.00,38.27
1.815011,-0.63,71.15,92.63,100.00,92.15,70.26,37.69,-38.85,-71.15,-92.63,-100.00,-92.15,-70.26,-37.69,0.63,38.85
1.816012,-1.26,71.59,92.86,99.99,91.90,69.82,37.10,-39.43,-71.59,-92.86,-99.99,-91.90,-69.82,-37.10,1.26,39.43
1.817063,-1.88,72.03,93.09,99.98,91.65,69.37,36.52,-40.00,-72.03,-93.09,-99.98,-91.65,-69.37,-36.52,1.88,40.00
1.818008,-2.51,72.47,93.32,99.97,91.40,68.91,35.93,-40.58,-72.47,-93.32,-99.97,-91.40,-68.91,-35.93,2.51,40.58
1.819011,-3.14,72.90,93.54,99.95,91.14,68.45,35.35,-41.15,-72.90,-93.54,-99.95,-91.14,-68.45,-35.35,3.14,41.15
1.820086,-3.77,73.33,93.76,99.93,90.88,68.00,34.76,-41.72,-73.33,-93.76,-99.93,-90.88,-68.00,-34.76,3.77,41.72
1.821007,-4.40,73.75,93.98,99.90,90.62,67.53,34.17,-42.29,-73.75,-93.98,-99.90,-90.62,-67.53,-34.17,4.40,42.29
1.822011,-5.02,74.17,94.19,99.87,90.35,67.07,33.58,-42.86,-74.17,-94.19,-99.87,-90.35,-67.07,-33.58,5.02,42.86
1.823017,-5.65,74.59,94.40,99.84,90.08,66.60,32.99,-43.43,-74.59,-94.40,-99.84,-90.08,-66.60,-32.99,5.65,43.43
1.824008,-6.28,75.01,94.61,99.80,89.80,66.13,32.39,-43.99,-75.01,-94.61,-99.80,-89.80,-66.13,-32.39,6.28,43.99
1.825013,-6.91,75.43,94.81,99.76,89.52,65.66,31.80,-44.56,-75.43,-94.81,-99.76,-89.52,-65.66,-31.80,6.91,44.56
1.826065,-7.53,75.84,95.01,99.72,89.24,65.18,31.20,-45.12,-75.84,-95.01,-99.72,-89.24,-65.18,-31.20,7.53,45.12
1.827008,-8.16,76.24,95.20,99.67,88.96,64.71,30.60,-45.68,-76.24,-95.20,-99.67,-88.96,-64.71,-30.60,8.16,45.68
1.828011,-8.79,76.65,95.39,99.61,88.67,64.23,30.00,-46.24,-76.65,-95.39,-99.61,-88.67,-64.23,-30.00,8.79,46.24
1.829069,-9.41,77.05,95.58,99.56,88.38,63.74,29.40,-46.79,-77.05,-95.58,-99.56,-88.38,-63.74,-29.40,9.41,46.79
1.830009,-10.04,77.45,95.76,99.50,88.08,63.26,28.80,-47.35,-77.45,-95.76,-99.50,-88.08,-63.26,-28.80,10.04,47.35
1.831013,-10.66,77.85,95.94,99.43,87.78,62.77,28.20,-47.90,-77.85,-95.94,-99.43,-87.78,-62.77,-28.20,10.66,47.90
1.832015,-11.29,78.24,96.12,99.36,87.48,62.28,27.60,-48.45,-78.24,-96.12,-99.36,-87.48,-62.28,-27.60,11.29,48.45
1.833013,-11.91,78.63,96.29,99.29,87.17,61.79,26.99,-49.00,-78.63,-96.29,-99.29,-87.17,-61.79,-26.99,11.91,49.00
1.834164,-12.53,79.02,96.46,99.13,86.55,60.79,25.78,-49.55,-79.02,-96.46,-99.21,-86.86,-61.29,-26.39,12.53,49.55
1.835009,-13.16,79.40,96.62,99.13,86.55,60.79,25.78,-50.09,-79.40,-96.62,-99.13,-86.55,-60.79,-25.78,13.16,50.09
1.836013,-13.78,79.78,96.78,99.05,86.23,60.29,25.17,-50.63,-79.78,-96.78,-99.05,-86.23,-60.29,-25.17,13.78,50.63
1.837078,-14.40,80.16,96.94,98.96,85.91,59.79,24.56,-51.17,-80.16,-96.94,-98.96,-85.91,-59.79,-24.56,14.40,51.17
1.838011,-15.02,80.53,97.09,98.87,85.59,59.29,23.95,-51.71,-80.53,-97.09,-98.87,-85.59,-59.29,-23.96,15.02,51.71
1.839011,-15.64,80.90,97.24,98.77,85.26,58.78,23.34,-52.25,-80.90,-97.24,-98.77,-85.26,-58.78,-23.34,15.64,52.25
1.840011,-16.26,81.27,97.38,98.67,84.93,58.27,22.73,-52.78,-81.27,-97.38,-98.67,-84.93,-58.27,-22.73,16.26,52.78
1.841082,-16.88,81.63,97.52,98.56,84.60,57.76,22.12,-53.32,-81.63,-97.52,-98.56,-84.60,-57.76,-22.12,16.88,53.32
1.842009,-17.50,82.00,97.66,98.46,84.26,57.24,21.51,-53.85,-82.00,-97.66,-98.46,-84.26,-57.24,-21.51,17.50,53.85
1.843010,-18.12,82.35,97.79,98.34,83.92,56.73,20.89,-54.38,-82.35,-97.79,-98.34,-83.92,-56.73,-20.89,18.12,54.38
1.844015,-18.74,82.71,97.92,98.23,83.58,56.21,20.28,-54.90,-82.71,-97.92,-98.23,-83.58,-56.21,-20.28,18.74,54.90
1.845018,-19.35,83.06,98.05,98.11,83.23,55.69,19.66,-55.43,-83.06,-98.05,-98.11,-83.23,-55.69,-19.66,19.35,55.43
1.846010,-19.97,83.41,98.17,97.99,82.88,55.16,19.05,-55.95,-83.41,-98.17,-97.99,-82.88,-55.16,-19.05,19.97,55.95
1.847012,-20.59,83.75,98.29,97.86,82.53,54.64,18.43,-56.47,-83.75,-98.29,-97.86,-82.53,-54.64,-18.43,20.59,56.47
1.848014,-21.20,84.09,98.40,97.73,82.17,54.11,17.81,-56.99,-84.09,-98.40,-97.73,-82.17,-54.11,-17.81,21.20,56.99
1.849066,-21.81,84.43,98.51,97.59,81.81,53.58,17.19,-57.50,-84.43,-98.51,-97.59,-81.81,-53.58,-17.19,21.81,57.50
1.850011,-22.43,84.77,98.62,97.45,81.45,53.05,16.57,-58.01,-84.77,-98.62,-97.45,-81.45,-53.05,-16.57,22.43,58.01
1.851012,-23.04,85.10,98.72,97.31,81.09,52.52,15.95,-58.52,-85.10,-98.72,-97.31,-81.09,-52.52,-15.95,23.04,58.52
1.852080,-23.65,85.43,98.82,97.16,80.72,51.98,15.33,-59.03,-85.43,-98.82,-97.16,-80.72,-51.98,-15.33,23.65,59.03
1.853010,-24.26,85.75,98.91,97.01,80.34,51.44,14.71,-59.54,-85.75,-98.91,-97.01,-80.34,-51.44,-14.71,24.26,59.54
1.854014,-24.87,86.07,99.00,96.86,79.97,50.90,14.09,-60.04,-86.07,-99.00,-96.86,-79.97,-50.90,-14.09,24.87,60.04
1.855011,-25.48,86.39,99.09,96.70,79.59,50.36,13.47,-60.54,-86.39,-99.09,-96.70,-79.59,-50.36,-13.47,25.48,60.54
1.856015,-26.08,86.71,99.17,96.54,79.21,49.82,12.84,-61.04,-86.71,-99.17,-96.54,-79.21,-49.82,-12.84,26.08,61.04
1.857011,-26.69,87.02,99.25,96.37,78.82,49.27,12.22,-61.54,-87.02,-99.25,-96.37,-78.82,-49.27,-12.22,26.69,61.54
1.858012,-27.30,87.33,99.33,96.20,78.43,48.72,11.60,-62.03,-87.33,-99.33,-96.20,-78.43,-48.73,-11.60,27.30,62.03
1.859078,-27.90,87.63,99.40,96.03,78.04,48.18,10.97,-62.52,-87.63,-99.40,-96.03,-78.04,-48.18,-10.97,27.90,62.52
1.860014,-28.50,87.93,99.46,95.85,77.65,47.62,10.35,-63.01,-87.93,-99.46,-95.85,-77.65,-47.62,-10.35,28.50,63.01
1.861012,-29.10,88.23,99.53,95.67,77.25,47.07,9.72,-63.50,-88.23,-99.53,-95.67,-77.25,-47.07,-9.72,29.10,63.50
1.862098,-29.70,88.52,99.59,95.49,76.85,46.52,9.10,-63.98,-88.52,-99.59,-95.49,-76.85,-46.52,-9.10,29.70,63.98
1.863008,-30.30,88.81,99.64,95.30,76.45,45.96,8.47,-64.47,-88.81,-99.64,-95.30,-76.45,-45.96,-8.47,30.30,64.47
1.864011,-30.90,89.10,99.69,95.11,76.04,45.40,7.85,-64.94,-89.10,-99.69,-95.11,-76.04,-45.40,-7.85,30.90,64.94
1.865010,-31.50,89.38,99.74,94.91,75.63,44.84,7.22,-65.42,-89.38,-99.74,-94.91,-75.63,-44.84,-7.22,31.50,65.42
1.866012,-32.09,89.66,99.78,94.71,75.22,44.28,6.59,-65.90,-89.66,-99.78,-94.71,-75.22,-44.28,-6.59,32.09,65.90
1.867169,-32.69,90.21,99.86,94.30,74.38,43.15,5.34,-66.84,-90.21,-99.86,-94.30,-74.38,-43.15,-5.34,33.28,66.84
1.868007,-33.28,90.21,99.86,94.30,74.38,43.15,5.34,-66.84,-90.21,-99.86,-94.30,-74.38,-43.15,-5.34,33.28,66.84
1.869008,-33.87,90.48,99.89,94.09,73.96,42.58,4.71,-67.30,-90.48,-99.89,-94.09,-73.96,-42.58,-4.71,33.87,67.30
1.870089,-34.46,90.75,99.92,93.87,73.54,42.01,4.08,-67.76,-90.75,-99.92,-93.87,-73.54,-42.01,-4.08,34.46,67.76
1.871012,-35.05,91.01,99.94,93.65,73.11,41.44,3.46,-68.23,-91.01,-99.94,-93.65,-73.11,-41.44,-3.46,35.05,68.23
1.872012,-35.64,91.27,99.96,93.43,72.68,40.86,2.83,-68.68,-91.27,-99.96,-93.43,-72.68,-40.86,-2.83,35.64,68.68
1.873074,-36.23,91.52,99.98,93.21,72.25,40.29,2.20,-69.14,-91.52,-99.98,-93.21,-72.25,-40.29,-2.20,36.23,69.14
1.874010,-36.81,91.78,99.99,92.98,71.81,39.71,1.57,-69.59,-91.78,-99.99,-92.98,-71.81,-39.71,-1.57,36.81,69.59
1.875009,-37.40,92.02,100.00,92.74,71.37,39.14,0.94,-70.04,-92.02,-100.00,-92.74,-71.37,-39.14,-0.94,37.40,70.04
1.876064,-37.98,92.27,100.00,92.51,70.93,38.56,0.31,-70.49,-92.27,-100.00,-92.51,-70.93,-38.56,-0.31,37.98,70.49
1.877008,-38.56,92.51,100.00,92.27,70.49,37.98,-0.31,-70.93,-92.51,-100.00,-92.27,-70.49,-37.98,0.31,38.56,70.93
1.878013,-39.14,92.74,100.00,92.02,70.04,37.40,-0.94,-71.37,-92.74,-100.00,-92.02,-70.04,-37.40,0.94,39.14,71.37
1.879012,-39.71,92.98,99.99,91.78,69.59,36.81,-1.57,-71.81,-92.98,-99.99,-91.78,-69.59,-36.81,1.57,39.71,71.81
1.880012,-40.29,93.21,99.98,91.52,69.14,36.23,-2.20,-72.25,-93.21,-99.98,-91.52,-69.14,-36.23,2.20,40.29,72.25
1.881021,-40.86,93.43,99.96,91.27,68.68,35.64,-2.83,-72.68,-93.43,-99.96,-91.27,-68.68,-35.64,2.83,40.86,72.68
1.882011,-41.44,93.65,99.94,91.01,68.23,35.05,-3.46,-73.11,-93.65,-99.94,-91.01,-68.23,-35.05,3.46,41.44,73.11
1.883023,-42.01,93.87,99.92,90.75,67.76,34.46,-4.08,-73.54,-93.87,-99.92,-90.75,-67.76,-34.46,4.08,42.01,73.54
1.884010,-42.58,94.09,99.89,90.48,67.30,33.87,-4.71,-73.96,-94.09,-99.89,-90.48,-67.30,-33.87,4.71,42.58,73.96
1.885010,-43.15,94.30,99.86,90.21,66.84,33.28,-5.34,-74.38,-94.30,-99.86,-90.21,-66.84,-33.28,5.34,43.15,74.38
1.886013,-43.71,94.51,99.82,89.94,66.37,32.69,-5.97,-74.80,-94.51,-99.82,-89.94,-66.37,-32.69,5.97,43.71,74.80
1.887012,-44.28,94.71,99.78,89.66,65.90,32.09,-6.59,-75.22,-94.71,-99.78,-89.66,-65.90,-32.09,6.59,44.28,75.22
1.888013,-44.84,94.91,99.74,89.38,65.42,31.50,-7.22,-75.63,-94.91,-99.74,-89.38,-65.42,-31.50,7.22,44.84,75.63
1.889016,-45.40,95.11,99.69,89.10,64.94,30.90,-7.85,-76.04,-95.11,-99.69,-89.10,-64.94,-30.90,7.85,45.40,76.04
1.890011,-45.96,95.30,99.64,88.81,64.47,30.30,-8.47,-76.45,-95.30,-99.64,-88.81,-64.47,-30.30,8.47,45.96,76.45
1.891013,-46.52,95.49,99.59,88.52,63.98,29.70,-9.10,-76.85,-95.49,-99.59,-88.52,-63.98,-29.70,9.10,46.52,76.85
1.892012,-47.07,95.67,99.53,88.23,63.50,29.10,-9.72,-77.25,-95.67,-99.53,-88.23,-63.50,-29.10,9.72,47.07,77.25
1.893076,-47.62,96.03,99.40,87.63,62.52,27.90,-10.97,-77.65,-96.03,-99.40,-87.63,-62.52,-27.90,10.97,48.18,78.04
1.894010,-48.18,96.03,99.40,87.63,62.52,27.90,-10.97,-78.04,-96.03,-99.40,-87.63,-62.52,-27.90,10.97,48.18,78.04
1.895011,-48.73,96.20,99.33,87.33,62.03,27.30,-11.60,-78.43,-96.20,-99.33,-87.33,-62.03,-27.30,11.60,48.73,78.43
1.896076,-49.27,96.54,99.17,86.71,61.04,26.08,-12.84,-79.21,-96.54,-99.17,-86.71,-61.04,-26.08,12.84,49.82,79.21
1.897009,-49.82,96.54,99.17,86.71,61.04,26.08,-12.84,-79.21,-96.54,-99.17,-86.71,-61.04,-26.08,12.84,49.82,79.21
1.898012,-50.36,96.70,99.09,86.39,60.54,25.48,-13.47,-79.59,-96.70,-99.09,-86.39,-60.54,-25.48,13.47,50.36,79.59
1.899011,-50.90,96.86,99.00,86.07,60.04,24.87,-14.09,-79.97,-96.86,-99.00,-86.07,-60.04,-24.87,14.09,50.90,79.97
1.900183,-51.98,97.16,98.82,85.43,59.03,23.65,-15.33,-80.72,-97.16,-98.82,-85.43,-59.03,-23.65,15.33,51.98,80.72
1.901011,-51.98,97.16,98.82,85.43,59.03,23.65,-15.33,-80.72,-97.16,-98.82,-85.43,-59.03,-23.65,15.33,51.98,80.72
1.902010,-52.52,97.31,98.72,85.10,58.52,23.04,-15.95,-81.09,-97.31,-98.72,-85.10,-58.52,-23.04,15.95,52.52,81.09
1.903013,-53.05,97.45,98.62,84.77,58.01,21.81,-17.19,-81.45,-97.45,-98.62,-84.77,-58.01,-22.43,16.57,53.05,81.45
1.904012,-53.58,97.59,98.51,84.43,57.50,21.81,-17.81,-81.81,-97.59,-98.51,-84.43,-57.50,-21.81,17.19,53.58,81.81
1.905074,-54.11,97.86,98.29,83.75,56.47,20.59,-18.43,-82.53,-97.86,-98.29,-83.75,-56.47,-20.59,18.43,54.64,82.53
1.906010,-54.64,97.86,98.29,83.75,56.47,19.97,-19.05,-82.53,-97.86,-98.29,-83.75,-56.47,-20.59,18.43,54.64,82.53
1.907011,-55.16,97.99,98.17,83.06,55.43,19.35,-19.66,-82.88,-97.99,-98.17,-83.41,-55.95,-19.97,19.05,55.16,82.88
1.908013,-55.69,98.23,97.92,82.71,54.90,18.74,-20.28,-83.23,-98.11,-98.05,-83.06,-55.43,-19.35,19.66,55.69,83.23
1.909013,-56.21,98.34,97.79,82.35,54.38,18.12,-20.89,-83.58,-98.23,-97.92,-82.71,-54.90,-18.74,20.28,56.21,83.92
1.910013,-56.73,98.46,97.66,82.00,53.85,17.50,-21.51,-83.92,-98.34,-97.79,-82.35,-54.38,-18.12,20.89,57.24,84.26
1.911014,-57.24,98.56,97.52,81.63,53.32,16.88,-22.12,-84.26,-98.46,-97.52,-81.63,-53.32,-16.88,22.12,57.76,84.60
1.912008,-57.76,98.67,97.38,81.27,52.78,16.26,-22.73,-84.60,-98.56,-97.52,-81.63,-53.32,-16.88,22.12,57.76,84.93
1.913012,-58.27,98.77,97.24,80.90,52.25,15.64,-23.34,-84.93,-98.67,-97.38,-81.27,-52.78,-15.64,23.34,58.78,85.26
1.914020,-58.78,98.87,97.09,80.53,51.71,15.02,-23.96,-85.26,-98.87,-97.09,-80.53,-51.71,-15.02,23.96,59.29,85.59
1.915009,-59.29,98.96,96.94,80.16,51.17,14.40,-24.56,-85.59,-98.87,-97.09,-80.53,-51.71,-14.40,24.56,59.79,85.91
1.916010,-59.79,99.05,96.78,79.78,50.63,13.78,-25.17,-85.91,-98.96,-96.94,-79.78,-50.63,-13.78,25.17,60.29,86.23
1.917012,-60.29,99.13,96.62,79.40,50.09,13.16,-25.78,-86.23,-99.13,-96.62,-79.40,-50.09,-13.16,25.78,60.79,86.55
1.918011,-60.79,99.21,96.46,79.02,49.55,12.53,-26.39,-86.55,-99.21,-96.46,-79.02,-49.55,-12.53,26.39,61.29,86.86
1.919078,-61.79,99.29,96.29,78.63,49.00,11.91,-26.99,-87.17,-99.29,-96.29,-78.63,-49.00,-11.91,26.99,61.79,87.17
1.920011,-61.79,99.36,96.12,78.24,48.45,11.29,-27.60,-87.48,-99.36,-96.12,-78.24,-48.45,-11.29,27.60,62.28,87.48
1.921011,-62.28,99.43,95.94,77.85,47.90,10.66,-28.20,-87.78,-99.43,-95.94,-77.85,-47.90,-10.66,28.20,62.77,87.78
1.922179,-63.26,99.50,95.76,77.45,47.35,10.04,-28.80,-88.08,-99.50,-95.76,-77.45,-47.35,-10.04,28.80,63.26,88.08
1.923011,-63.26,99.56,95.58,77.05,46.79,9.41,-29.40,-88.38,-99.56,-95.58,-77.05,-46.79,-9.41,29.40,63.74,88.38
1.924013,-63.74,99.61,95.39,76.65,46.24,8.79,-30.00,-88.67,-99.61,-95.39,-76.65,-46.24,-8.79,30.00,64.23,88.67
1.925014,-64.23,99.67,95.20,76.24,45.68,8.16,-30.60,-88.96,-99.67,-95.20,-76.24,-45.68,-8.16,30.60,64.71,88.96
1.926011,-64.71,99.72,95.01,75.84,45.12,7.53,-31.20,-89.24,-99.72,-95.01,-75.84,-45.12,-7.53,31.20,65.18,89.24
1.927068,-65.66,99.76,94.81,75.43,44.56,6.91,-31.80,-89.52,-99.76,-94.81,-75.43,-44.56,-6.91,31.80,65.66,89.52
1.928009,-65.66,99.80,94.61,75.01,43.99,6.28,-32.39,-89.80,-99.80,-94.61,-75.01,-43.99,-6.28,32.39,66.13,89.80
1.929010,-66.13,99.84,94.40,74.59,43.43,5.65,-32.99,-90.08,-99.84,-94.40,-74.59,-43.43,-5.65,32.99,66.60,90.08
1.930015,-66.60,99.87,94.19,74.17,42.86,5.02,-33.58,-90.35,-99.87,-94.19,-74.17,-42.86,-5.02,33.58,67.07,90.35
1.931013,-67.07,99.90,93.98,73.75,42.29,4.40,-34.17,-90.62,-99.90,-93.98,-73.75,-42.29,-4.40,34.17,67.53,90.62
1.932078,-68.00,99.93,93.76,73.33,41.72,3.77,-34.76,-90.88,-99.93,-93.76,-73.33,-41.72,-3.77,34.76,68.00,90.88
1.933016,-68.45,99.95,93.54,72.90,41.15,3.14,-35.35,-91.14,-99.95,-93.54,-72.90,-41.15,-3.14,35.35,68.45,91.14
1.934102,-68.91,99.97,93.32,72.47,40.58,2.51,-35.93,-91.40,-99.97,-93.32,-72.47,-40.58,-2.51,35.93,68.91,91.40
1.935009,-68.91,99.98,93.09,72.03,40.00,1.88,-36.52,-91.65,-99.98,-93.09,-72.03,-40.00,-1.88,36.52,69.37,91.65
1.936009,-69.82,99.99,92.86,71.59,39.43,1.26,-37.10,-91.90,-99.99,-92.86,-71.59,-39.43,-1.26,37.10,69.82,91.90
1.937011,-70.26,100.00,92.63,71.15,38.85,0.63,-37.69,-92.15,-100.00,-92.63,-71.15,-38.85,-0.63,37.69,70.27,92.15
1.938010,-70.71,100.00,92.39,70.71,38.27,-0.00,-38.27,-92.39,-100.00,-92.39,-70.71,-38.27,0.00,38.27,70.71,92.39
1.939011,-71.15,100.00,92.15,70.26,37.69,-0.63,-38.85,-92.63,-100.00,-92.15,-70.26,-37.69,0.63,38.85,71.15,92.63
1.940012,-71.59,99.99,91.90,69.82,37.10,-1.26,-39.43,-92.86,-99.99,-91.90,-69.82,-37.10,1.26,39.43,71.59,92.86
1.941012,-72.03,99.98,91.65,69.37,36.52,-1.88,-40.00,-93.09,-99.98,-91.65,-69.37,-36.52,1.88,40.00,72.03,93.09
1.942092,-72.47,99.97,91.40,68.91,35.93,-2.51,-40.58,-93.32,-99.97,-91.40,-68.91,-35.93,2.51,40.58,72.47,93.32
1.943008,-72.90,99.95,91.14,68.45,35.35,-3.14,-41.15,-93.54,-99.95,-91.14,-68.45,-35.35,3.14,41.15,72.90,93.54
1.944014,-73.33,99.93,90.88,68.00,34.76,-3.77,-41.72,-93.76,-99.93,-90.88,-68.00,-34.76,3.77,41.72,73.33,93.76
1.945010,-73.75,99.90,90.62,67.53,34.17,-4.40,-42.29,-93.98,-99.90,-90.62,-67.53,-34.17,4.40,42.29,73.75,93.98
1.946012,-74.17,99.87,90.35,67.07,33.58,-5.02,-42.86,-94.19,-99.87,-90.35,-67.07,-33.58,5.02,42.86,74.17,94.19
1.947079,-74.59,99.84,90.08,66.60,32.99,-5.65,-43.43,-94.40,-99.84,-90.08,-66.60,-32.99,5.65,43.43,74.59,94.40
1.948011,-75.01,99.80,89.80,66.13,32.39,-6.28,-43.99,-94.61,-99.80,-89.80,-66.13,-32.39,6.28,43.99,75.01,94.61
1.949012,-75.43,99.76,89.52,65.66,31.80,-6.91,-44.56,-94.81,-99.76,-89.52,-65.66,-31.80,6.91,44.56,75.43,94.81
1.950013,-75.84,99.72,89.24,65.18,31.20,-7.53,-45.12,-95.01,-99.72,-89.24,-65.18,-31.20,7.53,45.12,75.84,95.01
1.951078,-76.24,99.67,88.96,64.71,30.60,-8.16,-45.68,-95.20,-99.67,-88.96,-64.71,-30.60,8.16,45.68,76.24,95.20
1.952011,-76.65,99.61,88.67,64.23,30.00,-8.79,-46.24,-95.39,-99.61,-88.67,-64.23,-30.00,8.79,46.24,76.65,95.39
1.953011,-77.05,99.56,88.38,63.74,29.40,-9.41,-46.79,-95.58,-99.56,-88.38,-63.74,-29.40,9.41,46.79,77.05,95.58
1.954011,-77.45,99.50,88.08,63.26,28.80,-10.04,-47.35,-95.76,-99.50,-88.08,-63.26,-28.80,10.04,47.35,77.45,95.76
1.955014,-77.85,99.43,87.78,62.77,28.20,-10.66,-47.90,-95.94,-99.43,-87.78,-62.77,-28.20,10.66,47.90,77.85,95.94
1.956010,-78.24,99.36,87.48,62.28,27.60,-11.29,-48.45,-96.12,-99.36,-87.48,-62.28,-27.60,11.29,48.45,78.24,96.12
1.957010,-78.63,99.29,87.17,61.79,26.99,-11.91,-49.00,-96.29,-99.29,-87.17,-61.79,-26.99,11.91,49.00,78.63,96.29
1.958081,-79.02,99.21,86.86,61.29,26.39,-12.53,-49.55,-96.46,-99.21,-86.86,-61.29,-26.39,12.53,49.55,79.02,96.46
1.959010,-79.40,99.13,86.55,60.79,25.78,-13.16,-50.09,-96.62,-99.13,-86.55,-60.79,-25.78,13.16,50.09,79.40,96.62
1.960012,-79.78,99.05,86.23,60.29,25.17,-13.78,-50.63,-96.78,-99.05,-86.23,-60.29,-25.17,13.78,50.63,79.78,96.78
1.961081,-80.16,98.96,85.91,59.79,24.56,-14.40,-51.17,-96.94,-98.96,-85.91,-59.79,-24.56,14.40,51.17,80.16,96.94
1.962013,-80.53,98.87,85.59,59.29,23.95,-15.02,-51.71,-97.09,-98.87,-85.59,-59.29,-23.96,15.02,51.71,80.53,97.09
1.963011,-80.90,98.77,85.26,58.78,23.34,-15.64,-52.25,-97.24,-98.77,-85.26,-58.78,-23.34,15.64,52.25,80.90,97.24
1.964066,-81.27,98.67,84.93,58.27,22.73,-16.26,-52.78,-97.38,-98.67,-84.93,-58.27,-22.73,16.26,52.78,81.27,97.38
1.965009,-81.63,98.56,84.60,57.76,22.12,-16.88,-53.32,-97.52,-98.56,-84.60,-57.76,-22.12,16.88,53.32,81.63,97.52
1.966014,-82.00,98.46,84.26,57.24,21.51,-17.50,-53.85,-97.66,-98.46,-84.26,-57.24,-21.51,17.50,53.85,82.00,97.66
1.967012,-82.35,98.34,83.92,56.73,20.89,-18.12,-54.38,-97.79,-98.34,-83.92,-56.73,-20.89,18.12,54.38,82.35,97.79
1.968010,-82.71,98.23,83.58,56.21,20.28,-18.74,-54.90,-97.92,-98.23,-83.58,-56.21,-20.28,18.74,54.90,82.71,97.92
1.969075,-83.06,98.11,83.23,55.69,19.66,-19.35,-55.43,-98.05,-98.11,-83.23,-55.69,-19.66,19.35,55.43,83.06,98.05
1.970012,-83.41,97.99,82.88,55.16,19.05,-19.97,-55.95,-98.17,-97.99,-82.88,-55.16,-19.05,19.97,55.95,83.41,98.17
1.971013,-83.75,97.86,82.53,54.64,18.43,-20.59,-56.47,-98.29,-97.86,-82.53,-54.64,-18.43,20.59,56.47,83.75,98.29
1.972080,-84.09,97.73,82.17,54.11,17.81,-21.20,-56.99,-98.40,-97.73,-82.17,-54.11,-17.81,21.20,56.99,84.09,98.40
1.973010,-84.43,97.59,81.81,53.58,17.19,-21.81,-57.50,-98.51,-97.59,-81.81,-53.58,-17.19,21.81,57.50,84.43,98.51
1.974013,-84.77,97.45,81.45,53.05,16.57,-22.43,-58.01,-98.62,-97.45,-81.45,-53.05,-16.57,22.43,58.01,84.77,98.62
1.975011,-85.10,97.31,81.09,52.52,15.95,-23.04,-58.52,-98.72,-97.31,-81.09,-52.52,-15.95,23.04,58.52,85.10,98.72
1.976012,-85.43,97.16,80.72,51.98,15.33,-23.65,-59.03,-98.82,-97.16,-80.72,-51.98,-15.33,23.65,59.03,85.43,98.82
1.977013,-85.75,97.01,80.34,51.44,14.71,-24.26,-59.54,-98.91,-97.01,-80.34,-51.44,-14.71,24.26,59.54,85.75,98.91
1.978010,-86.07,96.86,79.97,50.90,14.09,-24.87,-60.04,-99.00,-96.86,-79.97,-50.90,-14.09,24.87,60.04,86.07,99.00
1.979010,-86.39,96.70,79.59,50.36,13.47,-25.48,-60.54,-99.09,-96.70,-79.59,-50.36,-13.47,25.48,60.54,86.39,99.09
1.980097,-86.71,96.54,79.21,49.82,12.84,-26.08,-61.04,-99.17,-96.54,-79.21,-49.82,-12.84,26.08,61.04,86.71,99.17
1.981011,-87.02,96.37,78.82,49.27,12.22,-26.69,-61.54,-99.25,-96.37,-78.82,-49.27,-12.22,26.69,61.54,87.02,99.25
1.982012,-87.33,96.20,78.43,48.72,11.60,-27.30,-62.03,-99.33,-96.20,-78.43,-48.72,-11.60,27.30,62.03,87.33,99.33
1.983013,-87.63,96.03,78.04,48.18,10.97,-27.90,-62.52,-99.40,-96.03,-78.04,-48.18,-10.97,27.90,62.52,87.63,99.40
1.984081,-87.93,95.85,77.65,47.62,10.35,-28.50,-63.01,-99.46,-95.85,-77.65,-47.62,-10.35,28.50,63.01,87.93,99.46
1.985009,-88.23,95.67,77.25,47.07,9.72,-29.10,-63.50,-99.53,-95.67,-77.25,-47.07,-9.72,29.10,63.50,88.23,99.53
1.986012,-88.52,95.49,76.85,46.52,9.10,-29.70,-63.98,-99.59,-95.49,-76.85,-46.52,-9.10,29.70,63.98,88.52,99.59
1.987010,-88.81,95.30,76.45,45.96,8.47,-30.30,-64.47,-99.64,-95.30,-76.45,-45.96,-8.47,30.30,64.47,88.81,99.64
1.988013,-89.10,95.11,76.04,45.40,7.85,-30.90,-64.94,-99.69,-95.11,-76.04,-45.40,-7.85,30.90,64.94,89.10,99.69
1.989012,-89.38,94.91,75.63,44.84,7.22,-31.50,-65.42,-99.74,-94.91,-75.63,-44.84,-7.22,31.50,65.42,89.38,99.74
1.990013,-89.66,94.71,75.22,44.28,6.59,-32.09,-65.90,-99.78,-94.71,-75.22,-44.28,-6.59,32.09,65.90,89.66,99.78
1.991020,-89.94,94.51,74.80,43.71,5.97,-32.69,-66.37,-99.82,-94.51,-74.80,-43.71,-5.97,32.69,66.37,89.94,99.82
1.992012,-90.21,94.30,74.38,43.15,5.34,-33.28,-66.84,-99.86,-94.30,-74.38,-43.15,-5.34,33.28,66.84,90.21,99.86
1.993011,-90.48,94.09,73.96,42.58,4.71,-33.87,-67.30,-99.89,-94.09,-73.96,-42.58,-4.71,33.87,67.30,90.48,99.89
1.994013,-90.75,93.87,73.54,42.01,4.08,-34.46,-67.76,-99.92,-93.87,-73.54,-42.01,-4.08,34.46,67.76,90.75,99.92
1.995013,-91.01,93.65,73.11,41.44,3.46,-35.05,-68.23,-99.94,-93.65,-73.11,-41.44,-3.46,35.05,68.23,91.01,99.94
1.996076,-91.27,93.43,72.68,40.86,2.83,-35.64,-68.68,-99.96,-93.43,-72.68,-40.86,-2.83,35.64,68.68,91.27,99.96
1.997013,-91.52,93.21,72.25,40.29,2.20,-36.23,-69.14,-99.98,-93.21,-72.25,-40.29,-2.20,36.23,69.14,91.52,99.98
1.998013,-91.78,92.98,71.81,39.71,1.57,-36.81,-69.59,-99.99,-92.98,-71.81,-39.71,-1.57,36.81,69.59,91.78,99.99
1.999031,-92.02,92.74,71.37,39.14,0.94,-37.40,-70.04,-100.00,-92.74,-71.37,-39.14,-0.94,37.40,70.04,92.02,100.00
2.000012,-92.27,92.51,70.93,38.56,0.31,-37.98,-70.49,-100.00,-92.51,-70.93,-38.56,-0.31,37.98,70.49,92.27,100.00
2.001012,-92.51,92.27,70.49,37.98,-0.31,-38.56,-70.93,-100.00,-92.27,-70.49,-37.98,0.31,38.56,70.93,92.51,100.00
2.002012,-92.74,92.02,70.04,37.40,-0.94,-39.14,-71.37,-100.00,-92.02,-70.04,-37.40,0.94,39.14,71.37,92.74,100.00
2.003016,-92.98,91.78,69.59,36.81,-1.57,-39.71,-71.81,-99.99,-91.78,-69.59,-36.81,1.57,39.71,71.81,92.98,99.99
2.004012,-93.21,91.52,69.14,36.23,-2.20,-40.29,-72.25,-99.98,-91.52,-69.14,-36.23,2.20,40.29,72.25,93.21,99.98
2.005010,-93.43,91.27,68.68,35.64,-2.83,-40.86,-72.68,-99.96,-91.27,-68.68,-35.64,2.83,40.86,72.68,93.43,99.96
2.006063,-93.65,91.01,68.23,35.05,-3.46,-41.44,-73.11,-99.94,-91.01,-68.23,-35.05,3.46,41.44,73.11,93.65,99.94
2.007010,-93.87,90.75,67.76,34.46,-4.08,-42.01,-73.54,-99.92,-90.75,-67.76,-34.46,4.08,42.01,73.54,93.87,99.92
2.008012,-94.09,90.48,67.30,33.87,-4.71,-42.58,-73.96,-99.89,-90.48,-67.30,-33.87,4.71,42.58,73.96,94.09,99.89
2.009076,-94.30,90.21,66.84,33.28,-5.34,-43.15,-74.38,-99.86,-90.21,-66.84,-33.28,5.34,43.15,74.38,94.30,99.86
2.010018,-94.51,89.94,66.37,32.69,-5.97,-43.71,-74.80,-99.82,-89.94,-66.37,-32.69,5.97,43.71,74.80,94.51,99.82
2.011014,-94.71,89.66,65.90,32.09,-6.59,-44.28,-75.22,-99.78,-89.66,-65.90,-32.09,6.59,44.28,75.22,94.71,99.78
2.012011,-94.91,89.38,65.42,31.50,-7.22,-44.84,-75.63,-99.74,-89.38,-65.42,-31.50,7.22,44.84,75.63,94.91,99.74
2.013009,-95.11,89.10,64.94,30.90,-7.85,-45.40,-76.04,-99.69,-89.10,-64.94,-30.90,7.85,45.40,76.04,95.11,99.69
2.014068,-95.30,88.81,64.47,30.30,-8.47,-45.96,-76.45,-99.64,-88.81,-64.47,-30.30,8.47,45.96,76.45,95.30,99.64
2.015009,-95.49,88.52,63.98,29.70,-9.10,-46.52,-76.85,-99.59,-88.52,-63.98,-29.70,9.10,46.52,76.85,95.49,99.59
2.016010,-95.67,88.23,63.50,29.10,-9.72,-47.07,-77.25,-99.53,-88.23,-63.50,-29.10,9.72,47.07,77.25,95.67,99.53
2.017010,-95.85,87.93,63.01,28.50,-10.35,-47.62,-77.65,-99.46,-87.93,-63.01,-28.50,10.35,47.62,77.65,95.85,99.46
2.018011,-96.03,87.63,62.52,27.90,-10.97,-48.18,-78.04,-99.40,-87.63,-62.52,-27.90,10.97,48.18,78.04,96.03,99.40
2.019011,-96.20,87.33,62.03,27.30,-11.60,-48.72,-78.43,-99.33,-87.33,-62.03,-27.30,11.60,48.73,78.43,96.20,99.33
2.020011,-96.37,87.02,61.54,26.69,-12.22,-49.27,-78.82,-99.25,-87.02,-61.54,-26.69,12.22,49.27,78.82,96.37,99.25
2.021169,-96.54,86.71,61.04,26.08,-12.84,-49.82,-79.21,-99.17,-86.71,-61.04,-26.08,12.84,49.82,79.21,96.54,99.17
2.022013,-96.70,86.39,60.54,25.48,-13.47,-50.36,-79.59,-99.09,-86.39,-60.54,-25.48,13.47,50.36,79.59,96.70,99.09
2.023011,-96.86,86.07,60.04,24.87,-14.09,-50.90,-79.97,-99.00,-86.07,-60.04,-24.87,14.09,50.90,79.97,96.86,99.00
2.024010,-97.01,85.75,59.54,24.26,-14.71,-51.44,-80.34,-98.91,-85.75,-59.54,-24.26,14.71,51.44,80.34,97.01,98.91
2.025009,-97.16,85.43,59.03,23.65,-15.33,-51.98,-80.72,-98.82,-85.43,-59.03,-23.65,15.33,51.98,80.72,97.16,98.82
2.026011,-97.31,85.10,58.52,23.04,-15.95,-52.52,-81.09,-98.72,-85.10,-58.52,-23.04,15.95,52.52,81.09,97.31,98.72
2.027010,-97.45,84.77,58.01,22.43,-16.57,-53.05,-81.45,-98.62,-84.77,-58.01,-22.43,16.57,53.05,81.45,97.45,98.62
2.028010,-97.59,84.43,57.50,21.81,-17.19,-53.58,-81.81,-98.51,-84.43,-57.50,-21.81,17.19,53.58,81.81,97.59,98.51
2.029010,-97.73,84.09,56.99,21.20,-17.81,-54.11,-82.17,-98.40,-84.09,-56.99,-21.20,17.81,54.11,82.17,97.73,98.40
2.030093,-97.86,83.75,56.47,20.59,-18.43,-54.64,-82.53,-98.29,-83.75,-56.47,-20.59,18.43,54.64,82.53,97.86,98.29
2.031007,-97.99,83.41,55.95,19.97,-19.05,-55.16,-82.88,-98.17,-83.41,-55.95,-19.97,19.05,55.16,82.88,97.99,98.17
2.032013,-98.11,83.06,55.43,19.35,-19.66,-55.69,-83.23,-98.05,-83.06,-55.43,-19.35,19.66,55.69,83.23,98.11,98.05
2.033011,-98.23,82.71,54.90,18.74,-20.28,-56.21,-83.58,-97.92,-82.71,-54.90,-18.74,20.28,56.21,83.58,98.23,97.92
2.034009,-98.34,82.35,54.38,18.12,-20.89,-56.73,-83.92,-97.79,-82.35,-54.38,-18.12,20.89,56.73,83.92,98.34,97.79
2.035061,-98.46,82.00,53.85,17.50,-21.51,-57.24,-84.26,-97.66,-82.00,-53.85,-17.50,21.51,57.24,84.26,98.46,97.66
2.036009,-98.56,81.63,53.32,16.88,-22.12,-57.76,-84.60,-97.52,-81.63,-53.32,-16.88,22.12,57.76,84.60,98.56,97.52
2.037009,-98.67,81.27,52.78,16.26,-22.73,-58.27,-84.93,-97.38,-81.27,-52.78,-16.26,22.73,58.27,84.93,98.67,97.38
2.038073,-98.77,80.90,52.25,15.64,-23.34,-58.78,-85.26,-97.24,-80.90,-52.25,-15.64,23.34,58.78,85.26,98.77,97.24
2.039010,-98.87,80.53,51.71,15.02,-23.96,-59.29,-85.59,-97.09,-80.53,-51.71,-15.02,23.96,59.29,85.59,98.87,97.09
2.040011,-98.96,80.16,51.17,14.40,-24.56,-59.79,-85.91,-96.94,-80.16,-51.17,-14.40,24.56,59.79,85.91,98.96,96.94
2.041009,-99.05,79.78,50.63,13.78,-25.17,-60.29,-86.23,-96.78,-79.78,-50.63,-13.78,25.17,60.29,86.23,99.05,96.78
2.042010,-99.13,79.40,50.09,13.16,-25.78,-60.79,-86.55,-96.62,-79.40,-50.09,-13.16,25.78,60.79,86.55,99.13,96.62
2.043013,-99.21,79.02,49.55,12.53,-26.39,-61.29,-86.86,-96.46,-79.02,-49.55,-12.53,26.39,61.29,86.86,99.21,96.46
2.044007,-99.29,78.63,49.00,11.91,-26.99,-61.79,-87.17,-96.29,-78.63,-49.00,-11.91,26.99,61.79,87.17,99.29,96.29
2.045010,-99.36,78.24,48.45,11.29,-27.60,-62.28,-87.48,-96.12,-78.24,-48.45,-11.29,27.60,62.28,87.48,99.36,96.12
2.046077,-99.43,77.85,47.90,10.66,-28.20,-62.77,-87.78,-95.94,-77.85,-47.90,-10.66,28.20,62.77,87.78,99.43,95.94
2.047008,-99.50,77.45,47.35,10.04,-28.80,-63.26,-88.08,-95.76,-77.45,-47.35,-10.04,28.80,63.26,88.08,99.50,95.76
2.048012,-99.56,77.05,46.79,9.41,-29.40,-63.74,-88.38,-95.58,-77.05,-46.79,-9.41,29.40,63.74,88.38,99.56,95.58
2.049077,-99.61,76.65,46.24,8.79,-30.00,-64.23,-88.67,-95.39,-76.65,-46.24,-8.79,30.00,64.23,88.67,99.61,95.39
2.050012,-99.67,76.24,45.68,8.16,-30.60,-64.71,-88.96,-95.20,-76.24,-45.68,-8.16,30.60,64.71,88.96,99.67,95.20
2.051014,-99.72,75.84,45.12,7.53,-31.20,-65.18,-89.24,-95.01,-75.84,-45.12,-7.53,31.20,65.18,89.24,99.72,95.01
2.052078,-99.76,75.43,44.56,6.91,-31.80,-65.66,-89.52,-94.81,-75.43,-44.56,-6.91,31.80,65.66,89.52,99.76,94.81
2.053008,-99.80,75.01,43.99,6.28,-32.39,-66.13,-89.80,-94.61,-75.01,-43.99,-6.28,32.39,66.13,89.80,99.80,94.61
2.054014,-99.84,74.59,43.43,5.65,-32.99,-66.60,-90.08,-94.40,-74.59,-43.43,-5.65,32.99,66.60,90.08,99.84,94.40
2.055011,-99.87,74.17,42.86,5.02,-33.58,-67.07,-90.35,-94.19,-74.17,-42.86,-5.02,33.58,67.07,90.35,99.87,94.19
2.056010,-99.90,73.75,42.29,4.40,-34.17,-67.53,-90.62,-93.98,-73.75,-42.29,-4.40,34.17,67.53,90.62,99.90,93.98
2.057011,-99.93,73.33,41.72,3.77,-34.76,-68.00,-90.88,-93.76,-73.33,-41.72,-3.77,34.76,68.00,90.88,99.93,93.76
2.058074,-99.95,72.90,41.15,3.14,-35.35,-68.45,-91.14,-93.54,-72.90,-41.15,-3.14,35.35,68.45,91.14,99.95,93.54
2.059009,-99.97,72.47,40.58,2.51,-35.93,-68.91,-91.40,-93.32,-72.47,-40.58,-2.51,35.93,68.91,91.40,99.97,93.32
2.060012,-99.98,72.03,40.00,1.88,-36.52,-69.37,-91.65,-93.09,-72.03,-40.00,-1.88,36.52,69.37,91.65,99.98,93.09
2.061012,-99.99,71.59,39.43,1.26,-37.10,-69.82,-91.90,-92.86,-71.59,-39.43,-1.26,37.10,69.82,91.90,99.99,92.86
2.062095,-100.00,71.15,38.85,0.63,-37.69,-70.27,-92.15,-92.63,-71.15,-38.85,-0.63,37.69,70.27,92.15,100.00,92.63
2.063008,-100.00,70.71,38.27,-0.00,-38.27,-70.71,-92.39,-92.39,-70.71,-38.27,0.00,38.27,70.71,92.39,100.00,92.39
2.064011,-100.00,70.26,37.69,-0.63,-38.85,-71.15,-92.63,-92.15,-70.26,-37.69,0.63,38.85,71.15,92.63,100.00,92.15
2.065166,-99.99,69.82,37.10,-1.26,-39.43,-71.59,-92.86,-91.90,-69.82,-37.10,1.26,39.43,71.59,92.86,99.99,91.90
2.066007,-99.98,69.37,36.52,-1.88,-40.00,-72.03,-93.09,-91.65,-69.37,-36.52,1.88,40.00,72.03,93.09,99.98,91.65
2.067011,-99.97,68.91,35.93,-2.51,-40.58,-72.47,-93.32,-91.40,-68.91,-35.93,2.51,40.58,72.47,93.32,99.97,91.40
2.068077,-99.95,68.45,35.35,-3.14,-41.15,-72.90,-93.54,-91.14,-68.45,-35.35,3.14,41.15,72.90,93.54,99.95,91.14
2.069010,-99.93,68.00,34.76,-3.77,-41.72,-73.33,-93.76,-90.88,-68.00,-34.76,3.77,41.72,73.33,93.76,99.93,90.88
2.070013,-99.90,67.53,34.17,-4.40,-42.29,-73.75,-93.98,-90.62,-67.53,-34.17,4.40,42.29,73.75,93.98,99.90,90.62
2.071085,-99.87,67.07,33.58,-5.02,-42.86,-74.17,-94.19,-90.35,-67.07,-33.58,5.02,42.86,74.17,94.19,99.87,90.35
2.072011,-99.84,66.60,32.99,-5.65,-43.43,-74.59,-94.40,-90.08,-66.60,-32.99,5.65,43.43,74.59,94.40,99.84,90.08
2.073012,-99.80,66.13,32.39,-6.28,-43.99,-75.01,-94.61,-89.80,-66.13,-32.39,6.28,43.99,75.01,94.61,99.80,89.80
2.074013,-99.76,65.66,31.80,-6.91,-44.56,-75.43,-94.81,-89.52,-65.66,-31.80,6.91,44.56,75.43,94.81,99.76,89.52
2.075011,-99.72,65.18,31.20,-7.53,-45.12,-75.84,-95.01,-89.24,-65.18,-31.20,7.53,45.12,75.84,95.01,99.72,89.24
2.076014,-99.67,64.71,30.60,-8.16,-45.68,-76.24,-95.20,-88.96,-64.71,-30.60,8.16,45.68,76.24,95.20,99.67,88.96
2.077009,-99.61,64.23,30.00,-8.79,-46.24,-76.65,-95.39,-88.67,-64.23,-30.00,8.79,46.24,76.65,95.39,99.61,88.67
2.078011,-99.56,63.74,29.40,-9.41,-46.79,-77.05,-95.58,-88.38,-63.74,-29.40,9.41,46.79,77.05,95.58,99.56,88.38
2.079010,-99.50,63.26,28.80,-10.04,-47.35,-77.45,-95.76,-88.08,-63.26,-28.80,10.04,47.35,77.45,95.76,99.50,88.08
2.080011,-99.43,62.77,28.20,-10.66,-47.90,-77.85,-95.94,-87.78,-62.77,-28.20,10.66,47.90,77.85,95.94,99.43,87.78
2.081070,-99.36,62.28,27.60,-11.29,-48.45,-78.24,-96.12,-87.48,-62.28,-27.60,11.29,48.45,78.24,96.12,99.36,87.48
2.082011,-99.29,61.79,26.99,-11.91,-49.00,-78.63,-96.29,-87.17,-61.79,-26.99,11.91,49.00,78.63,96.29,99.29,87.17
2.083010,-99.21,61.29,26.39,-12.53,-49.55,-79.02,-96.46,-86.86,-61.29,-26.39,12.53,49.55,79.02,96.46,99.21,86.86
2.084012,-99.13,60.79,25.78,-13.16,-50.09,-79.40,-96.62,-86.55,-60.79,-25.78,13.16,50.09,79.40,96.62,99.13,86.55
2.085012,-99.05,60.29,25.17,-13.78,-50.63,-79.78,-96.78,-86.23,-60.29,-25.17,13.78,50.63,79.78,96.78,99.05,86.23
2.086013,-98.96,59.79,24.56,-14.40,-51.17,-80.16,-96.94,-85.91,-59.79,-24.56,14.40,51.17,80.16,96.94,98.96,85.91
2.087163,-98.87,59.29,23.95,-15.02,-51.71,-80.53,-97.09,-85.59,-59.29,-23.96,15.02,51.71,80.53,97.09,98.87,85.59
2.088007,-98.77,58.78,23.34,-15.64,-52.25,-80.90,-97.24,-85.26,-58.78,-23.34,15.64,52.25,80.90,97.24,98.77,85.26
2.089011,-98.67,58.27,22.73,-16.26,-52.78,-81.27,-97.38,-84.93,-58.27,-22.73,16.26,52.78,81.27,97.38,98.67,84.93
2.090095,-98.56,57.76,22.12,-16.88,-53.32,-81.63,-97.52,-84.60,-57.76,-22.12,16.88,53.32,81.63,97.52,98.56,84.60
2.091007,-98.46,57.24,21.51,-17.50,-53.85,-82.00,-97.66,-84.26,-57.24,-21.51,17.50,53.85,82.00,97.66,98.46,84.26
2.092011,-98.34,56.73,20.89,-18.12,-54.38,-82.35,-97.79,-83.92,-56.73,-20.89,18.12,54.38,82.35,97.79,98.34,83.92
2.093012,-98.23,56.21,20.28,-18.74,-54.90,-82.71,-97.92,-83.58,-56.21,-20.28,18.74,54.90,82.71,97.92,98.23,83.58
2.094011,-98.11,55.69,19.66,-19.35,-55.43,-83.06,-98.05,-83.23,-55.69,-19.66,19.35,55.43,83.06,98.05,98.11,83.23
2.095011,-97.99,55.16,19.05,-19.97,-55.95,-83.41,-98.17,-82.88,-55.16,-19.05,19.97,55.95,83.41,98.17,97.99,82.88
2.096009,-97.86,54.64,18.43,-20.59,-56.47,-83.75,-98.29,-82.53,-54.64,-18.43,20.59,56.47,83.75,98.29,97.86,82.53
2.097067,-97.73,54.11,17.81,-21.20,-56.99,-84.09,-98.40,-82.17,-54.11,-17.81,21.20,56.99,84.09,98.40,97.73,82.17
2.098012,-97.59,53.58,17.19,-21.81,-57.50,-84.43,-98.51,-81.81,-53.58,-17.19,21.81,57.50,84.43,98.51,97.59,81.81
2.099012,-97.45,53.05,16.57,-22.43,-58.01,-84.77,-98.62,-81.45,-53.05,-16.57,22.43,58.01,84.77,98.62,97.45,81.45
2.100012,-97.31,52.52,15.95,-23.04,-58.52,-85.10,-98.72,-81.09,-52.52,-15.95,23.04,58.52,85.10,98.72,97.31,81.09
2.101013,-97.16,51.98,15.33,-23.65,-59.03,-85.43,-98.82,-80.72,-51.98,-15.33,23.65,59.03,85.43,98.82,97.16,80.72
2.102100,-97.01,51.44,14.71,-24.26,-59.54,-85.75,-98.91,-80.34,-51.44,-14.71,24.26,59.54,85.75,98.91,97.01,80.34
2.103008,-96.86,50.90,14.09,-24.87,-60.04,-86.07,-99.00,-79.97,-50.90,-14.09,24.87,60.04,86.07,99.00,96.86,79.97
2.104011,-96.70,50.36,13.47,-25.48,-60.54,-86.39,-99.09,-79.59,-50.36,-13.47,25.48,60.54,86.39,99.09,96.70,79.59
2.105012,-96.54,49.82,12.84,-26.08,-61.04,-86.71,-99.17,-79.21,-49.82,-12.84,26.08,61.04,86.71,99.17,96.54,79.21
2.106012,-96.37,49.27,12.22,-26.69,-61.54,-87.02,-99.25,-78.82,-49.27,-12.22,26.69,61.54,87.02,99.25,96.37,78.82
2.107011,-96.20,48.72,11.60,-27.30,-62.03,-87.33,-99.33,-78.43,-48.73,-11.60,27.30,62.03,87.33,99.33,96.20,78.43
2.108012,-96.03,48.18,10.97,-27.90,-62.52,-87.63,-99.40,-78.04,-48.18,-10.97,27.90,62.52,87.63,99.40,96.03,78.04
2.109165,-95.85,47.62,10.35,-28.50,-63.01,-87.93,-99.46,-77.65,-47.62,-10.35,28.50,63.01,87.93,99.46,95.85,77.65
2.110009,-95.67,47.07,9.72,-29.10,-63.50,-88.23,-99.53,-77.25,-47.07,-9.72,29.10,63.50,88.23,99.53,95.67,77.25
2.111014,-95.49,46.52,9.10,-29.70,-63.98,-88.52,-99.59,-76.85,-46.52,-9.10,29.70,63.98,88.52,99.59,95.49,76.85
2.112011,-95.30,45.96,8.47,-30.30,-64.47,-88.81,-99.64,-76.45,-45.96,-8.47,30.30,64.47,88.81,99.64,95.30,76.45
2.113075,-95.11,45.40,7.85,-30.90,-64.94,-89.10,-99.69,-76.04,-45.40,-7.85,30.90,64.94,89.10,99.69,95.11,76.04
2.114011,-94.91,44.84,7.22,-31.50,-65.42,-89.38,-99.74,-75.63,-44.84,-7.22,31.50,65.42,89.38,99.74,94.91,75.63
2.115013,-94.71,44.28,6.59,-32.09,-65.90,-89.66,-99.78,-75.22,-44.28,-6.59,32.09,65.90,89.66,99.78,94.71,75.22
2.116010,-94.51,43.71,5.97,-32.69,-66.37,-89.94,-99.82,-74.80,-43.71,-5.97,32.69,66.37,89.94,99.82,94.51,74.80
2.117077,-94.30,43.15,5.34,-33.28,-66.84,-90.21,-99.86,-74.38,-43.15,-5.34,33.28,66.84,90.21,99.86,94.30,74.38
2.118009,-94.09,42.58,4.71,-33.87,-67.30,-90.48,-99.89,-73.96,-42.58,-4.71,33.87,67.30,90.48,99.89,94.09,73.96
2.119010,-93.87,42.01,4.08,-34.46,-67.76,-90.75,-99.92,-73.54,-42.01,-4.08,34.46,67.76,90.75,99.92,93.87,73.54
2.120014,-93.65,41.44,3.46,-35.05,-68.23,-91.01,-99.94,-73.11,-41.44,-3.46,35.05,68.23,91.01,99.94,93.65,73.11
2.121010,-93.43,40.86,2.83,-35.64,-68.68,-91.27,-99.96,-72.68,-40.86,-2.83,35.64,68.68,91.27,99.96,93.43,72.68
2.122011,-93.21,40.29,2.20,-36.23,-69.14,-91.52,-99.98,-72.25,-40.29,-2.20,36.23,69.14,91.52,99.98,93.21,72.25
2.123012,-92.98,39.71,1.57,-36.81,-69.59,-91.78,-99.99,-71.81,-39.71,-1.57,36.81,69.59,91.78,99.99,92.98,71.81
2.124011,-92.74,39.14,0.94,-37.40,-70.04,-92.02,-100.00,-71.37,-39.14,-0.94,37.40,70.04,92.02,100.00,92.74,71.37
2.125077,-92.51,38.56,0.31,-37.98,-70.49,-92.27,-100.00,-70.93,-38.56,-0.31,37.98,70.49,92.27,100.00,92.51,70.93
2.126010,-92.27,37.98,-0.31,-38.56,-70.93,-92.51,-100.00,-70.49,-37.98,0.31,38.56,70.93,92.51,100.00,92.27,70.49
2.127012,-92.02,37.40,-0.94,-39.14,-71.37,-92.74,-100.00,-70.04,-37.40,0.94,39.14,71.37,92.74,100.00,92.02,70.04
2.128066,-91.78,36.81,-1.57,-39.71,-71.81,-92.98,-99.99,-69.59,-36.81,1.57,39.71,71.81,92.98,99.99,91.78,69.59
2.129008,-91.52,36.23,-2.20,-40.29,-72.25,-93.21,-99.98,-69.14,-36.23,2.20,40.29,72.25,93.21,99.98,91.52,69.14
2.130010,-91.27,35.64,-2.83,-40.86,-72.68,-93.43,-99.96,-68.68,-35.64,2.83,40.86,72.68,93.43,99.96,91.27,68.68
2.131012,-91.01,35.05,-3.46,-41.44,-73.11,-93.65,-99.94,-68.23,-35.05,3.46,41.44,73.11,93.65,99.94,91.01,68.23
2.132009,-90.75,34.46,-4.08,-42.01,-73.54,-93.87,-99.92,-67.76,-34.46,4.08,42.01,73.54,93.87,99.92,90.75,67.76
2.133009,-90.48,33.87,-4.71,-42.58,-73.96,-94.09,-99.89,-67.30,-33.87,4.71,42.58,73.96,94.09,99.89,90.48,67.30
2.134077,-90.21,33.28,-5.34,-43.15,-74.38,-94.30,-99.86,-66.84,-33.28,5.34,43.15,74.38,94.30,99.86,90.21,66.84
2.135009,-89.94,32.69,-5.97,-43.71,-74.80,-94.51,-99.82,-66.37,-32.69,5.97,43.71,74.80,94.51,99.82,89.94,66.37
2.136013,-89.66,32.09,-6.59,-44.28,-75.22,-94.71,-99.78,-65.90,-32.09,6.59,44.28,75.22,94.71,99.78,89.66,65.90
2.137076,-89.38,31.50,-7.22,-44.84,-75.63,-94.91,-99.74,-65.42,-31.50,7.22,44.84,75.63,94.91,99.74,89.38,65.42
2.138011,-89.10,30.90,-7.85,-45.40,-76.04,-95.11,-99.69,-64.94,-30.90,7.85,45.40,76.04,95.11,99.69,89.10,64.94
2.139011,-88.81,30.30,-8.47,-45.96,-76.45,-95.30,-99.64,-64.47,-30.30,8.47,45.96,76.45,95.30,99.64,88.81,64.47
2.140098,-88.52,29.70,-9.10,-46.52,-76.85,-95.49,-99.59,-63.98,-29.70,9.10,46.52,76.85,95.49,99.59,88.52,63.98
2.141006,-88.23,29.10,-9.72,-47.07,-77.25,-95.67,-99.53,-63.50,-29.10,9.72,47.07,77.25,95.67,99.53,88.23,63.50
2.142013,-87.93,28.50,-10.35,-47.62,-77.65,-95.85,-99.46,-63.01,-28.50,10.35,47.62,77.65,95.85,99.46,87.93,63.01
2.143010,-87.63,27.90,-10.97,-48.18,-78.04,-96.03,-99.40,-62.52,-27.90,10.97,48.18,78.04,96.03,99.40,87.63,62.52
2.144012,-87.33,27.30,-11.60,-48.72,-78.43,-96.20,-99.33,-62.03,-27.30,11.60,48.73,78.43,96.20,99.33,87.33,62.03
2.145079,-87.02,26.69,-12.22,-49.27,-78.82,-96.37,-99.25,-61.54,-26.69,12.22,49.27,78.82,96.37,99.25,87.02,61.54
2.146010,-86.71,26.08,-12.84,-49.82,-79.21,-96.54,-99.17,-61.04,-26.08,12.84,49.82,79.21,96.54,99.17,86.71,61.04
2.147014,-86.39,25.48,-13.47,-50.36,-79.59,-96.70,-99.09,-60.54,-25.48,13.47,50.36,79.59,96.70,99.09,86.39,60.54
2.148077,-86.07,24.87,-14.09,-50.90,-79.97,-96.86,-99.00,-60.04,-24.87,14.09,50.90,79.97,96.86,99.00,86.07,60.04
2.149008,-85.75,24.26,-14.71,-51.44,-80.34,-97.01,-98.91,-59.54,-24.26,14.71,51.44,80.34,97.01,98.91,85.75,59.54
2.150012,-85.43,23.65,-15.33,-51.98,-80.72,-97.16,-98.82,-59.03,-23.65,15.33,51.98,80.72,97.16,98.82,85.43,59.03
2.151084,-85.10,23.04,-15.95,-52.52,-81.09,-97.31,-98.72,-58.52,-23.04,15.95,52.52,81.09,97.31,98.72,85.10,58.52
2.152009,-84.77,22.43,-16.57,-53.05,-81.45,-97.45,-98.62,-58.01,-22.43,16.57,53.05,81.45,97.45,98.62,84.77,58.01
2.153013,-84.43,21.81,-17.19,-53.58,-81.81,-97.59,-98.51,-57.50,-21.81,17.19,53.58,81.81,97.59,98.51,84.43,57.50
2.154009,-84.09,21.20,-17.81,-54.11,-82.17,-97.73,-98.40,-56.99,-21.20,17.81,54.11,82.17,97.73,98.40,84.09,56.99
2.155009,-83.75,20.59,-18.43,-54.64,-82.53,-97.86,-98.29,-56.47,-20.59,18.43,54.64,82.53,97.86,98.29,83.75,56.47
2.156067,-83.41,19.97,-19.05,-55.16,-82.88,-97.99,-98.17,-55.95,-19.97,19.05,55.16,82.88,97.99,98.17,83.41,55.95
2.157007,-83.06,19.35,-19.66,-55.69,-83.23,-98.11,-98.05,-55.43,-19.35,19.66,55.69,83.23,98.11,98.05,83.06,55.43
2.158011,-82.71,18.74,-20.28,-56.21,-83.58,-98.23,-97.92,-54.90,-18.74,20.28,56.21,83.58,98.23,97.92,82.71,54.90
2.159012,-82.35,18.12,-20.89,-56.73,-83.92,-98.34,-97.79,-54.38,-18.12,20.89,56.73,83.92,98.34,97.79,82.35,54.38
2.160012,-82.00,17.50,-21.51,-57.24,-84.26,-98.46,-97.66,-53.85,-17.50,21.51,57.24,84.26,98.46,97.66,82.00,53.85
2.161011,-81.63,16.88,-22.12,-57.76,-84.60,-98.56,-97.52,-53.32,-16.88,22.12,57.76,84.60,98.56,97.52,81.63,53.32
2.162097,-81.27,16.26,-22.73,-58.27,-84.93,-98.67,-97.38,-52.78,-16.26,22.73,58.27,84.93,98.67,97.38,81.27,52.78
2.163007,-80.90,15.64,-23.34,-58.78,-85.26,-98.77,-97.24,-52.25,-15.64,23.34,58.78,85.26,98.77,97.24,80.90,52.25
2.164014,-80.53,15.02,-23.96,-59.29,-85.59,-98.87,-97.09,-51.71,-15.02,23.96,59.29,85.59,98.87,97.09,80.53,51.71
2.165010,-80.16,14.40,-24.56,-59.79,-85.91,-98.96,-96.94,-51.17,-14.40,24.56,59.79,85.91,98.96,96.94,80.16,51.17
2.166012,-79.78,13.78,-25.17,-60.29,-86.23,-99.05,-96.78,-50.63,-13.78,25.17,60.29,86.23,99.05,96.78,79.78,50.63
2.167012,-79.40,13.16,-25.78,-60.79,-86.55,-99.13,-96.62,-50.09,-13.16,25.78,60.79,86.55,99.13,96.62,79.40,50.09
2.168011,-79.02,12.53,-26.39,-61.29,-86.86,-99.21,-96.46,-49.55,-12.53,26.39,61.29,86.86,99.21,96.46,79.02,49.55
2.169081,-78.63,11.91,-26.99,-61.79,-87.17,-99.29,-96.29,-49.00,-11.91,26.99,61.79,87.17,99.29,96.29,78.63,49.00
2.170012,-78.24,11.29,-27.60,-62.28,-87.48,-99.36,-96.12,-48.45,-11.29,27.60,62.28,87.48,99.36,96.12,78.24,48.45
2.171013,-77.85,10.66,-28.20,-62.77,-87.78,-99.43,-95.94,-47.90,-10.66,28.20,62.77,87.78,99.43,95.94,77.85,47.90
2.172012,-77.45,10.04,-28.80,-63.26,-88.08,-99.50,-95.76,-47.35,-10.04,28.80,63.26,88.08,99.50,95.76,77.45,47.35
2.173010,-77.05,9.41,-29.40,-63.74,-88.38,-99.56,-95.58,-46.79,-9.41,29.40,63.74,88.38,99.56,95.58,77.05,46.79
2.174011,-76.65,8.79,-30.00,-64.23,-88.67,-99.61,-95.39,-46.24,-8.79,30.00,64.23,88.67,99.61,95.39,76.65,46.24
2.175013,-76.24,8.16,-30.60,-64.71,-88.96,-99.67,-95.20,-45.68,-8.16,30.60,64.71,88.96,99.67,95.20,76.24,45.68
2.176009,-75.84,7.53,-31.20,-65.18,-89.24,-99.72,-95.01,-45.12,-7.53,31.20,65.18,89.24,99.72,95.01,75.84,45.12
2.177011,-75.43,6.91,-31.80,-65.66,-89.52,-99.76,-94.81,-44.56,-6.91,31.80,65.66,89.52,99.76,94.81,75.43,44.56
2.178011,-75.01,6.28,-32.39,-66.13,-89.80,-99.80,-94.61,-43.99,-6.28,32.39,66.13,89.80,99.80,94.61,75.01,43.99
2.179069,-74.59,5.65,-32.99,-66.60,-90.08,-99.84,-94.40,-43.43,-5.65,32.99,66.60,90.08,99.84,94.40,74.59,43.43
2.180009,-74.17,5.02,-33.58,-67.07,-90.35,-99.87,-94.19,-42.86,-5.02,33.58,67.07,90.35,99.87,94.19,74.17,42.86
2.181011,-73.75,4.40,-34.17,-67.53,-90.62,-99.90,-93.98,-42.29,-4.40,34.17,67.53,90.62,99.90,93.98,73.75,42.29
2.182011,-73.33,3.77,-34.76,-68.00,-90.88,-99.93,-93.76,-41.72,-3.77,34.76,68.00,90.88,99.93,93.76,73.33,41.72
2.183011,-72.90,3.14,-35.35,-68.45,-91.14,-99.95,-93.54,-41.15,-3.14,35.35,68.45,91.14,99.95,93.54,72.90,41.15
2.184077,-72.47,2.51,-35.93,-68.91,-91.40,-99.97,-93.32,-40.58,-2.51,35.93,68.91,91.40,99.97,93.32,72.47,40.58
2.185009,-72.03,1.88,-36.52,-69.37,-91.65,-99.98,-93.09,-40.00,-1.88,36.52,69.37,91.65,99.98,93.09,72.03,40.00
2.186013,-71.59,1.26,-37.10,-69.82,-91.90,-99.99,-92.86,-39.43,-1.26,37.10,69.82,91.90,99.99,92.86,71.59,39.43
2.187010,-71.15,0.63,-37.69,-70.26,-92.15,-100.00,-92.63,-38.85,-0.63,37.69,70.26,92.15,100.00,92.63,71.15,38.85
2.188010,-70.71,-0.00,-38.27,-70.71,-92.39,-100.00,-92.39,-38.27,-0.00,38.27,70.71,92.39,100.00,92.39,70.71,38.27
2.189078,-70.26,-0.63,-38.85,-71.15,-92.63,-100.00,-92.15,-37.69,0.63,38.85,71.15,92.63,100.00,92.15,70.26,37.69
2.190010,-69.82,-1.26,-39.43,-71.59,-92.86,-99.99,-91.90,-37.10,1.26,39.43,71.59,92.86,99.99,91.90,69.82,37.10
2.191013,-69.37,-1.88,-40.00,-72.03,-93.09,-99.98,-91.65,-36.52,1.88,40.00,72.03,93.09,99.98,91.65,69.37,36.52
2.192080,-68.91,-2.51,-40.58,-72.47,-93.32,-99.97,-91.40,-35.93,2.51,40.58,72.47,93.32,99.97,91.40,68.91,35.93
2.193009,-68.45,-3.14,-41.15,-72.90,-93.54,-99.95,-91.14,-35.35,3.14,41.15,72.90,93.54,99.95,91.14,68.45,35.35
2.194012,-68.00,-3.77,-41.72,-73.33,-93.76,-99.93,-90.88,-34.76,3.77,41.72,73.33,93.76,99.93,90.88,68.00,34.76
2.195011,-67.53,-4.40,-42.29,-73.75,-93.98,-99.90,-90.62,-34.17,4.40,42.29,73.75,93.98,99.90,90.62,67.53,34.17
2.196073,-67.07,-5.02,-42.86,-74.17,-94.19,-99.87,-90.35,-33.58,5.02,42.86,74.17,94.19,99.87,90.35,67.07,33.58
2.197012,-66.60,-5.65,-43.43,-74.59,-94.40,-99.84,-90.08,-32.99,5.65,43.43,74.59,94.40,99.84,90.08,66.60,32.99
2.198014,-66.13,-6.28,-43.99,-75.01,-94.61,-99.80,-89.80,-32.39,6.28,43.99,75.01,94.61,99.80,89.80,66.13,32.39
2.199076,-65.66,-6.91,-44.56,-75.43,-94.81,-99.76,-89.52,-31.80,6.91,44.56,75.43,94.81,99.76,89.52,65.66,31.80
2.200011,-65.18,-7.53,-45.12,-75.84,-95.01,-99.72,-89.24,-31.20,7.53,45.12,75.84,95.01,99.72,89.24,65.18,31.20
2.201012,-64.71,-8.16,-45.68,-76.24,-95.20,-99.67,-88.96,-30.60,8.16,45.68,76.24,95.20,99.67,88.96,64.71,30.60
2.202012,-64.23,-8.79,-46.24,-76.65,-95.39,-99.61,-88.67,-30.00,8.79,46.24,76.65,95.39,99.61,88.67,64.23,30.00
2.203013,-63.74,-9.41,-46.79,-77.05,-95.58,-99.56,-88.38,-29.40,9.41,46.79,77.05,95.58,99.56,88.38,63.74,29.40
2.204012,-63.26,-10.04,-47.35,-77.45,-95.76,-99.50,-88.08,-28.80,10.04,47.35,77.45,95.76,99.50,88.08,63.26,28.80
2.205011,-62.77,-10.66,-47.90,-77.85,-95.94,-99.43,-87.78,-28.20,10.66,47.90,77.85,95.94,99.43,87.78,62.77,28.20
2.206012,-62.28,-11.29,-48.45,-78.24,-96.12,-99.36,-87.48,-27.60,11.29,48.45,78.24,96.12,99.36,87.48,62.28,27.60
2.207011,-61.79,-11.91,-49.00,-78.63,-96.29,-99.29,-87.17,-26.99,11.91,49.00,78.63,96.29,99.29,87.17,61.79,26.99
2.208017,-61.29,-12.53,-49.55,-79.02,-96.46,-99.21,-86.86,-26.39,12.53,49.55,79.02,96.46,99.21,86.86,61.29,26.39
2.209008,-60.79,-13.16,-50.09,-79.40,-96.62,-99.13,-86.55,-25.78,13.16,50.09,79.40,96.62,99.13,86.55,60.79,25.78
2.210014,-60.29,-13.78,-50.63,-79.78,-96.78,-99.05,-86.23,-25.17,13.78,50.63,79.78,96.78,99.05,86.23,60.29,25.17
2.211013,-59.79,-14.40,-51.17,-80.16,-96.94,-98.96,-85.91,-24.56,14.40,51.17,80.16,96.94,98.96,85.91,59.79,24.56
2.212076,-59.29,-15.02,-51.71,-80.53,-97.09,-98.87,-85.59,-23.95,15.02,51.71,80.53,97.09,98.87,85.59,59.29,23.95
2.213012,-58.78,-15.64,-52.25,-80.90,-97.24,-98.77,-85.26,-23.34,15.64,52.25,80.90,97.24,98.77,85.26,58.78,23.34
2.214014,-58.27,-16.26,-52.78,-81.27,-97.38,-98.67,-84.93,-22.73,16.26,52.78,81.27,97.38,98.67,84.93,58.27,22.73
2.215013,-57.76,-16.88,-53.32,-81.63,-97.52,-98.56,-84.60,-22.12,16.88,53.32,81.63,97.52,98.56,84.60,57.76,22.12
2.216066,-57.24,-17.50,-53.85,-82.00,-97.66,-98.46,-84.26,-21.51,17.50,53.85,82.00,97.66,98.46,84.26,57.24,21.51
2.217009,-56.73,-18.12,-54.38,-82.35,-97.79,-98.34,-83.92,-20.89,18.12,54.38,82.35,97.79,98.34,83.92,56.73,20.89
2.218012,-56.21,-18.74,-54.90,-82.71,-97.92,-98.23,-83.58,-20.28,18.74,54.90,82.71,97.92,98.23,83.58,56.21,20.28
2.219169,-55.69,-19.35,-55.43,-83.41,-98.17,-97.99,-82.88,-19.66,19.35,55.43,83.06,98.05,98.11,83.23,55.69,19.66
2.220010,-55.16,-19.97,-55.95,-83.41,-98.17,-97.99,-82.88,-19.05,19.97,55.95,83.41,98.17,97.99,82.88,55.16,19.05
2.221009,-54.64,-20.59,-56.47,-83.75,-98.29,-97.86,-82.53,-18.43,20.59,56.47,83.75,98.29,97.86,82.53,54.64,18.43
2.222012,-54.11,-21.20,-56.99,-84.09,-98.40,-97.73,-82.17,-17.81,21.20,56.99,84.09,98.40,97.73,82.17,54.11,17.81
2.223072,-53.58,-21.81,-57.50,-84.43,-98.51,-97.59,-81.81,-17.19,21.81,57.50,84.43,98.51,97.59,81.81,53.58,17.19
2.224007,-53.05,-22.43,-58.01,-84.77,-98.62,-97.45,-81.45,-16.57,22.43,58.01,84.77,98.62,97.45,81.45,53.05,16.57
2.225009,-52.52,-23.04,-58.52,-85.10,-98.72,-97.31,-81.09,-15.95,23.04,58.52,85.10,98.72,97.31,81.09,52.52,15.95
2.226013,-51.98,-23.65,-59.03,-85.43,-98.82,-97.16,-80.72,-15.33,23.65,59.03,85.43,98.82,97.16,80.72,51.98,15.33
2.227013,-51.44,-24.26,-59.54,-85.75,-98.91,-97.01,-80.34,-14.71,24.26,59.54,85.75,98.91,97.01,80.34,51.44,14.71
2.228012,-50.90,-24.87,-60.04,-86.07,-99.00,-96.86,-79.97,-14.09,24.87,60.04,86.07,99.00,96.86,79.97,50.90,14.09
2.229011,-50.36,-25.48,-60.54,-86.39,-99.09,-96.70,-79.59,-13.47,25.48,60.54,86.39,99.09,96.70,79.59,50.36,13.47
2.230015,-49.82,-26.08,-61.04,-86.71,-99.17,-96.54,-79.21,-12.84,26.08,61.04,86.71,99.17,96.54,79.21,49.82,12.84
2.231014,-49.27,-26.69,-61.54,-87.02,-99.25,-96.37,-78.82,-12.22,26.69,61.54,87.02,99.25,96.37,78.82,49.27,12.22
2.232013,-48.72,-27.30,-62.03,-87.33,-99.33,-96.20,-78.43,-11.60,27.30,62.03,87.33,99.33,96.20,78.43,48.72,11.60
2.233011,-48.18,-27.90,-62.52,-87.63,-99.40,-96.03,-78.04,-10.97,27.90,62.52,87.63,99.40,96.03,78.04,48.18,10.97
2.234013,-47.62,-28.50,-63.01,-87.93,-99.46,-95.85,-77.65,-10.35,28.50,63.01,87.93,99.46,95.85,77.65,47.62,10.35
2.235066,-47.07,-29.10,-63.50,-88.23,-99.53,-95.67,-77.25,-9.72,29.10,63.50,88.23,99.53,95.67,77.25,47.07,9.72
2.236010,-46.52,-29.70,-63.98,-88.52,-99.59,-95.49,-76.85,-9.10,29.70,63.98,88.52,99.59,95.49,76.85,46.52,9.10
2.237011,-45.96,-30.30,-64.47,-88.81,-99.64,-95.30,-76.45,-8.47,30.30,64.47,88.81,99.64,95.30,76.45,45.96,8.47
2.238012,-45.40,-30.90,-64.94,-89.10,-99.69,-95.11,-76.04,-7.85,30.90,64.94,89.10,99.69,95.11,76.04,45.40,7.85
2.239084,-44.84,-31.50,-65.42,-89.38,-99.74,-94.91,-75.63,-7.22,31.50,65.42,89.38,99.74,94.91,75.63,44.84,7.22
2.240010,-44.28,-32.09,-65.90,-89.66,-99.78,-94.71,-75.22,-6.59,32.09,65.90,89.66,99.78,94.71,75.22,44.28,6.59
2.241015,-43.71,-32.69,-66.37,-89.94,-99.82,-94.51,-74.80,-5.97,32.69,66.37,89.94,99.82,94.51,74.80,43.71,5.97
2.242011,-43.15,-33.28,-66.84,-90.21,-99.86,-94.30,-74.38,-5.34,33.28,66.84,90.21,99.86,94.30,74.38,43.15,5.34
2.243012,-42.58,-33.87,-67.30,-90.48,-99.89,-94.09,-73.96,-4.71,33.87,67.30,90.48,99.89,94.09,73.96,42.58,4.71
2.244013,-42.01,-34.46,-67.76,-90.75,-99.92,-93.87,-73.54,-4.08,34.46,67.76,90.75,99.92,93.87,73.54,42.01,4.08
2.245078,-41.44,-35.05,-68.23,-91.01,-99.94,-93.65,-73.11,-3.46,35.05,68.23,91.01,99.94,93.65,73.11,41.44,3.46
2.246011,-40.86,-35.64,-68.68,-91.27,-99.96,-93.43,-72.68,-2.83,35.64,68.68,91.27,99.96,93.43,72.68,40.86,2.83
2.247012,-40.29,-36.23,-69.14,-91.52,-99.98,-93.21,-72.25,-2.20,36.23,69.14,91.52,99.98,93.21,72.25,40.29,2.20
2.248076,-39.71,-36.81,-69.59,-91.78,-99.99,-92.98,-71.81,-1.57,36.81,69.59,91.78,99.99,92.98,71.81,39.71,1.57
2.249009,-39.14,-37.40,-70.04,-92.02,-100.00,-92.74,-71.37,-0.94,37.40,70.04,92.02,100.00,92.74,71.37,39.14,0.94
2.250014,-38.56,-37.98,-70.49,-92.27,-100.00,-92.51,-70.93,-0.31,37.98,70.49,92.27,100.00,92.51,70.93,38.56,0.31
2.251011,-37.98,-38.56,-70.93,-92.51,-100.00,-92.27,-70.49,0.31,38.56,70.93,92.51,100.00,92.27,70.49,37.98,-0.31
2.252013,-37.40,-39.14,-71.37,-92.74,-100.00,-92.02,-70.04,0.94,39.14,71.37,92.74,100.00,92.02,70.04,37.40,-0.94
2.253010,-36.81,-39.71,-71.81,-92.98,-99.99,-91.78,-69.59,1.57,39.71,71.81,92.98,99.99,91.78,69.59,36.81,-1.57
2.254066,-36.23,-40.29,-72.25,-93.21,-99.98,-91.52,-69.14,2.20,40.29,72.25,93.21,99.98,91.52,69.14,36.23,-2.20
2.255009,-35.64,-40.86,-72.68,-93.43,-99.96,-91.27,-68.68,2.83,40.86,72.68,93.43,99.96,91.27,68.68,35.64,-2.83
2.256010,-35.05,-41.44,-73.11,-93.65,-99.94,-91.01,-68.23,3.46,41.44,73.11,93.65,99.94,91.01,68.23,35.05,-3.46
2.257012,-34.46,-42.01,-73.54,-93.87,-99.92,-90.75,-67.76,4.08,42.01,73.54,93.87,99.92,90.75,67.76,34.46,-4.08
2.258078,-33.87,-42.58,-73.96,-94.09,-99.89,-90.48,-67.30,4.71,42.58,73.96,94.09,99.89,90.48,67.30,33.87,-4.71
2.259008,-33.28,-43.15,-74.38,-94.30,-99.86,-90.21,-66.84,5.34,43.15,74.38,94.30,99.86,90.21,66.84,33.28,-5.34
2.260013,-32.69,-43.71,-74.80,-94.51,-99.82,-89.94,-66.37,5.97,43.71,74.80,94.51,99.82,89.94,66.37,32.69,-5.97
2.261085,-32.09,-44.28,-75.22,-94.71,-99.78,-89.66,-65.90,6.59,44.28,75.22,94.71,99.78,89.66,65.90,32.09,-6.59
2.262011,-31.50,-44.84,-75.63,-94.91,-99.74,-89.38,-65.42,7.22,44.84,75.63,94.91,99.74,89.38,65.42,31.50,-7.22
2.263014,-30.90,-45.40,-76.04,-95.11,-99.69,-89.10,-64.94,7.85,45.40,76.04,95.11,99.69,89.10,64.94,30.90,-7.85
2.264010,-30.30,-45.96,-76.45,-95.30,-99.64,-88.81,-64.47,8.47,45.96,76.45,95.30,99.64,88.81,64.47,30.30,-8.47
2.265009,-29.70,-46.52,-76.85,-95.49,-99.59,-88.52,-63.98,9.10,46.52,76.85,95.49,99.59,88.52,63.98,29.70,-9.10
2.266010,-29.10,-47.07,-77.25,-95.67,-99.53,-88.23,-63.50,9.72,47.07,77.25,95.67,99.53,88.23,63.50,29.10,-9.72
2.267075,-28.50,-47.62,-77.65,-95.85,-99.46,-87.93,-63.01,10.35,47.62,77.65,95.85,99.46,87.93,63.01,28.50,-10.35
2.268010,-27.90,-48.18,-78.04,-96.03,-99.40,-87.63,-62.52,10.97,48.18,78.04,96.03,99.40,87.63,62.52,27.90,-10.97
2.269010,-27.30,-48.72,-78.43,-96.20,-99.33,-87.33,-62.03,11.60,48.73,78.43,96.20,99.33,87.33,62.03,27.30,-11.60
2.270090,-26.69,-49.27,-78.82,-96.37,-99.25,-87.02,-61.54,12.22,49.27,78.82,96.37,99.25,87.02,61.54,26.69,-12.22
2.271007,-26.08,-49.82,-79.21,-96.54,-99.17,-86.71,-61.04,12.84,49.82,79.21,96.54,99.17,86.71,61.04,26.08,-12.84
2.272010,-25.48,-50.36,-79.59,-96.70,-99.09,-86.39,-60.54,13.47,50.36,79.59,96.70,99.09,86.39,60.54,25.48,-13.47
2.273009,-24.87,-50.90,-79.97,-96.86,-99.00,-86.07,-60.04,14.09,50.90,79.97,96.86,99.00,86.07,60.04,24.87,-14.09
2.274013,-24.26,-51.44,-80.34,-97.01,-98.91,-85.75,-59.54,14.71,51.44,80.34,97.01,98.91,85.75,59.54,24.26,-14.71
2.275012,-23.65,-51.98,-80.72,-97.16,-98.82,-85.43,-59.03,15.33,51.98,80.72,97.16,98.82,85.43,59.03,23.65,-15.33
2.276010,-23.04,-52.52,-81.09,-97.31,-98.72,-85.10,-58.52,15.95,52.52,81.09,97.31,98.72,85.10,58.52,23.04,-15.95
2.277075,-22.43,-53.05,-81.45,-97.45,-98.62,-84.77,-58.01,16.57,53.05,81.45,97.45,98.62,84.77,58.01,22.43,-16.57
2.278010,-21.81,-53.58,-81.81,-97.59,-98.51,-84.43,-57.50,17.19,53.58,81.81,97.59,98.51,84.43,57.50,21.81,-17.19
2.279011,-21.20,-54.11,-82.17,-97.73,-98.40,-84.09,-56.99,17.81,54.11,82.17,97.73,98.40,84.09,56.99,21.20,-17.81
2.280098,-20.59,-55.16,-82.88,-97.99,-98.17,-83.41,-55.95,18.43,54.64,82.53,97.86,98.29,83.75,56.47,19.97,-19.05
2.281008,-19.97,-55.16,-82.88,-97.99,-98.17,-83.41,-55.95,19.05,55.16,82.88,97.99,98.17,83.41,55.95,19.97,-19.05
2.282008,-19.35,-55.69,-83.23,-98.11,-98.05,-83.06,-55.43,19.66,55.69,83.23,98.11,98.05,83.06,55.43,19.35,-19.66
2.283022,-18.74,-56.21,-83.58,-98.23,-97.92,-82.71,-54.90,20.28,56.21,83.58,98.23,97.92,82.71,54.90,18.74,-20.28
2.284008,-18.12,-56.73,-83.92,-98.34,-97.79,-82.35,-54.38,20.89,56.73,83.92,98.34,97.79,82.35,54.38,18.12,-20.89
2.285013,-17.50,-57.24,-84.26,-98.46,-97.66,-82.00,-53.85,21.51,57.24,84.26,98.46,97.66,82.00,53.85,17.50,-21.51
2.286011,-16.88,-57.76,-84.60,-98.56,-97.52,-81.63,-53.32,22.12,57.76,84.60,98.56,97.52,81.63,53.32,16.88,-22.12
2.287011,-16.26,-58.27,-84.93,-98.67,-97.38,-81.27,-52.78,22.73,58.27,84.93,98.67,97.38,81.27,52.78,16.26,-22.73
2.288014,-15.64,-58.78,-85.26,-98.77,-97.24,-80.90,-52.25,23.34,58.78,85.26,98.77,97.24,80.90,52.25,15.64,-23.34
2.289013,-15.02,-59.29,-85.59,-98.87,-97.09,-80.53,-51.71,23.96,59.29,85.59,98.87,97.09,80.53,51.71,15.02,-23.96
2.290014,-14.40,-59.79,-85.91,-98.96,-96.94,-80.16,-51.17,24.56,59.79,85.91,98.96,96.94,80.16,51.17,14.40,-24.56
2.291013,-13.78,-60.29,-86.23,-99.05,-96.78,-79.78,-50.63,25.17,60.29,86.23,99.05,96.78,79.78,50.63,13.78,-25.17
2.292078,-13.16,-61.29,-86.86,-99.21,-96.46,-79.02,-49.55,25.78,60.79,86.86,99.21,96.46,79.02,49.55,12.53,-26.39
2.293010,-12.53,-61.29,-86.86,-99.21,-96.46,-79.02,-49.55,26.39,61.29,86.86,99.21,96.46,79.02,49.55,12.53,-26.39
2.294013,-11.91,-61.79,-87.17,-99.29,-96.29,-78.63,-49.00,26.99,61.79,87.17,99.29,96.29,78.63,49.00,11.91,-26.99
2.295020,-11.29,-62.28,-87.48,-99.36,-96.12,-78.24,-48.45,27.60,62.28,87.48,99.36,96.12,78.24,48.45,11.29,-27.60
2.296026,-10.66,-62.77,-87.78,-99.43,-95.76,-77.45,-47.35,28.20,62.77,87.78,99.43,95.94,77.85,47.90,10.66,-28.20
2.297008,-10.04,-63.26,-88.08,-99.50,-95.76,-77.45,-47.35,28.80,63.26,88.08,99.50,95.76,77.45,47.35,10.04,-28.80
2.298011,-9.41,-63.74,-88.38,-99.56,-95.58,-77.05,-46.79,29.40,63.74,88.38,99.56,95.58,77.05,46.79,9.41,-29.40
2.299013,-8.79,-64.23,-88.67,-99.61,-95.39,-76.65,-46.24,30.00,64.23,88.67,99.61,95.39,76.65,46.24,8.79,-30.00
2.300011,-8.16,-64.71,-88.96,-99.67,-95.20,-76.24,-45.68,30.60,64.71,88.96,99.67,95.20,76.24,45.68,8.16,-30.60
2.301011,-7.53,-65.18,-89.24,-99.72,-95.01,-75.84,-45.12,31.20,65.18,89.24,99.72,95.01,75.84,45.12,7.53,-31.20
2.302012,-6.91,-65.66,-89.52,-99.76,-94.81,-75.43,-44.56,31.80,65.66,89.52,99.76,94.81,75.43,44.56,6.91,-31.80
2.303073,-6.28,-66.60,-90.08,-99.84,-94.40,-74.59,-43.43,32.99,66.60,90.08,99.84,94.40,74.59,43.43,5.65,-32.99
2.304010,-5.65,-66.60,-90.08,-99.84,-94.40,-74.59,-43.43,32.99,66.60,90.08,99.84,94.40,74.59,43.43,5.65,-32.99
2.305010,-5.02,-67.07,-90.35,-99.87,-94.19,-74.17,-42.86,33.58,67.07,90.35,99.87,94.19,74.17,42.86,5.02,-33.58
2.306012,-4.40,-67.53,-90.62,-99.90,-93.98,-73.33,-41.72,34.17,67.53,90.62,99.90,93.98,73.75,42.29,4.40,-34.17
2.307017,-3.77,-68.45,-91.14,-99.95,-93.54,-72.90,-41.15,34.76,68.00,90.88,99.93,93.76,73.33,41.15,3.14,-35.35
2.308009,-3.14,-68.45,-91.14,-99.95,-93.54,-72.47,-40.58,35.35,68.45,91.14,99.95,93.54,72.90,41.15,3.14,-35.35
2.309009,-2.51,-68.91,-91.40,-99.98,-93.09,-72.03,-40.00,35.93,68.91,91.40,99.97,93.32,72.47,40.58,2.51,-35.93
2.310092,-1.26,-69.82,-91.90,-99.99,-92.86,-71.59,-39.43,37.10,69.82,91.90,99.99,92.86,71.59,39.43,1.26,-37.10
2.311009,-1.26,-69.82,-91.90,-99.99,-92.63,-71.15,-38.85,37.10,69.82,91.90,99.99,92.86,71.59,39.43,1.26,-37.10
2.312011,-0.63,-70.71,-92.39,-100.00,-92.39,-70.71,-38.27,37.69,70.26,92.15,100.00,92.39,70.71,38.27,-0.00,-38.27
2.313011,0.00,-71.15,-92.63,-100.00,-92.15,-70.26,-37.69,38.27,70.71,92.39,100.00,92.39,70.26,37.69,-0.63,-38.85
2.314077,1.26,-71.59,-92.86,-99.99,-91.90,-69.82,-37.10,39.43,71.59,92.86,99.99,91.90,69.82,37.10,-1.26,-39.43
2.315009,1.26,-72.03,-93.09,-99.98,-91.65,-69.37,-36.52,39.43,71.59,92.86,99.99,91.65,69.37,36.52,-1.88,-40.00
2.316013,1.88,-72.47,-93.32,-99.97,-91.40,-68.91,-35.93,40.00,72.47,93.32,99.97,91.40,68.91,35.93,-2.51,-40.58
2.317013,2.51,-72.90,-93.54,-99.95,-91.14,-68.45,-35.35,40.58,72.90,93.54,99.95,91.14,68.45,35.35,-3.14,-41.15
2.318016,3.14,-73.33,-93.76,-99.93,-90.88,-68.00,-34.76,41.72,73.33,93.76,99.93,90.88,68.00,34.76,-3.77,-41.72
2.319008,3.77,-73.75,-93.98,-99.90,-90.62,-67.53,-34.17,42.29,73.75,93.98,99.90,90.62,67.53,34.17,-4.40,-42.29
2.320011,4.40,-74.17,-94.19,-99.87,-90.35,-67.07,-33.58,42.86,74.17,94.19,99.87,90.35,67.07,33.58,-5.02,-42.86
2.321010,5.02,-74.59,-94.40,-99.84,-90.08,-66.60,-32.99,43.43,74.59,94.40,99.84,90.08,66.60,32.99,-5.65,-43.43
2.322082,6.28,-75.01,-94.61,-99.80,-89.80,-66.13,-32.39,43.99,75.01,94.61,99.80,89.80,66.13,32.39,-6.28,-43.99
2.323009,6.28,-75.43,-94.81,-99.76,-89.52,-65.66,-31.80,44.56,75.43,94.81,99.76,89.52,65.66,31.80,-6.91,-44.56
2.324010,6.91,-75.84,-95.01,-99.72,-89.24,-65.18,-31.20,45.12,75.84,95.01,99.72,89.24,65.18,31.20,-7.53,-45.12
2.325076,8.16,-76.24,-95.20,-99.67,-88.96,-64.71,-30.60,45.68,76.24,95.20,99.67,88.96,64.71,30.60,-8.16,-45.68
2.326010,8.16,-76.65,-95.39,-99.61,-88.67,-64.23,-30.00,46.24,76.65,95.39,99.61,88.67,64.23,30.00,-8.79,-46.24
2.327011,8.79,-77.05,-95.58,-99.56,-88.38,-63.74,-29.40,46.79,77.05,95.58,99.56,88.38,63.74,29.40,-9.41,-46.79
2.328067,10.04,-77.45,-95.76,-99.50,-88.08,-63.26,-28.80,47.35,77.45,95.76,99.50,88.08,63.26,28.80,-10.04,-47.35
2.329013,10.04,-77.85,-95.94,-99.43,-87.78,-62.77,-28.20,47.90,77.85,95.94,99.43,87.78,62.77,28.20,-10.66,-47.90
2.330014,10.66,-78.24,-96.12,-99.36,-87.48,-62.28,-27.60,48.45,78.24,96.12,99.36,87.48,62.28,27.60,-11.29,-48.45
2.331013,11.29,-78.63,-96.29,-99.29,-87.17,-61.79,-26.99,49.00,78.63,96.29,99.29,87.17,61.79,26.99,-11.91,-49.00
2.332012,11.91,-79.02,-96.46,-99.21,-86.86,-61.29,-26.39,49.55,79.02,96.46,99.21,86.86,61.29,26.39,-12.53,-49.55
2.333012,12.53,-79.40,-96.62,-99.13,-86.55,-60.79,-25.78,50.09,79.40,96.62,99.13,86.55,60.79,25.78,-13.16,-50.09
2.334011,13.16,-79.78,-96.78,-99.05,-86.23,-60.29,-25.17,50.63,79.78,96.78,99.05,86.23,60.29,25.17,-13.78,-50.63
2.335010,13.78,-80.16,-96.94,-98.96,-85.91,-59.79,-24.56,51.17,80.16,96.94,98.96,85.91,59.79,24.56,-14.40,-51.17
2.336010,15.02,-80.53,-97.09,-98.87,-85.59,-59.29,-23.96,51.71,80.53,97.09,98.87,85.59,59.29,23.96,-15.02,-51.71
2.337011,15.64,-80.90,-97.24,-98.77,-85.26,-58.78,-23.34,52.25,80.90,97.24,98.77,85.26,58.78,23.34,-15.64,-52.25
2.338076,16.26,-81.27,-97.38,-98.67,-84.93,-58.27,-22.73,52.78,81.27,97.38,98.67,84.93,58.27,22.73,-16.26,-52.78
2.339011,16.88,-81.63,-97.52,-98.56,-84.60,-57.76,-22.12,53.32,81.63,97.52,98.56,84.60,57.76,22.12,-16.88,-53.32
2.340018,17.50,-82.00,-97.66,-98.46,-84.26,-57.24,-21.51,53.85,82.00,97.66,98.46,84.26,57.24,21.51,-17.50,-53.85
2.341011,18.12,-82.35,-97.79,-98.34,-83.92,-56.73,-20.89,54.38,82.35,97.79,98.34,83.92,56.73,20.89,-18.12,-54.38
2.342012,18.74,-82.71,-97.92,-98.23,-83.58,-56.21,-20.28,54.90,82.71,97.92,98.23,83.58,56.21,20.28,-18.74,-54.90
2.343024,19.35,-83.06,-98.05,-98.11,-83.23,-55.69,-19.66,55.43,83.06,98.05,98.11,83.23,55.69,19.66,-19.35,-55.43
2.344008,19.97,-83.41,-98.17,-97.99,-82.88,-55.16,-19.05,55.95,83.41,98.17,97.99,82.88,55.16,19.05,-19.97,-55.95
2.345007,20.59,-83.75,-98.29,-97.86,-82.53,-54.64,-18.43,56.47,83.75,98.29,97.86,82.53,54.64,18.43,-20.59,-56.47
2.346012,21.20,-84.09,-98.40,-97.73,-82.17,-54.11,-17.81,56.99,84.09,98.40,97.73,82.17,54.11,17.81,-21.20,-56.99
2.347014,21.81,-84.43,-98.51,-97.59,-81.81,-53.58,-17.19,57.50,84.43,98.51,97.59,81.81,53.58,17.19,-21.81,-57.50
2.348013,22.43,-84.77,-98.62,-97.45,-81.45,-53.05,-16.57,58.01,84.77,98.62,97.45,81.45,53.05,16.57,-22.43,-58.01
2.349008,23.04,-85.10,-98.72,-97.31,-81.09,-52.52,-15.95,58.52,85.10,98.72,97.31,81.09,52.52,15.95,-23.04,-58.52
2.350013,23.65,-85.43,-98.82,-97.16,-80.72,-51.98,-15.33,59.03,85.43,98.82,97.16,80.72,51.98,15.33,-23.65,-59.03
2.351015,24.26,-85.75,-98.91,-97.01,-80.34,-51.44,-14.71,59.54,85.75,98.91,97.01,80.34,51.44,14.71,-24.26,-59.54
2.352010,24.87,-86.07,-99.00,-96.86,-79.97,-50.90,-14.09,60.04,86.07,99.00,96.86,79.97,50.90,14.09,-24.87,-60.04
2.353009,25.48,-86.39,-99.09,-96.70,-79.59,-50.36,-13.47,60.54,86.39,99.09,96.70,79.59,50.36,13.47,-25.48,-60.54
2.354010,26.08,-86.71,-99.17,-96.54,-79.21,-49.82,-12.84,61.04,86.71,99.17,96.54,79.21,49.82,12.84,-26.08,-61.04
2.355012,26.69,-87.02,-99.25,-96.37,-78.82,-49.27,-12.22,61.54,87.02,99.25,96.37,78.82,49.27,12.22,-26.69,-61.54
2.356080,27.30,-87.33,-99.33,-96.20,-78.43,-48.72,-11.60,62.03,87.33,99.33,96.20,78.43,48.73,11.60,-27.30,-62.03
2.357012,27.90,-87.63,-99.40,-96.03,-78.04,-48.18,-10.97,62.52,87.63,99.40,96.03,78.04,48.18,10.97,-27.90,-62.52
2.358010,28.50,-87.93,-99.46,-95.85,-77.65,-47.62,-10.35,63.01,87.93,99.46,95.85,77.65,47.62,10.35,-28.50,-63.01
2.359011,29.10,-88.23,-99.53,-95.67,-77.25,-47.07,-9.72,63.50,88.23,99.53,95.67,77.25,47.07,9.72,-29.10,-63.50
2.360012,29.70,-88.52,-99.59,-95.49,-76.85,-46.52,-9.10,63.98,88.52,99.59,95.49,76.85,46.52,9.10,-29.70,-63.98
2.361012,30.30,-88.81,-99.64,-95.30,-76.45,-45.96,-8.47,64.47,88.81,99.64,95.30,76.45,45.96,8.47,-30.30,-64.47
2.362179,30.90,-89.10,-99.69,-95.11,-76.04,-45.40,-7.85,64.94,89.10,99.69,95.11,76.04,45.40,7.85,-30.90,-64.94
2.363012,31.50,-89.38,-99.74,-94.91,-75.63,-44.84,-7.22,65.42,89.38,99.74,94.91,75.63,44.84,7.22,-31.50,-65.42
2.364012,32.09,-89.66,-99.78,-94.71,-75.22,-44.28,-6.59,65.90,89.66,99.78,94.71,75.22,44.28,6.59,-32.09,-65.90
2.365014,32.69,-89.94,-99.82,-94.51,-74.80,-43.71,-5.97,66.37,89.94,99.82,94.51,74.80,43.71,5.97,-32.69,-66.37
2.366012,33.28,-90.21,-99.86,-94.30,-74.38,-43.15,-5.34,66.84,90.21,99.86,94.30,74.38,43.15,5.34,-33.28,-66.84
2.367011,33.87,-90.48,-99.89,-94.09,-73.96,-42.58,-4.71,67.30,90.48,99.89,94.09,73.96,42.58,4.71,-33.87,-67.30
2.368011,34.46,-90.75,-99.92,-93.87,-73.54,-42.01,-4.08,67.76,90.75,99.92,93.87,73.54,42.01,4.08,-34.46,-67.76
2.369010,35.05,-91.01,-99.94,-93.65,-73.11,-41.44,-3.46,68.23,91.01,99.94,93.65,73.11,41.44,3.46,-35.05,-68.23
2.370013,35.64,-91.27,-99.96,-93.43,-72.68,-40.86,-2.83,68.68,91.27,99.96,93.43,72.68,40.86,2.83,-35.64,-68.68
2.371013,36.23,-91.52,-99.98,-93.21,-72.25,-40.29,-2.20,69.14,91.52,99.98,93.21,72.25,40.29,2.20,-36.23,-69.14
2.372011,36.81,-91.78,-99.99,-92.98,-71.81,-39.71,-1.57,69.59,91.78,99.99,92.98,71.81,39.71,1.57,-36.81,-69.59
2.373014,37.40,-92.02,-100.00,-92.74,-71.37,-39.14,-0.94,70.04,92.02,100.00,92.74,71.37,39.14,0.94,-37.40,-70.04
2.374009,37.98,-92.27,-100.00,-92.51,-70.93,-38.56,-0.31,70.49,92.27,100.00,92.51,70.93,38.56,0.31,-37.98,-70.49
2.375009,38.56,-92.51,-100.00,-92.27,-70.49,-37.98,0.31,70.93,92.51,100.00,92.27,70.49,37.98,-0.31,-38.56,-70.93
2.376065,39.14,-92.74,-100.00,-92.02,-70.04,-37.40,0.94,71.37,92.74,100.00,92.02,70.04,37.40,-0.94,-39.14,-71.37
2.377010,39.71,-92.98,-99.99,-91.78,-69.59,-36.81,1.57,71.81,92.98,99.99,91.78,69.59,36.81,-1.57,-39.71,-71.81
2.378008,40.29,-93.21,-99.98,-91.52,-69.14,-36.23,2.20,72.25,93.21,99.98,91.52,69.14,36.23,-2.20,-40.29,-72.25
2.379012,40.86,-93.43,-99.96,-91.27,-68.68,-35.64,2.83,72.68,93.43,99.96,91.27,68.68,35.64,-2.83,-40.86,-72.68
2.380012,41.44,-93.65,-99.94,-91.01,-68.23,-35.05,3.46,73.11,93.65,99.94,91.01,68.23,35.05,-3.46,-41.44,-73.11
2.381011,42.01,-93.87,-99.92,-90.75,-67.76,-34.46,4.08,73.54,93.87,99.92,90.75,67.76,34.46,-4.08,-42.01,-73.54
2.382011,42.58,-94.09,-99.89,-90.48,-67.30,-33.87,4.71,73.96,94.09,99.89,90.48,67.30,33.87,-4.71,-42.58,-73.96
2.383013,43.15,-94.30,-99.86,-90.21,-66.84,-33.28,5.34,74.38,94.30,99.86,90.21,66.84,33.28,-5.34,-43.15,-74.38
2.384168,43.71,-94.51,-99.82,-89.94,-66.37,-32.69,5.97,74.80,94.51,99.82,89.94,66.37,32.69,-5.97,-43.71,-74.80
2.385008,44.28,-94.71,-99.78,-89.66,-65.90,-32.09,6.59,75.22,94.71,99.78,89.66,65.90,32.09,-6.59,-44.28,-75.22
2.386008,44.84,-94.91,-99.74,-89.38,-65.42,-31.50,7.22,75.63,94.91,99.74,89.38,65.42,31.50,-7.22,-44.84,-75.63
2.387010,45.40,-95.11,-99.69,-89.10,-64.94,-30.90,7.85,76.04,95.11,99.69,89.10,64.94,30.90,-7.85,-45.40,-76.04
2.388009,45.96,-95.30,-99.64,-88.81,-64.47,-30.30,8.47,76.45,95.30,99.64,88.81,64.47,30.30,-8.47,-45.96,-76.45
2.389010,46.52,-95.49,-99.59,-88.52,-63.98,-29.70,9.10,76.85,95.49,99.59,88.52,63.98,29.70,-9.10,-46.52,-76.85
2.390011,47.07,-95.67,-99.53,-88.23,-63.50,-29.10,9.72,77.25,95.67,99.53,88.23,63.50,29.10,-9.72,-47.07,-77.25
2.391077,47.62,-95.85,-99.46,-87.93,-63.01,-28.50,10.35,77.65,95.85,99.46,87.93,63.01,28.50,-10.35,-47.62,-77.65
2.392010,48.18,-96.03,-99.40,-87.63,-62.52,-27.90,10.97,78.04,96.03,99.40,87.63,62.52,27.90,-10.97,-48.18,-78.04
2.393010,48.73,-96.20,-99.33,-87.33,-62.03,-27.30,11.60,78.43,96.20,99.33,87.33,62.03,27.30,-11.60,-48.73,-78.43
2.394010,49.27,-96.37,-99.25,-87.02,-61.54,-26.69,12.22,78.82,96.37,99.25,87.02,61.54,26.69,-12.22,-49.27,-78.82
2.395143,49.82,-96.54,-99.17,-86.71,-61.04,-26.08,12.84,79.21,96.54,99.17,86.71,61.04,26.08,-12.84,-49.82,-79.21
2.396008,50.36,-96.70,-99.09,-86.39,-60.54,-25.48,13.47,79.59,96.70,99.09,86.39,60.54,25.48,-13.47,-50.36,-79.59
2.397008,50.90,-96.86,-99.00,-86.07,-60.04,-24.87,14.09,79.97,96.86,99.00,86.07,60.04,24.87,-14.09,-50.90,-79.97
2.398006,51.44,-97.01,-98.91,-85.75,-59.54,-24.26,14.71,80.34,97.01,98.91,85.75,59.54,24.26,-14.71,-51.44,-80.34
2.399009,51.98,-97.16,-98.82,-85.43,-59.03,-23.65,15.33,80.72,97.16,98.82,85.43,59.03,23.65,-15.33,-51.98,-80.72
2.400009,52.52,-97.31,-98.72,-85.10,-58.52,-23.04,15.95,81.09,97.31,98.72,85.10,58.52,23.04,-15.95,-52.52,-81.09
2.401009,53.05,-97.45,-98.62,-84.77,-58.01,-22.43,16.57,81.45,97.45,98.62,84.77,58.01,22.43,-16.57,-53.05,-81.45
2.402009,53.58,-97.59,-98.51,-84.43,-57.50,-21.81,17.19,81.81,97.59,98.51,84.43,57.50,21.81,-17.19,-53.58,-81.81
2.403012,54.11,-97.73,-98.40,-84.09,-56.99,-21.20,17.81,82.17,97.73,98.40,84.09,56.99,21.20,-17.81,-54.11,-82.17
2.404011,54.64,-97.86,-98.29,-83.75,-56.47,-20.59,18.43,82.53,97.86,98.29,83.75,56.47,20.59,-18.43,-54.64,-82.53
2.405072,55.16,-97.99,-98.17,-83.41,-55.95,-19.97,19.05,82.88,97.99,98.17,83.41,55.95,19.97,-19.05,-55.16,-82.88
2.406014,55.69,-98.11,-98.05,-83.06,-55.43,-19.35,19.66,83.23,98.11,98.05,83.06,55.43,19.35,-19.66,-55.69,-83.23
2.407026,56.21,-98.23,-97.92,-82.71,-54.90,-18.74,20.28,83.58,98.23,97.92,82.71,54.90,18.74,-20.28,-56.21,-83.58
2.408007,56.73,-98.34,-97.79,-82.35,-54.38,-18.12,20.89,83.92,98.34,97.79,82.35,54.38,18.12,-20.89,-56.73,-83.92
2.409007,57.24,-98.46,-97.66,-82.00,-53.85,-17.50,21.51,84.26,98.46,97.66,82.00,53.85,17.50,-21.51,-57.24,-84.26
2.410010,57.76,-98.56,-97.52,-81.63,-53.32,-16.88,22.12,84.60,98.56,97.52,81.63,53.32,16.88,-22.12,-57.76,-84.60
2.411067,58.27,-98.67,-97.38,-81.27,-52.78,-16.26,22.73,84.93,98.67,97.38,81.27,52.78,16.26,-22.73,-58.27,-84.93
2.412008,58.78,-98.77,-97.24,-80.90,-52.25,-15.64,23.34,85.26,98.77,97.24,80.90,52.25,15.64,-23.34,-58.78,-85.26
2.413009,59.29,-98.87,-97.09,-80.53,-51.71,-15.02,23.96,85.59,98.87,97.09,80.53,51.71,15.02,-23.96,-59.29,-85.59
2.414009,59.79,-98.96,-96.94,-80.16,-51.17,-14.40,24.56,85.91,98.96,96.94,80.16,51.17,14.40,-24.56,-59.79,-85.91
2.415009,60.29,-99.05,-96.78,-79.78,-50.63,-13.78,25.17,86.23,99.05,96.78,79.78,50.63,13.78,-25.17,-60.29,-86.23
2.416009,60.79,-99.13,-96.62,-79.40,-50.09,-13.16,25.78,86.55,99.13,96.62,79.40,50.09,13.16,-25.78,-60.79,-86.55
2.417016,61.29,-99.21,-96.46,-79.02,-49.55,-12.53,26.39,86.86,99.21,96.46,79.02,49.55,12.53,-26.39,-61.29,-86.86
2.418008,61.79,-99.29,-96.29,-78.63,-49.00,-11.91,26.99,87.17,99.29,96.29,78.63,49.00,11.91,-26.99,-61.79,-87.17
2.419010,62.28,-99.36,-96.12,-78.24,-48.45,-11.29,27.60,87.48,99.36,96.12,78.24,48.45,11.29,-27.60,-62.28,-87.48
2.420087,62.77,-99.43,-95.94,-77.85,-47.90,-10.66,28.20,87.78,99.43,95.94,77.85,47.90,10.66,-28.20,-62.77,-87.78
2.421008,63.26,-99.50,-95.76,-77.45,-47.35,-10.04,28.80,88.08,99.50,95.76,77.45,47.35,10.04,-28.80,-63.26,-88.08
2.422011,63.74,-99.56,-95.58,-77.05,-46.79,-9.41,29.40,88.38,99.56,95.58,77.05,46.79,9.41,-29.40,-63.74,-88.38
2.423011,64.23,-99.61,-95.39,-76.65,-46.24,-8.79,30.00,88.67,99.61,95.39,76.65,46.24,8.79,-30.00,-64.23,-88.67
2.424011,64.71,-99.67,-95.20,-76.24,-45.68,-8.16,30.60,88.96,99.67,95.20,76.24,45.68,8.16,-30.60,-64.71,-88.96
2.425066,65.18,-99.72,-95.01,-75.84,-45.12,-7.53,31.20,89.24,99.72,95.01,75.84,45.12,7.53,-31.20,-65.18,-89.24
2.426008,65.66,-99.76,-94.81,-75.43,-44.56,-6.91,31.80,89.52,99.76,94.81,75.43,44.56,6.91,-31.80,-65.66,-89.52
2.427008,66.13,-99.80,-94.61,-75.01,-43.99,-6.28,32.39,89.80,99.80,94.61,75.01,43.99,6.28,-32.39,-66.13,-89.80
2.428014,66.60,-99.84,-94.40,-74.59,-43.43,-5.65,32.99,90.08,99.84,94.40,74.59,43.43,5.65,-32.99,-66.60,-90.08
2.429011,67.07,-99.87,-94.19,-74.17,-42.86,-5.02,33.58,90.35,99.87,94.19,74.17,42.86,5.02,-33.58,-67.07,-90.35
2.430013,67.53,-99.90,-93.98,-73.75,-42.29,-4.40,34.17,90.62,99.90,93.98,73.75,42.29,4.40,-34.17,-67.53,-90.62
2.431013,68.00,-99.93,-93.76,-73.33,-41.72,-3.77,34.76,90.88,99.93,93.76,73.33,41.72,3.77,-34.76,-68.00,-90.88
2.432077,68.45,-99.95,-93.54,-72.90,-41.15,-3.14,35.35,91.14,99.95,93.54,72.90,41.15,3.14,-35.35,-68.45,-91.14
2.433010,68.91,-99.97,-93.32,-72.47,-40.58,-2.51,35.93,91.40,99.97,93.32,72.47,40.58,2.51,-35.93,-68.91,-91.40
2.434009,69.37,-99.98,-93.09,-72.03,-40.00,-1.88,36.52,91.65,99.98,93.09,72.03,40.00,1.88,-36.52,-69.37,-91.65
2.435010,69.82,-99.99,-92.86,-71.59,-39.43,-1.26,37.10,91.90,99.99,92.86,71.59,39.43,1.26,-37.10,-69.82,-91.90
2.436075,70.26,-100.00,-92.63,-71.15,-38.85,-0.63,37.69,92.15,100.00,92.63,71.15,38.85,0.63,-37.69,-70.26,-92.15
2.437010,70.71,-100.00,-92.39,-70.71,-38.27,0.00,38.27,92.39,100.00,92.39,70.71,38.27,-0.00,-38.27,-70.71,-92.39
2.438009,71.15,-100.00,-92.15,-70.26,-37.69,0.63,38.85,92.63,100.00,92.15,70.26,37.69,-0.63,-38.85,-71.15,-92.63
2.439166,71.59,-99.99,-91.90,-69.82,-37.10,1.26,39.43,92.86,99.99,91.90,69.82,37.10,-1.26,-39.43,-71.59,-92.86
2.440009,72.03,-99.98,-91.65,-69.37,-36.52,1.88,40.00,93.09,99.98,91.65,69.37,36.52,-1.88,-40.00,-72.03,-93.09
2.441010,72.47,-99.97,-91.40,-68.91,-35.93,2.51,40.58,93.32,99.97,91.40,68.91,35.93,-2.51,-40.58,-72.47,-93.32
2.442008,72.90,-99.95,-91.14,-68.45,-35.35,3.14,41.15,93.54,99.95,91.14,68.45,35.35,-3.14,-41.15,-72.90,-93.54
2.443072,73.33,-99.93,-90.88,-68.00,-34.76,3.77,41.72,93.76,99.93,90.88,68.00,34.76,-3.77,-41.72,-73.33,-93.76
2.444008,73.75,-99.90,-90.62,-67.53,-34.17,4.40,42.29,93.98,99.90,90.62,67.53,34.17,-4.40,-42.29,-73.75,-93.98
2.445008,74.17,-99.87,-90.35,-67.07,-33.58,5.02,42.86,94.19,99.87,90.35,67.07,33.58,-5.02,-42.86,-74.17,-94.19
2.446012,74.59,-99.84,-90.08,-66.60,-32.99,5.65,43.43,94.40,99.84,90.08,66.60,32.99,-5.65,-43.43,-74.59,-94.40
2.447009,75.01,-99.80,-89.80,-66.13,-32.39,6.28,43.99,94.61,99.80,89.80,66.13,32.39,-6.28,-43.99,-75.01,-94.61
2.448010,75.43,-99.76,-89.52,-65.66,-31.80,6.91,44.56,94.81,99.76,89.52,65.66,31.80,-6.91,-44.56,-75.43,-94.81
2.449009,75.84,-99.72,-89.24,-65.18,-31.20,7.53,45.12,95.01,99.72,89.24,65.18,31.20,-7.53,-45.12,-75.84,-95.01
2.450016,76.24,-99.67,-88.96,-64.71,-30.60,8.16,45.68,95.20,99.67,88.96,64.71,30.60,-8.16,-45.68,-76.24,-95.20
2.451009,76.65,-99.61,-88.67,-64.23,-30.00,8.79,46.24,95.39,99.61,88.67,64.23,30.00,-8.79,-46.24,-76.65,-95.39
2.452008,77.05,-99.56,-88.38,-63.74,-29.40,9.41,46.79,95.58,99.56,88.38,63.74,29.40,-9.41,-46.79,-77.05,-95.58
2.453010,77.45,-99.50,-88.08,-63.26,-28.80,10.04,47.35,95.76,99.50,88.08,63.26,28.80,-10.04,-47.35,-77.45,-95.76
2.454012,77.85,-99.43,-87.78,-62.77,-28.20,10.66,47.90,95.94,99.43,87.78,62.77,28.20,-10.66,-47.90,-77.85,-95.94
2.455078,78.24,-99.36,-87.48,-62.28,-27.60,11.29,48.45,96.12,99.36,87.48,62.28,27.60,-11.29,-48.45,-78.24,-96.12
2.456010,78.63,-99.29,-87.17,-61.79,-26.99,11.91,49.00,96.29,99.29,87.17,61.79,26.99,-11.91,-49.00,-78.63,-96.29
2.457009,79.02,-99.21,-86.86,-61.29,-26.39,12.53,49.55,96.46,99.21,86.86,61.29,26.39,-12.53,-49.55,-79.02,-96.46
2.458010,79.40,-99.13,-86.55,-60.79,-25.78,13.16,50.09,96.62,99.13,86.55,60.79,25.78,-13.16,-50.09,-79.40,-96.62
2.459075,79.78,-99.05,-86.23,-60.29,-25.17,13.78,50.63,96.78,99.05,86.23,60.29,25.17,-13.78,-50.63,-79.78,-96.78
2.460011,80.16,-98.96,-85.91,-59.79,-24.56,14.40,51.17,96.94,98.96,85.91,59.79,24.56,-14.40,-51.17,-80.16,-96.94
2.461015,80.53,-98.87,-85.59,-59.29,-23.96,15.02,51.71,97.09,98.87,85.59,59.29,23.96,-15.02,-51.71,-80.53,-97.09
2.462012,80.90,-98.77,-85.26,-58.78,-23.34,15.64,52.25,97.24,98.77,85.26,58.78,23.34,-15.64,-52.25,-80.90,-97.24
2.463009,81.27,-98.67,-84.93,-58.27,-22.73,16.26,52.78,97.38,98.67,84.93,58.27,22.73,-16.26,-52.78,-81.27,-97.38
2.464074,81.63,-98.56,-84.60,-57.76,-22.12,16.88,53.32,97.52,98.56,84.60,57.76,22.12,-16.88,-53.32,-81.63,-97.52
2.465011,82.00,-98.46,-84.26,-57.24,-21.51,17.50,53.85,97.66,98.46,84.26,57.24,21.51,-17.50,-53.85,-82.00,-97.66
2.466012,82.35,-98.34,-83.92,-56.73,-20.89,18.12,54.38,97.79,98.34,83.92,56.73,20.89,-18.12,-54.38,-82.35,-97.79
2.467014,82.71,-98.23,-83.58,-56.21,-20.28,18.74,54.90,97.92,98.23,83.58,56.21,20.28,-18.74,-54.90,-82.71,-97.92
2.468011,83.06,-98.11,-83.23,-55.69,-19.66,19.35,55.43,98.05,98.11,83.23,55.69,19.66,-19.35,-55.43,-83.06,-98.05
2.469076,83.41,-97.99,-82.88,-55.16,-19.05,19.97,55.95,98.17,97.99,82.88,55.16,19.05,-19.97,-55.95,-83.41,-98.17
2.470012,83.75,-97.86,-82.53,-54.64,-18.43,20.59,56.47,98.29,97.86,82.53,54.64,18.43,-20.59,-56.47,-83.75,-98.29
2.471013,84.09,-97.73,-82.17,-54.11,-17.81,21.20,56.99,98.40,97.73,82.17,54.11,17.81,-21.20,-56.99,-84.09,-98.40
2.472168,84.43,-97.59,-81.81,-53.58,-17.19,21.81,57.50,98.51,97.59,81.81,53.58,17.19,-21.81,-57.50,-84.43,-98.51
2.473006,84.77,-97.45,-81.45,-53.05,-16.57,22.43,58.01,98.62,97.45,81.45,53.05,16.57,-22.43,-58.01,-84.77,-98.62
2.474010,85.10,-97.31,-81.09,-52.52,-15.95,23.04,58.52,98.72,97.31,81.09,52.52,15.95,-23.04,-58.52,-85.10,-98.72
2.475009,85.43,-97.16,-80.72,-51.98,-15.33,23.65,59.03,98.82,97.16,80.72,51.98,15.33,-23.65,-59.03,-85.43,-98.82
2.476009,85.75,-97.01,-80.34,-51.44,-14.71,24.26,59.54,98.91,97.01,80.34,51.44,14.71,-24.26,-59.54,-85.75,-98.91
2.477011,86.07,-96.86,-79.97,-50.90,-14.09,24.87,60.04,99.00,96.86,79.97,50.90,14.09,-24.87,-60.04,-86.07,-99.00
2.478010,86.39,-96.70,-79.59,-50.36,-13.47,25.48,60.54,99.09,96.70,79.59,50.36,13.47,-25.48,-60.54,-86.39,-99.09
2.479010,86.71,-96.54,-79.21,-49.82,-12.84,26.08,61.04,99.17,96.54,79.21,49.82,12.84,-26.08,-61.04,-86.71,-99.17
2.480091,87.02,-96.37,-78.82,-49.27,-12.22,26.69,61.54,99.25,96.37,78.82,49.27,12.22,-26.69,-61.54,-87.02,-99.25
2.481008,87.33,-96.20,-78.43,-48.73,-11.60,27.30,62.03,99.33,96.20,78.43,48.73,11.60,-27.30,-62.03,-87.33,-99.33
2.482011,87.63,-96.03,-78.04,-48.18,-10.97,27.90,62.52,99.40,96.03,78.04,48.18,10.97,-27.90,-62.52,-87.63,-99.40
2.483016,87.93,-95.85,-77.65,-47.62,-10.35,28.50,63.01,99.46,95.85,77.65,47.62,10.35,-28.50,-63.01,-87.93,-99.46
2.484008,88.23,-95.67,-77.25,-47.07,-9.72,29.10,63.50,99.53,95.67,77.25,47.07,9.72,-29.10,-63.50,-88.23,-99.53
2.485010,88.52,-95.49,-76.85,-46.52,-9.10,29.70,63.98,99.59,95.49,76.85,46.52,9.10,-29.70,-63.98,-88.52,-99.59
2.486076,88.81,-95.30,-76.45,-45.96,-8.47,30.30,64.47,99.64,95.30,76.45,45.96,8.47,-30.30,-64.47,-88.81,-99.64
2.487007,89.10,-95.11,-76.04,-45.40,-7.85,30.90,64.94,99.69,95.11,76.04,45.40,7.85,-30.90,-64.94,-89.10,-99.69
2.488009,89.38,-94.91,-75.63,-44.84,-7.22,31.50,65.42,99.74,94.91,75.63,44.84,7.22,-31.50,-65.42,-89.38,-99.74
2.489007,89.66,-94.71,-75.22,-44.28,-6.59,32.09,65.90,99.78,94.71,75.22,44.28,6.59,-32.09,-65.90,-89.66,-99.78
2.490008,89.94,-94.51,-74.80,-43.71,-5.97,32.69,66.37,99.82,94.51,74.80,43.71,5.97,-32.69,-66.37,-89.94,-99.82
2.491072,90.21,-94.30,-74.38,-43.15,-5.34,33.28,66.84,99.86,94.30,74.38,43.15,5.34,-33.28,-66.84,-90.21,-99.86
2.492009,90.48,-94.09,-73.96,-42.58,-4.71,33.87,67.30,99.89,94.09,73.96,42.58,4.71,-33.87,-67.30,-90.48,-99.89
2.493008,90.75,-93.87,-73.54,-42.01,-4.08,34.46,67.76,99.92,93.87,73.54,42.01,4.08,-34.46,-67.76,-90.75,-99.92
2.494149,91.01,-93.65,-73.11,-41.44,-3.46,35.05,68.23,99.94,93.65,73.11,41.44,3.46,-35.05,-68.23,-91.01,-99.94
2.495008,91.27,-93.43,-72.68,-40.86,-2.83,35.64,68.68,99.96,93.43,72.68,40.86,2.83,-35.64,-68.68,-91.27,-99.96
2.496008,91.52,-93.21,-72.25,-40.29,-2.20,36.23,69.14,99.98,93.21,72.25,40.29,2.20,-36.23,-69.14,-91.52,-99.98
2.497075,91.78,-92.98,-71.81,-39.71,-1.57,36.81,69.59,99.99,92.98,71.81,39.71,1.57,-36.81,-69.59,-91.78,-99.99
2.498008,92.02,-92.74,-71.37,-39.14,-0.94,37.40,70.04,100.00,92.74,71.37,39.14,0.94,-37.40,-70.04,-92.02,-100.00
2.499010,92.27,-92.51,-70.93,-38.56,-0.31,37.98,70.49,100.00,92.51,70.93,38.56,0.31,-37.98,-70.49,-92.27,-100.00
2.500008,92.51,-92.27,-70.49,-37.98,0.31,38.56,70.93,100.00,92.27,70.49,37.98,-0.31,-38.56,-70.93,-92.51,-100.00
2.501009,92.74,-92.02,-70.04,-37.40,0.94,39.14,71.37,100.00,92.02,70.04,37.40,-0.94,-39.14,-71.37,-92.74,-100.00
2.502008,92.98,-91.78,-69.59,-36.81,1.57,39.71,71.81,99.99,91.78,69.59,36.81,-1.57,-39.71,-71.81,-92.98,-99.99
2.503012,93.21,-91.52,-69.14,-36.23,2.20,40.29,72.25,99.98,91.52,69.14,36.23,-2.20,-40.29,-72.25,-93.21,-99.98
2.504010,93.43,-91.27,-68.68,-35.64,2.83,40.86,72.68,99.96,91.27,68.68,35.64,-2.83,-40.86,-72.68,-93.43,-99.96
2.505169,93.65,-91.01,-68.23,-35.05,3.46,41.44,73.11,99.94,91.01,68.23,35.05,-3.46,-41.44,-73.11,-93.65,-99.94
2.506010,93.87,-90.75,-67.76,-34.46,4.08,42.01,73.54,99.92,90.75,67.76,34.46,-4.08,-42.01,-73.54,-93.87,-99.92
2.507009,94.09,-90.48,-67.30,-33.87,4.71,42.58,73.96,99.89,90.48,67.30,33.87,-4.71,-42.58,-73.96,-94.09,-99.89
2.508011,94.30,-90.21,-66.84,-33.28,5.34,43.15,74.38,99.86,90.21,66.84,33.28,-5.34,-43.15,-74.38,-94.30,-99.86
2.509011,94.51,-89.94,-66.37,-32.69,5.97,43.71,74.80,99.82,89.94,66.37,32.69,-5.97,-43.71,-74.80,-94.51,-99.82
2.510013,94.71,-89.66,-65.90,-32.09,6.59,44.28,75.22,99.78,89.66,65.90,32.09,-6.59,-44.28,-75.22,-94.71,-99.78
2.511012,94.91,-89.38,-65.42,-31.50,7.22,44.84,75.63,99.74,89.38,65.42,31.50,-7.22,-44.84,-75.63,-94.91,-99.74
2.512075,95.11,-89.10,-64.94,-30.90,7.85,45.40,76.04,99.69,89.10,64.94,30.90,-7.85,-45.40,-76.04,-95.11,-99.69
2.513011,95.30,-88.81,-64.47,-30.30,8.47,45.96,76.45,99.64,88.81,64.47,30.30,-8.47,-45.96,-76.45,-95.30,-99.64
2.514010,95.49,-88.52,-63.98,-29.70,9.10,46.52,76.85,99.59,88.52,63.98,29.70,-9.10,-46.52,-76.85,-95.49,-99.59
2.515073,95.67,-88.23,-63.50,-29.10,9.72,47.07,77.25,99.53,88.23,63.50,29.10,-9.72,-47.07,-77.25,-95.67,-99.53
2.516015,95.85,-87.93,-63.01,-28.50,10.35,47.62,77.65,99.46,87.93,63.01,28.50,-10.35,-47.62,-77.65,-95.85,-99.46
2.517013,96.03,-87.63,-62.52,-27.90,10.97,48.18,78.04,99.40,87.63,62.52,27.90,-10.97,-48.18,-78.04,-96.03,-99.40
2.518010,96.20,-87.33,-62.03,-27.30,11.60,48.73,78.43,99.33,87.33,62.03,27.30,-11.60,-48.73,-78.43,-96.20,-99.33
2.519010,96.37,-87.02,-61.54,-26.69,12.22,49.27,78.82,99.25,87.02,61.54,26.69,-12.22,-49.27,-78.82,-96.37,-99.25
2.520084,96.54,-86.71,-61.04,-26.08,12.84,49.82,79.21,99.17,86.71,61.04,26.08,-12.84,-49.82,-79.21,-96.54,-99.17
2.521010,96.70,-86.39,-60.54,-25.48,13.47,50.36,79.59,99.09,86.39,60.54,25.48,-13.47,-50.36,-79.59,-96.70,-99.09
2.522009,96.86,-86.07,-60.04,-24.87,14.09,50.90,79.97,99.00,86.07,60.04,24.87,-14.09,-50.90,-79.97,-96.86,-99.00
2.523013,97.01,-85.75,-59.54,-24.26,14.71,51.44,80.34,98.91,85.75,59.54,24.26,-14.71,-51.44,-80.34,-97.01,-98.91
2.524011,97.16,-85.43,-59.03,-23.65,15.33,51.98,80.72,98.82,85.43,59.03,23.65,-15.33,-51.98,-80.72,-97.16,-98.82
2.525067,97.31,-85.10,-58.52,-23.04,15.95,52.52,81.09,98.72,85.10,58.52,23.04,-15.95,-52.52,-81.09,-97.31,-98.72
2.526007,97.45,-84.77,-58.01,-22.43,16.57,53.05,81.45,98.62,84.77,58.01,22.43,-16.57,-53.05,-81.45,-97.45,-98.62
2.527014,97.59,-84.43,-57.50,-21.81,17.19,53.58,81.81,98.51,84.43,57.50,21.81,-17.19,-53.58,-81.81,-97.59,-98.51
2.528010,97.73,-84.09,-56.99,-21.20,17.81,54.11,82.17,98.40,84.09,56.99,21.20,-17.81,-54.11,-82.17,-97.73,-98.40
2.529010,97.86,-83.75,-56.47,-20.59,18.43,54.64,82.53,98.29,83.75,56.47,20.59,-18.43,-54.64,-82.53,-97.86,-98.29
2.530011,97.99,-83.41,-55.95,-19.97,19.05,55.16,82.88,98.17,83.41,55.95,19.97,-19.05,-55.16,-82.88,-97.99,-98.17
2.531013,98.11,-83.06,-55.43,-19.35,19.66,55.69,83.23,98.05,83.06,55.43,19.35,-19.66,-55.69,-83.23,-98.11,-98.05
2.532013,98.23,-82.71,-54.90,-18.74,20.28,56.21,83.58,97.92,82.71,54.90,18.74,-20.28,-56.21,-83.58,-98.23,-97.92
2.533074,98.34,-82.35,-54.38,-18.12,20.89,56.73,83.92,97.79,82.35,54.38,18.12,-20.89,-56.73,-83.92,-98.34,-97.79
2.534010,98.46,-82.00,-53.85,-17.50,21.51,57.24,84.26,97.66,82.00,53.85,17.50,-21.51,-57.24,-84.26,-98.46,-97.66
2.535012,98.56,-81.63,-53.32,-16.88,22.12,57.76,84.60,97.52,81.63,53.32,16.88,-22.12,-57.76,-84.60,-98.56,-97.52
2.536010,98.67,-81.27,-52.78,-16.26,22.73,58.27,84.93,97.38,81.27,52.78,16.26,-22.73,-58.27,-84.93,-98.67,-97.38
2.537073,98.77,-80.90,-52.25,-15.64,23.34,58.78,85.26,97.24,80.90,52.25,15.64,-23.34,-58.78,-85.26,-98.77,-97.24
2.538017,98.87,-80.53,-51.71,-15.02,23.96,59.29,85.59,97.09,80.53,51.71,15.02,-23.96,-59.29,-85.59,-98.87,-97.09
2.539013,98.96,-80.16,-51.17,-14.40,24.56,59.79,85.91,96.94,80.16,51.17,14.40,-24.56,-59.79,-85.91,-98.96,-96.94
2.540013,99.05,-79.78,-50.63,-13.78,25.17,60.29,86.23,96.78,79.78,50.63,13.78,-25.17,-60.29,-86.23,-99.05,-96.78
2.541079,99.13,-79.40,-50.09,-13.16,25.78,60.79,86.55,96.62,79.40,50.09,13.16,-25.78,-60.79,-86.55,-99.13,-96.62
2.542011,99.21,-79.02,-49.55,-12.53,26.39,61.29,86.86,96.46,79.02,49.55,12.53,-26.39,-61.29,-86.86,-99.21,-96.46
2.543010,99.29,-78.63,-49.00,-11.91,26.99,61.79,87.17,96.29,78.63,49.00,11.91,-26.99,-61.79,-87.17,-99.29,-96.29
2.544011,99.36,-78.24,-48.45,-11.29,27.60,62.28,87.48,96.12,78.24,48.45,11.29,-27.60,-62.28,-87.48,-99.36,-96.12
2.545010,99.43,-77.85,-47.90,-10.66,28.20,62.77,87.78,95.94,77.85,47.90,10.66,-28.20,-62.77,-87.78,-99.43,-95.94
2.546008,99.50,-77.45,-47.35,-10.04,28.80,63.26,88.08,95.76,77.45,47.35,10.04,-28.80,-63.26,-88.08,-99.50,-95.76
2.547009,99.56,-77.05,-46.79,-9.41,29.40,63.74,88.38,95.58,77.05,46.79,9.41,-29.40,-63.74,-88.38,-99.56,-95.58
2.548008,99.61,-76.65,-46.24,-8.79,30.00,64.23,88.67,95.39,76.65,46.24,8.79,-30.00,-64.23,-88.67,-99.61,-95.39
2.549015,99.67,-76.24,-45.68,-8.16,30.60,64.71,88.96,95.20,76.24,45.68,8.16,-30.60,-64.71,-88.96,-99.67,-95.20
2.550012,99.72,-75.84,-45.12,-7.53,31.20,65.18,89.24,95.01,75.84,45.12,7.53,-31.20,-65.18,-89.24,-99.72,-95.01
2.551010,99.76,-75.43,-44.56,-6.91,31.80,65.66,89.52,94.81,75.43,44.56,6.91,-31.80,-65.66,-89.52,-99.76,-94.81
2.552008,99.80,-75.01,-43.99,-6.28,32.39,66.13,89.80,94.61,75.01,43.99,6.28,-32.39,-66.13,-89.80,-99.80,-94.61
2.553008,99.84,-74.59,-43.43,-5.65,32.99,66.60,90.08,94.40,74.59,43.43,5.65,-32.99,-66.60,-90.08,-99.84,-94.40
2.554077,99.87,-74.17,-42.86,-5.02,33.58,67.07,90.35,94.19,74.17,42.86,5.02,-33.58,-67.07,-90.35,-99.87,-94.19
2.555011,99.90,-73.75,-42.29,-4.40,34.17,67.53,90.62,93.98,73.75,42.29,4.40,-34.17,-67.53,-90.62,-99.90,-93.98
2.556009,99.93,-73.33,-41.72,-3.77,34.76,68.00,90.88,93.76,73.33,41.72,3.77,-34.76,-68.00,-90.88,-99.93,-93.76
2.557009,99.95,-72.90,-41.15,-3.14,35.35,68.45,91.14,93.54,72.90,41.15,3.14,-35.35,-68.45,-91.14,-99.95,-93.54
2.558008,99.97,-72.47,-40.58,-2.51,35.93,68.91,91.40,93.32,72.47,40.58,2.51,-35.93,-68.91,-91.40,-99.97,-93.32
2.559070,99.98,-72.03,-40.00,-1.88,36.52,69.37,91.65,93.09,72.03,40.00,1.88,-36.52,-69.37,-91.65,-99.98,-93.09
2.560014,99.99,-71.59,-39.43,-1.26,37.10,69.82,91.90,92.86,71.59,39.43,1.26,-37.10,-69.82,-91.90,-99.99,-92.86
2.561009,100.00,-71.15,-38.85,-0.63,37.69,70.27,92.15,92.63,71.15,38.85,0.63,-37.69,-70.26,-92.15,-100.00,-92.63
2.562009,100.00,-70.71,-38.27,0.00,38.27,70.71,92.39,92.39,70.71,38.27,-0.00,-38.27,-70.71,-92.39,-100.00,-92.39
2.563075,100.00,-70.26,-37.69,0.63,38.85,71.15,92.63,92.15,70.26,37.69,-0.63,-38.85,-71.15,-92.63,-100.00,-92.15
2.564008,99.99,-69.82,-37.10,1.26,39.43,71.59,92.86,91.90,69.82,37.10,-1.26,-39.43,-71.59,-92.86,-99.99,-91.90
2.565010,99.98,-69.37,-36.52,1.88,40.00,72.03,93.09,91.65,69.37,36.52,-1.88,-40.00,-72.03,-93.09,-99.98,-91.65
2.566010,99.97,-68.91,-35.93,2.51,40.58,72.47,93.32,91.40,68.91,35.93,-2.51,-40.58,-72.47,-93.32,-99.97,-91.40
2.567071,99.95,-68.45,-35.35,3.14,41.15,72.90,93.54,91.14,68.45,35.35,-3.14,-41.15,-72.90,-93.54,-99.95,-91.14
2.568009,99.93,-68.00,-34.76,3.77,41.72,73.33,93.76,90.88,68.00,34.76,-3.77,-41.72,-73.33,-93.76,-99.93,-90.88
2.569008,99.90,-67.53,-34.17,4.40,42.29,73.75,93.98,90.62,67.53,34.17,-4.40,-42.29,-73.75,-93.98,-99.90,-90.62
2.570085,99.87,-67.07,-33.58,5.02,42.86,74.17,94.19,90.35,67.07,33.58,-5.02,-42.86,-74.17,-94.19,-99.87,-90.35
2.571015,99.84,-66.60,-32.99,5.65,43.43,74.59,94.40,90.08,66.60,32.99,-5.65,-43.43,-74.59,-94.40,-99.84,-90.08
2.572009,99.80,-66.13,-32.39,6.28,43.99,75.01,94.61,89.80,66.13,32.39,-6.28,-43.99,-75.01,-94.61,-99.80,-89.80
2.573011,99.76,-65.66,-31.80,6.91,44.56,75.43,94.81,89.52,65.66,31.80,-6.91,-44.56,-75.43,-94.81,-99.76,-89.52
2.574076,99.72,-65.18,-31.20,7.53,45.12,75.84,95.01,89.24,65.18,31.20,-7.53,-45.12,-75.84,-95.01,-99.72,-89.24
2.575010,99.67,-64.71,-30.60,8.16,45.68,76.24,95.20,88.96,64.71,30.60,-8.16,-45.68,-76.24,-95.20,-99.67,-88.96
2.576009,99.61,-64.23,-30.00,8.79,46.24,76.65,95.39,88.67,64.23,30.00,-8.79,-46.24,-76.65,-95.39,-99.61,-88.67
2.577007,99.56,-63.74,-29.40,9.41,46.79,77.05,95.58,88.38,63.74,29.40,-9.41,-46.79,-77.05,-95.58,-99.56,-88.38
2.578008,99.50,-63.26,-28.80,10.04,47.35,77.45,95.76,88.08,63.26,28.80,-10.04,-47.35,-77.45,-95.76,-99.50,-88.08
2.579008,99.43,-62.77,-28.20,10.66,47.90,77.85,95.94,87.78,62.77,28.20,-10.66,-47.90,-77.85,-95.94,-99.43,-87.78
2.580009,99.36,-62.28,-27.60,11.29,48.45,78.24,96.12,87.48,62.28,27.60,-11.29,-48.45,-78.24,-96.12,-99.36,-87.48
2.581008,99.29,-61.79,-26.99,11.91,49.00,78.63,96.29,87.17,61.79,26.99,-11.91,-49.00,-78.63,-96.29,-99.29,-87.17
2.582179,99.21,-61.29,-26.39,12.53,49.55,79.02,96.46,86.86,61.29,26.39,-12.53,-49.55,-79.02,-96.46,-99.21,-86.86
2.583008,99.13,-60.79,-25.78,13.16,50.09,79.40,96.62,86.55,60.79,25.78,-13.16,-50.09,-79.40,-96.62,-99.13,-86.55
2.584008,99.05,-60.29,-25.17,13.78,50.63,79.78,96.78,86.23,60.29,25.17,-13.78,-50.63,-79.78,-96.78,-99.05,-86.23
2.585012,98.96,-59.79,-24.56,14.40,51.17,80.16,96.94,85.91,59.79,24.56,-14.40,-51.17,-80.16,-96.94,-98.96,-85.91
2.586011,98.87,-59.29,-23.95,15.02,51.71,80.53,97.09,85.59,59.29,23.96,-15.02,-51.71,-80.53,-97.09,-98.87,-85.59
2.587012,98.77,-58.78,-23.34,15.64,52.25,80.90,97.24,85.26,58.78,23.34,-15.64,-52.25,-80.90,-97.24,-98.77,-85.26
2.588011,98.67,-58.27,-22.73,16.26,52.78,81.27,97.38,84.93,58.27,22.73,-16.26,-52.78,-81.27,-97.38,-98.67,-84.93
2.589011,98.56,-57.76,-22.12,16.88,53.32,81.63,97.52,84.60,57.76,22.12,-16.88,-53.32,-81.63,-97.52,-98.56,-84.60
2.590023,98.46,-57.24,-21.51,17.50,53.85,82.00,97.66,84.26,57.24,21.51,-17.50,-53.85,-82.00,-97.66,-98.46,-84.26
2.591008,98.34,-56.73,-20.89,18.12,54.38,82.35,97.79,83.92,56.73,20.89,-18.12,-54.38,-82.35,-97.79,-98.34,-83.92
2.592009,98.23,-56.21,-20.28,18.74,54.90,82.71,97.92,83.58,56.21,20.28,-18.74,-54.90,-82.71,-97.92,-98.23,-83.58
2.593013,98.11,-55.69,-19.66,19.35,55.43,83.06,98.05,83.23,55.69,19.66,-19.35,-55.43,-83.06,-98.05,-98.11,-83.23
2.594011,97.99,-55.16,-19.05,19.97,55.95,83.41,98.17,82.88,55.16,19.05,-19.97,-55.95,-83.41,-98.17,-97.99,-82.88
2.595012,97.86,-54.64,-18.43,20.59,56.47,83.75,98.29,82.53,54.64,18.43,-20.59,-56.47,-83.75,-98.29,-97.86,-82.53
2.596077,97.73,-54.11,-17.81,21.20,56.99,84.09,98.40,82.17,54.11,17.81,-21.20,-56.99,-84.09,-98.40,-97.73,-82.17
2.597010,97.59,-53.58,-17.19,21.81,57.50,84.43,98.51,81.81,53.58,17.19,-21.81,-57.50,-84.43,-98.51,-97.59,-81.81
2.598011,97.45,-53.05,-16.57,22.43,58.01,84.77,98.62,81.45,53.05,16.57,-22.43,-58.01,-84.77,-98.62,-97.45,-81.45
2.599070,97.31,-52.52,-15.95,23.04,58.52,85.10,98.72,81.09,52.52,15.95,-23.04,-58.52,-85.10,-98.72,-97.31,-81.09
2.600010,97.16,-51.98,-15.33,23.65,59.03,85.43,98.82,80.72,51.98,15.33,-23.65,-59.03,-85.43,-98.82,-97.16,-80.72
2.601010,97.01,-51.44,-14.71,24.26,59.54,85.75,98.91,80.34,51.44,14.71,-24.26,-59.54,-85.75,-98.91,-97.01,-80.34
2.602009,96.86,-50.90,-14.09,24.87,60.04,86.07,99.00,79.97,50.90,14.09,-24.87,-60.04,-86.07,-99.00,-96.86,-79.97
2.603071,96.70,-50.36,-13.47,25.48,60.54,86.39,99.09,79.59,50.36,13.47,-25.48,-60.54,-86.39,-99.09,-96.70,-79.59
2.604014,96.54,-49.82,-12.84,26.08,61.04,86.71,99.17,79.21,49.82,12.84,-26.08,-61.04,-86.71,-99.17,-96.54,-79.21
2.605011,96.37,-49.27,-12.22,26.69,61.54,87.02,99.25,78.82,49.27,12.22,-26.69,-61.54,-87.02,-99.25,-96.37,-78.82
2.606013,96.20,-48.72,-11.60,27.30,62.03,87.33,99.33,78.43,48.73,11.60,-27.30,-62.03,-87.33,-99.33,-96.20,-78.43
2.607012,96.03,-48.18,-10.97,27.90,62.52,87.63,99.40,78.04,48.18,10.97,-27.90,-62.52,-87.63,-99.40,-96.03,-78.04
2.608010,95.85,-47.62,-10.35,28.50,63.01,87.93,99.46,77.65,47.62,10.35,-28.50,-63.01,-87.93,-99.46,-95.85,-77.65
2.609012,95.67,-47.07,-9.72,29.10,63.50,88.23,99.53,77.25,47.07,9.72,-29.10,-63.50,-88.23,-99.53,-95.67,-77.25
2.610013,95.49,-46.52,-9.10,29.70,63.98,88.52,99.59,76.85,46.52,9.10,-29.70,-63.98,-88.52,-99.59,-95.49,-76.85
2.611078,95.30,-45.96,-8.47,30.30,64.47,88.81,99.64,76.45,45.96,8.47,-30.30,-64.47,-88.81,-99.64,-95.30,-76.45
2.612011,95.11,-45.40,-7.85,30.90,64.94,89.10,99.69,76.04,45.40,7.85,-30.90,-64.94,-89.10,-99.69,-95.11,-76.04
2.613012,94.91,-44.84,-7.22,31.50,65.42,89.38,99.74,75.63,44.84,7.22,-31.50,-65.42,-89.38,-99.74,-94.91,-75.63
2.614075,94.71,-44.28,-6.59,32.09,65.90,89.66,99.78,75.22,44.28,6.59,-32.09,-65.90,-89.66,-99.78,-94.71,-75.22
2.615017,94.51,-43.71,-5.97,32.69,66.37,89.94,99.82,74.80,43.71,5.97,-32.69,-66.37,-89.94,-99.82,-94.51,-74.80
2.616017,94.30,-43.15,-5.34,33.28,66.84,90.21,99.86,74.38,43.15,5.34,-33.28,-66.84,-90.21,-99.86,-94.30,-74.38
2.617009,94.09,-42.58,-4.71,33.87,67.30,90.48,99.89,73.96,42.58,4.71,-33.87,-67.30,-90.48,-99.89,-94.09,-73.96
2.618009,93.87,-42.01,-4.08,34.46,67.76,90.75,99.92,73.54,42.01,4.08,-34.46,-67.76,-90.75,-99.92,-93.87,-73.54
2.619009,93.65,-41.44,-3.46,35.05,68.23,91.01,99.94,73.11,41.44,3.46,-35.05,-68.23,-91.01,-99.94,-93.65,-73.11
2.620010,93.43,-40.86,-2.83,35.64,68.68,91.27,99.96,72.68,40.86,2.83,-35.64,-68.68,-91.27,-99.96,-93.43,-72.68
2.621010,93.21,-40.29,-2.20,36.23,69.14,91.52,99.98,72.25,40.29,2.20,-36.23,-69.14,-91.52,-99.98,-93.21,-72.25
2.622010,92.98,-39.71,-1.57,36.81,69.59,91.78,99.99,71.81,39.71,1.57,-36.81,-69.59,-91.78,-99.99,-92.98,-71.81
2.623012,92.74,-39.14,-0.94,37.40,70.04,92.02,100.00,71.37,39.14,0.94,-37.40,-70.04,-92.02,-100.00,-92.74,-71.37
2.624021,92.51,-38.56,-0.31,37.98,70.49,92.27,100.00,70.93,38.56,0.31,-37.98,-70.49,-92.27,-100.00,-92.51,-70.93
2.625008,92.27,-37.98,0.31,38.56,70.93,92.51,100.00,70.49,37.98,-0.31,-38.56,-70.93,-92.51,-100.00,-92.27,-70.49
2.626016,92.02,-37.40,0.94,39.14,71.37,92.74,100.00,70.04,37.40,-0.94,-39.14,-71.37,-92.74,-100.00,-92.02,-70.04
2.627012,91.78,-36.81,1.57,39.71,71.81,92.98,99.99,69.59,36.81,-1.57,-39.71,-71.81,-92.98,-99.99,-91.78,-69.59
2.628010,91.52,-36.23,2.20,40.29,72.25,93.21,99.98,69.14,36.23,-2.20,-40.29,-72.25,-93.21,-99.98,-91.52,-69.14
2.629011,91.27,-35.64,2.83,40.86,72.68,93.43,99.96,68.68,35.64,-2.83,-40.86,-72.68,-93.43,-99.96,-91.27,-68.68
2.630093,91.01,-35.05,3.46,41.44,73.11,93.65,99.94,68.23,35.05,-3.46,-41.44,-73.11,-93.65,-99.94,-91.01,-68.23
2.631007,90.75,-34.46,4.08,42.01,73.54,93.87,99.92,67.76,34.46,-4.08,-42.01,-73.54,-93.87,-99.92,-90.75,-67.76
2.632011,90.48,-33.87,4.71,42.58,73.96,94.09,99.89,67.30,33.87,-4.71,-42.58,-73.96,-94.09,-99.89,-90.48,-67.30
2.633015,90.21,-33.28,5.34,43.15,74.38,94.30,99.86,66.84,33.28,-5.34,-43.15,-74.38,-94.30,-99.86,-90.21,-66.84
2.634013,89.94,-32.69,5.97,43.71,74.80,94.51,99.82,66.37,32.69,-5.97,-43.71,-74.80,-94.51,-99.82,-89.94,-66.37