Timestamp;.superwatch_ch00
0;94.194031
1119;94.246658
2903;94.351212
4895;94.454842
6887;94.557541
8891;94.659302
10903;94.760132
12898;94.810196
14895;94.958969
16898;95.056992
19104;95.154076
20906;95.250214
22897;95.345421
24920;95.439682
26881;95.532997
28877;95.625374
30874;95.716805
32877;95.762169
34933;95.896835
36910;95.985428
38894;96.073074
40893;96.159775
42898;96.245529
44892;96.330322
46915;96.414169
48880;96.497070
50881;96.538162
52874;96.619637
54874;96.740051
56877;96.819130
58914;96.897263
60901;96.974442
62897;97.050652
64899;97.125908
66893;97.200203
68910;97.273544
70880;97.345917
72879;97.381752
74875;97.487793
76874;97.557297
78875;97.625824
80918;97.693390
82903;97.759995
84901;97.825638
86897;97.890305
88893;97.954018
90914;98.016754
92873;98.047760
94878;98.139336
96877;98.199173
98877;98.258034
100878;98.315933
102915;98.372864
104902;98.428818
106894;98.483810
108893;98.537819
110897;98.590858
112915;98.642929
114878;98.694023
116881;98.744141
118877;98.793289
120879;98.841454
122921;98.888649
124912;98.934868
126898;98.980110
128894;99.024376
130900;99.067665
132896;99.109970
134917;99.151306
136883;99.191658
138874;99.231033
140881;99.269432
142877;99.306847
144871;99.343285
146911;99.378738
148897;99.413208
150900;99.446701
152898;99.479218
154894;99.510742
156914;99.541290
158896;99.570862
160894;99.599442
162894;99.627037
164891;99.653656
166911;99.679283
168874;99.703934
170876;99.727600
172872;99.739059
174871;99.771973
176873;99.792686
178917;99.812408
180899;99.831154
182895;99.848907
184896;99.865685
186893;99.881462
188911;99.896263
190878;99.910072
192874;99.916611
194873;99.934746
196880;99.945602
198928;99.955467
200911;99.960030
202904;99.972244
204898;99.979149
206897;99.985077
208892;99.990005
210910;99.993958
212877;99.995560
214882;99.998894
216878;99.999878
218876;99.999878
220912;99.998894
222876;99.996918
224874;99.993958
226874;99.990005
228878;99.985077
230878;99.979149
232905;99.972244
234878;99.964348
236877;99.955467
238871;99.945602
240880;99.934746
242915;99.922905
244884;99.910072
246879;99.896263
248879;99.881462
250874;99.865685
252873;99.857422
254918;99.831154
256899;99.812408
258900;99.792686
260900;99.771973
262895;99.750282
264915;99.727600
266880;99.703941
268875;99.679283
270877;99.653656
272876;99.640472
274874;99.599442
276898;99.570862
278876;99.541298
280879;99.510750
282875;99.479218
284877;99.446701
287028;99.413208
288904;99.378738
290903;99.343285
292895;99.325188
294894;99.269432
296896;99.231033
298913;99.191666
300905;99.151306
302898;99.109978
304896;99.067673
306894;99.024376
308915;98.980110
310881;98.934868
312878;98.911888
314873;98.841461
316875;98.793289
319041;98.744141
320906;98.694023
322897;98.642929
324894;98.590866
326896;98.537819
328893;98.483810
330917;98.428818
332898;98.400970
334895;98.315941
336898;98.258041
338894;98.199173
340917;98.139343
342880;98.078529
344876;98.016754
346873;97.954018
348875;97.890312
350907;97.858093
352881;97.792938
354874;97.693398
356877;97.625824
358874;97.557297
360880;97.487801
362916;97.417343
364899;97.345932
366890;97.273544
368896;97.200211
370897;97.125916
372917;97.050652
374878;96.974442
376874;96.897270
378875;96.819138
380879;96.740051
382878;96.660019
384911;96.579018
386898;96.497078
388896;96.414177
390897;96.330330
392892;96.288048
394910;96.159782
396877;96.073082
398871;95.985428
400874;95.896843
402877;95.807297
404875;95.716812
406911;95.625374
408896;95.533005
410899;95.439682
412896;95.392670
414895;95.250221
416914;95.154076
418878;95.057007
420876;94.958984
422878;94.860031
424868;94.760132
426874;94.659302
428917;94.557549
430901;94.454849
432893;94.403152
434894;94.246666
436892;94.141174
438915;94.034752
440880;93.927414
442876;93.819138
444873;93.709938
446880;93.599823
448870;93.488770
450915;93.376801
452892;93.320465
454893;93.150101
456895;93.035362
458890;92.919716
460912;92.803146
462874;92.685661
464875;92.567268
466880;92.447952
468874;92.327728
470879;92.206596
472914;92.084557
474895;91.961601
476893;91.837738
478891;91.712967
480895;91.587296
482908;91.460724
484873;91.333237
486874;91.204857
488873;91.075584
490874;90.945396
492932;90.814323
494914;90.682343
496899;90.549477
498893;90.415726
500897;90.348503
502896;90.145515
504915;90.009079
506881;89.871750
508878;89.733551
510878;89.594452
512876;89.524567
514920;89.313599
516883;89.171860
518872;89.029228
520875;88.885727
522876;88.741348
524874;88.596085
526898;88.449951
528880;88.302948
530881;88.155067
532878;88.080811
534874;87.856712
537049;87.706230
538903;87.554893
540897;87.402679
542895;87.249603
544892;87.095680
546893;86.940880
548913;86.785217
550881;86.628708
552873;86.550140
554882;86.313126
556876;86.154068
559051;85.994141
560901;85.833374
562894;85.671753
564892;85.509285
566893;85.345985
568893;85.181847
570917;85.016853
572884;84.934029
574878;84.684357
576878;84.516853
578876;84.348511
580926;84.179352
582917;84.009354
584893;83.838524
586896;83.666870
588902;83.494385
590900;83.321075
592916;83.146980
594899;82.972023
596897;82.796249
598890;82.619667
600899;82.442268
602919;82.264053
604878;82.085037
606872;81.905197
608886;81.724556
610875;81.543098
612874;81.452087
614915;81.177780
616898;80.993942
618894;80.809280
620901;80.623817
622893;80.437561
624913;80.250511
626880;80.062675
628874;79.874062
630878;79.684647
632872;79.589630
634874;79.303452
636914;79.111679
638880;78.919128
640873;78.725800
642873;78.531693
644873;78.336807
646912;78.141167
648881;77.944740
650878;77.846237
652877;77.648666
654878;77.350861
656875;77.151367
658895;76.951111
660882;76.750099
662876;76.548340
664870;76.345810
666880;76.142532
668926;75.938499
670903;75.733719
672900;75.631050
674896;75.321922
676894;75.114906
678893;74.907150
680922;74.698647
682880;74.489410
684874;74.279442
686877;74.068748
688877;73.857307
690930;73.645142
692913;73.432251
694894;73.218636
696896;73.004295
698893;72.789253
700901;72.573486
702913;72.356995
704896;72.139786
706896;71.921860
708896;71.703232
710892;71.483910
712915;71.263863
714872;71.043121
716875;70.821671
718870;70.599525
720874;70.376678
722933;70.153160
724910;69.928932
726896;69.816551
728894;69.478401
730902;69.252106
732894;69.138702
734917;68.797478
736873;68.569145
738879;68.340126
740876;68.110435
742876;67.880074
744923;67.649040
746876;67.417358
748871;67.184998
750872;66.951965
752875;66.835213
754876;66.483948
756903;66.248940
758878;66.013298
760878;65.776993
762871;65.540031
764874;65.302429
766916;65.064178
768884;64.825287
770873;64.585777
772875;64.465759
774873;64.104805
776877;63.863361
778912;63.621296
780906;63.378597
782896;63.135296
784893;62.891354
786892;62.646790
788912;62.401604
790882;62.155807
792878;62.032688
794877;61.662388
796871;61.414753
798872;61.166519
800917;61.042183
802895;60.668228
804892;60.418213
806891;60.167568
808893;59.916359
810955;59.664536
812908;59.538414
814898;59.159122
816897;58.905560
818895;58.651394
820897;58.396656
822903;58.141335
824879;57.885437
826876;57.628979
828877;57.371964
830879;57.114365
833036;56.856201
834898;56.597477
836896;56.338192
838894;56.078358
840895;55.817978
842898;55.557037
844900;55.295544
846879;55.033512
848874;54.770927
850877;54.507809
852877;54.376053
854934;53.979977
856905;53.715248
858895;53.449989
860898;53.184204
862897;52.917915
864893;52.651100
866908;52.383751
868895;52.115883
870899;51.847500
872896;51.713127
874893;51.309196
876914;51.039307
878872;50.768894
880879;50.497978
882883;50.226570
884874;49.954655
886941;49.682255
888901;49.409382
890898;49.136005
892895;48.999119
894891;48.587791
896892;48.312962
898910;48.037659
900900;47.761898
902893;47.485649
904893;47.208931
906895;46.931747
908918;46.654099
910880;46.375992
912874;46.236778
914875;45.818428
916873;45.538975
918875;45.259052
920917;44.978683
922894;44.697872
924895;44.416637
926892;44.134945
928894;43.852818
930912;43.570255
932878;43.428825
934877;43.003849
936877;42.720028
938881;42.435760
940880;42.151081
942914;41.865982
944881;41.580467
946871;41.294567
948873;41.008240
950880;40.864910
952873;40.577976
954920;40.146832
956899;39.858898
958896;39.570599
960894;39.281879
962894;38.992775
964915;38.703285
966876;38.413418
968876;38.123165
970877;37.832584
972877;37.687119
974954;37.250214
976896;36.958477
978890;36.666374
980897;36.373913
982897;36.081112
984892;35.787930
986918;35.494400
988877;35.200516
990881;34.906284
992875;34.759052
994879;34.316818
996912;34.021561
998876;33.725971
1000880;33.430046
1002873;33.133793
1004874;32.837212
1006874;32.540329
1008900;32.243107
1010882;31.945559
1012876;31.796658
1014876;31.349527
1016878;31.051048
1018914;30.752283
1020880;30.453190
1022877;30.153799
1024870;29.854134
1026876;29.554150
1028872;29.253874
1030921;28.953331
1032900;28.802931
1034900;28.351349
1036892;28.049934
1038892;27.748245
1040914;27.446281
1042878;27.144072
1044874;26.841568
1046881;26.538801
1048877;26.235771
1050876;25.932482
1052896;25.628939
1054877;25.325165
1056879;25.021118
1058880;24.716824
1060871;24.412287
1062919;24.107508
1064876;23.802490
1066879;23.497261
1068881;23.191778
1070874;22.886066
1072875;22.733135
1074916;22.273966
1076899;21.967585
1078894;21.661034
1080895;21.354221
1082898;21.047199
1084912;20.739969
1086880;20.432533
1088875;20.124922
1090874;19.817085
1092869;19.663082
1094873;19.200832
1096912;18.892418
1098901;18.583818
1100901;18.429462
1102899;17.966097
1104891;17.656956
1106915;17.347641
1108880;17.038157
1110874;16.728500
1112874;16.573624
1114876;16.108725
1116930;15.798585
1118906;15.488288
1120901;15.177840
1122894;14.867240
1124892;14.556519
1126892;14.245629
1128901;13.934599
1130877;13.623433
1132874;13.467834
1134879;13.000721
1136876;12.689183
1138874;12.377496
1140915;12.065687
1142903;11.753759
1144894;11.441715
1146896;11.129559
1148892;10.817315
1150921;10.504942
1152886;10.348703
1154875;9.879887
1156875;9.567211
1158877;9.254441
1160933;8.941605
1162914;8.628655
1164897;8.315620
1166893;8.002504
1168891;7.689308
1170898;7.376037
1172917;7.062716
1174888;6.749302
1176874;6.435822
1178873;6.122278
1180872;5.808673
1182875;5.495012
1184913;5.181319
1186902;4.867576
1188895;4.553761
1190900;4.239901
1192897;4.082967
1194906;3.612057
1196882;3.298105
1198874;2.984096
1200879;2.670057
1202879;2.355993
1204914;2.041904
1206878;1.727796
1208880;1.413695
1210879;1.099556
1212877;0.942470
1214876;0.471248
1216915;0.157085
1218903;-0.157079
1220899;-0.471218
1222893;-0.785375
1224897;-1.099525
1226917;-1.413665
1228877;-1.727790
1230879;-2.041898
1232877;-2.198933
1234875;-2.670027
1236914;-2.984066
1238880;-3.298074
1240876;-3.612027
1242876;-3.925944
1244878;-4.239846
1246877;-4.553706
1248911;-4.867522
1250896;-5.024400
1252901;-5.338142
1254894;-5.808643
1256896;-6.122248
1258911;-6.435792
1260877;-6.749272
1262873;-7.062686
1264872;-7.376031
1266872;-7.689279
1268933;-8.002474
1270916;-8.315591
1272904;-8.472131
1274898;-8.941574
1276900;-9.254436
1278899;-9.567182
1280915;-9.879857
1282880;-10.192435
1284876;-10.504911
1286874;-10.817286
1288872;-11.129552
1290870;-11.441686
1292914;-11.753706
1294898;-12.065634
1296899;-12.377443
1298893;-12.689130
1300894;-13.000690
1302915;-13.312101
1304877;-13.623403
1306875;-13.934570
1308878;-14.245600
1310873;-14.556490
1312872;-14.711868
1314912;-15.177811
1316905;-15.488259
1318893;-15.798555
1320899;-16.108694
1322894;-16.418676
1324916;-16.728497
1326880;-17.038126
1328872;-17.347612
1330876;-17.656927
1332873;-17.811506
1334875;-18.275030
1336915;-18.583813
1338903;-18.892389
1340901;-19.200802
1342896;-19.509026
1344898;-19.817057
1346910;-20.124868
1348880;-20.432505
1350878;-20.739916
1352871;-20.893570
1354873;-21.354168
1356931;-21.660980
1358911;-21.967579
1360902;-22.273960
1362894;-22.580097
1364892;-22.886036
1366895;-23.191748
1368915;-23.497232
1370879;-23.802485
1372875;-23.955011
1374873;-24.412256
1376877;-24.716795
1379042;-25.021088
1380903;-25.325138
1382898;-25.628933
1384893;-25.932476
1386895;-26.235741
1388894;-26.538771
1390914;-26.841539
1392880;-26.992813
1394876;-27.446276
1396873;-27.748240
1398877;-28.049908
1400878;-28.200659
1402912;-28.652430
1404897;-28.953281
1406895;-29.253843
1408890;-29.554098
1410897;-29.854084
1412904;-30.153772
1414882;-30.453163
1416872;-30.752254
1418875;-31.051043
1420883;-31.349501
1423063;-31.647673
1424909;-31.945532
1426899;-32.243076
1428894;-32.540302
1430894;-32.837208
1432896;-32.985527
1434913;-33.430019
1436879;-33.725945
1438881;-34.021534
1440877;-34.316792
1442878;-34.611706
1445049;-34.906258
1446905;-35.200489
1448894;-35.494373
1450901;-35.787903
1452895;-35.934525
1454899;-36.373882
1456911;-36.666325
1458896;-36.958427
1460893;-37.250168
1462897;-37.541534
1464896;-37.832535
1466916;-38.123161
1468878;-38.413387
1470875;-38.703259
1472877;-38.848064
1474881;-39.281853
1476870;-39.426250
1478915;-39.858894
1480899;-40.146805
1482893;-40.434341
1484893;-40.721478
1486895;-41.008209
1488914;-41.294540
1490882;-41.580467
1492881;-41.723259
1494869;-42.151054
1496876;-42.435734
1498873;-42.720001
1500915;-43.003841
1502901;-43.287262
1504892;-43.570229
1506889;-43.852791
1508895;-44.134895
1510895;-44.416592
1512876;-44.557262
1514880;-44.978657
1516872;-45.259007
1518876;-45.538925
1520937;-45.818401
1522917;-46.097420
1524900;-46.375988
1526896;-46.654095
1528894;-46.931721
1530899;-47.208904
1532913;-47.485622
1534896;-47.761871
1536894;-48.037647
1538895;-48.312950
1540898;-48.587757
1542926;-48.862106
1544902;-49.135971
1546896;-49.409351
1548891;-49.682243
1550901;-49.818497
1552892;-50.090652
1554912;-50.497948
1556875;-50.768864
1558871;-51.039280
1560875;-51.309193
1562873;-51.578552
1564932;-51.847446
1566900;-52.115829
1568897;-52.383698
1570904;-52.651054
1572893;-52.784519
1574978;-53.184174
1576899;-53.449959
1578896;-53.715218
1580904;-53.979946
1582894;-54.244137
1584892;-54.507797
1586911;-54.770897
1588873;-55.033482
1590873;-55.295517
1592871;-55.426342
1594873;-55.817951
1597044;-56.078346
1598909;-56.338161
1600903;-56.597446
1602891;-56.856174
1604896;-57.114334
1606894;-57.371933
1608919;-57.628967
1610880;-57.885414
1612876;-58.013439
1614874;-58.396626
1616873;-58.651344
1618874;-58.905514
1620912;-59.159096
1622897;-59.412075
1624893;-59.664490
1626896;-59.916313
1628888;-60.167545
1630915;-60.292923
1632875;-60.543270
1634871;-60.917645
1636871;-61.166489
1638877;-61.414730
1640917;-61.662357
1642877;-61.909382
1644872;-62.155796
1646875;-62.401573
1648873;-62.646759
1650878;-62.891323
1652917;-63.135265
1654898;-63.378590
1656895;-63.621284
1658893;-63.863338
1660893;-64.104774
1662962;-64.345573
1664899;-64.585747
1666901;-64.825279
1668895;-65.064171
1670894;-65.302383
1672898;-65.421280
1674901;-65.776947
1676878;-66.013260
1678875;-66.248917
1680874;-66.483917
1682876;-66.718254
1684952;-66.951942
1686899;-67.184967
1688897;-67.417336
1690896;-67.649033
1692898;-67.764626
1694900;-68.110413
1696914;-68.340096
1698897;-68.569115
1700897;-68.683365
1702895;-69.025116
1704892;-69.252083
1706919;-69.478378
1708876;-69.703987
1710875;-69.928902
1712871;-70.041100
1714874;-70.376678
1716873;-70.599503
1718915;-70.821648
1720905;-71.043098
1722892;-71.263847
1724898;-71.483871
1726890;-71.703209
1728912;-71.921829
1730878;-72.139755
1732874;-72.248444
1734877;-72.573456
1736874;-72.789230
1738879;-73.004295
1740912;-73.218613
1742897;-73.432228
1744889;-73.645126
1746892;-73.857292
1748894;-74.068726
1750916;-74.279434
1752876;-74.384499
1754873;-74.698624
1756880;-74.907127
1758869;-75.114883
1760877;-75.321899
1762915;-75.528183
1764900;-75.733711
1766896;-75.938477
1768895;-76.142525
1770897;-76.345787
1772913;-76.548302
1774902;-76.750092
1776895;-76.951096
1778896;-77.151337
1780896;-77.350845
1782919;-77.549561
1784882;-77.747513
1786873;-77.944717
1788873;-78.141136
1790878;-78.336807
1792877;-78.434334
1794912;-78.725777
1796896;-78.919121
1798895;-79.111656
1800898;-79.303444
1802897;-79.494415
1804915;-79.684639
1806876;-79.874046
1808874;-80.062660
1810877;-80.250511
1812874;-80.344131
1814872;-80.623817
1816916;-80.809258
1818896;-80.993912
1820900;-81.177780
1822899;-81.360832
1824891;-81.543098
1826917;-81.724533
1828877;-81.905197
1830880;-82.085022
1832875;-82.174629
1834881;-82.442261
1836877;-82.619652
1838915;-82.796249
1840903;-82.972008
1842892;-83.146942
1844892;-83.321091
1846894;-83.494377
1848913;-83.666878
1850875;-83.752808
1852876;-83.924034
1854867;-84.179352
1856875;-84.348511
1858874;-84.516838
1860911;-84.684326
1862895;-84.851006
1864896;-85.016823
1866892;-85.181801
1868892;-85.345963
1870913;-85.509262
1872872;-85.590591
1874872;-85.833344
1876882;-85.994102
1878876;-86.154037
1881081;-86.313095
1882904;-86.471329
1884898;-86.628685
1886894;-86.785210
1888896;-86.940849
1890898;-87.095634
1892919;-87.249588
1894874;-87.402657
1896878;-87.554878
1898875;-87.706215
1900874;-87.856689
1902870;-88.006317
1904911;-88.155052
1906896;-88.302948
1908895;-88.449944
1910899;-88.596085
1912897;-88.668816
1914910;-88.885704
1916897;-89.029221
1918896;-89.171837
1920893;-89.313599
1922894;-89.454453
1924914;-89.594421
1926878;-89.733536
1928878;-89.871742
1930876;-90.009079
1932870;-90.077400
1934881;-90.281067
1936918;-90.415703
1938897;-90.549461
1940896;-90.682343
1942895;-90.814308
1944897;-90.945396
1946915;-91.075569
1948878;-91.204849
1950877;-91.333237
1952874;-91.397079
1954878;-91.587296
1956879;-91.712967
1958912;-91.837738
1960877;-91.961601
1962873;-92.084541
1964883;-92.206596
1966880;-92.327705
1968918;-92.447945
1970883;-92.567245
1972879;-92.626556
1974873;-92.803131
1976875;-92.919693
1978872;-93.035355
1980920;-93.150070
1982897;-93.263885
1984895;-93.376785
1986898;-93.488747
1988896;-93.599800
1990912;-93.709923
1992881;-93.764633
1994875;-93.927399
1996876;-94.034737
1998875;-94.141159
2000883;-94.194016
2002922;-94.351212
2004896;-94.454834
2006892;-94.557526
2008891;-94.659294
2010894;-94.760117
2012897;-94.810196
2014882;-94.958969
2016878;-95.056999
2018880;-95.154068
2020873;-95.250206
2022917;-95.345413
2024880;-95.439674
2026873;-95.532997
2028874;-95.625374
2030881;-95.716789
2032873;-95.762169
2034916;-95.896828
2036897;-95.985428
2038894;-96.073074
2040893;-96.159782
2042894;-96.245522
2044915;-96.330322
2046877;-96.414177
2048876;-96.497070
2050874;-96.579018
2052872;-96.619637
2054873;-96.740044
2056920;-96.819138
2058901;-96.897255
2060903;-96.974442
2062895;-97.050652
2064890;-97.125916
2066914;-97.200203
2068878;-97.273544
2070872;-97.345924
2072880;-97.381752
2074873;-97.487793
2076877;-97.557281
2078914;-97.625809
2080900;-97.693382
2082892;-97.759987
2084895;-97.825630
2086892;-97.890297
2088910;-97.954010
2090880;-98.016754
2092878;-98.047760
2094878;-98.139336
2096871;-98.199165
2098873;-98.258034
2100917;-98.315933
2102899;-98.372856
2104892;-98.428818
2106892;-98.483803
2108895;-98.537811
2110905;-98.590858
2112879;-98.617012
2114881;-98.694023
2116876;-98.744133
2118875;-98.793289
2120876;-98.841454
2122912;-98.888657
2124896;-98.934868
2126895;-98.980103
2128893;-99.024376
2130902;-99.067665
2132915;-99.109978
2134879;-99.151306
2136879;-99.191666
2138875;-99.231033
2140879;-99.269424
2142915;-99.306847
2144877;-99.343285
2146879;-99.378738
2148878;-99.413208
2150879;-99.430077
2152876;-99.463081
2154917;-99.510742
2156898;-99.541298
2158890;-99.570862
2160897;-99.599442
2162895;-99.627037
2164921;-99.653656
2166877;-99.679283
2168875;-99.703934
2170874;-99.727600
2172875;-99.739059
2174930;-99.771973
2176915;-99.792686
2178897;-99.812408
2180898;-99.831161
2182897;-99.848907
2184896;-99.865677
2186907;-99.881462
2188882;-99.896263
2190873;-99.910072
2192869;-99.916611
2194876;-99.934746
2196874;-99.945602
2198919;-99.955460
2200905;-99.964348
2202895;-99.972244
2204893;-99.979149
2206897;-99.985069
2208910;-99.990005
2210874;-99.993958
2212873;-99.995560
2214879;-99.998894
2216885;-99.999878
2219058;-99.999878
2220904;-99.998894
2222895;-99.996918
2224893;-99.993958
2226892;-99.992104
2228896;-99.985077
2230912;-99.979149
2232899;-99.975815
2234897;-99.964348
2236896;-99.955467
2238895;-99.945602
2240922;-99.934746
2242877;-99.922905
2244875;-99.910080
2246874;-99.896263
2248878;-99.881462
2250873;-99.865685
2252912;-99.848907
2254899;-99.831161
2256895;-99.812416
2258898;-99.792686
2260899;-99.771973
2262919;-99.750282
2264875;-99.727600
2266873;-99.703934
2268874;-99.679283
2270874;-99.653656
2272877;-99.640472
2274915;-99.599442
2276899;-99.570862
2278896;-99.541298
2280901;-99.510750
2282899;-99.479218
2284910;-99.446709
2286876;-99.413208
2288877;-99.378738
2290872;-99.343285
2292876;-99.325195
2294940;-99.269440
2296899;-99.231041
2298895;-99.191666
2300897;-99.171616
2302895;-99.109985
2304900;-99.067673
2306897;-99.024384
2308877;-98.980118
2310872;-98.934868
2312880;-98.911888
2314883;-98.841461
2316874;-98.793289
2318915;-98.744148
2320898;-98.694023
2322899;-98.642937
2324896;-98.590866
2326894;-98.537827
2328912;-98.483810
2330883;-98.428825
2332884;-98.400970
2334874;-98.315941
2336875;-98.258049
2338876;-98.199181
2340917;-98.139343
2342901;-98.078537
2344898;-98.016754
2346901;-97.954025
2348895;-97.890312
2350908;-97.825638
2352880;-97.792938
2354875;-97.693398
2356881;-97.625824
2358870;-97.557297
2360877;-97.487801
2362912;-97.417351
2364902;-97.345924
2366896;-97.273552
2368896;-97.200203
2370896;-97.125916
2372916;-97.050652
2374883;-96.974442
2376871;-96.897270
2378874;-96.819138
2380873;-96.740051
2382874;-96.660011
2384915;-96.579018
2386893;-96.497086
2388893;-96.414177
2390898;-96.330330
2392898;-96.288055
2394917;-96.159782
2396874;-96.073074
2398878;-95.985443
2400877;-95.896851
2402877;-95.807304
2404944;-95.716820
2406899;-95.625381
2408897;-95.533012
2410902;-95.439697
2412892;-95.392677
2414894;-95.250237
2416909;-95.154083
2418877;-95.057007
2420880;-94.958984
2422880;-94.860039
2424872;-94.760147
2426908;-94.659309
2428876;-94.557556
2430877;-94.454849
2432876;-94.403160
2434876;-94.246681
2436872;-94.141182
2438893;-94.034767
2440884;-93.927414
2442869;-93.819145
2444874;-93.709961
2446872;-93.599823
2448914;-93.488785
2450875;-93.432899
2452877;-93.320473
2454875;-93.150093
2456878;-93.035370
2459076;-92.919724
2460905;-92.803154
2462899;-92.685677
2464895;-92.567268
2466892;-92.447960
2468894;-92.327744
2470917;-92.206596
2472902;-92.145691
2474892;-91.961601
2476892;-91.837738
2478897;-91.712967
2480913;-91.587296
2482881;-91.460732
2484878;-91.333237
2486872;-91.204865
2488874;-91.075569
2490876;-90.945396
2492907;-90.814331
2494878;-90.682343
2496870;-90.549484
2498871;-90.415703
2500874;-90.281067
2502871;-90.145508
2504917;-90.009079
2506900;-89.871780
2508893;-89.733559
2510899;-89.594475
2512896;-89.524590
2514917;-89.313622
2516876;-89.171890
2518871;-89.029243
2520871;-88.885750
2522874;-88.741356
2524876;-88.596107
2526916;-88.449959
2528898;-88.302971
2530900;-88.155106
2532889;-88.080818
2534896;-87.856735
2536905;-87.706238
2538874;-87.554901
2540876;-87.402702
2542874;-87.249611
2544875;-87.095680
2546935;-86.940872
2548891;-86.785233
2550898;-86.628708
2552896;-86.471352
2554897;-86.313148
2556900;-86.154060
2558913;-85.994148
2560897;-85.833374
2562894;-85.671761
2564896;-85.509315
2566898;-85.345993
2568916;-85.181847
2570883;-85.016846
2572884;-84.934044
2574875;-84.684349
2576872;-84.516861
2578875;-84.348534
2580918;-84.179352
2582897;-84.009369
2584899;-83.838524
2586894;-83.666878
2588896;-83.494408
2590912;-83.321091
2592876;-83.234131
2594874;-82.972008
2596877;-82.796249
2598869;-82.619652
2600879;-82.531059
2602911;-82.264069
2604903;-82.085022
2606895;-81.905197
2608892;-81.724533
2610902;-81.543098
2612900;-81.360855
2614879;-81.177811
2616874;-80.993965
2618876;-80.809288
2620881;-80.623840
2622933;-80.437599
2624898;-80.250534
2626899;-80.062714
2628896;-79.874077
2630903;-79.684669
2632896;-79.684669
2634913;-79.303474
2636880;-79.111710
2638880;-78.919151
2640878;-78.725830
2642874;-78.531708
2644914;-78.336838
2646878;-78.141197
2648877;-77.944756
2650874;-77.747574
2652875;-77.648659
2654881;-77.350876
2656915;-77.151367
2658902;-76.951126
2660901;-76.750122
2662895;-76.548340
2664894;-76.345825
2666914;-76.142525
2668879;-75.938507
2670873;-75.733742
2672873;-75.631042
2674877;-75.321938
2676876;-75.114906
2678912;-74.907158
2680902;-74.698639
2682895;-74.489418
2684893;-74.279465
2686898;-74.068741
2688906;-73.857323
2690879;-73.645142
2692872;-73.538795
2694874;-73.218666
2696876;-73.004303
2699051;-72.789261
2700905;-72.573471
2702899;-72.356987
2704893;-72.139763
2706898;-71.921860
2708895;-71.703247
2710916;-71.483887
2712898;-71.373962
2714898;-71.043098
2716892;-70.821671
2718893;-70.599533
2720917;-70.376678
2722880;-70.153191
2724878;-69.928940
2726880;-69.704033
2728875;-69.478439
2730876;-69.252129
2732916;-69.025169
2734898;-68.797493
2736892;-68.569168
2738893;-68.340134
2740897;-68.110466
2742912;-67.880119
2744872;-67.649063
2746877;-67.417389
2748873;-67.185005
2750878;-67.068581
2752875;-66.835243
2754916;-66.483955
2756898;-66.248970
2758898;-66.013298
2760901;-65.777000
2762897;-65.540024
2764913;-65.302437
2766878;-65.064201
2768874;-64.825294
2770880;-64.585785
2772874;-64.465782
2774879;-64.104805
2776918;-63.863392
2778899;-63.621307
2780898;-63.378628
2782891;-63.135292
2784893;-62.891365
2786916;-62.646778
2788881;-62.401615
2790876;-62.155830
2792872;-62.032677
2794875;-61.662399
2796871;-61.414749
2798907;-61.166527
2800899;-60.917706
2802895;-60.668243
2804893;-60.418217
2806892;-60.167564
2808910;-59.916348
2810872;-59.664505
2812876;-59.538383
2814872;-59.159134
2816878;-58.905529
2818951;-58.651386
2820901;-58.396626
2822895;-58.141327
2824891;-57.885448
2826894;-57.628967
2828896;-57.371990
2830911;-57.114376
2832896;-56.985371
2834896;-56.597485
2836894;-56.338223
2838898;-56.078403
2840917;-55.817993
2842878;-55.557068
2844878;-55.295555
2846875;-55.033539
2848879;-54.770977
2850879;-54.507839
2852913;-54.244198
2854899;-53.979980
2856896;-53.715279
2858892;-53.450001
2860893;-53.184235
2862911;-52.917946
2864873;-52.651096
2866881;-52.383762
2868875;-52.115868
2870876;-51.847504
2872874;-51.713135
2874913;-51.309212
2876895;-51.039322
2878895;-50.768887
2880896;-50.497990
2882898;-50.226559
2884915;-49.954666
2886877;-49.682285
2888875;-49.409370
2890879;-49.136013
2892874;-48.999153
2894877;-48.587799
2896914;-48.312996
2898897;-48.037670
2900899;-47.899849
2902901;-47.485641
2904896;-47.208942
2906906;-46.931778
2908911;-46.654110
2910900;-46.376026
2912893;-46.236767
2914891;-45.818439
2916897;-45.538944
2918908;-45.259045
2920881;-44.978695
2922877;-44.697865
2924873;-44.416630
2926881;-44.134918
2928877;-43.852810
2930913;-43.570271
2932898;-43.428795
2934892;-43.003864
2936889;-42.720039
2938894;-42.435799
2940916;-42.151093
2942876;-41.866016
2944871;-41.580528
2946873;-41.294582
2948875;-41.008274
2950912;-40.721519
2952879;-40.578011
2954876;-40.146889
2956872;-39.858932
2958879;-39.570629
2960877;-39.281891
2962901;-38.992809
2964886;-38.703300
2966873;-38.413452
2968878;-38.123226
2970878;-37.832577
2973055;-37.541599
2974902;-37.250210
2976902;-37.104397
2978894;-36.666412
2980903;-36.373924
2982889;-36.081123
2984909;-35.787922
2986884;-35.494415
2988878;-35.200508
2990879;-34.906300
2992879;-34.759064
2994871;-34.316807
2996916;-34.021576
2998897;-33.725964
3000899;-33.430061
3002898;-33.133827
3004892;-32.837227
3006912;-32.540344
3008877;-32.243095
3010877;-31.945574
3012872;-31.796694
3014880;-31.349543
3016948;-31.051085
3018899;-30.752274
3020899;-30.453205
3022889;-30.153790
3024892;-29.854124
3026895;-29.554165
3028897;-29.253864
3030877;-28.953323
3032874;-28.802944
3034872;-28.351339
3036881;-28.049904
3039057;-27.748236
3040909;-27.446297
3042893;-27.144039
3044890;-26.841604
3046893;-26.538816
3048894;-26.235809
3050906;-26.084209
3052881;-25.780769
3054877;-25.325203
3056872;-25.021133
3058875;-24.716862
3060917;-24.412348
3062883;-24.107544
3064873;-23.802551
3066871;-23.497276
3068875;-23.191816
3070879;-22.886080
3072916;-22.580164
3074897;-22.274027
3076889;-21.967623
3078894;-21.661047
3080896;-21.354214
3082909;-21.047215
3084879;-20.740007
3086872;-20.432549
3088875;-20.124935
3090878;-19.817076
3092877;-19.663097
3094911;-19.200823
3096899;-18.892433
3098892;-18.583858
3100901;-18.275051
3102894;-17.966110
3104911;-17.656948
3106878;-17.347656
3108877;-17.038193
3110874;-16.728516
3112874;-16.573639
3114873;-16.108715
3116901;-15.798600
3118877;-15.488279
3120876;-15.177855
3122883;-14.867279
3124877;-14.556509
3126915;-14.245645
3128882;-13.934591
3130882;-13.623447
3132874;-13.467825
3134877;-13.000711
3136877;-12.689175
3138917;-12.377464
3140901;-12.065679
3142901;-11.753728
3144895;-11.441707
3146891;-11.129574
3148915;-10.817284
3150877;-10.504933
3152879;-10.348720
3154874;-9.879926
3156876;-9.567274
3158876;-9.254481
3160917;-8.941644
3162902;-8.628671
3164902;-8.315660
3166896;-8.002520
3168896;-7.689348
3170919;-7.376100
3172876;-7.219401
3174880;-6.749341
3176877;-6.435838
3178874;-6.122317
3180877;-5.808736
3182916;-5.495050
3184900;-5.181358
3186896;-4.867567
3188896;-4.553775
3190896;-4.239939
3192915;-3.926013
3194879;-3.612096
3196877;-3.298096
3198876;-2.984111
3200878;-2.827107
3202873;-2.356008
3204909;-2.041943
3206898;-1.727811
3208895;-1.413710
3210900;-1.099547
3212895;-0.942485
3214905;-0.471287
3216882;-0.157100
3218877;0.157080
3220874;0.471237
3222875;0.785390
3224872;1.099535
3226914;1.413669
3228897;1.727790
3230900;2.041893
3232898;2.355976
3234896;2.670036
3236913;2.984070
3238879;3.298074
3240879;3.612046
3242878;3.925981
3244876;4.239879
3247055;4.553734
3248899;4.867544
3250898;5.181307
3252892;5.495018
3254890;5.808674
3256897;6.122274
3258915;6.435814
3260900;6.749289
3262893;7.062697
3264897;7.376038
3266898;7.689305
3268914;8.002495
3270879;8.315607
3272876;8.472132
3274873;8.941581
3276875;9.254436
3278873;9.567202
3280916;9.879873
3282903;10.192444
3284896;10.504917
3286894;10.817286
3288896;11.129548
3290914;11.441700
3292870;11.597733
3294878;12.065662
3296870;12.377467
3298877;12.689150
3300880;13.000705
3302917;13.312133
3304895;13.623430
3306896;13.934594
3308892;14.245617
3310892;14.556500
3312910;14.867243
3314877;15.177837
3316871;15.488280
3318878;15.798573
3320877;16.108707
3323072;16.418684
3324899;16.728498
3326894;17.038149
3328897;17.347628
3330907;17.656937
3332893;17.966076
3334908;18.275032
3336876;18.583811
3338881;18.892406
3340871;19.200811
3342876;19.509031
3344871;19.817057
3346911;20.124889
3348897;20.432520
3350901;20.586262
3352895;21.047176
3354900;21.354193
3356914;21.660999
3358878;21.967592
3360874;22.273970
3362872;22.580126
3364877;22.886059
3366915;23.191769
3368883;23.497246
3370880;23.802494
3372874;23.955029
3374871;24.412279
3376873;24.716812
3378915;25.021099
3380901;25.325144
3382897;25.628939
3384896;25.932476
3386893;26.235760
3388910;26.538784
3390886;26.841545
3392872;27.144045
3394871;27.446274
3396872;27.748230
3398956;28.049919
3400906;28.351324
3402899;28.652456
3404895;28.953299
3406894;29.253859
3408892;29.554132
3410911;29.854111
3412881;30.153793
3414877;30.453184
3416877;30.752268
3418873;31.051052
3420914;31.349527
3422881;31.647697
3424879;31.945551
3426879;32.243092
3428880;32.540310
3430878;32.837208
3432911;33.133785
3434896;33.430038
3436888;33.725952
3438892;34.021542
3440899;34.316792
3442913;34.611706
3444880;34.906273
3446875;35.200500
3448879;35.494377
3450877;35.787907
3452880;35.934536
3454914;36.373901
3456898;36.666363
3458892;36.958458
3460897;37.250191
3462891;37.541557
3464908;37.832550
3466876;38.123173
3468883;38.413418
3470875;38.703281
3472880;38.848072
3474875;39.281864
3476913;39.570580
3478889;39.858898
3480896;40.146824
3482899;40.434357
3484893;40.721493
3486913;41.008221
3488874;41.294548
3490872;41.580467
3492875;41.723270
3494875;42.151066
3496880;42.435749
3498915;42.720005
3500906;42.861973
3502895;43.287258
3504894;43.570240
3506890;43.852798
3508922;44.134922
3510876;44.416611
3512873;44.557289
3514874;44.978668
3516876;45.259033
3518877;45.538948
3520911;45.818417
3522897;46.097435
3524896;46.375996
3526896;46.654099
3528895;46.931744
3530920;47.208927
3532880;47.347336
3534870;47.761883
3536879;48.037659
3538880;48.312958
3540876;48.587780
3542915;48.862122
3544895;49.135986
3546897;49.409363
3548894;49.682243
3550893;49.954647
3552923;50.226551
3554883;50.497963
3556877;50.768871
3558874;51.039284
3560870;51.309193
3562877;51.578583
3564915;51.847477
3566895;52.115856
3568895;52.383720
3570894;52.651070
3572901;52.917896
3574921;53.184204
3576879;53.449982
3578874;53.715237
3580877;53.979958
3582882;54.244156
3584882;54.507809
3586913;54.770924
3588900;55.033501
3590893;55.295532
3592892;55.557018
3594894;55.817963
3596954;56.078350
3598894;56.338184
3600898;56.597466
3602889;56.856178
3604892;57.114338
3606897;57.371937
3608908;57.628967
3610886;57.885426
3612875;58.013447
3614872;58.396633
3616877;58.651371
3618912;58.905529
3620877;59.159111
3622872;59.412106
3624875;59.664516
3626874;59.916336
3628878;60.167557
3630921;60.418190
3632897;60.543285
3634896;60.917671
3636893;61.166508
3638894;61.414749
3640905;61.662376
3642877;61.909389
3644873;62.155800
3646870;62.401592
3648870;62.646778
3650959;62.891342
3652898;63.135277
3654897;63.378597
3656894;63.621284
3658892;63.863350
3660900;64.104782
3662902;64.345589
3664877;64.585754
3666870;64.825279
3668876;65.064171
3670875;65.302414
3672911;65.540009
3674879;65.776978
3676869;66.013275
3678871;66.248932
3680877;66.483932
3682877;66.718277
3684915;66.951958
3686877;67.184982
3688873;67.417351
3690878;67.649040
3692880;67.880074
3694880;68.110428
3696911;68.340118
3698896;68.569130
3700901;68.797462
3702892;69.025124
3704897;69.252098
3706900;69.478394
3708879;69.703995
3710873;69.928909
3712875;70.041107
3714873;70.376678
3716939;70.599518
3718901;70.821655
3720901;71.043106
3722897;71.263847
3724894;71.483887
3726896;71.593643
3728917;71.921852
3730878;72.139778
3732872;72.248459
3734881;72.573471
3736880;72.789238
3738917;73.004303
3740878;73.218636
3742873;73.432251
3744876;73.645142
3746875;73.857300
3748876;74.068741
3750916;74.279442
3752897;74.384514
3754898;74.698639
3756900;74.907135
3758893;75.114891
3760913;75.321915
3762887;75.528183
3764881;75.733711
3766881;75.938484
3768875;76.142517
3770883;76.345795
3772913;76.548325
3774896;76.750092
3776888;76.951103
3778895;77.151352
3780895;77.350845
3782916;77.549568
3784879;77.747536
3786879;77.944733
3788876;78.141159
3790877;78.336807
3792879;78.434349
3794916;78.725800
3796897;78.919128
3798890;79.111679
3800898;79.207657
3802893;79.494438
3804910;79.684631
3806877;79.874054
3808879;80.062675
3810875;80.250511
3812869;80.344131
3814876;80.623810
3816915;80.809273
3818902;80.993927
3820904;81.177780
3822897;81.360840
3824895;81.543091
3826914;81.724548
3828872;81.905190
3830872;82.085022
3832872;82.174637
3834872;82.442261
3836875;82.619659
3838917;82.796242
3840905;82.972015
3842890;83.146957
3844896;83.321083
3846891;83.494392
3848912;83.666870
3850877;83.838524
3852876;83.924042
3854868;84.179352
3856880;84.348526
3858883;84.516853
3860913;84.684349
3862896;84.851013
3864897;85.016846
3866890;85.181831
3868894;85.345985
3870913;85.509285
3872878;85.590622
3874880;85.833366
3876884;85.994133
3878878;86.154045
3880877;86.313118
3882907;86.471336
3884898;86.628700
3886897;86.785210
3888896;86.940865
3890897;87.095657
3892908;87.249596
3894873;87.402672
3896875;87.554886
3898874;87.706230
3900872;87.856712
3902877;88.006325
3904915;88.155075
3906900;88.302948
3908896;88.449944
3910896;88.596085
3912896;88.668823
3914910;88.885719
3916881;89.029221
3918877;89.171852
3920876;89.313599
3922876;89.454460
3924880;89.594444
3926912;89.733536
3928899;89.871750
3930897;90.009079
3932896;90.077400
3934888;90.281052
3936911;90.415710
3938872;90.549469
3940880;90.682343
3942871;90.814316
3944868;90.945389
3946876;91.075569
3948910;91.204857
3950896;91.269150
3952896;91.397087
3954899;91.587296
3956896;91.712967
3958916;91.837730
3960878;91.961594
3962877;92.084541
3964873;92.206589
3966876;92.327728
3968877;92.447952
3970917;92.567261
3972896;92.626572
3974896;92.803139
3976892;92.919708
3978892;93.035355
3980914;93.150093
3982880;93.263908
3984876;93.376793
3986878;93.488762
3988878;93.599808
3990878;93.709930
3992912;93.819130
3994878;93.927406
3996874;94.034752
3998875;94.141167
4000878;94.246658
4003079;94.351212
4004898;94.454842
4006894;94.557541
4008896;94.659302
4010900;94.760132
4012899;94.810196
4014913;94.958969
4016873;95.056992
4018876;95.154076
4020874;95.250214
4022872;95.345421
4024923;95.439682
4026910;95.532997
4028903;95.625374
4030900;95.716805
4032893;95.762169
4034899;95.896835
4036914;95.985428
4038881;96.073074
4040875;96.159775
4042877;96.245529
4044876;96.330322
4046881;96.414169
4048912;96.497070
4050903;96.579018
4052899;96.660011
4054892;96.740051
4056894;96.819130
4058914;96.897263
4060877;96.974442
4062874;97.050652
4064873;97.125908
4066875;97.200203
4068874;97.273544
4070917;97.345917
4072901;97.381752
4074894;97.487793
4076897;97.557297
4078894;97.625824
4080912;97.693390
4082879;97.759995
4084878;97.825638
4086879;97.890305
4088883;97.954018
4091033;98.016754
4092899;98.047760
4094893;98.139336
4096890;98.199173
4098890;98.258034
4100897;98.287109
4102913;98.372864
4104895;98.428818
4106895;98.483810
4108890;98.537819
4110894;98.590858
4112914;98.642929
4114882;98.694023
4116877;98.744141
4118875;98.793289
4120879;98.841454
4122868;98.888649
4124911;98.934868
4126897;98.980110
4128897;99.024376
4130897;99.067665
4132894;99.109970
4134912;99.151306
4136884;99.191658
4138873;99.231033
4140874;99.269432
4142880;99.306847
4144883;99.343285
4146917;99.378738
4148898;99.413208
4150902;99.446701
4152891;99.479218
4154891;99.510742
4156913;99.541290
4158878;99.570862
4160872;99.599442
4162870;99.627037
4164873;99.653656
4166868;99.679283
4168913;99.703934
4170900;99.727600
4172895;99.750282
4174892;99.771973
4176897;99.792686
4178915;99.812408
4180874;99.831154
4182876;99.848907
4184876;99.865685
4186872;99.881462
4188877;99.896263
4190919;99.910072
4192893;99.922905
4194893;99.934746
4196892;99.945602
4198896;99.955467
4200914;99.964348
4202878;99.972244
4204878;99.979149
4206874;99.985077
4208873;99.990005
4210883;99.993958
4212913;99.996918
4214892;99.998894
4216895;99.999878
4218897;99.999878
4220898;99.998894
4222917;99.996918
4224877;99.993958
4226874;99.990005
4228880;99.985077
4230881;99.979149
4232879;99.975815
4234916;99.964348
4236898;99.955467
4238893;99.945602
4240897;99.934746
4242894;99.922905
4244917;99.910072
4246881;99.896263
4248872;99.881462
4250879;99.873695
4252877;99.857422
4254876;99.831154
4256915;99.812408
4258897;99.792686
4260896;99.771973
4262896;99.750282
4264894;99.727600
4266903;99.703941
4268871;99.679283
4270880;99.653656
4272874;99.640472
4274875;99.599442
4276874;99.570862
4278915;99.541298
4280903;99.510750
4282897;99.479218
4284893;99.446701
4286895;99.413208
4288909;99.378738
4290875;99.343285
4292874;99.325188
4294874;99.269432
4296874;99.231033
4298874;99.191666
4300910;99.151306
4302897;99.109978
4304889;99.067673
4306895;99.024376
4308893;98.980110
4310906;98.934868
4312879;98.911888
4314870;98.841461
4316877;98.793289
4318878;98.744141
4320956;98.694023
4322895;98.642929
4324893;98.590866
4326892;98.537819
4328895;98.483810
4330899;98.428818
4332913;98.372864
4334897;98.315941
4336890;98.258041
4338890;98.199173
4340897;98.139343
4342912;98.078529
4344878;98.016754
4346879;97.954018
4348871;97.890312
4350876;97.825638
4352871;97.792938
4354914;97.693398
4356897;97.625824
4358898;97.557297
4360898;97.487801
4362899;97.417343
4364917;97.345932
4366874;97.273544
4368878;97.200211
4370873;97.125916
4372878;97.088402
4374878;96.974442
4376914;96.897270
4378896;96.819138
4380901;96.740051
4382895;96.660019
4384894;96.579018
4386919;96.497078
4388882;96.414177
4390877;96.330330
4392874;96.288048
4394874;96.159782
4396877;96.073082
4398913;95.985428
4400901;95.941254
4402895;95.807297
4404892;95.716812
4406893;95.625374
4408906;95.533005
4410877;95.439682
4412873;95.392670
4414872;95.250221
4416875;95.154076
4418872;95.057007
4420916;94.958984
4422899;94.860031
4424895;94.760132
4426899;94.659302
4428895;94.557549
4430912;94.454849
4432882;94.403152
4434878;94.246666
4436878;94.141174
4438879;94.034752
4440954;93.927414
4442899;93.819138
4444897;93.709938
4446897;93.599823
4448892;93.488770
4450897;93.376801
4452908;93.263916
4454877;93.150101
4456874;93.035362
4458875;92.919716
4460871;92.803146
4462916;92.685661
4464877;92.567268
4466877;92.447952
4468873;92.327728
4470875;92.206596
4472872;92.084557
4474910;91.961601
4476897;91.899780
4478895;91.712967
4480899;91.587296
4482897;91.460724
4484911;91.333237
4486880;91.204857
4488881;91.075584
4490877;90.945396
4492873;90.879974
4495079;90.682343
4496898;90.549477
4498896;90.415726
4500898;90.281067
4502898;90.145515
4504890;90.009079
4506912;89.871750
4508897;89.733551
4510900;89.594452
4512890;89.524567
4514896;89.313599
4516914;89.171860
4518879;89.029228
4520871;88.885727
4522878;88.741348
4524878;88.596085
4526874;88.449951
4528914;88.302948
4530900;88.155067
4532891;88.080811
4534891;87.856712
4536897;87.706230
4538916;87.554893
4540879;87.402679
4542875;87.249603
4544878;87.095680
4546876;86.940880
4548877;86.785217
4550915;86.707069
4552893;86.550140
4554892;86.313126
4556894;86.154068
4558897;85.994141
4560916;85.833374
4562876;85.671753
4564876;85.509285
4566874;85.345985
4568877;85.181847
4570880;85.016853
4572915;84.851021
4574898;84.684357
4576897;84.516853
4578893;84.348511
4580902;84.179352
4582915;84.009354
4584875;83.838524
4586873;83.666870
4588875;83.494385
4590873;83.321075
4592874;83.146980
4594910;82.972023
4596895;82.796249
4598900;82.619667
4600902;82.442268
4602895;82.264053
4604911;82.085037
4606876;81.905197
4608878;81.724556
4610882;81.543098
4612877;81.452087
4614972;81.177780
4616902;80.993942
4618898;80.809280
4620900;80.623817
4622893;80.437561
4624893;80.250511
4626911;80.062675
4628900;79.874062
4630899;79.684647
4632889;79.589630
4634895;79.303452
4636913;79.111679
4638877;78.919128
4640876;78.725800
4642874;78.531693
4644873;78.336807
4646874;78.141167
4648911;77.944740
4650901;77.747559
4652895;77.648666
4654895;77.350861
4656895;77.151367
4658911;76.951111
4660880;76.750099
4662874;76.548340
4664873;76.345810
4666873;76.142532
4668872;75.938499
4670910;75.733719
4672896;75.631050
4674894;75.321922
4676892;75.114906
4678896;74.907150
4680912;74.698647
4682883;74.489410
4684879;74.279442
4686872;74.068748
4688879;73.857307
4690881;73.645142
4692916;73.432251
4694897;73.218636
4696897;73.004295
4698897;72.789253
4700896;72.681442
4702903;72.356995
4704880;72.139786
4706872;71.921860
4708870;71.703232
4710879;71.483910
4712960;71.263863
4714901;71.043121
4716898;70.821671
4718897;70.599525
4720898;70.376678
4722894;70.153160
4724904;69.928932
4726884;69.704010
4728873;69.478401
4730875;69.252106
4732875;69.138702
4734911;68.797478
4736875;68.569145
4738876;68.340126
4740877;68.110435
4742877;67.880074
4744873;67.649040
4746915;67.417358
4748895;67.184998
4750901;66.951965
4752892;66.835213
4754893;66.483948
4756912;66.248940
4758878;66.013298
4760882;65.776993
4762871;65.540031
4764874;65.302429
4767079;65.064178
4768905;64.825287
4770900;64.585777
4772891;64.465759
4774892;64.104805
4776895;63.863361
4778918;63.621296
4780900;63.378597
4782895;63.135296
4784893;62.891354
4786894;62.646790
4788985;62.401604
4790905;62.155807
4792893;62.032688
4794893;61.662388
4796896;61.414753
4798897;61.166519
4800919;60.917675
4802882;60.668228
4804877;60.418213
4806879;60.167568
4808877;59.916359
4810877;59.664536
4812910;59.412121
4814899;59.159122
4816893;58.905560
4818892;58.651394
4820898;58.396656
4822908;58.141335
4824873;57.885437
4826876;57.628979
4828876;57.371964
4830871;57.114365
4833005;56.856201
4834902;56.597477
4836900;56.338192
4838897;56.078358
4840901;55.817978
4842895;55.557037
4844910;55.295544
4846898;55.033512
4848893;54.770927
4850895;54.639446
4852897;54.376053
4854911;53.979977
4856878;53.715248
4858881;53.449989
4860880;53.184204
4862875;52.917915
4864876;52.651100
4866917;52.383751
4868893;52.115883
4870900;51.847500
4872896;51.713127
4874896;51.309196
4876969;51.039307
4878902;50.768894
4880901;50.497978
4882891;50.226570
4884895;49.954655
4886896;49.682255
4888915;49.409382
4890878;49.136005
4892874;48.999119
4894874;48.587791
4896876;48.312962
4899075;48.037659
4900908;47.761898
4902890;47.485649
4904895;47.208931
4906895;46.931747
4908898;46.654099
4910914;46.375992
4912898;46.236778
4914901;45.818428
4916900;45.538975
4918897;45.259052
4920915;44.978683
4922876;44.697872
4924878;44.416637
4926875;44.134945
4928876;43.852818
4930877;43.570255
4932903;43.287266
4934882;43.003849
4936877;42.720028
4938874;42.435760
4940876;42.151081
4942949;41.865982
4944898;41.580467
4946890;41.294567
4948891;41.008240
4950898;40.721504
4952890;40.434368
4954906;40.146832
4956877;39.858898
4958872;39.570599
4960871;39.281879
4962876;38.992775
4965081;38.703285
4966898;38.413418
4968897;38.123165
4970895;37.832584
4972895;37.541588
4974896;37.250214
4976913;36.958477
4978877;36.666374
4980876;36.373913
4982883;36.081112
4984872;35.787930
4986913;35.494400
4988881;35.200516
4990870;34.906284
4992875;34.759052
4994880;34.316818
4996872;34.021561
4998914;33.725971
5000905;33.578037
5002899;33.133793
5004897;32.837212
5006895;32.540329
5009035;32.243107
5010900;31.945559
5012895;31.647699
5014892;31.349527
5016892;31.051048
5018892;30.752283
5020899;30.453190
5022883;30.153799
5024879;29.854134
5026874;29.554150
5028872;29.253874
5030912;28.953331
5032879;28.802931
5034871;28.351349
5036872;28.049934
5038874;27.748245
5040873;27.446281
5042915;27.144072
5044881;26.841568
5046876;26.538801
5048872;26.235771
5050875;25.932482
5052916;25.628939
5054877;25.325165
5056880;25.021118
5058878;24.716824
5060875;24.412287
5062872;24.107508
5064910;23.802490
5066898;23.497261
5068899;23.191778
5070898;22.886066
5072896;22.580128
5074911;22.273966
5076877;21.967585
5078876;21.661034
5080876;21.354221
5082870;21.047199
5084870;20.739969
5086912;20.432533
5088897;20.124922
5090901;19.817085
5092898;19.509054
5094892;19.200832
5096914;18.892418
5098881;18.583818
5100877;18.275061
5102872;17.966097
5104875;17.656956
5107071;17.347641
5108904;17.038157
5110900;16.728500
5112903;16.418705
5114897;16.108725
5116896;15.798585
5118915;15.488288
5120880;15.177840
5122877;14.867240
5124877;14.556519
5126875;14.245629
5128917;13.934599
5130877;13.623433
5132879;13.467834
5134882;13.000721
5136876;12.689183
5138881;12.377496
5140915;12.065687
5142895;11.753759
5144897;11.441715
5146895;11.129559
5148895;10.817315
5150915;10.661130
5152897;10.348703
5154889;9.879887
5156894;9.567211
5158895;9.254441
5160918;8.941605
5162883;8.628655
5164872;8.315620
5166877;8.002504
5168879;7.689308
5170883;7.376037
5172913;7.062716
5174895;6.749302
5176897;6.435822
5178898;6.122278
5180898;5.808673
5182915;5.495012
5184877;5.181319
5186874;4.867576
5188874;4.553761
5190873;4.239901
5192874;4.082967
5194918;3.612057
5196895;3.298105
5198894;2.984096
5200903;2.670057
5202893;2.355993
5204913;2.041904
5206881;1.727796
5208879;1.413695
5210877;1.099556
5212876;0.942470
5214877;0.471248
5216912;0.157085
5218900;-0.157079
5220899;-0.471218
5222896;-0.785375
5224897;-1.099525
5226915;-1.256585
5228878;-1.727790
5230876;-2.041898
5232874;-2.198933
5234872;-2.670027
5236875;-2.984066
5238916;-3.298074
5240895;-3.612027
5242893;-3.925944
5244896;-4.239846
5246895;-4.553706
5248919;-4.867522
5250881;-5.181289
5252871;-5.338142
5254876;-5.808643
5256871;-6.122248
5258874;-6.435792
5260914;-6.749272
5262882;-7.062686
5264878;-7.376031
5266873;-7.689279
5268878;-8.002474
5270915;-8.315591
5272881;-8.472131
5274875;-8.941574
5276870;-9.254436
5278868;-9.567182
5280875;-9.879857
5282917;-10.192435
5284896;-10.504911
5286893;-10.817286
5288898;-11.129552
5290902;-11.441686
5292910;-11.753706
5294880;-12.065634
5296878;-12.377443
5298872;-12.689130
5300878;-12.844914
5302877;-13.312101
5304915;-13.623403
5306894;-13.934570
5308894;-14.245600
5310896;-14.556490
5312898;-14.867234
5314912;-15.177811
5316883;-15.488259
5318870;-15.798555
5320870;-16.108694
5322875;-16.418676
5324981;-16.728497
5326902;-17.038126
5328896;-17.347612
5330897;-17.656927
5332894;-17.811506
5334893;-18.275030
5336916;-18.583813
5338896;-18.892389
5340903;-19.200802
5342896;-19.509026
5344896;-19.817057
5346912;-20.124868
5348876;-20.432505
5350881;-20.739916
5352871;-20.893570
5354880;-21.354168
5356880;-21.660980
5358915;-21.967579
5360901;-22.273960
5362894;-22.580097
5364896;-22.886036
5366898;-23.191748
5368915;-23.497232
5370884;-23.802485
5372874;-23.955011
5374874;-24.412256
5376874;-24.716795
5378877;-25.021088
5380917;-25.325138
5382896;-25.628933
5384894;-25.932476
5386895;-26.235741
5388895;-26.538771
5390920;-26.841539
5392874;-26.992813
5394875;-27.446276
5396877;-27.748240
5398873;-28.049908
5400873;-28.351297
5402908;-28.652430
5404879;-28.953281
5406876;-29.253843
5408880;-29.554098
5410881;-29.854084
5413077;-30.153772
5414901;-30.453163
5416896;-30.752254
5418898;-31.051043
5420900;-31.349501
5422895;-31.647673
5424907;-31.945532
5426900;-32.243076
5428891;-32.540302
5430901;-32.837208
5432901;-32.985527
5434913;-33.430019
5436876;-33.725945
5438877;-34.021534
5440876;-34.316792
5442874;-34.611706
5444877;-34.906258
5446916;-35.200489
5448894;-35.494373
5450898;-35.641193
5452891;-35.934525
5454891;-36.373882
5456911;-36.666325
5458879;-36.958427
5460879;-37.250168
5462874;-37.541534
5464877;-37.832535
5466874;-38.123161
5468912;-38.413387
5470900;-38.703259
5472894;-38.848064
5474891;-39.281853
5476891;-39.570568
5478917;-39.858894
5480879;-40.146805
5482874;-40.434341
5484870;-40.721478
5486873;-41.008209
5488871;-41.294540
5490916;-41.580467
5492896;-41.723259
5494894;-42.151054
5496891;-42.435734
5498896;-42.720001
5500921;-43.003841
5502876;-43.287262
5504873;-43.570229
5506879;-43.852791
5508874;-44.134895
5510875;-44.416592
5512912;-44.697845
5514898;-44.978657
5516895;-45.259007
5518892;-45.538925
5520895;-45.818401
5522913;-46.097420
5524876;-46.375988
5526875;-46.654095
5528875;-46.931721
5530870;-47.208904
5533090;-47.485622
5534907;-47.761871
5536899;-48.037647
5538894;-48.312950
5540890;-48.587757
5542895;-48.862106
5544914;-49.135971
5546898;-49.409351
5548898;-49.682243
5550898;-49.954624
5552894;-50.090652
5554912;-50.497948
5556877;-50.768864
5558878;-51.039280
5560874;-51.309193
5562873;-51.578552
5564875;-51.847446
5566916;-52.115829
5568899;-52.383698
5570900;-52.651054
5572892;-52.784519
5574894;-53.184174
5576919;-53.449959
5578877;-53.715218
5580881;-53.979946
5582874;-54.244137
5584875;-54.507797
5586875;-54.770897
5588913;-55.033482
5590898;-55.295517
5592898;-55.557007
5594897;-55.817951
5596891;-56.078346
5598917;-56.338161
5600879;-56.467884
5602876;-56.856174
5604874;-57.114334
5606879;-57.371933
5608870;-57.628967
5610917;-57.885414
5612899;-58.013439
5614896;-58.396626
5616893;-58.651344
5618891;-58.905514
5620916;-59.159096
5622881;-59.412075
5624879;-59.664490
5626872;-59.916313
5628879;-60.167545
5630879;-60.418182
5632912;-60.668224
5634893;-60.793011
5636892;-61.166489
5638894;-61.414730
5640899;-61.662357
5642981;-61.909382
5644899;-62.155796
5646894;-62.401573
5648895;-62.646759
5650897;-62.891323
5652898;-63.013363
5654913;-63.378590
5656878;-63.621284
5658873;-63.863338
5660874;-64.104774
5662879;-64.345573
5664917;-64.585747
5666876;-64.825279
5668875;-65.064171
5670883;-65.302383
5672878;-65.421280
5674876;-65.776947
5676914;-66.013260
5678901;-66.248917
5680902;-66.483917
5682893;-66.718254
5684888;-66.951942
5686916;-67.184967
5688875;-67.417336
5690875;-67.649033
5692873;-67.764626
5694877;-68.110413
5696875;-68.340096
5698917;-68.569115
5700902;-68.797455
5702893;-69.025116
5704890;-69.252083
5706896;-69.478378
5708914;-69.703987
5710887;-69.928902
5712882;-70.041100
5714876;-70.376678
5716877;-70.599503
5718872;-70.821648
5720917;-71.043098
5722896;-71.263847
5724890;-71.483871
5726892;-71.703209
5728893;-71.921829
5730917;-72.139755
5732895;-72.356949
5734895;-72.573456
5736898;-72.789230
5738892;-73.004295
5740991;-73.218613
5742901;-73.432228
5744896;-73.645126
5746890;-73.857292
5748897;-74.068726
5750896;-74.174164
5752917;-74.489388
5754894;-74.698624
5756895;-74.907127
5758896;-75.114883
5760899;-75.321899
5762913;-75.528183
5764875;-75.733711
5766879;-75.938477
5768873;-76.142525
5770879;-76.345787
5772872;-76.447144
5774911;-76.750092
5776899;-76.951096
5778895;-77.151337
5780899;-77.350845
5782897;-77.549561
5784989;-77.747513
5786897;-77.944717
5788895;-78.141136
5790900;-78.336807
5792893;-78.531677
5794893;-78.725777
5796910;-78.919121
5798882;-79.111656
5800871;-79.303444
5802879;-79.494415
5804879;-79.684639
5806967;-79.874046
5808897;-80.062660
5810899;-80.250511
5812897;-80.437546
5814896;-80.623817
5816895;-80.809258
5818918;-80.993912
5820884;-81.177780
5822872;-81.360832
5824878;-81.543098
5826875;-81.724533
5828914;-81.905197
5830875;-82.085022
5832875;-82.174629
5834873;-82.442261
5836871;-82.619652
5838874;-82.796249
5840922;-82.972008
5842901;-83.146942
5844899;-83.321091
5846897;-83.494377
5848898;-83.666878
5850916;-83.838524
5852878;-83.924034
5854871;-84.179352
5856872;-84.348511
5858876;-84.516838
5860877;-84.684326
5862915;-84.851006
5864899;-85.016823
5866893;-85.181801
5868893;-85.345963
5870897;-85.509262
5872914;-85.671738
5874879;-85.833344
5876871;-85.994102
5878876;-86.154037
5880872;-86.313095
5882932;-86.471329
5884907;-86.628685
5886898;-86.785210
5888900;-86.940849
5890898;-87.095634
5892896;-87.249588
5894914;-87.402657
5896880;-87.554878
5898875;-87.706215
5900876;-87.781563
5902873;-88.006317
5904973;-88.155052
5906904;-88.302948
5908895;-88.449944
5910901;-88.596085
5912897;-88.741333
5914895;-88.885704
5916917;-89.029221
5918881;-89.171837
5920875;-89.313599
5922877;-89.454453
5924873;-89.594421
5926883;-89.733536
5928912;-89.871742
5930902;-90.009079
5932894;-90.077400
5934894;-90.281067
5936897;-90.415703
5938909;-90.549461
5940877;-90.682343
5942877;-90.814308
5944873;-90.945396
5946878;-91.075569
5949086;-91.204849
5950901;-91.333237
5952896;-91.397079
5954892;-91.587296
5956894;-91.712967
5958898;-91.837738
5960906;-91.961601
5962875;-92.084541
5964873;-92.206596
5966872;-92.327705
5968880;-92.447945
5970973;-92.567245
5972903;-92.685638
5974895;-92.803131
5976895;-92.861526
5978892;-93.035355
5980896;-93.150070
5982917;-93.263885
5984899;-93.376785
5986897;-93.488747
5988894;-93.599800
5990896;-93.709923
5992915;-93.819130
5994876;-93.927399
5996870;-94.034737
5998870;-94.141159
6000875;-94.246643
6002876;-94.351212
6004916;-94.454834
6006895;-94.557526
6008895;-94.659294
6010903;-94.760117
6012889;-94.810196
6014913;-94.958969
6016895;-95.056999
6018895;-95.154068
6020895;-95.250206
6022898;-95.345413
6024916;-95.439674
6026903;-95.532997
6028896;-95.625374
6030901;-95.716789
6032895;-95.762169
6034895;-95.896828
6036915;-95.985428
6038879;-96.073074
6040881;-96.159782
6042874;-96.245522
6044876;-96.330322
6046878;-96.414177
6048915;-96.497070
6050897;-96.538162
6052895;-96.619637
6054893;-96.740044
6056894;-96.819138
6058915;-96.897255
6060875;-96.974442
6062877;-97.050652
6064877;-97.125916
6066872;-97.200203
6069069;-97.273544
6070895;-97.345924
6072894;-97.381752
6074895;-97.487793
6076895;-97.557281
6078895;-97.625809
6080915;-97.693382
6082897;-97.759987
6084894;-97.825630
6086896;-97.890297
6088893;-97.954010
6090909;-98.016754
6092887;-98.047760
6094874;-98.139336
6096877;-98.199165
6098875;-98.258034
6100930;-98.315933
6102911;-98.372856
6104901;-98.428818
6106896;-98.483803
6108895;-98.537811
6110899;-98.590858
6112907;-98.642929
6114882;-98.694023
6116877;-98.744133
6118879;-98.793289
6120871;-98.841454
6122914;-98.888657
6124878;-98.934868
6126878;-98.980103
6128876;-99.024376
6130877;-99.067665
6132879;-99.088936
6134913;-99.151306
6136904;-99.191666
6138895;-99.231033
6140897;-99.269424
6142891;-99.306847
6144911;-99.343285
6146873;-99.378738
6148875;-99.413208
6150875;-99.446701
6152879;-99.463081
6154875;-99.510742
6156914;-99.541298
6158895;-99.570862
6160896;-99.599442
6162896;-99.627037
6164893;-99.653656
6166897;-99.679283
6168914;-99.703934
6170898;-99.727600
6172897;-99.739059
6174899;-99.771973
6176897;-99.792686
6178916;-99.812408
6180903;-99.831161
6182895;-99.848907
6184895;-99.865677
6186891;-99.881462
6188913;-99.896263
6190878;-99.910072
6192878;-99.916611
6194874;-99.934746
6196877;-99.945602
6198877;-99.955460
6200913;-99.960030
6202896;-99.972244
6204894;-99.979149
6206898;-99.985069
6208894;-99.990005
6210909;-99.993958
6212879;-99.995560
6214876;-99.998894
6216880;-99.999878
6218875;-99.999878
6220878;-99.998894
6222911;-99.996918
6224898;-99.993958
6226891;-99.990013
6228892;-99.985077
6230898;-99.979149
6232913;-99.972244
6234878;-99.964348
6236874;-99.955467
6238873;-99.945602
6240883;-99.934746
6243070;-99.922905
6244902;-99.910080
6246896;-99.896263
6248893;-99.881462
6250896;-99.865685
6252893;-99.857422
6254908;-99.831161
6256895;-99.812416
6258892;-99.792686
6260892;-99.771973
6262896;-99.750282
6264913;-99.727600
6266883;-99.703934
6268872;-99.679283
6270882;-99.653656
6272874;-99.640472
6274876;-99.599442
6276917;-99.570862
6278893;-99.541298
6280900;-99.510750
6282893;-99.479218
6284899;-99.446709
6286908;-99.413208
6288883;-99.378738
6290873;-99.343285
6292873;-99.325195
6294875;-99.269440
6296881;-99.231041
6298913;-99.191666
6300899;-99.151314
6302899;-99.109985
6304898;-99.067673
6306892;-99.024384
6308917;-98.980118
6310879;-98.934868
6312872;-98.911888
6314878;-98.841461
6316877;-98.793289
6318872;-98.744148
6320912;-98.694023
6322899;-98.642937
6324898;-98.590866
6326895;-98.537827
6328897;-98.483810
6330918;-98.428825
6332878;-98.400970
6334872;-98.315941
6336872;-98.258049
6338877;-98.199181
6340881;-98.139343
6342912;-98.078537
6344902;-98.016754
6346893;-97.954025
6348898;-97.890312
6350897;-97.858093
6352914;-97.760002
6354883;-97.693398
6356876;-97.625824
6358878;-97.557297
6360879;-97.487801
6362878;-97.417351
6364917;-97.345924
6366900;-97.273552
6368896;-97.200203
6370901;-97.125916
6372898;-97.050652
6374906;-96.974442
6376876;-96.897270
6378874;-96.819138
6380873;-96.740051
6382881;-96.660011
6384915;-96.579018
6386880;-96.497086
6388874;-96.414177
6390877;-96.330330
6392876;-96.288055
6394878;-96.159782
6396905;-96.073074
6398894;-95.985443
6400899;-95.896851
6402898;-95.807304
6404893;-95.716820
6406917;-95.625381
6408878;-95.533012
6410877;-95.439697
6412879;-95.392677
6414878;-95.250237
6416876;-95.154083
6418913;-95.057007
6420902;-94.958984
6422899;-94.860039
6424895;-94.760147
6426893;-94.659309
6428914;-94.557556
6430878;-94.454849
6432875;-94.403160
6434878;-94.246681
6436876;-94.141182
6438871;-94.034767
6440921;-93.927414
6442900;-93.819145
6444892;-93.709961
6446899;-93.599823
6448895;-93.488785
6450917;-93.376801
6452874;-93.320473
6454873;-93.150093
6456872;-93.035370
6458878;-92.919724
6460876;-92.803154
6462915;-92.685677
6464901;-92.567268
6466895;-92.447960
6468893;-92.327744
6470895;-92.206596
6472913;-92.084564
6474884;-91.961601
6476871;-91.837738
6478872;-91.712967
6480876;-91.587296
6482973;-91.460732
6484899;-91.333237
6486889;-91.204865
6488895;-91.075569
6490897;-90.945396
6492899;-90.814331
6494912;-90.682343
6496901;-90.549484
6498899;-90.415703
6500902;-90.348495
6502896;-90.145508
6504911;-90.009079
6506878;-89.871780
6508877;-89.733559
6510879;-89.594475
6512882;-89.524590
6514879;-89.313622
6516909;-89.171890
6518899;-89.029243
6520898;-88.885750
6522890;-88.741356
6524893;-88.596107
6526908;-88.449959
6528881;-88.302971
6530878;-88.155106
6532879;-88.080818
6534877;-87.856735
6536878;-87.706238
6538915;-87.554901
6540897;-87.402702
6542900;-87.249611
6544891;-87.095680
6546890;-86.940872
6548917;-86.785233
6550876;-86.628708
6552876;-86.550140
6554880;-86.313148
6556880;-86.154060
6558878;-85.994148
6560918;-85.833374
6562897;-85.671761
6564890;-85.509315
6566892;-85.345993
6568897;-85.181847
6570918;-85.016846
6572874;-84.934044
6574877;-84.684349
6576876;-84.516861
6578869;-84.348534
6580915;-84.179352
6582878;-84.009369
6584873;-83.838524
6586873;-83.666878
6588875;-83.494408
6590874;-83.321091
6592910;-83.146973
6594883;-82.972008
6596873;-82.796249
6598875;-82.619652
6600877;-82.442261
6602927;-82.264069
6604908;-82.085022
6606895;-81.905197
6608898;-81.724533
6610900;-81.543098
6612897;-81.360855
6614919;-81.177811
6616882;-80.993965
6618873;-80.809288
6620879;-80.623840
6622873;-80.437599
6624930;-80.250534
6626917;-80.062714
6628897;-79.874077
6630901;-79.684669
6632899;-79.494446
6634895;-79.303474
6636911;-79.111710
6638905;-78.919151
6640905;-78.725830
6642892;-78.531708
6644894;-78.336838
6646910;-78.141197
6648876;-77.944756
6650880;-77.846252
6652880;-77.648659
6654868;-77.350876
6656872;-77.151367
6658906;-76.951126
6660878;-76.750122
6662877;-76.548340
6664875;-76.345825
6666877;-76.142525
6668906;-75.938507
6670880;-75.733742
6672877;-75.631042
6674869;-75.321938
6676878;-75.114906
6678878;-74.907158
6680914;-74.698639
6682899;-74.489418
6684896;-74.279465
6686898;-74.068741
6688896;-73.857323
6690986;-73.645142
6692903;-73.432266
6694901;-73.218666
6696892;-73.004303
6698893;-72.789261
6700896;-72.573471
6702912;-72.356987
6704901;-72.139763
6706900;-71.921860
6708894;-71.703247
6710900;-71.483887
6712912;-71.263863
6714882;-71.043098
6716873;-70.821671
6718879;-70.599533
6720882;-70.376678
6722872;-70.153191
6724915;-69.928940
6726904;-69.816574
6728900;-69.478439
6730896;-69.252129
6732890;-69.138733
6734910;-68.797493
6736877;-68.569168
6738874;-68.340134
6740871;-68.110466
6742877;-67.880119
6744873;-67.649063
6746910;-67.417389
6748900;-67.185005
6750898;-66.951988
6752895;-66.835243
6754897;-66.483955
6756908;-66.248970
6758882;-66.013298
6760873;-65.777000
6762875;-65.540024
6764878;-65.302437
6766875;-65.064201
6768916;-64.825294
6770909;-64.585785
6772894;-64.465782
6774894;-64.104805
6776893;-63.863392
6778912;-63.621307
6780884;-63.378628
6782878;-63.135292
6784875;-62.891365
6786879;-62.646778
6788879;-62.401615
6790918;-62.155830
6792901;-61.909401
6794899;-61.662399
6796899;-61.414749
6798895;-61.166527
6800911;-61.042191
6802881;-60.668243
6804875;-60.418217
6806878;-60.167564
6808877;-59.916348
6810882;-59.664505
6812916;-59.412109
6814898;-59.159134
6816892;-58.905529
6818892;-58.651386
6820893;-58.396626
6822913;-58.141327
6824874;-57.885448
6826873;-57.628967
6828873;-57.371990
6830876;-57.114376
6832927;-56.856228
6834913;-56.597485
6836899;-56.338223
6838893;-56.078403
6840901;-55.817993
6842891;-55.557068
6844917;-55.295555
6846883;-55.033539
6848876;-54.770977
6850872;-54.507839
6852873;-54.376083
6854875;-53.979980
6856915;-53.715279
6858894;-53.450001
6860894;-53.184235
6862896;-52.917946
6864898;-52.651096
6866910;-52.383762
6868888;-52.115868
6870881;-51.847504
6872878;-51.713135
6874872;-51.309212
6876878;-51.039322
6878914;-50.768887
6880903;-50.497990
6882898;-50.226559
6884892;-49.954666
6886895;-49.682285
6888915;-49.409370
6890873;-49.136013
6892875;-48.999153
6894872;-48.587799
6896879;-48.312996
6898874;-48.037670
6900914;-47.761909
6902898;-47.485641
6904896;-47.208942
6906895;-46.931778
6908896;-46.654110
6910919;-46.376026
6912883;-46.236767
6914883;-45.818439
6916878;-45.538944
6918875;-45.259045
6920874;-44.978695
6922915;-44.697865
6924900;-44.416630
6926889;-44.134918
6928897;-43.852810
6930898;-43.570271
6932901;-43.287258
6934882;-43.003864
6936878;-42.720039
6938875;-42.435799
6940878;-42.151093
6942988;-41.866016
6944899;-41.580528
6946895;-41.294582
6948894;-41.008274
6950897;-40.864967
6952893;-40.578011
6954910;-40.146889
6956874;-39.858932
6958874;-39.570629
6960875;-39.281891
6962873;-38.992809
6964908;-38.703300
6966882;-38.413452
6968872;-38.123226
6970874;-37.832577
6972872;-37.687134
6974875;-37.250210
6976912;-36.958492
6978900;-36.666412
6980897;-36.373924
6982895;-36.081123
6984892;-35.787922
6986989;-35.494415
6988902;-35.200508
6990898;-34.906300
6992896;-34.759064
6994898;-34.316807
6996891;-34.021576
6998900;-33.725964
7000878;-33.430061
7002878;-33.133827
7004871;-32.837227
7006876;-32.540344
7008983;-32.243095
7010903;-31.945574
7012898;-31.647692
7014893;-31.349543
7016894;-31.051085
7018894;-30.752274
7020910;-30.453205
7022879;-30.153790
7024872;-29.854124
7026878;-29.554165
7028876;-29.253864
7030913;-28.953323
7032877;-28.802944
7034871;-28.351339
7036872;-28.049904
7038876;-27.748236
7040876;-27.446297
7042910;-27.144039
7044880;-26.841604
7046881;-26.538816
7048878;-26.235809
7050880;-25.932545
7052922;-25.628975
7054911;-25.325203
7056897;-25.021133
7058898;-24.716862
7060896;-24.412348
7062893;-24.107544
7064914;-23.802551
7066895;-23.497276
7068895;-23.191816
7070901;-22.886080
7072891;-22.733150
7074915;-22.274027
7076881;-21.967623
7078874;-21.661047
7080876;-21.354214
7082873;-21.047215
7084876;-20.740007
7086912;-20.432549
7088898;-20.124935
7090901;-19.817076
7092894;-19.663097
7094892;-19.200823
7096913;-18.892433
7098881;-18.583858
7100876;-18.429453
7102876;-17.966110
7104872;-17.656948
7106876;-17.347656
7108909;-17.038193
7110903;-16.728516
7112896;-16.418720
7114895;-16.108715
7116895;-15.798600
7118914;-15.488279
7120877;-15.177855
7122877;-14.867279
7124879;-14.556509
7126877;-14.245645
7128911;-13.934591
7130883;-13.623447
7132880;-13.467825
7134882;-13.000711
7136873;-12.689175
7138877;-12.377464
7140913;-12.065679
7142899;-11.753728
7144894;-11.441707
7146894;-11.129574
7148898;-10.817284
7150922;-10.504933
7152872;-10.348720
7154880;-9.879926
7156874;-9.567274
7158874;-9.254481
7160880;-8.941644
7162917;-8.628671
7164900;-8.315660
7166891;-8.002520
7168894;-7.689348
7170894;-7.376100
7172919;-7.062732
7174880;-6.749341
7176878;-6.435838
7178878;-6.122317
7180879;-5.808736
7182923;-5.495050
7184911;-5.181358
7186901;-4.867567
7188896;-4.553775
7190899;-4.239939
7192896;-3.926013
7194913;-3.612096
7196882;-3.298096
7198875;-2.984111
7200872;-2.670048
7202873;-2.356008
7204878;-2.041943
7206911;-1.727811
7208899;-1.413710
7210894;-1.099547
7212895;-0.942485
7214897;-0.471287
7216909;-0.157100
7218899;0.157080
7220895;0.471237
7222889;0.785390
7224898;1.099535
7226915;1.413669
7228900;1.727790
7230898;2.041893
7232894;2.355976
7234893;2.670036
7236907;2.984070
7238877;3.298074
7240876;3.612046
7242874;3.925981
7244877;4.239879
7246874;4.553734
7248913;4.867544
7250895;5.024432
7252894;5.495018
7254893;5.808674
7256896;6.122274
7258905;6.435814
7260883;6.749289
7262877;7.062697
7264875;7.376038
7266876;7.689305
7269079;8.002495
7270906;8.315607
7272900;8.628635
7274893;8.941581
7276894;9.254436
7278891;9.567202
7280915;9.879873
7282878;10.192444
7284881;10.504917
7286870;10.817286
7288879;11.129548
7290930;11.441700
7292908;11.753738
7294899;12.065662
7296895;12.377467
7298895;12.689150
7300898;13.000705
7302910;13.312133
7304871;13.623430
7306871;13.934594
7308875;14.245617
7310880;14.556500
7312984;14.867243
7314897;15.177837
7316894;15.488280
7318901;15.798573
7320902;16.108707
7322896;16.418684
7324913;16.728498
7326902;17.038149
7328894;17.347628
7330902;17.656937
7332896;17.966076
7334914;18.275032
7336876;18.583811
7338880;18.892406
7340878;19.200811
7342877;19.509031
7344876;19.817057
7346914;20.124889
7348887;20.432520
7350877;20.739950
7352877;21.047176
7354873;21.354193
7356876;21.660999
7358914;21.967592
7360896;22.273970
7362892;22.580126
7364891;22.886059
7366896;23.191769
7368914;23.497246
7370873;23.802494
7372877;24.107506
7374880;24.412279
7376873;24.716812
7378919;25.021099
7380878;25.325144
7382883;25.628939
7384873;25.932476
7386876;26.235760
7388874;26.538784
7390916;26.841545
7392897;27.144045
7394895;27.446274
7396893;27.748230
7398896;28.049919
7401001;28.351324
7402909;28.652456
7404899;28.953299
7406894;29.253859
7408894;29.554132
7410897;29.854111
7412913;30.153793
7414900;30.453184
7416896;30.752268
7418888;31.051052
7420901;31.349527
7422916;31.647697
7424877;31.945551
7426873;32.243092
7428880;32.540310
7430873;32.837208
7432871;33.133785
7434915;33.430038
7436894;33.725952
7438897;34.021542
7440901;34.316792
7442890;34.611706
7444909;34.906273
7446875;35.200500
7448875;35.494377
7450879;35.787907
7452874;36.081081
7454873;36.373901
7456904;36.666363
7458880;36.958458
7460877;37.250191
7462877;37.541557
7464877;37.832550
7466987;38.123173
7468904;38.413418
7470900;38.703281
7472896;38.992767
7474893;39.281864
7476892;39.426273
7478916;39.858898
7480901;40.146824
7482893;40.434357
7484891;40.721493
7486891;41.008221
7488913;41.294548
7490880;41.580467
7492875;41.865971
7494872;42.151066
7496874;42.435749
7498876;42.720005
7500913;43.003841
7502906;43.287258
7504896;43.570240
7506893;43.852798
7508896;44.134922
7510916;44.416611
7512881;44.697861
7514879;44.978668
7516873;45.259033
7518879;45.538948
7520871;45.818417
7522918;46.097435
7524890;46.375996
7526892;46.654099
7528894;46.931744
7530896;47.208927
7532921;47.485634
7534879;47.761883
7536877;48.037659
7538874;48.312958
7540871;48.587780
7542989;48.862122
7544902;49.135986
7546900;49.409363
7548895;49.682243
7550901;49.818508
7552895;50.226551
7554908;50.497963
7556879;50.768871
7558874;51.039284
7560874;51.309193
7562876;51.578583
7564986;51.847477
7566902;52.115856
7568895;52.383720
7570894;52.651070
7572898;52.917896
7574896;53.184204
7576911;53.449982
7578898;53.715237
7580901;53.979958
7582895;54.244156
7584894;54.507809
7586918;54.770924
7588882;55.033501
7590873;55.295532
7592870;55.426346
7594879;55.817963
7596873;56.078350
7598910;56.338184
7600901;56.597466
7602894;56.856178
7604891;57.114338
7606890;57.371937
7608914;57.628967
7610880;57.885426
7612878;58.141319
7614878;58.396633
7616878;58.651371
7618877;58.905529
7620913;59.159111
7622902;59.412106
7624894;59.664516
7626896;59.916336
7628893;60.167557
7630913;60.418190
7632876;60.668228
7634880;60.917671
7636879;61.042168
7638876;61.414749
7640928;61.662376
7642913;61.909389
7644895;62.155800
7646895;62.401592
7648896;62.646778
7650899;62.891342
7652908;63.135277
7654880;63.378597
7656871;63.621284
7658872;63.863350
7660870;64.104782
7662917;64.345589
7664878;64.585754
7666873;64.825279
7668874;65.064171
7670875;65.302414
7672877;65.540009
7674909;65.776978
7676898;66.013275
7678893;66.248932
7680898;66.483932
7682890;66.718277
7684912;66.951958
7686876;67.184982
7688874;67.417351
7690870;67.649040
7692875;67.880074
7694876;68.110428
7696911;68.340118
7698900;68.569130
7700898;68.683380
7702897;69.025124
7704895;69.252098
7706913;69.478394
7708881;69.703995
7710875;69.928909
7712873;70.041107
7714875;70.376678
7716910;70.599518
7718877;70.821655
7720878;71.043106
7722874;71.263847
7724872;71.483887
7726877;71.703224
7728895;71.921852
7730888;72.139778
7732875;72.248459
7734874;72.573471
7736877;72.789238
7738916;73.004303
7740882;73.218636
7742884;73.432251
7744873;73.645142
7746873;73.857300
7748870;74.068741
7750920;74.279442
7752903;74.489403
7754895;74.698639
7756892;74.907135
7758891;75.114891
7760915;75.321915
7762880;75.528183
7764875;75.733711
7766879;75.938484
7768881;76.142517
7770876;76.345795
7772916;76.548325
7774895;76.750092
7776896;76.951103
7778897;77.151352
7780900;77.350845
7782910;77.549568
7784874;77.747536
7786877;77.944733
7788876;78.141159
7790879;78.336807
7792880;78.434349
7794911;78.725800
7796902;78.919128
7798898;79.111679
7800899;79.303452
7802895;79.494438
7804915;79.684631
7806885;79.874054
7808875;80.062675
7810878;80.250511
7812879;80.344131
7814879;80.623810
7816911;80.809273
7818896;80.993927
7820896;81.177780
7822891;81.360840
7824892;81.543091
7826914;81.724548
7828873;81.905190
7830870;82.085022
7832871;82.174637
7834878;82.442261
7836981;82.619659
7838902;82.796242
7840900;82.972015
7842895;83.146957
7844897;83.321083
7846897;83.494392
7848913;83.666870
7850884;83.752800
7852873;83.924042
7854872;84.179352
7856874;84.348526
7858910;84.516853
7860881;84.684349
7862867;84.851013
7864873;85.016846
7866876;85.181831
7868936;85.345985
7870917;85.509285
7872899;85.671745
7874896;85.833366
7876893;85.994133
7878898;86.154045
7880919;86.313118
7882902;86.471336
7884896;86.628700
7886894;86.785210
7888891;86.940865
7890916;87.095657
7892880;87.172737
7894881;87.402672
7896879;87.554886
7898874;87.706230
7900878;87.856712
7902915;88.006325
7904902;88.155075
7906898;88.302948
7908890;88.449944
7910894;88.596085
7912916;88.741341
7914875;88.885719
7916874;89.029221
7918879;89.171852
7920874;89.313599
7922926;89.454460
7924906;89.594444
7926901;89.733536
7928896;89.871750
7930904;90.009079
7932898;90.145508
7934918;90.281052
7936897;90.415710
7938899;90.549469
7940900;90.682343
7942896;90.814316
7945095;90.945389
7946895;91.075569
7948897;91.204857
7950897;91.333237
7952897;91.460716
7954890;91.587296
7956905;91.712967
7958884;91.837730
7960871;91.961594
7962872;92.084541
7964875;92.206589
7966982;92.327728
7968897;92.447952
7970904;92.567261
7972898;92.685661
7974894;92.803139
7976894;92.919708
7978918;93.035355
7980903;93.150093
7982894;93.263908
7984889;93.376793
7986893;93.488762
7988913;93.599808
7990878;93.709930
7992880;93.764648
7994877;93.927406
7996873;94.034752
7998872;94.141167
8000916;94.194031
8002897;94.351212
8004894;94.454842
8006898;94.557541
8008896;94.659302
8010917;94.760132
8012883;94.810196
8014878;94.958969
8016881;95.056992
8018881;95.154076
8020877;95.250214
8022915;95.345421
8024902;95.439682
8026896;95.532997
8028891;95.625374
8030894;95.716805
8032914;95.807289
8034878;95.896835
8036873;95.985428
8038876;96.073074
8040877;96.159775
8042912;96.245529
8044878;96.330322
8046874;96.414169
8048873;96.497070
8050876;96.579018
8052876;96.619637
8054917;96.740051
8056878;96.819130
8058873;96.897263
8060871;96.974442
8062874;97.050652
8064914;97.125908
8066877;97.200203
8068877;97.273544
8070877;97.345917
8072872;97.381752
8074881;97.487793
8076910;97.557297
8078886;97.625824
8080879;97.693390
8082874;97.759995
8084877;97.825638
8086912;97.890305
8088887;97.954018
8090874;98.016754
8092873;98.047760
8094877;98.139336
8096875;98.199173
8098911;98.258034
8100899;98.315933
8102897;98.372864
8104896;98.428818
8106893;98.483810
8108912;98.537819
8110881;98.590858
8112872;98.617020
8114880;98.694023
8116879;98.744141
8118917;98.793289
8120878;98.841454
8122872;98.888649
8124877;98.934868
8126868;98.980110
8128875;99.024376
8130915;99.067665
8132904;99.109970
8134899;99.151306
8136901;99.191658
8138895;99.231033
8140912;99.269432
8142883;99.306847
8144875;99.343285
8146875;99.378738
8148884;99.413208
8150992;99.446701
8152899;99.479218
8154892;99.510742
8156896;99.541290
8158898;99.570862
8160896;99.599442
8162913;99.627037
8164896;99.653656
8166891;99.679283
8168892;99.703934
8170899;99.727600
8172912;99.750282
8174876;99.771973
8176872;99.792686
8178875;99.812408
8180874;99.831154
8182878;99.848907
8184913;99.865685
8186895;99.881462
8188894;99.896263
8190901;99.910072
8192897;99.922905
8194914;99.934746
8196894;99.945602
8198889;99.955467
8200895;99.964348
8202895;99.972244
8204913;99.979149
8206880;99.985077
8208878;99.990005
8210882;99.993958
8212873;99.995560
8214878;99.998894
8216911;99.999878
8218896;99.999878
8220899;99.998894
8222895;99.996918
8224891;99.993958
8226911;99.992104
8228876;99.985077
8230875;99.979149
8232874;99.975815
8234872;99.964348
8236875;99.955467
8238919;99.945602
8240902;99.934746
8242895;99.922905
8244897;99.910072
8246893;99.896263
8248920;99.881462
8250873;99.865685
8252872;99.857422
8254875;99.831154
8256879;99.812408
8258875;99.792686
8260916;99.771973
8262899;99.750282
8264894;99.727600
8266894;99.703941
8268892;99.679283
8270918;99.653656
8272878;99.640472
8274873;99.599442
8276873;99.570862
8278879;99.541298
8280875;99.510750
8282914;99.479218
8284896;99.446701
8286896;99.413208
8288892;99.378738
8290895;99.343285
8292911;99.306847
8294874;99.269432
8296875;99.231033
8298877;99.191666
8300878;99.171608
8302873;99.109978
8304914;99.067673
8306901;99.024376
8308896;98.980110
8310899;98.934868
8312896;98.888657
8314912;98.841461
8316882;98.793289
8318876;98.744141
8320876;98.694023
8322869;98.642929
8324931;98.590866
8326911;98.537819
8328894;98.483810
8330902;98.428818
8332889;98.400970
8334896;98.315941
8336919;98.258041
8338872;98.199173
8340876;98.139343
8342870;98.078529
8344874;98.016754
8346875;97.954018
8348917;97.890312
8350902;97.825638
8352899;97.759995
8354891;97.693398
8356898;97.625824
8358909;97.557297
8360880;97.487801
8362877;97.417343
8364873;97.345932
8366878;97.273544
8369079;97.200211
8370904;97.125916
8372895;97.050652
8374893;96.974442
8376896;96.897270
8378892;96.819138
8380913;96.740051
8382879;96.660019
8384883;96.579018
8386872;96.497078
8388876;96.414177
8390928;96.330330
8392912;96.245529
8394899;96.159782
8396892;96.073082
8398890;95.985428
8400899;95.896843
8402915;95.807297
8404884;95.716812
8406877;95.625374
8408877;95.533005
8410876;95.439682
8412984;95.345428
8414897;95.250221
8416895;95.154076
8418893;95.057007
8420901;94.958984
8422898;94.860031
8424911;94.760132
8426897;94.659302
8428899;94.557549
8430898;94.454849
8432893;94.403152
8434914;94.246666
8436876;94.141174
8438875;94.034752
8440873;93.927414
8442876;93.819138
8444875;93.709938
8446913;93.599823
8448894;93.488770
8450898;93.432907
8452894;93.263916
8454893;93.150101
8456910;93.035362
8458877;92.919716
8460874;92.803146
8462876;92.685661
8464874;92.567268
8466872;92.447952
8468911;92.327728
8470879;92.206596
8472880;92.145691
8474880;91.961601
8476875;91.837738
8478917;91.712967
8480881;91.587296
8482879;91.460724
8484877;91.333237
8486875;91.204857
8488873;91.075584
8490914;90.945396
8492898;90.879974
8494896;90.682343
8496892;90.549477
8498895;90.415726
8500917;90.281067
8502876;90.145515
8504879;90.009079
8506877;89.871750
8508873;89.733551
8510917;89.594452
8512881;89.524567
8514875;89.313599
8516874;89.171860
8518875;89.029228
8520875;88.885727
8522913;88.741348
8524898;88.596085
8526893;88.449951
8528895;88.302948
8530895;88.155067
8532915;88.006332
8534876;87.856712
8536882;87.706230
8538880;87.554893
8540876;87.402679
8542877;87.249603
8544912;87.095680
8546902;86.940880
8548896;86.785217
8550901;86.628708
8552895;86.550140
8554915;86.313126
8556873;86.154068
8558877;85.994141
8560880;85.833374
8562880;85.671753
8564876;85.509285
8566914;85.345985
8568894;85.181847
8570897;85.016853
8572898;84.851021
8574891;84.684357
8576909;84.516853
8578877;84.348511
8580876;84.179352
8582870;84.009354
8584875;83.838524
8586921;83.666870
8588914;83.494385
8590895;83.321075
8592895;83.234116
8594895;82.972023
8596894;82.796249
8598912;82.619667
8600879;82.531075
8602880;82.264053
8604876;82.085037
8606877;81.905197
8608878;81.724556
8610913;81.543098
8612898;81.360847
8614895;81.177780
8616897;80.993942
8618898;80.809280
8620918;80.623817
8622878;80.437561
8624878;80.250511
8626875;80.062675
8628871;79.874062
8630933;79.684647
8632914;79.494438
8634900;79.303452
8636896;79.111679
8638894;78.919128
8640897;78.725800
8642912;78.531693
8644898;78.336807
8646889;78.141167
8648894;77.944740
8650896;77.747559
8652916;77.549591
8654877;77.350861
8656880;77.151367
8658881;76.951111
8660874;76.750099
8662878;76.548340
8664914;76.345810
8666901;76.142532
8668893;75.938499
8670897;75.733719
8672895;75.528183
8674918;75.321922
8676880;75.114906
8678876;74.907150
8680871;74.698647
8682875;74.489410
8684879;74.279442
8686917;74.068748
8688897;73.857307
8690893;73.645142
8692898;73.432251
8694896;73.218636
8696916;73.004295
8698877;72.789253
8700873;72.573486
8702875;72.356995
8704872;72.139786
8706984;71.921860
8708899;71.703232
8710904;71.483910
8712895;71.373962
8714896;71.043121
8716891;70.821671
8718912;70.599525
8720901;70.376678
8722893;70.153160
8724893;69.928932
8726896;69.704010
8728913;69.478401
8730880;69.252106
8732884;69.138702
8734878;68.797478
8736869;68.569145
8738878;68.340126
8740915;68.110435
8742900;67.880074
8744895;67.649040
8746892;67.417358
8748897;67.184998
8750915;67.068550
8752879;66.835213
8754878;66.483948
8756875;66.248940
8758872;66.013298
8760872;65.776993
8762913;65.540031
8764902;65.302429
8766893;65.064178
8768894;64.825287
8770895;64.585777
8772917;64.345604
8774878;64.104805
8776871;63.863361
8778881;63.621296
8780878;63.378597
8782876;63.135296
8784919;62.891354
8786901;62.646790
8788897;62.401604
8790900;62.155807
8792893;61.909397
8794910;61.662388
8796886;61.414753
8798874;61.166519
8800878;60.917675
8802875;60.668228
8804879;60.418213
8806910;60.167568
8808898;59.916359
8810900;59.664536
8812900;59.412121
8814896;59.159122
8816912;58.905560
8818884;58.651394
8820875;58.396656
8822875;58.141335
8824877;57.885437
8826916;57.628979
8828873;57.371964
8830883;57.114365
8832873;56.985344
8834879;56.597477
8836878;56.338192
8838911;56.078358
8840898;55.817978
8842895;55.557037
8844893;55.295544
8846892;55.033512
8848908;54.770927
8850878;54.507809
8852868;54.376053
8854870;53.979977
8856873;53.715248
8858876;53.449989
8860911;53.184204
8862898;52.917915
8864892;52.651100
8866895;52.383751
8868893;52.115883
8870919;51.847500
8872876;51.713127
8874876;51.309196
8876873;51.039307
8878875;50.768894
8880874;50.497978
8882912;50.226570
8884900;49.954655
8886895;49.682255
8888897;49.409382
8890902;49.136005
8892910;48.862137
8894875;48.587791
8896877;48.312962
8898872;48.037659
8900882;47.899837
8902876;47.485649
8904913;47.208931
8906900;46.931747
8908899;46.654099
8910898;46.375992
8912896;46.097446
8914911;45.818428
8916879;45.538975
8918877;45.259052
8920878;44.978683
8922874;44.697872
8925010;44.416637
8926919;44.134945
8928897;43.852818
8930896;43.570255
8932899;43.287266
8934892;43.003849
8936909;42.720028
8938883;42.435760
8940881;42.151081
8942873;41.865982
8944874;41.580467
8946876;41.294567
8948915;41.008240
8950903;40.721504
8952892;40.434368
8954894;40.146832
8956894;39.858898
8958913;39.570599
8960877;39.281879
8962879;38.992775
8964871;38.703285
8966877;38.413418
8968875;38.123165
8970917;37.832584
8972898;37.541588
8974896;37.250214
8976892;37.104382
8978895;36.666374
8980911;36.373913
8982879;36.081112
8984872;35.787930
8986873;35.494400
8988878;35.200516
8990876;34.906284
8992913;34.611710
8994902;34.316818
8996894;34.021561
8998895;33.725971
9000899;33.430046
9002913;33.133793
9004897;32.837212
9006897;32.540329
9008893;32.243107
9010898;31.945559
9012917;31.647699
9014882;31.349527
9016873;31.051048
9018879;30.752283
9020874;30.453190
9022875;30.153799
9024914;29.854134
9026895;29.554150
9028894;29.253874
9030897;28.953331
9032891;28.652481
9034913;28.351349
9036875;28.049934
9038871;27.748245
9040875;27.446281
9042876;27.144072
9044873;26.841568
9046920;26.538801
9048894;26.235771
9050898;26.084169
9052899;25.628939
9054896;25.325165
9056910;25.021118
9058879;24.716824
9060879;24.412287
9062878;24.107508
9064873;23.802490
9066878;23.497261
9068910;23.191778
9070883;22.886066
9072874;22.733135
9074875;22.273966
9076877;21.967585
9078876;21.661034
9080916;21.354221
9082896;21.047199
9084896;20.739969
9086895;20.432533
9088893;20.124922
9090907;19.817085
9092877;19.663082
9094873;19.200832
9096873;18.892418
9098877;18.583818
9100919;18.275061
9102876;17.966097
9104876;17.656956
9106877;17.347641
9108872;17.038157
9110876;16.728500
9112911;16.418705
9114899;16.108725
9116893;15.798585
9118897;15.488288
9120898;15.177840
9122914;14.867240
9124880;14.556519
9126879;14.245629
9128879;13.934599
9130877;13.623433
9132870;13.467834
9134916;13.000721
9136896;12.689183
9138895;12.377496
9140895;12.065687
9142895;11.753759
9144909;11.441715
9146882;11.129559
9148876;10.817315
9150876;10.504942
9152879;10.348703
9154916;9.879887
9156881;9.567211
9158874;9.254441
9160875;8.941605
9162874;8.628655
9164876;8.315620
9166914;8.002504
9168897;7.689308
9170893;7.376037
9172895;7.062716
9174893;6.749302
9176912;6.435822
9178873;6.122278
9180874;5.808673
9182873;5.495012
9184871;5.181319
9186868;4.867576
9188916;4.553761
9190900;4.239901
9192896;3.925998
9194897;3.612057
9196892;3.298105
9198920;2.984096
9200881;2.827068
9202878;2.355993
9204879;2.041904
9206870;1.727796
9208881;1.413695
9210916;1.099556
9212898;0.785405
9214898;0.471248
9216898;0.157085
9218894;-0.157079
9220913;-0.471218
9222896;-0.785375
9224897;-1.099525
9226893;-1.413665
9228890;-1.727790
9230914;-2.041898
9232877;-2.198933
9234873;-2.670027
9236873;-2.984066
9238876;-3.298074
9240873;-3.612027
9242912;-3.925944
9244876;-4.239846
9246877;-4.553706
9248873;-4.867522
9250876;-5.181289
9252934;-5.495005
9254915;-5.808643
9256896;-6.122248
9258893;-6.435792
9260899;-6.749272
9262898;-7.062686
9264914;-7.376031
9266895;-7.689279
9268897;-8.002474
9270897;-8.315591
9272894;-8.628626
9274911;-8.941574
9276877;-9.254436
9278880;-9.567182
9280879;-9.879857
9282876;-10.192435
9284874;-10.504911
9286914;-10.817286
9288898;-11.129552
9290897;-11.441686
9292893;-11.753706
9294893;-12.065634
9296913;-12.377443
9298882;-12.689130
9300876;-13.000690
9302876;-13.312101
9304874;-13.623403
9306874;-13.934570
9308913;-14.245600
9310902;-14.556490
9312895;-14.867234
9314893;-15.177811
9316897;-15.488259
9318920;-15.798555
9320871;-16.108694
9322872;-16.418676
9324878;-16.728497
9326875;-17.038126
9328927;-17.347612
9330915;-17.656927
9332901;-17.966068
9334899;-18.275030
9336901;-18.583813
9338894;-18.892389
9340916;-19.200802
9342897;-19.509026
9344894;-19.817057
9346889;-20.124868
9348892;-20.432505
9350915;-20.586235
9352881;-20.893570
9354879;-21.354168
9356873;-21.660980
9358876;-21.967579
9360874;-22.273960
9362918;-22.580097
9364899;-22.886036
9366895;-23.191748
9368897;-23.497232
9370901;-23.802485
9372915;-24.107500
9374873;-24.412256
9376876;-24.716795
9378879;-25.021088
9380881;-25.325138
9382874;-25.628933
9384918;-25.932476
9386901;-26.235741
9388899;-26.538771
9390900;-26.841539
9392894;-26.992813
9394914;-27.446276
9396879;-27.748240
9398877;-28.049908
9400879;-28.351297
9402873;-28.652430
9404872;-28.953281
9406911;-29.253843
9408905;-29.554098
9410902;-29.854084
9412892;-30.153772
9414894;-30.453163
9416914;-30.752254
9418886;-31.051043
9420880;-31.349501
9422874;-31.647673
9424876;-31.945532
9426871;-32.243076
9428911;-32.540302
9430903;-32.837208
9432896;-33.133766
9434893;-33.430019
9436890;-33.725945
9438915;-34.021534
9440879;-34.316792
9442884;-34.611706
9444873;-34.906258
9446876;-35.200489
9448875;-35.494373
9450914;-35.787903
9452898;-36.081081
9454896;-36.373882
9456893;-36.666325
9458894;-36.958427
9460914;-37.250168
9462884;-37.541534
9464876;-37.832535
9466879;-38.123161
9468873;-38.413387
9471001;-38.703259
9472899;-38.992748
9474893;-39.281853
9476896;-39.570568
9478889;-39.858894
9480903;-40.146805
9482916;-40.434341
9484878;-40.721478
9486876;-41.008209
9488875;-41.294540
9490875;-41.580467
9493005;-41.865955
9494906;-42.151054
9496898;-42.435734
9498899;-42.720001
9500895;-42.861965
9502896;-43.287262
9504913;-43.570229
9506880;-43.852791
9508871;-44.134895
9510877;-44.416592
9512872;-44.557262
9514871;-44.978657
9516912;-45.259007
9518898;-45.538925
9520899;-45.818401
9522894;-46.097420
9524895;-46.375988
9526919;-46.654095
9528883;-46.931721
9530872;-47.208904
9532871;-47.347332
9534870;-47.761871
9536873;-48.037647
9538916;-48.312950
9540898;-48.587757
9542894;-48.862106
9544896;-49.135971
9546892;-49.409351
9548916;-49.682243
9550901;-49.954624
9552892;-50.226532
9554894;-50.497948
9556898;-50.768864
9558915;-51.039280
9560884;-51.309193
9562879;-51.578552
9564870;-51.847446
9566874;-52.115829
9568875;-52.383698
9570923;-52.651054
9572901;-52.917885
9574898;-53.184174
9576892;-53.449959
9578895;-53.715218
9580911;-53.979946
9582876;-54.244137
9584878;-54.507797
9586874;-54.770897
9588877;-55.033482
9590880;-55.295517
9592916;-55.557007
9594904;-55.817951
9596898;-56.078346
9598889;-56.338161
9600898;-56.597446
9602911;-56.856174
9604873;-57.114334
9606876;-57.371933
9608876;-57.628967
9610873;-57.885414
9612878;-58.013439
9614912;-58.396626
9616896;-58.651344
9618895;-58.905514
9620903;-59.159096
9622895;-59.412075
9624913;-59.664490
9626875;-59.916313
9628873;-60.167545
9630875;-60.418182
9632875;-60.543270
9634875;-60.917645
9636915;-61.166489
9638894;-61.290695
9640898;-61.662357
9642895;-61.909382
9644896;-62.155796
9646914;-62.401573
9648880;-62.646759
9650877;-62.769127
9652877;-63.013363
9654872;-63.378590
9656874;-63.621284
9658913;-63.863338
9660899;-64.104774
9662892;-64.345573
9664894;-64.585747
9666895;-64.825279
9668915;-65.064171
9670880;-65.302383
9672872;-65.421280
9674872;-65.776947
9676875;-66.013260
9678930;-66.248917
9680915;-66.483917
9682904;-66.718254
9684898;-66.951942
9686893;-67.184967
9688893;-67.417336
9690916;-67.649033
9692900;-67.880043
9694892;-68.110413
9696893;-68.340096
9698900;-68.569115
9700919;-68.797455
9702873;-69.025116
9704871;-69.252083
9706873;-69.478378
9708875;-69.703987
9710876;-69.928902
9712908;-70.153137
9714890;-70.376678
9716879;-70.599503
9718880;-70.821648
9720871;-71.043098
9722929;-71.263847
9724909;-71.483871
9726900;-71.593620
9728895;-71.921829
9730900;-72.139755
9732895;-72.356949
9734916;-72.573456
9736878;-72.789230
9738872;-73.004295
9740874;-73.218613
9742876;-73.432228
9744878;-73.645126
9746912;-73.857292
9748895;-74.068726
9750896;-74.279434
9752900;-74.489388
9754891;-74.698624
9756914;-74.907127
9758881;-75.114883
9760876;-75.321899
9762877;-75.528183
9764874;-75.733711
9766915;-75.938477
9768876;-76.142525
9770876;-76.345787
9772878;-76.447144
9774875;-76.750092
9776878;-76.951096
9778919;-77.151337
9780899;-77.350845
9782897;-77.549561
9784894;-77.747513
9786898;-77.944717
9788915;-78.141136
9790882;-78.336807
9792878;-78.434334
9794870;-78.725777
9796876;-78.919121
9798876;-79.111656
9800911;-79.207634
9802898;-79.494415
9804899;-79.684639
9806895;-79.874046
9808894;-80.062660
9810917;-80.250511
9812877;-80.344131
9814878;-80.623817
9816876;-80.809258
9818875;-80.993912
9820881;-81.177780
9822915;-81.360832
9824893;-81.543098
9826897;-81.724533
9828893;-81.905197
9830898;-82.085022
9832908;-82.264038
9834891;-82.442261
9836875;-82.619652
9838869;-82.796249
9840873;-82.972008
9842875;-83.146942
9844912;-83.321091
9846896;-83.494377
9848895;-83.666878
9850900;-83.838524
9852897;-84.009369
9854905;-84.179352
9856880;-84.348511
9858880;-84.516838
9860875;-84.684326
9862873;-84.851006
9864912;-85.016823
9866876;-85.181801
9868878;-85.345963
9870876;-85.509262
9872876;-85.590591
9874870;-85.833344
9876915;-85.994102
9878900;-86.154037
9880895;-86.313095
9882895;-86.471329
9884893;-86.628685
9886920;-86.785210
9888876;-86.940849
9890875;-87.095634
9892874;-87.172737
9894875;-87.402657
9896874;-87.554878
9898910;-87.706215
9900879;-87.856689
9902878;-88.006317
9904874;-88.155052
9906877;-88.302948
9908878;-88.449944
9910911;-88.596085
9912895;-88.741333
9914896;-88.885704
9916895;-89.029221
9918897;-89.171837
9920920;-89.313599
9922877;-89.454453
9924879;-89.594421
9926880;-89.733536
9928872;-89.871742
9930932;-90.009079
9932915;-90.145508
9934901;-90.281067
9936898;-90.415703
9938898;-90.549461
9940896;-90.682343
9942914;-90.814308
9944906;-90.945396
9946894;-91.075569
9948894;-91.204849
9950895;-91.269165
9952915;-91.460709
9954877;-91.587296
9956876;-91.712967
9958876;-91.837738
9960874;-91.961601
9962878;-92.084541
9964915;-92.206596
9966903;-92.327705
9968894;-92.447945
9970893;-92.567245
9972897;-92.685638
9974916;-92.803131
9976878;-92.919693
9978876;-93.035355
9980871;-93.150070
9982874;-93.263885
9984873;-93.376785
9986910;-93.488747
9988900;-93.599800
9990895;-93.709923
9992893;-93.819130
9994893;-93.927399
9996916;-94.034737
9998880;-94.141159
10000881;-94.246643
10002877;-94.351212
10004879;-94.454834
10006874;-94.557526
10008918;-94.659294
10010902;-94.760117
10012897;-94.860016
10014897;-94.958969
10016894;-95.056999
10018911;-95.154068
10020880;-95.250206
10022874;-95.345413
10024877;-95.439674
10026876;-95.532997
10028878;-95.625374
10030911;-95.716789
10032899;-95.807289
10034895;-95.896828
10036896;-95.985428
10038894;-96.073074
10040912;-96.159782
10042879;-96.245522
10044875;-96.330322
10046877;-96.414177
10048878;-96.497070
10050993;-96.579018
10052901;-96.660011
10054899;-96.740044
10056893;-96.819138
10058892;-96.897255
10060897;-96.974442
10062914;-97.050652
10064883;-97.125916
10066877;-97.200203
10068877;-97.273544
10070879;-97.345924
10072913;-97.417343
10074875;-97.487793
10076871;-97.557281
10078871;-97.625809
10080878;-97.693382
10082879;-97.759987
10084911;-97.825630
10086881;-97.890297
10088876;-97.954010
10090875;-98.016754
10092873;-98.047760
10094925;-98.139336
10096916;-98.199165
10098895;-98.258034
10100899;-98.287109
10102889;-98.372856
10104894;-98.428818
10106905;-98.483803
10108881;-98.537811
10110877;-98.590858
10112875;-98.617012
10114874;-98.694023
10116909;-98.744133
10118876;-98.793289
10120870;-98.841454
10122872;-98.888657
10124878;-98.934868
10126876;-98.980103
10128914;-99.024376
10130907;-99.067665
10132900;-99.109978
10134898;-99.151306
10136894;-99.191666
10138917;-99.231033
10140880;-99.269424
10142873;-99.306847
10144878;-99.343285
10146880;-99.378738
10148873;-99.413208
10150915;-99.446701
10152902;-99.479218
10154895;-99.510742
10156898;-99.541298
10158896;-99.570862
10160914;-99.599442
10162877;-99.627037
10164872;-99.653656
10166878;-99.679283
10168875;-99.703934
10170877;-99.727600
10172917;-99.750282
10174895;-99.771973
10176892;-99.792686
10178895;-99.812408
10180898;-99.831161
10182914;-99.848907
10184877;-99.865677
10186875;-99.881462
10188878;-99.896263
10190876;-99.910072
10192875;-99.916611
10194910;-99.934746
10196895;-99.945602
10198896;-99.955460
10200895;-99.964348
10202893;-99.972244
10204912;-99.979149
10206879;-99.985069
10208874;-99.990005
10210877;-99.993958
10212874;-99.995560
10214876;-99.998894
10216912;-99.999878
10218900;-99.999878
10220899;-99.998894
10222897;-99.996918
10224892;-99.993958
10226915;-99.990013
10228896;-99.985077
10230903;-99.979149
10232895;-99.972244
10234895;-99.964348
10236918;-99.955467
10238881;-99.945602
10240875;-99.934746
10242876;-99.922905
10244876;-99.910080
10246878;-99.896263
10248921;-99.881462
10250900;-99.873695
10252896;-99.848907
10254898;-99.831161
10256897;-99.812416
10258915;-99.792686
10260881;-99.771973
10262875;-99.750282
10264876;-99.727600
10266874;-99.703934
10268990;-99.679283
10270902;-99.653656
10272895;-99.627037
10274895;-99.599442
10276895;-99.570862
10278894;-99.541298
10280914;-99.510750
10282877;-99.479218
10284873;-99.446709
10286875;-99.413208
10288877;-99.378738
10290913;-99.343285
10292883;-99.325195
10294881;-99.269440
10296872;-99.231041
10298875;-99.191666
10300875;-99.151314
10302914;-99.109985
10304897;-99.067673
10306897;-99.024384
10308893;-98.980118
10310893;-98.934868
10312921;-98.888657
10314879;-98.841461
10316877;-98.793289
10318872;-98.744148
10320876;-98.694023
10322926;-98.642937
10324915;-98.590866
10326896;-98.537827
10328893;-98.483810
10330900;-98.428825
10332895;-98.372871
10334917;-98.315941
10336896;-98.258049
10338893;-98.199181
10340893;-98.139343
10342895;-98.078537
10344917;-98.016754
10346880;-97.954025
10348875;-97.890312
10350877;-97.825638
10352876;-97.792938
10354879;-97.693398
10356907;-97.625824
10358902;-97.557297
10360894;-97.487801
10362889;-97.417351
10364891;-97.345924
10366911;-97.273552
10368877;-97.200203
10370874;-97.125916
10372877;-97.088402
10374878;-96.974442
10376996;-96.897270
10378899;-96.819138
10380895;-96.740051
10382893;-96.660011
10384894;-96.579018
10386898;-96.497086
10388921;-96.414177
10390904;-96.330330
10392897;-96.245522
10394897;-96.159782
10396894;-96.073074
10398908;-95.985443
10400876;-95.941261
10402881;-95.807304
10404878;-95.716820
10406879;-95.625381
10408876;-95.533012
10410919;-95.439697
10412901;-95.345428
10414896;-95.250237
10416896;-95.154083
10418896;-95.057007
10420917;-94.958984
10422881;-94.860039
10424879;-94.760147
10426876;-94.659309
10428876;-94.557556
10430875;-94.454849
10432913;-94.351234
10434899;-94.246681
10436894;-94.141182
10438898;-94.034767
10440898;-93.927414
10442912;-93.819145
10444881;-93.709961
10446881;-93.599823
10448873;-93.488785
10450881;-93.376801
10452884;-93.320473
10454912;-93.150093
10456892;-93.035370
10458896;-92.919724
10460901;-92.803154
10462892;-92.685677
10464912;-92.567268
10466881;-92.447960
10468879;-92.327744
10470876;-92.206596
10472879;-92.145691
10474912;-91.961601
10476877;-91.899780
10478875;-91.712967
10480872;-91.587296
10482875;-91.460732
10484875;-91.333237
10486909;-91.204865
10488896;-91.075569
10490900;-90.945396
10492896;-90.814331
10494893;-90.682343
10497002;-90.549484
10498901;-90.415703
10500899;-90.281067
10502898;-90.145508
10504895;-90.009079
10506895;-89.871780
10508914;-89.733559
10510904;-89.594475
10512897;-89.454475
10514895;-89.313622
10516893;-89.171890
10518913;-89.029243
10520882;-88.885750
10522881;-88.741356
10524877;-88.596107
10526878;-88.449959
10528873;-88.302971
10530914;-88.155106
10532899;-88.006340
10534898;-87.856735
10536893;-87.706238
10538894;-87.554901
10540914;-87.402702
10542872;-87.249611
10544883;-87.095680
10546877;-86.940872
10548876;-86.785233
10550935;-86.628708
10552910;-86.471352
10554901;-86.313148
10556896;-86.154060
10558893;-85.994148
10560900;-85.833374
10562909;-85.671761
10564878;-85.509315
10566881;-85.345993
10568883;-85.181847
10570882;-85.016846
10572918;-84.851036
10574879;-84.684349
10576875;-84.516861
10578873;-84.348534
10580874;-84.179352
10582935;-84.009369
10584912;-83.838524
10586895;-83.666878
10588894;-83.494408
10590899;-83.321091
10592896;-83.146973
10594918;-82.972008
10596880;-82.796249
10598876;-82.619652
10600879;-82.442261
10602875;-82.264069
10604996;-82.085022
10606901;-81.905197
10608896;-81.724533
10610901;-81.543098
10612899;-81.360855
10614896;-81.177811
10616911;-80.993965
10618882;-80.809288
10620885;-80.623840
10622882;-80.437599
10624877;-80.250534
10626918;-80.062714
10628882;-79.874077
10630875;-79.684669
10632872;-79.589668
10634879;-79.303474
10636871;-79.111710
10638912;-78.919151
10640900;-78.725830
10642903;-78.531708
10644894;-78.336838
10646893;-78.141197
10648921;-77.944756
10650882;-77.747574
10652877;-77.648659
10654873;-77.350876
10656879;-77.151367
10658875;-76.951126
10660915;-76.750122
10662896;-76.548340
10664896;-76.345825
10666892;-76.142525
10668890;-75.938507
10670915;-75.733742
10672899;-75.528191
10674897;-75.321938
10676895;-75.114906
10678892;-74.907158
10680915;-74.698639
10682880;-74.489418
10684876;-74.279465
10686872;-74.068741
10688875;-73.857323
10690874;-73.645142
10692916;-73.432266
10694899;-73.218666
10696890;-73.004303
10698893;-72.789261
10700901;-72.681473
10702908;-72.356987
10704880;-72.139763
10706878;-71.921860
10708877;-71.703247
10710876;-71.483887
10712877;-71.373962
10714921;-71.043098
10716901;-70.821671
10718899;-70.599533
10720894;-70.376678
10722892;-70.153191
10724914;-69.928940
10726899;-69.704033
10728894;-69.478439
10730904;-69.252129
10732897;-69.025169
10734915;-68.797493
10736873;-68.569168
10738873;-68.340134
10740879;-68.110466
10742879;-67.880119
10744875;-67.649063
10746914;-67.417389
10748896;-67.185005
10750897;-66.951988
10752898;-66.718323
10754896;-66.483955
10756920;-66.248970
10758882;-66.013298
10760875;-65.777000
10762873;-65.540024
10764876;-65.302437
10766877;-65.064201
10768906;-64.825294
10770898;-64.585785
10772897;-64.345589
10774897;-64.104805
10776889;-63.863392
10778914;-63.621307
10780880;-63.378628
10782882;-63.135292
10784874;-62.891365
10786871;-62.646778
10788874;-62.401615
10790913;-62.155830
10792896;-61.909401
10794897;-61.662399
10796894;-61.414749
10798897;-61.166527
10800917;-60.917706
10802878;-60.668243
10804879;-60.418217
10806880;-60.167564
10808874;-59.916348
10810876;-59.664505
10812919;-59.412109
10814902;-59.159134
10816895;-58.905529
10818893;-58.651386
10820901;-58.396626
10822915;-58.141327
10824880;-57.885448
10826882;-57.628967
10828878;-57.371990
10830875;-57.114376
10832877;-56.985371
10834916;-56.597485
10836902;-56.338223
10838893;-56.078403
10840893;-55.817993
10842900;-55.557068
10844914;-55.295555
10846876;-55.033539
10848875;-54.770977
10850876;-54.639454
10852874;-54.376083
10854913;-53.979980
10856881;-53.715279
10858872;-53.450001
10860871;-53.184235
10862871;-52.917946
10864876;-52.651096
10866914;-52.383762
10868892;-52.115868
10870893;-51.847504
10872897;-51.578636
10874891;-51.309212
10876915;-51.039322
10878884;-50.768887
10880880;-50.497990
10882882;-50.226559
10884877;-49.954666
10886881;-49.682285
10888915;-49.409370
10890898;-49.136013
10892892;-48.999153
10894893;-48.587799
10896893;-48.312996
10898916;-48.037670
10900879;-47.761909
10902873;-47.485641
10904881;-47.208942
10906872;-46.931778
10908872;-46.654110
10910913;-46.376026
10912896;-46.097439
10914896;-45.818439
10916895;-45.538944
10918894;-45.259045
10920917;-44.978695
10922876;-44.697865
10924884;-44.416630
10926877;-44.134918
10928874;-43.852810
10930874;-43.570271
10932917;-43.287258
10934897;-43.003864
10936895;-42.720039
10938894;-42.435799
10940904;-42.151093
10942918;-41.866016
10944886;-41.580528
10946878;-41.294582
10948876;-41.008274
10950883;-40.721519
10952914;-40.434402
10954873;-40.146889
10956872;-39.858932
10958873;-39.570629
10960877;-39.281891
10962877;-38.992809
10964913;-38.703300
10966902;-38.413452
10968897;-38.123226
10970900;-37.832577
10972897;-37.541599
10974915;-37.250210
10976872;-36.958492
10978876;-36.666412
10980876;-36.373924
10982872;-36.081123
10984873;-35.787922
10986909;-35.494415
10988895;-35.200508
10990901;-34.906300
10992898;-34.611748
10994898;-34.316807
10996916;-34.021576
10998878;-33.725964
11000876;-33.578053
11002870;-33.133827
11004874;-32.837227
11006872;-32.540344
11008916;-32.243095
11010903;-31.945574
11012897;-31.647692
11014898;-31.349543
11016896;-31.051085
11018911;-30.752274
11020884;-30.453205
11022880;-30.153790
11024875;-29.854124
11026875;-29.554165
11028878;-29.253864
11030914;-28.953323
11032899;-28.652451
11034894;-28.351339
11036898;-28.049904
11038897;-27.748236
11040914;-27.446297
11042885;-27.144039
11044871;-26.841604
11046878;-26.538816
11048875;-26.235809
11050872;-25.932545
11052919;-25.628975
11054895;-25.325203
11056890;-25.021133
11058894;-24.716862
11060898;-24.412348
11062909;-24.107544
11064874;-23.802551
11066874;-23.497276
11068877;-23.191816
11070878;-22.886080
11072995;-22.580164
11074899;-22.274027
11076899;-21.967623
11078895;-21.661047
11080899;-21.354214
11082895;-21.047215
11084914;-20.740007
11086878;-20.432549
11088874;-20.124935
11090873;-19.817076
11092880;-19.663097
11094914;-19.200823
11096902;-18.892433
11098896;-18.583858
11100901;-18.275051
11102893;-17.966110
11104894;-17.656948
11106916;-17.347656
11108874;-17.038193
11110881;-16.728516
11112874;-16.573639
11114879;-16.108715
11116875;-15.798600
11118917;-15.488279
11120900;-15.177855
11122899;-14.867279
11124896;-14.556509
11126895;-14.245645
11128919;-13.934591
11130878;-13.623447
11132880;-13.467825
11134873;-13.000711
11136871;-12.689175
11138874;-12.377464
11140916;-12.065679
11142900;-11.753728
11144899;-11.441707
11146899;-11.129574
11148893;-10.817284
11150914;-10.661121
11152887;-10.348720
11154880;-9.879926
11156873;-9.567274
11158872;-9.254481
11160879;-8.941644
11162917;-8.628671
11164894;-8.315660
11166894;-8.002520
11168895;-7.689348
11170897;-7.376100
11172913;-7.062732
11174888;-6.749341
11176878;-6.435838
11178875;-6.122317
11180871;-5.808736
11182876;-5.495050
11184919;-5.181358
11186899;-4.867567
11188896;-4.553775
11190896;-4.239939
11192895;-3.926013
11194915;-3.612096
11196875;-3.298096
11198878;-2.984111
11200872;-2.670048
11202876;-2.356008
11204877;-2.041943
11206915;-1.727811
11208898;-1.413710
11210899;-1.099547
11212893;-0.785421
11214892;-0.471287
11216911;-0.157100
11218877;0.157080
11220884;0.471237
11222877;0.785390
11224871;1.099535
11226879;1.256604
11228910;1.727790
11230904;2.041893
11232895;2.355976
11234897;2.670036
11236895;2.984070
11238916;3.298074
11240878;3.612046
11242880;3.925981
11244876;4.239879
11246874;4.553734
11248877;4.867544
11250918;5.181307
11252895;5.495018
11254898;5.808674
11256892;6.122274
11258891;6.435814
11260918;6.749289
11262897;7.062697
11264898;7.376038
11266891;7.689305
11268893;8.002495
11270917;8.315607
11272872;8.628635
11274879;8.941581
11276877;9.254436
11278871;9.567202
11280880;9.879873
11282918;10.192444
11284900;10.504917
11286893;10.817286
11288893;11.129548
11290896;11.441700
11292915;11.753738
11294884;12.065662
11296872;12.377467
11298872;12.689150
11300877;12.844942
11302920;13.312133
11304877;13.623430
11306881;13.934594
11308872;14.245617
11310875;14.556500
11312869;14.711891
11314914;15.177837
11316898;15.488280
11318893;15.798573
11320902;16.108707
11322898;16.418684
11324918;16.728498
11326876;17.038149
11328870;17.347628
11330871;17.656937
11332876;17.966076
11334880;18.275032
11336915;18.583811
11338898;18.892406
11340903;19.200811
11342894;19.509031
11344895;19.817057
11346910;20.124889
11348878;20.432520
11350874;20.739950
11352876;21.047176
11354876;21.354193
11356933;21.660999
11358909;21.967592
11360904;22.273970
11362896;22.580126
11364895;22.886059
11366896;23.191769
11368917;23.497246
11370908;23.802494
11372898;24.107506
11374893;24.412279
11376892;24.716812
11378915;25.021099
11380883;25.325144
11382875;25.628939
11384875;25.932476
11386876;26.235760
11388876;26.538784
11390916;26.841545
11392896;27.144045
11394895;27.446274
11396895;27.748230
11398894;28.049919
11400914;28.351324
11402877;28.652456
11404876;28.953299
11406873;29.253859
11408874;29.554132
11410921;29.854111
11412872;30.153793
11414879;30.453184
11416874;30.752268
11418872;31.051052
11420870;31.349527
11422905;31.647697
11424877;31.945551
11426875;32.243092
11428875;32.540310
11430879;32.837208
11432920;33.133785
11434880;33.430038
11436879;33.725952
11438876;34.021542
11440883;34.316792
11442880;34.611706
11444915;34.906273
11446903;35.200500
11448896;35.494377
11450899;35.641186
11452898;36.081081
11454911;36.373901
11456876;36.666363
11458882;36.958458
11460880;37.250191
11462873;37.541557
11464877;37.832550
11466913;38.123173
11468898;38.413418
11470896;38.703281
11472889;38.992767
11474892;39.281864
11476912;39.570580
11478880;39.858898
11480877;40.146824
11482873;40.434357
11484873;40.721493
11486875;41.008221
11488912;41.294548
11490905;41.580467
11492903;41.865971
11494897;42.151066
11496896;42.435749
11498920;42.720005
11500881;43.003841
11502880;43.287258
11504874;43.570240
11506877;43.852798
11508880;44.134922
11510915;44.416611
11512902;44.697861
11514895;44.978668
11516896;45.259033
11518892;45.538948
11520922;45.818417
11522879;46.097435
11524880;46.375996
11526877;46.654099
11528872;46.931744
11530878;47.208927
11532911;47.485634
11534898;47.761883
11536899;48.037659
11538894;48.312958
11540895;48.587780
11542919;48.862122
11544898;49.135986
11546889;49.409363
11548889;49.682243
11550898;49.954647
11552956;50.226551
11554915;50.497963
11556897;50.768871
11558893;51.039284
11560899;51.309193
11562897;51.578583
11564921;51.847477
11566876;52.115856
11568881;52.383720
11570876;52.651070
11572873;52.917896
11575039;53.184204
11576904;53.449982
11578894;53.715237
11580902;53.979958
11582890;54.244156
11584893;54.507809
11586910;54.770924
11588903;55.033501
11590899;55.295532
11592896;55.557018
11594897;55.817963
11596912;56.078350
11598876;56.338184
11600870;56.467896
11602874;56.856178
11604877;57.114338
11606879;57.371937
11608921;57.628967
11610900;57.885426
11612895;58.141319
11614892;58.396633
11616900;58.651371
11618917;58.905529
11620881;59.159111
11622874;59.412106
11624875;59.664516
11626872;59.916336
11628873;60.167557
11630917;60.418190
11632896;60.668228
11634896;60.917671
11636896;61.166508
11638891;61.414749
11640916;61.538635
11642879;61.909389
11644879;62.155800
11646871;62.401592
11648880;62.646778
11650875;62.891342
11652913;63.135277
11654895;63.378597
11656894;63.621284
11658889;63.863350
11660895;64.104782
11662922;64.345589
11664885;64.585754
11666879;64.825279
11668876;65.064171
11670879;65.302414
11672882;65.540009
11674911;65.776978
11676894;66.013275
11678895;66.248932
11680899;66.483932
11682895;66.718277
11684920;66.951958
11686877;67.184982
11688872;67.417351
11690881;67.649040
11692874;67.880074
11694931;68.110428
11696915;68.340118
11698900;68.569130
11700905;68.797462
11702897;69.025124
11704896;69.252098
11706913;69.478394
11708893;69.703995
11710899;69.928909
11712892;70.153137
11714890;70.376678
11716916;70.599518
11718881;70.821655
11720876;71.043106
11722876;71.263847
11724877;71.483887
11726878;71.703224
11728918;71.921852
11730904;72.139778
11732896;72.356972
11734898;72.573471
11736896;72.789238
11738909;73.004303
11740881;73.218636
11742878;73.432251
11744879;73.645142
11746878;73.857300
11748881;74.068741
11750917;74.174179
11752890;74.489403
11754892;74.698639
11756892;74.907135
11758893;75.114891
11760915;75.321915
11762882;75.528183
11764881;75.733711
11766880;75.938484
11768875;76.142517
11770880;76.345795
11772916;76.548325
11774900;76.750092
11776898;76.951103
11778893;77.151352
11780892;77.350845
11782913;77.549568
11784878;77.747536
11786876;77.944733
11788874;78.141159
11790880;78.336807
11792873;78.434349
11794909;78.725800
11796895;78.919128
11798898;79.111679
11800897;79.303452
11802894;79.494438
11804912;79.684631
11806882;79.874054
11808873;80.062675
11810876;80.250511
11812878;80.344131
11814879;80.623810
11816917;80.809273
11818893;80.993927
11820902;81.177780
11822896;81.360840
11824896;81.543091
11826915;81.724548
11828877;81.905190
11830874;82.085022
11832879;82.174637
11834879;82.442261
11837008;82.619659
11838900;82.796242
11840899;82.972015
11842893;83.146957
11844897;83.321083
11846894;83.494392
11848907;83.666870
11850879;83.838524
11852876;83.924042
11854871;84.179352
11856870;84.348526
11858934;84.516853
11860916;84.684349
11862896;84.851013
11864895;85.016846
11866891;85.181831
11868890;85.345985
11870921;85.509285
11872873;85.590622
11874881;85.833366
11876875;85.994133
11878880;86.154045
11880878;86.313118
11882913;86.471336
11884905;86.628700
11886894;86.785210
11888891;86.940865
11890899;87.095657
11892913;87.249596
11894877;87.402672
11896875;87.554886
11898867;87.706230
11900874;87.781578
11902913;88.006325
11904875;88.155075
11906879;88.302948
11908876;88.449944
11910876;88.596085
11912877;88.668823
11914917;88.885719
11916901;89.029221
11918895;89.171852
11920892;89.313599
11922896;89.454460
11924914;89.594444
11926878;89.733536
11928879;89.871750
11930877;90.009079
11932878;90.077400
11934879;90.281052
11936911;90.415710
11938879;90.549469
11940875;90.682343
11942879;90.814316
11944871;90.945389
11946918;91.075569
11948878;91.204857
11950875;91.333237
11952880;91.397087
11954877;91.587296
11956875;91.712967
11958915;91.837730
11960899;91.961594
11962892;92.084541
11964891;92.206589
11966892;92.327728
11968946;92.447952
11970912;92.567261
11972898;92.685661
11974893;92.803139
11976895;92.861542
11978894;93.035355
11980910;93.150093
11982883;93.263908
11984880;93.376793
11986875;93.488762
11988875;93.599808
11990910;93.709930
11992876;93.764648
11994870;93.927406
11996876;94.034752
11998875;94.141167
12000877;94.246658
12002912;94.351212
12004898;94.454842
12006895;94.557541
12008897;94.659302
12010902;94.760132
12012912;94.860016
12014876;94.958969
12016877;95.056992
12018874;95.154076
12020878;95.250214
12022878;95.345421
12024914;95.439682
12026900;95.532997
12028897;95.625374
12030899;95.716805
12032891;95.807289
12034913;95.896835
12036878;95.985428
12038878;96.073074
12040875;96.159775
12042878;96.245529
12045040;96.330322
12046902;96.414169
12048892;96.497070
12050898;96.538162
12052895;96.660011
12054898;96.740051
12056918;96.819130
12058880;96.897263
12060878;96.974442
12062875;97.050652
12064874;97.125908
12066916;97.200203
12068880;97.273544
12070878;97.345917
12072874;97.381752
12074876;97.487793
12076873;97.557297
12078912;97.625824
12080899;97.693390
12082893;97.759995
12084899;97.825638
12086897;97.890305
12088909;97.954018
12090878;98.016754
12092880;98.047760
12094880;98.139336
12096875;98.199173
12098874;98.258034
12100910;98.315933
12102896;98.372864
12104892;98.428818
12106892;98.483810
12108899;98.537819
12110968;98.590858
12112900;98.642929
12114894;98.694023
12116896;98.744141
12118896;98.793289
12120902;98.841454
12122912;98.888649
12124895;98.934868
12126892;98.980110
12128891;99.024376
12130900;99.067665
12132914;99.109970
12134876;99.151306
12136873;99.191658
12138879;99.231033
12140879;99.269432
12142874;99.306847
12144917;99.343285
12146899;99.378738
12148898;99.413208
12150900;99.446701
12152895;99.479218
12154920;99.510742
12156873;99.541290
12158877;99.570862
12160881;99.599442
12162876;99.627037
12164879;99.653656
12166909;99.679283
12168903;99.703934
12170902;99.727600
12172899;99.750282
12174892;99.771973
12176916;99.792686
12178879;99.812408
12180871;99.831154
12182875;99.848907
12184881;99.865685
12186929;99.881462
12188910;99.896263
12190897;99.910072
12192898;99.922905
12194893;99.934746
12196894;99.945602
12198913;99.955467
12200878;99.960030
12202872;99.972244
12204878;99.979149
12206876;99.985077
12209031;99.990005
12210906;99.993958
12212896;99.996918
12214897;99.998894
12216897;99.999878
12218896;99.999878
12220916;99.998894
12222896;99.996918
12224892;99.993958
12226895;99.990005
12228891;99.985077
12230920;99.979149
12232878;99.972244
12234875;99.964348
12236872;99.955467
12238877;99.945602
12240882;99.934746
12242916;99.922905
12244902;99.910072
12246894;99.896263
12248891;99.881462
12250895;99.865685
12252910;99.848907
12254882;99.831154
12256875;99.812408
12258874;99.792686
12260879;99.771973
12262875;99.750282
12264917;99.727600
12266903;99.703941
12268893;99.679283
12270899;99.653656
12272893;99.627037
12274915;99.599442
12276886;99.570862
12278871;99.541298
12280876;99.510750
12282873;99.479218
12284872;99.446701
12286917;99.413208
12288897;99.378738
12290898;99.343285
12292897;99.306847
12294893;99.269432
12296909;99.231033
12298881;99.191666
12300879;99.151306
12302872;99.109978
12304873;99.067673
12306876;99.024376
12308915;98.980110
12310898;98.934868
12312893;98.888657
12314891;98.841461
12316895;98.793289
12318914;98.744141
12320881;98.694023
12322877;98.642929
12324871;98.590866
12326877;98.537819
12329017;98.483810
12330907;98.428818
12332894;98.372864
12334892;98.315941
12336893;98.258041
12338896;98.199173
12340917;98.139343
12342903;98.078529
12344895;98.016754
12346895;97.954018
12348898;97.890312
12351042;97.825638
12352905;97.759995
12354897;97.693398
12356894;97.625824
12358895;97.557297
12360898;97.487801
12362911;97.417343
12364898;97.345932
12366901;97.273544
12368893;97.200211
12370894;97.125916
12372907;97.050652
12374880;96.974442
12376873;96.897270
12378876;96.819138
12380873;96.740051
12382875;96.660019
12384913;96.579018
12386893;96.497078
12388900;96.414177
12390898;96.330330
12392890;96.288048
12394912;96.159782
12396879;96.073082
12398875;95.985428
12400875;95.896843
12402876;95.807297
12404877;95.716812
12406917;95.625374
12408895;95.533005
12410897;95.439682
12412896;95.345428
12414894;95.250221
12416914;95.154076
12418880;95.057007
12420878;94.958984
12422875;94.860031
12424874;94.760132
12426877;94.659302
12428915;94.557549
12430901;94.454849
12432897;94.351219
12434896;94.246666
12436897;94.141174
12438914;94.034752
12440877;93.927414
12442877;93.819138
12444882;93.709938
12446871;93.599823
12448873;93.488770
12450915;93.376801
12452899;93.263916
12454890;93.150101
12456897;93.035362
12458897;92.919716
12460913;92.803146
12462883;92.685661
12464874;92.567268
12466873;92.447952
12468876;92.327728
12470881;92.206596
12472919;92.084557
12474901;91.961601
12476897;91.837738
12478898;91.712967
12480897;91.587296
12482917;91.460724
12484879;91.333237
12486872;91.204857
12488869;91.075584
12490876;90.945396
12492867;90.879974
12494918;90.682343
12496899;90.549477
12498894;90.415726
12500894;90.348503
12502892;90.145515
12504916;90.009079
12506883;89.871750
12508875;89.733551
12510876;89.594452
12512874;89.524567
12514914;89.313599
12516884;89.171860
12518880;89.029228
12520874;88.885727
12522871;88.741348
12524874;88.596085
12526918;88.449951
12528892;88.302948
12530899;88.155067
12532890;88.006332
12534896;87.856712
12536910;87.706230
12538882;87.554893
12540878;87.402679
12542877;87.249603
12544878;87.095680
12546875;86.940880
12548915;86.785217
12550906;86.628708
12552896;86.471344
12554894;86.313126
12556893;86.154068
12558911;85.994141
12560875;85.833374
12562876;85.671753
12564872;85.509285
12566878;85.345985
12568910;85.181847
12570873;85.016853
12572872;84.934029
12574873;84.684357
12576871;84.516853
12578879;84.348511
12580915;84.179352
12582900;84.009354
12584894;83.838524
12586893;83.666870
12588894;83.494385
12590950;83.321075
12592901;83.146980
12594894;82.972023
12596894;82.796249
12598896;82.619667
12600893;82.442268
12602909;82.264053
12604893;82.085037
12606898;81.905197
12608894;81.724556
12610896;81.543098
12612917;81.360847
12614877;81.177780
12616878;80.993942
12618877;80.809280
12620880;80.623817
12622879;80.437561
12624911;80.250511
12626896;80.062675
12628894;79.874062
12630900;79.684647
12632898;79.494438
12634917;79.303452
12636883;79.111679
12638880;78.919128
12640875;78.725800
12642873;78.725800
12644914;78.336807
12646875;78.141167
12648875;77.944740
12650878;77.846237
12652874;77.648666
12654876;77.350861
12656918;77.151367
12658890;76.951111
12660897;76.750099
12662893;76.548340
12664897;76.345810
12666917;76.142532
12668877;75.938499
12670878;75.733719
12672871;75.631050
12674871;75.321922
12676874;75.114906
12678915;74.907150
12680900;74.698647
12682895;74.489410
12684900;74.279442
12686898;74.068748
12688915;73.857307
12690876;73.645142
12692876;73.538780
12694872;73.218636
12696875;73.004295
12698878;72.789253
12700917;72.573486
12702893;72.356995
12704892;72.139786
12706894;71.921860
12708899;71.703232
12710913;71.483910
12712875;71.373962
12714879;71.043121
12716871;70.821671
12718875;70.599525
12720881;70.376678
12722909;70.153160
12724898;69.928932
12726894;69.816551
12728895;69.478401
12730897;69.252106
12732917;69.025124
12734882;68.797478
12736876;68.569145
12738876;68.340126
12740877;68.110435
12742872;67.880074
12744910;67.649040
12746898;67.417358
12748894;67.184998
12750898;66.951965
12752895;66.718277
12754913;66.483948
12756877;66.248940
12758873;66.013298
12760877;65.776993
12762883;65.540031
12764876;65.302429
12766911;65.064178
12768897;64.825287
12770903;64.585777
12772895;64.345604
12774898;64.104805
12776914;63.863361
12778880;63.621296
12780875;63.378597
12782876;63.135296
12784875;62.891354
12786875;62.646790
12788915;62.401604
12790903;62.155807
12792889;61.909397
12794897;61.662388
12796893;61.414753
12798912;61.166519
12800877;61.042183
12802874;60.668228
12804871;60.418213
12806878;60.167568
12808874;59.916359
12810915;59.664536
12812901;59.412121
12814897;59.159122
12816894;58.905560
12818899;58.651394
12820912;58.396656
12822878;58.141335
12824878;57.885437
12826875;57.628979
12828878;57.371964
12830923;57.114365
12832881;56.985344
12834877;56.597477
12836878;56.338192
12838876;56.078358
12840872;55.817978
12842914;55.557037
12844897;55.295544
12846896;55.033512
12848894;54.770927
12850901;54.507809
12852909;54.244167
12854881;53.979977
12856878;53.715248
12858873;53.449989
12860875;53.184204
12862921;52.917915
12864878;52.651100
12866872;52.383751
12868874;52.115883
12870882;51.847500
12872877;51.713127
12874912;51.309196
12876898;51.039307
12878899;50.768894
12880899;50.497978
12882896;50.226570
12885025;49.954655
12886906;49.682255
12888894;49.409382
12890894;49.136005
12892896;48.862137
12894895;48.587791
12896912;48.312962
12898879;48.037659
12900871;47.761898
12902872;47.485649
12904878;47.208931
12906920;46.931747
12908876;46.654099
12910876;46.375992
12912878;46.236778
12914872;45.818428
12916877;45.538975
12918913;45.259052
12920877;44.978683
12922878;44.697872
12924880;44.416637
12926882;44.134945
12928916;43.852818
12930882;43.570255
12932875;43.428825
12934872;43.003849
12936870;42.720028
12938872;42.435760
12940911;42.151081
12942886;41.865982
12944874;41.580467
12946873;41.294567
12948875;41.008240
12951041;40.721504
12952902;40.434368
12954895;40.146832
12956897;39.858898
12958888;39.570599
12960893;39.281879
12962908;38.992775
12964876;38.703285
12966874;38.413418
12968874;38.123165
12970876;37.832584
12972915;37.541588
12974877;37.250214
12976875;36.958477
12978872;36.666374
12980877;36.373913
12982877;36.081112
12984912;35.787930
12986893;35.494400
12988896;35.200516
12990899;34.906284
12992891;34.611710
12994914;34.316818
12996877;34.021561
12998872;33.725971
13000873;33.430046
13002868;33.133793
13004877;32.837212
13006914;32.540329
13008896;32.243107
13010902;31.945559
13012894;31.647699
13014898;31.349527
13016911;31.051048
13018877;30.752283
13020875;30.453190
13022878;30.153799
13024878;29.854134
13026870;29.554150
13028912;29.253874
13030900;28.953331
13032896;28.652481
13034895;28.351349
13036890;28.049934
13038911;27.748245
13040878;27.446281
13042872;27.144072
13044871;26.841568
13046880;26.538801
13048871;26.235771
13050917;25.932482
13052903;25.628939
13054893;25.325165
13056893;25.021118
13058892;24.716824
13060916;24.412287
13062875;24.107508
13064876;23.802490
13066879;23.497261
13068875;23.191778
13070880;22.886066
13072917;22.580128
13074898;22.273966
13076897;21.967585
13078893;21.661034
13080898;21.354221
13082911;21.047199
13084874;20.739969
13086870;20.432533
13088872;20.124922
13090877;19.817085
13092876;19.663082
13094919;19.200832
13096901;18.892418
13098895;18.583818
13100900;18.429462
13102893;17.966097
13104922;17.656956
13106878;17.347641
13108873;17.038157
13110876;16.728500
13112872;16.573624
13114873;16.108725
13116915;15.798585
13118899;15.488288
13120905;15.177840
13122896;14.867240
13124894;14.556519
13126912;14.245629
13128879;13.934599
13130877;13.623433
13132869;13.467834
13134877;13.000721
13136876;12.689183
13138918;12.377496
13140902;12.065687
13142898;11.753759
13144896;11.441715
13146896;11.129559
13148916;10.817315
13150878;10.504942
13152869;10.348703
13154875;9.879887
13156875;9.567211
13158872;9.254441
13160919;8.941605
13162895;8.628655
13164896;8.315620
13166892;8.002504
13168896;7.689308
13170903;7.376037
13172885;7.062716
13174875;6.749302
13176875;6.435822
13178876;6.122278
13180877;5.808673
13182917;5.495012
13184896;5.181319
13186895;4.867576
13188891;4.553761
13190900;4.239901
13192909;3.925998
13194878;3.612057
13196877;3.298105
13198879;2.984096
13200874;2.670057
13202875;2.355993
13204915;2.041904
13206901;1.727796
13208892;1.413695
13210900;1.099556
13212891;0.785405
13214914;0.471248
13216880;0.157085
13218878;-0.157079
13220877;-0.471218
13222874;-0.785375
13224880;-1.099525
13226920;-1.413665
13228897;-1.727790
13230899;-2.041898
13232894;-2.355963
13234894;-2.670027
13236910;-2.984066
13238879;-3.298074
13240881;-3.612027
13242874;-3.925944
13244876;-4.239846
13246879;-4.553706
13248913;-4.867522
13250903;-5.024400
13252891;-5.495005
13254893;-5.808643
13256893;-6.122248
13258915;-6.435792
13260876;-6.749272
13262872;-7.062686
13264878;-7.376031
13266874;-7.689279
13269018;-8.002474
13270910;-8.315591
13272897;-8.628626
13274897;-8.941574
13276895;-9.254436
13278893;-9.567182
13280903;-9.879857
13282881;-10.192435
13284873;-10.504911
13286874;-10.817286
13288876;-11.129552
13290923;-11.441686
13292904;-11.753706
13294900;-12.065634
13296894;-12.377443
13298897;-12.689130
13300894;-13.000690
13302902;-13.312101
13304873;-13.623403
13306875;-13.934570
13308872;-14.245600
13310876;-14.556490
13312910;-14.867234
13314874;-15.177811
13316876;-15.488259
13318880;-15.798555
13320882;-16.108694
13322879;-16.418676
13324908;-16.728497
13326872;-17.038126
13328871;-17.347612
13330875;-17.656927
13332875;-17.811506
13334930;-18.275030
13336912;-18.583813
13338898;-18.892389
13340894;-19.200802
13342896;-19.509026
13344897;-19.817057
13346908;-20.124868
13348881;-20.432505
13350880;-20.739916
13352876;-20.893570
13354877;-21.354168
13356879;-21.660980
13358912;-21.967579
13360898;-22.273960
13362890;-22.580097
13364896;-22.886036
13366894;-23.191748
13368912;-23.497232
13370877;-23.802485
13372875;-23.955011
13374875;-24.412256
13376878;-24.716795
13379028;-25.021088
13380907;-25.325138
13382895;-25.628933
13384893;-25.932476
13386893;-26.235741
13388897;-26.538771
13390915;-26.841539
13392868;-26.992813
13394874;-27.446276
13396877;-27.748240
13398884;-28.049908
13400912;-28.200659
13402879;-28.652430
13404877;-28.953281
13406878;-29.253843
13408878;-29.554098
13410877;-29.854084
13412910;-30.153772
13414895;-30.453163
13416890;-30.752254
13418890;-31.051043
13420897;-31.349501
13422917;-31.647673
13424878;-31.945532
13426876;-32.243076
13428872;-32.540302
13430876;-32.837208
13432878;-32.985527
13434918;-33.430019
13436896;-33.725945
13438893;-34.021534
13440895;-34.316792
13442895;-34.611706
13444911;-34.906258
13446874;-35.200489
13448875;-35.494373
13450878;-35.787903
13452874;-35.934525
13454876;-36.373882
13456916;-36.666325
13458897;-36.958427
13460903;-37.250168
13462896;-37.541534
13464898;-37.832535
13466910;-38.123161
13468873;-38.413387
13470875;-38.703259
13472880;-38.848064
13474876;-39.281853
13476872;-39.426250
13478915;-39.858894
13480900;-40.146805
13482890;-40.434341
13484892;-40.721478
13486895;-41.008209
13488911;-41.294540
13490874;-41.580467
13492875;-41.723259
13494878;-42.151054
13496876;-42.435734
13498877;-42.720001
13500916;-43.003841
13502901;-43.287262
13504896;-43.570229
13506895;-43.852791
13508893;-44.134895
13510916;-44.416592
13512886;-44.697845
13514880;-44.978657
13516872;-45.259007
13518871;-45.538925
13520878;-45.818401
13522912;-46.097420
13524898;-46.375988
13526897;-46.654095
13528892;-46.931721
13530893;-47.208904
13532911;-47.485622
13534878;-47.761871
13536879;-48.037647
13538877;-48.312950
13540874;-48.587757
13542876;-48.862106
13544916;-49.135971
13546897;-49.409351
13548894;-49.682243
13550897;-49.818497
13552893;-50.226532
13554917;-50.497948
13556876;-50.768864
13558870;-51.039280
13560881;-51.309193
13562876;-51.578552
13564882;-51.847446
13566916;-52.115829
13568900;-52.383698
13570904;-52.651054
13572895;-52.917885
13574892;-53.184174
13576919;-53.449959
13578882;-53.715218
13580877;-53.979946
13582879;-54.244137
13584879;-54.507797
13586880;-54.770897
13588913;-55.033482
13590898;-55.295517
13592897;-55.557007
13594891;-55.817951
13596897;-56.078346
13598912;-56.338161
13600878;-56.597446
13602871;-56.856174
13604872;-57.114334
13606878;-57.371933
13608930;-57.628967
13610914;-57.885414
13612897;-58.141304
13614898;-58.396626
13616891;-58.651344
13618897;-58.905514
13620918;-59.159096
13622878;-59.412075
13624875;-59.664490
13626873;-59.916313
13628876;-60.167545
13630916;-60.418182
13632880;-60.668224
13634879;-60.917645
13636878;-61.166489
13638880;-61.414730
13640878;-61.662357
13642912;-61.785934
13644897;-62.155796
13646891;-62.401573
13648897;-62.646759
13650894;-62.891323
13652917;-63.135265
13654880;-63.378590
13656871;-63.621284
13658874;-63.863338
13660882;-64.104774
13662874;-64.345573
13664910;-64.585747
13666902;-64.825279
13668894;-65.064171
13670895;-65.302383
13672894;-65.539993
13674918;-65.776947
13676882;-66.013260
13678875;-66.248917
13680880;-66.483917
13682880;-66.718254
13684874;-66.951942
13686913;-67.184967
13688901;-67.417336
13690900;-67.649033
13692894;-67.880043
13694895;-68.110413
13696905;-68.340096
13698885;-68.569115
13700878;-68.683365
13702878;-69.025116
13704874;-69.252083
13706877;-69.478378
13708915;-69.703987
13710902;-69.928902
13712896;-70.153137
13714892;-70.376678
13716891;-70.599503
13718915;-70.821648
13720888;-71.043098
13722881;-71.263847
13724875;-71.483871
13726878;-71.703209
13728870;-71.921829
13730917;-72.139755
13732895;-72.356949
13734894;-72.573456
13736895;-72.789230
13738896;-73.004295
13740915;-73.218613
13742882;-73.432228
13744876;-73.645126
13746880;-73.857292
13748878;-74.068726
13750871;-74.279434
13752908;-74.489388
13754894;-74.698624
13756895;-74.907127
13758896;-75.114883
13760899;-75.321899
13762914;-75.528183
13764880;-75.733711
13766873;-75.938477
13768878;-76.142525
13770879;-76.345787
13772929;-76.548302
13774913;-76.750092
13776899;-76.951096
13778895;-77.151337
13780897;-77.350845
13782897;-77.549561
13784915;-77.747513
13786874;-77.944717
13788872;-78.141136
13790873;-78.336807
13792875;-78.531677
13794928;-78.725777
13796913;-78.919121
13798894;-79.111656
13800896;-79.303444
13802896;-79.494415
13804894;-79.684639
13806905;-79.874046
13808881;-80.062660
13810872;-80.250511
13812877;-80.437546
13814877;-80.623817
13816928;-80.809258
13818912;-80.993912
13820903;-81.177780
13822898;-81.360832
13824894;-81.543098
13826892;-81.724533
13828909;-81.905197
13830879;-82.085022
13832874;-82.174629
13834878;-82.442261
13836875;-82.619652
13839023;-82.796249
13840901;-82.972008
13842894;-83.146942
13844890;-83.321091
13846893;-83.494377
13848894;-83.666878
13850912;-83.752808
13852875;-83.924034
13854873;-84.179352
13856879;-84.348511
13858878;-84.516838
13860928;-84.684326
13862912;-84.851006
13864899;-85.016823
13866890;-85.181801
13868892;-85.345963
13870900;-85.509262
13872912;-85.671738
13874876;-85.833344
13876879;-85.994102
13878875;-86.154037
13880874;-86.313095
13883026;-86.471329
13884904;-86.628685
13886892;-86.785210
13888898;-86.940849
13890901;-87.095634
13892896;-87.249588
13894908;-87.402657
13896877;-87.554878
13898876;-87.706215
13900877;-87.856689
13902875;-88.006317
13904922;-88.155052
13906897;-88.302948
13908898;-88.449944
13910898;-88.596085
13912901;-88.741333
13914894;-88.885704
13916912;-89.029221
13918874;-89.171837
13920879;-89.313599
13922871;-89.454453
13924877;-89.594421
13927006;-89.733536
13928898;-89.871742
13930896;-90.009079
13932896;-90.145508
13934892;-90.281067
13936893;-90.415703
13938907;-90.549461
13940881;-90.682343
13942872;-90.814308
13944877;-90.945396
13946876;-91.075569
13949036;-91.204849
13950902;-91.333237
13952903;-91.460709
13954899;-91.587296
13956893;-91.712967
13958896;-91.837738
13960913;-91.961601
13962899;-92.084541
13964896;-92.206596
13966892;-92.327705
13968897;-92.447945
13970909;-92.567245
13972876;-92.626556
13974881;-92.803131
13976876;-92.919693
13978880;-93.035355
13980878;-93.150070
13982915;-93.263885
13984904;-93.376785
13986897;-93.488747
13988893;-93.599800
13990891;-93.709923
13992915;-93.819130
13994880;-93.927399
13996873;-94.034737
13998876;-94.141159
14000876;-94.194016
14002876;-94.351212
14004913;-94.454834
14006898;-94.557526
14008896;-94.659294
14010903;-94.760117
14012897;-94.860016
14014920;-94.958969
14016880;-95.056999
14018875;-95.154068
14020879;-95.250206
14022878;-95.345413
14024877;-95.439674
14026912;-95.532997
14028893;-95.625374
14030898;-95.716789
14032893;-95.807289
14034894;-95.896828
14036911;-95.985428
14038875;-96.073074
14040880;-96.159782
14042874;-96.245522
14044882;-96.330322
14046930;-96.414177
14048905;-96.497070
14050900;-96.579018
14052894;-96.660011
14054896;-96.740044
14056896;-96.819138
14058922;-96.897255
14060877;-96.974442
14062876;-97.050652
14064871;-97.125916
14066873;-97.200203
14069040;-97.273544
14070905;-97.345924
14072895;-97.417343
14074893;-97.487793
14076898;-97.557281
14078893;-97.625809
14080915;-97.693382
14082881;-97.759987
14084873;-97.825630
14086875;-97.890297
14088874;-97.954010
14090919;-98.016754
14092901;-98.078522
14094900;-98.139336
14096896;-98.199165
14098893;-98.258034
14100899;-98.315933
14102914;-98.372856
14104900;-98.428818
14106895;-98.483803
14108892;-98.537811
14110899;-98.590858
14112915;-98.642929
14114876;-98.694023
14116880;-98.744133
14118875;-98.793289
14120874;-98.841454
14123033;-98.888657
14124900;-98.934868
14126893;-98.980103
14128889;-99.024376
14130900;-99.067665
14132894;-99.109978
14134916;-99.151306
14136876;-99.191666
14138879;-99.231033
14140875;-99.269424
14142878;-99.306847
14144878;-99.343285
14146905;-99.378738
14148898;-99.413208
14150889;-99.430077
14152891;-99.479218
14154893;-99.510742
14156908;-99.541298
14158874;-99.570862
14160876;-99.599442
14162876;-99.627037
14164877;-99.653656
14166874;-99.679283
14168909;-99.703934
14170904;-99.727600
14172894;-99.750282
14174894;-99.771973
14176892;-99.792686
14178911;-99.812408
14180874;-99.831161
14182874;-99.848907
14184877;-99.865677
14186875;-99.881462
14188873;-99.896263
14190916;-99.910072
14192893;-99.922905
14194893;-99.934746
14196893;-99.945602
14198893;-99.955460
14200910;-99.964348
14202881;-99.972244
14204875;-99.979149
14206877;-99.985069
14208875;-99.990005
14211033;-99.993958
14212902;-99.996910
14214896;-99.998894
14216897;-99.999878
14218891;-99.999878
14220897;-99.998894
14222916;-99.996918
14224883;-99.993958
14226873;-99.992104
14228876;-99.985077
14230875;-99.979149
14232914;-99.972244
14234880;-99.964348
14236879;-99.955467
14238881;-99.945602
14240878;-99.934746
14242923;-99.922905
14244915;-99.910080
14246896;-99.896263
14248895;-99.881462
14250896;-99.865685
14252897;-99.848907
14254917;-99.831161
14256901;-99.812416
14258898;-99.792686
14260894;-99.771973
14262893;-99.750282
14264935;-99.727600
14266896;-99.703934
14268897;-99.679283
14270897;-99.653656
14272895;-99.627037
14274893;-99.599442
14276916;-99.570862
14278902;-99.541298
14280895;-99.510750
14282892;-99.479218
14284893;-99.446709
14286917;-99.413208
14288888;-99.378738
14290879;-99.343285
14292878;-99.325195
14294875;-99.269440
14296926;-99.231041
14298913;-99.191666
14300903;-99.171616
14302894;-99.109985
14304896;-99.067673
14306896;-99.024384
14308912;-98.980118
14310881;-98.934868
14312876;-98.911888
14314878;-98.841461
14316876;-98.793289
14318915;-98.744148
14320871;-98.694023
14322872;-98.642937
14324879;-98.590866
14326875;-98.537827
14328873;-98.483810
14330911;-98.428825
14332900;-98.372871
14334898;-98.315941
14336893;-98.258049
14338892;-98.199181
14340916;-98.139343
14342881;-98.078537
14344874;-98.016754
14346874;-97.954025
14348874;-97.890312
14350925;-97.825638
14352913;-97.760002
14354895;-97.693398
14356895;-97.625824
14358894;-97.557297
14360899;-97.487801
14362916;-97.417351
14364886;-97.345924
14366881;-97.273552
14368873;-97.200203
14370874;-97.125916
14373050;-97.050652
14374905;-96.974442
14376896;-96.897270
14378895;-96.819138
14380896;-96.740051
14382898;-96.660011
14384913;-96.579018
14386875;-96.497086
14388873;-96.414177
14390875;-96.330330
14392870;-96.288055
14394907;-96.159782
14396880;-96.073074
14398877;-95.985443
14400874;-95.896851
14402881;-95.807304
14404877;-95.716820
14406911;-95.625381
14408892;-95.533012
14410894;-95.439697
14412895;-95.345428
14414895;-95.250237
14416917;-95.154083
14418879;-95.057007
14420881;-94.958984
14422873;-94.860039
14424876;-94.760147
14426875;-94.659309
14428915;-94.557556
14430896;-94.454849
14432890;-94.351234
14434893;-94.246681
14436898;-94.141182
14438913;-94.034767
14440881;-93.927414
14442876;-93.819145
14444875;-93.709961
14446877;-93.599823
14448878;-93.488785
14450916;-93.432899
14452899;-93.263916
14454892;-93.150093
14456897;-93.035370
14458898;-92.919724
14460900;-92.803154
14462879;-92.685677
14464871;-92.567268
14466874;-92.447960
14468876;-92.327744
14470917;-92.206596
14472881;-92.084564
14474880;-91.961601
14476873;-91.837738
14478877;-91.712967
14480878;-91.587296
14482916;-91.460732
14484902;-91.333237
14486896;-91.204865
14488897;-91.075569
14490899;-90.945396
14492907;-90.814331
14494880;-90.682343
14496875;-90.549484
14498873;-90.415703
14500877;-90.281067
14502875;-90.145508
14504916;-90.009079
14506896;-89.871780
14508896;-89.733559
14510897;-89.594475
14512896;-89.454475
14514915;-89.313622
14516874;-89.171890
14518872;-89.029243
14520873;-88.885750
14522874;-88.741356
14524929;-88.596107
14526910;-88.449959
14528899;-88.302971
14530898;-88.155106
14532898;-88.006340
14534891;-87.856735
14536916;-87.706238
14538879;-87.554901
14540877;-87.402702
14542874;-87.249611
14544870;-87.095680
14546876;-86.940872
14548914;-86.785233
14550904;-86.628708
14552895;-86.471352
14554893;-86.313148
14556895;-86.154060
14558918;-85.994148
14560875;-85.833374
14562876;-85.671761
14564875;-85.509315
14566876;-85.345993
14568932;-85.181847
14570916;-85.016846
14572901;-84.851036
14574895;-84.684349
14576895;-84.516861
14578898;-84.348534
14580914;-84.179352
14582875;-84.009369
14584875;-83.838524
14586879;-83.666878
14588874;-83.494408
14590918;-83.321091
14592880;-83.146973
14594874;-82.972008
14596877;-82.796249
14598874;-82.619652
14600875;-82.531059
14602916;-82.264069
14604902;-82.085022
14606895;-81.905197
14608895;-81.724533
14610899;-81.543098
14612911;-81.360855
14614884;-81.177811
14616875;-80.993965
14618879;-80.809288
14620876;-80.623840
14622935;-80.437599
14624915;-80.250534
14626902;-80.062714
14628899;-79.874077
14630901;-79.684669
14632897;-79.494446
14634914;-79.303474
14636880;-79.111710
14638876;-78.919151
14640880;-78.725830
14642879;-78.531708
14644913;-78.336838
14646882;-78.141197
14648875;-77.944756
14650876;-77.747574
14652879;-77.648659
14654872;-77.350876
14656915;-77.151367
14658901;-76.951126
14660896;-76.750122
14662894;-76.548340
14664893;-76.345825
14666917;-76.142525
14668881;-75.938507
14670873;-75.733742
14672870;-75.631042
14674875;-75.321938
14676873;-75.114906
14678918;-74.907158
14680903;-74.698639
14682896;-74.489418
14684897;-74.279465
14686898;-74.068741
14688915;-73.857323
14690881;-73.645142
14692875;-73.538795
14694873;-73.218666
14696872;-73.004303
14698873;-72.789261
14700911;-72.573471
14702898;-72.356987
14704899;-72.139763
14706895;-71.921860
14708897;-71.703247
14710913;-71.483887
14712879;-71.263863
14714879;-71.043098
14716881;-70.821671
14718872;-70.599533
14720881;-70.376678
14722918;-70.153191
14724899;-69.928940
14726888;-69.704033
14728893;-69.478439
14730894;-69.252129
14732919;-69.025169
14734884;-68.797493
14736875;-68.569168
14738874;-68.340134
14740871;-68.110466
14742874;-67.880119
14744909;-67.649063
14746900;-67.417389
14748894;-67.185005
14750898;-67.068581
14752897;-66.718323
14754913;-66.483955
14756882;-66.248970
14758869;-66.013298
14760881;-65.777000
14762877;-65.540024
14764874;-65.302437
14766914;-65.064201
14768896;-64.825294
14770896;-64.585785
14772891;-64.345589
14774894;-64.104805
14776918;-63.863392
14778879;-63.621307
14780877;-63.378628
14782874;-63.135292
14784873;-62.891365
14786874;-62.646778
14788914;-62.401615
14790898;-62.155830
14792895;-61.909401
14794893;-61.662399
14796891;-61.414749
14798917;-61.166527
14800876;-60.917706
14802875;-60.668243
14804877;-60.418217
14806874;-60.167564
14808876;-59.916348
14810913;-59.664505
14812903;-59.412109
14814894;-59.159134
14816899;-58.905529
14818894;-58.651386
14820909;-58.396626
14822880;-58.141327
14824878;-57.885448
14826881;-57.628967
14828875;-57.371990
14830880;-57.114376
14832909;-56.856228
14834895;-56.597485
14836896;-56.338223
14838894;-56.078403
14840900;-55.817993
14842913;-55.557068
14844881;-55.295555
14846874;-55.033539
14848882;-54.770977
14850875;-54.507839
14852874;-54.376083
14854913;-53.979980
14856898;-53.715279
14858895;-53.450001
14860901;-53.184235
14862895;-52.917946
14864916;-52.651096
14866885;-52.383762
14868879;-52.115868
14870874;-51.847504
14872874;-51.713135
14874878;-51.309212
14876895;-51.039322
14878876;-50.768887
14880875;-50.497990
14882874;-50.226559
14884878;-49.954666
14886941;-49.682285
14888895;-49.409370
14890904;-49.136013
14892895;-48.862125
14894897;-48.587799
14896890;-48.312996
14898911;-48.037670
14900899;-47.899849
14902897;-47.485641
14904894;-47.208942
14906889;-46.931778
14908915;-46.654110
14910877;-46.376026
14912880;-46.097439
14914874;-45.818439
14916872;-45.538944
14918878;-45.259045
14920919;-44.978695
14922901;-44.697865
14924898;-44.416630
14926894;-44.134918
14928893;-43.852810
14930902;-43.570271
14932879;-43.287258
14934874;-43.003864
14936874;-42.720039
14938876;-42.435799
14940905;-42.151093
14942918;-41.866016
14944902;-41.580528
14946895;-41.294582
14948894;-41.008274
14950901;-40.721519
14952916;-40.434402
14954896;-40.146889
14956892;-39.858932
14958895;-39.570629
14960898;-39.281891
14962913;-38.992809
14964882;-38.703300
14966880;-38.413452
14968879;-38.123226
14970879;-37.832577
14972881;-37.541599
14974914;-37.250210
14976902;-37.104397
14978893;-36.666412
14980896;-36.373924
14982896;-36.081123
14984916;-35.787922
14986875;-35.494415
14988872;-35.200508
14990872;-34.906300
14992873;-34.759064
14994873;-34.316807
14996913;-34.021576
14998902;-33.725964
15000901;-33.430061
15002900;-33.133827
15004898;-32.837227
15006912;-32.540344
15008878;-32.243095
15010869;-31.945574
15012873;-31.796694
15014875;-31.349543
15017060;-31.051085
15018902;-30.752274
15020892;-30.453205
15022893;-30.153790
15024893;-29.854124
15026893;-29.554165
15028908;-29.253864
15030879;-28.953323
15032877;-28.802944
15034875;-28.351339
15036872;-28.049904
15039054;-27.748236
15040904;-27.446297
15042900;-27.144039
15044898;-26.841604
15046895;-26.538816
15048896;-26.235809
15050918;-26.084209
15052901;-25.628975
15054895;-25.325203
15056899;-25.021133
15058895;-24.716862
15060915;-24.412348
15062880;-24.107544
15064873;-23.802551
15066874;-23.497276
15068874;-23.191816
15070882;-22.886080
15072910;-22.580164
15074899;-22.274027
15076901;-21.967623
15078897;-21.661047
15080898;-21.354214
15082912;-21.047215
15084884;-20.740007
15086872;-20.432549
15088877;-20.124935
15090877;-19.817076
15092877;-19.509069
15094912;-19.200823
15096900;-18.892433
15098891;-18.583858
15100895;-18.275051
15102899;-17.966110
15104950;-17.656948
15106917;-17.347656
15108899;-17.038193
15110908;-16.728516
15112892;-16.418720
15114893;-16.108715
15116908;-15.798600
15118880;-15.488279
15120878;-15.177855
15122875;-14.867279
15124873;-14.556509
15126911;-14.245645
15128877;-13.934591
15130873;-13.623447
15132872;-13.467825
15134877;-13.000711
15136877;-12.689175
15138917;-12.377464
15140902;-12.065679
15142898;-11.753728
15144893;-11.441707
15146894;-11.129574
15148920;-10.817284
15150880;-10.504933
15152876;-10.192480
15154876;-9.879926
15156875;-9.567274
15158872;-9.254481
15160913;-8.941644
15162871;-8.628671
15164873;-8.315660
15166878;-8.002520
15168873;-7.689348
15170926;-7.376100
15172909;-7.062732
15174898;-6.749341
15176893;-6.435838
15178893;-6.122317
15180900;-5.808736
15182909;-5.495050
15184900;-5.181358
15186895;-4.867567
15188892;-4.553775
15190898;-4.239939
15192913;-3.926013
15194879;-3.612096
15196874;-3.298096
15198873;-2.984111
15200875;-2.827107
15202874;-2.356008
15204911;-2.041943
15206904;-1.727811
15208898;-1.413710
15210901;-1.099547
15212899;-0.785421
15214909;-0.471287
15216881;-0.157100
15218878;0.157080
15220875;0.471237
15222881;0.785390
15224879;1.099535
15226908;1.413669
15228876;1.727790
15230876;2.041893
15232875;2.355976
15234875;2.670036
15236914;2.984070
15238880;3.298074
15240880;3.612046
15242875;3.925981
15244871;4.239879
15246879;4.553734
15248899;4.867544
15250880;5.181307
15252872;5.495018
15254871;5.808674
15256872;6.122274
15258914;6.435814
15260877;6.749289
15262877;7.062697
15264875;7.376038
15266877;7.689305
15268872;8.002495
15270915;8.315607
15272899;8.628635
15274889;8.941581
15276888;9.254436
15278891;9.567202
15280914;9.879873
15282886;10.192444
15284875;10.504917
15286876;10.817286
15288875;11.129548
15290875;11.441700
15292920;11.753738
15294900;12.065662
15296897;12.377467
15298894;12.689150
15300900;13.000705
15302919;13.312133
15304877;13.623430
15306875;13.934594
15308876;14.245617
15310875;14.556500
15312877;14.867243
15314913;15.177837
15316899;15.488280
15318893;15.798573
15320898;16.108707
15322894;16.418684
15324911;16.728498
15326878;17.038149
15328878;17.347628
15330871;17.656937
15332874;17.966076
15334873;18.275032
15336915;18.583811
15338900;18.892406
15340898;19.200811
15342895;19.509031
15344892;19.817057
15346917;20.124889
15348875;20.432520
15350876;20.586262
15352870;21.047176
15354875;21.354193
15356932;21.660999
15358910;21.967592
15360902;22.273970
15362895;22.580126
15364896;22.886059
15366895;23.191769
15368915;23.497246
15370900;23.802494
15372894;24.107506
15374897;24.412279
15376890;24.716812
15378911;25.021099
15380879;25.325144
15382874;25.628939
15384876;25.932476
15386874;26.235760
15388878;26.538784
15390919;26.841545
15392896;27.144045
15394899;27.446274
15396892;27.748230
15398891;28.049919
15400900;28.351324
15402878;28.652456
15404873;28.953299
15406874;29.253859
15408878;29.554132
15411040;29.854111
15412909;30.153793
15414893;30.453184
15416899;30.752268
15418892;31.051052
15420895;31.349527
15422912;31.647697
15424878;31.945551
15426876;32.243092
15428878;32.540310
15430874;32.837208
15432940;33.133785
15434897;33.430038
15436896;33.725952
15438897;34.021542
15440900;34.316792
15442893;34.611706
15444895;34.906273
15446879;35.200500
15448875;35.494377
15450878;35.787907
15452875;36.081081
15454922;36.373901
15456903;36.666363
15458897;36.958458
15460899;37.250191
15462891;37.541557
15464896;37.832550
15466915;38.123173
15468894;38.413418
15470897;38.703281
15472896;38.992767
15474897;39.281864
15476915;39.570580
15478880;39.858898
15480876;40.146824
15482880;40.434357
15484875;40.721493
15486873;41.008221
15488911;41.294548
15490903;41.580467
15492893;41.865971
15494892;42.151066
15496895;42.435749
15498911;42.720005
15500884;42.861973
15502881;43.287258
15504879;43.570240
15506877;43.852798
15508879;44.134922
15510916;44.416611
15512894;44.697861
15514893;44.978668
15516898;45.259033
15518893;45.538948
15520914;45.818417
15522884;46.097435
15524879;46.375996
15526878;46.654099
15528876;46.931744
15530881;47.208927
15532912;47.485634
15534899;47.761883
15536896;48.037659
15538892;48.312958
15540895;48.587780
15542909;48.862122
15544877;49.135986
15546879;49.409363
15548872;49.682243
15550876;49.954647
15552873;50.226551
15554918;50.497963
15556900;50.768871
15558893;51.039284
15560902;51.309193
15562892;51.578583
15564916;51.847477
15566875;52.115856
15568876;52.383720
15570881;52.651070
15572878;52.917896
15574880;53.184204
15576916;53.449982
15578901;53.715237
15580905;53.979958
15582894;54.244156
15584895;54.507809
15586911;54.770924
15588878;55.033501
15590878;55.295532
15592877;55.557018
15594877;55.817963
15596876;56.078350
15598914;56.338184
15600905;56.597466
15602901;56.856178
15604902;57.114338
15606896;57.371937
15608915;57.628967
15610882;57.885426
15612877;58.141319
15614874;58.396633
15616880;58.651371
15618873;58.905529
15620915;59.159111
15622899;59.412106
15624892;59.664516
15626894;59.916336
15628894;60.167557
15630915;60.418190
15632879;60.668228
15634877;60.917671
15636873;61.166508
15638872;61.414749
15640880;61.662376
15642911;61.909389
15644897;62.032669
15646894;62.401592
15648893;62.646778
15650898;62.769135
15652912;63.135277
15654877;63.378597
15656878;63.621284
15658882;63.863350
15660878;64.104782
15662868;64.345589
15664917;64.585754
15666900;64.825279
15668891;65.064171
15670892;65.302414
15672894;65.540009
15674914;65.776978
15676879;66.013275
15678880;66.248932
15680877;66.483932
15682872;66.718277
15684874;66.951958
15686915;67.184982
15688897;67.417351
15690898;67.649040
15692898;67.880074
15694893;68.110428
15696913;68.340118
15698886;68.569130
15700872;68.797462
15702871;69.025124
15704879;69.252098
15707056;69.478394
15708907;69.703995
15710904;69.928909
15712888;70.153137
15714890;70.376678
15716890;70.599518
15718911;70.821655
15720883;71.043106
15722878;71.263847
15724877;71.483887
15726877;71.593643
15729044;71.921852
15730903;72.139778
15732897;72.356972
15734896;72.573471
15736896;72.789238
15738891;73.004303
15740899;73.218636
15742874;73.432251
15744882;73.645142
15746875;73.857300
15748871;74.068741
15751064;74.279442
15752904;74.489403
15754892;74.698639
15756895;74.907135
15758900;75.114891
15760905;75.321915
15762916;75.528183
15764884;75.733711
15766883;75.938484
15768878;76.142517
15770873;76.345795
15773076;76.548325
15774903;76.750092
15776896;76.951103
15778896;77.151352
15780893;77.350845
15782893;77.549568
15784913;77.747536
15786880;77.944733
15788878;78.141159
15790873;78.336807
15792877;78.434349
15795040;78.725800
15796906;78.919128
15798897;79.111679
15800902;79.207657
15802899;79.494438
15804892;79.684631
15806913;79.874054
15808880;80.062675
15810881;80.250511
15812877;80.437561
15814877;80.623810
15816917;80.809273
15818880;80.993927
15820871;81.177780
15822873;81.360840
15824872;81.543091
15826870;81.724548
15828915;81.905190
15830907;82.085022
15832895;82.264038
15834891;82.442261
15836892;82.619659
15838896;82.796242
15840880;82.972015
15842872;83.146957
15844876;83.321083
15846873;83.494392
15848916;83.666870
15850882;83.838524
15852870;83.924042
15854874;84.179352
15856877;84.348526
15858876;84.516853
15860916;84.684349
15862897;84.851013
15864895;85.016846
15866895;85.181831
15868893;85.345985
15870901;85.509285
15872878;85.590622
15874876;85.833366
15876876;85.994133
15878873;86.154045
15880915;86.313118
15882879;86.471336
15884881;86.628700
15886881;86.785210
15888875;86.940865
15890877;87.095657
15892911;87.249596
15894893;87.402672
15896893;87.554886
15898889;87.706230
15900899;87.856712
15902913;88.006325
15904888;88.155075
15906877;88.302948
15908875;88.449944
15910883;88.596085
15912876;88.668823
15914912;88.885719
15916900;89.029221
15918900;89.171852
15920900;89.313599
15922894;89.454460
15924914;89.594444
15926880;89.733536
15928878;89.871750
15930880;90.009079
15932873;90.077400
15934876;90.281052
15936912;90.415710
15938901;90.549469
15940903;90.682343
15942892;90.814316
15944895;90.945389
15946921;91.075569
15948880;91.204857
15950875;91.269150
15952870;91.397087
15954873;91.587296
15956915;91.712967
15958877;91.837730
15960878;91.961594
15962869;92.084541
15964870;92.206589
15966877;92.327728
15968915;92.447952
15970901;92.567261
15972897;92.685661
15974893;92.803139
15976895;92.919708
15978915;93.035355
15980880;93.150093
15982877;93.263908
15984880;93.376793
15986873;93.488762
15988875;93.599808
15990912;93.709930
15992901;93.819130
15994897;93.927406
15996898;94.034752
15998898;94.141167
16000913;94.246658
16002876;94.351212
16004880;94.454842
16006873;94.557541
16008879;94.659302
16010878;94.760132
16012917;94.860016
16014899;94.958969
16016896;95.056992
16018892;95.154076
16020899;95.250214
16022911;95.345421
16024880;95.439682
16026878;95.532997
16028873;95.625374
16030878;95.716805
16032874;95.762169
16034917;95.896835
16036902;95.985428
16038895;96.073074
16040900;96.159775
16042892;96.245529
16044910;96.330322
16046880;96.414169
16048871;96.497070
16050879;96.579018
16052873;96.619637
16054875;96.740051
16056907;96.819130
16058899;96.897263
16060899;96.974442
16062897;97.050652
16064896;97.125908
16066915;97.200203
16068878;97.273544
16070877;97.345917
16072873;97.381752
16074873;97.487793
16076875;97.557297
16078907;97.625824
16080898;97.693390
16082892;97.759995
16084892;97.825638
16086889;97.890305
16088917;97.954018
16090881;98.016754
16092878;98.078529
16094877;98.139336
16096874;98.199173
16099058;98.258034
16100902;98.287109
16102898;98.372864
16104893;98.428818
16106897;98.483810
16108895;98.537819
16110900;98.590858
16112876;98.642929
16114878;98.694023
16116876;98.744141
16118873;98.793289
16120915;98.841454
16122877;98.888649
16124874;98.934868
16126880;98.980110
16128875;99.024376
16130882;99.067665
16132903;99.109970
16134874;99.151306
16136872;99.191658
16138876;99.231033
16140873;99.269432
16142914;99.306847
16144880;99.343285
16146877;99.378738
16148878;99.413208
16150875;99.446701
16152879;99.479218
16154914;99.510742
16156902;99.541290
16158899;99.570862
16160896;99.599442
16162892;99.627037
16164915;99.653656
16166877;99.679283
16168879;99.703934
16170880;99.727600
16172871;99.750282
16174875;99.771973
16176913;99.792686
16178880;99.812408
16180880;99.831154
16182873;99.848907
16184874;99.865685
16186913;99.881462
16188876;99.896263
16190877;99.910072
16192877;99.922905
16194871;99.934746
16196879;99.945602
16198918;99.955467
16200900;99.964348
16202898;99.972244
16204896;99.979149
16206896;99.985077
16208912;99.990005
16210877;99.993958
16212876;99.996918
16214873;99.998894
16216877;99.999878
16218877;99.999878
16220912;99.998894
16222894;99.996918
16224894;99.993958
16226897;99.990005
16228893;99.985077
16230904;99.979149
16232876;99.972244
16234873;99.964348
16236870;99.955467
16238872;99.945602
16240937;99.934746
16242898;99.922905
16244893;99.910072
16246892;99.896263
16248903;99.881462
16250898;99.873695
16252914;99.848907
16254897;99.831154
16256895;99.812408
16258893;99.792686
16260894;99.771973
16262914;99.750282
16264876;99.727600
16266873;99.703941
16268875;99.679283
16270879;99.653656
16272872;99.627037
16274913;99.599442
16276899;99.570862
16278896;99.541298
16280896;99.510750
16282899;99.479218
16284912;99.446701
16286881;99.413208
16288873;99.378738
16290877;99.343285
16292875;99.306847
16294875;99.269432
16296911;99.231033
16298899;99.191666
16300903;99.151306
16302893;99.109978
16304891;99.067673
16306915;99.024376
16308874;98.980110
16310875;98.934868
16312876;98.888657
16314876;98.841461
16316875;98.793289
16318913;98.744141
16320899;98.694023
16322894;98.642929
16324895;98.590866
16326896;98.537819
16328955;98.483810
16330912;98.428818
16332902;98.372864
16334898;98.315941
16336893;98.258041
16338891;98.199173
16340914;98.139343
16342879;98.078529
16344876;98.016754
16346882;97.954018
16348878;97.890312
16350881;97.825638
16352915;97.759995
16354898;97.693398
16356891;97.625824
16358888;97.557297
16360895;97.487801
16362914;97.417343
16364879;97.345932
16366875;97.273544
16368876;97.200211
16370881;97.125916
16372913;97.050652
16374885;96.974442
16376877;96.897270
16378881;96.819138
16380874;96.740051
16382878;96.660019
16384917;96.579018
16386881;96.497078
16388879;96.414177
16390881;96.330330
16392883;96.245529
16394919;96.159782
16396877;96.073082
16398879;95.985428
16400876;95.941254
16402874;95.807297
16404875;95.716812
16406910;95.625374
16408897;95.533005
16410899;95.439682
16412899;95.345428
16414894;95.250221
16416911;95.154076
16418874;95.057007
16420872;94.958984
16422872;94.860031
16424875;94.760132
16426875;94.659302
16428916;94.557549
16430895;94.454849
16432891;94.351219
16434898;94.246666
16436893;94.141174
16438915;94.034752
16440878;93.927414
16442878;93.819138
16444877;93.709938
16446872;93.599823
16448877;93.488770
16450913;93.376801
16452897;93.263916
16454900;93.150101
16456897;93.035362
16458893;92.919716
16460915;92.803146
16462887;92.685661
16464872;92.567268
16466880;92.447952
16468873;92.327728
16470879;92.206596
16472911;92.084557
16474900;91.961601
16476897;91.899780
16478898;91.712967
16480896;91.587296
16482911;91.460724
16484879;91.333237
16486879;91.204857
16488879;91.075584
16490873;90.945396
16492874;90.879974
16494909;90.682343
16496898;90.549477
16498898;90.415726
16500897;90.281067
16502894;90.145515
16504915;90.009079
16506877;89.871750
16508879;89.733551
16510879;89.594452
16512878;89.524567
16514880;89.313599
16516912;89.171860
16518897;89.029228
16520895;88.885727
16522893;88.741348
16524893;88.596085
16526912;88.449951
16528902;88.302948
16530901;88.155067
16532899;88.006332
16534900;87.856712
16536919;87.706230
16538877;87.554893
16540876;87.402679
16542875;87.249603
16544878;87.095680
16546875;86.940880
16548915;86.785217
16550902;86.707069
16552895;86.471344
16554891;86.313126
16556891;86.154068
16558914;85.994141
16560879;85.833374
16562882;85.671753
16564873;85.509285
16566870;85.345985
16568880;85.181847
16570916;85.016853
16572900;84.851021
16574893;84.684357
16576889;84.516853
16578896;84.348511
16580908;84.179352
16582883;84.009354
16584875;83.838524
16586871;83.666870
16588874;83.494385
16590877;83.321075
16592916;83.146980
16594903;82.972023
16596894;82.796249
16598897;82.619667
16600899;82.442268
16602912;82.264053
16604879;82.085037
16606872;81.905197
16608881;81.724556
16610878;81.543098
16612878;81.452087
16614916;81.177780
16616896;80.993942
16618893;80.809280
16620899;80.623817
16622896;80.437561
16624912;80.250511
16626876;80.062675
16628874;79.874062
16630882;79.684647
16632874;79.589630
16634880;79.303452
16636915;79.111679
16638897;78.919128
16640903;78.725800
16642891;78.531693
16644896;78.336807
16646913;78.141167
16648881;77.944740
16650878;77.747559
16652873;77.648666
16654872;77.350861
16656876;77.151367
16658918;76.951111
16660904;76.750099
16662896;76.548340
16664890;76.345810
16666893;76.142532
16668911;75.938499
16670879;75.733719
16672874;75.631050
16674880;75.321922
16676875;75.114906
16678937;74.907150
16680903;74.698647
16682897;74.489410
16684895;74.279442
16686895;74.068748
16688892;73.857307
16690917;73.645142
16692897;73.432251
16694895;73.218636
16696889;73.004295
16698894;72.789253
16700916;72.681442
16702879;72.356995
16704874;72.139786
16706874;71.921860
16708878;71.703232
16710881;71.483910
16712915;71.263863
16714898;71.043121
16716892;70.821671
16718898;70.599525
16720902;70.376678
16722914;70.153160
16724880;69.928932
16726874;69.704010
16728874;69.478401
16730876;69.252106
16732881;69.025124
16734918;68.797478
16736900;68.569145
16738898;68.340126
16740901;68.110435
16742897;67.880074
16744911;67.649040
16746882;67.417358
16748873;67.184998
16750880;66.951965
16752876;66.835213
16754875;66.483948
16756912;66.248940
16758900;66.013298
16760905;65.776993
16762892;65.540031
16764891;65.302429
16766915;65.064178
16768876;64.825287
16770880;64.585777
16772879;64.465759
16774874;64.104805
16776880;63.863361
16778915;63.621296
16780898;63.378597
16782898;63.135296
16784900;62.891354
16786893;62.646790
16788908;62.401604
16790879;62.155807
16792876;62.032688
16794875;61.662388
16796878;61.414753
16798873;61.166519
16800915;60.917675
16802904;60.668228
16804893;60.418213
16806893;60.167568
16808895;59.916359
16810917;59.664536
16812875;59.538414
16814876;59.159122
16816882;58.905560
16818880;58.651394
16820930;58.396656
16822915;58.141335
16824901;57.885437
16826895;57.628979
16828896;57.371964
16830898;57.114365
16832914;56.856201
16834879;56.597477
16836877;56.338192
16838875;56.078358
16840878;55.817978
16842878;55.557037
16844909;55.295544
16846898;55.033512
16848893;54.770927
16850897;54.639446
16852898;54.244167
16854902;53.979977
16856879;53.715248
16858876;53.449989
16860879;53.184204
16862870;52.917915
16864909;52.651100
16866882;52.383751
16868875;52.115883
16870877;51.847500
16872875;51.713127
16874876;51.309196
16876913;51.039307
16878900;50.768894
16880899;50.497978
16882891;50.226570
16884896;49.954655
16886916;49.682255
16888886;49.409382
16890877;49.136005
16892875;48.862137
16894872;48.587791
16896949;48.312962
16898899;48.037659
16900892;47.761898
16902898;47.485649
16904896;47.208931
16906895;46.931747
16908914;46.654099
16910882;46.375992
16912869;46.236778
16914873;45.818428
16916880;45.538975
16919080;45.259052
16920907;44.978683
16922896;44.697872
16924898;44.416637
16926896;44.134945
16928889;43.852818
16930917;43.570255
16932876;43.287266
16934877;43.003849
16936879;42.720028
16938882;42.435760
16940913;42.151081
16942875;41.865982
16944875;41.580467
16946875;41.294567
16948880;41.008240
16950879;40.721504
16952915;40.434368
16954898;40.146832
16956896;39.858898
16958893;39.570599
16960895;39.281879
16962913;38.992775
16964889;38.703285
16966873;38.413418
16968876;38.123165
16970873;37.832584
16972874;37.541588
16974914;37.250214
16976892;36.958477
16978898;36.666374
16980902;36.373913
16982893;36.081112
16984915;35.787930
16986878;35.494400
16988871;35.200516
16990874;34.906284
16992877;34.611710
16994880;34.316818
16996911;34.021561
16998896;33.725971
17000897;33.578037
17002894;33.133793
17004895;32.837212
17006911;32.540329
17008879;32.243107
17010881;31.945559
17012872;31.647699
17014873;31.349527
17016909;31.051048
17018875;30.752283
17020877;30.453190
17022878;30.153799
17024876;29.854134
17026880;29.554150
17028900;29.253874
17030874;28.953331
17032877;28.652481
17034873;28.351349
17036877;28.049934
17038909;27.748245
17040876;27.446281
17042876;27.144072
17044873;26.841568
17046878;26.538801
17048876;26.235771
17050919;25.932482
17052897;25.628939
17054893;25.325165
17056895;25.021118
17058893;24.716824
17060919;24.412287
17062880;24.107508
17064873;23.802490
17066879;23.497261
17068877;23.191778
17070880;22.886066
17072917;22.580128
17074901;22.273966
17076896;21.967585
17078894;21.661034
17080899;21.354221
17082912;21.047199
17084881;20.739969
17086873;20.432533
17088875;20.124922
17090876;19.817085
17092877;19.509054
17094912;19.200832
17096898;18.892418
17098897;18.583818
17100897;18.275061
17102889;17.966097
17104914;17.656956
17106882;17.347641
17108872;17.038157
17110878;16.728500
17112881;16.418705
17114873;16.108725
17116916;15.798585
17118871;15.488288
17120876;15.177840
17122879;14.867240
17124876;14.556519
17127062;14.245629
17128900;13.934599
17130900;13.623433
17132896;13.312154
17134896;13.000721
17136897;12.689183
17138915;12.377496
17140897;12.065687
17142894;11.753759
17144889;11.441715
17146894;11.129559
17148909;10.817315
17150878;10.661130
17152877;10.192464
17154876;9.879887
17156874;9.567211
17158871;9.254441
17160914;8.941605
17162878;8.628655
17164878;8.315620
17166874;8.002504
17168878;7.689308
17170932;7.376037
17172913;7.062716
17174896;6.749302
17176891;6.435822
17178897;6.122278
17180902;5.808673
17182906;5.495012
17184881;5.181319
17186882;4.867576
17188869;4.553761
17190874;4.239901
17192874;3.925998
17194906;3.612057
17196882;3.298105
17198874;2.984096
17200878;2.670057
17202875;2.355993
17204905;2.041904
17206880;1.727796
17208873;1.413695
17210879;1.099556
17212876;0.942470
17214875;0.471248
17216913;0.157085
17218899;-0.157079
17220893;-0.471218
17222897;-0.785375
17224893;-1.099525
17226912;-1.256585
17228878;-1.727790
17230875;-2.041898
17232873;-2.198933
17234873;-2.670027
17236877;-2.984066
17238914;-3.298074
17240899;-3.612027
17242896;-3.925944
17244893;-4.239846
17246894;-4.553706
17248914;-4.867522
17250883;-5.181289
17252879;-5.495005
17254874;-5.808643
17256875;-6.122248
17258876;-6.435792
17260916;-6.749272
17262897;-7.062686
17264894;-7.376031
17266894;-7.689279
17268891;-8.002474
17270913;-8.315591
17272885;-8.628626
17274877;-8.941574
17276879;-9.254436
17278875;-9.567182
17281058;-9.879857
17282899;-10.192435
17284895;-10.504911
17286894;-10.817286
17288896;-11.129552
17290896;-11.441686
17292914;-11.753706
17294897;-12.065634
17296897;-12.377443
17298893;-12.689130
17300896;-12.844914
17302913;-13.312101
17304883;-13.623403
17306875;-13.934570
17308875;-14.245600
17310873;-14.556490
17312879;-14.867234
17314916;-15.177811
17316903;-15.488259
17318897;-15.798555
17320901;-16.108694
17322895;-16.418676
17324905;-16.728497
17326879;-17.038126
17328874;-17.347612
17330879;-17.656927
17332871;-17.811506
17335052;-18.275030
17336902;-18.583813
17338898;-18.892389
17340897;-19.200802
17342894;-19.509026
17344894;-19.817057
17346916;-20.124868
17348879;-20.432505
17350875;-20.739916
17352871;-20.893570
17354870;-21.354168
17357058;-21.660980
17358903;-21.967579
17360899;-22.273960
17362896;-22.580097
17364894;-22.886036
17366893;-23.191748
17368908;-23.497232
17370873;-23.802485
17372872;-23.955011
17374875;-24.412256
17376872;-24.716795
17379062;-25.021088
17380903;-25.325138
17382897;-25.628933
17384896;-25.932476
17386894;-26.235741
17388894;-26.538771
17390917;-26.841539
17392879;-27.144041
17394874;-27.446276
17396876;-27.748240
17398874;-28.049908
17400915;-28.351297
17402878;-28.652430
17404875;-28.953281
17406881;-29.253843
17408876;-29.554098
17410878;-29.854084
17412899;-30.153772
17414874;-30.453163
17416878;-30.752254
17418876;-31.051043
17420873;-31.349501
17422948;-31.647673
17424895;-31.945532
17426893;-32.243076
17428894;-32.540302
17430898;-32.837208
17432895;-33.133766
17434915;-33.430019
17436895;-33.725945
17438896;-34.021534
17440902;-34.316792
17442897;-34.611706
17444917;-34.906258
17446885;-35.200489
17448877;-35.494373
17450879;-35.641193
17452874;-35.934525
17454873;-36.373882
17456911;-36.666325
17458900;-36.958427
17460902;-37.250168
17462897;-37.541534
17464899;-37.832535
17466912;-38.123161
17468883;-38.413387
17470875;-38.703259
17472873;-38.848064
17474874;-39.281853
17476875;-39.570568
17478910;-39.858894
17480903;-40.146805
17482898;-40.434341
17484892;-40.721478
17486890;-41.008209
17488904;-41.294540
17490877;-41.580467
17492872;-41.723259
17494876;-42.151054
17496878;-42.435734
17498958;-42.720001
17500903;-43.003841
17502891;-43.287262
17504894;-43.570229
17506895;-43.852791
17508888;-44.134895
17510912;-44.416592
17512899;-44.697845
17514892;-44.978657
17516892;-45.259007
17518893;-45.538925
17520951;-45.818401
17522900;-46.097420
17524898;-46.375988
17526895;-46.654095
17528897;-46.931721
17530901;-47.208904
17532897;-47.485622
17534875;-47.761871
17536873;-48.037647
17538875;-48.312950
17540879;-48.587757
17542953;-48.862106
17544896;-49.135971
17546896;-49.409351
17548894;-49.682243
17550898;-49.954624
17552896;-50.226532
17554911;-50.497948
17556895;-50.768864
17558895;-51.039280
17560897;-51.309193
17562895;-51.578552
17564968;-51.847446
17566898;-52.115829
17568895;-52.383698
17570899;-52.651054
17572892;-52.917885
17574895;-53.184174
17576904;-53.449959
17578875;-53.715218
17580870;-53.979946
17582873;-54.244137
17584866;-54.507797
17586874;-54.770897
17588915;-55.033482
17590905;-55.295517
17592896;-55.557007
17594897;-55.817951
17596894;-56.078346
17598922;-56.338161
17600877;-56.467884
17602872;-56.856174
17604879;-57.114334
17606879;-57.371933
17608877;-57.628967
17610914;-57.885414
17612900;-58.141304
17614892;-58.396626
17616895;-58.651344
17618892;-58.905514
17620912;-59.159096
17622877;-59.412075
17624871;-59.664490
17626875;-59.916313
17628876;-60.167545
17630874;-60.418182
17632909;-60.668224
17634899;-60.917645
17636890;-61.166489
17638894;-61.414730
17640898;-61.662357
17642912;-61.909382
17644878;-62.155796
17646876;-62.278767
17648878;-62.646759
17650877;-62.891323
17652880;-63.135265
17654917;-63.378590
17656896;-63.621284
17658897;-63.863338
17660899;-64.104774
17662896;-64.345573
17664914;-64.585747
17666879;-64.825279
17668880;-65.064171
17670875;-65.302383
17672876;-65.421280
17674914;-65.776947
17676882;-66.013260
17678878;-66.248917
17680873;-66.483917
17682874;-66.718254
17684877;-66.951942
17686911;-67.184967
17688902;-67.417336
17690893;-67.649033
17692894;-67.880043
17694892;-68.110413
17696898;-68.340096
17698881;-68.569115
17700871;-68.797455
17702878;-69.025116
17704880;-69.252083
17706915;-69.478378
17708885;-69.703987
17710878;-69.928902
17712880;-70.153137
17714875;-70.376678
17716880;-70.599503
17718915;-70.821648
17720902;-71.043098
17722891;-71.263847
17724897;-71.483871
17726895;-71.703209
17728914;-71.921829
17730884;-72.139755
17732872;-72.248444
17734879;-72.573456
17736876;-72.789230
17738881;-73.004295
17740912;-73.218613
17742899;-73.432228
17744897;-73.645126
17746892;-73.857292
17748891;-74.068726
17750912;-74.174164
17752880;-74.489388
17754878;-74.698624
17756873;-74.907127
17758877;-75.114883
17760876;-75.321899
17762917;-75.528183
17764902;-75.733711
17766893;-75.938477
17768892;-76.142525
17770903;-76.345787
17772909;-76.548302
17774881;-76.750092
17776885;-76.951096
17778883;-77.151337
17780881;-77.350845
17783065;-77.549561
17784898;-77.747513
17786895;-77.944717
17788897;-78.141136
17790896;-78.336807
17792897;-78.531677
17794908;-78.725777
17796878;-78.919121
17798876;-79.111656
17800877;-79.303444
17802873;-79.494415
17804879;-79.684639
17806909;-79.874046
17808899;-80.062660
17810897;-80.250511
17812895;-80.437546
17814894;-80.623817
17816911;-80.809258
17818874;-80.993912
17820880;-81.177780
17822884;-81.360832
17824878;-81.543098
17826911;-81.724533
17828876;-81.905197
17830871;-82.085022
17832872;-82.264038
17834874;-82.442261
17836871;-82.619652
17838914;-82.796249
17840899;-82.972008
17842896;-83.146942
17844894;-83.321091
17846895;-83.494377
17848913;-83.666878
17850881;-83.838524
17852875;-84.009369
17854875;-84.179352
17856875;-84.348511
17858881;-84.516838
17860914;-84.684326
17862900;-84.851006
17864890;-85.016823
17866891;-85.181801
17868898;-85.345963
17870913;-85.509262
17872876;-85.590591
17874877;-85.833344
17876876;-85.994102
17878880;-86.154037
17880914;-86.313095
17882880;-86.471329
17884874;-86.628685
17886880;-86.785210
17888872;-86.940849
17890877;-87.095634
17892911;-87.249588
17894898;-87.402657
17896892;-87.554878
17898894;-87.706215
17900890;-87.781563
17902916;-88.006317
17904880;-88.155052
17906880;-88.302948
17908879;-88.449944
17910878;-88.596085
17912872;-88.668816
17914911;-88.885704
17916896;-89.029221
17918893;-89.171837
17920894;-89.313599
17922897;-89.454453
17924919;-89.594421
17926881;-89.733536
17928870;-89.871742
17930875;-90.009079
17932876;-90.145508
17934878;-90.281067
17936912;-90.415703
17938904;-90.549461
17940901;-90.682343
17942893;-90.814308
17944895;-90.945396
17946916;-91.075569
17948879;-91.204849
17950875;-91.333237
17952878;-91.460709
17954878;-91.587296
17956878;-91.712967
17958915;-91.837738
17960902;-91.961601
17962894;-92.084541
17964897;-92.206596
17966895;-92.327705
17968914;-92.447945
17970879;-92.567245
17972880;-92.685638
17974872;-92.803131
17976875;-92.861526
17978875;-93.035355
17980915;-93.150070
17982899;-93.263885
17984894;-93.376785
17986891;-93.488747
17988895;-93.599800
17990916;-93.709923
17992881;-93.819130
17994878;-93.927399
17996875;-94.034737
17998871;-94.141159
18000881;-94.246643
18002916;-94.351212
18004903;-94.454834
18006895;-94.557526
18008897;-94.659294
18010898;-94.760117
18012908;-94.860016
18014881;-94.958969
18016880;-95.056999
18018874;-95.154068
18020876;-95.250206
18022876;-95.345413
18024915;-95.439674
18026899;-95.532997
18028895;-95.625374
18030899;-95.716789
18032896;-95.807289
18034917;-95.896828
18036884;-95.985428
18038871;-96.073074
18040877;-96.159782
18042875;-96.245522
18044914;-96.330322
18046882;-96.414177
18048873;-96.497070
18050873;-96.538162
18052877;-96.660011
18054875;-96.740044
18056912;-96.819138
18058898;-96.897255
18060899;-96.974442
18062896;-97.050652
18064893;-97.125916
18066918;-97.200203
18068875;-97.273544
18070873;-97.345924
18072874;-97.381752
18074874;-97.487793
18076876;-97.557281
18078910;-97.625809
18080900;-97.693382
18082895;-97.759987
18084897;-97.825630
18086894;-97.890297
18088908;-97.954010
18090875;-98.016754
18092875;-98.047760
18094878;-98.139336
18096873;-98.199165
18099068;-98.258034
18100904;-98.315933
18102896;-98.372856
18104895;-98.428818
18106891;-98.483803
18108899;-98.537811
18110899;-98.590858
18112876;-98.617012
18114876;-98.694023
18116877;-98.744133
18118875;-98.793289
18120910;-98.841454
18122881;-98.888657
18124875;-98.934868
18126877;-98.980103
18128880;-99.024376
18130877;-99.067665
18132913;-99.109978
18134899;-99.151306
18136894;-99.191666
18138891;-99.231033
18140901;-99.269424
18142916;-99.306847
18144899;-99.343285
18146897;-99.378738
18148894;-99.413208
18150894;-99.446701
18152914;-99.479218
18154871;-99.510742
18156875;-99.541298
18158873;-99.570862
18160875;-99.599442
18162874;-99.627037
18164916;-99.653656
18166896;-99.679283
18168890;-99.703934
18170901;-99.727600
18172891;-99.750282
18174964;-99.771973
18176903;-99.792686
18178897;-99.812408
18180899;-99.831161
18182894;-99.848907
18184892;-99.865677
18186899;-99.881462
18188873;-99.896263
18190874;-99.910072
18192875;-99.922905
18194878;-99.934746
18197071;-99.945602
18198900;-99.955460
18200898;-99.960030
18202897;-99.972244
18204897;-99.979149
18206896;-99.985069
18208916;-99.990005
18210875;-99.993958
18212873;-99.995560
18214881;-99.998894
18216874;-99.999878
18218874;-99.999878
18220911;-99.998894
18222901;-99.996918
18224895;-99.993958
18226892;-99.990013
18228891;-99.985077
18230916;-99.979149
18232892;-99.972244
18234895;-99.964348
18236900;-99.955467
18238896;-99.945602
18240918;-99.934746
18242879;-99.922905
18244872;-99.910080
18246877;-99.896263
18248875;-99.881462
18250872;-99.865685
18252913;-99.848907
18254897;-99.831161
18256896;-99.812416
18258896;-99.792686
18260896;-99.771973
18262920;-99.750282
18264878;-99.727600
18266878;-99.703934
18268874;-99.679283
18270874;-99.653656
18272949;-99.627037
18274896;-99.599442
18276895;-99.570862
18278891;-99.541298
18280897;-99.510750
18282894;-99.479218
18284917;-99.446709
18286901;-99.413208
18288897;-99.378738
18290896;-99.343285
18292893;-99.306854
18294964;-99.269440
18296896;-99.231041
18298893;-99.191666
18300895;-99.151314
18302893;-99.109985
18304897;-99.067673
18306901;-99.024384
18308875;-98.980118
18310876;-98.934868
18312871;-98.911888
18314877;-98.841461
18316917;-98.793289
18318885;-98.744148
18320875;-98.694023
18322870;-98.642937
18324877;-98.590866
18326948;-98.537827
18328907;-98.483810
18330899;-98.428825
18332900;-98.372871
18334899;-98.315941
18336894;-98.258049
18338912;-98.199181
18340879;-98.139343
18342874;-98.078537
18344871;-98.016754
18346881;-97.954025
18349072;-97.890312
18350907;-97.858093
18352893;-97.760002
18354894;-97.693398
18356892;-97.625824
18358894;-97.557297
18360903;-97.487801
18362883;-97.417351
18364871;-97.345924
18366871;-97.273552
18368877;-97.200203
18370916;-97.125916
18372880;-97.050652
18374869;-96.974442
18376875;-96.897270
18378872;-96.819138
18380874;-96.740051
18382914;-96.660011
18384897;-96.579018
18386893;-96.497086
18388896;-96.414177
18390895;-96.330330
18392919;-96.245522
18394881;-96.159782
18396873;-96.073074
18398872;-95.985443
18400875;-95.896851
18402874;-95.807304
18404909;-95.716820
18406899;-95.625381
18408894;-95.533012
18410897;-95.439697
18412889;-95.345428
18414910;-95.250237
18416883;-95.154083
18418872;-95.057007
18420878;-94.958984
18422881;-94.860039
18424873;-94.760147
18426908;-94.659309
18428881;-94.557556
18430877;-94.454849
18432873;-94.403160
18434874;-94.246681
18436953;-94.141182
18438894;-94.034767
18440894;-93.927414
18442894;-93.819145
18444897;-93.709961
18446893;-93.599823
18448914;-93.488785
18450906;-93.376801
18452900;-93.263916
18454896;-93.150093
18456894;-93.035370
18458912;-92.919724
18460881;-92.803154
18462876;-92.685677
18464875;-92.567268
18466875;-92.447960
18468877;-92.327744
18470917;-92.206596
18472898;-92.084564
18474891;-91.961601
18476895;-91.837738
18478889;-91.712967
18480915;-91.587296
18482878;-91.460732
18484875;-91.333237
18486876;-91.204865
18488873;-91.075569
18490873;-90.945396
18492912;-90.814331
18494902;-90.682343
18496890;-90.549484
18498897;-90.415703
18500891;-90.348495
18502913;-90.145508
18504874;-90.009079
18506874;-89.871780
18508871;-89.733559
18510881;-89.594475
18512869;-89.454475
18514907;-89.313622
18516900;-89.171890
18518896;-89.029243
18520897;-88.885750
18522895;-88.741356
18524917;-88.596107
18526884;-88.449959
18528875;-88.302971
18530876;-88.155106
18532877;-88.006340
18534911;-87.856735
18536885;-87.706238
18538870;-87.554901
18540877;-87.402702
18542874;-87.249611
18544873;-87.095680
18546915;-86.940872
18548895;-86.785233
18550901;-86.628708
18552895;-86.471352
18554893;-86.313148
18556913;-86.154060
18558878;-85.994148
18560876;-85.833374
18562875;-85.671761
18564876;-85.509315
18566878;-85.345993
18568910;-85.181847
18570901;-85.016846
18572895;-84.851036
18574893;-84.684349
18576889;-84.516861
18578912;-84.348534
18580881;-84.179352
18582876;-84.009369
18584876;-83.838524
18586873;-83.666878
18588878;-83.494408
18590916;-83.321091
18592898;-83.146973
18594893;-82.972008
18596891;-82.796249
18598894;-82.619652
18600918;-82.442261
18602883;-82.264069
18604876;-82.085022
18606874;-81.905197
18608877;-81.724533
18610878;-81.543098
18612918;-81.360855
18614899;-81.177811
18616898;-80.993965
18618895;-80.809288
18620900;-80.623840
18622912;-80.437599
18624874;-80.250534
18626877;-80.062714
18628876;-79.874077
18630878;-79.684669
18633073;-79.494446
18634903;-79.303474
18636891;-79.111710
18638895;-78.919151
18640901;-78.725830
18642901;-78.531708
18644915;-78.336838
18646879;-78.141197
18648877;-77.944756
18650878;-77.846252
18652874;-77.549591
18654876;-77.350876
18656913;-77.151367
18658904;-76.951126
18660905;-76.750122
18662900;-76.548340
18664895;-76.345825
18666913;-76.142525
18668897;-75.938507
18670897;-75.733742
18672894;-75.528191
18674894;-75.321938
18676907;-75.114906
18678878;-74.907158
18680878;-74.698639
18682874;-74.489418
18684876;-74.279465
18686882;-74.068741
18688914;-73.857323
18690903;-73.645142
18692894;-73.432266
18694894;-73.218666
18696896;-73.004303
18698908;-72.789261
18700899;-72.573471
18702893;-72.356987
18704894;-72.139763
18706892;-71.921860
18708916;-71.703247
18710876;-71.483887
18712879;-71.263863
18714869;-71.043098
18716874;-70.821671
18718879;-70.599533
18720917;-70.376678
18722901;-70.153191
18724892;-69.928940
18726893;-69.816574
18728896;-69.478439
18730916;-69.252129
18732882;-69.025169
18734877;-68.797493
18736873;-68.569168
18738872;-68.340134
18741072;-68.110466
18742902;-67.880119
18744900;-67.649063
18746894;-67.417389
18748896;-67.185005
18750901;-66.951988
18752903;-66.718323
18754876;-66.483955
18756877;-66.248970
18758878;-66.013298
18760874;-65.777000
18762914;-65.540024
18764877;-65.302437
18766882;-65.064201
18768876;-64.825294
18770875;-64.585785
18772876;-64.345589
18774914;-64.104805
18776897;-63.863392
18778894;-63.621307
18780891;-63.378628
18782896;-63.135292
18784914;-62.891365
18786872;-62.646778
18788874;-62.401615
18790875;-62.155830
18792881;-61.909401
18794870;-61.662399
18796911;-61.414749
18798900;-61.166527
18800897;-61.042191
18802895;-60.668243
18804895;-60.418217
18806911;-60.167564
18808875;-59.916348
18810886;-59.664505
18812879;-59.412109
18814879;-59.159134
18816879;-58.905529
18818917;-58.651386
18820903;-58.396626
18822895;-58.141327
18824891;-57.885448
18826896;-57.628967
18828906;-57.371990
18830881;-57.114376
18832875;-56.856228
18834872;-56.597485
18836879;-56.338223
18838877;-56.078403
18840913;-55.817993
18842900;-55.557068
18844896;-55.295555
18846895;-55.033539
18848897;-54.770977
18850907;-54.507839
18852884;-54.244198
18854871;-53.979980
18856873;-53.715279
18858877;-53.450001
18860918;-53.184235
18862877;-52.917946
18864870;-52.651096
18866872;-52.383762
18868878;-52.115868
18870871;-51.847504
18872912;-51.578636
18874895;-51.309212
18876892;-51.039322
18878892;-50.768887
18880896;-50.497990
18882913;-50.226559
18884880;-49.954666
18886875;-49.682285
18888875;-49.409370
18890875;-49.136013
18892872;-48.862125
18894913;-48.587799
18896899;-48.312996
18898897;-48.037670
18900898;-47.761909
18902898;-47.485641
18904920;-47.208942
18906877;-46.931778
18908876;-46.654110
18910879;-46.376026
18912875;-46.236767
18914873;-45.818439
18916923;-45.538944
18918898;-45.259045
18920898;-44.978695
18922899;-44.697865
18924894;-44.416630
18926916;-44.134918
18928882;-43.852810
18930877;-43.570271
18932875;-43.428795
18934878;-43.003864
18936964;-42.720039
18938909;-42.435799
18940897;-42.151093
18942897;-41.866016
18944895;-41.580528
18947083;-41.294582
18948902;-41.008274
18950902;-40.864967
18952896;-40.434402
18954896;-40.146889
18956895;-39.858932
18958911;-39.570629
18960879;-39.281891
18962873;-38.992809
18964872;-38.703300
18966871;-38.413452
18968871;-38.123226
18970916;-37.832577
18972897;-37.541599
18974891;-37.250210
18976893;-36.958492
18978895;-36.666412
18980909;-36.373924
18982878;-36.081123
18984881;-35.787922
18986878;-35.494415
18988872;-35.200508
18991084;-34.906300
18992900;-34.611748
18994895;-34.316807
18996894;-34.021576
18998896;-33.725964
19000896;-33.430061
19002915;-33.133827
19004898;-32.837227
19006894;-32.540344
19008895;-32.243095
19010896;-31.945574
19012914;-31.647692
19014882;-31.349543
19016876;-31.051085
19018874;-30.752274
19020874;-30.453205
19022870;-30.153790
19024919;-29.854124
19026895;-29.554165
19028893;-29.253864
19030901;-28.953323
19032890;-28.652451
19034917;-28.351339
19036876;-28.049904
19038877;-27.748236
19040873;-27.446297
19042877;-27.144039
19044875;-26.841604
19046918;-26.538816
19048896;-26.235809
19050897;-25.932545
19052895;-25.628975
19054888;-25.325203
19056914;-25.021133
19058879;-24.716862
19060876;-24.412348
19062875;-24.107544
19064876;-23.802551
19066872;-23.497276
19068910;-23.191816
19070902;-22.886080
19072889;-22.580164
19074896;-22.274027
19076892;-21.967623
19078911;-21.661047
19080873;-21.354214
19082876;-21.047215
19084876;-20.740007
19086875;-20.432549
19088967;-20.124935
19090900;-19.817076
19092891;-19.509069
19094891;-19.200823
19096890;-18.892433
19098894;-18.583858
19100916;-18.429453
19102897;-17.966110
19104894;-17.656948
19106896;-17.347656
19108892;-17.038193
19110910;-16.728516
19112881;-16.418720
19114880;-16.108715
19116880;-15.798600
19118870;-15.488279
19120869;-15.177855
19122916;-14.867279
19124903;-14.556509
19126895;-14.245645
19128892;-13.934591
19130901;-13.623447
19132912;-13.312168
19134880;-13.000711
19136873;-12.689175
19138878;-12.377464
19140874;-12.065679
19142875;-11.753728
19144917;-11.441707
19146894;-11.129574
19148894;-10.817284
19150897;-10.504933
19152894;-10.192480
19154913;-9.879926
19156878;-9.567274
19158876;-9.254481
19160870;-8.941644
19162876;-8.628671
19164880;-8.315660
19166903;-8.002520
19168898;-7.689348
19170899;-7.376100
19172893;-7.062732
19174894;-6.749341
19176918;-6.435838
19178878;-6.122317
19180878;-5.808736
19182875;-5.495050
19184876;-5.181358
19186961;-4.867567
19188903;-4.553775
19190901;-4.239939
19192898;-3.926013
19194892;-3.612096
19196894;-3.298096
19198912;-2.984111
19200879;-2.670048
19202880;-2.356008
19204875;-2.041943
19206877;-1.727811
19209070;-1.413710
19210905;-1.099547
19212895;-0.785421
19214893;-0.471287
19216892;-0.157100
19218893;0.157080
19220915;0.471237
19222884;0.785390
19224879;1.099535
19226872;1.413669
19228875;1.727790
19230876;2.041893
19232914;2.355976
19234898;2.670036
19236893;2.984070
19238895;3.298074
19240894;3.612046
19242916;3.925981
19244875;4.239879
19246873;4.553734
19248870;4.867544
19250874;5.024432
19252880;5.495018
19254913;5.808674
19256905;6.122274
19258895;6.435814
19260900;6.749289
19262893;7.062697
19264917;7.376038
19266879;7.689305
19268878;8.002495
19270875;8.315607
19272872;8.628635
19274912;8.941581
19276876;9.254436
19278876;9.567202
19280875;9.879873
19282873;10.192444
19284878;10.504917
19286915;10.817286
19288897;11.129548
19290899;11.441700
19292894;11.753738
19294894;12.065662
19296913;12.377467
19298876;12.689150
19300878;13.000705
19302879;13.312133
19304878;13.623430
19306873;13.934594
19308912;14.245617
19310899;14.556500
19312894;14.867243
19314898;15.177837
19316893;15.488280
19318914;15.798573
19320875;16.108707
19322872;16.418684
19324876;16.728498
19326877;17.038149
19328877;17.347628
19330916;17.656937
19332896;17.966076
19334892;18.275032
19336894;18.583811
19338893;18.892406
19340912;19.200811
19342881;19.509031
19344875;19.817057
19346875;20.124889
19348871;20.432520
19351078;20.739950
19352903;21.047176
19354890;21.354193
19356896;21.660999
19358894;21.967592
19360897;22.273970
19362906;22.580126
19364881;22.886059
19366878;23.191769
19368873;23.497246
19370878;23.802494
19372916;24.107506
19374879;24.412279
19376878;24.716812
19378874;25.021099
19380874;25.325144
19382874;25.628939
19384917;25.932476
19386895;26.235760
19388893;26.538784
19390903;26.841545
19392894;27.144045
19394910;27.446274
19396879;27.748230
19398873;28.049919
19400872;28.200657
19402877;28.652456
19404878;28.953299
19406911;29.253859
19408902;29.554132
19410898;29.854111
19412891;30.153793
19414895;30.453184
19416911;30.752268
19418874;31.051052
19420875;31.349527
19422877;31.647697
19424876;31.945551
19426878;32.243092
19428919;32.540310
19430897;32.837208
19432897;33.133785
19434897;33.430038
19436891;33.725952
19438915;34.021542
19440877;34.316792
19442879;34.611706
19444880;34.906273
19446876;35.200500
19448916;35.494377
19450881;35.787907
19452882;36.081081
19454872;36.373901
19456875;36.666363
19458878;36.958458
19460914;37.250191
19462900;37.541557
19464894;37.832550
19466892;38.123173
19468893;38.413418
19470915;38.703281
19472881;38.992767
19474875;39.281864
19476871;39.426273
19478879;39.858898
19480879;40.146824
19482909;40.434357
19484899;40.721493
19486896;41.008221
19488896;41.294548
19490898;41.580467
19492902;41.865971
19494878;42.151066
19496882;42.435749
19498878;42.720005
19500874;43.003841
19503079;43.287258
19504895;43.570240
19506890;43.852798
19508893;44.134922
19510901;44.416611
19512894;44.697861
19514902;44.978668
19516880;45.259033
19518875;45.538948
19520883;45.818417
19522873;46.097435
19524986;46.375996
19526900;46.654099
19528895;46.931744
19530900;47.208927
19532892;47.485634
19534895;47.761883
19536912;48.037659
19538898;48.312958
19540903;48.587780
19542893;48.862122
19544894;49.135986
19546919;49.409363
19548874;49.682243
19550875;49.818508
19552873;50.226551
19554872;50.497963
19556881;50.768871
19558914;51.039284
19560904;51.309193
19562895;51.578583
19564893;51.847477
19566892;52.115856
19568914;52.383720
19570876;52.651070
19572872;52.917896
19574879;53.184204
19576873;53.449982
19578877;53.715237
19580915;53.979958
19582903;54.244156
19584896;54.507809
19586894;54.770924
19588895;55.033501
19590914;55.295532
19592881;55.557018
19594881;55.817963
19596874;56.078350
19598878;56.338184
19601077;56.597466
19602898;56.856178
19604896;57.114338
19606894;57.371937
19608895;57.628967
19610902;57.885426
19612902;58.141319
19614876;58.396633
19616878;58.651371
19618875;58.905529
19620873;59.159111
19622916;59.412106
19624882;59.664516
19626882;59.916336
19628873;60.167557
19630877;60.418190
19632928;60.668228
19634915;60.917671
19636896;61.166508
19638893;61.414749
19640898;61.662376
19642898;61.909389
19644912;62.155800
19646881;62.401592
19648877;62.524265
19650871;62.891342
19652876;63.135277
19654877;63.378597
19656915;63.621284
19658898;63.863350
19660896;64.104782
19662894;64.345589
19664893;64.585754
19666914;64.825279
19668874;65.064171
19670871;65.302414
19672873;65.540009
19674875;65.776978
19676960;66.013275
19678897;66.248932
19680893;66.483932
19682892;66.718277
19684895;66.951958
19686892;67.184982
19688904;67.417351
19690885;67.649040
19692874;67.880074
19694874;68.110428
19696878;68.340118
19698972;68.569130
19700908;68.683380
19702899;69.025124
19704891;69.252098
19706896;69.478394
19708891;69.703995
19710914;69.928909
19712900;70.153137
19714895;70.376678
19716895;70.599518
19718890;70.821655
19720915;71.043106
19722880;71.263847
19724876;71.483887
19726876;71.703224
19728878;71.921852
19730879;72.139778
19732916;72.356972
19734892;72.573471
19736897;72.789238
19738890;73.004303
19740904;73.218636
19742912;73.432251
19744878;73.645142
19746876;73.857300
19748872;74.068741
19750878;74.279442
19752873;74.384514
19754913;74.698639
19756897;74.907135
19758895;75.114891
19760902;75.321915
19762898;75.528183
19764918;75.733711
19766882;75.938484
19768870;76.142517
19770875;76.345795
19772873;76.548325
19774873;76.750092
19776913;76.951103
19778901;77.151352
19780902;77.350845
19782898;77.549568
19784893;77.747536
19786914;77.944733
19788877;78.141159
19790870;78.336807
19792877;78.531693
19794876;78.725800
19796876;78.919128
19798916;79.111679
19800902;79.303452
19802900;79.494438
19804889;79.684631
19806896;79.874054
19808916;80.062675
19810878;80.250511
19812876;80.437561
19814876;80.623810
19816875;80.809273
19818880;80.993927
19820917;81.177780
19822900;81.360840
19824892;81.543091
19826894;81.724548
19828896;81.905190
19830911;82.085022
19832881;82.264038
19834881;82.442261
19836875;82.619659
19838876;82.796242
19840878;82.972015
19842916;83.146957
19844894;83.321083
19846893;83.494392
19848897;83.666870
19850899;83.752800
19852910;84.009354
19854879;84.179352
19856874;84.348526
19858874;84.516853
19860878;84.684349
19862872;84.851013
19864912;85.016846
19866902;85.181831
19868894;85.345985
19870894;85.509285
19872893;85.671745
19874915;85.833366
19876876;85.994133
19878876;86.154045
19880873;86.313118
19882880;86.471336
19884878;86.628700
19886911;86.785210
19888895;86.940865
19890898;87.095657
19892893;87.249596
19894894;87.402672
19896918;87.554886
19898874;87.706230
19900876;87.856712
19902871;88.006325
19904875;88.155075
19907080;88.302948
19908902;88.449944
19910900;88.596085
19912891;88.741341
19914897;88.885719
19916893;89.029221
19918913;89.171852
19920880;89.313599
19922877;89.454460
19924880;89.594444
19926873;89.733536
19928974;89.871750
19930906;90.009079
19932896;90.145508
19934895;90.281052
19936896;90.415710
19938893;90.549469
19940917;90.682343
19942874;90.814316
19944878;90.945389
19946878;91.075569
19948870;91.204857
19950878;91.333237
19952912;91.460716
19954900;91.587296
19956893;91.712967
19958895;91.837730
19960898;91.961594
19962914;92.084541
19964896;92.206589
19966896;92.327728
19968895;92.447952
19970892;92.567261
19972914;92.685661
19974879;92.803139
19976874;92.919708
19978874;93.035355
19980872;93.150093
19982877;93.263908
19984914;93.376793
19986900;93.488762
19988898;93.599808
19990902;93.709930
19992892;93.819130
19994916;93.927406
19996880;94.034752
19998871;94.141167
20000871;94.194031
20002874;94.351212
20004967;94.454842
20006898;94.557541
20008898;94.659302
20010897;94.760132
20012893;94.860016
20014890;94.958969
20016913;95.056992
20018898;95.154076
20020901;95.250214
20022896;95.345421
20024893;95.439682
20026918;95.532997
20028879;95.625374
20030874;95.716805
20032870;95.762169
20034872;95.896835
20036871;95.985428
20038918;96.073074
20040903;96.159775
20042899;96.245529
20044896;96.330322
20046897;96.414169
20048916;96.497070
20050879;96.579018
20052882;96.660011
20054874;96.740051
20056879;96.819130
20058873;96.897263
20060917;96.974442
20062898;97.050652
20064892;97.125908
20066892;97.200203
20068890;97.273544
20070915;97.345917
20072871;97.381752
20074877;97.487793
20076875;97.557297
20078877;97.625824
20080877;97.693390
20082916;97.759995
20084898;97.825638
20086896;97.890305
20088898;97.954018
20090896;98.016754
20092912;98.078529
20094877;98.139336
20096875;98.199173
20098873;98.258034
20100878;98.315933
20102872;98.372864
20104917;98.428818
20106901;98.483810
20108897;98.537819
20110900;98.590858
20112894;98.642929
20114915;98.694023
20116881;98.744141
20118874;98.793289
20120877;98.841454
20122878;98.888649
20124872;98.934868
20126912;98.980110
20128898;99.024376
20130898;99.067665
20132893;99.109970
20134893;99.151306
20136916;99.191658
20138877;99.231033
20140880;99.269432
20142874;99.306847
20144872;99.343285
20146875;99.378738
20148910;99.413208
20150901;99.430077
20152893;99.479218
20154892;99.510742
20156896;99.541290
20158919;99.570862
20160884;99.599442
20162874;99.627037
20164881;99.653656
20166870;99.679283
20168916;99.703934
20170877;99.727600
20172879;99.750282
20174882;99.771973
20176876;99.792686
20178877;99.812408
20180914;99.831154
20182899;99.848907
20184896;99.865685
20186898;99.881462
20188896;99.896263
20190915;99.910072
20192891;99.922905
20194879;99.934746
20196881;99.945602
20198868;99.955467
20200882;99.964348
20202915;99.972244
20204898;99.979149
20206893;99.985077
20208896;99.990005
20210894;99.993958
20212922;99.996918
20214877;99.998894
20216873;99.999878
20218881;99.999878
20220875;99.998894
20222874;99.996918
20224915;99.993958
20226903;99.992104
20228892;99.985077
20230897;99.979149
20232892;99.972244
20234912;99.964348
20236901;99.955467
20238897;99.945602
20240901;99.934746
20242896;99.922905
20244893;99.910072
20246916;99.896263
20248876;99.881462
20250878;99.865685
20252876;99.848907
20254877;99.831154
20256916;99.812408
20258875;99.792686
20260869;99.771973
20262873;99.750282
20264874;99.727600
20266876;99.703941
20268917;99.679283
20270903;99.653656
20272897;99.627037
20274893;99.599442
20276894;99.570862
20278977;99.541298
20280909;99.510750
20282895;99.479218
20284897;99.446701
20286896;99.413208
20288896;99.378738
20290911;99.343285
20292880;99.306847
20294874;99.269432
20296876;99.231033
20298874;99.191666
20300931;99.151306
20302913;99.109978
20304900;99.067673
20306894;99.024376
20308899;98.980110
20310898;98.934868
20312921;98.888657
20314873;98.841461
20316870;98.793289
20318876;98.744141
20320874;98.694023
20323081;98.642929
20324899;98.590866
20326893;98.537819
20328892;98.483810
20330897;98.428818
20332897;98.372864
20334920;98.315941
20336888;98.258041
20338873;98.199173
20340877;98.139343
20342878;98.078529
20344916;98.016754
20346877;97.954018
20348875;97.890312
20350875;97.825638
20352875;97.759995
20354870;97.693398
20356910;97.625824
20358898;97.557297
20360893;97.487801
20362897;97.417343
20364894;97.345932
20366907;97.273544
20368873;97.200211
20370878;97.125916
20372877;97.050652
20374877;96.974442
20376878;96.897270
20378915;96.819138
20380902;96.740051
20382895;96.660019
20384893;96.579018
20386895;96.497078
20388915;96.414177
20390885;96.330330
20392884;96.245529
20394874;96.159782
20396879;96.073082
20398924;95.985428
20400914;95.896843
20402896;95.807297
20404893;95.716812
20406895;95.625374
20408894;95.533005
20410915;95.439682
20412895;95.345428
20414897;95.250221
20416894;95.154076
20418899;95.057007
20420989;94.958984
20422903;94.860031
20424897;94.760132
20426894;94.659302
20428898;94.557549
20430906;94.454849
20432921;94.351219
20434902;94.246666
20436894;94.141174
20438892;94.034752
20440899;93.927414
20442919;93.819138
20444881;93.709938
20446877;93.599823
20448879;93.488770
20450879;93.432907
20452875;93.263916
20454912;93.150101
20456900;93.035362
20458894;92.919716
20460899;92.803146
20462895;92.685661
20464913;92.567268
20466877;92.447952
20468876;92.327728
20470882;92.206596
20472878;92.084557
20474877;91.961601
20476910;91.837738
20478897;91.712967
20480894;91.587296
20482892;91.460724
20484894;91.333237
20486917;91.204857
20488873;91.075584
20490878;90.945396
20492874;90.814323
20494871;90.682343
20496876;90.549477
20498915;90.415726
20500904;90.281067
20502893;90.145515
20504898;90.009079
20506894;89.871750
20508916;89.733551
20510875;89.594452
20512872;89.454468
20514876;89.313599
20516877;89.171860
20518874;89.029228
20520916;88.885727
20522900;88.741348
20524893;88.596085
20526894;88.449951
20528895;88.302948
20530916;88.155067
20532884;88.006332
20534876;87.856712
20536878;87.706230
20538877;87.554893
20540911;87.402679
20542875;87.249603
20544873;87.095680
20546877;86.940880
20548879;86.785217
20550877;86.628708
20552917;86.471344
20554900;86.313126
20556896;86.154068
20558896;85.994141
20560893;85.833374
20562903;85.671753
20564876;85.509285
20566873;85.345985
20568878;85.181847
20570879;85.016853
20572872;84.934029
20574912;84.684357
20576898;84.516853
20578897;84.348511
20580896;84.179352
20582896;84.009354
20584902;83.838524
20586875;83.666870
20588876;83.494385
20590876;83.321075
20592876;83.146980
20594912;82.972023
20596878;82.796249
20598871;82.619667
20600874;82.531075
20602877;82.264053
20604877;82.085037
20606902;81.905197
20608882;81.724556
20610876;81.543098
20612877;81.452087
20614870;81.177780
20616913;80.993942
20618873;80.809280
20620874;80.623817
20622873;80.437561
20624876;80.250511
20626876;80.062675
20628914;79.874062
20630903;79.684647
20632896;79.494438
20634895;79.303452
20636891;79.111679
20638916;78.919128
20640873;78.725800
20642875;78.531693
20644873;78.336807
20646884;78.141167
20648871;77.944740
20650914;77.747559
20652897;77.549591
20654896;77.350861
20656894;77.151367
20658894;76.951111
20660915;76.750099
20662877;76.548340
20664874;76.345810
20666878;76.142532
20668881;75.938499
20670873;75.733719
20672915;75.528183
20674895;75.321922
20676894;75.114906
20678896;74.907150
20680898;74.698647
20682921;74.489410
20684881;74.279442
20686876;74.068748
20688871;73.857307
20690879;73.645142
20692875;73.432251
20694915;73.218636
20696894;73.004295
20698892;72.789253
20700895;72.573486
20702893;72.356995
20704910;72.139786
20706879;71.921860
20708876;71.703232
20710881;71.483910
20712872;71.373962
20714874;71.043121
20716915;70.821671
20718902;70.599525
20720897;70.376678
20722895;70.153160
20724894;69.928932
20726916;69.704010
20728876;69.478401
20730874;69.252106
20732875;69.025124
20734877;68.797478
20736952;68.569145
20738896;68.340126
20740899;68.110435
20742892;67.880074
20744897;67.649040
20746895;67.417358
20748918;67.184998
20750904;67.068550
20752896;66.718277
20754894;66.483948
20756888;66.248940
20758917;66.013298
20760881;65.776993
20762878;65.540031
20764877;65.302429
20766876;65.064178
20768878;64.825287
20770919;64.585777
20772905;64.345604
20774895;64.104805
20776893;63.863361
20778892;63.621296
20780920;63.378597
20782880;63.135296
20784879;62.891354
20786875;62.646790
20788876;62.401604
20790877;62.155807
20792908;61.909397
20794896;61.662388
20796893;61.414753
20798898;61.166519
20800899;60.917675
20802914;60.668228
20804870;60.418213
20806881;60.167568
20808877;59.916359
20810875;59.664536
20812874;59.412121
20814915;59.159122
20816903;58.905560
20818899;58.651394
20820903;58.396656
20822898;58.141335
20824907;57.885437
20826878;57.628979
20828876;57.371964
20830874;57.114365
20832877;56.856201
20835076;56.597477
20836904;56.338192
20838895;56.078358
20840897;55.817978
20842898;55.557037
20844891;55.295544
20846903;55.033512
20848880;54.770927
20850878;54.507809
20852872;54.244167
20854874;53.979977
20856916;53.715248
20858878;53.449989
20860878;53.184204
20862880;52.917915
20864871;52.651100
20866873;52.383751
20868913;52.115883
20870904;51.847500
20872895;51.578606
20874899;51.309196
20876894;51.039307
20878916;50.768894
20880875;50.497978
20882880;50.226570
20884878;49.954655
20886880;49.682255
20888883;49.409382
20890920;49.136005
20892899;48.862137
20894890;48.587791
20896894;48.312962
20898892;48.037659
20900916;47.899837
20902878;47.485649
20904877;47.208931
20906881;46.931747
20908875;46.654099
20910877;46.375992
20912913;46.097446
20914904;45.818428
20916896;45.538975
20918894;45.259052
20920898;44.978683
20922912;44.697872
20924877;44.416637
20926874;44.134945
20928873;43.852818
20930879;43.570255
20932874;43.287266
20934917;43.003849
20936893;42.720028
20938897;42.435760
20940898;42.151081
20942894;41.865982
20944916;41.580467
20946880;41.294567
20948875;41.008240
20950876;40.721504
20952881;40.434368
20954875;40.146832
20956906;39.858898
20958875;39.570599
20960876;39.281879
20962873;38.992775
20964881;38.703285
20967011;38.413418
20968902;38.123165
20970896;37.832584
20972897;37.541588
20974896;37.250214
20976895;37.104382
20978899;36.666374
20980877;36.373913
20982873;36.081112
20984877;35.787930
20986876;35.494400
20988927;35.200516
20990906;34.906284
20992895;34.611710
20994896;34.316818
20996894;34.021561
20998896;33.725971
21000905;33.430046
21002878;33.133793
21004872;32.837212
21006876;32.540329
21008878;32.243107
21010917;31.945559
21012881;31.647699
21014878;31.349527
21016878;31.051048
21018875;30.752283
21020874;30.453190
21022919;30.153799
21024899;29.854134
21026892;29.554150
21028896;29.253874
21030895;28.953331
21032914;28.652481
21034877;28.351349
21036874;28.049934
21038877;27.748245
21040879;27.446281
21042873;27.144072
21044914;26.841568
21046898;26.538801
21048899;26.235771
21050896;26.084169
21052897;25.628939
21054915;25.325165
21056877;25.021118
21058874;24.716824
21060877;24.412287
21062877;24.107508
21064879;23.802490
21066918;23.497261
21068900;23.191778
21070897;22.886066
21072893;22.580128
21074894;22.273966
21076904;21.967585
21078877;21.661034
21080872;21.354221
21082881;21.047199
21084879;20.739969
21087083;20.432533
21088905;20.124922
21090905;19.817085
21092899;19.509054
21094893;19.200832
21096895;18.892418
21098910;18.583818
21100881;18.275061
21102868;17.966097
21104876;17.656956
21106878;17.347641
21108919;17.038157
21110878;16.728500
21112874;16.418705
21114876;16.108725
21116872;15.798585
21118877;15.488288
21120912;15.177840
21122903;14.867240
21124894;14.556519
21126891;14.245629
21128895;13.934599
21130917;13.623433
21132879;13.312154
21134876;13.000721
21136876;12.689183
21138876;12.377496
21140875;12.065687
21142913;11.753759
21144894;11.441715
21146895;11.129559
21148890;10.817315
21150894;10.504942
21152909;10.192464
21154901;9.879887
21156895;9.567211
21158894;9.254441
21160900;8.941605
21162916;8.628655
21164879;8.315620
21166869;8.002504
21168874;7.689308
21170878;7.376037
21172877;7.062716
21174904;6.749302
21176875;6.435822
21178879;6.122278
21180877;5.808673
21182873;5.495012
21184926;5.181319
21186910;4.867576
21188898;4.553761
21190901;4.239901
21192896;3.925998
21194895;3.612057
21196901;3.298105
21198875;2.984096
21200876;2.827068
21202873;2.355993
21204872;2.041904
21206984;1.727796
21208902;1.413695
21210893;1.099556
21212894;0.785405
21214893;0.471248
21216897;0.157085
21218919;-0.157079
21220874;-0.471218
21222874;-0.785375
21224875;-1.099525
21226876;-1.413665
21228875;-1.727790
21230916;-2.041898
21232897;-2.355963
21234897;-2.670027
21236894;-2.984066
21238895;-3.298074
21240919;-3.612027
21242879;-3.925944
21244875;-4.239846
21246877;-4.553706
21248876;-4.867522
21250931;-5.181289
21252891;-5.495005
21254882;-5.808643
21256876;-6.122248
21258876;-6.435792
21260875;-6.749272
21263080;-7.062686
21264902;-7.376031
21266892;-7.689279
21268895;-8.002474
21270900;-8.315591
21272898;-8.628626
21274910;-8.941574
21276896;-9.254436
21278890;-9.567182
21280898;-9.879857
21282896;-10.192435
21284914;-10.504911
21286874;-10.817286
21288872;-11.129552
21290877;-11.441686
21292872;-11.753706
21294879;-12.065634
21296912;-12.377443
21298899;-12.689130
21300895;-13.000690
21302894;-13.312101
21304895;-13.623403
21306917;-13.934570
21308878;-14.245600
21310881;-14.556490
21312872;-14.867234
21314877;-15.177811
21316924;-15.488259
21318900;-15.798555
21320895;-16.108694
21322896;-16.418676
21324894;-16.728497
21326897;-17.038126
21328914;-17.347612
21330901;-17.656927
21332895;-17.966068
21334895;-18.275030
21336898;-18.583813
21338919;-18.892389
21340878;-19.200802
21342879;-19.509026
21344877;-19.817057
21346879;-20.124868
21348876;-20.432505
21350915;-20.586235
21352895;-21.047146
21354894;-21.354168
21356892;-21.660980
21358896;-21.967579
21360912;-22.273960
21362884;-22.580097
21364879;-22.886036
21366874;-23.191748
21368876;-23.497232
21370877;-23.802485
21372914;-24.107500
21374904;-24.412256
21376895;-24.716795
21378887;-25.021088
21380900;-25.325138
21382917;-25.628933
21384876;-25.932476
21386878;-26.235741
21388877;-26.538771
21390872;-26.841539
21392877;-27.144041
21394912;-27.446276
21396900;-27.748240
21398890;-28.049908
21400900;-28.351297
21402894;-28.652430
21404911;-28.953281
21406879;-29.253843
21408871;-29.554098
21410874;-29.854084
21412873;-30.153772
21414923;-30.453163
21416912;-30.752254
21418899;-31.051043
21420904;-31.349501
21422895;-31.647673
21424895;-31.945532
21426906;-32.243076
21428877;-32.540302
21430877;-32.837208
21432869;-32.985527
21434878;-33.430019
21436916;-33.725945
21438913;-34.021534
21440902;-34.316792
21442896;-34.611706
21444897;-34.906258
21446897;-35.200489
21448916;-35.494373
21450898;-35.787903
21452895;-36.081081
21454896;-36.373882
21456898;-36.666325
21458916;-36.958427
21460877;-37.250168
21462876;-37.541534
21464877;-37.832535
21466873;-38.123161
21468874;-38.413387
21470918;-38.703259
21472896;-38.992748
21474894;-39.281853
21476896;-39.570568
21478894;-39.858894
21480915;-40.146805
21482876;-40.434341
21484873;-40.721478
21486870;-41.008209
21488874;-41.294540
21490876;-41.580467
21492916;-41.865955
21494898;-42.151054
21496895;-42.435734
21498895;-42.720001
21500897;-42.861965
21502916;-43.287262
21504878;-43.570229
21506877;-43.852791
21508876;-44.134895
21510873;-44.416592
21512970;-44.697845
21514901;-44.978657
21516896;-45.259007
21518894;-45.538925
21520900;-45.818401
21522893;-46.097420
21524916;-46.375988
21526898;-46.654095
21528894;-46.931721
21530897;-47.208904
21532897;-47.485622
21534919;-47.761871
21536876;-48.037647
21538883;-48.312950
21540878;-48.587757
21542881;-48.862106
21544874;-49.135971
21546913;-49.409351
21548897;-49.682243
21550901;-49.954624
21552894;-50.226532
21554891;-50.497948
21556914;-50.768864
21558878;-51.039280
21560876;-51.309193
21562878;-51.578552
21564872;-51.847446
21566871;-52.115829
21568921;-52.383698
21570903;-52.651054
21572898;-52.917885
21574899;-53.184174
21576896;-53.449959
21578894;-53.715218
21580915;-53.979946
21582895;-54.244137
21584897;-54.507797
21586897;-54.770897
21588890;-55.033482
21590912;-55.295517
21592882;-55.557007
21594878;-55.817951
21596873;-56.078346
21598880;-56.338161
21600880;-56.597446
21602913;-56.856174
21604898;-57.114334
21606895;-57.371933
21608895;-57.628967
21610898;-57.885414
21612916;-58.141304
21614871;-58.396626
21616879;-58.651344
21618877;-58.905514
21620878;-59.159096
21622917;-59.412075
21624879;-59.664490
21626877;-59.916313
21628872;-60.167545
21630879;-60.418182
21632876;-60.668224
21634915;-60.917645
21636899;-61.166489
21638895;-61.414730
21640895;-61.662357
21642898;-61.909382
21644894;-62.155796
21646910;-62.401573
21648896;-62.646759
21650900;-62.769127
21652899;-63.135265
21654898;-63.378590
21656915;-63.621284
21658904;-63.863338
21660900;-64.104774
21662897;-64.345573
21664893;-64.585747
21666914;-64.825279
21668882;-65.064171
21670874;-65.302383
21672882;-65.539993
21674879;-65.776947
21676874;-66.013260
21678914;-66.248917
21680901;-66.483917
21682891;-66.718254
21684893;-66.951942
21686893;-67.184967
21688916;-67.417336
21690883;-67.649033
21692882;-67.880043
21694870;-68.110413
21696878;-68.340096
21698877;-68.569115
21700919;-68.797455
21702899;-69.025116
21704893;-69.252083
21706899;-69.478378
21708896;-69.703987
21710918;-69.928902
21712901;-70.153137
21714896;-70.376678
21716896;-70.599503
21718894;-70.821648
21720917;-71.043098
21722870;-71.263847
21724874;-71.483871
21726875;-71.593620
21728879;-71.921829
21730871;-72.139755
21732916;-72.356949
21734900;-72.573456
21736897;-72.789230
21738894;-73.004295
21740895;-73.218613
21742914;-73.432228
21744872;-73.645126
21746875;-73.857292
21748878;-74.068726
21750877;-74.279434
21752872;-74.489388
21754912;-74.698624
21756897;-74.907127
21758891;-75.114883
21760900;-75.321899
21762892;-75.528183
21764914;-75.733711
21766878;-75.938477
21768877;-76.142525
21770876;-76.345787
21772875;-76.548302
21774870;-76.750092
21776913;-76.951096
21778895;-77.151337
21780895;-77.350845
21782898;-77.549561
21784895;-77.747513
21786914;-77.944717
21788882;-78.141136
21790879;-78.336807
21792879;-78.531677
21794878;-78.725777
21796877;-78.919121
21798916;-79.111656
21800898;-79.207634
21802891;-79.494415
21804894;-79.684639
21806894;-79.874046
21808919;-80.062660
21810877;-80.250511
21812869;-80.437546
21814874;-80.623817
21816879;-80.809258
21818876;-80.993912
21820917;-81.177780
21822899;-81.360832
21824893;-81.543098
21826895;-81.724533
21828894;-81.905197
21830911;-82.085022
21832878;-82.264038
21834874;-82.442261
21836875;-82.619652
21838874;-82.796249
21840881;-82.972008
21842911;-83.146942
21844899;-83.321091
21846903;-83.494377
21848894;-83.666878
21850896;-83.838524
21852913;-84.009369
21854876;-84.179352
21856875;-84.348511
21858871;-84.516838
21860882;-84.684326
21862884;-84.851006
21864915;-85.016823
21866900;-85.181801
21868892;-85.345963
21870899;-85.509262
21872898;-85.671738
21874901;-85.833344
21876878;-85.994102
21878875;-86.154037
21880882;-86.313095
21882877;-86.471329
21884926;-86.628685
21886916;-86.785210
21888893;-86.940849
21890895;-87.095634
21892896;-87.249588
21894892;-87.402657
21896908;-87.554878
21898884;-87.706215
21900877;-87.856689
21902874;-88.006317
21904876;-88.155052
21906991;-88.302948
21908899;-88.449944
21910891;-88.596085
21912895;-88.741333
21914890;-88.885704
21916894;-89.029221
21918914;-89.171837
21920880;-89.313599
21922872;-89.454453
21924877;-89.594421
21926876;-89.733536
21928929;-89.871742
21930914;-90.009079
21932901;-90.145508
21934897;-90.281067
21936896;-90.415703
21938895;-90.549461
21940918;-90.682343
21942881;-90.814308
21944874;-90.945396
21946882;-91.075569
21948874;-91.204849
21950878;-91.269165
21952914;-91.460709
21954903;-91.587296
21956893;-91.712967
21958896;-91.837738
21960896;-91.961601
21962913;-92.084541
21964880;-92.206596
21966881;-92.327705
21968876;-92.447945
21970876;-92.567245
21972917;-92.685638
21974874;-92.803131
21976876;-92.919693
21978876;-93.035355
21980877;-93.150070
21982874;-93.263885
21984909;-93.376785
21986878;-93.488747
21988871;-93.599800
21990882;-93.709923
21992873;-93.819130
21994992;-93.927399
21996902;-94.034737
21998896;-94.141159
22000901;-94.246643
22002893;-94.351212
22004895;-94.454834
22006914;-94.557526
22008895;-94.659294
22010896;-94.760117
22012894;-94.860016
22014896;-94.958969
22016916;-95.056999
22018879;-95.154068
22020876;-95.250206
22022876;-95.345413
22024881;-95.439674
22026879;-95.532997
22028914;-95.625374
22030906;-95.716789
22032897;-95.807289
22034892;-95.896828
22036889;-95.985428
22038918;-96.073074
22040879;-96.159782
22042879;-96.245522
22044874;-96.330322
22046878;-96.414177
22048876;-96.497070
22050916;-96.579018
22052898;-96.660011
22054898;-96.740044
22056896;-96.819138
22058891;-96.897255
22060914;-96.974442
22062881;-97.050652
22064875;-97.125916
22066880;-97.200203
22068877;-97.273544
22070877;-97.345924
22072913;-97.417343
22074900;-97.487793
22076895;-97.557281
22078895;-97.625809
22080894;-97.693382
22082915;-97.759987
22084879;-97.825630
22086878;-97.890297
22088872;-97.954010
22090876;-98.016754
22092878;-98.078522
22094916;-98.139336
22096895;-98.199165
22098897;-98.258034
22100900;-98.287109
22102894;-98.372856
22105090;-98.428818
22106904;-98.483803
22108897;-98.537811
22110903;-98.590858
22112890;-98.642929
22114896;-98.694023
22116904;-98.744133
22118873;-98.793289
22120877;-98.841454
22122876;-98.888657
22124874;-98.934868
22126985;-98.980103
22128902;-99.024376
22130895;-99.067665
22132895;-99.109978
22134893;-99.151306
22136894;-99.191666
22138915;-99.231033
22140879;-99.269424
22142877;-99.306847
22144872;-99.343285
22146872;-99.378738
22148930;-99.413208
22150919;-99.446701
22152894;-99.479218
22154890;-99.510742
22156891;-99.541298
22158889;-99.570862
22160916;-99.599442
22162894;-99.627037
22164895;-99.653656
22166890;-99.679283
22168894;-99.703934
22170986;-99.727600
22172905;-99.750282
22174895;-99.771973
22176898;-99.792686
22178898;-99.812408
22180899;-99.831161
22182915;-99.848907
22184877;-99.865677
22186873;-99.881462
22188875;-99.896263
22190877;-99.910072
22192990;-99.922905
22194901;-99.934746
22196897;-99.945602
22198893;-99.955460
22200891;-99.964348
22202889;-99.972244
22204918;-99.979149
22206894;-99.985069
22208897;-99.990005
22210893;-99.993958
22212892;-99.996910
22214914;-99.998894
22216881;-99.999878
22218876;-99.999878
22220876;-99.998894
22222876;-99.996918
22224877;-99.993958
22226912;-99.990013
22228898;-99.985077
22230894;-99.979149
22232898;-99.972244
22234895;-99.964348
22236918;-99.955467
22238882;-99.945602
22240871;-99.934746
22242875;-99.922905
22244877;-99.910080
22246930;-99.896263
22248914;-99.881462
22250905;-99.873695
22252896;-99.848907
22254896;-99.831161
22256894;-99.812416
22258904;-99.792686
22260876;-99.771973
22262877;-99.750282
22264878;-99.727600
22266873;-99.703934
22268918;-99.679283
22270905;-99.653656
22272896;-99.627037
22274895;-99.599442
22276896;-99.570862
22278894;-99.541298
22280917;-99.510750
22282877;-99.479218
22284873;-99.446709
22286877;-99.413208
22288875;-99.378738
22290930;-99.343285
22292913;-99.306854
22294896;-99.269440
22296899;-99.231041
22298895;-99.191666
22300900;-99.151314
22302912;-99.109985
22304897;-99.067673
22306897;-99.024384
22308894;-98.980118
22310897;-98.934868
22312915;-98.888657
22314880;-98.841461
22316876;-98.793289
22318877;-98.744148
22320872;-98.694023
22322879;-98.642937
22324912;-98.590866
22326897;-98.537827
22328893;-98.483810
22330900;-98.428825
22332894;-98.372871
22334914;-98.315941
22336876;-98.258049
22338874;-98.199181
22340875;-98.139343
22342875;-98.078537
22344910;-98.016754
22346879;-97.954025
22348879;-97.890312
22350881;-97.825638
22352869;-97.760002
22354876;-97.693398
22356909;-97.625824
22358880;-97.557297
22360879;-97.487801
22362874;-97.417351
22364871;-97.345924
22366988;-97.273552
22368900;-97.200203
22370900;-97.125916
22372892;-97.050652
22374895;-96.974442
22376893;-96.897270
22378917;-96.819138
22380900;-96.740051
22382901;-96.660011
22384892;-96.579018
22386898;-96.497086
22388917;-96.414177
22390879;-96.330330
22392878;-96.245522
22394872;-96.159782
22396879;-96.073074
22398875;-95.985443
22400915;-95.941261
22402896;-95.807304
22404890;-95.716820
22406895;-95.625381
22408895;-95.533012
22410911;-95.439697
22412883;-95.345428
22414877;-95.250237
22416876;-95.154083
22418871;-95.057007
22420880;-94.958984
22422910;-94.860039
22424898;-94.760147
22426893;-94.659309
22428895;-94.557556
22430901;-94.454849
22432913;-94.351234
22434886;-94.246681
22436874;-94.141182
22438873;-94.034767
22440879;-93.927414
22442877;-93.819145
22444918;-93.709961
22446903;-93.599823
22448899;-93.488785
22450895;-93.376801
22452899;-93.263916
22454920;-93.150093
22456873;-93.035370
22458874;-92.919724
22460870;-92.803154
22462879;-92.685677
22464877;-92.567268
22466915;-92.447960
22468900;-92.327744
22470901;-92.206596
22472898;-92.084564
22474898;-91.961601
22476916;-91.899780
22478877;-91.712967
22480875;-91.587296
22482874;-91.460732
22484874;-91.333237
22486918;-91.204865
22488880;-91.075569
22490880;-90.945396
22492875;-90.814331
22494875;-90.682343
22496879;-90.549484
22498913;-90.415703
22500899;-90.281067
22502895;-90.145508
22504896;-90.009079
22506893;-89.871780
22508912;-89.733559
22510876;-89.594475
22512873;-89.454475
22514873;-89.313622
22516874;-89.171890
22518875;-89.029243
22520913;-88.885750
22522900;-88.741356
22524899;-88.596107
22526896;-88.449959
22528895;-88.302971
22530913;-88.155106
22532879;-88.006340
22534879;-87.856735
22536871;-87.706238
22538872;-87.554901
22540878;-87.402702
22542917;-87.249611
22544897;-87.095680
22546893;-86.940872
22548894;-86.785233
22550898;-86.707092
22552915;-86.471352
22554877;-86.313148
22556874;-86.154060
22558875;-85.994148
22560877;-85.833374
22562872;-85.671761
22564912;-85.509315
22566899;-85.345993
22568891;-85.181847
22570894;-85.016846
22572894;-84.851036
22574910;-84.684349
22576882;-84.516861
22578876;-84.348534
22580871;-84.179352
22582872;-84.009369
22584883;-83.838524
22586912;-83.666878
22588899;-83.494408
22590903;-83.321091
22592892;-83.146973
22594894;-82.972008
22596916;-82.796249
22598882;-82.619652
22600877;-82.442261
22602875;-82.264069
22604873;-82.085022
22606878;-81.905197
22608912;-81.724533
22610904;-81.543098
22612894;-81.360855
22614890;-81.177811
22616895;-80.993965
22618915;-80.809288
22620880;-80.623840
22622874;-80.437599
22624872;-80.250534
22626872;-80.062714
22628929;-79.874077
22630914;-79.684669
22632899;-79.494446
22634893;-79.303474
22636899;-79.111710
22638890;-78.919151
22640910;-78.725830
22642899;-78.531708
22644894;-78.336838
22646894;-78.141197
22648892;-77.944756
22650916;-77.747574
22652877;-77.747574
22654873;-77.350876
22656875;-77.151367
22658874;-76.951126
22660877;-76.750122
22662917;-76.548340
22664897;-76.345825
22666894;-76.142525
22668896;-75.938507
22670894;-75.733742
22672991;-75.528191
22674902;-75.321938
22676898;-75.114906
22678898;-74.907158
22680897;-74.698639
22682894;-74.489418
22684922;-74.279465
22686900;-74.068741
22688896;-73.857323
22690901;-73.645142
22692895;-73.432266
22694902;-73.218666
22696881;-73.004303
22698880;-72.789261
22700877;-72.681473
22702872;-72.356987
22704871;-72.139763
22706915;-71.921860
22708895;-71.703247
22710898;-71.483887
22712891;-71.263863
22714895;-71.043098
22716917;-70.821671
22718883;-70.599533
22720874;-70.376678
22722877;-70.153191
22724875;-69.928940
22726880;-69.704033
22728910;-69.478439
22730910;-69.252129
22732898;-69.025169
22734894;-68.797493
22736895;-68.569168
22738905;-68.340134
22740878;-68.110466
22742881;-67.880119
22744878;-67.649063
22746877;-67.417389
22749001;-67.185005
22750900;-66.951988
22752897;-66.718323
22754899;-66.483955
22756897;-66.248970
22758894;-66.013298
22760909;-65.777000
22762883;-65.540024
22764876;-65.302437
22766876;-65.064201
22768874;-64.825294
22770981;-64.585785
22772898;-64.345589
22774895;-64.104805
22776893;-63.863392
22778891;-63.621307
22780899;-63.378628
22782911;-63.135292
22784902;-62.891365
22786896;-62.646778
22788897;-62.401615
22790891;-62.155830
22792918;-61.909401
22794884;-61.662399
22796873;-61.414749
22798876;-61.166527
22800874;-60.917706
22802882;-60.668243
22804917;-60.418217
22806897;-60.167564
22808893;-59.916348
22810897;-59.664505
22812896;-59.412109
22814915;-59.159134
22816875;-58.905529
22818878;-58.651386
22820880;-58.396626
22822873;-58.141327
22824999;-57.885448
22826900;-57.628967
22828893;-57.371990
22830899;-57.114376
22832893;-56.856228
22834887;-56.597485
22836914;-56.338223
22838879;-56.078403
22840879;-55.817993
22842879;-55.557068
22844877;-55.295555
22846914;-55.033539
22848876;-54.770977
22850880;-54.639454
22852875;-54.244198
22854875;-53.979980
22856916;-53.715279
22858879;-53.450001
22860876;-53.184235
22862874;-52.917946
22864877;-52.651096
22866878;-52.383762
22868916;-52.115868
22870879;-51.847504
22872874;-51.713135
22874875;-51.309212
22876878;-51.039322
22878926;-50.768887
22880913;-50.497990
22882900;-50.226559
22884898;-49.954666
22886890;-49.682285
22888891;-49.409370
22890912;-49.136013
22892880;-48.862125
22894875;-48.587799
22896870;-48.312996
22898877;-48.037670
22901003;-47.761909
22902904;-47.485641
22904896;-47.208942
22906898;-46.931778
22908898;-46.654110
22910899;-46.376026
22912911;-46.097439
22914897;-45.818439
22916888;-45.538944
22918897;-45.259045
22920895;-44.978695
22922914;-44.697865
22924878;-44.416630
22926877;-44.134918
22928876;-43.852810
22930877;-43.570271
22932874;-43.428795
22934911;-43.003864
22936899;-42.720039
22938892;-42.435799
22940899;-42.151093
22942897;-41.866016
22944915;-41.580528
22946879;-41.294582
22948872;-41.008274
22950880;-40.721519
22952875;-40.434402
22954872;-40.146889
22956915;-39.858932
22958899;-39.570629
22960905;-39.281891
22962890;-38.992809
22964893;-38.703300
22966911;-38.413452
22968874;-38.123226
22970874;-37.832577
22972875;-37.541599
22974874;-37.250210
22976873;-36.958492
22978911;-36.666412
22980899;-36.373924
22982898;-36.081123
22984892;-35.787922
22986895;-35.494415
22988911;-35.200508
22990878;-34.906300
22992877;-34.611748
22994876;-34.316807
22996875;-34.021576
22998873;-33.725964
23000915;-33.578053
23002902;-33.133827
23004897;-32.837227
23006894;-32.540344
23008898;-32.243095
23010916;-31.945574
23012887;-31.647692
23014880;-31.349543
23016877;-31.051085
23018882;-30.752274
23020914;-30.453205
23022878;-30.153790
23024872;-29.854124
23026874;-29.554165
23028875;-29.253864
23030878;-28.953323
23032912;-28.652451
23034895;-28.351339
23036903;-28.049904
23038898;-27.748236
23040897;-27.446297
23042916;-27.144039
23044877;-26.841604
23046881;-26.538816
23048874;-26.235809
23050875;-25.932545
23052872;-25.780769
23054915;-25.325203
23056907;-25.021133
23058901;-24.716862
23060898;-24.412348
23062887;-24.107544
23064915;-23.802551
23066873;-23.497276
23068872;-23.191816
23070877;-22.886080
23072870;-22.580164
23074875;-22.274027
23076909;-21.967623
23078895;-21.661047
23080899;-21.354214
23082897;-21.047215
23084898;-20.740007
23086915;-20.432549
23088878;-20.124935
23090874;-19.817076
23092876;-19.663097
23094874;-19.200823
23096917;-18.892433
23098882;-18.583858
23100876;-18.275051
23102878;-17.966110
23104882;-17.656948
23106875;-17.347656
23108915;-17.038193
23110895;-16.728516
23112892;-16.418720
23114894;-16.108715
23116894;-15.798600
23118912;-15.488279
23120877;-15.177855
23122875;-14.867279
23124877;-14.556509
23126875;-14.245645
23128876;-13.934591
23130914;-13.623447
23132898;-13.312168
23134898;-13.000711
23136892;-12.689175
23138897;-12.377464
23140917;-12.065679
23142880;-11.753728
23144873;-11.441707
23146874;-11.129574
23148879;-10.817284
23150993;-10.504933
23152899;-10.192480
23154894;-9.879926
23156895;-9.567274
23158893;-9.254481
23160897;-8.941644
23162916;-8.628671
23164893;-8.315660
23166894;-8.002520
23168897;-7.689348
23170895;-7.376100
23173001;-7.062732
23174896;-6.749341
23176894;-6.435838
23178895;-6.122317
23180895;-5.808736
23182895;-5.495050
23184904;-5.181358
23186870;-4.867567
23188868;-4.553775
23190875;-4.239939
23192878;-3.926013
23194986;-3.612096
23196901;-3.298096
23198898;-2.984111
23200901;-2.670048
23202895;-2.356008
23204893;-2.041943
23206909;-1.727811
23208875;-1.413710
23210876;-1.099547
23212878;-0.785421
23214878;-0.471287
23216915;-0.157100
23218880;0.157080
23220879;0.471237
23222874;0.785390
23224874;1.099535
23226984;1.256604
23228903;1.727790
23230903;2.041893
23232894;2.355976
23234898;2.670036
23236890;2.984070
23238909;3.298074
23240876;3.612046
23242870;3.925981
23244870;4.239879
23246873;4.553734
23248917;4.867544
23250878;5.181307
23252877;5.495018
23254878;5.808674
23256876;6.122274
23258874;6.435814
23260910;6.749289
23262881;7.062697
23264874;7.376038
23266877;7.689305
23268874;8.002495
23270991;8.315607
23272900;8.628635
23274891;8.941581
23276891;9.254436
23278894;9.567202
23280898;9.879873
23282913;10.192444
23284879;10.504917
23286878;10.817286
23288870;11.129548
23290873;11.441700
23292877;11.753738
23294914;12.065662
23296899;12.377467
23298890;12.689150
23300899;12.844942
23302894;13.312133
23304915;13.623430
23306882;13.934594
23308882;14.245617
23310873;14.556500
23312881;14.867243
23314879;15.177837
23316913;15.488280
23318897;15.798573
23320899;16.108707
23322894;16.418684
23324896;16.728498
23326912;17.038149
23328879;17.347628
23330877;17.656937
23332871;17.966076
23334875;18.275032
23336875;18.583811
23338913;18.892406
23340903;19.200811
23342896;19.509031
23344892;19.817057
23346894;20.124889
23348906;20.432520
23350879;20.739950
23352880;21.047176
23354883;21.354193
23356876;21.660999
23358878;21.967592
23360913;22.273970
23362893;22.580126
23364897;22.886059
23366891;23.191769
23368897;23.497246
23370920;23.802494
23372877;24.107506
23374877;24.412279
23376877;24.716812
23378883;25.021099
23380883;25.325144
23382917;25.628939
23384897;25.932476
23386894;26.235760
23388892;26.538784
23390899;26.841545
23392911;27.144045
23394875;27.446274
23396883;27.748230
23398875;28.049919
23400869;28.351324
23402877;28.652456
23404913;28.953299
23406903;29.253859
23408899;29.554132
23410897;29.854111
23412895;30.153793
23414909;30.453184
23416898;30.752268
23418898;31.051052
23420897;31.349527
23422896;31.647697
23424907;31.945551
23426877;32.243092
23428872;32.540310
23430880;32.837208
23432880;33.133785
23434877;33.430038
23436915;33.725952
23438896;34.021542
23440899;34.316792
23442889;34.611706
23444897;34.906273
23446916;35.200500
23448872;35.494377
23450876;35.641186
23452871;36.081081
23454874;36.373901
23456993;36.666363
23458900;36.958458
23460897;37.250191
23462897;37.541557
23464895;37.832550
23466894;38.123173
23468916;38.413418
23470902;38.703281
23472899;38.992767
23474897;39.281864
23476894;39.570580
23478913;39.858898
23480875;40.146824
23482872;40.434357
23484878;40.721493
23486878;41.008221
23488875;41.294548
23490919;41.580467
23492896;41.865971
23494896;42.151066
23496895;42.435749
23498896;42.720005
23500917;43.003841
23502882;43.287258
23504877;43.570240
23506881;43.852798
23508881;44.134922
23510874;44.416611
23512916;44.697861
23514898;44.978668
23516893;45.259033
23518894;45.538948
23520899;45.818417
23522912;46.097435
23524897;46.375996
23526895;46.654099
23528895;46.931744
23530896;47.208927
23532989;47.485634
23534894;47.761883
23536893;48.037659
23538894;48.312958
23540898;48.587780
23542893;48.862122
23544918;49.135986
23546897;49.409363
23548894;49.682243
23550900;49.954647
23552896;50.226551
23554912;50.497963
23556880;50.768871
23558874;51.039284
23560876;51.309193
23562875;51.578583
23564878;51.847477
23566914;52.115856
23568901;52.383720
23570900;52.651070
23572897;52.917896
23574894;53.184204
23576945;53.449982
23578912;53.715237
23580899;53.979958
23582890;54.244156
23584893;54.507809
23586892;54.770924
23588908;55.033501
23590878;55.295532
23592871;55.557018
23594876;55.817963
23596873;56.078350
23599005;56.338184
23600906;56.597466
23602900;56.856178
23604895;57.114338
23606899;57.371937
23608897;57.628967
23610918;57.885426
23612880;58.141319
23614877;58.396633
23616880;58.651371
23618876;58.905529
23620873;59.159111
23622914;59.412106
23624896;59.664516
23626897;59.916336
23628897;60.167557
23630898;60.418190
23632905;60.668228
23634878;60.917671
23636876;61.166508
23638875;61.414749
23640874;61.662376
23642873;61.909389
23644913;62.155800
23646894;62.401592
23648896;62.646778
23650897;62.891342
23652890;63.013386
23654913;63.378597
23656873;63.621284
23658872;63.863350
23660875;64.104782
23662871;64.345589
23664928;64.585754
23666911;64.825279
23668894;65.064171
23670901;65.302414
23672895;65.540009
23674894;65.776978
23676916;66.013275
23678900;66.248932
23680898;66.483932
23682897;66.718277
23684893;66.951958
23686914;67.184982
23688882;67.417351
23690877;67.649040
23692874;67.880074
23694873;68.110428
23696873;68.340118
23698915;68.569130
23700902;68.797462
23702901;69.025124
23704893;69.252098
23706895;69.478394
23708910;69.703995
23710878;69.928909
23712874;70.153137
23714874;70.376678
23716878;70.599518
23718874;70.821655
23720918;71.043106
23722898;71.263847
23724895;71.483887
23726892;71.703224
23728892;71.921852
23730913;72.139778
23732902;72.356972
23734896;72.573471
23736892;72.789238
23738896;73.004303
23740912;73.218636
23742877;73.432251
23744878;73.645142
23746872;73.857300
23748879;74.068741
23750881;74.174179
23752911;74.489403
23754902;74.698639
23756893;74.907135
23758894;75.114891
23760894;75.321915
23762915;75.528183
23764875;75.733711
23766881;75.938484
23768879;76.142517
23770876;76.345795
23772869;76.548325
23774913;76.750092
23776893;76.951103
23778895;77.151352
23780899;77.350845
23782895;77.549568
23784916;77.747536
23786874;77.944733
23788875;78.141159
23790872;78.336807
23792873;78.531693
23794879;78.725800
23796912;78.919128
23798898;79.111679
23800903;79.303452
23802896;79.494438
23804900;79.684631
23806917;79.874054
23808879;80.062675
23810879;80.250511
23812876;80.437561
23814876;80.623810
23816872;80.809273
23818913;80.993927
23820900;81.177780
23822898;81.360840
23824896;81.543091
23826898;81.724548
23828907;81.905190
23830882;82.085022
23832877;82.264038
23834874;82.442261
23836879;82.619659
23838991;82.796242
23840903;82.972015
23842895;83.146957
23844892;83.321083
23846895;83.494392
23848891;83.666870
23850918;83.838524
23852875;84.009354
23854877;84.179352
23856870;84.348526
23858873;84.516853
23860873;84.684349
23862915;84.851013
23864898;85.016846
23866893;85.181831
23868894;85.345985
23870895;85.509285
23872912;85.671745
23874878;85.833366
23876874;85.994133
23878872;86.154045
23880879;86.313118
23882878;86.471336
23884911;86.628700
23886895;86.785210
23888892;86.940865
23890900;87.095657
23892892;87.249596
23894907;87.402672
23896878;87.554886
23898876;87.706230
23900874;87.781578
23902880;88.006325
23904990;88.155075
23906904;88.302948
23908900;88.449944
23910904;88.596085
23912896;88.741341
23914895;88.885719
23916902;89.029221
23918880;89.171852
23920878;89.313599
23922876;89.454460
23924876;89.594444
23926928;89.733536
23928915;89.871750
23930901;90.009079
23932896;90.145508
23934898;90.281052
23936893;90.415710
23938916;90.549469
23940880;90.682343
23942870;90.814316
23944880;90.945389
23946878;91.075569
23948874;91.204857
23950914;91.333237
23952898;91.460716
23954897;91.587296
23956889;91.712967
23958892;91.837730
23960918;91.961594
23962880;92.084541
23964878;92.206589
23966880;92.327728
23968873;92.447952
23970873;92.567261
23972910;92.685661
23974899;92.803139
23976897;92.861542
23978899;93.035355
23980895;93.150093
23982912;93.263908
23984874;93.376793
23986874;93.488762
23988873;93.599808
23990873;93.709930
23992874;93.819130
23994918;93.927406
23996898;94.034752
23998892;94.141167
24000895;94.246658
24002895;94.351212
24004914;94.454842
24006882;94.557541
24008870;94.659302
24010870;94.760132
24012871;94.860016
24014993;94.958969
24016905;95.056992
24018896;95.154076
24020899;95.250214
24022895;95.345421
24024890;95.439682
24026916;95.532997
24028897;95.625374
24030902;95.716805
24032895;95.807289
24034892;95.896835
24036916;95.985428
24038883;96.073074
24040875;96.159775
24042877;96.245529
24044877;96.330322
24046927;96.414169
24048915;96.497070
24050900;96.538162
24052896;96.660011
24054892;96.740051
24056896;96.819130
24058909;96.897263
24060882;96.974442
24062872;97.050652
24064880;97.125908
24066877;97.200203
24068918;97.273544
24070880;97.345917
24072871;97.417343
24074877;97.487793
24076875;97.557297
24078876;97.625824
24080915;97.693390
24082894;97.759995
24084894;97.825638
24086894;97.890305
24088893;97.954018
24090913;98.016754
24092881;98.078529
24094874;98.139336
24096877;98.199173
24098884;98.258034
24100991;98.315933
24102902;98.372864
24104893;98.428818
24106894;98.483810
24108895;98.537819
24110893;98.590858
24112910;98.642929
24114876;98.694023
24116872;98.744141
24118872;98.793289
24120874;98.841454
24122916;98.888649
24124879;98.934868
24126874;98.980110
24128873;99.024376
24130873;99.067665
24132877;99.109970
24134913;99.151306
24136895;99.191658
24138889;99.231033
24140894;99.269432
24142897;99.306847
24144912;99.343285
24146880;99.378738
24148881;99.413208
24150874;99.446701
24152874;99.479218
24154872;99.510742
24156914;99.541290
24158897;99.570862
24160899;99.599442
24162893;99.627037
24164893;99.653656
24166913;99.679283
24168880;99.703934
24170877;99.727600
24172872;99.750282
24174875;99.771973
24176929;99.792686
24178912;99.812408
24180901;99.831154
24182895;99.848907
24184895;99.865685
24186893;99.881462
24188920;99.896263
24190879;99.910072
24192879;99.922905
24194878;99.934746
24196875;99.945602
24198884;99.955467
24200915;99.964348
24202896;99.972244
24204895;99.979149
24206894;99.985077
24208895;99.990005
24210986;99.993958
24212903;99.996918
24214903;99.998894
24216895;99.999878
24218893;99.999878
24220897;99.998894
24222916;99.996918
24224903;99.993958
24226898;99.990005
24228897;99.985077
24230898;99.979149
24232913;99.972244
24234878;99.964348
24236873;99.955467
24238874;99.945602
24240873;99.934746
24242873;99.922905
24244913;99.910072
24246874;99.896263
24248874;99.881462
24250872;99.865685
24252873;99.848907
24254916;99.831154
24256878;99.812408
24258884;99.792686
24260878;99.771973
24262880;99.750282
24264872;99.727600
24266915;99.703941
24268894;99.679283
24270893;99.653656
24272894;99.627037
24274893;99.599442
24276915;99.570862
24278873;99.541298
24280879;99.510750
24282874;99.479218
24284876;99.446701
24286876;99.413208
24288915;99.378738
24290905;99.343285
24292902;99.306847
24294897;99.269432
24296893;99.231033
24298960;99.191666
24300905;99.151306
24302898;99.109978
24304896;99.067673
24306894;99.024376
24308892;98.980110
24310917;98.934868
24312878;98.888657
24314876;98.841461
24316874;98.793289
24318874;98.744141
24320930;98.694023
24322910;98.642929
24324895;98.590866
24326897;98.537819
24328896;98.483810
24330902;98.428818
24332912;98.372864
24334897;98.315941
24336899;98.258041
24338895;98.199173
24340898;98.139343
24342913;98.078529
24344878;98.016754
24346878;97.954018
24348872;97.890312
24350880;97.858093
24352881;97.759995
24354914;97.693398
24356900;97.625824
24358894;97.557297
24360893;97.487801
24362895;97.417343
24364916;97.345932
24366881;97.273544
24368880;97.200211
24370881;97.125916
24372879;97.050652
24374876;96.974442
24376912;96.897270
24378902;96.819138
24380897;96.740051
24382895;96.660019
24384892;96.579018
24386916;96.497078
24388878;96.414177
24390879;96.330330
24392873;96.245529
24394875;96.159782
24396881;96.073082
24398911;95.985428
24400902;95.896843
24402894;95.807297
24404893;95.716812
24406892;95.625374
24408914;95.533005
24410878;95.439682
24412877;95.345428
24414873;95.250221
24416874;95.154076
24418933;95.057007
24420913;94.958984
24422903;94.860031
24424899;94.760132
24426894;94.659302
24428892;94.557549
24430919;94.454849
24432877;94.351219
24434878;94.246666
24436877;94.141174
24438880;94.034752
24440936;93.927414
24442915;93.819138
24444899;93.709938
24446896;93.599823
24448896;93.488770
24450896;93.376801
24452922;93.263916
24454878;93.150101
24456875;93.035362
24458877;92.919716
24460880;92.803146
24462926;92.685661
24464911;92.567268
24466897;92.447952
24468893;92.327728
24470892;92.206596
24472896;92.084557
24474914;91.961601
24476876;91.837738
24478871;91.712967
24480873;91.587296
24482877;91.460724
24484873;91.333237
24486916;91.204857
24488899;91.075584
24490896;90.945396
24492891;90.814323
24494896;90.682343
24496915;90.549477
24498882;90.415726
24500873;90.348503
24502874;90.145515
24504874;90.009079
24506994;89.871750
24508901;89.733551
24510899;89.594452
24512897;89.454468
24514892;89.313599
24516893;89.171860
24518909;89.029228
24520901;88.885727
24522891;88.741348
24524897;88.596085
24526892;88.449951
24528916;88.302948
24530877;88.155067
24532874;88.006332
24534876;87.856712
24536873;87.706230
24538873;87.554893
24540916;87.402679
24542901;87.249603
24544897;87.095680
24546895;86.940880
24548895;86.785217
24551014;86.628708
24552909;86.471344
24554896;86.313126
24556899;86.154068
24558897;85.994141
24560899;85.833374
24562913;85.671753
24564897;85.509285
24566894;85.345985
24568891;85.181847
24570895;85.016853
24572917;84.851021
24574879;84.684357
24576875;84.516853
24578876;84.348511
24580881;84.179352
24582874;84.009354
24584915;83.838524
24586901;83.666870
24588897;83.494385
24590898;83.321075
24592892;83.146980
24594910;82.972023
24596883;82.796249
24598876;82.619667
24600875;82.442268
24602877;82.264053
24604874;82.085037
24606912;81.905197
24608893;81.724556
24610895;81.543098
24612894;81.360847
24614891;81.177780
24616916;80.993942
24618881;80.809280
24620874;80.623817
24622872;80.437561
24624878;80.250511
24626879;80.062675
24628912;79.874062
24630902;79.684647
24632895;79.494438
24634896;79.303452
24636896;79.111679
24638913;78.919128
24640886;78.725800
24642878;78.531693
24644877;78.336807
24646875;78.141167
24648880;77.944740
24650914;77.846237
24652898;77.549591
24654895;77.350861
24656895;77.151367
24658896;76.951111
24660919;76.750099
24662880;76.548340
24664877;76.345810
24666879;76.142532
24668877;75.938499
24670878;75.733719
24672912;75.528183
24674898;75.321922
24676896;75.114906
24678895;74.907150
24680899;74.698647
24682918;74.489410
24684878;74.279442
24686874;74.068748
24688872;73.857307
24690878;73.645142
24692881;73.432251
24694912;73.218636
24696901;73.004295
24698896;72.789253
24700900;72.573486
24702893;72.356995
24704909;72.139786
24706875;71.921860
24708879;71.703232
24710871;71.483910
24712879;71.263863
24714875;71.043121
24716915;70.821671
24718901;70.599525
24720895;70.376678
24722892;70.153160
24724893;69.928932
24726913;69.816551
24728880;69.478401
24730877;69.252106
24732879;69.025124
24734877;68.797478
24736875;68.569145
24738915;68.340126
24740897;68.110435
24742900;67.880074
24744894;67.649040
24746895;67.417358
24748914;67.184998
24750878;66.951965
24752873;66.718277
24754872;66.483948
24756883;66.248940
24758926;66.013298
24760909;65.776993
24762898;65.540031
24764894;65.302429
24766897;65.064178
24768897;64.825287
24770912;64.585777
24772878;64.345604
24774878;64.104805
24776874;63.863361
24778877;63.621296
24780919;63.378597
24782878;63.135296
24784875;62.891354
24786874;62.646790
24788880;62.401604
24790875;62.155807
24792913;61.909397
24794895;61.662388
24796893;61.414753
24798895;61.166519
24800899;61.042183
24802906;60.668228
24804884;60.418213
24806874;60.167568
24808872;59.916359
24810881;59.664536
24812914;59.412121
24814873;59.159122
24816879;58.905560
24818875;58.651394
24820881;58.396656
24822879;58.141335
24824914;57.885437
24826895;57.628979
24828895;57.371964
24830903;57.114365
24832892;56.856201
24834916;56.597477
24836879;56.338192
24838876;56.078358
24840876;55.817978
24842879;55.557037
24845019;55.295544
24846901;55.033512
24848896;54.770927
24850892;54.507809
24852895;54.244167
24854894;53.979977
24856907;53.715248
24858877;53.449989
24860873;53.184204
24862883;52.917915
24864873;52.651100
24866918;52.383751
24868877;52.115883
24870876;51.847500
24872875;51.578606
24874874;51.309196
24876877;51.039307
24878914;50.768894
24880899;50.497978
24882894;50.226570
24884895;49.954655
24886898;49.682255
24888912;49.409382
24890877;49.136005
24892871;48.862137
24894876;48.587791
24896873;48.312962
24898879;48.037659
24900916;47.761898
24902894;47.485649
24904895;47.208931
24906896;46.931747
24908893;46.654099
24910911;46.375992
24912879;46.097446
24914875;45.818428
24916873;45.538975
24918881;45.259052
24920873;44.978683
24922915;44.697872
24924896;44.416637
24926896;44.134945
24928895;43.852818
24930897;43.570255
24932914;43.287266
24934881;43.003849
24936876;42.720028
24938881;42.435760
24940877;42.151081
24942875;41.865982
24944912;41.580467
24946899;41.294567
24948893;41.008240
24950896;40.864910
24952893;40.434368
24954912;40.146832
24956875;39.858898
24958876;39.570599
24960875;39.281879
24962875;38.992775
24964872;38.703285
24966909;38.413418
24968902;38.123165
24970895;37.832584
24972896;37.541588
24974894;37.250214
24976917;36.958477
24978870;36.666374
24980872;36.373913
24982873;36.081112
24984876;35.787930
24986876;35.494400
24988922;35.200516
24990898;34.906284
24992890;34.611710
24994897;34.316818
24996895;34.021561
24998906;33.725971
25000877;33.430046
25002876;33.133793
25004879;32.837212
25006876;32.540329
25008997;32.243107
25010902;31.945559
25012892;31.647699
25014895;31.349527
25016894;31.051048
25018895;30.752283
25020917;30.453190
25022897;30.153799
25024896;29.854134
25026893;29.554150
25028892;29.253874
25030914;28.953331
25032875;28.652481
25034877;28.351349
25036875;28.049934
25038873;27.748245
25040872;27.446281
25042913;27.144072
25044899;26.841568
25046896;26.538801
25048893;26.235771
25050894;25.932482
25052912;25.628939
25054882;25.325165
25056876;25.021118
25058878;24.716824
25060879;24.412287
25062928;24.107508
25064912;23.802490
25066900;23.497261
25068898;23.191778
25070894;22.886066
25072896;22.580128
25074912;22.273966
25076878;21.967585
25078874;21.661034
25080880;21.354221
25082873;21.047199
25084995;20.739969
25086904;20.432533
25088901;20.124922
25090897;19.817085
25092897;19.509054
25094895;19.200832
25096912;18.892418
25098899;18.583818
25100900;18.429462
25102893;17.966097
25104899;17.656956
25106910;17.347641
25108882;17.038157
25110877;16.728500
25112869;16.418705
25114869;16.108725
25116875;15.798585
25118915;15.488288
25120896;15.177840
25122891;14.867240
25124897;14.556519
25126894;14.245629
25128916;13.934599
25130877;13.623433
25132881;13.312154
25134879;13.000721
25136877;12.689183
25139000;12.377496
25140907;12.065687
25142899;11.753759
25144900;11.441715
25146893;11.129559
25148893;10.817315
25150911;10.504942
25152881;10.192464
25154870;9.879887
25156875;9.567211
25158874;9.254441
25160916;8.941605
25162884;8.628655
25164878;8.315620
25166875;8.002504
25168883;7.689308
25170878;7.376037
25172914;7.062716
25174900;6.749302
25176894;6.435822
25178898;6.122278
25180898;5.808673
25182913;5.495012
25184880;5.181319
25186876;4.867576
25188877;4.553761
25190877;4.239901
25192877;3.925998
25194915;3.612057
25196893;3.298105
25198898;2.984096
25200895;2.670057
25202893;2.355993
25204916;2.041904
25206878;1.727796
25208875;1.413695
25210881;1.099556
25212876;0.785405
25214876;0.471248
25216913;0.157085
25218896;-0.157079
25220899;-0.471218
25222894;-0.785375
25224894;-1.099525
25226912;-1.413665
25228874;-1.727790
25230877;-2.041898
25232873;-2.355963
25234873;-2.670027
25236928;-2.984066
25238911;-3.298074
25240900;-3.612027
25242892;-3.925944
25244894;-4.239846
25246894;-4.553706
25248912;-4.867522
25250878;-5.024400
25252873;-5.495005
25254874;-5.808643
25256870;-6.122248
25258925;-6.435792
25260913;-6.749272
25262901;-7.062686
25264895;-7.376031
25266896;-7.689279
25268892;-8.002474
25270916;-8.315591
25272881;-8.628626
25274872;-8.941574
25276879;-9.254436
25278875;-9.567182
25281009;-9.879857
25282900;-10.192435
25284897;-10.504911
25286896;-10.817286
25288896;-11.129552
25290896;-11.441686
25292906;-11.753706
25294875;-12.065634
25296879;-12.377443
25298877;-12.689130
25300877;-13.000690
25302916;-13.312101
25304879;-13.623403
25306874;-13.934570
25308876;-14.245600
25310875;-14.556490
25312880;-14.867234
25314915;-15.177811
25316885;-15.488259
25318873;-15.798555
25320877;-16.108694
25322871;-16.418676
25324930;-16.728497
25326915;-17.038126
25328899;-17.347612
25330900;-17.656927
25332898;-17.966068
25334896;-18.275030
25336907;-18.583813
25338877;-18.892389
25340875;-19.200802
25342874;-19.509026
25344877;-19.817057
25347005;-20.124868
25348896;-20.432505
25350900;-20.739916
25352898;-21.047146
25354894;-21.354168
25356897;-21.660980
25358905;-21.967579
25360880;-22.273960
25362873;-22.580097
25364876;-22.886036
25366879;-23.191748
25369014;-23.497232
25370904;-23.802485
25372893;-24.107500
25374893;-24.412256
25376895;-24.716795
25378897;-25.021088
25380916;-25.325138
25382899;-25.628933
25384896;-25.932476
25386896;-26.235741
25388892;-26.538771
25390923;-26.841539
25392878;-27.144041
25394879;-27.446276
25396869;-27.748240
25398884;-28.049908
25400878;-28.200659
25402917;-28.652430
25404898;-28.953281
25406894;-29.253843
25408893;-29.554098
25410904;-29.854084
25412913;-30.153772
25414884;-30.453163
25416877;-30.752254
25418871;-31.051043
25420878;-31.349501
25422872;-31.647673
25424911;-31.945532
25426892;-32.243076
25428890;-32.540302
25430900;-32.837208
25432890;-33.133766
25434897;-33.430019
25436911;-33.725945
25438897;-34.021534
25440902;-34.316792
25442892;-34.611706
25444891;-34.906258
25446908;-35.200489
25448873;-35.494373
25450877;-35.787903
25452881;-36.081081
25454880;-36.373882
25456931;-36.666325
25458913;-36.958427
25460904;-37.250168
25462897;-37.541534
25464896;-37.832535
25466896;-38.123161
25468916;-38.413387
25470878;-38.703259
25472875;-38.992748
25474874;-39.281853
25476871;-39.426250
25478917;-39.858894
25480876;-40.146805
25482880;-40.434341
25484876;-40.721478
25486872;-41.008209
25488883;-41.294540
25490917;-41.580467
25492875;-41.865955
25494873;-42.151054
25496880;-42.435734
25498876;-42.720001
25500884;-43.003841
25502906;-43.287262
25504898;-43.570229
25506891;-43.852791
25508894;-44.134895
25510903;-44.416592
25512906;-44.697845
25514879;-44.978657
25516875;-45.259007
25518872;-45.538925
25520876;-45.818401
25522931;-46.097420
25524910;-46.375988
25526896;-46.654095
25528896;-46.931721
25530899;-47.208904
25532892;-47.485622
25534915;-47.761871
25536893;-48.037647
25538894;-48.312950
25540897;-48.587757
25542894;-48.862106
25544915;-49.135971
25546880;-49.409351
25548876;-49.682243
25550875;-49.818497
25552875;-50.226532
25554876;-50.497948
25556914;-50.768864
25558902;-51.039280
25560893;-51.309193
25562897;-51.578552
25564894;-51.847446
25566913;-52.115829
25568884;-52.383698
25570875;-52.651054
25572881;-52.917885
25574880;-53.184174
25576877;-53.449959
25578918;-53.715218
25580903;-53.979946
25582899;-54.244137
25584891;-54.507797
25586892;-54.770897
25588914;-55.033482
25590880;-55.295517
25592877;-55.557007
25594873;-55.817951
25596876;-56.078346
25598876;-56.338161
25600919;-56.597446
25602898;-56.856174
25604895;-57.114334
25606894;-57.371933
25608896;-57.628967
25610909;-57.885414
25612875;-58.141304
25614871;-58.396626
25616869;-58.651344
25618876;-58.905514
25620872;-59.159096
25622913;-59.412075
25624898;-59.664490
25626898;-59.916313
25628892;-60.167545
25630894;-60.418182
25632916;-60.668224
25634889;-60.917645
25636877;-61.166489
25638874;-61.414730
25640876;-61.662357
25643015;-61.909382
25644907;-62.155796
25646896;-62.401573
25648891;-62.646759
25650900;-62.891323
25652900;-63.135265
25654918;-63.256996
25656897;-63.621284
25658893;-63.863338
25660896;-64.104774
25662896;-64.345573
25664914;-64.585747
25666875;-64.825279
25668876;-65.064171
25670875;-65.302383
25672879;-65.539993
25674880;-65.776947
25676916;-66.013260
25678902;-66.248917
25680897;-66.483917
25682894;-66.718254
25684895;-66.951942
25686918;-67.184967
25688877;-67.417336
25690878;-67.649033
25692874;-67.880043
25694874;-68.110413
25696914;-68.340096
25698878;-68.569115
25700877;-68.683365
25702877;-69.025116
25704874;-69.252083
25706872;-69.478378
25708917;-69.703987
25710898;-69.928902
25712897;-70.153137
25714894;-70.376678
25716896;-70.599503
25718916;-70.821648
25720873;-71.043098
25722873;-71.263847
25724874;-71.483871
25726877;-71.703209
25728872;-71.921829
25730913;-72.139755
25732894;-72.356949
25734894;-72.573456
25736898;-72.789230
25738895;-73.004295
25740909;-73.218613
25742879;-73.432228
25744880;-73.645126
25746879;-73.857292
25748875;-74.068726
25750875;-74.279434
25752914;-74.489388
25754903;-74.698624
25756899;-74.907127
25758890;-75.114883
25760898;-75.321899
25762912;-75.528183
25764877;-75.733711
25766878;-75.938477
25768880;-76.142525
25770876;-76.345787
25772875;-76.548302
25774916;-76.750092
25776895;-76.951096
25778896;-77.151337
25780896;-77.350845
25782894;-77.549561
25784911;-77.747513
25786874;-77.944717
25788875;-78.141136
25790871;-78.336807
25792878;-78.531677
25794874;-78.725777
25796913;-78.919121
25798897;-79.111656
25800899;-79.303444
25802896;-79.494415
25804893;-79.684639
25806919;-79.874046
25808876;-80.062660
25810872;-80.250511
25812877;-80.437546
25814877;-80.623817
25816928;-80.809258
25818909;-80.993912
25820899;-81.177780
25822894;-81.360832
25824893;-81.543098
25826891;-81.724533
25828919;-81.905197
25830878;-82.085022
25832882;-82.264038
25834877;-82.442261
25836879;-82.619652
25838876;-82.796249
25840916;-82.972008
25842904;-83.146942
25844891;-83.321091
25846894;-83.494377
25848890;-83.666878
25850909;-83.838524
25852881;-84.009369
25854874;-84.179352
25856879;-84.348511
25858878;-84.516838
25861012;-84.684326
25862899;-84.851006
25864894;-85.016823
25866897;-85.181801
25868894;-85.345963
25870900;-85.509262
25872909;-85.671738
25874883;-85.833344
25876876;-85.994102
25878884;-86.154037
25880881;-86.313095
25882919;-86.471329
25884880;-86.628685
25886876;-86.785210
25888875;-86.940849
25890874;-87.095634
25892875;-87.249588
25894913;-87.402657
25896902;-87.554878
25898895;-87.706215
25900893;-87.856689
25902894;-88.006317
25904914;-88.155052
25906877;-88.302948
25908876;-88.449944
25910877;-88.596085
25912878;-88.741333
25914877;-88.885704
25916911;-89.029221
25918897;-89.171837
25920894;-89.313599
25922891;-89.454453
25924899;-89.594421
25926919;-89.733536
25928876;-89.871742
25930880;-90.009079
25932874;-90.145508
25934880;-90.281067
25936930;-90.415703
25938913;-90.549461
25940903;-90.682343
25942898;-90.814308
25944893;-90.945396
25946894;-91.075569
25948917;-91.204849
25950879;-91.333237
25952876;-91.460709
25954873;-91.587296
25956877;-91.712967
25958911;-91.837738
25960879;-91.961601
25962882;-92.084541
25964874;-92.206596
25966874;-92.327705
25968875;-92.447945
25970910;-92.567245
25972881;-92.685638
25974874;-92.803131
25976876;-92.919693
25978873;-93.035355
25980916;-93.150070
25982880;-93.263885
25984883;-93.376785
25986875;-93.488747
25988874;-93.599800
25990875;-93.709923
25992911;-93.819130
25994898;-93.927399
25996894;-94.034737
25998893;-94.141159
26000895;-94.194016
26002916;-94.351212
26004873;-94.454834
26006871;-94.557526
26008874;-94.659294
26010876;-94.760117
26012878;-94.860016
26014913;-94.958969
26016895;-95.056999
26018894;-95.154068
26020899;-95.250206
26022899;-95.345413
26024914;-95.439674
26026879;-95.532997
26028874;-95.625374
26030881;-95.716789
26032872;-95.807289
26034878;-95.896828
26036916;-95.985428
26038897;-96.073074
26040899;-96.159782
26042890;-96.245522
26044892;-96.330322
26046907;-96.414177
26048874;-96.497070
26050880;-96.579018
26052878;-96.660011
26054877;-96.740044
26056877;-96.819138
26058919;-96.897255
26060899;-96.974442
26062895;-97.050652
26064894;-97.125916
26066895;-97.200203
26068912;-97.273544
26070875;-97.345924
26072876;-97.417343
26074875;-97.487793
26076881;-97.557281
26078874;-97.625809
26080916;-97.693382
26082898;-97.759987
26084894;-97.825630
26086892;-97.890297
26088894;-97.954010
26090921;-98.016754
26092882;-98.078522
26094882;-98.139336
26096877;-98.199165
26098875;-98.258034
26101031;-98.315933
26102900;-98.372856
26104892;-98.428818
26106896;-98.483803
26108892;-98.537811
26110898;-98.590858
26112913;-98.642929
26114877;-98.694023
26116877;-98.744133
26118870;-98.793289
26120879;-98.841454
26123018;-98.888657
26124898;-98.934868
26126899;-98.980103
26128896;-99.024376
26130894;-99.067665
26132894;-99.109978
26134913;-99.151306
26136895;-99.191666
26138894;-99.231033
26140899;-99.269424
26142892;-99.306847
26144916;-99.343285
26146879;-99.378738
26148872;-99.413208
26150873;-99.430077
26152874;-99.479218
26154874;-99.510742
26156909;-99.541298
26158903;-99.570862
26160903;-99.599442
26162896;-99.627037
26164898;-99.653656
26166909;-99.679283
26168877;-99.703934
26170875;-99.727600
26172873;-99.750282
26174877;-99.771973
26176937;-99.792686
26178912;-99.812408
26180899;-99.831161
26182895;-99.848907
26184896;-99.865677
26186888;-99.881462
26188909;-99.896263
26190873;-99.910072
26192873;-99.922905
26194874;-99.934746
26196880;-99.945602
26198915;-99.955460
26200879;-99.964348
26202876;-99.972244
26204873;-99.979149
26206872;-99.985069
26208877;-99.990005
26210914;-99.993958
26212895;-99.996910
26214890;-99.998894
26216895;-99.999878
26218897;-99.999878
26220914;-99.998894
26222879;-99.996918
26224876;-99.993958
26226875;-99.992104
26228882;-99.985077
26230877;-99.979149
26232921;-99.972244
26234902;-99.964348
26236901;-99.955467
26238891;-99.945602
26240897;-99.934746
26242915;-99.922905
26244881;-99.910080
26246875;-99.896263
26248874;-99.881462
26250878;-99.865685
26252875;-99.848907
26254911;-99.831161
26256895;-99.812416
26258895;-99.792686
26260903;-99.771973
26262896;-99.750282
26264913;-99.727600
26266876;-99.703934
26268875;-99.679283
26270880;-99.653656
26272876;-99.627037
26274877;-99.599442
26276919;-99.570862
26278897;-99.541298
26280897;-99.510750
26282898;-99.479218
26284896;-99.446709
26286911;-99.413208
26288875;-99.378738
26290877;-99.343285
26292876;-99.306854
26294877;-99.269440
26296873;-99.231041
26298911;-99.191666
26300903;-99.171616
26302897;-99.109985
26304898;-99.067673
26306897;-99.024384
26308915;-98.980118
26310872;-98.934868
26312879;-98.888657
26314872;-98.841461
26316871;-98.793289
26318873;-98.744148
26320913;-98.694023
26322901;-98.642937
26324894;-98.590866
26326897;-98.537827
26328893;-98.483810
26330970;-98.428825
26332908;-98.372871
26334901;-98.315941
26336896;-98.258049
26338899;-98.199181
26340897;-98.139343
26342913;-98.078537
26344875;-98.016754
26346875;-97.954025
26348877;-97.890312
26350876;-97.825638
26352930;-97.760002
26354910;-97.693398
26356898;-97.625824
26358895;-97.557297
26360897;-97.487801
26362892;-97.417351
26364918;-97.345924
26366898;-97.273552
26368892;-97.200203
26370899;-97.125916
26372896;-97.050652
26374906;-96.974442
26376875;-96.897270
26378880;-96.819138
26380875;-96.740051
26382874;-96.660011
26384875;-96.579018
26386911;-96.497086
26388900;-96.414177
26390901;-96.330330
26392893;-96.245522
26394894;-96.159782
26396908;-96.073074
26398883;-95.985443
26400875;-95.896851
26402879;-95.807304
26404875;-95.716820
26407026;-95.625381
26408902;-95.533012
26410895;-95.439697
26412898;-95.345428
26414894;-95.250237
26416899;-95.154083
26418911;-95.057007
26420877;-94.958984
26422877;-94.860039
26424880;-94.760147
26426873;-94.659309
26428873;-94.557556
26430911;-94.454849
26432901;-94.351234
26434891;-94.246681
26436895;-94.141182
26438894;-94.034767
26440917;-93.927414
26442895;-93.819145
26444895;-93.709961
26446894;-93.599823
26448892;-93.488785
26450914;-93.376801
26452875;-93.263916
26454872;-93.150093
26456877;-93.035370
26458874;-92.919724
26460877;-92.803154
26462919;-92.685677
26464892;-92.567268
26466890;-92.447960
26468899;-92.327744
26470899;-92.206596
26472916;-92.084564
26474882;-91.961601
26476878;-91.837738
26478876;-91.712967
26480871;-91.587296
26482879;-91.460732
26484914;-91.333237
26486897;-91.204865
26488898;-91.075569
26490901;-90.945396
26492897;-90.814331
26494917;-90.682343
26496896;-90.549484
26498893;-90.415703
26500897;-90.281067
26502898;-90.145508
26504908;-90.009079
26506882;-89.871780
26508882;-89.733559
26510875;-89.594475
26512877;-89.454475
26514876;-89.313622
26516914;-89.171890
26518896;-89.029243
26520894;-88.885750
26522891;-88.741356
26524896;-88.596107
26526911;-88.449959
26528877;-88.302971
26530878;-88.155106
26532881;-88.006340
26534877;-87.856735
26536876;-87.706238
26538915;-87.554901
26540902;-87.402702
26542899;-87.249611
26544897;-87.095680
26546892;-86.940872
26548915;-86.785233
26550900;-86.628708
26552896;-86.471352
26554894;-86.313148
26556889;-86.154060
26558910;-85.994148
26560878;-85.833374
26562878;-85.671761
26564873;-85.509315
26566875;-85.345993
26568871;-85.181847
26570918;-85.016846
26572898;-84.851036
26574892;-84.684349
26576894;-84.516861
26578892;-84.348534
26580914;-84.179352
26582878;-84.009369
26584877;-83.838524
26586873;-83.666878
26588879;-83.494408
26590880;-83.321091
26592914;-83.146973
26594902;-82.972008
26596897;-82.796249
26598893;-82.619652
26600898;-82.531059
26602911;-82.264069
26604878;-82.085022
26606877;-81.905197
26608878;-81.724533
26610877;-81.543098
26612912;-81.360855
26614879;-81.177811
26616874;-80.993965
26618872;-80.809288
26620875;-80.623840
26622871;-80.437599
26624912;-80.250534
26626898;-80.062714
26628891;-79.874077
26630894;-79.684669
26632892;-79.494446
26634911;-79.303474
26636874;-79.111710
26638875;-78.919151
26640873;-78.725830
26642875;-78.531708
26644925;-78.336838
26646911;-78.141197
26648897;-77.944756
26650897;-77.747574
26652896;-77.549591
26654898;-77.350876
26656914;-77.151367
26658880;-76.951126
26660873;-76.750122
26662873;-76.548340
26664879;-76.345825
26666914;-76.142525
26668883;-75.938507
26670874;-75.733742
26672874;-75.528191
26674873;-75.321938
26676873;-75.114906
26678908;-74.907158
26680881;-74.698639
26682879;-74.489418
26684874;-74.279465
26686876;-74.068741
26688908;-73.857323
26690878;-73.645142
26692878;-73.432266
26694873;-73.218666
26696876;-73.004303
26698877;-72.789261
26700918;-72.573471
26702896;-72.356987
26704898;-72.139763
26706894;-71.921860
26708893;-71.703247
26710921;-71.483887
26712884;-71.263863
26714879;-71.043098
26716879;-70.821671
26718875;-70.599533
26720878;-70.376678
26722913;-70.153191
26724897;-69.928940
26726896;-69.704033
26728896;-69.478439
26730899;-69.252129
26732908;-69.025169
26734884;-68.797493
26736879;-68.569168
26738870;-68.340134
26740872;-68.110466
26742883;-67.880119
26744919;-67.649063
26746900;-67.417389
26748897;-67.185005
26750899;-67.068581
26752891;-66.718323
26754910;-66.483955
26756880;-66.248970
26758879;-66.013298
26760877;-65.777000
26762877;-65.540024
26764880;-65.302437
26766913;-65.064201
26768898;-64.825294
26770898;-64.585785
26772891;-64.345589
26774890;-64.104805
26776909;-63.863392
26778881;-63.621307
26780874;-63.378628
26782876;-63.135292
26784871;-62.891365
26787015;-62.646778
26788904;-62.401615
26790897;-62.155830
26792896;-61.909401
26794895;-61.662399
26796892;-61.414749
26798909;-61.166527
26800878;-60.917706
26802874;-60.668243
26804876;-60.418217
26806875;-60.167564
26808879;-59.916348
26810919;-59.664505
26812894;-59.412109
26814892;-59.159134
26816895;-58.905529
26818896;-58.651386
26820909;-58.396626
26822885;-58.141327
26824874;-57.885448
26826878;-57.628967
26828873;-57.371990
26830930;-57.114376
26832914;-56.856228
26834895;-56.597485
26836893;-56.338223
26838896;-56.078403
26840897;-55.817993
26842917;-55.557068
26844900;-55.295555
26846900;-55.033539
26848896;-54.770977
26850897;-54.507839
26852942;-54.244198
26854913;-53.979980
26856893;-53.715279
26858893;-53.450001
26860898;-53.184235
26862893;-52.917946
26864911;-52.651096
26866883;-52.383762
26868880;-52.115868
26870875;-51.847504
26872878;-51.578636
26874875;-51.309212
26876918;-51.039322
26878898;-50.768887
26880897;-50.497990
26882897;-50.226559
26884898;-49.954666
26886913;-49.682285
26888875;-49.409370
26890877;-49.136013
26892873;-48.862125
26894874;-48.587799
26896878;-48.312996
26898912;-48.037670
26900901;-47.899849
26902891;-47.485641
26904894;-47.208942
26906895;-46.931778
26908913;-46.654110
26910881;-46.376026
26912882;-46.097439
26914880;-45.818439
26916871;-45.538944
26918876;-45.259045
26920919;-44.978695
26922897;-44.697865
26924892;-44.416630
26926893;-44.134918
26928893;-43.852810
26930914;-43.570271
26932879;-43.287258
26934878;-43.003864
26936879;-42.720039
26938878;-42.435799
26940883;-42.151093
26942915;-41.866016
26944900;-41.580528
26946892;-41.294582
26948893;-41.008274
26950894;-40.721519
26952917;-40.434402
26954882;-40.146889
26956875;-39.858932
26958879;-39.570629
26960880;-39.281891
26963030;-38.992809
26964917;-38.703300
26966902;-38.413452
26968892;-38.123226
26970900;-37.832577
26972895;-37.541599
26974911;-37.250210
26976881;-37.104397
26978881;-36.666412
26980881;-36.373924
26982872;-36.081123
26984874;-35.787922
26986919;-35.494415
26988897;-35.200508
26990900;-34.906300
26992893;-34.611748
26994896;-34.316807
26996910;-34.021576
26998879;-33.725964
27000874;-33.430061
27002872;-33.133827
27004882;-32.837227
27006874;-32.540344
27008911;-32.243095
27010902;-31.945574
27012899;-31.647692
27014892;-31.349543
27016896;-31.051085
27018918;-30.752274
27020880;-30.453205
27022881;-30.153790
27024874;-29.854124
27026877;-29.554165
27028915;-29.253864
27030915;-28.953323
27032897;-28.652451
27034895;-28.351339
27036894;-28.049904
27038890;-27.748236
27040918;-27.446297
27042883;-27.144039
27044874;-26.841604
27046876;-26.538816
27048874;-26.235809
27050878;-26.084209
27052917;-25.628975
27054904;-25.325203
27056898;-25.021133
27058895;-24.716862
27060897;-24.412348
27062918;-24.107544
27064883;-23.802551
27066874;-23.497276
27068881;-23.191816
27070884;-22.886080
27072873;-22.580164
27074912;-22.274027
27076894;-21.967623
27078893;-21.661047
27080898;-21.354214
27082893;-21.047215
27084916;-20.740007
27086880;-20.432549
27088877;-20.124935
27090876;-19.817076
27092876;-19.509069
27094875;-19.200823
27096910;-18.892433
27098893;-18.583858
27100894;-18.275051
27102890;-17.966110
27104894;-17.656948
27106912;-17.347656
27108876;-17.038193
27110879;-16.728516
27112875;-16.418720
27114879;-16.108715
27116931;-15.798600
27118914;-15.488279
27120902;-15.177855
27122891;-14.867279
27124893;-14.556509
27126893;-14.245645
27128909;-13.934591
27130879;-13.623447
27132872;-13.312168
27134877;-13.000711
27136875;-12.689175
27139001;-12.377464
27140904;-12.065679
27142898;-11.753728
27144893;-11.441707
27146895;-11.129574
27148893;-10.817284
27150913;-10.504933
27152901;-10.192480
27154896;-9.879926
27156897;-9.567274
27158891;-9.254481
27160918;-8.941644
27162881;-8.628671
27164879;-8.315660
27166877;-8.002520
27168874;-7.689348
27170880;-7.376100
27172911;-7.062732
27174900;-6.749341
27176893;-6.435838
27178895;-6.122317
27180896;-5.808736
27182914;-5.495050
27184879;-5.181358
27186874;-4.867567
27188876;-4.553775
27190875;-4.239939
27193051;-3.926013
27194900;-3.612096
27196897;-3.298096
27198896;-2.984111
27200894;-2.827107
27202891;-2.356008
27204913;-2.041943
27206874;-1.727811
27208877;-1.413710
27210876;-1.099547
27212877;-0.785421
27214873;-0.471287
27216916;-0.157100
27218898;0.157080
27220891;0.471237
27222891;0.785390
27224887;1.099535
27226910;1.413669
27228878;1.727790
27230877;2.041893
27232875;2.355976
27234876;2.670036
27236872;2.984070
27238918;3.298074
27240899;3.612046
27242895;3.925981
27244893;4.239879
27246896;4.553734
27248916;4.867544
27250880;5.181307
27252879;5.495018
27254879;5.808674
27256877;6.122274
27258878;6.435814
27260919;6.749289
27262900;7.062697
27264894;7.376038
27266895;7.689305
27268894;8.002495
27270915;8.315607
27272904;8.628635
27274892;8.941581
27276895;9.254436
27278899;9.567202
27280920;9.879873
27282876;10.192444
27284876;10.504917
27286876;10.817286
27288878;11.129548
27290876;11.441700
27292915;11.753738
27294901;12.065662
27296896;12.377467
27298896;12.689150
27300892;13.000705
27302917;13.312133
27304874;13.623430
27306872;13.934594
27308873;14.245617
27310875;14.556500
27312929;14.867243
27314913;15.177837
27316893;15.488280
27318892;15.798573
27320898;16.108707
27322895;16.418684
27324909;16.728498
27326882;17.038149
27328877;17.347628
27330876;17.656937
27332874;17.966076
27334926;18.275032
27336910;18.583811
27338896;18.892406
27340904;19.200811
27342894;19.509031
27344894;19.817057
27346917;20.124889
27348872;20.432520
27350869;20.586262
27352873;21.047176
27354878;21.354193
27356879;21.660999
27358917;21.967592
27360907;22.273970
27362896;22.580126
27364894;22.886059
27366893;23.191769
27368911;23.497246
27370881;23.802494
27372873;24.107506
27374876;24.412279
27376873;24.716812
27378927;25.021099
27380911;25.325144
27382893;25.628939
27384895;25.932476
27386897;26.235760
27388892;26.538784
27390913;26.841545
27392895;27.144045
27394900;27.446274
27396896;27.748230
27398897;28.049919
27400953;28.351324
27402911;28.652456
27404903;28.953299
27406897;29.253859
27408896;29.554132
27410894;29.854111
27412918;30.153793
27414881;30.453184
27416873;30.752268
27418876;31.051052
27420879;31.349527
27422925;31.647697
27424916;31.945551
27426900;32.243092
27428893;32.540310
27430896;32.837208
27432893;33.133785
27434915;33.430038
27436898;33.725952
27438895;34.021542
27440903;34.316792
27442896;34.611706
27444915;34.906273
27446878;35.200500
27448874;35.494377
27450879;35.787907
27452871;36.081081
27454927;36.373901
27456915;36.666363
27458898;36.958458
27460899;37.250191
27462897;37.541557
27464893;37.832550
27466916;38.123173
27468901;38.413418
27470901;38.703281
27472891;38.992767
27474893;39.281864
27476915;39.570580
27478880;39.858898
27480869;40.146824
27482874;40.434357
27484880;40.721493
27486873;41.008221
27488917;41.294548
27490900;41.580467
27492894;41.865971
27494897;42.151066
27496895;42.435749
27498910;42.720005
27500871;42.861973
27502869;43.287258
27504877;43.570240
27506875;43.852798
27508874;44.134922
27510916;44.416611
27512896;44.697861
27514893;44.978668
27516892;45.259033
27518893;45.538948
27520918;45.818417
27522876;46.097435
27524878;46.375996
27526881;46.654099
27528878;46.931744
27530876;47.208927
27532914;47.485634
27534900;47.761883
27536894;48.037659
27538893;48.312958
27540898;48.587780
27542915;48.862122
27544886;49.135986
27546877;49.409363
27548871;49.682243
27550880;49.954647
27552871;50.226551
27554913;50.497963
27556901;50.768871
27558894;51.039284
27560895;51.309193
27562893;51.578583
27564914;51.847477
27566879;52.115856
27568871;52.383720
27570880;52.651070
27572874;52.917896
27574873;53.184204
27576924;53.449982
27578901;53.715237
27580898;53.979958
27582895;54.244156
27584893;54.507809
27586920;54.770924
27588877;55.033501
27590875;55.295532
27592873;55.557018
27594871;55.817963
27596877;56.078350
27598915;56.338184
27600901;56.597466
27602897;56.856178
27604897;57.114338
27606892;57.371937
27608914;57.628967
27610874;57.885426
27612877;58.141319
27614876;58.396633
27616873;58.651371
27618874;58.905529
27620916;59.159111
27622894;59.412106
27624897;59.664516
27626893;59.916336
27628895;60.167557
27630911;60.418190
27632882;60.668228
27634880;60.917671
27636876;61.166508
27638881;61.414749
27640914;61.662376
27642880;61.909389
27644873;62.155800
27646877;62.401592
27648878;62.646778
27650876;62.769135
27652913;63.135277
27654898;63.378597
27656895;63.500015
27658892;63.863350
27660900;64.104782
27663016;64.345589
27664896;64.585754
27666895;64.825279
27668895;65.064171
27670903;65.302414
27672893;65.540009
27674914;65.776978
27676879;66.013275
27678877;66.248932
27680868;66.483932
27682875;66.718277
27684925;66.951958
27686908;67.184982
27688898;67.417351
27690900;67.649040
27692893;67.880074
27694893;68.110428
27696916;68.340118
27698877;68.569130
27700876;68.797462
27702872;69.025124
27704874;69.252098
27706923;69.478394
27708910;69.703995
27710900;69.928909
27712892;70.153137
27714897;70.376678
27716897;70.599518
27718912;70.821655
27720878;71.043106
27722875;71.263847
27724876;71.483887
27726874;71.593643
27728913;71.921852
27730879;72.139778
27732880;72.356972
27734875;72.573471
27736871;72.789238
27738876;73.004303
27740914;73.218636
27742896;73.432251
27744893;73.645142
27746894;73.857300
27748899;74.068741
27750916;74.279442
27752885;74.489403
27754876;74.698639
27756876;74.907135
27758881;75.114891
27760915;75.321915
27762875;75.528183
27764876;75.733711
27766875;75.938484
27768882;76.142517
27771023;76.345795
27772894;76.548325
27774889;76.750092
27776899;76.951103
27778895;77.151352
27780900;77.350845
27782922;77.549568
27784900;77.747536
27786893;77.944733
27788898;78.141159
27790894;78.336807
27792909;78.531693
27794885;78.725800
27796878;78.919128
27798878;79.111679
27800870;79.207657
27802872;79.494438
27804904;79.684631
27806883;79.874054
27808877;80.062675
27810876;80.250511
27812875;80.437561
27814915;80.623810
27816880;80.809273
27818879;80.993927
27820881;81.177780
27822876;81.360840
27824876;81.543091
27826909;81.724548
27828884;81.905190
27830878;82.085022
27832876;82.264038
27834874;82.442261
27836913;82.619659
27838878;82.796242
27840878;82.972015
27842879;83.146957
27844877;83.321083
27846870;83.494392
27848909;83.666870
27850903;83.838524
27852894;84.009354
27854891;84.179352
27856892;84.348526
27858910;84.516853
27860877;84.684349
27862873;84.851013
27864876;85.016846
27866875;85.181831
27868874;85.345985
27870911;85.509285
27872905;85.671745
27874899;85.833366
27876894;85.994133
27878894;86.154045
27880914;86.313118
27882876;86.471336
27884874;86.628700
27886878;86.785210
27888879;86.940865
27891030;87.095657
27892901;87.249596
27894892;87.402672
27896891;87.554886
27898894;87.706230
27900901;87.856712
27902918;88.006325
27904878;88.155075
27906877;88.302948
27908876;88.449944
27910878;88.596085
27912914;88.741341
27914875;88.885719
27916881;89.029221
27918880;89.171852
27920878;89.313599
27922880;89.454460
27924912;89.594444
27926896;89.733536
27928892;89.871750
27930900;90.009079
27932894;90.145508
27934910;90.281052
27936874;90.415710
27938874;90.549469
27940874;90.682343
27942878;90.814316
27944936;90.945389
27946915;91.075569
27948897;91.204857
27950896;91.269150
27952899;91.460716
27954893;91.587296
27956915;91.712967
27958900;91.837730
27960892;91.961594
27962896;92.084541
27964893;92.206589
27966912;92.327728
27968876;92.447952
27970879;92.567261
27972877;92.685661
27974875;92.803139
27976871;92.919708
27978912;93.035355
27980900;93.150093
27982893;93.263908
27984894;93.376793
27986894;93.488762
27988921;93.599808
27990881;93.709930
27992871;93.819130
27994873;93.927406
27996876;94.034752
27998874;94.141167
28000901;94.246658
28002885;94.351212
28004873;94.454842
28006875;94.557541
28008874;94.659302
28011046;94.760132
28012904;94.860016
28014897;94.958969
28016893;95.056992
28018893;95.154076
28020897;95.250214
28022912;95.345421
28024879;95.439682
28026879;95.532997
28028875;95.625374
28030875;95.716805
28032873;95.807289
28034915;95.896835
28036904;95.985428
28038894;96.073074
28040898;96.159775
28042893;96.245529
28044911;96.330322
28046877;96.414169
28048873;96.497070
28050877;96.579018
28052876;96.660011
28054927;96.740051
28056910;96.819130
28058896;96.897263
28060897;96.974442
28062896;97.050652
28064893;97.125908
28066912;97.200203
28068878;97.273544
28070876;97.345917
28072874;97.417343
28074877;97.487793
28076927;97.557297
28078911;97.625824
28080901;97.693390
28082895;97.759995
28084895;97.825638
28086894;97.890305
28088911;97.954018
28090881;98.016754
28092881;98.078529
28094879;98.139336
28096875;98.199173
28098923;98.258034
28100879;98.287109
28102874;98.372864
28104876;98.428818
28106876;98.483810
28108870;98.537819
28110911;98.590858
28112872;98.642929
28114875;98.694023
28116878;98.744141
28118879;98.793289
28121035;98.841454
28122897;98.888649
28124895;98.934868
28126896;98.980110
28128895;99.024376
28130897;99.067665
28132915;99.109970
28134892;99.151306
28136893;99.191658
28138892;99.231033
28140898;99.269432
28142914;99.306847
28144878;99.343285
28146872;99.378738
28148871;99.413208
28150877;99.446701
28152874;99.479218
28154911;99.510742
28156891;99.541290
28158899;99.570862
28160895;99.599442
28162896;99.627037
28164912;99.653656
28166878;99.679283
28168873;99.703934
28170878;99.727600
28172875;99.750282
28175053;99.771973
28176899;99.792686
28178894;99.812408
28180900;99.831154
28182895;99.848907
28184898;99.865685
28186909;99.881462
28188879;99.896263
28190873;99.910072
28192876;99.922905
28194877;99.934746
28196878;99.945602
28198917;99.955467
28200901;99.964348
28202894;99.972244
28204897;99.979149
28206895;99.985077
28208915;99.990005
28210879;99.993958
28212873;99.996918
28214870;99.998894
28216875;99.999878
28218877;99.999878
28220911;99.998894
28222888;99.996918
28224894;99.993958
28226892;99.990005
28228895;99.985077
28230911;99.979149
28232881;99.972244
28234878;99.964348
28236875;99.955467
28238871;99.945602
28240880;99.934746
28242915;99.922905
28244899;99.910072
28246896;99.896263
28248896;99.881462
28250896;99.865685
28252913;99.848907
28254878;99.831154
28256875;99.812408
28258878;99.792686
28260879;99.771973
28262879;99.750282
28264909;99.727600
28266904;99.703941
28268899;99.679283
28270901;99.653656
28272896;99.627037
28274911;99.599442
28276876;99.570862
28278876;99.541298
28280875;99.510750
28282875;99.479218
28284874;99.446701
28286914;99.413208
28288897;99.378738
28290899;99.343285
28292894;99.306847
28294893;99.269432
28296912;99.231033
28298875;99.191666
28300874;99.151306
28302871;99.109978
28304876;99.067673
28306879;99.024376
28308920;98.980110
28310896;98.934868
28312897;98.888657
28314891;98.841461
28316895;98.793289
28318915;98.744141
28320876;98.694023
28322875;98.642929
28324874;98.590866
28326873;98.537819
28328924;98.483810
28330910;98.428818
28332899;98.372864
28334899;98.315941
28336893;98.258041
28338894;98.199173
28340894;98.139343
28342884;98.078529
28344878;98.016754
28346870;97.954018
28348873;97.890312
28350916;97.825638
28352876;97.759995
28354875;97.693398
28356873;97.625824
28358873;97.557297
28360880;97.487801
28362914;97.417343
28364880;97.345932
28366877;97.273544
28368871;97.200211
28370873;97.125916
28372927;97.050652
28374913;96.974442
28376896;96.897270
28378897;96.819138
28380897;96.740051
28382894;96.660019
28384913;96.579018
28386878;96.497078
28388873;96.414177
28390872;96.330330
28392874;96.245529
28394926;96.159782
28396902;96.073082
28398895;95.985428
28400900;95.941254
28402895;95.807297
28404893;95.716812
28406911;95.625374
28408875;95.533005
28410874;95.439682
28412873;95.345428
28414879;95.250221
28416918;95.154076
28418873;95.057007
28420874;94.958984
28422878;94.860031
28424872;94.760132
28426878;94.659302
28428916;94.557549
28430902;94.454849
28432896;94.351219
28434897;94.246666
28436895;94.141174
28438917;94.034752
28440875;93.927414
28442872;93.819138
28444875;93.709938
28446881;93.599823
28449046;93.488770
28450900;93.376801
28452901;93.263916
28454896;93.150101
28456892;93.035362
28458896;92.919716
28460916;92.803146
28462880;92.685661
28464882;92.567268
28466879;92.447952
28468881;92.327728
28470919;92.206596
28472877;92.084557
28474871;91.961601
28476873;91.899780
28478875;91.712967
28480872;91.587296
28482903;91.460724
28484879;91.333237
28486876;91.204857
28488875;91.075584
28490877;90.945396
28492918;90.814323
28494879;90.682343
28496882;90.549477
28498878;90.415726
28500880;90.281067
28502879;90.145515
28504919;90.009079
28506896;89.871750
28508893;89.733551
28510892;89.594452
28512896;89.454468
28514915;89.313599
28516878;89.171860
28518878;89.029228
28520877;88.885727
28522873;88.741348
28525022;88.596085
28526902;88.449951
28528895;88.302948
28530894;88.155067
28532892;88.006332
28534892;87.856712
28536913;87.706230
28538896;87.554893
28540898;87.402679
28542896;87.249603
28544893;87.095680
28546913;86.940880
28548876;86.785217
28550881;86.707069
28552878;86.471344
28554874;86.313126
28556876;86.154068
28558916;85.994141
28560898;85.833374
28562889;85.671753
28564897;85.509285
28566896;85.345985
28568908;85.181847
28570886;85.016853
28572875;84.851021
28574879;84.684357
28576874;84.516853
28578931;84.348511
28580913;84.179352
28582896;84.009354
28584893;83.838524
28586896;83.666870
28588895;83.494385
28590897;83.321075
28592877;83.146980
28594868;82.972023
28596878;82.796249
28598875;82.619667
28601048;82.442268
28602905;82.264053
28604905;82.085037
28606895;81.905197
28608894;81.724556
28610898;81.543098
28612908;81.360847
28614880;81.177780
28616873;80.993942
28618870;80.809280
28620880;80.623817
28622927;80.437561
28624901;80.250511
28626896;80.062675
28628891;79.874062
28630899;79.684647
28632896;79.494438
28634917;79.303452
28636880;79.111679
28638877;78.919128
28640876;78.725800
28642870;78.531693
28644920;78.336807
28646875;78.141167
28648875;77.944740
28650873;77.747559
28652870;77.549591
28654873;77.350861
28656909;77.151367
28658899;76.951111
28660902;76.750099
28662901;76.548340
28664891;76.345810
28666915;76.142532
28668879;75.938499
28670883;75.733719
28672875;75.528183
28674874;75.321922
28676875;75.114906
28678914;74.907150
28680901;74.698647
28682897;74.489410
28684901;74.279442
28686892;74.068748
28688914;73.857307
28690903;73.645142
28692899;73.432251
28694894;73.218636
28696897;73.004295
28698917;72.789253
28700876;72.681442
28702879;72.356995
28704870;72.139786
28706877;71.921860
28708879;71.703232
28710901;71.483910
28712879;71.263863
28714880;71.043121
28716875;70.821671
28718876;70.599525
28720928;70.376678
28722903;70.153160
28724890;69.928932
28726892;69.704010
28728897;69.478401
28730905;69.252106
28732916;69.025124
28734900;68.797478
28736895;68.569145
28738890;68.340126
28740904;68.110435
28742912;67.880074
28744878;67.649040
28746877;67.417358
28748870;67.184998
28750881;66.951965
28752931;66.718277
28754917;66.483948
28756897;66.248940
28758895;66.013298
28760897;65.776993
28762895;65.540031
28764919;65.302429
28766881;65.064178
28768874;64.825287
28770873;64.585777
28772872;64.345604
28774914;64.104805
28776878;63.863361
28778876;63.621296
28780879;63.378597
28782879;63.135296
28784880;62.891354
28786900;62.646790
28788878;62.401604
28790874;62.155807
28792875;61.909397
28794877;61.662388
28796927;61.414753
28798899;61.166519
28800899;60.917675
28802890;60.668228
28804890;60.418213
28806892;60.167568
28808914;59.916359
28810877;59.664536
28812871;59.412121
28814880;59.159122
28816873;58.905560
28819028;58.651394
28820902;58.396656
28822897;58.141335
28824894;57.885437
28826895;57.628979
28828896;57.371964
28830910;57.114365
28832872;56.856201
28834883;56.597477
28836877;56.338192
28838875;56.078358
28840871;55.817978
28842914;55.557037
28844895;55.295544
28846889;55.033512
28848894;54.770927
28850895;54.639446
28852917;54.244167
28854879;53.979977
28856872;53.715248
28858874;53.449989
28860877;53.184204
28862929;52.917915
28864912;52.651100
28866895;52.383751
28868893;52.115883
28870894;51.847500
28872892;51.578606
28874915;51.309196
28876897;51.039307
28878893;50.768894
28880898;50.497978
28882894;50.226570
28884915;49.954655
28886874;49.682255
28888874;49.409382
28890879;49.136005
28892871;48.862137
28894876;48.587791
28896914;48.312962
28898904;48.037659
28900896;47.761898
28902897;47.485649
28904891;47.208931
28906907;46.931747
28908880;46.654099
28910880;46.375992
28912877;46.097446
28914882;45.818428
28916878;45.538975
28918914;45.259052
28920906;44.978683
28922901;44.697872
28924894;44.416637
28926893;44.134945
28928908;43.852818
28930877;43.570255
28932872;43.287266
28934873;43.003849
28936876;42.720028
28938930;42.435760
28940911;42.151081
28942898;41.865982
28944895;41.580467
28946897;41.294567
28948892;41.008240
28950915;40.721504
28952896;40.434368
28954897;40.146832
28956895;39.858898
28958897;39.570599
28960917;39.281879
28962879;38.992775
28964882;38.703285
28966879;38.413418
28968873;38.123165
28970876;37.832584
28972916;37.541588
28974900;37.250214
28976896;36.958477
28978892;36.666374
28980901;36.373913
28982921;36.081112
28984878;35.787930
28986874;35.494400
28988878;35.200516
28990879;34.906284
28992872;34.611710
28994915;34.316818
28996896;34.021561
28998889;33.725971
29000893;33.578037
29002890;33.133793
29004917;32.837212
29006880;32.540329
29008873;32.243107
29010876;31.945559
29012874;31.647699
29014932;31.349527
29016911;31.051048
29018899;30.752283
29020900;30.453190
29022895;30.153799
29024895;29.854134
29026917;29.554150
29028882;29.253874
29030879;28.953331
29032874;28.652481
29034877;28.351349
29036909;28.049934
29038883;27.748245
29040874;27.446281
29042876;27.144072
29044874;26.841568
29046873;26.538801
29048911;26.235771
29050903;25.932482
29052899;25.628939
29054895;25.325165
29056898;25.021118
29058916;24.716824
29060877;24.412287
29062873;24.107508
29064878;23.802490
29066878;23.497261
29068873;23.191778
29070918;22.886066
29072893;22.580128
29074891;22.273966
29076891;21.967585
29078899;21.661034
29080919;21.354221
29082900;21.047199
29084892;20.739969
29086899;20.432533
29088893;20.124922
29090909;19.817085
29092882;19.509054
29094874;19.200832
29096876;18.892418
29098878;18.583818
29100879;18.275061
29102915;17.966097
29104895;17.656956
29106899;17.347641
29108894;17.038157
29110905;16.728500
29112913;16.418705
29114872;16.108725
29116876;15.798585
29118879;15.488288
29120878;15.177840
29122922;14.867240
29124901;14.556519
29126888;14.245629
29128895;13.934599
29130903;13.623433
29132894;13.312154
29134914;13.000721
29136897;12.689183
29138901;12.377496
29140898;12.065687
29142892;11.753759
29144913;11.441715
29146880;11.129559
29148875;10.817315
29150875;10.661130
29152870;10.192464
29154874;9.879887
29156900;9.567211
29158874;9.254441
29160873;8.941605
29162873;8.628655
29164874;8.315620
29166910;8.002504
29168875;7.689308
29170875;7.376037
29172874;7.062716
29174879;6.749302
29176877;6.435822
29178918;6.122278
29180899;5.808673
29182892;5.495012
29184891;5.181319
29186890;4.867576
29188916;4.553761
29190883;4.239901
29192875;3.925998
29194872;3.612057
29196872;3.298105
29198874;2.984096
29200914;2.670057
29202898;2.355993
29204896;2.041904
29206896;1.727796
29208892;1.413695
29210916;1.099556
29212879;0.785405
29214874;0.471248
29216874;0.157085
29218876;-0.157079
29220877;-0.471218
29222917;-0.785375
29224900;-1.099525
29226896;-1.256585
29228898;-1.727790
29230899;-2.041898
29233032;-2.355963
29234896;-2.670027
29236898;-2.984066
29238895;-3.298074
29240889;-3.612027
29242898;-3.925944
29244904;-4.239846
29246875;-4.553706
29248873;-4.867522
29250876;-5.181289
29252874;-5.495005
29254924;-5.808643
29256896;-6.122248
29258895;-6.435792
29260900;-6.749272
29262896;-7.062686
29264897;-7.376031
29266895;-7.689279
29268877;-8.002474
29270874;-8.315591
29272874;-8.628626
29274875;-8.941574
29276925;-9.254436
29278900;-9.567182
29280903;-9.879857
29282894;-10.192435
29284894;-10.504911
29286893;-10.817286
29288907;-11.129552
29290878;-11.441686
29292880;-11.753706
29294874;-12.065634
29296876;-12.377443
29298928;-12.689130
29300898;-12.844914
29302896;-13.312101
29304890;-13.623403
29306892;-13.934570
29308889;-14.245600
29310913;-14.556490
29312905;-14.867234
29314899;-15.177811
29316896;-15.488259
29318892;-15.798555
29320918;-16.108694
29322881;-16.418676
29324876;-16.728497
29326876;-17.038126
29328874;-17.347612
29330875;-17.656927
29332905;-17.966068
29334883;-18.275030
29336876;-18.583813
29338874;-18.892389
29340874;-19.200802
29342927;-19.509026
29344914;-19.817057
29346896;-20.124868
29348896;-20.432505
29350896;-20.739916
29352892;-21.047146
29354910;-21.354168
29356893;-21.660980
29358895;-21.967579
29360898;-22.273960
29362894;-22.580097
29364915;-22.886036
29366876;-23.191748
29368874;-23.497232
29370879;-23.802485
29372873;-24.107500
29374914;-24.412256
29376901;-24.716795
29378894;-25.021088
29380892;-25.325138
29382894;-25.628933
29384893;-25.932476
29386914;-26.235741
29388879;-26.538771
29390874;-26.841539
29392880;-27.144041
29394874;-27.446276
29396916;-27.748240
29398881;-28.049908
29400874;-28.351297
29402873;-28.652430
29404876;-28.953281
29406879;-29.253843
29408917;-29.554098
29410897;-29.854084
29412892;-30.153772
29414898;-30.453163
29416896;-30.752254
29418915;-31.051043
29420874;-31.349501
29422873;-31.647673
29424875;-31.945532
29426880;-32.243076
29428879;-32.540302
29430911;-32.837208
29432895;-33.133766
29434895;-33.430019
29436894;-33.725945
29438896;-34.021534
29440916;-34.316792
29442881;-34.611706
29444875;-34.906258
29446875;-35.200489
29448882;-35.494373
29450936;-35.787903
29452894;-36.081081
29454894;-36.373882
29456890;-36.666325
29458892;-36.958427
29460900;-37.250168
29462914;-37.541534
29464893;-37.832535
29466895;-38.123161
29468898;-38.413387
29470893;-38.703259
29472945;-38.992748
29474899;-39.281853
29476897;-39.570568
29478897;-39.858894
29480896;-40.146805
29482899;-40.434341
29484903;-40.721478
29486871;-41.008209
29488879;-41.294540
29490874;-41.580467
29492872;-41.865955
29494948;-42.151054
29496896;-42.435734
29498891;-42.720001
29500894;-43.003841
29502897;-43.287262
29504899;-43.570229
29506897;-43.852791
29508886;-44.134895
29510876;-44.416592
29512876;-44.697845
29514877;-44.978657
29516949;-45.259007
29518903;-45.538925
29520896;-45.818401
29522896;-46.097420
29524890;-46.375988
29526894;-46.654095
29528913;-46.931721
29530883;-47.208904
29532872;-47.485622
29534875;-47.761871
29536877;-48.037647
29538913;-48.312950
29540880;-48.587757
29542875;-48.862106
29544880;-49.135971
29546873;-49.409351
29548880;-49.682243
29550898;-49.954624
29552883;-50.226532
29554873;-50.497948
29556881;-50.768864
29558878;-51.039280
29560913;-51.309193
29562877;-51.578552
29564876;-51.847446
29566881;-52.115829
29568880;-52.383698
29570876;-52.651054
29572915;-52.917885
29574895;-53.184174
29576895;-53.449959
29578899;-53.715218
29580901;-53.979946
29582909;-54.244137
29584877;-54.507797
29586874;-54.770897
29588873;-55.033482
29590879;-55.295517
29592926;-55.557007
29594901;-55.817951
29596896;-56.078346
29598894;-56.338161
29600897;-56.467884
29602894;-56.856174
29604899;-57.114334
29606877;-57.371933
29608873;-57.628967
29610879;-57.885414
29612874;-58.141304
29614912;-58.396626
29616879;-58.651344
29618873;-58.905514
29620877;-59.159096
29622871;-59.412075
29624877;-59.664490
29626914;-59.916313
29628900;-60.167545
29630894;-60.418182
29632894;-60.668224
29634897;-60.917645
29636916;-61.166489
29638878;-61.414730
29640874;-61.662357
29642878;-61.909382
29644870;-62.155796
29646873;-62.401573
29648914;-62.646759
29650907;-62.891323
29652895;-63.135265
29654898;-63.378590
29656892;-63.621284
29658914;-63.742386
29660882;-64.104774
29662878;-64.345573
29664878;-64.585747
29666881;-64.825279
29668878;-65.064171
29670914;-65.302383
29672899;-65.539993
29674896;-65.776947
29676895;-66.013260
29678899;-66.248917
29680913;-66.483917
29682884;-66.718254
29684879;-66.951942
29686881;-67.184967
29688872;-67.417336
29690876;-67.649033
29692918;-67.880043
29694897;-68.110413
29696895;-68.340096
29698895;-68.569115
29700898;-68.797455
29702920;-69.025116
29704883;-69.252083
29706873;-69.478378
29708874;-69.703987
29710876;-69.928902
29712912;-70.153137
29714882;-70.376678
29716874;-70.599503
29718874;-70.821648
29720878;-71.043098
29722876;-71.263847
29724914;-71.483871
29726894;-71.703209
29728892;-71.921829
29730902;-72.139755
29732891;-72.356949
29734921;-72.573456
29736878;-72.789230
29738871;-73.004295
29740877;-73.218613
29742874;-73.432228
29744928;-73.645126
29746910;-73.857292
29748896;-74.068726
29750898;-74.174164
29752895;-74.489388
29754896;-74.698624
29756917;-74.907127
29758872;-75.114883
29760880;-75.321899
29762877;-75.528183
29764877;-75.733711
29767042;-75.938477
29768903;-76.142525
29770896;-76.345787
29772894;-76.548302
29774895;-76.750092
29776895;-76.951096
29778912;-77.151337
29780878;-77.350845
29782876;-77.549561
29784876;-77.747513
29786878;-77.944717
29788928;-78.141136
29790919;-78.336807
29792897;-78.531677
29794892;-78.725777
29796895;-78.919121
29798896;-79.111656
29800919;-79.303444
29802872;-79.494415
29804874;-79.684639
29806880;-79.874046
29808873;-80.062660
29810932;-80.250511
29812907;-80.437546
29814896;-80.623817
29816899;-80.809258
29818894;-80.993912
29820896;-81.177780
29822915;-81.360832
29824882;-81.543098
29826878;-81.724533
29828874;-81.905197
29830879;-82.085022
29832879;-82.264038
29834913;-82.442261
29836903;-82.619652
29838893;-82.796249
29840898;-82.972008
29842894;-83.146942
29844915;-83.321091
29846882;-83.494377
29848879;-83.666878
29850882;-83.838524
29852880;-84.009369
29855050;-84.179352
29856900;-84.348511
29858896;-84.516838
29860900;-84.684326
29862895;-84.851006
29864892;-85.016823
29866913;-85.181801
29868899;-85.345963
29870901;-85.509262
29872896;-85.671738
29874898;-85.833344
29876893;-85.994102
29878872;-86.154037
29880877;-86.313095
29882879;-86.471329
29884876;-86.628685
29886909;-86.785210
29888877;-86.940849
29890878;-87.095634
29892879;-87.249588
29894877;-87.402657
29896878;-87.554878
29898912;-87.706215
29900899;-87.781563
29902898;-88.006317
29904895;-88.155052
29906890;-88.302948
29908915;-88.449944
29910876;-88.596085
29912875;-88.741333
29914875;-88.885704
29916873;-89.029221
29918877;-89.171837
29920916;-89.313599
29922891;-89.454453
29924893;-89.594421
29926893;-89.733536
29928895;-89.871742
29930918;-90.009079
29932879;-90.145508
29934880;-90.281067
29936878;-90.415703
29938875;-90.549461
29940875;-90.682343
29942918;-90.814308
29944897;-90.945396
29946892;-91.075569
29948894;-91.204849
29950893;-91.333237
29952920;-91.460709
29954876;-91.587296
29956876;-91.712967
29958874;-91.837738
29960875;-91.961601
29962925;-92.084541
29964911;-92.206596
29966891;-92.327705
29968891;-92.447945
29970898;-92.567245
29972895;-92.685638
29974916;-92.803131
29976880;-92.861526
29978879;-93.035355
29980876;-93.150070
29982876;-93.263885
29984878;-93.376785
29986918;-93.488747
29988894;-93.599800
29990894;-93.709923
29992895;-93.819130
29994894;-93.927399
29996916;-94.034737
29998880;-94.141159
30000872;-94.246643
30002875;-94.351212
30004877;-94.454834
30006882;-94.557526
30008913;-94.659294
30010898;-94.760117
30012902;-94.860016
30014894;-94.958969
30016892;-95.056999
30018909;-95.154068
30020882;-95.250206
30022876;-95.345413
30024875;-95.439674
30026880;-95.532997
30028876;-95.625374
30030911;-95.716789
30032896;-95.807289
30034894;-95.896828
30036894;-95.985428
30038896;-96.073074
30040917;-96.159782
30042879;-96.245522
30044879;-96.330322
30046875;-96.414177
30048876;-96.497070
30051051;-96.579018
30052902;-96.660011
30054901;-96.740044
30056893;-96.819138
30058892;-96.897255
30060897;-96.974442
30062917;-97.050652
30064878;-97.125916
30066877;-97.200203
30068877;-97.273544
30070875;-97.345924
30072917;-97.417343
30074881;-97.487793
30076877;-97.557281
30078877;-97.625809
30080875;-97.693382
30082879;-97.759987
30084910;-97.825630
30086888;-97.890297
30088873;-97.954010
30090879;-98.016754
30092879;-98.078522
30094939;-98.139336
30096899;-98.199165
30098897;-98.258034
30100899;-98.315933
30102893;-98.372856
30104898;-98.428818
30106912;-98.483803
30108900;-98.537811
30110899;-98.590858
30112894;-98.642929
30114892;-98.694023
30116915;-98.744133
30118879;-98.793289
30120875;-98.841454
30122876;-98.888657
30124876;-98.934868
30126870;-98.980103
30128913;-99.024376
30130901;-99.067665
30132898;-99.109978
30134893;-99.151306
30136896;-99.191666
30138918;-99.231033
30140881;-99.269424
30142876;-99.306847
30144876;-99.343285
30146878;-99.378738
30148913;-99.413208
30150878;-99.446701
30152879;-99.479218
30154871;-99.510742
30156873;-99.541298
30158950;-99.570862
30160903;-99.599442
30162895;-99.627037
30164890;-99.653656
30166896;-99.679283
30168893;-99.703934
30170913;-99.727600
30172901;-99.750282
30174894;-99.771973
30176893;-99.792686
30178895;-99.812408
30180955;-99.831161
30182915;-99.848907
30184898;-99.865677
30186893;-99.881462
30188898;-99.896263
30190904;-99.910072
30192917;-99.922905
30194877;-99.934746
30196879;-99.945602
30198878;-99.955460
30200875;-99.960030
30203042;-99.972244
30204901;-99.979149
30206897;-99.985069
30208897;-99.990005
30210903;-99.993958
30212893;-99.996910
30214912;-99.998894
30216878;-99.999878
30218874;-99.999878
30220877;-99.998894
30222873;-99.996918
30225063;-99.993958
30226907;-99.990013
30228896;-99.985077
30230899;-99.979149
30232891;-99.972244
30234896;-99.964348
30236912;-99.955467
30238881;-99.945602
30240875;-99.934746
30242871;-99.922905
30244877;-99.910080
30247054;-99.896263
30248900;-99.881462
30250899;-99.865685
30252900;-99.848907
30254898;-99.831161
30256896;-99.812416
30258911;-99.792686
30260879;-99.771973
30262875;-99.750282
30264875;-99.727600
30266880;-99.703934
30268881;-99.679283
30270912;-99.653656
30272900;-99.627037
30274893;-99.599442
30276895;-99.570862
30278898;-99.541298
30280912;-99.510750
30282879;-99.479218
30284879;-99.446709
30286878;-99.413208
30288876;-99.378738
30290874;-99.343285
30292909;-99.306854
30294897;-99.269440
30296893;-99.231041
30298893;-99.191666
30300894;-99.151314
30302899;-99.109985
30304880;-99.067673
30306877;-99.024384
30308875;-98.980118
30310875;-98.934868
30312912;-98.888657
30314878;-98.841461
30316880;-98.793289
30318872;-98.744148
30320879;-98.694023
30322877;-98.642937
30324915;-98.590866
30326897;-98.537827
30328896;-98.483810
30330900;-98.428825
30332893;-98.372871
30334913;-98.315941
30336882;-98.258049
30338876;-98.199181
30340876;-98.139343
30342876;-98.078537
30344879;-98.016754
30346915;-97.954025
30348899;-97.890312
30350899;-97.858093
30352895;-97.760002
30354892;-97.693398
30356918;-97.625824
30358879;-97.557297
30360876;-97.487801
30362880;-97.417351
30364876;-97.345924
30366873;-97.273552
30368902;-97.200203
30370877;-97.125916
30372870;-97.050652
30374876;-96.974442
30376876;-96.897270
30378914;-96.819138
30380877;-96.740051
30382873;-96.660011
30384876;-96.579018
30386879;-96.497086
30388876;-96.414177
30390919;-96.330330
30392884;-96.245522
30394871;-96.159782
30396880;-96.073074
30398876;-95.985443
30400876;-95.896851
30402914;-95.807304
30404900;-95.716820
30406892;-95.625381
30408896;-95.533012
30410898;-95.439697
30412915;-95.345428
30414880;-95.250237
30416878;-95.154083
30418875;-95.057007
30420876;-94.958984
30423055;-94.860039
30424902;-94.760147
30426890;-94.659309
30428893;-94.557556
30430896;-94.454849
30432899;-94.351234
30434918;-94.246681
30436878;-94.141182
30438876;-94.034767
30440881;-93.927414
30442876;-93.819145
30445059;-93.709961
30446904;-93.599823
30448895;-93.488785
30450898;-93.376801
30452895;-93.263916
30454896;-93.150093
30456897;-93.035370
30458877;-92.919724
30460879;-92.803154
30462881;-92.685677
30464880;-92.567268
30466913;-92.447960
30468879;-92.327744
30470880;-92.206596
30472873;-92.084564
30474872;-91.961601
30476868;-91.837738
30478919;-91.712967
30480907;-91.587296
30482894;-91.460732
30484892;-91.333237
30486895;-91.204865
30488907;-91.075569
30490878;-90.945396
30492874;-90.814331
30494874;-90.682343
30496879;-90.549484
30498912;-90.415703
30500886;-90.348495
30502875;-90.145508
30504871;-90.009079
30506873;-89.871780
30508883;-89.733559
30510915;-89.594475
30512898;-89.454475
30514891;-89.313622
30516898;-89.171890
30518896;-89.029243
30520916;-88.885750
30522899;-88.741356
30524893;-88.596107
30526895;-88.449959
30528898;-88.302971
30530921;-88.155106
30532878;-88.006340
30534874;-87.856735
30536874;-87.706238
30538876;-87.554901
30540871;-87.402702
30542918;-87.249611
30544901;-87.095680
30546899;-86.940872
30548898;-86.785233
30550898;-86.628708
30552950;-86.471352
30554903;-86.313148
30556888;-86.154060
30558895;-85.994148
30560893;-85.833374
30562898;-85.671761
30564900;-85.509315
30566875;-85.345993
30568872;-85.181847
30570874;-85.016846
30572879;-84.851036
30574914;-84.684349
30576878;-84.516861
30578874;-84.348534
30580880;-84.179352
30582870;-84.009369
30584871;-83.838524
30586918;-83.666878
30588901;-83.494408
30590900;-83.321091
30592893;-83.146973
30594891;-82.972008
30596914;-82.796249
30598877;-82.619652
30600878;-82.442261
30602878;-82.264069
30604875;-82.085022
30607055;-81.905197
30608900;-81.724533
30610903;-81.543098
30612898;-81.360855
30614895;-81.177811
30616896;-80.993965
30618914;-80.809288
30620874;-80.623840
30622876;-80.437599
30624876;-80.250534
30626875;-80.062714
30628879;-79.874077
30630915;-79.684669
30632905;-79.494446
30634894;-79.303474
30636889;-79.111710
30638896;-78.919151
30640903;-78.725830
30642877;-78.531708
30644875;-78.336838
30646876;-78.141197
30648876;-77.944756
30650917;-77.747574
30652877;-77.549591
30654879;-77.350876
30656874;-77.151367
30658877;-76.951126
30660878;-76.750122
30662913;-76.548340
30664905;-76.345825
30666895;-76.142525
30668895;-75.938507
30670899;-75.733742
30672919;-75.528191
30674875;-75.321938
30676872;-75.114906
30678878;-74.907158
30680877;-74.698639
30682877;-74.489418
30684912;-74.279465
30686897;-74.068741
30688897;-73.857323
30690891;-73.645142
30692895;-73.432266
30694902;-73.218666
30696875;-73.004303
30698879;-72.789261
30700882;-72.573471
30702877;-72.356987
30705053;-72.139763
30706899;-71.921860
30708894;-71.703247
30710892;-71.483887
30712892;-71.263863
30714896;-71.043098
30716913;-70.821671
30718879;-70.599533
30720877;-70.376678
30722870;-70.153191
30724874;-69.928940
30726923;-69.816574
30728910;-69.478439
30730900;-69.252129
30732898;-69.025169
30734894;-68.797493
30736895;-68.569168
30738915;-68.340134
30740900;-68.110466
30742897;-67.880119
30744894;-67.649063
30746895;-67.417389
30748913;-67.185005
30750878;-66.951988
30752877;-66.718323
30754872;-66.483955
30756869;-66.248970
30758875;-66.013298
30760919;-65.777000
30762896;-65.540024
30764895;-65.302437
30766889;-65.064201
30768894;-64.825294
30770913;-64.585785
30772882;-64.345589
30774878;-64.104805
30776879;-63.863392
30778872;-63.621307
30780878;-63.378628
30782914;-63.135292
30784899;-62.891365
30786900;-62.646778
30788896;-62.401615
30790896;-62.155830
30792916;-61.909401
30794879;-61.662399
30796880;-61.414749
30798875;-61.166527
30800880;-61.042191
30802870;-60.668243
30804914;-60.418217
30806895;-60.167564
30808893;-59.916348
30810897;-59.664505
30812896;-59.412109
30814919;-59.159134
30816884;-58.905529
30818883;-58.651386
30820874;-58.396626
30822877;-58.141327
30824875;-57.885448
30826909;-57.628967
30828894;-57.371990
30830896;-57.114376
30832897;-56.856228
30834892;-56.597485
30836914;-56.338223
30838882;-56.078403
30840877;-55.817993
30842876;-55.557068
30844875;-55.295555
30846876;-55.033539
30848912;-54.770977
30850905;-54.507839
30852899;-54.244198
30854892;-53.979980
30856892;-53.715279
30858901;-53.450001
30860881;-53.184235
30862879;-52.917946
30864874;-52.651096
30866874;-52.383762
30868878;-52.115868
30870915;-51.847504
30872897;-51.578636
30874897;-51.309212
30876891;-51.039322
30878897;-50.768887
30880911;-50.497990
30882873;-50.226559
30884882;-49.954666
30886875;-49.682285
30888877;-49.409370
30890911;-49.136013
30892877;-48.862125
30894875;-48.587799
30896874;-48.312996
30898879;-48.037670
30900880;-47.761909
30902902;-47.485641
30904881;-47.208942
30906876;-46.931778
30908881;-46.654110
30910877;-46.376026
30912940;-46.097439
30914904;-45.818439
30916895;-45.538944
30918893;-45.259045
30920901;-44.978695
30922894;-44.697865
30924917;-44.416630
30926900;-44.134918
30928896;-43.852810
30930895;-43.570271
30932895;-43.287258
30934912;-43.003864
30936880;-42.720039
30938876;-42.435799
30940874;-42.151093
30942871;-41.866016
30944877;-41.580528
30946913;-41.294582
30948900;-41.008274
30950900;-40.864967
30952894;-40.434402
30954892;-40.146889
30956917;-39.858932
30958877;-39.570629
30960874;-39.281891
30962876;-38.992809
30964881;-38.703300
30966874;-38.413452
30968919;-38.123226
30970905;-37.832577
30972893;-37.541599
30974892;-37.250210
30976892;-36.958492
30978915;-36.666412
30980879;-36.373924
30982873;-36.081123
30984871;-35.787922
30986874;-35.494415
30988876;-35.200508
30990917;-34.906300
30992902;-34.611748
30994891;-34.316807
30996894;-34.021576
30998898;-33.725964
31000916;-33.430061
31002880;-33.133827
31004879;-32.837227
31006875;-32.540344
31008879;-32.243095
31010881;-31.945574
31012912;-31.647692
31014896;-31.349543
31016891;-31.051085
31018893;-30.752274
31020902;-30.453205
31022915;-30.153790
31024880;-29.854124
31026877;-29.554165
31028877;-29.253864
31030881;-28.953323
31032874;-28.652451
31034917;-28.351339
31036899;-28.049904
31038897;-27.748236
31040896;-27.446297
31042891;-27.144039
31044918;-26.841604
31046885;-26.538816
31048873;-26.235809
31050872;-25.932545
31052877;-25.628975
31054882;-25.325203
31056911;-25.021133
31058896;-24.716862
31060898;-24.412348
31062896;-24.107544
31064896;-23.802551
31066912;-23.497276
31068875;-23.191816
31070877;-22.886080
31072877;-22.580164
31074875;-22.274027
31076924;-21.967623
31078913;-21.661047
31080902;-21.354214
31082890;-21.047215
31084894;-20.740007
31086895;-20.432549
31088912;-20.124935
31090899;-19.817076
31092893;-19.509069
31094896;-19.200823
31096893;-18.892433
31098911;-18.583858
31100878;-18.429453
31102875;-17.966110
31104873;-17.656948
31106878;-17.347656
31108882;-17.038193
31110912;-16.728516
31112897;-16.418720
31114892;-16.108715
31116895;-15.798600
31118895;-15.488279
31120914;-15.177855
31122879;-14.867279
31124877;-14.556509
31126883;-14.245645
31128876;-13.934591
31130950;-13.623447
31132899;-13.312168
31134892;-13.000711
31136892;-12.689175
31138893;-12.377464
31140891;-12.065679
31142922;-11.753728
31144901;-11.441707
31146892;-11.129574
31148895;-10.817284
31150898;-10.504933
31152959;-10.192480
31154901;-9.879926
31156894;-9.567274
31158897;-9.254481
31160896;-8.941644
31162896;-8.628671
31164909;-8.315660
31166898;-8.002520
31168897;-7.689348
31170896;-7.376100
31172895;-7.062732
31174917;-6.749341
31176879;-6.435838
31178873;-6.122317
31180875;-5.808736
31182872;-5.495050
31184880;-5.181358
31186908;-4.867567
31188898;-4.553775
31190899;-4.239939
31192897;-3.926013
31194892;-3.612096
31196913;-3.298096
31198878;-2.984111
31200874;-2.670048
31202877;-2.356008
31204873;-2.041943
31206877;-1.727811
31208918;-1.413710
31210901;-1.099547
31212893;-0.785421
31214895;-0.471287
31216891;-0.157100
31218913;0.157080
31220876;0.471237
31222872;0.785390
31224877;1.099535
31226876;1.413669
31228877;1.727790
31230914;2.041893
31232894;2.355976
31234896;2.670036
31236897;2.984070
31238893;3.298074
31240915;3.612046
31242877;3.925981
31244879;4.239879
31246876;4.553734
31248879;4.867544
31250875;5.024432
31252917;5.495018
31254903;5.808674
31256894;6.122274
31258893;6.435814
31260892;6.749289
31262917;7.062697
31264875;7.376038
31266876;7.689305
31268874;8.002495
31270879;8.315607
31272872;8.628635
31274912;8.941581
31276897;9.254436
31278889;9.567202
31280897;9.879873
31282894;10.192444
31284916;10.504917
31286882;10.817286
31288876;11.129548
31290872;11.441700
31292879;11.753738
31294873;12.065662
31296914;12.377467
31298901;12.689150
31300897;13.000705
31302895;13.312133
31304893;13.623430
31306914;13.934594
31308877;14.245617
31310878;14.556500
31312881;14.867243
31314877;15.177837
31316876;15.488280
31318914;15.798573
31320905;16.108707
31322897;16.418684
31324898;16.728498
31326895;17.038149
31328913;17.347628
31330896;17.656937
31332897;17.966076
31334895;18.275032
31336896;18.583811
31338911;18.892406
31340877;19.200811
31342875;19.509031
31344875;19.817057
31346871;20.124889
31348874;20.432520
31350914;20.739950
31352901;21.047176
31354893;21.354193
31356898;21.660999
31358893;21.967592
31360918;22.273970
31362878;22.580126
31364883;22.886059
31366872;23.191769
31368874;23.497246
31371051;23.802494
31372904;24.107506
31374897;24.412279
31376897;24.716812
31378888;25.021099
31380898;25.325144
31382911;25.628939
31384882;25.932476
31386880;26.235760
31388874;26.538784
31390881;26.841545
31392912;27.144045
31394877;27.446274
31396877;27.748230
31398879;28.049919
31400877;28.200657
31402874;28.652456
31404917;28.953299
31406882;29.253859
31408878;29.554132
31410877;29.854111
31412876;30.153793
31414875;30.453184
31416918;30.752268
31418892;31.051052
31420899;31.349527
31422892;31.647697
31424895;31.945551
31426909;32.243092
31428876;32.540310
31430875;32.837208
31432877;33.133785
31434877;33.430038
31436880;33.725952
31438916;34.021542
31440899;34.316792
31442897;34.611706
31444891;34.906273
31446895;35.200500
31448911;35.494377
31450881;35.787907
31452871;36.081081
31454876;36.373901
31456874;36.666363
31459062;36.958458
31460906;37.250191
31462902;37.541557
31464895;37.832550
31466897;38.123173
31468895;38.413418
31470914;38.703281
31472900;38.992767
31474891;39.281864
31476890;39.426273
31478895;39.858898
31480911;40.146824
31482877;40.434357
31484870;40.721493
31486881;41.008221
31488880;41.294548
31490919;41.580467
31492882;41.865971
31494875;42.151066
31496877;42.435749
31498873;42.720005
31500876;43.003841
31502915;43.287258
31504901;43.570240
31506892;43.852798
31508897;44.134922
31510895;44.416611
31512912;44.697861
31514880;44.978668
31516877;45.259033
31518880;45.538948
31520878;45.818417
31522874;46.097435
31524915;46.375996
31526899;46.654099
31528899;46.931744
31530896;47.208927
31532892;47.485634
31534916;47.761883
31536876;48.037659
31538877;48.312958
31540876;48.587780
31542873;48.862122
31544878;49.135986
31546909;49.409363
31548899;49.682243
31550896;49.954647
31552894;50.226551
31554892;50.497963
31556916;50.768871
31558878;51.039284
31560877;51.309193
31562874;51.578583
31564874;51.847477
31566935;52.115856
31568899;52.383720
31570895;52.651070
31572894;52.917896
31574895;53.184204
31576896;53.449982
31578903;53.715237
31580878;53.979958
31582875;54.244156
31584875;54.507809
31586876;54.770924
31588908;55.033501
31590880;55.295532
31592870;55.557018
31594877;55.817963
31596877;56.078350
31598876;56.338184
31600914;56.597466
31602896;56.856178
31604896;57.114338
31606897;57.371937
31608891;57.628967
31610915;57.885426
31612882;58.141319
31614875;58.396633
31616873;58.651371
31618875;58.905529
31620875;59.159111
31622914;59.412106
31624902;59.664516
31626893;59.916336
31628894;60.167557
31630895;60.418190
31632916;60.668228
31634877;60.917671
31636879;61.166508
31638878;61.414749
31640880;61.662376
31642873;61.909389
31644910;62.155800
31646894;62.401592
31648896;62.646778
31650897;62.891342
31652900;63.135277
31654911;63.378597
31656877;63.621284
31658875;63.863350
31660874;63.984142
31662872;64.345589
31664877;64.585754
31666915;64.825279
31668891;65.064171
31670898;65.302414
31672896;65.540009
31674896;65.776978
31676914;66.013275
31678875;66.248932
31680879;66.483932
31682874;66.718277
31684874;66.951958
31686874;67.184982
31688913;67.417351
31690897;67.649040
31692896;67.880074
31694893;68.110428
31696894;68.340118
31698921;68.569130
31700893;68.797462
31702873;69.025124
31704875;69.252098
31706876;69.478394
31709059;69.703995
31710902;69.928909
31712898;70.153137
31714895;70.376678
31716897;70.599518
31718898;70.821655
31720910;71.043106
31722878;71.263847
31724877;71.483887
31726885;71.703224
31728874;71.921852
31730953;72.139778
31732897;72.356972
31734890;72.573471
31736894;72.789238
31738897;73.004303
31740894;73.218636
31742900;73.432251
31744878;73.645142
31746875;73.857300
31748873;74.068741
31750876;74.279442
31752914;74.489403
31754877;74.698639
31756879;74.907135
31758873;75.114891
31760879;75.321915
31762876;75.528183
31764915;75.733711
31766896;75.938484
31768891;76.142517
31770896;76.345795
31772895;76.548325
31774916;76.750092
31776880;76.951103
31778881;77.151352
31780881;77.350845
31782870;77.549568
31785063;77.747536
31786907;77.944733
31788898;78.141159
31790897;78.336807
31792894;78.531693
31794891;78.725800
31796908;78.919128
31798874;79.111679
31800873;79.303452
31802872;79.494438
31804873;79.684631
31806876;79.874054
31808914;80.062675
31810896;80.250511
31812897;80.437561
31814898;80.623810
31816890;80.809273
31818913;80.993927
31820878;81.177780
31822879;81.360840
31824876;81.543091
31826878;81.724548
31829074;81.905190
31830900;82.085022
31832895;82.264038
31834896;82.442261
31836893;82.619659
31838891;82.796242
31840907;82.972015
31842882;83.146957
31844876;83.321083
31846874;83.494392
31848879;83.666870
31851059;83.838524
31852903;84.009354
31854895;84.179352
31856896;84.348526
31858897;84.516853
31860896;84.684349
31862906;84.851013
31864878;85.016846
31866875;85.181831
31868878;85.345985
31870875;85.509285
31872952;85.671745
31874904;85.833366
31876893;85.994133
31878890;86.154045
31880898;86.313118
31882895;86.471336
31884919;86.628700
31886876;86.785210
31888875;86.940865
31890874;87.095657
31892871;87.249596
31894912;87.402672
31896881;87.554886
31898876;87.706230
31900875;87.856712
31902874;88.006325
31904880;88.155075
31906918;88.302948
31908899;88.449944
31910901;88.596085
31912892;88.741341
31914897;88.885719
31916912;89.029221
31918881;89.171852
31920880;89.313599
31922876;89.454460
31924879;89.594444
31926875;89.733536
31928916;89.871750
31930899;90.009079
31932891;90.145508
31934893;90.281052
31936893;90.415710
31938911;90.549469
31940879;90.682343
31942880;90.814316
31944878;90.945389
31946871;91.075569
31948879;91.204857
31950913;91.333237
31952900;91.460716
31954897;91.587296
31956895;91.712967
31958894;91.837730
31960903;91.961594
31962877;92.084541
31964877;92.206589
31966880;92.327728
31968875;92.447952
31970913;92.567261
31972880;92.685661
31974880;92.803139
31976873;92.919708
31978875;93.035355
31980882;93.150093
31982917;93.263908
31984895;93.376793
31986898;93.488762
31988899;93.599808
31990898;93.709930
31992912;93.819130
31994875;93.927406
31996878;94.034752
31998879;94.141167
32000876;94.194031
32002876;94.351212
32004918;94.454842
32006898;94.557541
32008889;94.659302
32010896;94.760132
32012892;94.860016
32014953;94.958969
32016901;95.056992
32018898;95.154076
32020902;95.250214
32022898;95.345421
32024898;95.439682
32026910;95.532997
32028899;95.625374
32030905;95.716805
32032898;95.807289
32034892;95.896835
32036910;95.985428
32038882;96.073074
32040879;96.159775
32042875;96.245529
32044876;96.330322
32046873;96.414169
32048909;96.497070
32050902;96.579018
32052893;96.660011
32054896;96.740051
32056890;96.819130
32058918;96.897263
32060880;96.974442
32062875;97.050652
32064874;97.125908
32066879;97.200203
32069050;97.273544
32070901;97.345917
32072896;97.417343
32074894;97.487793
32076893;97.557297
32078892;97.625824
32080908;97.693390
32082903;97.759995
32084895;97.825638
32086892;97.890305
32088892;97.954018
32090957;98.016754
32092907;98.078529
32094896;98.139336
32096896;98.199173
32098896;98.258034
32100896;98.315933
32102897;98.372864
32104876;98.428818
32106877;98.483810
32108878;98.537819
32110880;98.590858
32112961;98.642929
32114900;98.694023
32116898;98.744141
32118894;98.793289
32120902;98.841454
32122896;98.888649
32124894;98.934868
32126882;98.980110
32128877;99.024376
32130870;99.067665
32132870;99.109970
32135074;99.151306
32136901;99.191658
32138892;99.231033
32140897;99.269432
32142898;99.306847
32144895;99.343285
32146914;99.378738
32148896;99.413208
32150897;99.430077
32152899;99.479218
32154896;99.510742
32156912;99.541290
32158880;99.570862
32160874;99.599442
32162871;99.627037
32164871;99.653656
32166878;99.679283
32168914;99.703934
32170898;99.727600
32172896;99.750282
32174890;99.771973
32176895;99.792686
32178913;99.812408
32180879;99.831154
32182876;99.848907
32184880;99.865685
32186878;99.881462
32188873;99.896263
32190916;99.910072
32192896;99.922905
32194897;99.934746
32196896;99.945602
32198894;99.955467
32200910;99.964348
32202879;99.972244
32204880;99.979149
32206877;99.985077
32208873;99.990005
32210877;99.993958
32212912;99.996918
32214896;99.998894
32216891;99.999878
32218894;99.999878
32220900;99.998894
32222917;99.996918
32224877;99.993958
32226880;99.992104
32228870;99.985077
32230874;99.979149
32232874;99.972244
32234919;99.964348
32236898;99.955467
32238894;99.945602
32240896;99.934746
32242900;99.922905
32244912;99.910072
32246881;99.896263
32248879;99.881462
32250874;99.865685
32252873;99.848907
32254875;99.831154
32256916;99.812408
32258897;99.792686
32260900;99.771973
32262894;99.750282
32264895;99.727600
32266916;99.703941
32268882;99.679283
32270877;99.653656
32272877;99.627037
32274882;99.599442
32276874;99.570862
32278912;99.541298
32280900;99.510750
32282895;99.479218
32284895;99.446701
32286894;99.413208
32288904;99.378738
32290878;99.343285
32292874;99.306847
32294878;99.269432
32296877;99.231033
32298916;99.191666
32300883;99.171608
32302874;99.109978
32304876;99.067673
32306882;99.024376
32308872;98.980110
32310917;98.934868
32312897;98.888657
32314895;98.841461
32316894;98.793289
32318893;98.744141
32320916;98.694023
32322880;98.642929
32324876;98.590866
32326880;98.537819
32328881;98.483810
32330879;98.428818
32332918;98.372864
32334896;98.315941
32336891;98.258041
32338892;98.199173
32340895;98.139343
32342924;98.078529
32344878;98.016754
32346879;97.954018
32348876;97.890312
32350878;97.825638
32352870;97.759995
32354914;97.693398
32356901;97.625824
32358892;97.557297
32360902;97.487801
32362893;97.417343
32364914;97.345932
32366881;97.273544
32368876;97.200211
32370876;97.125916
32372879;97.050652
32374874;96.974442
32376915;96.897270
32378898;96.819138
32380893;96.740051
32382895;96.660019
32384895;96.579018
32386911;96.497078
32388879;96.414177
32390872;96.330330
32392872;96.245529
32394875;96.159782
32396872;96.073082
32398915;95.985428
32400903;95.896843
32402890;95.807297
32404895;95.716812
32406889;95.625374
32408913;95.533005
32410879;95.439682
32412880;95.345428
32414874;95.250221
32416875;95.154076
32418875;95.057007
32420916;94.958984
32422881;94.860031
32424866;94.760132
32426876;94.659302
32428872;94.557549
32430917;94.454849
32432876;94.351219
32434873;94.246666
32436876;94.141174
32438869;94.034752
32440871;93.927414
32442911;93.819138
32444899;93.709938
32446895;93.599823
32448893;93.488770
32450894;93.432907
32452911;93.263916
32454876;93.150101
32456874;93.035362
32458875;92.919716
32460879;92.803146
32462876;92.685661
32464913;92.567268
32466898;92.447952
32468893;92.327728
32470896;92.206596
32472895;92.084557
32474917;91.961601
32476876;91.837738
32478876;91.712967
32480881;91.587296
32482872;91.460724
32485080;91.333237
32486900;91.204857
32488895;91.075584
32490901;90.945396
32492891;90.814323
32494892;90.682343
32496904;90.549477
32498877;90.415726
32500879;90.281067
32502872;90.145515
32504877;90.009079
32507070;89.871750
32508905;89.733551
32510896;89.594452
32512897;89.454468
32514894;89.313599
32516893;89.171860
32518896;89.029228
32520883;88.885727
32522876;88.741348
32524877;88.596085
32526874;88.449951
32528959;88.302948
32530897;88.155067
32532893;88.006332
32534892;87.856712
32536894;87.706230
32538893;87.554893
32540904;87.402679
32542879;87.249603
32544875;87.095680
32546872;86.940880
32548879;86.785217
32550872;86.628708
32552914;86.471344
32554902;86.313126
32556900;86.154068
32558896;85.994141
32560904;85.833374
32562908;85.671753
32564897;85.509285
32566896;85.345985
32568897;85.181847
32570894;85.016853
32572904;84.851021
32574878;84.684357
32576877;84.516853
32578875;84.348511
32580877;84.179352
32583078;84.009354
32584896;83.838524
32586893;83.666870
32588894;83.494385
32590897;83.321075
32592892;83.146980
32594899;82.972023
32596877;82.796249
32598874;82.619667
32600872;82.531075
32602874;82.264053
32604963;82.085037
32606899;81.905197
32608898;81.724556
32610895;81.543098
32612895;81.360847
32614891;81.177780
32616916;80.993942
32618898;80.809280
32620902;80.623817
32622891;80.437561
32624897;80.250511
32626911;80.062675
32628876;79.874062
32630877;79.684647
32632876;79.494438
32634877;79.303452
32636874;79.111679
32638908;78.919128
32640900;78.725800
32642895;78.531693
32644893;78.336807
32646892;78.141167
32648901;77.944740
32650875;77.747559
32652871;77.549591
32654875;77.350861
32656873;77.151367
32659080;76.951111
32660907;76.750099
32662900;76.750099
32664897;76.345810
32666892;76.142532
32668892;75.938499
32670917;75.733719
32672878;75.528183
32674875;75.321922
32676871;75.114906
32678879;74.907150
32680914;74.698647
32682875;74.489410
32684881;74.279442
32686875;74.068748
32688883;73.857307
32690879;73.645142
32692914;73.432251
32694897;73.218636
32696901;73.004295
32698897;72.789253
32700899;72.573486
32702916;72.356995
32704880;72.139786
32706877;71.921860
32708872;71.703232
32710876;71.483910
32712876;71.263863
32714914;71.043121
32716896;70.821671
32718893;70.599525
32720901;70.376678
32722898;70.153160
32724904;69.928932
32726889;69.704010
32728879;69.478401
32730875;69.252106
32732878;69.025124
32734975;68.797478
32736898;68.569145
32738896;68.340126
32740904;68.110435
32742893;67.880074
32744894;67.649040
32746914;67.417358
32748897;67.184998
32750896;67.068550
32752896;66.718277
32754893;66.483948
32756914;66.248940
32758882;66.013298
32760876;65.776993
32762876;65.540031
32764875;65.302429
32766878;65.064178
32768919;64.825287
32770904;64.585777
32772894;64.345604
32774896;64.104805
32776896;63.863361
32778916;63.621296
32780879;63.378597
32782881;63.135296
32784869;62.891354
32786872;62.646790
32788874;62.401604
32790910;62.155807
32792900;61.909397
32794898;61.662388
32796895;61.414753
32798892;61.166519
32800916;60.917675
32802879;60.668228
32804871;60.418213
32806875;60.167568
32808876;59.916359
32810875;59.664536
32812917;59.412121
32814899;59.159122
32816893;58.905560
32818897;58.651394
32820896;58.396656
32822906;58.141335
32824871;57.885437
32826878;57.628979
32828877;57.371964
32830875;57.114365
32832969;56.856201
32834900;56.597477
32836893;56.338192
32838893;56.078358
32840900;55.817978
32842890;55.557037
32844895;55.295544
32846873;55.033512
32848876;54.770927
32850875;54.507809
32852878;54.244167
32855073;53.979977
32856902;53.715248
32858898;53.449989
32860900;53.184204
32862896;52.917915
32864897;52.651100
32866914;52.383751
32868901;52.115883
32870897;51.847500
32872899;51.578606
32874893;51.309196
32876917;51.039307
32878877;50.768894
32880874;50.497978
32882875;50.226570
32884877;49.954655
32886874;49.682255
32888915;49.409382
32890902;49.136005
32892896;48.862137
32894895;48.587791
32896892;48.312962
32898912;48.037659
32900880;47.899837
32902876;47.485649
32904879;47.208931
32906877;46.931747
32908879;46.654099
32910913;46.375992
32912898;46.097446
32914892;45.818428
32916890;45.538975
32918897;45.259052
32920907;44.978683
32922874;44.697872
32924879;44.416637
32926874;44.134945
32928872;43.852818
32930956;43.570255
32932898;43.287266
32934893;43.003849
32936896;42.720028
32938892;42.435760
32940898;42.151081
32942911;41.865982
32944896;41.580467
32946894;41.294567
32948898;41.008240
32950899;40.721504
32952913;40.434368
32954876;40.146832
32956874;39.858898
32958879;39.570599
32960881;39.281879
32962871;38.992775
32964915;38.703285
32966879;38.413418
32968872;38.123165
32970877;37.832584
32972879;37.541588
32974975;37.250214
32976894;37.104382
32978892;36.666374
32980899;36.373913
32982896;36.081112
32985061;35.787930
32986900;35.494400
32988897;35.200516
32990901;34.906284
32992890;34.611710
32994895;34.316818
32996917;34.021561
32998878;33.725971
33000880;33.430046
33002872;33.133793
33004874;32.837212
33007080;32.540329
33008897;32.243107
33010895;31.945559
33012892;31.647699
33014897;31.349527
33016895;31.051048
33018915;30.752283
33020898;30.453190
33022897;30.153799
33024894;29.854134
33026890;29.554150
33028917;29.253874
33030875;28.953331
33032878;28.652481
33034874;28.351349
33036870;28.049934
33038875;27.748245
33040915;27.446281
33042900;27.144072
33044893;26.841568
33046896;26.538801
33048892;26.235771
33050911;25.932482
33052879;25.628939
33054877;25.325165
33056879;25.021118
33058882;24.716824
33060879;24.412287
33062916;24.107508
33064900;23.802490
33066900;23.497261
33068893;23.191778
33070899;22.886066
33072914;22.580128
33074878;22.273966
33076868;21.967585
33078871;21.661034
33080875;21.354221
33083083;21.047199
33084899;20.739969
33086897;20.432533
33088896;20.124922
33090902;19.817085
33092891;19.509054
33094919;19.200832
33096901;18.892418
33098897;18.583818
33100899;18.275061
33102890;17.966097
33104897;17.656956
33106920;17.347641
33108896;17.038157
33110896;16.728500
33112889;16.418705
33114893;16.108725
33116920;15.798585
33118875;15.488288
33120875;15.177840
33122873;14.867240
33124873;14.556519
33126945;14.245629
33128904;13.934599
33130901;13.623433
33132897;13.312154
33134892;13.000721
33136894;12.689183
33138902;12.377496
33140881;12.065687
33142871;11.753759
33144872;11.441715
33146877;11.129559
33148958;10.817315
33150902;10.504942
33152894;10.192464
33154894;9.879887
33156897;9.567211
33158895;9.254441
33160906;8.941605
33162880;8.628655
33164873;8.315620
33166873;8.002504
33168879;7.689308
33170914;7.376037
33172884;7.062716
33174880;6.749302
33176878;6.435822
33178876;6.122278
33180871;5.808673
33182913;5.495012
33184897;5.181319
33186896;4.867576
33188894;4.553761
33190891;4.239901
33192914;3.925998
33194875;3.612057
33196873;3.298105
33198879;2.984096
33200873;2.827068
33203066;2.355993
33204898;2.041904
33206894;1.727796
33208891;1.413695
33210895;1.099556
33212896;0.785405
33214907;0.471248
33216873;0.157085
33218870;-0.157079
33220871;-0.471218
33222871;-0.785375
33224912;-1.099525
33226882;-1.413665
33228878;-1.727790
33230874;-2.041898
33232877;-2.355963
33234868;-2.670027
33236914;-2.984066
33238900;-3.298074
33240899;-3.612027
33242890;-3.925944
33244891;-4.239846
33246916;-4.553706
33248878;-4.867522
33250872;-5.181289
33252875;-5.495005
33254876;-5.808643
33256878;-6.122248
33258918;-6.435792
33260902;-6.749272
33262898;-7.062686
33264893;-7.376031
33266888;-7.689279
33268907;-8.002474
33270875;-8.315591
33272875;-8.628626
33274882;-8.941574
33276875;-9.254436
33279075;-9.567182
33280901;-9.879857
33282899;-10.192435
33284894;-10.504911
33286893;-10.817286
33288895;-11.129552
33290917;-11.441686
33292883;-11.753706
33294875;-12.065634
33296879;-12.377443
33298874;-12.689130
33301084;-13.000690
33302907;-13.312101
33304890;-13.623403
33306889;-13.934570
33308892;-14.245600
33310902;-14.556490
33312912;-14.867234
33314881;-15.177811
33316871;-15.488259
33318872;-15.798555
33320877;-16.108694
33323070;-16.418676
33324904;-16.728497
33326897;-17.038126
33328895;-17.347612
33330900;-17.656927
33332896;-17.966068
33334916;-18.275030
33336898;-18.583813
33338889;-18.892389
33340902;-19.200802
33342894;-19.509026
33344908;-19.817057
33346888;-20.124868
33348880;-20.432505
33350873;-20.586235
33352872;-21.047146
33354874;-21.354168
33356903;-21.660980
33358882;-21.967579
33360877;-22.273960
33362868;-22.580097
33364872;-22.886036
33366907;-23.191748
33368882;-23.497232
33370876;-23.802485
33372879;-24.107500
33374876;-24.412256
33376873;-24.716795
33378910;-25.021088
33380902;-25.325138
33382897;-25.628933
33384891;-25.932476
33386896;-26.235741
33388916;-26.538771
33390879;-26.841539
33392876;-27.144041
33394874;-27.446276
33396877;-27.748240
33398958;-28.049908
33400902;-28.351297
33402893;-28.652430
33404897;-28.953281
33406892;-29.253843
33408896;-29.554098
33410920;-29.854084
33412878;-30.153772
33414876;-30.453163
33416875;-30.752254
33418876;-31.051043
33420959;-31.349501
33422901;-31.647673
33424891;-31.945532
33426896;-32.243076
33428894;-32.540302
33430894;-32.837208
33432916;-33.133766
33434878;-33.430019
33436875;-33.725945
33438874;-34.021534
33440876;-34.316792
33442878;-34.611706
33444916;-34.906258
33446896;-35.200489
33448889;-35.494373
33450901;-35.787903
33452895;-36.081081
33454911;-36.373882
33456882;-36.666325
33458875;-36.958427
33460876;-37.250168
33462878;-37.541534
33465071;-37.832535
33466903;-38.123161
33468890;-38.413387
33470898;-38.703259
33472896;-38.992748
33474890;-39.281853
33476922;-39.570568
33478875;-39.858894
33480877;-40.146805
33482873;-40.434341
33484873;-40.721478
33486876;-41.008209
33488910;-41.294540
33490898;-41.580467
33492896;-41.865955
33494896;-42.151054
33496892;-42.435734
33498915;-42.720001
33500880;-42.861965
33502881;-43.287262
33504882;-43.570229
33506878;-43.852791
33508875;-44.134895
33510916;-44.416592
33512902;-44.697845
33514893;-44.978657
33516895;-45.259007
33518892;-45.538925
33520913;-45.818401
33522879;-46.097420
33524880;-46.375988
33526874;-46.654095
33528876;-46.931721
33530875;-47.208904
33532913;-47.485622
33534895;-47.761871
33536899;-48.037647
33538895;-48.312950
33540897;-48.587757
33542915;-48.862106
33544876;-49.135971
33546870;-49.409351
33548875;-49.682243
33550872;-49.954624
33552872;-50.226532
33554912;-50.497948
33556892;-50.768864
33558894;-51.039280
33560899;-51.309193
33562897;-51.578552
33564918;-51.847446
33566873;-52.115829
33568875;-52.383698
33570873;-52.651054
33572872;-52.917885
33574875;-53.184174
33576914;-53.449959
33578898;-53.715218
33580897;-53.979946
33582893;-54.244137
33584892;-54.507797
33586915;-54.770897
33588874;-55.033482
33590876;-55.295517
33592875;-55.557007
33594872;-55.817951
33596966;-56.078346
33598898;-56.338161
33600899;-56.597446
33602894;-56.856174
33604892;-57.114334
33606893;-57.371933
33608915;-57.628967
33610902;-57.885414
33612898;-58.141304
33614898;-58.396626
33616894;-58.651344
33618917;-58.905514
33620881;-59.159096
33622872;-59.412075
33624871;-59.664490
33626870;-59.916313
33628873;-60.167545
33630915;-60.418182
33632898;-60.668224
33634896;-60.917645
33636897;-61.166489
33638897;-61.414730
33640916;-61.662357
33642880;-61.909382
33644879;-62.155796
33646881;-62.401573
33648880;-62.646759
33650880;-62.769127
33652916;-63.135265
33654896;-63.378590
33656896;-63.621284
33658898;-63.863338
33660901;-64.104774
33662913;-64.225266
33664880;-64.585747
33666875;-64.825279
33668876;-65.064171
33670876;-65.302383
33672873;-65.539993
33674915;-65.776947
33676902;-66.013260
33678891;-66.248917
33680899;-66.483917
33682895;-66.718254
33684915;-66.951942
33686877;-67.184967
33688872;-67.417336
33690879;-67.649033
33692878;-67.880043
33694880;-68.110413
33696913;-68.340096
33698899;-68.569115
33700899;-68.797455
33702895;-69.025116
33704895;-69.252083
33706914;-69.478378
33708880;-69.703987
33710874;-69.928902
33712874;-70.153137
33714874;-70.376678
33716871;-70.599503
33718917;-70.821648
33720900;-71.043098
33722895;-71.263847
33724889;-71.483871
33726891;-71.593620
33728975;-71.921829
33730906;-72.139755
33732892;-72.356949
33734899;-72.573456
33736893;-72.789230
33738895;-73.004295
33740917;-73.218613
33742899;-73.432228
33744892;-73.645126
33746896;-73.857292
33748891;-74.068726
33750919;-74.279434
33752882;-74.489388
33754873;-74.698624
33756877;-74.907127
33758880;-75.114883
33761070;-75.321899
33762901;-75.528183
33764900;-75.733711
33766896;-75.938477
33768895;-76.142525
33770898;-76.345787
33772914;-76.548302
33774884;-76.750092
33776878;-76.951096
33778872;-77.151337
33780874;-77.350845
33782969;-77.549561
33784900;-77.747513
33786892;-77.944717
33788894;-78.141136
33790898;-78.336807
33792896;-78.531677
33794915;-78.725777
33796898;-78.919121
33798892;-79.111656
33800893;-79.303444
33802897;-79.494415
33804916;-79.684639
33806880;-79.874046
33808872;-80.062660
33810880;-80.250511
33812876;-80.437546
33815071;-80.623817
33816899;-80.809258
33818899;-80.993912
33820899;-81.177780
33822894;-81.360832
33824898;-81.543098
33826917;-81.724533
33828901;-81.905197
33830896;-82.085022
33832895;-82.264038
33834891;-82.442261
33836910;-82.619652
33838876;-82.796249
33840877;-82.972008
33842880;-83.146942
33844879;-83.321091
33846878;-83.494377
33848912;-83.666878
33850904;-83.838524
33852893;-84.009369
33854894;-84.179352
33856894;-84.348511
33858915;-84.516838
33860877;-84.684326
33862877;-84.851006
33864874;-85.016823
33866869;-85.181801
33868869;-85.345963
33870913;-85.509262
33872896;-85.671738
33874890;-85.833344
33876894;-85.994102
33878893;-86.154037
33880915;-86.313095
33882887;-86.471329
33884879;-86.628685
33886876;-86.785210
33888877;-86.940849
33890911;-87.095634
33892877;-87.249588
33894877;-87.402657
33896871;-87.554878
33898874;-87.706215
33900876;-87.856689
33902916;-88.006317
33904897;-88.155052
33906896;-88.302948
33908894;-88.449944
33910897;-88.596085
33912912;-88.741333
33914879;-88.885704
33916873;-89.029221
33918875;-89.171837
33920879;-89.313599
33922871;-89.454453
33924913;-89.594421
33926896;-89.733536
33928896;-89.871742
33930899;-90.009079
33932896;-90.145508
33934915;-90.281067
33936881;-90.415703
33938879;-90.549461
33940871;-90.682343
33942875;-90.814308
33944876;-90.945396
33946920;-91.075569
33948895;-91.204849
33950899;-91.269165
33952896;-91.460709
33954892;-91.587296
33956902;-91.712967
33958873;-91.837738
33960873;-91.961601
33962876;-92.084541
33964872;-92.206596
33966912;-92.327705
33968874;-92.447945
33970872;-92.567245
33972876;-92.685638
33974877;-92.803131
33976880;-92.919693
33978919;-93.035355
33980899;-93.150070
33982895;-93.263885
33984893;-93.376785
33986890;-93.488747
33988917;-93.599800
33990880;-93.709923
33992879;-93.819130
33994880;-93.927399
33996877;-94.034737
33998905;-94.141159
34000881;-94.246643
34002879;-94.351212
34004875;-94.454834
34006874;-94.557526
34008875;-94.659294
34010918;-94.760117
34012893;-94.860016
34014896;-94.958969
34016893;-95.056999
34018898;-95.154068
34020919;-95.250206
34022876;-95.345413
34024880;-95.439674
34026871;-95.532997
34028872;-95.625374
34030878;-95.716789
34032916;-95.807289
34034899;-95.896828
34036893;-95.985428
34038893;-96.073074
34040894;-96.159782
34042912;-96.245522
34044878;-96.330322
34046876;-96.414177
34048872;-96.497070
34050875;-96.579018
34052877;-96.660011
34054914;-96.740044
34056901;-96.819138
34058898;-96.897255
34060903;-96.974442
34062892;-97.050652
34064916;-97.125916
34066878;-97.200203
34068876;-97.273544
34070876;-97.345924
34072867;-97.417343
34074875;-97.487793
34076912;-97.557281
34078897;-97.625809
34080900;-97.693382
34082894;-97.759987
34084890;-97.825630
34086915;-97.890297
34088879;-97.954010
34090878;-98.016754
34092874;-98.078522
34094874;-98.139336
34096876;-98.199165
34098913;-98.258034
34100899;-98.287109
34102895;-98.372856
34104895;-98.428818
34106892;-98.483803
34108903;-98.537811
34110883;-98.590858
34112877;-98.642929
34114877;-98.694023
34116875;-98.744133
34118956;-98.793289
34120903;-98.841454
34122891;-98.888657
34124892;-98.934868
34126892;-98.980103
34128893;-99.024376
34130905;-99.067665
34132878;-99.109978
34134876;-99.151306
34136880;-99.191666
34138876;-99.231033
34140919;-99.269424
34142872;-99.306847
34144872;-99.343285
34146876;-99.378738
34148868;-99.413208
34150875;-99.446701
34152916;-99.479218
34154900;-99.510742
34156895;-99.541298
34158892;-99.570862
34160902;-99.599442
34162912;-99.627037
34164876;-99.653656
34166872;-99.679283
34168874;-99.703934
34170876;-99.727600
34172876;-99.750282
34174917;-99.771973
34176901;-99.792686
34178894;-99.812408
34180896;-99.831161
34182897;-99.848907
34184907;-99.865677
34186872;-99.881462
34188876;-99.896263
34190873;-99.910072
34192875;-99.922905
34194877;-99.934746
34196915;-99.945602
34198900;-99.955460
34200903;-99.964348
34202894;-99.972244
34204896;-99.979149
34206915;-99.985069
34208881;-99.990005
34210877;-99.993958
34212875;-99.996910
34214872;-99.998894
34216874;-99.999878
34218912;-99.999878
34220901;-99.998894
34222896;-99.996918
34224895;-99.993958
34226893;-99.990013
34228913;-99.985077
34230878;-99.979149
34232877;-99.972244
34234876;-99.964348
34236874;-99.955467
34238870;-99.945602
34240918;-99.934746
34242901;-99.922905
34244896;-99.910080
34246893;-99.896263
34248894;-99.881462
34250916;-99.865685
34252880;-99.848907
34254873;-99.831161
34256875;-99.812416
34258871;-99.792686
34261085;-99.771973
34262898;-99.750282
34264892;-99.727600
34266893;-99.703934
34268896;-99.679283
34270894;-99.653656
34272913;-99.627037
34274883;-99.599442
34276877;-99.570862
34278876;-99.541298
34280880;-99.510750
34283085;-99.479218
34284903;-99.446709
34286898;-99.413208
34288900;-99.378738
34290902;-99.343285
34292894;-99.306854
34294908;-99.269440
34296873;-99.231041
34298878;-99.191666
34300875;-99.151314
34302877;-99.109985
34304957;-99.067673
34306896;-99.024384
34308892;-98.980118
34310899;-98.934868
34312893;-98.888657
34314896;-98.841461
34316913;-98.793289
34318901;-98.744148
34320896;-98.694023
34322897;-98.642937
34324895;-98.590866
34326911;-98.537827
34328876;-98.483810
34330875;-98.428825
34332881;-98.372871
34334883;-98.315941
34336873;-98.258049
34338915;-98.199181
34340904;-98.139343
34342891;-98.078537
34344896;-98.016754
34346893;-97.954025
34348910;-97.890312
34350879;-97.825638
34352877;-97.760002
34354881;-97.693398
34356879;-97.625824
34358880;-97.557297
34360916;-97.487801
34362893;-97.417351
34364894;-97.345924
34366893;-97.273552
34368894;-97.200203
34370914;-97.125916
34372883;-97.050652
34374876;-96.974442
34376874;-96.897270
34378872;-96.819138
34380881;-96.740051
34382910;-96.660011
34384894;-96.579018
34386897;-96.497086
34388898;-96.414177
34390901;-96.330330
34392914;-96.245522
34394878;-96.159782
34396881;-96.073074
34398877;-95.985443
34400871;-95.941261
34402876;-95.807304
34404918;-95.716820
34406897;-95.625381
34408893;-95.533012
34410897;-95.439697
34412893;-95.345428
34414914;-95.250237
34416876;-95.154083
34418876;-95.057007
34420873;-94.958984
34422869;-94.860039
34424880;-94.760147
34426917;-94.659309
34428900;-94.557556
34430898;-94.454849
34432899;-94.351234
34434893;-94.246681
34436910;-94.141182
34438879;-94.034767
34440876;-93.927414
34442881;-93.819145
34444878;-93.709961
34446876;-93.599823
34448908;-93.488785
34450874;-93.376801
34452875;-93.263916
34454874;-93.150093
34456871;-93.035370
34458907;-92.919724
34460877;-92.803154
34462871;-92.685677
34464873;-92.567268
34466874;-92.447960
34468874;-92.327744
34470913;-92.206596
34472893;-92.084564
34474894;-91.961601
34476895;-91.899780
34478895;-91.712967
34480914;-91.587296
34482874;-91.460732
34484876;-91.333237
34486875;-91.204865
34488876;-91.075569
34490881;-90.945396
34492919;-90.814331
34494899;-90.682343
34496892;-90.549484
34498891;-90.415703
34500898;-90.281067
34502914;-90.145508
34504879;-90.009079
34506874;-89.871780
34508878;-89.733559
34510880;-89.594475
34512878;-89.454475
34514911;-89.313622
34516897;-89.171890
34518892;-89.029243
34520893;-88.885750
34522898;-88.741356
34524914;-88.596107
34526878;-88.449959
34528879;-88.302971
34530879;-88.155106
34532879;-88.006340
34535088;-87.856735
34536900;-87.706238
34538896;-87.554901
34540899;-87.402702
34542891;-87.249611
34544895;-87.095680
34546911;-86.940872
34548895;-86.785233
34550900;-86.707092
34552898;-86.471352
34554895;-86.313148
34556908;-86.154060
34558873;-85.994148
34560874;-85.833374
34562876;-85.671761
34564870;-85.509315
34566874;-85.345993
34568912;-85.181847
34570902;-85.016846
34572895;-84.851036
34574894;-84.684349
34576896;-84.516861
34578916;-84.348534
34580879;-84.179352
34582877;-84.009369
34584878;-83.838524
34586880;-83.666878
34589086;-83.494408
34590910;-83.321091
34592894;-83.146973
34594898;-82.972008
34596899;-82.796249
34598891;-82.619652
34600911;-82.442261
34602878;-82.264069
34604877;-82.085022
34606879;-81.905197
34608872;-81.724533
34611076;-81.543098
34612896;-81.360855
34614892;-81.177811
34616897;-80.993965
34618892;-80.809288
34620901;-80.623840
34622911;-80.437599
34624877;-80.250534
34626878;-80.062714
34628873;-79.874077
34630872;-79.684669
34632877;-79.494446
34634916;-79.303474
34636898;-79.111710
34638894;-78.919151
34640899;-78.725830
34642896;-78.531708
34644906;-78.336838
34646877;-78.141197
34648873;-77.944756
34650875;-77.747574
34652871;-77.549591
34654980;-77.350876
34656902;-77.151367
34658889;-76.951126
34660897;-76.750122
34662895;-76.548340
34664894;-76.345825
34666914;-76.142525
34668894;-75.938507
34670891;-75.733742
34672893;-75.528191
34674890;-75.321938
34676913;-75.114906
34678879;-74.907158
34680877;-74.698639
34682877;-74.489418
34684879;-74.279465
34686950;-74.068741
34688893;-73.857323
34690898;-73.645142
34692891;-73.432266
34694898;-73.218666
34696896;-73.004303
34698900;-72.789261
34700879;-72.681473
34702876;-72.356987
34704875;-72.139763
34706872;-71.921860
34708968;-71.703247
34710901;-71.483887
34712895;-71.263863
34714891;-71.043098
34716892;-70.821671
34718895;-70.599533
34720908;-70.376678
34722882;-70.153191
34724879;-69.928940
34726867;-69.704033
34728875;-69.478439
34730875;-69.252129
34732912;-69.025169
34734895;-68.797493
34736894;-68.569168
34738894;-68.340134
34740899;-68.110466
34742910;-67.880119
34744875;-67.649063
34746875;-67.417389
34748877;-67.185005
34750879;-66.951988
34752882;-66.718323
34754918;-66.483955
34756899;-66.248970
34758894;-66.013298
34760897;-65.777000
34762891;-65.540024
34764903;-65.302437
34766878;-65.064201
34768872;-64.825294
34770876;-64.585785
34772877;-64.345589
34775002;-64.104805
34776900;-63.863392
34778899;-63.621307
34780902;-63.378628
34782894;-63.135292
34784895;-62.891365
34786909;-62.646778
34788880;-62.401615
34790878;-62.155830
34792877;-61.909401
34794877;-61.662399
34796981;-61.414749
34798898;-61.166527
34800893;-60.917706
34802893;-60.668243
34804896;-60.418217
34806896;-60.167564
34808913;-59.916348
34810902;-59.664505
34812892;-59.412109
34814891;-59.159134
34816897;-58.905529
34818911;-58.651386
34820878;-58.396626
34822877;-58.141327
34824878;-57.885448
34826872;-57.628967
34828876;-57.371990
34830918;-57.114376
34832893;-56.856228
34834891;-56.597485
34836893;-56.338223
34838895;-56.078403
34840917;-55.817993
34842879;-55.557068
34844875;-55.295555
34846874;-55.033539
34848879;-54.770977
34850878;-54.639454
34852915;-54.244198
34854900;-53.979980
34856897;-53.715279
34858890;-53.450001
34860894;-53.184235
34862913;-52.917946
34864878;-52.651096
34866879;-52.383762
34868875;-52.115868
34870878;-51.847504
34872879;-51.578636
34874910;-51.309212
34876897;-51.039322
34878896;-50.768887
34880897;-50.497990
34882897;-50.226559
34884909;-49.954666
34886880;-49.682285
34888881;-49.409370
34890871;-49.136013
34892875;-48.862125
34894875;-48.587799
34896917;-48.312996
34898896;-48.037670
34900897;-47.761909
34902897;-47.485641
34904894;-47.208942
34906906;-46.931778
34908875;-46.654110
34910873;-46.376026
34912877;-46.097439
34914875;-45.818439
34916882;-45.538944
34918915;-45.259045
34920898;-44.978695
34922895;-44.697865
34924900;-44.416630
34926891;-44.134918
34928915;-43.852810
34930878;-43.570271
34932878;-43.287258
34934870;-43.003864
34936872;-42.720039
34938875;-42.435799
34940905;-42.151093
34942882;-41.866016
34944880;-41.580528
34946878;-41.294582
34948874;-41.008274
34951075;-40.721519
34952901;-40.434402
34954899;-40.146889
34956895;-39.858932
34958888;-39.570629
34960892;-39.281891
34962919;-38.992809
34964885;-38.703300
34966873;-38.413452
34968877;-38.123226
34970876;-37.832577
34973083;-37.541599
34974905;-37.250210
34976896;-36.958492
34978895;-36.666412
34980895;-36.373924
34982898;-36.081123
34984914;-35.787922
34986883;-35.494415
34988878;-35.200508
34990872;-34.906300
34992875;-34.611748
34994880;-34.316807
34996911;-34.021576
34998897;-33.725964
35000900;-33.430061
35002894;-33.133827
35004896;-32.837227
35006917;-32.540344
35008878;-32.243095
35010872;-31.945574
35012873;-31.647692
35014871;-31.349543
35016913;-31.051085
35018881;-30.752274
35020876;-30.453205
35022876;-30.153790
35024874;-29.854124
35026879;-29.554165
35028903;-29.253864
35030874;-28.953323
35032880;-28.652451
35034876;-28.351339
35036878;-28.049904
35038913;-27.748236
35040883;-27.446297
35042871;-27.144039
35044877;-26.841604
35046877;-26.538816
35048879;-26.235809
35050914;-25.932545
35052900;-25.628975
35054895;-25.325203
35056894;-25.021133
35058894;-24.716862
35060910;-24.412348
35062875;-24.107544
35064872;-23.802551
35066878;-23.497276
35068878;-23.191816
35070986;-22.886080
35072903;-22.580164
35074893;-22.274027
35076896;-21.967623
35078890;-21.661047
35080895;-21.354214
35082900;-21.047215
35084877;-20.740007
35086869;-20.432549
35088877;-20.124935
35090876;-19.817076
35092913;-19.509069
35094877;-19.200823
35096873;-18.892433
35098872;-18.583858
35100880;-18.275051
35102919;-17.966110
35104886;-17.656948
35106882;-17.347656
35108878;-17.038193
35110872;-16.728516
35112879;-16.418720
35114916;-16.108715
35116899;-15.798600
35118897;-15.488279
35120898;-15.177855
35122895;-14.867279
35124911;-14.556509
35126875;-14.245645
35128877;-13.934591
35130875;-13.623447
35132878;-13.312168
35134873;-13.000711
35136913;-12.689175
35138900;-12.377464
35140900;-12.065679
35142893;-11.753728
35144895;-11.441707
35146915;-11.129574
35148874;-10.817284
35150879;-10.661121
35152875;-10.192480
35154874;-9.879926
35156873;-9.567274
35158914;-9.254481
35160901;-8.941644
35162894;-8.628671
35164892;-8.315660
35166894;-8.002520
35168911;-7.689348
35170881;-7.376100
35172873;-7.062732
35174878;-6.749341
35176870;-6.435838
35178873;-6.122317
35180915;-5.808736
35182903;-5.495050
35184894;-5.181358
35186892;-4.867567
35188894;-4.553775
35190913;-4.239939
35192879;-3.926013
35194874;-3.612096
35196879;-3.298096
35198881;-2.984111
35200877;-2.670048
35202915;-2.356008
35204902;-2.041943
35206897;-1.727811
35208899;-1.413710
35210900;-1.099547
35212915;-0.785421
35214882;-0.471287
35216877;-0.157100
35218874;0.157080
35220876;0.471237
35222998;0.785390
35224903;1.099535
35226891;1.256604
35228895;1.727790
35230898;2.041893
35232892;2.355976
35234915;2.670036
35236894;2.984070
35238892;3.298074
35240899;3.612046
35242895;3.925981
35244914;4.239879
35246878;4.553734
35248875;4.867544
35250869;5.181307
35252875;5.495018
35255078;5.808674
35256905;6.122274
35258894;6.435814
35260899;6.749289
35262893;7.062697
35264892;7.376038
35266912;7.689305
35268887;8.002495
35270872;8.315607
35272868;8.628635
35274872;8.941581
35276915;9.254436
35278871;9.567202
35280876;9.879873
35282873;10.192444
35284881;10.504917
35286875;10.817286
35288911;11.129548
35290896;11.441700
35292889;11.753738
35294896;12.065662
35296892;12.377467
35298918;12.689150
35300876;13.000705
35302877;13.312133
35304873;13.623430
35306869;13.934594
35308875;14.245617
35310917;14.556500
35312901;14.867243
35314896;15.177837
35316897;15.488280
35318895;15.798573
35320920;16.108707
35322885;16.418684
35324874;16.728498
35326877;17.038149
35328874;17.347628
35330981;17.656937
35332901;17.966076
35334897;18.275032
35336895;18.583811
35338897;18.892406
35340893;19.200811
35342910;19.509031
35344894;19.817057
35346893;20.124889
35348892;20.432520
35350897;20.739950
35352911;21.047176
35354876;21.354193
35356873;21.660999
35358873;21.967592
35360869;22.273970
35363073;22.580126
35364906;22.886059
35366898;23.191769
35368898;23.497246
35370903;23.802494
35372890;24.107506
35374903;24.412279
35376876;24.716812
35378874;25.021099
35380878;25.325144
35382868;25.628939
35384931;25.932476
35386914;26.235760
35388895;26.538784
35390900;26.841545
35392900;27.144045
35394893;27.446274
35396914;27.748230
35398898;28.049919
35400896;28.351324
35402892;28.652456
35404900;28.953299
35406912;29.253859
35408883;29.554132
35410876;29.854111
35412882;30.153793
35414872;30.453184
35416871;30.752268
35418911;31.051052
35420903;31.349527
35422897;31.647697
35424892;31.945551
35426896;32.243092
35428909;32.540310
35430875;32.837208
35432873;33.133785
35434875;33.430038
35436879;33.725952
35438928;34.021542
35440910;34.316792
35442898;34.611706
35444894;34.906273
35446897;35.200500
35448897;35.494377
35450918;35.787907
35452882;36.081081
35454880;36.373901
35456878;36.666363
35458877;36.958458
35460876;37.250191
35462912;37.541557
35464878;37.832550
35466876;38.123173
35468875;38.413418
35470881;38.703281
35472917;38.992767
35474877;39.281864
35476873;39.570580
35478874;39.858898
35480877;40.146824
35482879;40.434357
35484916;40.721493
35486901;41.008221
35488897;41.294548
35490894;41.580467
35492896;41.865971
35494982;42.151066
35496895;42.435749
35498895;42.720005
35500899;43.003841
35502894;43.287258
35504893;43.570240
35506914;43.852798
35508894;44.134922
35510901;44.416611
35512895;44.697861
35514893;44.978668
35516914;45.259033
35518879;45.538948
35520871;45.818417
35522875;46.097435
35524868;46.375996
35526873;46.654099
35528912;46.931744
35530898;47.208927
35532894;47.485634
35534894;47.761883
35536895;48.037659
35538915;48.312958
35540879;48.587780
35542876;48.862122
35544875;49.135986
35546876;49.409363
35548875;49.682243
35550917;49.954647
35552896;50.226551
35554894;50.497963
35556894;50.768871
35558898;51.039284
35560911;51.309193
35562877;51.578583
35564880;51.847477
35566870;52.115856
35568878;52.383720
35570875;52.651070
35572912;52.917896
35574897;53.184204
35576894;53.449982
35578897;53.715237
35580897;53.979958
35582915;54.244156
35584874;54.507809
35586874;54.770924
35588881;55.033501
35590876;55.295532
35592997;55.557018
35594903;55.817963
35596897;56.078350
35598893;56.338184
35600894;56.597466
35602893;56.856178
35604916;57.114338
35606881;57.371937
35608878;57.628967
35610877;57.885426
35612877;58.141319
35614911;58.396633
35616875;58.651371
35618873;58.905529
35620874;59.159111
35622869;59.412106
35624873;59.664516
35626916;59.916336
35628904;60.167557
35630901;60.418190
35632895;60.668228
35634891;60.917671
35636921;61.166508
35638875;61.414749
35640870;61.662376
35642875;61.909389
35644880;62.155800
35646877;62.401592
35648917;62.646778
35650906;62.891342
35652898;63.135277
35654892;63.378597
35656894;63.621284
35658914;63.863350
35660880;64.104782
35662870;64.345589
35664876;64.465744
35666875;64.825279
35668878;65.064171
35670912;65.302414
35672899;65.540009
35674897;65.776978
35676896;66.013275
35678888;66.248932
35680914;66.483932
35682875;66.718277
35684879;66.951958
35686876;67.184982
35688880;67.417351
35690935;67.649040
35692913;67.880074
35694899;68.110428
35696896;68.340118
35698893;68.569130
35700894;68.797462
35702917;69.025124
35704902;69.252098
35706895;69.478394
35708894;69.703995
35710900;69.928909
35712910;70.153137
35714874;70.376678
35716873;70.599518
35718873;70.821655
35720878;71.043106
35722878;71.263847
35724913;71.483887
35726894;71.703224
35728899;71.921852
35730898;72.139778
35732894;72.356972
35734917;72.573471
35736878;72.789238
35738875;73.004303
35740881;73.218636
35742878;73.432251
35744879;73.645142
35746914;73.857300
35748897;74.068741
35750898;74.174179
35752894;74.489403
35754895;74.698639
35756916;74.907135
35758881;75.114891
35760881;75.321915
35762872;75.528183
35764871;75.733711
35766873;75.938484
35768915;76.142517
35770908;76.345795
35772895;76.548325
35774895;76.750092
35776894;76.951103
35778910;77.151352
35780875;77.350845
35782881;77.549568
35784881;77.747536
35786875;77.944733
35788870;78.141159
35790915;78.336807
35792897;78.531693
35794896;78.725800
35796893;78.919128
35798894;79.111679
35801105;79.303452
35802903;79.494438
35804898;79.684631
35806894;79.874054
35808895;80.062675
35810900;80.250511
35812913;80.437561
35814876;80.623810
35816877;80.809273
35818877;80.993927
35820874;81.177780
35822987;81.360840
35824896;81.543091
35826899;81.724548
35828890;81.905190
35830898;82.085022
35832900;82.264038
35834912;82.442261
35836896;82.619659
35838894;82.796242
35840897;82.972015
35842895;83.146957
35844914;83.321083
35846879;83.494392
35848876;83.666870
35850872;83.838524
35852873;84.009354
35854872;84.179352
35856913;84.348526
35858899;84.516853
35860897;84.684349
35862893;84.851013
35864892;85.016846
35866914;85.181831
35868874;85.345985
35870875;85.509285
35872870;85.671745
35874874;85.833366
35876875;85.994133
35878909;86.154045
35880903;86.313118
35882895;86.471336
35884894;86.628700
35886892;86.785210
35888908;86.940865
35890877;87.095657
35892873;87.249596
35894875;87.402672
35896873;87.554886
35898998;87.706230
35900904;87.856712
35902894;88.006325
35904895;88.155075
35906897;88.302948
35908894;88.449944
35910902;88.596085
35912875;88.741341
35914876;88.885719
35916878;89.029221
35918875;89.171852
35920987;89.313599
35922902;89.454460
35924895;89.594444
35926898;89.733536
35928895;89.871750
35930898;90.009079
35932910;90.145508
35934874;90.281052
35936872;90.415710
35938875;90.549469
35940874;90.682343
35942991;90.814316
35944901;90.945389
35946896;91.075569
35948897;91.204857
35950902;91.333237
35952895;91.460716
35954916;91.587296
35956879;91.712967
35958881;91.837730
35960875;91.961594
35962878;92.084541
35964931;92.206589
35966901;92.327728
35968876;92.447952
35970876;92.567261
35972871;92.685661
35974873;92.803139
35976909;92.861542
35978879;93.035355
35980875;93.150093
35982878;93.263908
35984881;93.376793
35986873;93.488762
35988917;93.599808
35990902;93.709930
35992893;93.819130
35994892;93.927406
35996893;94.034752
35998915;94.141167
36000879;94.246658
36002880;94.351212
36004875;94.454842
36006876;94.557541
36008876;94.659302
36010914;94.760132
36012897;94.860016
36014891;94.958969
36016895;95.056992
36018891;95.154076
36020908;95.250214
36022879;95.345421
36024869;95.439682
36026874;95.532997
36028875;95.625374
36030914;95.716805
36032876;95.807289
36034881;95.896835
36036871;95.985428
36038872;96.073074
36040881;96.159775
36042904;96.245529
36044878;96.330322
36046876;96.414169
36048879;96.497070
36050880;96.538162
36052981;96.660011
36054899;96.740051
36056894;96.819130
36058899;96.897263
36060896;96.974442
36062890;97.050652
36064913;97.125908
36066877;97.200203
36068880;97.273544
36070876;97.345917
36072877;97.417343
36074990;97.487793
36076899;97.557297
36078898;97.625824
36080898;97.693390
36082893;97.759995
36084893;97.825638
36086910;97.890305
36088882;97.954018
36090877;98.016754
36092879;98.078529
36094873;98.139336
36096917;98.199173
36098876;98.258034
36100879;98.315933
36102873;98.372864
36104877;98.428818
36106875;98.483810
36108911;98.537819
36110903;98.590858
36112896;98.642929
36114895;98.694023
36116896;98.744141
36118915;98.793289
36120883;98.841454
36122879;98.888649
36124880;98.934868
36126876;98.980110
36128878;99.024376
36130913;99.067665
36132896;99.109970
36134891;99.151306
36136894;99.191658
36138895;99.231033
36140911;99.269432
36142877;99.306847
36144874;99.343285
36146876;99.378738
36148874;99.413208
36150981;99.446701
36152908;99.479218
36154894;99.510742
36156897;99.541290
36158898;99.570862
36160896;99.599442
36162911;99.627037
36164891;99.653656
36166896;99.679283
36168888;99.703934
36170901;99.727600
36172911;99.750282
36174881;99.771973
36176873;99.792686
36178880;99.812408
36180881;99.831154
36182880;99.848907
36184912;99.865685
36186901;99.881462
36188896;99.896263
36190896;99.910072
36192890;99.922905
36194916;99.934746
36196880;99.945602
36198885;99.955467
36200879;99.960030
36202876;99.972244
36204875;99.979149
36206915;99.985077
36208897;99.990005
36210902;99.993958
36212899;99.996918
36214892;99.998894
36216928;99.999878
36218895;99.999878
36220903;99.998894
36222892;99.996918
36224894;99.993958
36226898;99.990005
36228909;99.985077
36230901;99.979149
36232897;99.972244
36234894;99.964348
36236894;99.955467
36238913;99.945602
36240873;99.934746
36242875;99.922905
36244873;99.910072
36246882;99.896263
36248876;99.881462
36250914;99.865685
36252903;99.848907
36254896;99.831154
36256894;99.812408
36258896;99.792686
36260913;99.771973
36262876;99.750282
36264878;99.727600
36266883;99.703941
36268873;99.679283
36270879;99.653656
36272917;99.627037
36274899;99.599442
36276892;99.570862
36278898;99.541298
36280897;99.510750
36282913;99.479218
36284883;99.446701
36286874;99.413208
36288874;99.378738
36290882;99.343285
36292911;99.306847
36294875;99.269432
36296882;99.231033
36298875;99.191666
36300879;99.151306
36302874;99.109978
36304909;99.067673
36306895;99.024376
36308895;98.980110
36310899;98.934868
36312899;98.888657
36314998;98.841461
36316899;98.793289
36318891;98.744141
36320900;98.694023
36322899;98.642929
36324889;98.590866
36326907;98.537819
36328879;98.483810
36330874;98.428818
36332874;98.372864
36334871;98.315941
36336916;98.258041
36338882;98.199173
36340880;98.139343
36342875;98.078529
36344877;98.016754
36346871;97.954018
36348915;97.890312
36350903;97.825638
36352892;97.759995
36354893;97.693398
36356892;97.625824
36358909;97.557297
36360881;97.487801
36362874;97.417343
36364878;97.345932
36366873;97.273544
36368877;97.200211
36370920;97.125916
36372899;97.050652
36374896;96.974442
36376895;96.897270
36378896;96.819138
36380914;96.740051
36382872;96.660019
36384880;96.579018
36386877;96.497078
36388873;96.414177
36390880;96.330330
36392913;96.245529
36394895;96.159782
36396895;96.073082
36398896;95.985428
36400900;95.896843
36402913;95.807297
36404874;95.716812
36406870;95.625374
36408882;95.533005
36410879;95.439682
36412871;95.345428
36414907;95.250221
36416895;95.154076
36418897;95.057007
36420898;94.958984
36422894;94.860031
36424911;94.760132
36426897;94.659302
36428898;94.557549
36430902;94.454849
36432893;94.351219
36434907;94.246666
36436878;94.141174
36438874;94.034752
36440878;93.927414
36442878;93.819138
36444875;93.709938
36446917;93.599823
36448895;93.488770
36450901;93.376801
36452895;93.263916
36454892;93.150101
36456917;93.035362
36458880;92.919716
36460878;92.803146
36462875;92.685661
36464874;92.567268
36466876;92.447952
36468904;92.327728
36470880;92.206596
36472870;92.084557
36474873;91.961601
36476877;91.837738
36478925;91.712967
36480894;91.587296
36482877;91.460724
36484875;91.333237
36486879;91.204857
36488871;91.075584
36490919;90.945396
36492875;90.814323
36494878;90.682343
36496873;90.549477
36498877;90.415726
36500880;90.348503
36502916;90.145515
36504897;90.009079
36506894;89.871750
36508891;89.733551
36510900;89.594452
36512915;89.454468
36514877;89.313599
36516878;89.171860
36518873;89.029228
36520876;88.885727
36522879;88.741348
36524908;88.596085
36526894;88.449951
36528892;88.302948
36530898;88.155067
36532895;88.006332
36534907;87.856712
36536878;87.706230
36538877;87.554893
36540874;87.402679
36542873;87.249603
36544877;87.095680
36546920;86.940880
36548903;86.785217
36550896;86.628708
36552892;86.471344
36554896;86.313126
36556915;86.154068
36558878;85.994141
36560880;85.833374
36562874;85.671753
36564881;85.509285
36566912;85.345985
36568877;85.181847
36570879;85.016853
36572874;84.851021
36574876;84.684357
36576875;84.516853
36578911;84.348511
36580899;84.179352
36582897;84.009354
36584897;83.838524
36586892;83.666870
36588910;83.494385
36590878;83.321075
36592875;83.146980
36594873;82.972023
36596878;82.796249
36598876;82.619667
36600917;82.442268
36602899;82.264053
36604895;82.085037
36606897;81.905197
36608892;81.724556
36610914;81.543098
36612874;81.360847
36614873;81.177780
36616878;80.993942
36618877;80.809280
36620874;80.623817
36622908;80.437561
36624879;80.250511
36626877;80.062675
36628876;79.874062
36630881;79.684647
36632911;79.494438
36634885;79.303452
36636876;79.111679
36638877;78.919128
36640877;78.725800
36642873;78.531693
36644912;78.336807
36646900;78.141167
36648898;77.944740
36650902;77.747559
36652888;77.549591
36654915;77.350861
36656874;77.151367
36658876;76.951111
36660878;76.750099
36662873;76.548340
36664877;76.345810
36666912;76.142532
36668900;75.938499
36670903;75.733719
36672891;75.528183
36674897;75.321922
36676907;75.114906
36678878;74.907150
36680878;74.698647
36682875;74.489410
36684873;74.279442
36686873;74.068748
36688915;73.857307
36690902;73.645142
36692902;73.432251
36694896;73.218636
36696894;73.004295
36698914;72.789253
36700882;72.573486
36702875;72.356995
36704876;72.139786
36706874;71.921860
36708877;71.703232
36710916;71.483910
36712899;71.263863
36714893;71.043121
36716891;70.821671
36718891;70.599525
36720919;70.376678
36722882;70.153160
36724875;69.928932
36726877;69.816551
36728880;69.478401
36730875;69.252106
36732913;69.025124
36734897;68.797478
36736897;68.569145
36738896;68.340126
36740901;68.110435
36742913;67.880074
36744884;67.649040
36746874;67.417358
36748871;67.184998
36750871;66.951965
36752877;66.718277
36754915;66.483948
36756900;66.248940
36758896;66.013298
36760896;65.776993
36762898;65.540031
36764917;65.302429
36766877;65.064178
36768868;64.825287
36770875;64.585777
36772870;64.345604
36774876;64.104805
36776913;63.863361
36778902;63.621296
36780900;63.378597
36782894;63.135296
36784894;62.891354
36786911;62.646790
36788878;62.401604
36790877;62.155807
36792871;61.909397
36794876;61.662388
36796986;61.414753
36798901;61.166519
36800894;61.042183
36802896;60.668228
36804899;60.418213
36806894;60.167568
36808910;59.916359
36810898;59.664536
36812898;59.412121
36814895;59.159122
36816893;58.905560
36818989;58.651394
36820901;58.396656
36822902;58.141335
36824893;57.885437
36826895;57.628979
36828895;57.371964
36830913;57.114365
36832877;56.856201
36834874;56.597477
36836873;56.338192
36838874;56.078358
36840916;55.817978
36842879;55.557037
36844880;55.295544
36846873;55.033512
36848876;54.770927
36850878;54.507809
36852912;54.244167
36854897;53.979977
36856892;53.715248
36858898;53.449989
36860900;53.184204
36862916;52.917915
36864884;52.651100
36866871;52.383751
36868875;52.115883
36870875;51.847500
36872872;51.578606
36874912;51.309196
36876897;51.039307
36878898;50.768894
36880897;50.497978
36882896;50.226570
36884909;49.954655
36886886;49.682255
36888872;49.409382
36890874;49.136005
36892872;48.862137
36894876;48.587791
36896916;48.312962
36898905;48.037659
36900903;47.761898
36902896;47.485649
36904894;47.208931
36906916;46.931747
36908877;46.654099
36910878;46.375992
36912872;46.097446
36914879;45.818428
36916988;45.538975
36918904;45.259052
36920899;44.978683
36922895;44.697872
36924892;44.416637
36926893;44.134945
36928915;43.852818
36930903;43.570255
36932894;43.287266
36934892;43.003849
36936894;42.720028
36938915;42.435760
36940877;42.151081
36942880;41.865982
36944872;41.580467
36946874;41.294567
36948933;41.008240
36950911;40.721504
36952898;40.434368
36954894;40.146832
36956892;39.858898
36958895;39.570599
36960917;39.281879
36962876;38.992775
36964873;38.703285
36966877;38.413418
36968869;38.123165
36970915;37.832584
36972878;37.541588
36974875;37.250214
36976879;36.958477
36978875;36.666374
36980873;36.373913
36982914;36.081112
36984893;35.787930
36986899;35.494400
36988896;35.200516
36990904;34.906284
36992910;34.611710
36994877;34.316818
36996875;34.021561
36998878;33.725971
37000871;33.430046
37002875;33.133793
37004913;32.837212
37006898;32.540329
37008894;32.243107
37010896;31.945559
37012898;31.647699
37014913;31.349527
37016880;31.051048
37018875;30.752283
37020872;30.453190
37022876;30.153799
37024873;29.854134
37026911;29.554150
37028900;29.253874
37030897;28.953331
37032896;28.652481
37034893;28.351349
37036915;28.049934
37038879;27.748245
37040884;27.446281
37042874;27.144072
37044877;26.841568
37046910;26.538801
37048875;26.235771
37050878;25.932482
37052873;25.628939
37054877;25.325165
37056871;25.021118
37058914;24.716824
37060898;24.412287
37062891;24.107508
37064894;23.802490
37066896;23.497261
37068918;23.191778
37070877;22.886066
37072881;22.580128
37074874;22.273966
37076875;21.967585
37078876;21.661034
37080919;21.354221
37082892;21.047199
37084895;20.739969
37086896;20.432533
37088891;20.124922
37090909;19.817085
37092870;19.509054
37094874;19.200832
37096873;18.892418
37098877;18.583818
37100912;18.275061
37102875;17.966097
37104873;17.656956
37106874;17.347641
37108880;17.038157
37110877;16.728500
37112916;16.418705
37114894;16.108725
37116895;15.798585
37118900;15.488288
37120895;15.177840
37122910;14.867240
37124879;14.556519
37126872;14.245629
37128871;13.934599
37130877;13.623433
37132868;13.312154
37134913;13.000721
37136899;12.689183
37138895;12.377496
37140896;12.065687
37142896;11.753759
37144914;11.441715
37146871;11.129559
37148873;10.817315
37150871;10.504942
37152875;10.192464
37154877;9.879887
37156916;9.567211
37158900;9.254441
37160900;8.941605
37162894;8.628655
37164895;8.315620
37166911;8.002504
37168878;7.689308
37170869;7.376037
37172873;7.062716
37174870;6.749302
37176872;6.435822
37178913;6.122278
37180899;5.808673
37182893;5.495012
37184896;5.181319
37186896;4.867576
37188910;4.553761
37190875;4.239901
37192876;3.925998
37194880;3.612057
37196872;3.298105
37198918;2.984096
37200880;2.670057
37202875;2.355993
37204871;2.041904
37206875;1.727796
37208873;1.413695
37210914;1.099556
37212894;0.785405
37214891;0.471248
37216893;0.157085
37218898;-0.157079
37220989;-0.471218
37222904;-0.785375
37224896;-1.099525
37226897;-1.413665
37228895;-1.727790
37230898;-2.041898
37232912;-2.355963
37234893;-2.670027
37236894;-2.984066
37238894;-3.298074
37240897;-3.612027
37242915;-3.925944
37244876;-4.239846
37246876;-4.553706
37248876;-4.867522
37250874;-5.024400
37252875;-5.495005
37254913;-5.808643
37256904;-6.122248
37258896;-6.435792
37260898;-6.749272
37262893;-7.062686
37264909;-7.376031
37266878;-7.689279
37268876;-8.002474
37270875;-8.315591
37272875;-8.628626
37274879;-8.941574
37276915;-9.254436
37278901;-9.567182
37280904;-9.879857
37282892;-10.192435
37284892;-10.504911
37286910;-10.817286
37288874;-11.129552
37290880;-11.441686
37292878;-11.753706
37294880;-12.065634
37296917;-12.377443
37298877;-12.689130
37300879;-13.000690
37302875;-13.312101
37304875;-13.623403
37306874;-13.934570
37308913;-14.245600
37310899;-14.556490
37312895;-14.867234
37314893;-15.177811
37316895;-15.488259
37318911;-15.798555
37320877;-16.108694
37322875;-16.418676
37324874;-16.728497
37326871;-17.038126
37328873;-17.347612
37330916;-17.656927
37332897;-17.966068
37334896;-18.275030
37336893;-18.583813
37338890;-18.892389
37340913;-19.200802
37342879;-19.509026
37344875;-19.817057
37346871;-20.124868
37348871;-20.432505
37350882;-20.739916
37352912;-21.047146
37354897;-21.354168
37356893;-21.660980
37358893;-21.967579
37360899;-22.273960
37362919;-22.580097
37364880;-22.886036
37366880;-23.191748
37368877;-23.497232
37370878;-23.802485
37372872;-24.107500
37374912;-24.412256
37376894;-24.716795
37378895;-25.021088
37380895;-25.325138
37382898;-25.628933
37384908;-25.932476
37386877;-26.235741
37388873;-26.538771
37390879;-26.841539
37392871;-27.144041
37394878;-27.446276
37396916;-27.748240
37398894;-28.049908
37400902;-28.351297
37402892;-28.652430
37404890;-28.953281
37406913;-29.253843
37408876;-29.554098
37410883;-29.854084
37412874;-30.153772
37414876;-30.453163
37416927;-30.752254
37418911;-31.051043
37420898;-31.349501
37422895;-31.647673
37424890;-31.945532
37426899;-32.243076
37428910;-32.540302
37430880;-32.837208
37432880;-33.133766
37434875;-33.430019
37436877;-33.725945
37439016;-34.021534
37440903;-34.316792
37442895;-34.611706
37444898;-34.906258
37446897;-35.200489
37448893;-35.494373
37450915;-35.787903
37452871;-36.081081
37454874;-36.373882
37456874;-36.666325
37458876;-36.958427
37460914;-37.250168
37462878;-37.541534
37464877;-37.832535
37466876;-38.123161
37468876;-38.413387
37470874;-38.703259
37472912;-38.992748
37474896;-39.281853
37476892;-39.426250
37478893;-39.858894
37480901;-40.146805
37482901;-40.434341
37484877;-40.721478
37486877;-41.008209
37488878;-41.294540
37490881;-41.580467
37492988;-41.865955
37494908;-42.151054
37496899;-42.435734
37498892;-42.720001
37500898;-43.003841
37502898;-43.287262
37504911;-43.570229
37506876;-43.852791
37508878;-44.134895
37510880;-44.416592
37512870;-44.697845
37514871;-44.978657
37516919;-45.259007
37518895;-45.538925
37520899;-45.818401
37522896;-46.097420
37524890;-46.375988
37526910;-46.654095
37528871;-46.931721
37530874;-47.208904
37532877;-47.485622
37534874;-47.761871
37536914;-48.037647
37538874;-48.312950
37540876;-48.587757
37542874;-48.862106
37544875;-49.135971
37546876;-49.409351
37548916;-49.682243
37550901;-49.954624
37552894;-50.226532
37554895;-50.497948
37556895;-50.768864
37558917;-51.039280
37560878;-51.309193
37562878;-51.578552
37564876;-51.847446
37566875;-52.115829
37568878;-52.383698
37570916;-52.651054
37572901;-52.917885
37574893;-53.184174
37576891;-53.449959
37578894;-53.715218
37580910;-53.979946
37582876;-54.244137
37584877;-54.507797
37586872;-54.770897
37588886;-55.033482
37590870;-55.295517
37592917;-55.557007
37594895;-55.817951
37596896;-56.078346
37598891;-56.338161
37600901;-56.597446
37602918;-56.856174
37604875;-57.114334
37606877;-57.371933
37608874;-57.628967
37610873;-57.885414
37612877;-58.141304
37614915;-58.396626
37616900;-58.651344
37618895;-58.905514
37620898;-59.159096
37622896;-59.412075
37624914;-59.664490
37626880;-59.916313
37628879;-60.167545
37630878;-60.418182
37632874;-60.668224
37634880;-60.917645
37636915;-61.166489
37638897;-61.414730
37640898;-61.662357
37642895;-61.909382
37644898;-62.155796
37646912;-62.401573
37648877;-62.646759
37650879;-62.891323
37652870;-63.135265
37654872;-63.378590
37656869;-63.621284
37658916;-63.863338
37660898;-64.104774
37662896;-64.345573
37664888;-64.585747
37666893;-64.705582
37668911;-65.064171
37670874;-65.302383
37672875;-65.539993
37674873;-65.776947
37676869;-66.013260
37678877;-66.248917
37680912;-66.483917
37682895;-66.718254
37684895;-66.951942
37686892;-67.184967
37688896;-67.417336
37690916;-67.649033
37692884;-67.880043
37694876;-68.110413
37696884;-68.340096
37698876;-68.569115
37700880;-68.683365
37702914;-69.025116
37704896;-69.252083
37706892;-69.478378
37708895;-69.703987
37710898;-69.928902
37712914;-70.153137
37714877;-70.376678
37716876;-70.599503
37718877;-70.821648
37720875;-71.043098
37722915;-71.263847
37724874;-71.483871
37726879;-71.703209
37728874;-71.921829
37730874;-72.139755
37732874;-72.356949
37734913;-72.573456
37736899;-72.789230
37738900;-73.004295
37740898;-73.218613
37742892;-73.432228
37744913;-73.645126
37746881;-73.857292
37748870;-74.068726
37750876;-74.279434
37752874;-74.489388
37754930;-74.698624
37756913;-74.907127
37758898;-75.114883
37760901;-75.321899
37762895;-75.528183
37764895;-75.733711
37766909;-75.938477
37768884;-76.142525
37770886;-76.345787
37772870;-76.548302
37774875;-76.750092
37776920;-76.951096
37778878;-77.151337
37780879;-77.350845
37782868;-77.549561
37784874;-77.747513
37786876;-77.944717
37788910;-78.141136
37790880;-78.336807
37792875;-78.531677
37794876;-78.725777
