Timestamp;.superwatch_ch00
0;4.867576
2146;4.396848
4113;4.082967
6110;3.769045
8133;3.455086
10114;3.141093
12110;2.827068
14114;2.513040
16114;2.198963
18130;1.884865
20164;1.570747
22122;1.256615
24170;0.942470
26124;0.628339
28137;0.314179
30117;0.000015
32111;-0.314149
34111;-0.628309
36160;-0.942463
38152;-1.099525
40131;-1.570717
42128;-1.884835
44129;-2.198933
46156;-2.513010
48129;-2.827062
50115;-3.141062
52110;-3.455031
54111;-3.768990
56201;-4.082912
58147;-4.396794
60139;-4.710632
62131;-5.024400
64125;-5.338142
66134;-5.651831
68172;-5.965465
70135;-6.279039
72133;-6.592552
74130;-6.905976
76133;-7.219356
78167;-7.532664
80119;-7.845898
82110;-8.159054
84108;-8.472131
86108;-8.785099
88170;-9.098004
90112;-9.410820
92111;-9.723543
94114;-10.036171
96112;-10.348699
98128;-10.661099
100165;-10.973421
102141;-11.285633
104140;-11.597733
106137;-11.909697
108153;-12.221565
110160;-12.533291
112114;-12.844914
114112;-13.156412
116109;-13.467780
118130;-13.779016
120169;-14.090115
122159;-14.401050
124139;-14.711868
126135;-15.022542
128147;-15.333065
130134;-15.643438
132154;-15.953633
134119;-16.263695
136113;-16.573595
138135;-16.883331
140111;-17.192902
142203;-17.502304
144132;-17.811506
146130;-18.120560
148150;-18.429432
150139;-18.738123
152134;-19.046631
154157;-19.354950
156130;-19.663054
158151;-19.970985
160131;-20.278700
162134;-20.586235
164153;-20.893570
166118;-21.200695
168124;-21.507589
170110;-21.814295
172117;-22.120785
174114;-22.427057
176161;-22.733107
178157;-23.038933
180134;-23.344507
182130;-23.649876
184134;-23.955011
186159;-24.259909
188123;-24.412256
190111;-24.868984
192110;-25.173134
194115;-25.477055
196115;-25.780725
198170;-26.084143
200137;-26.387300
202133;-26.690201
204134;-26.992813
206133;-27.295181
208168;-27.597281
210121;-27.899107
212117;-28.200659
214112;-28.501909
216118;-28.802877
218122;-29.103586
220168;-29.404009
222138;-29.704138
224140;-30.003973
226137;-30.303516
228149;-30.602736
230158;-30.901674
232115;-31.200310
234112;-31.498638
236116;-31.796652
238127;-32.094357
240110;-32.391720
242158;-32.688786
244136;-32.985527
246135;-33.281944
248146;-33.578033
250132;-33.873791
252166;-34.169189
254111;-34.464279
256115;-34.759026
258129;-35.053425
260114;-35.347485
262111;-35.641193
264156;-35.934525
266136;-36.227528
268151;-36.520149
270134;-36.812435
272131;-37.104355
274161;-37.395885
276121;-37.687073
278126;-37.977882
280114;-38.268322
282112;-38.558380
284113;-38.848064
286159;-39.137337
288147;-39.281853
290129;-39.714767
292131;-40.002899
294132;-40.290634
296160;-40.577969
298125;-40.864883
300110;-41.151417
302114;-41.437542
304109;-41.723259
306111;-42.008568
308171;-42.293461
310139;-42.577911
312135;-42.861965
314136;-43.145596
316131;-43.428799
318173;-43.711575
320139;-43.993919
322132;-44.275787
324132;-44.557262
326132;-44.838295
328169;-45.118885
330115;-45.399033
332114;-45.678730
334117;-45.957954
336117;-46.236752
338130;-46.375988
340170;-46.792965
342137;-47.070381
344138;-47.347332
346135;-47.623795
348143;-47.899811
350162;-48.175350
352119;-48.450413
354112;-48.725002
356113;-48.999111
358121;-49.272713
360112;-49.545849
362157;-49.818497
364135;-50.090652
366131;-50.362312
368150;-50.633476
370135;-50.904125
372161;-51.174290
374110;-51.443947
376110;-51.713074
378123;-51.981712
380106;-52.249836
382161;-52.517433
384157;-52.784519
386133;-53.051098
388145;-53.317142
390134;-53.582661
392132;-53.847660
394159;-54.112095
396114;-54.376022
398132;-54.639416
400111;-54.902267
402113;-55.164574
404319;-55.426342
406140;-55.687542
408147;-55.948212
410138;-56.208324
412134;-56.467884
414130;-56.726891
416148;-56.985329
418132;-57.243191
420120;-57.500511
422110;-57.757259
424109;-58.013439
426156;-58.269047
428126;-58.524078
430115;-58.778496
432114;-59.032368
434115;-59.285660
436111;-59.538364
438174;-59.790482
440137;-59.916313
442133;-60.292923
444132;-60.543270
446135;-60.793011
448168;-61.042152
450114;-61.290695
452113;-61.538612
454112;-61.785934
456112;-62.032658
458184;-62.278767
460165;-62.524254
462142;-62.769127
464136;-63.013363
466134;-63.256996
468147;-63.500004
470156;-63.742386
472117;-63.984142
474115;-64.225266
476106;-64.465729
478122;-64.705582
480165;-64.944801
482158;-65.183365
484133;-65.421280
486132;-65.658554
488149;-65.776947
490129;-66.131157
492163;-66.366493
494106;-66.601166
496112;-66.835190
498126;-67.068550
500114;-67.301224
502229;-67.533264
504137;-67.764626
506136;-67.995323
508149;-68.225349
510131;-68.454704
512128;-68.683365
514159;-68.911362
516131;-69.138680
518148;-69.365326
520133;-69.591270
522135;-69.816536
524159;-70.041100
526118;-70.264984
528127;-70.488174
530113;-70.710670
532115;-70.932472
534117;-71.153572
536162;-71.373947
538155;-71.483871
540135;-71.812607
542130;-72.030884
544135;-72.248444
546217;-72.465302
548153;-72.681419
550133;-72.896843
552134;-73.111549
554133;-73.325523
556127;-73.538780
558168;-73.751305
560116;-73.963097
562112;-74.174164
564114;-74.384499
566111;-74.594101
568180;-74.802979
570161;-75.011101
572142;-75.218483
574142;-75.425125
576140;-75.631035
578155;-75.836189
580147;-76.040581
582118;-76.244255
584113;-76.447144
586112;-76.649307
588129;-76.850685
590161;-77.051308
592107;-77.251175
594115;-77.450302
596111;-77.648628
598125;-77.846230
600113;-78.043022
602159;-78.239052
604129;-78.434334
606128;-78.628822
608148;-78.822556
610131;-79.015488
612154;-79.207634
614112;-79.399033
616113;-79.589615
618128;-79.779442
620118;-79.968452
622109;-80.156693
624155;-80.344131
626135;-80.530762
628146;-80.716637
630132;-80.901680
632132;-81.085953
634157;-81.269409
636113;-81.452049
638124;-81.543098
640116;-81.814957
642117;-81.995216
644115;-82.174629
646157;-82.353264
648149;-82.531059
650132;-82.708046
652133;-82.884232
654132;-83.059578
656161;-83.234131
658137;-83.407837
660108;-83.580719
662118;-83.752808
664116;-83.924034
666114;-84.094467
668179;-84.264030
670135;-84.432808
672131;-84.600685
674133;-84.767761
676128;-84.934021
678177;-85.099419
680120;-85.264000
682115;-85.427719
684113;-85.590591
686116;-85.752647
688122;-85.913834
690168;-86.074188
692145;-86.233673
694143;-86.392334
696139;-86.550117
698149;-86.707047
700160;-86.863136
702115;-87.018356
704115;-87.172737
706110;-87.326225
708125;-87.478867
710114;-87.630653
712160;-87.781563
714141;-87.931618
716134;-88.080795
718146;-88.229118
720139;-88.376549
722165;-88.523109
724116;-88.668816
726110;-88.813629
728127;-88.957581
730110;-89.100639
732111;-89.242813
734162;-89.384140
736140;-89.524551
738149;-89.664101
740133;-89.802750
742132;-89.940506
744160;-90.077400
746116;-90.213379
748128;-90.348495
750114;-90.482697
752110;-90.616020
754113;-90.748444
756157;-90.879959
758151;-91.010597
760130;-91.140320
762133;-91.269165
764133;-91.397079
766155;-91.524109
768127;-91.650238
770117;-91.775452
772113;-91.899780
774111;-92.023178
776162;-92.145691
778164;-92.267273
780130;-92.387924
782135;-92.507706
784131;-92.626556
786133;-92.744507
788166;-92.803131
790114;-92.977623
792116;-93.092827
794109;-93.207092
796111;-93.320450
798124;-93.432877
800167;-93.544403
802145;-93.654976
804137;-93.764633
806132;-93.873383
808142;-93.981186
810152;-94.088074
812112;-94.194016
814109;-94.299034
816112;-94.403145
818123;-94.506294
820112;-94.608536
822160;-94.709824
824139;-94.810196
826133;-94.909607
828150;-95.008095
830137;-95.105652
832157;-95.202255
834119;-95.297935
836119;-95.392662
838123;-95.486443
840111;-95.579300
842112;-95.671204
844158;-95.762169
846135;-95.852180
848146;-95.941254
850135;-96.029373
852133;-96.116539
854155;-96.202766
856119;-96.288040
858125;-96.372375
860113;-96.455742
862119;-96.538162
864113;-96.619637
866161;-96.700150
868152;-96.779716
870126;-96.858315
872128;-96.935974
874133;-97.012665
876160;-97.088394
878124;-97.163177
880110;-97.236992
882109;-97.309860
884109;-97.381752
886201;-97.452690
888147;-97.522659
890130;-97.591667
892132;-97.659721
894135;-97.726807
896133;-97.792923
898170;-97.858086
900132;-97.922272
902135;-97.985497
904129;-98.047760
906127;-98.109047
908171;-98.169365
910115;-98.228714
912109;-98.287109
914111;-98.344513
916112;-98.400963
918121;-98.456429
920150;-98.510925
922122;-98.564461
924116;-98.617012
926119;-98.668594
928135;-98.719200
930214;-98.768837
932134;-98.817490
934129;-98.865166
936130;-98.911880
938145;-98.934868
940130;-99.002365
942156;-99.046143
944115;-99.088936
946117;-99.130760
948120;-99.171600
950112;-99.211472
952220;-99.250351
954137;-99.288261
956126;-99.325188
958144;-99.361130
960132;-99.396095
962133;-99.430077
964157;-99.463081
966119;-99.495102
968128;-99.526138
970120;-99.556198
972113;-99.585274
974157;-99.613365
976115;-99.640472
978127;-99.666595
980112;-99.691734
982115;-99.715889
984166;-99.739059
986160;-99.761246
988153;-99.782455
990134;-99.802673
992126;-99.821907
994132;-99.840157
996157;-99.857414
998134;-99.873695
1000113;-99.888985
1002114;-99.903290
1004117;-99.916611
1006156;-99.928947
1008128;-99.940292
1010113;-99.950653
1012109;-99.960030
1014114;-99.968414
1016111;-99.975815
1018176;-99.982231
1020134;-99.987663
1022131;-99.992104
1024130;-99.995560
1026131;-99.998024
1028171;-99.999504
1030118;-100.000000
1032114;-99.999504
1034113;-99.998024
1036110;-99.995560
1038128;-99.993958
1040164;-99.987663
1042142;-99.982239
1044136;-99.975815
1046136;-99.968422
1048149;-99.960030
1050161;-99.950661
1052115;-99.940292
1054114;-99.928955
1056113;-99.916611
1058130;-99.903297
1060108;-99.888985
1062158;-99.873695
1064131;-99.857422
1066135;-99.840157
1068142;-99.821907
1070136;-99.802673
1072152;-99.782455
1074121;-99.761253
1076119;-99.739059
1078123;-99.715897
1080111;-99.691734
1082107;-99.666595
1084153;-99.640472
1086131;-99.613365
1088139;-99.599442
1090131;-99.556198
1092126;-99.526146
1094161;-99.495102
1096119;-99.463081
1098128;-99.430084
1100115;-99.396095
1102111;-99.361130
1104161;-99.325195
1106116;-99.288269
1108122;-99.250359
1110115;-99.211479
1112111;-99.171616
1114110;-99.130768
1116156;-99.088951
1118158;-99.046150
1120135;-99.002373
1122131;-98.957619
1124130;-98.911888
1126150;-98.865181
1128132;-98.817497
1130115;-98.768845
1132110;-98.719200
1134108;-98.668602
1136110;-98.617020
1138173;-98.564461
1140134;-98.510941
1142133;-98.456436
1144132;-98.400970
1146126;-98.344528
1148167;-98.287109
1150118;-98.228737
1152113;-98.169373
1154108;-98.109062
1156115;-98.047760
1158125;-97.985512
1160169;-97.922287
1162140;-97.858093
1164137;-97.792938
1166143;-97.726814
1168152;-97.659729
1170170;-97.591690
1172116;-97.522667
1174107;-97.452698
1176110;-97.381752
1178123;-97.309860
1180112;-97.236992
1182160;-97.163177
1184141;-97.088402
1186134;-97.012665
1188150;-96.935974
1190136;-96.858315
1192165;-96.779716
1194118;-96.700165
1196110;-96.619637
1198126;-96.538177
1200112;-96.455742
1202112;-96.372375
1204156;-96.288055
1206131;-96.202766
1208152;-96.116547
1210128;-96.029381
1212131;-95.941261
1214157;-95.852188
1216113;-95.762184
1218124;-95.671227
1220114;-95.579315
1222113;-95.486473
1224112;-95.392677
1226156;-95.297951
1228149;-95.202286
1230136;-95.105667
1232133;-95.008125
1234131;-94.909630
1236162;-94.810204
1238134;-94.760147
1240115;-94.608551
1242114;-94.506332
1244115;-94.403160
1246115;-94.299072
1248170;-94.194038
1250137;-94.088089
1252135;-93.981209
1254136;-93.873390
1256132;-93.764671
1258170;-93.654999
1260111;-93.544418
1262114;-93.432899
1264114;-93.320473
1266113;-93.207130
1268127;-93.092850
1270164;-92.977661
1272137;-92.861542
1274138;-92.744522
1276133;-92.626587
1278149;-92.507729
1280155;-92.387970
1282114;-92.267273
1284116;-92.145691
1286112;-92.023178
1288131;-91.961601
1290327;-91.775475
1292138;-91.650238
1294132;-91.524124
1296132;-91.397079
1298145;-91.269165
1300130;-91.140343
1302153;-91.010597
1304115;-90.879974
1306111;-90.748444
1308122;-90.616020
1310114;-90.482697
1312170;-90.348495
1314151;-90.213409
1316133;-90.077400
1318150;-89.940552
1320132;-89.802773
1322134;-89.664124
1324158;-89.524590
1326137;-89.384155
1328145;-89.242867
1330130;-89.100662
1332130;-88.957611
1334158;-88.813675
1336114;-88.668839
1338133;-88.523155
1340112;-88.376579
1342114;-88.229141
1344111;-88.080818
1346159;-87.931648
1348156;-87.781609
1350133;-87.630676
1352134;-87.478905
1354134;-87.326256
1356157;-87.172760
1358131;-87.018402
1360116;-86.863159
1362112;-86.707092
1364116;-86.550140
1366108;-86.392357
1368170;-86.233696
1370137;-86.074211
1372131;-85.913879
1374128;-85.752670
1376132;-85.590645
1378169;-85.427742
1380112;-85.264030
1382111;-85.099472
1384111;-84.934044
1386113;-84.767807
1388128;-84.684349
1390168;-84.432808
1392142;-84.264030
1394141;-84.094467
1396136;-83.924065
1398155;-83.752808
1400160;-83.580742
1402115;-83.407837
1404110;-83.234131
1406113;-83.059608
1408125;-82.884232
1410115;-82.708069
1412159;-82.531059
1414136;-82.353264
1416132;-82.174629
1418150;-81.995216
1420132;-81.814980
1422155;-81.633919
1424116;-81.452080
1426118;-81.269432
1428125;-81.085983
1430112;-80.901741
1432110;-80.716667
1434158;-80.530823
1436135;-80.344162
1438147;-80.156731
1440132;-79.968475
1442133;-79.968475
1444164;-79.589668
1446114;-79.399063
1448122;-79.207695
1450115;-79.015518
1452109;-78.822586
1454115;-78.628883
1456157;-78.434364
1458149;-78.239113
1460134;-78.043053
1462134;-77.846252
1464132;-77.648659
1466160;-77.450325
1468122;-77.251228
1470116;-77.051338
1472116;-76.850716
1474110;-76.649307
1476113;-76.447174
1478169;-76.244286
1480135;-76.040611
1482135;-75.836220
1484131;-75.631042
1486137;-75.425163
1488169;-75.218521
1490120;-75.011124
1492105;-74.803009
1494109;-74.594131
1496108;-74.384537
1498177;-74.174179
1500157;-73.963127
1502140;-73.751343
1504132;-73.538795
1506144;-73.325554
1508144;-73.111557
1510155;-72.896873
1512112;-72.681473
1514113;-72.465317
1516112;-72.248482
1518125;-72.030899
1520164;-71.812645
1522157;-71.593643
1524133;-71.373962
1526136;-71.153580
1528149;-70.932472
1530129;-70.710686
1532161;-70.488174
1534110;-70.265030
1536112;-70.041168
1538129;-69.928940
1540109;-69.591324
1542165;-69.365349
1544158;-69.138733
1546137;-68.911400
1548147;-68.683418
1550136;-68.454758
1552132;-68.225388
1554159;-67.995377
1556137;-67.764664
1558136;-67.533310
1560137;-67.301300
1562129;-67.068581
1564155;-66.835243
1566119;-66.601204
1568126;-66.366539
1570112;-66.131195
1572111;-65.895233
1574108;-65.658607
1576158;-65.421310
1578152;-65.183403
1580132;-64.944817
1582130;-64.705620
1584133;-64.465782
1586154;-64.225281
1588139;-63.984180
1590105;-63.742405
1592109;-63.500046
1594114;-63.257015
1596112;-63.013405
1598168;-62.769161
1600137;-62.524269
1602131;-62.278801
1604131;-62.032677
1606133;-61.785976
1608164;-61.538666
1610116;-61.290710
1612119;-61.042191
1614122;-60.793030
1616112;-60.543304
1618122;-60.292946
1620166;-60.042030
1622136;-59.790524
1624137;-59.538383
1626139;-59.285694
1628156;-59.032387
1630162;-58.778530
1632120;-58.524097
1634110;-58.269047
1636112;-58.013458
1638126;-57.757259
1640343;-57.500530
1642134;-57.243275
1644136;-56.985371
1646135;-56.726944
1648146;-56.467926
1650133;-56.208385
1652154;-55.948246
1654118;-55.687599
1656118;-55.426399
1658121;-55.164616
1660110;-54.902328
1662325;-54.639454
1664135;-54.376083
1666134;-54.112179
1668139;-53.847694
1670129;-53.582722
1672128;-53.317184
1674160;-53.051155
1676116;-52.784561
1678129;-52.517490
1680113;-52.249901
1682111;-51.981754
1684111;-51.713135
1686157;-51.443966
1688149;-51.309212
1690139;-50.904186
1692132;-50.633503
1694130;-50.362354
1696163;-50.090675
1698117;-49.818539
1700107;-49.545868
1702106;-49.272751
1704107;-48.999153
1706109;-48.725025
1708177;-48.450455
1710131;-48.175369
1712131;-47.899849
1714133;-47.623856
1716130;-47.347351
1718167;-47.070419
1720112;-46.792984
1722114;-46.515125
1724111;-46.236767
1726112;-45.957993
1728131;-45.678772
1730161;-45.399052
1732137;-45.118927
1734134;-44.838314
1736142;-44.557304
1738153;-44.275848
1740164;-43.993916
1742116;-43.711594
1744109;-43.428795
1746109;-43.145615
1748130;-42.861961
1750337;-42.577972
1752143;-42.293518
1754132;-42.008610
1756129;-41.723324
1758146;-41.437584
1760137;-41.151478
1762158;-40.864967
1764121;-40.578011
1766112;-40.290695
1768124;-40.002937
1770110;-39.714832
1772165;-39.426334
1774154;-39.137398
1776133;-38.848125
1778149;-38.558422
1780131;-38.268383
1782131;-37.977924
1784153;-37.687134
1786117;-37.395973
1788123;-37.250210
1790110;-36.812496
1792112;-36.520191
1794160;-36.227570
1796121;-35.934593
1798123;-35.641212
1800117;-35.347527
1802111;-35.053448
1804113;-34.759064
1806161;-34.464298
1808142;-34.169235
1810129;-33.873833
1812134;-33.578053
1814132;-33.281986
1816157;-32.985546
1818127;-32.688828
1820111;-32.391785
1822111;-32.094376
1824110;-31.796694
1826330;-31.498655
1828150;-31.200352
1830132;-30.901695
1832134;-30.602777
1834130;-30.303558
1836131;-30.003994
1838167;-29.854124
1840119;-29.404026
1842116;-29.103630
1844117;-28.802944
1846112;-28.501930
1848180;-28.200680
1850166;-27.899105
1852143;-27.597300
1854141;-27.295177
1856135;-26.992834
1858149;-26.690266
1860164;-26.387346
1862114;-26.084209
1864114;-25.780769
1866111;-25.477119
1868122;-25.173223
1870113;-24.869028
1872155;-24.564634
1874135;-24.259953
1876136;-23.955076
1878151;-23.649920
1880134;-23.344574
1882158;-23.039000
1884116;-22.733150
1886114;-22.427124
1888127;-22.120829
1890112;-21.814363
1892111;-21.507681
1894160;-21.200739
1896132;-20.893637
1898146;-20.586279
1900132;-20.278767
1902131;-19.971006
1904156;-19.663097
1906120;-19.354994
1908127;-19.046650
1910114;-18.738169
1912116;-18.429453
1914111;-18.120604
1916157;-17.811575
1918157;-17.502325
1920133;-17.192945
1922129;-16.883352
1924129;-16.573639
1926156;-16.263714
1928123;-15.953678
1930113;-15.643482
1932116;-15.333086
1934108;-15.022585
1936233;-14.711889
1938154;-14.401094
1940135;-14.090158
1942131;-13.779036
1944133;-13.467825
1946131;-13.156433
1948173;-12.844959
1950135;-12.533358
1952131;-12.221586
1954130;-11.909742
1956130;-11.597732
1958294;-11.285654
1960144;-10.973418
1962133;-10.661121
1964138;-10.348720
1966132;-10.036215
1968139;-9.723612
1970164;-9.410866
1972140;-9.098074
1974131;-8.785192
1976130;-8.472176
1978153;-8.159123
1980157;-7.845943
1982121;-7.532733
1984108;-7.219401
1986110;-6.906045
1988127;-6.749341
1990117;-6.279085
1992158;-5.965534
1994138;-5.651876
1996134;-5.338211
1998145;-5.024493
2000135;-4.710677
2002160;-4.396863
2004115;-4.082958
2006113;-3.769059
2008120;-3.455077
2010115;-3.141107
2012110;-2.827107
2014159;-2.513031
2016136;-2.198978
2018149;-1.884856
2020130;-1.570763
2022131;-1.256654
2024158;-0.942485
2026110;-0.628354
2028125;-0.314170
2030111;0.000000
2032112;0.314159
2034109;0.628314
2036153;0.942464
2038154;1.099535
2040136;1.570732
2042133;1.884844
2044132;2.198937
2046157;2.513010
2048132;2.827056
2050114;3.141076
2052112;3.455064
2054113;3.769018
2056326;4.082935
2058155;4.396812
2060136;4.710645
2062131;5.024432
2064136;5.338169
2066131;5.651853
2068169;5.965482
2070114;6.279051
2072115;6.592560
2074114;6.906002
2076112;7.219377
2078168;7.532680
2080113;7.845909
2082109;8.159060
2084115;8.472132
2086112;8.785120
2088122;9.098021
2090160;9.410830
2092141;9.723549
2094138;10.036171
2096135;10.348695
2098147;10.661115
2100156;10.973431
2102112;11.285637
2104111;11.597733
2106112;11.909716
2108121;12.221580
2110112;12.533322
2112160;12.844942
2114134;13.156436
2116133;13.467797
2118151;13.779028
2120134;14.090122
2122153;14.401078
2124118;14.711891
2126109;15.022558
2128130;15.333078
2130112;15.643446
2132114;15.953660
2134158;16.263714
2136135;16.573612
2138147;16.728498
2140131;17.192907
2142132;17.502306
2144159;17.811527
2146119;18.120577
2148123;18.429445
2150116;18.738131
2152110;19.046633
2154116;19.354946
2156157;19.663071
2158147;19.970997
2160130;20.278728
2162129;20.586262
2164137;20.893587
2166154;21.200710
2168128;21.507624
2170115;21.814323
2172111;22.120808
2174112;22.427074
2176332;22.733122
2178153;23.038942
2180135;23.344534
2182133;23.649900
2184129;23.955029
2186136;24.259922
2188167;24.564575
2190115;24.868988
2192112;25.173155
2194111;25.477072
2196110;25.780737
2198342;26.084152
2200151;26.387304
2202141;26.690197
2204139;26.992828
2206139;27.295193
2208150;27.597290
2210163;27.899107
2212114;28.200657
2214109;28.501928
2216112;28.802910
2218122;29.103617
2220114;29.404032
2222157;29.704157
2224134;30.003988
2226134;30.303526
2228151;30.602762
2230136;30.901697
2232152;31.200329
2234115;31.498650
2236114;31.796661
2238114;32.094360
2240110;32.391743
2242224;32.688801
2244134;32.985538
2246129;33.281952
2248147;33.578037
2250139;33.873787
2252134;34.169209
2254156;34.464294
2256135;34.759029
2258145;35.053429
2260131;35.347485
2262131;35.641186
2264161;35.934536
2266114;36.227535
2268132;36.520176
2270112;36.812454
2272108;37.104370
2274114;37.395920
2276151;37.687099
2278131;37.977905
2280109;38.268341
2282112;38.558399
2284115;38.848072
2286162;39.137363
2288124;39.281864
2290112;39.714787
2292112;40.002911
2294112;40.290646
2296113;40.577976
2298169;40.864906
2300136;41.151436
2302134;41.437557
2304133;41.723270
2306134;42.008572
2308168;42.293461
2310121;42.577927
2312111;42.861973
2314111;43.145603
2316114;43.428806
2318121;43.711575
2320166;43.993916
2322146;44.275822
2324138;44.557289
2326137;44.838318
2328147;45.118908
2330162;45.399048
2332115;45.678741
2334116;45.957985
2336110;46.236774
2338125;46.515102
2340114;46.792980
2342159;47.070389
2344136;47.347336
2346134;47.623817
2348143;47.899826
2350131;48.175365
2352160;48.450424
2354113;48.725014
2356114;48.999115
2358125;49.272736
2360120;49.545868
2362113;49.818508
2364159;50.090660
2366136;50.362320
2368147;50.633476
2370135;50.904137
2372128;51.174294
2374156;51.443951
2376117;51.713097
2378130;51.981728
2380111;52.249855
2382116;52.517464
2384111;52.784550
2386152;53.051121
2388148;53.317158
2390133;53.582676
2392132;53.847664
2394127;54.112125
2396160;54.376041
2398124;54.639435
2400115;54.902279
2402109;55.164581
2404115;55.426346
2406114;55.687557
2408172;55.948223
2410137;56.208336
2412131;56.467896
2414135;56.726891
2416129;56.985329
2418167;57.243210
2420117;57.500523
2422114;57.757271
2424116;58.013447
2426113;58.269047
2428127;58.524071
2430164;58.778526
2432138;59.032394
2434138;59.285683
2436135;59.538383
2438149;59.664516
2440155;60.042023
2442114;60.167557
2444121;60.543285
2446114;60.793026
2448129;61.042168
2450112;61.290707
2452157;61.538635
2454136;61.785961
2456132;62.032669
2458149;62.278770
2460136;62.524265
2462164;62.769135
2464140;63.013386
2466129;63.257015
2468151;63.500015
2470135;63.742393
2472158;63.984142
2474117;64.225266
2476113;64.465744
2478124;64.705597
2480111;64.944801
2482111;65.183365
2484158;65.421295
2486140;65.658569
2488150;65.895203
2490137;66.131187
2492133;66.366508
2494157;66.601189
2496116;66.835197
2498125;67.068550
2500112;67.301247
2502114;67.533279
2504112;67.764648
2506158;67.995331
2508159;68.225357
2510132;68.454704
2512132;68.683380
2514129;68.911377
2516155;69.138695
2518132;69.365326
2520116;69.591278
2522110;69.816536
2524111;70.041107
2526109;70.264992
2528173;70.488182
2530145;70.710678
2532131;70.932472
2534134;71.153572
2536134;71.373955
2538166;71.483887
2540116;71.812630
2542115;72.030899
2544113;72.248459
2546112;72.465309
2548177;72.681450
2550166;72.896866
2552136;73.111557
2554136;73.325539
2556139;73.538788
2558150;73.751320
2560166;73.963112
2562117;74.174179
2564111;74.384514
2566112;74.594116
2568126;74.802986
2570230;75.011108
2572142;75.218498
2574131;75.425140
2576134;75.631042
2578143;75.836197
2580134;76.040596
2582154;76.244255
2584118;76.447151
2586115;76.649300
2588126;76.750092
2590117;77.051323
2592161;77.251198
2594118;77.450302
2596116;77.648651
2598131;77.846230
2600110;78.043045
2602115;78.239082
2604156;78.434349
2606121;78.628838
2608128;78.822556
2610109;79.015503
2612114;79.207657
2614229;79.399040
2616137;79.589638
2618151;79.779442
2620132;79.968468
2622133;80.156693
2624132;80.344131
2626160;80.530785
2628145;80.716637
2630131;80.901695
2632132;81.085953
2634130;81.269417
2636228;81.452065
2638150;81.633926
2640134;81.814972
2642128;81.995209
2644129;82.174637
2646132;82.353249
2648175;82.531059
2650135;82.708054
2652132;82.884232
2654132;83.059586
2656128;83.234123
2658209;83.407837
2660137;83.580734
2662131;83.752800
2664134;83.924042
2666128;84.094452
2668147;84.264038
2670161;84.432785
2672136;84.600708
2674127;84.767792
2676135;84.934029
2678147;85.099449
2680155;85.264008
2682116;85.427734
2684113;85.590622
2686116;85.752663
2688123;85.913857
2690109;86.074203
2692161;86.233688
2694132;86.392334
2696132;86.550125
2698152;86.707062
2700132;86.863152
2702158;87.018372
2704116;87.172737
2706114;87.326241
2708122;87.478882
2710109;87.630669
2712171;87.781578
2714156;87.931625
2716134;88.080803
2718147;88.229111
2720128;88.376549
2722132;88.523125
2724148;88.668823
2726115;88.813637
2728125;88.957581
2730106;89.100647
2732108;89.242828
2734335;89.384140
2736135;89.524559
2738146;89.594444
2740136;89.802757
2742133;89.940521
2744135;90.077400
2746157;90.213387
2748131;90.348495
2750111;90.482697
2752114;90.616020
2754112;90.748444
2756239;90.879967
2758146;91.010597
2760128;91.140327
2762128;91.269150
2764126;91.397087
2766133;91.524117
2768168;91.650238
2770117;91.775467
2772113;91.899780
2774113;92.023178
2776112;92.145683
2778355;92.267273
2780148;92.387947
2782140;92.507721
2784139;92.626572
2786139;92.744514
2788150;92.803139
2790146;92.977646
2792114;93.092834
2794116;93.207108
2796112;93.320465
2798129;93.432892
2800331;93.544403
2802139;93.654991
2804135;93.764648
2806130;93.873383
2808147;93.981194
2810132;94.088074
2812152;94.194031
2814118;94.299057
2816117;94.403145
2818130;94.506310
2820109;94.608536
2822171;94.709831
2824158;94.810196
2826136;94.909615
2828152;95.008102
2830128;95.105652
2832133;95.202271
2834161;95.297935
2836115;95.392670
2838132;95.486458
2840112;95.579300
2842111;95.671204
2844113;95.762169
2846155;95.852180
2848151;95.941254
2850134;96.029373
2852128;96.116547
2854135;96.202766
2856156;96.288040
2858128;96.372368
2860111;96.455742
2862109;96.538162
2864112;96.619637
2866152;96.700150
2868129;96.779709
2870112;96.858315
2872112;96.935966
2874110;97.012665
2876110;97.088394
2878172;97.163177
2880137;97.236992
2882133;97.309853
2884134;97.381752
2886128;97.452690
2888168;97.487793
2890117;97.591682
2892112;97.659721
2894110;97.726814
2896113;97.792938
2898223;97.858086
2900162;97.922287
2902131;97.985504
2904132;98.047760
2906135;98.109055
2908151;98.169373
2910163;98.228722
2912117;98.287109
2914113;98.344521
2916115;98.400963
2918129;98.456436
2920108;98.510933
2922157;98.564461
2924133;98.617020
2926133;98.668602
2928152;98.719200
2930127;98.768837
2932151;98.817490
2934113;98.865173
2936110;98.911880
2938127;98.957611
2940116;99.002365
2942160;99.046143
2944115;99.088943
2946113;99.130760
2948129;99.171608
2950110;99.211472
2952120;99.250359
2954160;99.288261
2956141;99.325188
2958152;99.361130
2960135;99.396095
2962131;99.430077
2964161;99.463081
2966110;99.495102
2968123;99.526146
2970111;99.556198
2972115;99.585274
2974115;99.613365
2976151;99.640472
2978130;99.666595
2980117;99.691734
2982112;99.715889
2984111;99.739059
2986162;99.761253
2988168;99.782455
2990134;99.802673
2992133;99.821907
2994130;99.840149
2996133;99.857422
2998165;99.873695
3000113;99.888985
3002109;99.903290
3004112;99.916611
3006109;99.928947
3008237;99.940292
3010143;99.950653
3012130;99.960030
3014132;99.968422
3016126;99.975815
3018151;99.982239
3020160;99.987663
3022116;99.992104
3024120;99.995560
3026112;99.998024
3028129;99.999504
3030230;100.000000
3032144;99.999504
3034132;99.998024
3036135;99.995560
3038151;99.993958
3040131;99.987663
3042155;99.982239
3044137;99.975815
3046133;99.968422
3048146;99.960030
3050135;99.950661
3052149;99.940292
3054117;99.928947
3056107;99.916611
3058124;99.903290
3060113;99.888985
3062159;99.873695
3064108;99.857422
3066113;99.840157
3068128;99.821907
3070112;99.802673
3072111;99.782455
3074160;99.761253
3076139;99.739059
3078147;99.715889
3080130;99.691734
3082136;99.666595
3084157;99.640472
3086112;99.613365
3088129;99.585274
3090108;99.556198
3092107;99.526146
3094111;99.495102
3096161;99.463081
3098154;99.430077
3100133;99.396095
3102130;99.361130
3104131;99.325188
3106160;99.288261
3108127;99.250359
3110114;99.211472
3112112;99.171608
3114111;99.130768
3116112;99.088943
3118169;99.046150
3120131;99.002365
3122133;98.957619
3124132;98.911888
3126131;98.865173
3128164;98.817497
3130113;98.768837
3132111;98.719200
3134109;98.668602
3136107;98.617020
3138171;98.564461
3140160;98.510933
3142142;98.456436
3144139;98.400970
3146138;98.344521
3148151;98.287109
3150163;98.228729
3152115;98.169380
3154113;98.109055
3156108;98.047768
3158132;97.985512
3160156;97.922287
3162111;97.858093
3164111;97.792938
3166116;97.726814
3168122;97.659729
3170113;97.591682
3172157;97.522667
3174133;97.452690
3176133;97.381760
3178143;97.309860
3180131;97.237000
3182156;97.163185
3184110;97.088402
3186113;97.012665
3188128;96.974442
3190110;96.858322
3192114;96.779716
3194162;96.700157
3196132;96.619637
3198145;96.538170
3200129;96.455750
3202134;96.372375
3204159;96.288048
3206112;96.202774
3208128;96.116547
3210114;96.029373
3212113;95.941254
3214116;95.852188
3216157;95.762169
3218146;95.671211
3220127;95.579308
3222132;95.486458
3224133;95.392670
3226163;95.297935
3228132;95.202271
3230108;95.105659
3232114;95.008110
3234113;94.909622
3236116;94.810196
3238179;94.709839
3240142;94.608536
3242132;94.506317
3244129;94.403152
3246129;94.299057
3248174;94.194038
3250116;94.088081
3252111;93.981201
3254113;93.873390
3256117;93.764648
3258178;93.654999
3260167;93.544411
3262138;93.432907
3264139;93.320465
3266140;93.207123
3268148;93.092850
3270157;92.977646
3272137;92.861542
3274132;92.744514
3276129;92.626579
3278150;92.507729
3280157;92.387955
3282113;92.267273
3284112;92.145691
3286113;92.023193
3288122;91.961601
3290109;91.775475
3292161;91.650246
3294136;91.524117
3296131;91.397095
3298154;91.269157
3300132;91.140327
3302164;91.010597
3304119;90.879974
3306109;90.748444
3308131;90.616020
3310116;90.482712
3312112;90.348503
3314154;90.213394
3316130;90.077415
3318143;89.940529
3320133;89.802765
3322130;89.664108
3324151;89.524567
3326115;89.384140
3328126;89.242844
3330111;89.100662
3332115;88.957588
3334229;88.813644
3336136;88.668823
3338149;88.596085
3340137;88.376564
3342135;88.229126
3344135;88.080811
3346150;87.931625
3348130;87.781578
3350115;87.630661
3352118;87.478897
3354117;87.326256
3356156;87.172745
3358129;87.018379
3360107;86.863152
3362114;86.707069
3364120;86.550140
3366118;86.392349
3368175;86.233696
3370130;86.074203
3372131;85.913857
3374128;85.752663
3376130;85.590630
3378172;85.427750
3380118;85.264015
3382110;85.099449
3384109;84.934029
3386112;84.767799
3388123;84.600708
3390162;84.432793
3392144;84.264038
3394136;84.094452
3396134;83.924034
3398151;83.752808
3400161;83.580734
3402117;83.407845
3404111;83.234116
3406118;83.059601
3408120;82.884232
3410113;82.708069
3412157;82.531075
3414136;82.353271
3416131;82.174644
3418144;81.995216
3420134;81.814972
3422157;81.633934
3424115;81.452087
3426120;81.269424
3428122;81.085960
3430107;80.901703
3432113;80.716637
3434157;80.530800
3436137;80.344147
3438146;80.156700
3440133;79.968468
3442131;79.779449
3444152;79.779449
3446118;79.399048
3448125;79.207664
3450112;79.015503
3452114;78.822556
3454166;78.628838
3456155;78.434341
3458149;78.239082
3460135;78.043053
3462132;77.846237
3464133;77.648666
3466154;77.450310
3468124;77.251205
3470113;77.051338
3472116;76.850708
3474111;76.649315
3476111;76.447166
3478172;76.244263
3480135;76.040604
3482131;75.836205
3484128;75.631050
3486126;75.425148
3488162;75.321922
3490120;75.011108
3492112;74.802986
3494113;74.594131
3496113;74.384521
3498182;74.174179
3500167;73.963112
3502147;73.751305
3504146;73.538780
3506136;73.325546
3508144;73.111565
3510159;72.896866
3512120;72.681442
3514113;72.465324
3516111;72.248474
3518125;72.030922
3520168;71.812645
3522156;71.593658
3524133;71.373962
3526134;71.153572
3528148;70.932480
3530135;70.710686
3532152;70.488205
3534121;70.265007
3536109;70.041122
3538128;69.928932
3540110;69.591293
3542157;69.365349
3544114;69.138702
3546107;68.911385
3548122;68.683395
3550116;68.454712
3552119;68.225380
3554160;67.995354
3556137;67.764648
3558147;67.533287
3560133;67.301247
3562132;67.068550
3564152;66.835213
3566121;66.601196
3568124;66.366539
3570109;66.131203
3572110;65.895226
3574116;65.658585
3576161;65.421318
3578154;65.183395
3580130;64.944824
3582134;64.705612
3584134;64.465759
3586156;64.225273
3588134;63.984169
3590109;63.742416
3592117;63.500034
3594115;63.257027
3596113;63.013393
3598178;62.769138
3600133;62.524284
3602134;62.278790
3604134;62.032688
3606132;61.785965
3608169;61.538635
3610109;61.290707
3612114;61.042183
3614111;60.793037
3616110;60.543293
3618343;60.292953
3620146;60.042034
3622136;59.790508
3624132;59.538414
3626134;59.285706
3628149;59.032417
3630163;58.778542
3632136;58.524086
3634131;58.269054
3636127;58.013470
3638144;57.885437
3640165;57.500542
3642121;57.243221
3644114;56.985344
3646113;56.726898
3648123;56.467915
3650116;56.208355
3652158;55.948238
3654135;55.687569
3656134;55.426353
3658149;55.164589
3660133;54.902298
3662160;54.639446
3664117;54.376053
3666112;54.112125
3668130;53.847664
3670109;53.582676
3672157;53.317173
3674112;53.051144
3676106;52.784573
3678127;52.517479
3680111;52.249874
3682113;51.981766
3684159;51.713127
3686136;51.443977
3688143;51.174320
3690132;50.904156
3692127;50.633492
3694161;50.362350
3696115;50.090683
3698124;49.818527
3700111;49.545879
3702112;49.272743
3704119;48.999119
3706156;48.725033
3708154;48.450447
3710134;48.175381
3712132;47.899837
3714135;47.623821
3716155;47.347336
3718130;47.070408
3720112;46.792992
3722111;46.515114
3724109;46.236778
3726114;45.957981
3728169;45.678757
3730136;45.399082
3732134;45.118935
3734134;44.838341
3736134;44.557308
3738167;44.275837
3740120;43.993927
3742108;43.711601
3744120;43.428825
3746113;43.145622
3748124;42.861992
3750160;42.577938
3752141;42.293461
3754141;42.008595
3756141;41.723286
3758146;41.437569
3760162;41.151443
3762116;40.864910
3764109;40.577976
3766112;40.290661
3768127;40.002926
3770113;39.714794
3772160;39.426277
3774135;39.137363
3776132;38.848068
3778145;38.558411
3780136;38.268349
3782158;37.977936
3784116;37.687119
3786113;37.395935
3788121;37.250214
3790108;36.812485
3792115;36.520203
3794160;36.227558
3796132;35.934555
3798152;35.641201
3800134;35.347488
3802134;35.053455
3804157;34.759052
3806122;34.464306
3808123;34.169220
3810113;33.873795
3812112;33.578037
3814114;33.281975
3816157;32.985558
3818153;32.688812
3820129;32.391747
3822130;32.094360
3824131;31.796658
3826162;31.498665
3828132;31.200336
3830118;30.901703
3832116;30.602762
3834111;30.303522
3836156;30.004025
3838136;29.704189
3840116;29.404058
3842117;29.103638
3844112;28.802931
3846113;28.501940
3848172;28.200689
3850137;27.899137
3852131;27.597309
3854133;27.295212
3856130;26.992840
3858172;26.690207
3860116;26.387331
3862109;26.084169
3864111;25.780756
3866108;25.477085
3868124;25.173161
3870167;24.868990
3872138;24.564596
3874135;24.259939
3876137;23.955040
3878152;23.649906
3880160;23.344538
3882118;23.038939
3884109;22.733135
3886112;22.427086
3888123;22.120813
3890110;21.814348
3892163;21.507641
3894134;21.200726
3896127;20.893621
3898148;20.586288
3900134;20.278751
3902156;19.971016
3904136;19.663082
3906133;19.354956
3908141;19.046659
3910132;18.738153
3912155;18.429462
3914116;18.120588
3916110;17.811537
3918124;17.502310
3920111;17.192932
3922105;16.883362
3924153;16.573624
3926138;16.263723
3928152;15.953663
3930129;15.643445
3932131;15.333096
3934163;15.022570
3936118;14.711897
3938124;14.556519
3940113;14.090120
3942114;13.779022
3944111;13.467834
3946158;13.156466
3948147;12.844968
3950139;12.533342
3952129;12.221595
3954126;11.909726
3956157;11.597764
3958135;11.285663
3960111;10.973451
3962113;10.661130
3964111;10.348703
3966164;10.036177
3968171;9.723573
3970138;9.410850
3972133;9.098034
3974132;8.785129
3976131;8.472136
3978168;8.159060
3980111;7.845928
3982113;7.532693
3984113;7.219385
3986110;6.906006
3988179;6.592558
3990156;6.279069
3992122;5.965495
3994121;5.651861
3996125;5.338172
3998126;5.024454
4000113;4.710662
4002160;4.396848
4004137;4.082967
4006134;3.769045
4008154;3.455086
4010128;3.141093
4012164;2.827068
4014112;2.513040
4016114;2.198963
4018129;1.884865
4020117;1.570747
4022113;1.256615
4024152;0.942470
4026136;0.628339
4028151;0.314179
4030133;0.000015
4032130;-0.314149
4034154;-0.628309
4036114;-0.942463
4038127;-1.099525
4040113;-1.570717
4042112;-1.884835
4044157;-2.198933
4046114;-2.513010
4048125;-2.827062
4050116;-3.141062
4052118;-3.455031
4054114;-3.768990
4056156;-4.082912
4058150;-4.396794
4060131;-4.710632
4062134;-5.024400
4064132;-5.338142
4066161;-5.651831
4068132;-5.965465
4070117;-6.279039
4072108;-6.592552
4074115;-6.905976
4076233;-7.219356
4078147;-7.532664
4080133;-7.845898
4082131;-8.159054
4084127;-8.472131
4086131;-8.785099
4088167;-8.941574
4090113;-9.410820
4092113;-9.723543
4094112;-10.036171
4096108;-10.348699
4098179;-10.661099
4100160;-10.973421
4102143;-11.285633
4104135;-11.597733
4106140;-11.909697
4108148;-12.221565
4110166;-12.533291
4112116;-12.844914
4114114;-13.156412
4116112;-13.467780
4118125;-13.779016
4120110;-14.090115
4122160;-14.401050
4124133;-14.711868
4126130;-15.022542
4128144;-15.333065
4130131;-15.643438
4132155;-15.953633
4134113;-16.263695
4136111;-16.573595
4138124;-16.883331
4140114;-17.192902
4142111;-17.502304
4144161;-17.811506
4146131;-18.120560
4148141;-18.429432
4150132;-18.738123
4152134;-19.046631
4154159;-19.354950
4156115;-19.663054
4158127;-19.970985
4160113;-20.278700
4162113;-20.586235
4164161;-20.893570
4166158;-21.200695
4168152;-21.507589
4170130;-21.814295
4172134;-22.120785
4174132;-22.427057
4176161;-22.733107
4178128;-23.038933
4180113;-23.344507
4182112;-23.649876
4184114;-23.955011
4186170;-24.259909
4188174;-24.564569
4190133;-24.868984
4192129;-25.173134
4194136;-25.477055
4196134;-25.780725
4198164;-26.084143
4200119;-26.387300
4202114;-26.690201
4204114;-26.992813
4206112;-27.295181
4208257;-27.597281
4210137;-27.899107
4212131;-28.200659
4214128;-28.501909
4216132;-28.802877
4218150;-29.103586
4220158;-29.404009
4222134;-29.704138
4224130;-30.003973
4226130;-30.303516
4228148;-30.602736
4230240;-30.901674
4232142;-31.200310
4234133;-31.498638
4236130;-31.796652
4238154;-31.945532
4240132;-32.391720
4242159;-32.688786
4244132;-32.985527
4246133;-33.281944
4248148;-33.578033
4250133;-33.873791
4252157;-34.169189
4254116;-34.464279
4256109;-34.759026
4258122;-35.053425
4260112;-35.347485
4262114;-35.641193
4264158;-35.934525
4266140;-36.227528
4268145;-36.520149
4270134;-36.812435
4272132;-37.104355
4274162;-37.395885
4276114;-37.687073
4278123;-37.977882
4280107;-38.268322
4282110;-38.558380
4284114;-38.848064
4286159;-39.137337
4288146;-39.281853
4290130;-39.714767
4292128;-40.002899
4294134;-40.290634
4296155;-40.577969
4298127;-40.864883
4300119;-41.151417
4302118;-41.437542
4304114;-41.723259
4306115;-42.008568
4308179;-42.293461
4310139;-42.577911
4312136;-42.861965
4314132;-43.145596
4316132;-43.428799
4318166;-43.711575
4320118;-43.993919
4322109;-44.275787
4324108;-44.557262
4326109;-44.838295
4328131;-45.118885
4330168;-45.399033
4332143;-45.678730
4334138;-45.957954
4336135;-46.236752
4338153;-46.515087
4340160;-46.792965
4342139;-47.070381
4344133;-47.347332
4346131;-47.623795
4348147;-47.899811
4350263;-48.175350
4352138;-48.450413
4354133;-48.725002
4356131;-48.999111
4358143;-49.272713
4360131;-49.545849
4362152;-49.818497
4364113;-50.090652
4366112;-50.362312
4368129;-50.633476
4370111;-50.904125
4372159;-51.174290
4374155;-51.443947
4376135;-51.713074
4378144;-51.981712
4380132;-52.249836
4382130;-52.517433
4384158;-52.784519
4386114;-53.051098
4388135;-53.184174
4390121;-53.582661
4392111;-53.847660
4394118;-54.112095
4396155;-54.376022
4398157;-54.639416
4400133;-54.902267
4402135;-55.164574
4404130;-55.426342
4406163;-55.687542
4408129;-55.948212
4410111;-56.208324
4412113;-56.467884
4414118;-56.726891
4416168;-56.985329
4418171;-57.243191
4420137;-57.500511
4422129;-57.757259
4424132;-58.013439
4426129;-58.269047
4428165;-58.524078
4430115;-58.778496
4432111;-59.032368
4434111;-59.285660
4436112;-59.538364
4438172;-59.790482
4440115;-60.041992
4442115;-60.292923
4444112;-60.418182
4446114;-60.793011
4448131;-61.042152
4450163;-61.290695
4452142;-61.538612
4454138;-61.785934
4456136;-62.032658
4458149;-62.278767
4460157;-62.524254
4462116;-62.769127
4464112;-63.013363
4466108;-63.256996
4468122;-63.500004
4470114;-63.742386
4472155;-63.984142
4474138;-64.225266
4476138;-64.465729
4478146;-64.705582
4480131;-64.944801
4482164;-65.183365
4484110;-65.421280
4486113;-65.658554
4488127;-65.895172
4490116;-66.131157
4492120;-66.366493
4494159;-66.601166
4496138;-66.835190
4498150;-67.068550
4500129;-67.301224
4502133;-67.533264
4504156;-67.764626
4506116;-67.995323
4508127;-68.225349
4510114;-68.454704
4512107;-68.683365
4514111;-68.911362
4516161;-69.138680
4518146;-69.365326
4520131;-69.591270
4522128;-69.816536
4524131;-70.041100
4526158;-70.264984
4528136;-70.488174
4530110;-70.710670
4532116;-70.932472
4534112;-71.153572
4536114;-71.373947
4538177;-71.483871
4540138;-71.812607
4542133;-72.030884
4544132;-72.248444
4546134;-72.465302
4548172;-72.681419
4550114;-72.896843
4552113;-73.111549
4554108;-73.325523
4556109;-73.538780
4558132;-73.751305
4560158;-73.963097
4562142;-74.174164
4564136;-74.384499
4566137;-74.594101
4568145;-74.802979
4570159;-75.011101
4572116;-75.218483
4574108;-75.425125
4576111;-75.631035
4578124;-75.836189
4580156;-76.040581
4582118;-76.244255
4584109;-76.447144
4586120;-76.649307
4588122;-76.850685
4590112;-77.051308
4592158;-77.251175
4594135;-77.450302
4596136;-77.648628
4598148;-77.846230
4600132;-78.043022
4602157;-78.239052
4604118;-78.434334
4606114;-78.628822
4608128;-78.822556
4610108;-79.015488
4612115;-79.207634
4614163;-79.399033
4616134;-79.589615
4618149;-79.779442
4620132;-79.968452
4622128;-80.156693
4624163;-80.344131
4626113;-80.530762
4628122;-80.716637
4630111;-80.901680
4632112;-81.085953
4634116;-81.269409
4636159;-81.452049
4638159;-81.633919
4640135;-81.814957
4642131;-81.995216
4644130;-82.174629
4646154;-82.353264
4648131;-82.531059
4650116;-82.708046
4652114;-82.884232
4654115;-83.059578
4656112;-83.234131
4658173;-83.407837
4660137;-83.580719
4662128;-83.752808
4664132;-83.924034
4666134;-84.094467
4668168;-84.264030
4670134;-84.432808
4672136;-84.600685
4674132;-84.767761
4676131;-84.934021
4678164;-85.099419
4680115;-85.264000
4682117;-85.427719
4684119;-85.590591
4686111;-85.752647
4688123;-85.833344
4690165;-86.074188
4692132;-86.233673
4694142;-86.392334
4696132;-86.550117
4698153;-86.707047
4700163;-86.863136
4702114;-87.018356
4704112;-87.172737
4706114;-87.326225
4708124;-87.478867
4710113;-87.630653
4712159;-87.781563
4714128;-87.931618
4716134;-88.080795
4718149;-88.229118
4720131;-88.376549
4722158;-88.523109
4724116;-88.668816
4726111;-88.813629
4728122;-88.957581
4730112;-89.100639
4732105;-89.242813
4734157;-89.384140
4736139;-89.524551
4738146;-89.664101
4740137;-89.802750
4742125;-89.940506
4744160;-90.077400
4746115;-90.213379
4748129;-90.348495
4750104;-90.482697
4752115;-90.616020
4754112;-90.748444
4756153;-90.879959
4758147;-91.010597
4760137;-91.140320
4762128;-91.269165
4764131;-91.397079
4766159;-91.524109
4768123;-91.650238
4770115;-91.775452
4772110;-91.899780
4774111;-92.023178
4776111;-92.145691
4778173;-92.267273
4780135;-92.387924
4782134;-92.507706
4784133;-92.626556
4786132;-92.744507
4788168;-92.803131
4790111;-92.977623
4792112;-93.092827
4794119;-93.207092
4796118;-93.320450
4798165;-93.432877
4800117;-93.544403
4802113;-93.654976
4804110;-93.764633
4806115;-93.873383
4808128;-93.981186
4810164;-94.088074
4812144;-94.194016
4814133;-94.299034
4816133;-94.403145
4818150;-94.506294
4820154;-94.608536
4822114;-94.709824
4824118;-94.810196
4826117;-94.909607
4828125;-95.008095
4830109;-95.105652
4832160;-95.202255
4834135;-95.297935
4836132;-95.392662
4838156;-95.439674
4840127;-95.579300
4842152;-95.671204
4844121;-95.762169
4846113;-95.852180
4848128;-95.941254
4850117;-96.029373
4852113;-96.116539
4854154;-96.202766
4856138;-96.288040
4858140;-96.372375
4860134;-96.455742
4862132;-96.538162
4864162;-96.619637
4866124;-96.700150
4868123;-96.779716
4870112;-96.858315
4872108;-96.935974
4874245;-97.012665
4876140;-97.088394
4878151;-97.163177
4880131;-97.236992
4882132;-97.309860
4884131;-97.381752
4886162;-97.452690
4888151;-97.522659
4890138;-97.591667
4892138;-97.659721
4894132;-97.726807
4896254;-97.792923
4898157;-97.858086
4900137;-97.922272
4902129;-97.985497
4904132;-98.047760
4906129;-98.109047
4908166;-98.169365
4910115;-98.228714
4912112;-98.287109
4914110;-98.344513
4916114;-98.400963
4918125;-98.456429
4920165;-98.510925
4922141;-98.564461
4924142;-98.617012
4926139;-98.668594
4928144;-98.719200
4930150;-98.768837
4932116;-98.817490
4934112;-98.865166
4936112;-98.911880
4938122;-98.957611
4940163;-99.002365
4942115;-99.046143
4944113;-99.088936
4946107;-99.130760
4948132;-99.171600
4950110;-99.211472
4952155;-99.250351
4954138;-99.288261
4956129;-99.325188
4958150;-99.361130
4960133;-99.396095
4962158;-99.430077
4964114;-99.463081
4966109;-99.495102
4968117;-99.526138
4970110;-99.556198
4972111;-99.585274
4974157;-99.613365
4976137;-99.640472
4978147;-99.666595
4980132;-99.691734
4982129;-99.715889
4984155;-99.739059
4986115;-99.761246
4988120;-99.771973
4990116;-99.802673
4992114;-99.821907
4994110;-99.840157
4996151;-99.857414
4998147;-99.873695
5000131;-99.888985
5002133;-99.903290
5004131;-99.916611
5006296;-99.928947
5008157;-99.940292
5010133;-99.950653
5012135;-99.960030
5014133;-99.968414
5016136;-99.975815
5018161;-99.982231
5020136;-99.987663
5022131;-99.992104
5024131;-99.995560
5026134;-99.998024
5028170;-99.999504
5030113;-100.000000
5032118;-99.999504
5034114;-99.998024
5036111;-99.995560
5038132;-99.993958
5040163;-99.987663
5042138;-99.982239
5044136;-99.975815
5046134;-99.968422
5048145;-99.960030
5050155;-99.950661
5052115;-99.940292
5054115;-99.928955
5056112;-99.916611
5058130;-99.903297
5060113;-99.888985
5062158;-99.873695
5064132;-99.857422
5066133;-99.840157
5068153;-99.821907
5070139;-99.802673
5072160;-99.782455
5074113;-99.761253
5076115;-99.739059
5078124;-99.715897
5080113;-99.691734
5082111;-99.666595
5084155;-99.640472
5086137;-99.613365
5088148;-99.585274
5090136;-99.556198
5092132;-99.526146
5094157;-99.495102
5096115;-99.463081
5098128;-99.430084
5100115;-99.396095
5102108;-99.361130
5104244;-99.325195
5106132;-99.288269
5108149;-99.250359
5110135;-99.211479
5112132;-99.171616
5114129;-99.130768
5116156;-99.088951
5118161;-99.046150
5120127;-99.002373
5122138;-98.957619
5124135;-98.911888
5126157;-98.865181
5128130;-98.817497
5130110;-98.768845
5132110;-98.719200
5134111;-98.668602
5136116;-98.617020
5138175;-98.590866
5140137;-98.510941
5142136;-98.456436
5144130;-98.400970
5146127;-98.344528
5148169;-98.287109
5150112;-98.228737
5152109;-98.169373
5154111;-98.109062
5156119;-98.047760
5158123;-97.985512
5160163;-97.922287
5162139;-97.858093
5164138;-97.792938
5166131;-97.726814
5168153;-97.659729
5170162;-97.591690
5172138;-97.522667
5174132;-97.452698
5176134;-97.381752
5178151;-97.309860
5180156;-97.236992
5182118;-97.163177
5184109;-97.088402
5186107;-97.012665
5188120;-96.935974
5190113;-96.858315
5192158;-96.779716
5194131;-96.700165
5196133;-96.619637
5198152;-96.538177
5200132;-96.455742
5202158;-96.372375
5204119;-96.288055
5206116;-96.202766
5208131;-96.116547
5210114;-96.029381
5212116;-95.941261
5214158;-95.852188
5216135;-95.762184
5218141;-95.671227
5220133;-95.579315
5222133;-95.486473
5224157;-95.392677
5226116;-95.297951
5228123;-95.202286
5230111;-95.105667
5232115;-95.008125
5234113;-94.909630
5236158;-94.810204
5238142;-94.709839
5240133;-94.608551
5242132;-94.506332
5244135;-94.403160
5246154;-94.299072
5248129;-94.194038
5250114;-94.088089
5252112;-93.981209
5254113;-93.873390
5256116;-93.764671
5258173;-93.654999
5260132;-93.544418
5262134;-93.432899
5264129;-93.320473
5266136;-93.207130
5268168;-93.092850
5270114;-92.977661
5272114;-92.861542
5274110;-92.744522
5276118;-92.626587
5278163;-92.507729
5280120;-92.387970
5282113;-92.267273
5284112;-92.145691
5286116;-92.023178
5288128;-91.961601
5290167;-91.775475
5292143;-91.650238
5294142;-91.524124
5296135;-91.397079
5298153;-91.269165
5300157;-91.140343
5302117;-91.010597
5304117;-90.879974
5306110;-90.748444
5308131;-90.616020
5310110;-90.482697
5312156;-90.348495
5314131;-90.213409
5316138;-90.077400
5318148;-89.940552
5320135;-89.802773
5322151;-89.664124
5324110;-89.524590
5326117;-89.384155
5328121;-89.242867
5330115;-89.100662
5332117;-88.957611
5334161;-88.813675
5336134;-88.668839
5338143;-88.523155
5340135;-88.376579
5342129;-88.229141
5344160;-88.080818
5346136;-87.931648
5348153;-87.781609
5350131;-87.630676
5352131;-87.478905
5354156;-87.326256
5356120;-87.172760
5358126;-87.018402
5360109;-86.863159
5362111;-86.707092
5364112;-86.550140
5366155;-86.392357
5368156;-86.233696
5370135;-86.074211
5372132;-85.913879
5374135;-85.752670
5376157;-85.590645
5378126;-85.427742
5380113;-85.264030
5382115;-85.099472
5384116;-84.934044
5386113;-84.767807
5388173;-84.600708
5390141;-84.432808
5392132;-84.264030
5394131;-84.094467
5396132;-83.924065
5398164;-83.752808
5400118;-83.580742
5402112;-83.407837
5404113;-83.234131
5406112;-83.059608
5408133;-82.884232
5410164;-82.708069
5412142;-82.531059
5414141;-82.353264
5416138;-82.174629
5418147;-81.995216
5420164;-81.814980
5422139;-81.633919
5424134;-81.452080
5426137;-81.269432
5428148;-81.085983
5430153;-80.901741
5432118;-80.716667
5434112;-80.530823
5436111;-80.344162
5438125;-80.250534
5440113;-79.968475
5442147;-79.779472
5444114;-79.589668
5446111;-79.589668
5448121;-79.207695
5450109;-79.015518
5452156;-78.822586
5454110;-78.628883
5456113;-78.434364
5458128;-78.239113
5460116;-78.043053
5462112;-77.846252
5464159;-77.648659
5466137;-77.450325
5468146;-77.251228
5470129;-77.051338
5472131;-76.850716
5474162;-76.649307
5476113;-76.447174
5478127;-76.244286
5480111;-76.040611
5482115;-75.836220
5484112;-75.631042
5486158;-75.425163
5488151;-75.218521
5490130;-75.011124
5492132;-74.803009
5494133;-74.594131
5496158;-74.384537
5498131;-74.174179
5500117;-73.963127
5502111;-73.751343
5504113;-73.538795
5506113;-73.325554
5508170;-73.111557
5510142;-72.896873
5512128;-72.681473
5514134;-72.465317
5516130;-72.248482
5518173;-72.030899
5520112;-71.812645
5522113;-71.593643
5524112;-71.373962
5526110;-71.153580
5528124;-70.932472
5530160;-70.710686
5532140;-70.488174
5534142;-70.265030
5536138;-70.041168
5538150;-69.928940
5540162;-69.591324
5542116;-69.365349
5544114;-69.138733
5546112;-68.911400
5548123;-68.683418
5550116;-68.454758
5552157;-68.225388
5554132;-67.995377
5556131;-67.764664
5558152;-67.533310
5560136;-67.301300
5562158;-67.068581
5564121;-66.835243
5566114;-66.601204
5568120;-66.366539
5570112;-66.131195
5572112;-65.895233
5574154;-65.658607
5576135;-65.421310
5578150;-65.183403
5580131;-64.944817
5582130;-64.705620
5584156;-64.465782
5586113;-64.225281
5588131;-64.104805
5590111;-63.742405
5592111;-63.500046
5594114;-63.257015
5596160;-63.013405
5598149;-62.769161
5600137;-62.524269
5602130;-62.278801
5604131;-62.032677
5606163;-61.785976
5608131;-61.538666
5610111;-61.290710
5612112;-61.042191
5614109;-60.793030
5616108;-60.543304
5618177;-60.292946
5620135;-60.042030
5622133;-59.790524
5624137;-59.538383
5626133;-59.285694
5628169;-59.032387
5630115;-58.778530
5632115;-58.524097
5634113;-58.269047
5636109;-58.013458
5638123;-57.757259
5640166;-57.500530
5642143;-57.243275
5644140;-56.985371
5646141;-56.726944
5648147;-56.467926
5650158;-56.208385
5652122;-55.948246
5654113;-55.687599
5656109;-55.426399
5658121;-55.164616
5660111;-54.902328
5662161;-54.639454
5664135;-54.376083
5666129;-54.112179
5668145;-53.847694
5670130;-53.582722
5672158;-53.317184
5674117;-53.051155
5676109;-52.784561
5678129;-52.517490
5680113;-52.249901
5682113;-51.981754
5684158;-51.713135
5686130;-51.443966
5688150;-51.174332
5690140;-50.904186
5692133;-50.633503
5694155;-50.362354
5696136;-50.090675
5698148;-49.818539
5700133;-49.545868
5702132;-49.272751
5704163;-48.999153
5706116;-48.725025
5708121;-48.450455
5710113;-48.175369
5712115;-47.899849
5714111;-47.623856
5716158;-47.347351
5718152;-47.070419
5720132;-46.792984
5722134;-46.515125
5724130;-46.236767
5726157;-45.957993
5728126;-45.678772
5730114;-45.399052
5732111;-45.118927
5734108;-44.838314
5736166;-44.557304
5738170;-44.416630
5740136;-43.993916
5742127;-43.711594
5744131;-43.428795
5746127;-43.145615
5748172;-42.861961
5750114;-42.577972
5752111;-42.293518
5754113;-42.008610
5756113;-41.723324
5758126;-41.437584
5760162;-41.151478
5762138;-40.864967
5764134;-40.578011
5766135;-40.290695
5768142;-40.002937
5770157;-39.714832
5772118;-39.426334
5774114;-39.137398
5776113;-38.848125
5778124;-38.558422
5780110;-38.268383
5782155;-37.977924
5784138;-37.687134
5786137;-37.395973
5788149;-37.250210
5790130;-36.812496
5792157;-36.520191
5794118;-36.227570
5796115;-35.934593
5798126;-35.641212
5800113;-35.347527
5802112;-35.053448
5804157;-34.759064
5806134;-34.464298
5808144;-34.169235
5810130;-33.873833
5812134;-33.578053
5814163;-33.281986
5816114;-32.985546
5818121;-32.688828
5820119;-32.391785
5822113;-32.094376
5824164;-31.796694
5826154;-31.498655
5828148;-31.200352
5830131;-30.901695
5832135;-30.602777
5834131;-30.303558
5836163;-30.003994
5838128;-29.704180
5840111;-29.404026
5842113;-29.103630
5844113;-28.802944
5846161;-28.501930
5848127;-28.200680
5850114;-27.899105
5852107;-27.597300
5854115;-27.295177
5856115;-26.992834
5858167;-26.690266
5860140;-26.387346
5862130;-26.084209
5864132;-25.780769
5866129;-25.477119
5868163;-25.173223
5870114;-24.869028
5872116;-24.564634
5874113;-24.259953
5876114;-23.955076
5878121;-23.649920
5880169;-23.344574
5882137;-23.039000
5884141;-22.733150
5886135;-22.427124
5888150;-22.274027
5890164;-21.814363
5892117;-21.507681
5894113;-21.200739
5896108;-20.893637
5898130;-20.586279
5900220;-20.278767
5902163;-19.971006
5904140;-19.663097
5906135;-19.354994
5908148;-19.046650
5910126;-18.738169
5912163;-18.429453
5914118;-18.120604
5916106;-17.811575
5918119;-17.502325
5920112;-17.192945
5922247;-16.883352
5924134;-16.573639
5926133;-16.263714
5928154;-15.953678
5930135;-15.643482
5932137;-15.333086
5934158;-15.022585
5936111;-14.711889
5938129;-14.401094
5940112;-14.090158
5942111;-13.779036
5944110;-13.467825
5946160;-13.156433
5948146;-12.844959
5950137;-12.533358
5952133;-12.221586
5954133;-11.909742
5956159;-11.597732
5958128;-11.285654
5960114;-10.973418
5962112;-10.661121
5964111;-10.348720
5966111;-10.036215
5968175;-9.723612
5970137;-9.410866
5972132;-9.098074
5974130;-8.785192
5976130;-8.472176
5978164;-8.159123
5980120;-7.845943
5982112;-7.532733
5984111;-7.219401
5986109;-6.906045
5988128;-6.592622
5990162;-6.279085
5992135;-5.965534
5994142;-5.651876
5996134;-5.338211
5998144;-5.024493
6000157;-4.710677
6002118;-4.396863
6004116;-4.082958
6006116;-3.769059
6008126;-3.455077
6010116;-3.141107
6012159;-2.827107
6014139;-2.513031
6016134;-2.198978
6018154;-1.884856
6020133;-1.570763
6022217;-1.256654
6024134;-0.942485
6026133;-0.628354
6028147;-0.314170
6030136;0.000000
6032134;0.314159
6034163;0.628314
6036141;0.942464
6038141;1.099535
6040134;1.570732
6042133;1.884844
6044155;2.198937
6046109;2.513010
6048124;2.827056
6050113;3.141076
6052115;3.455064
6054111;3.769018
6056157;4.082935
6058155;4.396812
6060131;4.710645
6062128;5.024432
6064127;5.338169
6066157;5.651853
6068154;5.965482
6070129;6.279051
6072134;6.592560
6074132;6.906002
6076161;7.219377
6078127;7.532680
6080112;7.845909
6082114;8.159060
6084118;8.472132
6086113;8.785120
6088167;9.098021
6090136;9.410830
6092134;9.723549
6094134;10.036171
6096129;10.348695
6098168;10.661115
6100118;10.973431
6102113;11.285637
6104110;11.597733
6106109;11.909716
6108129;12.221580
6110163;12.533322
6112131;12.844942
6114138;13.156436
6116136;13.467797
6118145;13.779028
6120161;14.090122
6122115;14.401078
6124109;14.711891
6126121;15.022558
6128128;15.333078
6130111;15.643446
6132158;15.953660
6134138;16.263714
6136134;16.573612
6138148;16.883343
6140134;17.192907
6142158;17.502306
6144114;17.811527
6146109;18.120577
6148126;18.429445
6150114;18.738131
6152110;19.046633
6154164;19.354946
6156136;19.663071
6158141;19.970997
6160137;20.278728
6162130;20.586262
6164162;20.893587
6166113;21.200710
6168124;21.507624
6170118;21.814323
6172111;22.120808
6174115;22.427074
6176156;22.733122
6178150;23.038942
6180134;23.344534
6182134;23.649900
6184133;23.955029
6186162;24.259922
6188133;24.412279
6190111;24.868988
6192113;25.173155
6194117;25.477072
6196111;25.780737
6198167;26.084152
6200136;26.387304
6202131;26.690197
6204135;26.992828
6206131;27.295193
6208165;27.597290
6210116;27.899107
6212111;28.200657
6214111;28.501928
6216111;28.802910
6218178;29.103617
6220159;29.404032
6222141;29.704157
6224137;30.003988
6226133;30.303526
6228154;30.602762
6230160;30.901697
6232117;31.200329
6234107;31.498650
6236108;31.796661
6238120;32.094360
6240170;32.391743
6242159;32.688801
6244139;32.985538
6246133;33.281952
6248144;33.578037
6250131;33.873787
6252157;34.169209
6254136;34.464294
6256131;34.759029
6258142;35.053429
6260133;35.347485
6262133;35.641186
6264153;35.934536
6266132;36.227535
6268150;36.520176
6270135;36.812454
6272137;37.104370
6274158;37.395920
6276112;37.687099
6278119;37.977905
6280113;38.268341
6282115;38.558399
6284113;38.848072
6286158;39.137363
6288150;39.281864
6290134;39.714787
6292136;40.002911
6294130;40.290646
6296159;40.577976
6298158;40.864906
6300133;41.151436
6302133;41.437557
6304131;41.723270
6306157;42.008572
6308135;42.293461
6310114;42.577927
6312110;42.861973
6314109;43.145603
6316114;43.428806
6318175;43.711575
6320135;43.993916
6322132;44.275822
6324134;44.557289
6326132;44.838318
6328165;45.118908
6330114;45.399048
6332114;45.678741
6334110;45.957985
6336112;46.236774
6338126;46.375996
6340163;46.792980
6342141;47.070389
6344140;47.347336
6346138;47.623817
6348146;47.899826
6350158;48.175365
6352112;48.450424
6354115;48.725014
6356113;48.999115
6358125;49.272736
6360114;49.545868
6362154;49.818508
6364134;50.090660
6366134;50.362320
6368151;50.633476
6370132;50.904137
6372159;51.174294
6374112;51.443951
6376117;51.713097
6378130;51.981728
6380114;52.249855
6382165;52.517464
6384153;52.784550
6386138;53.051121
6388146;53.317158
6390127;53.582676
6392132;53.847664
6394158;54.112125
6396112;54.376041
6398126;54.639435
6400115;54.902279
6402115;55.164581
6404260;55.426346
6406136;55.687557
6408146;55.948223
6410131;56.208336
6412130;56.467896
6414130;56.726891
6416162;56.985329
6418148;57.243210
6420131;57.500523
6422131;57.757271
6424130;58.013447
6426159;58.269047
6428122;58.524071
6430109;58.778526
6432115;59.032394
6434115;59.285683
6436176;59.538383
6438169;59.790497
6440135;60.042023
6442131;60.292953
6444133;60.543285
6446131;60.668228
6448171;61.042168
6450117;61.290707
6452111;61.538635
6454113;61.785961
6456111;62.032669
6458272;62.278770
6460141;62.524265
6462135;62.769135
6464134;63.013386
6466131;63.257015
6468138;63.500015
6470158;63.742393
6472112;63.984142
6474110;64.225266
6476114;64.465744
6478125;64.705597
6480251;64.944801
6482140;65.183365
6484135;65.421295
6486135;65.658569
6488153;65.776978
6490130;66.131187
6492154;66.366508
6494118;66.601189
6496107;66.835197
6498132;67.068550
6500109;67.301247
6502178;67.533279
6504161;67.764648
6506135;67.995331
6508150;68.225357
6510134;68.454704
6512136;68.683380
6514161;68.911377
6516118;69.138695
6518121;69.365326
6520117;69.591278
6522114;69.816536
6524113;70.041107
6526161;70.264992
6528153;70.488182
6530132;70.710678
6532133;70.932472
6534135;71.153572
6536156;71.373955
6538127;71.483887
6540113;71.812630
6542111;72.030899
6544108;72.248459
6546112;72.465309
6548175;72.681450
6550135;72.896866
6552132;73.111557
6554133;73.325539
6556132;73.538788
6558169;73.751320
6560112;73.963112
6562114;74.174179
6564115;74.384514
6566112;74.594116
6568128;74.802986
6570167;75.011108
6572138;75.218498
6574142;75.425140
6576135;75.631042
6578151;75.836197
6580158;76.040596
6582114;76.244255
6584109;76.447151
6586111;76.649300
6588126;76.850693
6590167;77.051323
6592158;77.251198
6594137;77.450302
6596135;77.648651
6598151;77.846230
6600131;78.043045
6602160;78.239082
6604116;78.434349
6606113;78.628838
6608124;78.822556
6610114;79.015503
6612163;79.207657
6614157;79.399040
6616137;79.589638
6618146;79.779442
6620129;79.968468
6622133;80.156693
6624157;80.344131
6626114;80.530785
6628126;80.716637
6630111;80.901695
6632116;81.085953
6634161;81.269417
6636108;81.452065
6638127;81.543091
6640106;81.814972
6642111;81.995209
6644112;82.174637
6646156;82.353249
6648151;82.531059
6650135;82.708054
6652132;82.884232
6654130;83.059586
6656153;83.234123
6658130;83.407837
6660114;83.580734
6662112;83.752800
6664111;83.924042
6666112;84.094452
6668167;84.264038
6670136;84.432785
6672133;84.600708
6674129;84.767792
6676132;84.934029
6678165;85.099449
6680112;85.264008
6682115;85.427734
6684114;85.590622
6686111;85.752663
6688123;85.913857
6690160;86.074203
6692142;86.233688
6694134;86.392334
6696133;86.550125
6698147;86.707062
6700151;86.863152
6702118;87.018372
6704109;87.172737
6706116;87.326241
6708130;87.478882
6710112;87.630669
6712156;87.781578
6714139;87.931625
6716135;88.080803
6718149;88.229111
6720132;88.376549
6722162;88.523125
6724117;88.668823
6726112;88.813637
6728127;88.957581
6730108;89.100647
6732167;89.242828
6734156;89.384140
6736134;89.524559
6738144;89.664093
6740131;89.802757
6742133;89.940521
6744149;90.077400
6746113;90.213387
6748126;90.348495
6750119;90.482697
6752116;90.616020
6754279;90.748444
6756139;90.879967
6758148;91.010597
6760132;91.140327
6762130;91.269150
6764132;91.397087
6766160;91.524117
6768156;91.650238
6770131;91.775467
6772136;91.899780
6774131;92.023178
6776162;92.145683
6778127;92.267273
6780118;92.387947
6782112;92.507721
6784114;92.626572
6786111;92.744514
6788169;92.803139
6790140;92.977646
6792133;93.092834
6794130;93.207108
6796131;93.320465
6798169;93.432892
6800117;93.544403
6802109;93.654991
6804115;93.764648
6806114;93.873383
6808128;93.981194
6810168;94.088074
6812144;94.194031
6814137;94.299057
6816139;94.403145
6818155;94.506310
6820157;94.608536
6822115;94.709831
6824115;94.810196
6826108;94.909615
6828126;95.008102
6830111;95.105652
6832158;95.202271
6834133;95.297935
6836132;95.392670
6838151;95.486458
6840131;95.579300
6842161;95.671204
6844114;95.762169
6846112;95.852180
6848131;95.941254
6850113;96.029373
6852112;96.116547
6854161;96.202766
6856135;96.288040
6858148;96.372368
6860135;96.455742
6862129;96.538162
6864161;96.619637
6866116;96.700150
6868126;96.779709
6870111;96.858315
6872111;96.935966
6874157;97.012665
6876115;97.088394
6878130;97.163177
6880111;97.236992
6882109;97.309853
6884109;97.381752
6886158;97.452690
6888145;97.522667
6890133;97.591682
6892137;97.659721
6894129;97.726814
6896154;97.792938
6898130;97.858086
6900110;97.922287
6902116;97.985504
6904112;98.047760
6906112;98.109055
6908172;98.169373
6910140;98.228722
6912141;98.287109
6914133;98.344521
6916131;98.400963
6918163;98.456436
6920116;98.510933
6922112;98.564461
6924111;98.617020
6926111;98.668602
6928167;98.719200
6930118;98.768837
6932113;98.817490
6934116;98.865173
6936112;98.911880
6938125;98.934868
6940169;99.002365
6942141;99.046143
6944137;99.088943
6946141;99.130760
6948147;99.171608
6950160;99.211472
6952116;99.250359
6954109;99.288261
6956111;99.325188
6958123;99.361130
6960108;99.396095
6962158;99.430077
6964137;99.463081
6966133;99.495102
6968152;99.526146
6970132;99.556198
6972163;99.585274
6974121;99.613365
6976117;99.640472
6978127;99.666595
6980111;99.691734
6982163;99.715889
6984160;99.739059
6986136;99.761253
6988142;99.782455
6990137;99.802673
6992135;99.821907
6994161;99.840149
6996114;99.857422
6998130;99.873695
7000115;99.888985
7002108;99.903290
7004159;99.916611
7006116;99.928947
7008125;99.940292
7010111;99.950653
7012113;99.960030
7014112;99.968422
7016162;99.975815
7018149;99.982239
7020130;99.987663
7022128;99.992104
7024131;99.995560
7026156;99.998024
7028128;99.999504
7030112;100.000000
7032112;99.999504
7034113;99.998024
7036115;99.995560
7038162;99.993958
7040109;99.987663
7042110;99.982239
7044115;99.975815
7046110;99.968422
7048161;99.960030
7050112;99.950661
7052116;99.940292
7054112;99.928947
7056106;99.916611
7058128;99.903290
7060167;99.888985
7062142;99.873695
7064140;99.857422
7066139;99.840157
7068148;99.821907
7070160;99.802673
7072111;99.782455
7074115;99.761253
7076109;99.739059
7078128;99.715889
7080109;99.691734
7082159;99.666595
7084132;99.640472
7086124;99.613365
7088152;99.599442
7090134;99.556198
7092154;99.526146
7094117;99.495102
7096111;99.463081
7098118;99.430077
7100114;99.396095
7102113;99.361130
7104157;99.325188
7106131;99.288261
7108142;99.250359
7110131;99.211472
7112132;99.171608
7114160;99.130768
7116116;99.088943
7118131;99.046150
7120106;99.002365
7122116;98.957619
7124160;98.911888
7126111;98.865173
7128128;98.817497
7130111;98.768837
7132119;98.719200
7134112;98.668602
7136157;98.617020
7138152;98.564461
7140134;98.510933
7142135;98.456436
7144133;98.400970
7146156;98.344521
7148132;98.287109
7150117;98.228729
7152117;98.169380
7154115;98.109055
7156113;98.047768
7158174;97.985512
7160138;97.922287
7162135;97.858093
7164130;97.792938
7166133;97.726814
7168169;97.659729
7170137;97.591682
7172129;97.522667
7174131;97.452690
7176134;97.381760
7178168;97.309860
7180112;97.237000
7182113;97.163185
7184112;97.088402
7186111;97.012665
7188123;96.935974
7190169;96.858322
7192137;96.779716
7194142;96.700157
7196137;96.619637
7198142;96.538170
7200159;96.455750
7202113;96.372375
7204111;96.288048
7206117;96.202774
7208120;96.116547
7210109;96.029373
7212158;95.941254
7214137;95.852188
7216131;95.762169
7218147;95.671211
7220133;95.579308
7222158;95.486458
7224116;95.392670
7226112;95.297935
7228127;95.202271
7230107;95.105659
7232107;95.008110
7234158;94.909622
7236141;94.810196
7238148;94.760132
7240130;94.608536
7242132;94.506317
7244162;94.403152
7246114;94.299057
7248124;94.194038
7250114;94.088081
7252111;93.981201
7254106;93.873390
7256160;93.764648
7258157;93.654999
7260134;93.544411
7262128;93.432907
7264131;93.320465
7266157;93.207123
7268131;93.092850
7270112;92.977646
7272115;92.861542
7274112;92.744514
7276165;92.626579
7278171;92.507729
7280140;92.387955
7282130;92.267273
7284130;92.145691
7286135;92.023193
7288166;91.961601
7290118;91.775475
7292113;91.650246
7294111;91.524117
7296108;91.397095
7298179;91.269157
7300163;91.140327
7302142;91.010597
7304138;90.879974
7306138;90.748444
7308152;90.616020
7310164;90.482712
7312117;90.348503
7314108;90.213394
7316109;90.077415
7318125;89.940529
7320170;89.802765
7322156;89.664108
7324140;89.524567
7326134;89.384140
7328145;89.242844
7330135;89.100662
7332156;88.957588
7334119;88.813644
7336114;88.668823
7338129;88.523125
7340115;88.376564
7342173;88.229126
7344154;88.080811
7346135;87.931625
7348148;87.781578
7350131;87.630661
7352136;87.478897
7354156;87.326256
7356116;87.172745
7358124;87.018379
7360114;86.863152
7362109;86.707069
7364161;86.550140
7366155;86.392349
7368148;86.233696
7370133;86.074203
7372134;85.913857
7374131;85.752663
7376155;85.590630
7378155;85.427750
7380138;85.264015
7382128;85.099449
7384129;84.934029
7386159;84.767799
7388127;84.684357
7390112;84.432793
7392110;84.264038
7394108;84.094452
7396116;83.924034
7398176;83.752808
7400139;83.580734
7402136;83.407845
7404133;83.234116
7406130;83.059601
7408169;82.884232
7410123;82.708069
7412113;82.531075
7414111;82.353271
7416114;82.174644
7418182;81.995216
7420168;81.814972
7422137;81.633934
7424132;81.452087
7426138;81.269424
7428142;81.085960
7430153;80.901703
7432118;80.716637
7434119;80.530800
7436112;80.344147
7438123;80.156700
7440165;79.968468
7442154;79.779449
7444131;79.589630
7446123;79.399048
7448151;79.399048
7450134;79.015503
7452159;78.822556
7454112;78.628838
7456111;78.434341
7458126;78.239082
7460115;78.043053
7462259;77.846237
7464136;77.648666
7466130;77.450310
7468145;77.251205
7470137;77.051338
7472130;76.850708
7474161;76.649315
7476130;76.447166
7478149;76.244263
7480130;76.040604
7482130;75.836205
7484159;75.631050
7486113;75.425148
7488123;75.218498
7490110;75.011108
7492114;74.802986
7494110;74.594131
7496157;74.384521
7498155;74.174179
7500135;73.963112
7502137;73.751305
7504134;73.538780
7506155;73.325546
7508123;73.111565
7510109;72.896866
7512110;72.681442
7514111;72.465324
7516113;72.248474
7518174;72.030922
7520135;71.812645
7522129;71.593658
7524130;71.373962
7526136;71.153572
7528164;70.932480
7530113;70.710686
7532112;70.488205
7534117;70.265007
7536108;70.041122
7538126;69.928932
7540168;69.591293
7542143;69.365349
7544136;69.138702
7546133;68.911385
7548148;68.683395
7550157;68.454712
7552119;68.225380
7554111;67.995354
7556111;67.764648
7558132;67.533287
7560108;67.301247
7562159;67.068550
7564133;66.835213
7566135;66.601196
7568146;66.366539
7570138;66.131203
7572155;65.895226
7574119;65.658585
7576114;65.421318
7578123;65.183395
7580121;64.944824
7582112;64.705612
7584157;64.465759
7586135;64.225273
7588153;63.984169
7590134;63.742416
7592138;63.500034
7594165;63.257027
7596109;63.013393
7598128;62.769138
7600112;62.524284
7602107;62.278790
7604269;62.032688
7606135;61.785965
7608152;61.538635
7610131;61.290707
7612129;61.042183
7614130;60.793037
7616156;60.543293
7618150;60.292953
7620132;60.042034
7622133;59.790508
7624130;59.538414
7626158;59.285706
7628136;59.032417
7630116;58.778542
7632110;58.524086
7634115;58.269054
7636110;58.013470
7638173;57.757290
7640138;57.500542
7642134;57.243221
7644132;56.985344
7646130;56.726898
7648171;56.467915
7650114;56.208355
7652107;55.948238
7654113;55.687569
7656109;55.426353
7658123;55.164589
7660170;54.902298
7662142;54.639446
7664138;54.376053
7666136;54.112125
7668144;53.847664
7670159;53.582676
7672111;53.317173
7674114;53.051144
7676109;52.784573
7678121;52.517479
7680109;52.249874
7682159;51.981766
7684136;51.713127
7686132;51.443977
7688142;51.309196
7690132;50.904156
7692155;50.633492
7694119;50.362350
7696111;50.090683
7698126;49.818527
7700110;49.545879
7702111;49.272743
7704156;48.999119
7706137;48.725033
7708147;48.450447
7710136;48.175381
7712133;47.899837
7714161;47.623821
7716117;47.347336
7718126;47.070408
7720111;46.792992
7722116;46.515114
7724110;46.236778
7726161;45.957981
7728154;45.678757
7730135;45.399082
7732127;45.118935
7734129;44.838341
7736162;44.557308
7738134;44.275837
7740114;43.993927
7742109;43.711601
7744112;43.428825
7746115;43.145622
7748170;42.861992
7750138;42.577938
7752130;42.293461
7754130;42.008595
7756131;41.723286
7758164;41.437569
7760111;41.151443
7762115;40.864910
7764108;40.577976
7766115;40.290661
7768178;40.002926
7770164;39.714794
7772146;39.426277
7774133;39.137363
7776134;38.848068
7778147;38.558411
7780166;38.268349
7782119;37.977936
7784112;37.687119
7786114;37.395935
7788129;37.250214
7790114;36.812485
7792159;36.520203
7794137;36.227558
7796129;35.934555
7798148;35.641201
7800133;35.347488
7802158;35.053455
7804111;34.759052
7806108;34.464306
7808123;34.169220
7810112;33.873795
7812109;33.578037
7814159;33.281975
7816143;32.985558
7818143;32.688812
7820136;32.391747
7822133;32.094360
7824160;31.796658
7826115;31.498665
7828128;31.200336
7830109;30.901703
7832113;30.602762
7834113;30.303522
7836159;30.004025
7838147;29.854134
7840134;29.404058
7842133;29.103638
7844129;28.802931
7846176;28.501940
7848152;28.200689
7850134;27.899137
7852133;27.597309
7854132;27.295212
7856132;26.992840
7858173;26.690207
7860135;26.387331
7862127;26.084169
7864128;25.780756
7866134;25.477085
7868164;25.173161
7870116;24.868990
7872111;24.564596
7874117;24.259939
7876115;23.955040
7878124;23.649906
7880166;23.344538
7882147;23.038939
7884132;22.733135
7886134;22.427086
7888145;22.120813
7890158;21.814348
7892114;21.507641
7894114;21.200726
7896112;20.893621
7898121;20.586288
7900158;20.278751
7902113;19.971016
7904111;19.663082
7906112;19.354956
7908123;19.046659
7910114;18.738153
7912147;18.429462
7914113;18.120588
7916116;17.811537
7918122;17.502310
7920118;17.192932
7922161;16.883362
7924113;16.573624
7926109;16.263723
7928126;15.953663
7930113;15.643445
7932114;15.333096
7934159;15.022570
7936120;14.711897
7938126;14.401080
7940115;14.090120
7942112;13.779022
7944156;13.467834
7946113;13.156466
7948129;12.844968
7950109;12.533342
7952113;12.221595
7954170;11.909726
7956161;11.597764
7958148;11.285663
7960129;10.973451
7962129;10.661130
7964130;10.348703
7966152;10.036177
7968121;9.723573
7970115;9.410850
7972111;9.098034
7974115;8.785129
7976159;8.472136
7978129;8.159060
7980111;7.845928
7982115;7.532693
7984115;7.219385
7986112;6.906006
7988175;6.749302
7990136;6.279069
7992129;5.965495
7994132;5.651861
7996132;5.338172
7998170;5.024454
8000119;4.710662
8002111;4.396848
8004111;4.082967
8006115;3.769045
8008131;3.455086
8010168;3.141093
8012140;2.827068
8014134;2.513040
8016135;2.198963
8018144;1.884865
8020161;1.570747
8022114;1.256615
8024107;0.942470
8026114;0.628339
8028128;0.314179
8030114;0.000015
8032158;-0.314149
8034138;-0.628309
8036131;-0.942463
8038144;-1.099525
8040131;-1.570717
8042156;-1.884835
8044116;-2.198933
8046114;-2.513010
8048129;-2.827062
8050110;-3.141062
8052166;-3.455031
8054147;-3.768990
8056118;-4.082912
8058129;-4.396794
8060115;-4.710632
8062114;-5.024400
8064160;-5.338142
8066111;-5.651831
8068126;-5.965465
8070115;-6.279039
8072111;-6.592552
8074162;-6.905976
8076118;-7.219356
8078120;-7.532664
8080111;-7.845898
8082112;-8.159054
8084116;-8.472131
8086160;-8.785099
8088148;-9.098004
8090134;-9.410820
8092137;-9.723543
8094138;-10.036171
8096161;-10.348699
8098131;-10.661099
8100109;-10.973421
8102115;-11.285633
8104115;-11.597733
8106115;-11.909697
8108166;-12.221565
8110137;-12.533291
8112130;-12.844914
8114136;-13.156412
8116131;-13.467780
8118169;-13.779016
8120120;-14.090115
8122118;-14.401050
8124115;-14.711868
8126113;-15.022542
8128124;-15.333065
8130165;-15.643438
8132142;-15.953633
8134132;-16.263695
8136138;-16.573595
8138137;-16.728497
8140158;-17.192902
8142111;-17.502304
8144114;-17.811506
8146114;-18.120560
8148123;-18.429432
8150114;-18.738123
8152156;-19.046631
8154138;-19.354950
8156132;-19.663054
8158139;-19.970985
8160129;-20.278700
8162157;-20.586235
8164122;-20.893570
8166115;-21.200695
8168123;-21.507589
8170115;-21.814295
8172283;-22.120785
8174136;-22.427057
8176135;-22.733107
8178142;-23.038933
8180135;-23.344507
8182131;-23.649876
8184161;-23.955011
8186135;-24.259909
8188150;-24.564569
8190127;-24.868984
8192132;-25.173134
8194312;-25.477055
8196145;-25.780725
8198149;-26.084143
8200131;-26.387300
8202132;-26.690201
8204130;-26.992813
8206150;-27.295181
8208131;-27.597281
8210110;-27.899107
8212114;-28.200659
8214111;-28.501909
8216308;-28.802877
8218155;-29.103586
8220129;-29.404009
8222132;-29.704138
8224133;-30.003973
8226132;-30.303516
8228175;-30.602736
8230139;-30.901674
8232132;-31.200310
8234131;-31.498638
8236130;-31.796652
8238176;-32.094357
8240133;-32.391720
8242128;-32.688786
8244131;-32.985527
8246134;-33.281944
8248148;-33.578033
8250164;-33.873791
8252146;-34.169189
8254138;-34.464279
8256132;-34.759026
8258156;-35.053425
8260161;-35.347485
8262112;-35.641193
8264115;-35.934525
8266118;-36.227528
8268129;-36.520149
8270114;-36.812435
8272160;-37.104355
8274136;-37.395885
8276131;-37.687073
8278148;-37.977882
8280135;-38.268322
8282155;-38.558380
8284114;-38.848064
8286112;-39.137337
8288116;-39.281853
8290114;-39.714767
8292113;-40.002899
8294158;-40.290634
8296133;-40.577969
8298144;-40.864883
8300130;-41.151417
8302131;-41.437542
8304159;-41.723259
8306118;-42.008568
8308129;-42.293461
8310112;-42.577911
8312113;-42.861965
8314171;-43.145596
8316136;-43.428799
8318149;-43.711575
8320132;-43.993919
8322129;-44.275787
8324133;-44.557262
8326142;-44.838295
8328132;-45.118885
8330113;-45.399033
8332115;-45.678730
8334116;-45.957954
8336160;-46.236752
8338129;-46.515087
8340110;-46.792965
8342118;-47.070381
8344113;-47.347332
8346111;-47.623795
8348171;-47.899811
8350141;-48.175350
8352136;-48.450413
8354131;-48.725002
8356132;-48.999111
8358169;-49.272713
8360112;-49.545849
8362111;-49.818497
8364112;-50.090652
8366118;-50.362312
8368285;-50.633476
8370144;-50.904125
8372134;-51.174290
8374130;-51.443947
8376134;-51.713074
8378139;-51.981712
8380160;-52.249836
8382137;-52.517433
8384131;-52.784519
8386127;-53.051098
8388148;-53.317142
8390159;-53.582661
8392117;-53.847660
8394117;-54.112095
8396112;-54.376022
8398120;-54.639416
8400118;-54.902267
8402159;-55.164574
8404136;-55.426342
8406130;-55.687542
8408141;-55.948212
8410131;-56.208324
8412156;-56.467884
8414114;-56.726891
8416114;-56.985329
8418122;-57.243191
8420110;-57.500511
8422113;-57.757259
8424157;-58.013439
8426140;-58.269047
8428153;-58.524078
8430136;-58.778496
8432135;-59.032368
8434156;-59.285660
8436113;-59.538364
8438131;-59.664490
8440113;-60.041992
8442115;-60.292923
8444117;-60.543270
8446159;-60.793011
8448150;-60.917645
8450135;-61.290695
8452132;-61.538612
8454135;-61.785934
8456161;-62.032658
8458130;-62.278767
8460115;-62.524254
8462116;-62.769127
8464109;-63.013363
8466164;-63.256996
8468175;-63.500004
8470136;-63.742386
8472134;-63.984142
8474131;-64.225266
8476135;-64.465729
8478174;-64.705582
8480130;-64.944801
8482131;-65.183365
8484129;-65.421280
8486134;-65.658554
8488171;-65.895172
8490115;-66.131157
8492116;-66.366493
8494117;-66.601166
8496114;-66.835190
8498121;-67.068550
8500157;-67.301224
8502140;-67.533264
8504137;-67.764626
8506135;-67.995323
8508148;-68.225349
8510155;-68.454704
8512112;-68.683365
8514112;-68.911362
8516112;-69.138680
8518124;-69.365326
8520117;-69.591270
8522157;-69.816536
8524137;-70.041100
8526133;-70.264984
8528143;-70.488174
8530135;-70.710670
8532160;-70.932472
8534113;-71.153572
8536114;-71.373947
8538120;-71.483871
8540111;-71.812607
8542112;-72.030884
8544154;-72.248444
8546132;-72.465302
8548150;-72.681419
8550130;-72.896843
8552129;-73.111549
8554162;-73.325523
8556118;-73.538780
8558119;-73.751305
8560118;-73.963097
8562115;-74.174164
8564116;-74.384499
8566157;-74.594101
8568149;-74.802979
8570133;-75.011101
8572132;-75.218483
8574128;-75.425125
8576153;-75.631035
8578131;-75.836189
8580111;-76.040581
8582115;-76.244255
8584111;-76.447144
8586285;-76.649307
8588150;-76.750092
8590132;-77.051308
8592131;-77.251175
8594132;-77.450302
8596131;-77.648628
8598171;-77.846230
8600138;-78.043022
8602135;-78.239052
8604135;-78.434334
8606132;-78.628822
8608168;-78.822556
8610114;-79.015488
8612115;-79.207634
8614111;-79.399033
8616113;-79.589615
8618124;-79.779442
8620162;-79.968452
8622138;-80.156693
8624138;-80.344131
8626135;-80.530762
8628150;-80.716637
8630158;-80.901680
8632111;-81.085953
8634114;-81.269409
8636119;-81.452049
8638128;-81.633919
8640114;-81.814957
8642159;-81.995216
8644140;-82.174629
8646136;-82.353264
8648145;-82.531059
8650132;-82.708046
8652163;-82.884232
8654116;-83.059578
8656116;-83.234131
8658123;-83.407837
8660108;-83.580719
8662107;-83.752808
8664162;-83.924034
8666128;-84.094467
8668150;-84.264030
8670137;-84.432808
8672133;-84.600685
8674152;-84.767761
8676117;-84.934021
8678127;-85.099419
8680110;-85.264000
8682111;-85.427719
8684113;-85.590591
8686154;-85.752647
8688149;-85.913834
8690134;-86.074188
8692131;-86.233673
8694131;-86.392334
8696145;-86.550117
8698125;-86.707047
8700116;-86.863136
8702114;-87.018356
8704110;-87.172737
8706158;-87.326225
8708131;-87.478867
8710115;-87.630653
8712113;-87.781563
8714112;-87.931618
8716113;-88.080795
8718158;-88.229118
8720117;-88.376549
8722121;-88.523109
8724118;-88.668816
8726113;-88.813629
8728170;-88.957581
8730112;-89.100639
8732108;-89.242813
8734111;-89.384140
8736111;-89.524551
8738128;-89.594421
8740161;-89.802750
8742138;-89.940506
8744140;-90.077400
8746139;-90.213379
8748153;-90.348495
8750187;-90.482697
8752162;-90.616020
8754136;-90.748444
8756135;-90.879959
8758150;-91.010597
8760132;-91.140320
8762159;-91.269165
8764116;-91.397079
8766113;-91.524109
8768127;-91.650238
8770113;-91.775452
8772114;-91.899780
8774152;-92.023178
8776131;-92.145691
8778146;-92.267273
8780128;-92.387924
8782129;-92.507706
8784153;-92.626556
8786117;-92.744507
8788120;-92.803131
8790112;-92.977623
8792113;-93.092827
8794279;-93.207092
8796135;-93.320450
8798141;-93.432877
8800132;-93.544403
8802130;-93.654976
8804133;-93.764633
8806156;-93.873383
8808129;-93.981186
8810113;-94.088074
8812110;-94.194016
8814113;-94.299034
8816171;-94.403145
8818169;-94.506294
8820140;-94.608536
8822130;-94.709824
8824132;-94.810196
8826132;-94.909607
8828174;-95.008095
8830137;-95.105652
8832132;-95.202255
8834127;-95.297935
8836133;-95.392662
8838193;-95.486443
8840136;-95.579300
8842133;-95.671204
8844129;-95.762169
8846133;-95.852180
8848149;-95.941254
8850163;-96.029373
8852135;-96.116539
8854133;-96.202766
8856139;-96.288040
8858148;-96.372375
8860166;-96.455742
8862110;-96.538162
8864115;-96.619637
8866110;-96.700150
8868129;-96.779716
8870114;-96.858315
8872161;-96.935974
8874143;-97.012665
8876132;-97.088394
8878154;-97.163177
8880129;-97.236992
8882157;-97.309860
8884120;-97.381752
8886108;-97.452690
8888126;-97.487793
8890111;-97.591667
8892115;-97.659721
8894159;-97.726807
8896137;-97.792923
8898149;-97.858086
8900140;-97.922272
8902127;-97.985497
8904163;-98.047760
8906119;-98.109047
8908126;-98.169365
8910113;-98.228714
8912115;-98.287109
8914112;-98.344513
8916158;-98.400963
8918151;-98.456429
8920134;-98.510925
8922137;-98.564461
8924132;-98.617012
8926161;-98.668594
8928127;-98.719200
8930109;-98.768837
8932115;-98.817490
8934112;-98.865166
8936115;-98.911880
8938166;-98.957611
8940133;-99.002365
8942135;-99.046143
8944135;-99.088936
8946132;-99.130760
8948163;-99.171600
8950112;-99.211472
8952105;-99.250351
8954115;-99.288261
8956109;-99.325188
8958169;-99.361130
8960115;-99.396095
8962118;-99.430077
8964113;-99.463081
8966117;-99.495102
8968125;-99.526138
8970166;-99.556198
8972120;-99.585274
8974119;-99.613365
8976119;-99.640472
8978130;-99.666595
8980114;-99.691734
8982158;-99.715889
8984136;-99.739059
8986135;-99.761246
8988153;-99.782455
8990131;-99.802673
8992154;-99.821907
8994115;-99.840157
8996115;-99.857414
8998124;-99.873695
9000113;-99.888985
9002168;-99.903290
9004156;-99.916611
9006133;-99.928947
9008153;-99.940292
9010136;-99.950653
9012131;-99.960030
9014153;-99.968414
9016116;-99.975815
9018129;-99.982231
9020115;-99.987663
9022114;-99.992104
9024302;-99.995560
9026141;-99.998024
9028145;-99.999504
9030133;-100.000000
9032128;-99.999504
9034130;-99.998024
9036145;-99.995560
9038127;-99.993958
9040111;-99.987663
9042115;-99.982239
9044113;-99.975815
9046283;-99.968422
9048151;-99.960030
9050140;-99.950661
9052131;-99.940292
9054135;-99.928955
9056135;-99.916611
9058166;-99.903297
9060109;-99.888985
9062115;-99.873695
9064110;-99.857422
9066115;-99.840157
9068209;-99.821907
9070136;-99.802673
9072139;-99.782455
9074134;-99.761253
9076133;-99.739059
9078146;-99.715897
9080157;-99.691734
9082130;-99.666595
9084130;-99.640472
9086132;-99.613365
9088141;-99.585274
9090160;-99.556198
9092117;-99.526146
9094114;-99.495102
9096115;-99.463081
9098123;-99.430084
9100111;-99.396095
9102159;-99.361130
9104132;-99.325195
9106131;-99.288269
9108146;-99.250359
9110130;-99.211479
9112172;-99.171616
9114137;-99.130768
9116133;-99.088951
9118146;-99.046150
9120133;-99.002373
9122133;-98.957619
9124148;-98.911888
9126116;-98.865181
9128127;-98.817497
9130112;-98.768845
9132110;-98.719200
9134168;-98.668602
9136138;-98.617020
9138149;-98.564461
9140132;-98.510941
9142132;-98.456436
9144134;-98.400970
9146143;-98.344528
9148123;-98.287109
9150114;-98.228737
9152115;-98.169373
9154113;-98.109062
9156167;-98.047760
9158127;-97.985512
9160109;-97.922287
9162113;-97.858093
9164112;-97.792938
9166118;-97.726814
9168174;-97.659729
9170139;-97.591690
9172126;-97.522667
9174134;-97.452698
9176134;-97.381752
9178170;-97.309860
9180117;-97.236992
9182117;-97.163177
9184114;-97.088402
9186116;-97.012665
9188122;-96.974442
9190164;-96.858315
9192141;-96.779716
9194139;-96.700165
9196141;-96.619637
9198147;-96.538177
9200165;-96.455742
9202113;-96.372375
9204109;-96.288055
9206109;-96.202766
9208126;-96.116547
9210283;-96.029381
9212138;-95.941261
9214132;-95.852188
9216133;-95.762184
9218143;-95.671227
9220133;-95.579315
9222151;-95.486473
9224116;-95.392677
9226106;-95.297951
9228123;-95.202286
9230114;-95.105667
9232155;-95.008125
9234109;-94.909630
9236109;-94.810204
9238122;-94.709839
9240112;-94.608551
9242120;-94.506332
9244162;-94.403160
9246138;-94.299072
9248140;-94.194038
9250133;-94.088089
9252133;-93.981209
9254161;-93.873390
9256115;-93.764671
9258121;-93.654999
9260117;-93.544418
9262116;-93.432899
9264109;-93.320473
9266157;-93.207130
9268145;-93.092850
9270137;-92.977661
9272134;-92.861542
9274129;-92.744522
9276156;-92.626587
9278122;-92.507729
9280113;-92.387970
9282106;-92.267273
9284111;-92.145691
9286115;-92.023178
9288174;-91.961601
9290135;-91.775475
9292128;-91.650238
9294127;-91.524124
9296132;-91.397079
9298165;-91.269165
9300114;-91.140343
9302106;-91.010597
9304117;-90.879974
9306113;-90.748444
9308134;-90.616020
9310164;-90.482697
9312146;-90.348495
9314134;-90.213409
9316133;-90.077400
9318151;-89.940552
9320158;-89.802773
9322119;-89.664124
9324113;-89.524590
9326117;-89.384155
9328130;-89.242867
9330113;-89.100662
9332161;-88.957611
9334138;-88.813675
9336134;-88.668839
9338149;-88.596107
9340131;-88.376579
9342163;-88.229141
9344113;-88.080818
9346120;-87.931648
9348119;-87.781609
9350112;-87.630676
9352110;-87.478905
9354158;-87.326256
9356139;-87.172760
9358152;-87.018402
9360130;-86.863159
9362128;-86.707092
9364155;-86.550140
9366118;-86.392357
9368127;-86.233696
9370113;-86.074211
9372115;-85.913879
9374111;-85.752670
9376159;-85.590645
9378152;-85.427742
9380133;-85.264030
9382130;-85.099472
9384132;-84.934044
9386160;-84.767807
9388132;-84.600708
9390117;-84.432808
9392112;-84.264030
9394114;-84.094467
9396112;-83.924065
9398178;-83.752808
9400137;-83.580742
9402131;-83.407837
9404129;-83.234131
9406134;-83.059608
9408199;-82.884232
9410169;-82.708069
9412143;-82.531059
9414141;-82.353264
9416136;-82.174629
9418154;-81.995216
9420159;-81.814980
9422118;-81.633919
9424112;-81.452080
9426117;-81.269432
9428124;-81.085983
9430116;-80.901741
9432157;-80.716667
9434135;-80.530823
9436135;-80.344162
9438147;-80.156731
9440133;-79.968475
9442156;-79.779472
9444117;-79.589668
9446116;-79.399063
9448126;-79.207695
9450114;-79.207695
9452110;-78.822586
9454158;-78.628883
9456135;-78.434364
9458150;-78.239113
9460131;-78.043053
9462133;-77.846252
9464160;-77.648659
9466119;-77.450325
9468122;-77.251228
9470113;-77.051338
9472110;-76.850716
9474109;-76.649307
9476157;-76.447174
9478156;-76.244286
9480133;-76.040611
9482129;-75.836220
9484134;-75.631042
9486165;-75.425163
9488125;-75.321938
9490113;-75.011124
9492111;-74.803009
9494115;-74.594131
9496115;-74.384537
9498175;-74.174179
9500132;-73.963127
9502131;-73.751343
9504134;-73.538795
9506132;-73.325554
9508169;-73.111557
9510119;-72.896873
9512116;-72.681473
9514109;-72.465317
9516114;-72.248482
9518123;-72.030899
9520166;-71.812645
9522136;-71.593643
9524135;-71.373962
9526137;-71.153580
9528152;-70.932472
9530154;-70.710686
9532118;-70.488174
9534112;-70.265030
9536111;-70.041168
9538126;-69.928940
9540113;-69.591324
9542160;-69.365349
9544129;-69.138733
9546131;-68.911400
9548145;-68.683418
9550134;-68.454758
9552155;-68.225388
9554113;-67.995377
9556108;-67.764664
9558126;-67.533310
9560114;-67.301300
9562164;-67.068581
9564160;-66.835243
9566135;-66.601204
9568151;-66.366539
9570130;-66.131195
9572131;-65.895233
9574158;-65.658607
9576116;-65.421310
9578125;-65.183403
9580113;-64.944817
9582108;-64.705620
9584289;-64.465782
9586136;-64.225281
9588150;-63.984180
9590134;-63.742405
9592136;-63.500046
9594136;-63.257015
9596164;-63.013405
9598131;-62.769161
9600115;-62.524269
9602112;-62.278801
9604114;-62.032677
9606282;-61.785976
9608152;-61.538666
9610131;-61.290710
9612137;-61.042191
9614133;-60.793030
9616130;-60.543304
9618170;-60.292946
9620132;-60.042030
9622132;-59.790524
9624130;-59.538383
9626129;-59.285694
9628301;-59.032387
9630138;-58.778530
9632133;-58.524097
9634132;-58.269047
9636128;-58.013458
9638143;-57.885448
9640157;-57.500530
9642115;-57.243275
9644109;-56.985371
9646111;-56.726944
9648131;-56.467926
9650163;-56.208385
9652155;-55.948246
9654136;-55.687599
9656131;-55.426399
9658151;-55.164616
9660129;-54.902328
9662161;-54.639454
9664121;-54.376083
9666114;-54.112179
9668119;-53.847694
9670109;-53.582722
9672157;-53.317184
9674117;-53.051155
9676112;-52.784561
9678129;-52.517490
9680115;-52.249901
9682115;-51.981754
9684158;-51.713135
9686134;-51.443966
9688139;-51.174332
9690130;-50.904186
9692132;-50.633503
9694156;-50.362354
9696116;-50.090675
9698131;-49.818539
9700113;-49.545868
9702119;-49.272751
9704115;-48.999153
9706157;-48.725025
9708144;-48.450455
9710130;-48.175369
9712136;-47.899849
9714133;-47.623856
9716156;-47.347351
9718131;-47.070419
9720116;-46.792984
9722111;-46.515125
9724109;-46.236767
9726113;-45.957993
9728176;-45.678772
9730140;-45.399052
9732134;-45.118927
9734132;-44.838314
9736130;-44.557304
9738170;-44.275848
9740118;-43.993916
9742116;-43.711594
9744112;-43.428795
9746114;-43.145615
9748128;-42.861961
9750164;-42.577972
9752136;-42.293518
9754139;-42.008610
9756139;-41.723324
9758145;-41.437584
9760157;-41.151478
9762118;-40.864967
9764119;-40.578011
9766113;-40.290695
9768116;-40.002937
9770162;-39.714832
9772159;-39.426334
9774139;-39.137398
9776131;-38.848125
9778143;-38.558422
9780132;-38.268383
9782155;-37.977924
9784135;-37.687134
9786132;-37.395973
9788145;-37.250210
9790133;-36.812496
9792163;-36.520191
9794107;-36.227570
9796113;-35.934593
9798120;-35.641212
9800109;-35.347527
9802115;-35.053448
9804162;-34.759064
9806139;-34.464298
9808148;-34.169235
9810136;-33.873833
9812134;-33.578053
9814155;-33.281986
9816110;-32.985546
9818122;-32.688828
9820112;-32.391785
9822109;-32.094376
9824160;-31.796694
9826157;-31.498655
9828151;-31.200352
9830138;-30.901695
9832135;-30.602777
9834128;-30.303558
9836162;-30.003994
9838121;-29.704180
9840112;-29.404026
9842109;-29.103630
9844105;-28.802944
9846166;-28.501930
9848131;-28.200680
9850115;-27.899105
9852113;-27.597300
9854116;-27.295177
9856117;-26.992834
9858176;-26.690266
9860140;-26.387346
9862133;-26.084209
9864131;-25.780769
9866127;-25.477119
9868169;-25.173223
9870116;-24.869028
9872110;-24.564634
9874110;-24.259953
9876119;-23.955076
9878127;-23.649920
9880170;-23.344574
9882138;-23.039000
9884132;-22.733150
9886140;-22.427124
9888142;-22.120829
9890156;-21.814363
9892117;-21.507681
9894115;-21.200739
9896116;-20.893637
9898125;-20.586279
9900112;-20.278767
9902157;-19.971006
9904132;-19.663097
9906130;-19.354994
9908154;-19.046650
9910132;-18.738169
9912156;-18.429453
9914118;-18.120604
9916110;-17.811575
9918124;-17.502325
9920112;-17.192945
9922167;-16.883352
9924135;-16.573639
9926131;-16.263714
9928151;-15.953678
9930132;-15.643482
9932127;-15.333086
9934161;-15.022585
9936115;-14.711889
9938135;-14.556509
9940110;-14.090158
9942110;-13.779036
9944112;-13.467825
9946158;-13.156433
9948147;-12.844959
9950137;-12.533358
9952130;-12.221586
9954133;-11.909742
9956158;-11.597732
9958130;-11.285654
9960116;-10.973418
9962109;-10.661121
9964113;-10.348720
9966116;-10.036215
9968171;-9.723612
9970135;-9.410866
9972135;-9.098074
9974132;-8.785192
9976135;-8.472176
9978166;-8.159123
9980115;-7.845943
9982112;-7.532733
9984114;-7.219401
9986112;-6.906045
9988128;-6.592622
9990162;-6.279085
9992140;-5.965534
9994135;-5.651876
9996143;-5.338211
9998154;-5.024493
10000162;-4.710677
10002118;-4.396863
10004113;-4.082958
10006116;-3.769059
10008119;-3.455077
10010114;-3.141107
10012159;-2.827107
10014139;-2.513031
10016131;-2.198978
10018144;-1.884856
10020135;-1.570763
10022159;-1.256654
10024121;-0.942485
10026113;-0.628354
10028120;-0.314170
10030111;0.000000
10032116;0.314159
10034161;0.628314
10036137;0.942464
10038151;1.099535
10040128;1.570732
10042128;1.884844
10044164;2.198937
10046111;2.513010
10048132;2.827056
10050115;3.141076
10052114;3.455064
10054110;3.769018
10056151;4.082935
10058150;4.396812
10060133;4.710645
10062131;5.024432
10064131;5.338169
10066157;5.651853
10068127;5.965482
10070112;6.279051
10072117;6.592560
10074114;6.906002
10076276;7.219377
10078156;7.532680
10080137;7.845909
10082132;8.159060
10084134;8.472132
10086130;8.785120
10088165;8.941581
10090110;9.410830
10092111;9.723549
10094116;10.036171
10096114;10.348695
10098127;10.661115
10100167;10.973431
10102144;11.285637
10104139;11.597733
10106135;11.909716
10108153;12.221580
10110161;12.533322
10112117;12.844942
10114117;13.156436
10116111;13.467797
10118126;13.779028
10120108;14.090122
10122158;14.401078
10124135;14.711891
10126132;15.022558
10128148;15.333078
10130133;15.643446
10132157;15.953660
10134115;16.263714
10136115;16.573612
10138123;16.883343
10140107;17.192907
10142153;17.502306
10144116;17.811527
10146116;18.120577
10148119;18.429445
10150113;18.738131
10152114;19.046633
10154143;19.354946
10156116;19.663071
10158127;19.970997
10160116;20.278728
10162113;20.586262
10164162;20.893587
10166118;21.200710
10168126;21.507624
10170110;21.814323
10172119;22.120808
10174112;22.427074
10176148;22.733122
10178128;23.038942
10180115;23.344534
10182113;23.649900
10184117;23.955029
10186163;24.259922
10188126;24.564575
10190111;24.868988
10192112;25.173155
10194114;25.477072
10196110;25.780737
10198170;26.084152
10200139;26.387304
10202133;26.690197
10204134;26.992828
10206131;27.295193
10208170;27.597290
10210116;27.899107
10212112;28.200657
10214110;28.501928
10216108;28.802910
10218122;29.103617
10220167;29.404032
10222140;29.704157
10224140;30.003988
10226138;30.303526
10228152;30.602762
10230160;30.901697
10232124;31.200329
10234105;31.498650
10236107;31.796661
10238124;31.945551
10240199;32.391743
10242133;32.688801
10244132;32.985538
10246132;33.281952
10248151;33.578037
10250133;33.873787
10252158;34.169209
10254137;34.464294
10256136;34.759029
10258151;35.053429
10260132;35.347485
10262157;35.641186
10264119;35.934536
10266116;36.227535
10268126;36.520176
10270113;36.812454
10272115;37.104370
10274158;37.395920
10276140;37.687099
10278140;37.977905
10280133;38.268341
10282131;38.558399
10284158;38.848072
10286111;39.137363
10288122;39.281864
10290109;39.714787
10292113;40.002911
10294117;40.290646
10296157;40.577976
10298147;40.864906
10300134;41.151436
10302129;41.437557
10304130;41.723270
10306160;42.008572
10308128;42.293461
10310111;42.577927
10312110;42.861973
10314119;43.145603
10316170;43.428806
10318165;43.711575
10320133;43.993916
10322133;44.275822
10324127;44.557289
10326131;44.838318
10328168;45.118908
10330121;45.399048
10332109;45.678741
10334114;45.957985
10336112;46.236774
10338182;46.515102
10340159;46.792980
10342140;47.070389
10344139;47.347336
10346139;47.623817
10348151;47.899826
10350161;48.175365
10352141;48.450424
10354125;48.725014
10356136;48.999115
10358138;49.272736
10360156;49.545868
10362118;49.818508
10364114;50.090660
10366119;50.362320
10368128;50.633476
10370111;50.904137
10372159;51.174294
10374135;51.443951
10376131;51.713097
10378149;51.981728
10380134;52.249855
10382154;52.517464
10384119;52.784550
10386114;53.051121
10388127;53.184204
10390118;53.582676
10392186;53.847664
10394139;54.112125
10396127;54.376041
10398146;54.639435
10400136;54.902279
10402126;55.164581
10404149;55.426346
10406116;55.687557
10408123;55.948223
10410112;56.208336
10412118;56.467896
10414159;56.726891
10416114;56.985329
10418124;57.243210
10420115;57.500523
10422113;57.757271
10424109;58.013447
10426157;58.269047
10428148;58.524071
10430134;58.778526
10432132;59.032394
10434134;59.285683
10436154;59.538383
10438132;59.790497
10440109;60.042023
10442112;60.292953
10444113;60.543285
10446115;60.793026
10448175;61.042168
10450140;61.166508
10452130;61.538635
10454134;61.785961
10456133;62.032669
10458171;62.278770
10460116;62.524265
10462112;62.769135
10464112;63.013386
10466108;63.257015
10468130;63.500015
10470157;63.742393
10472139;63.984142
10474138;64.225266
10476135;64.465744
10478156;64.705597
10480158;64.944801
10482120;65.183365
10484111;65.421295
10486117;65.658569
10488123;65.895203
10490110;66.131187
10492156;66.366508
10494131;66.601189
10496132;66.835197
10498145;67.068550
10500130;67.301247
10502156;67.533279
10504117;67.764648
10506111;67.995331
10508125;68.225357
10510114;68.454704
10512116;68.683380
10514158;68.911377
10516133;69.138695
10518146;69.365326
10520134;69.591278
10522134;69.816536
10524159;70.041107
10526116;70.264992
10528123;70.488182
10530109;70.710678
10532115;70.932472
10534183;71.153572
10536135;71.373955
10538139;71.483887
10540133;71.812630
10542129;72.030899
10544132;72.248459
10546163;72.465309
10548154;72.681450
10550134;72.896866
10552128;73.111557
10554133;73.325539
10556189;73.538788
10558153;73.751320
10560131;73.963112
10562133;74.174179
10564129;74.384514
10566134;74.594116
10568169;74.802986
10570134;75.011108
10572136;75.218498
10574133;75.425140
10576130;75.631042
10578165;75.836197
10580121;76.040596
10582115;76.244255
10584112;76.447151
10586111;76.649300
10588170;76.850693
10590113;77.051323
10592113;77.251198
10594112;77.450302
10596112;77.648651
10598124;77.846230
10600159;78.043045
10602144;78.239082
10604138;78.434349
10606135;78.628838
10608145;78.822556
10610163;79.015503
10612123;79.207657
10614111;79.399040
10616109;79.589638
10618124;79.779442
10620110;79.968468
10622158;80.156693
10624136;80.344131
10626135;80.530785
10628152;80.716637
10630130;80.901695
10632158;81.085953
10634118;81.269417
10636110;81.452065
10638129;81.633926
10640108;81.814972
10642113;81.995209
10644161;82.174637
10646136;82.353249
10648145;82.531059
10650134;82.708054
10652132;82.884232
10654154;83.059586
10656117;83.234123
10658125;83.407837
10660109;83.580734
10662113;83.752800
10664117;83.924042
10666162;84.094452
10668156;84.264038
10670133;84.432785
10672130;84.600708
10674130;84.767792
10676159;84.934029
10678133;85.099449
10680113;85.264008
10682113;85.427734
10684114;85.590622
10686113;85.752663
10688169;85.833366
10690135;86.074203
10692131;86.233688
10694127;86.392334
10696130;86.550125
10698212;86.707062
10700138;86.863152
10702132;87.018372
10704132;87.172737
10706130;87.326241
10708139;87.478882
10710162;87.630669
10712134;87.781578
10714134;87.931625
10716131;88.080803
10718146;88.229111
10720164;88.376549
10722122;88.523125
10724110;88.668823
10726114;88.813637
10728126;88.957581
10730108;89.100647
10732155;89.242828
10734133;89.384140
10736137;89.524559
10738151;89.664093
10740136;89.802757
10742158;89.940521
10744117;90.077400
10746111;90.213387
10748122;90.348495
10750111;90.482697
10752115;90.616020
10754159;90.748444
10756134;90.879967
10758148;91.010597
10760134;91.140327
10762129;91.269150
10764157;91.397087
10766113;91.524117
10768126;91.650238
10770115;91.775467
10772110;91.899780
10774112;92.023178
10776155;92.145683
10778149;92.267273
10780136;92.387947
10782128;92.507721
10784134;92.626572
10786159;92.744514
10788133;92.803139
10790120;92.977646
10792109;93.092834
10794113;93.207108
10796112;93.320465
10798173;93.432892
10800140;93.544403
10802133;93.654991
10804131;93.764648
10806132;93.873383
10808174;93.981194
10810111;94.088074
10812111;94.194031
10814115;94.299057
10816117;94.403145
10818125;94.506310
10820168;94.608536
10822138;94.709831
10824141;94.810196
10826139;94.909615
10828151;95.008102
10830159;95.105652
10832121;95.202271
10834114;95.297935
10836112;95.392670
10838124;95.439682
10840107;95.579300
10842163;95.671204
10844136;95.762169
10846134;95.852180
10848154;95.941254
10850133;96.029373
10852157;96.116547
10854108;96.202766
10856111;96.288040
10858128;96.372368
10860114;96.455742
10862111;96.538162
10864159;96.619637
10866138;96.700150
10868148;96.779709
10870133;96.858315
10872133;96.935966
10874161;97.012665
10876111;97.088394
10878133;97.163177
10880113;97.236992
10882112;97.309853
10884113;97.381752
10886141;97.452690
10888131;97.522667
10890113;97.591682
10892110;97.659721
10894113;97.726814
10896159;97.792938
10898127;97.858086
10900115;97.922287
10902112;97.985504
10904112;98.047760
10906109;98.109055
10908174;98.169373
10910136;98.228722
10912136;98.287109
10914125;98.344521
10916133;98.400963
10918170;98.456436
10920114;98.510933
10922113;98.564461
10924114;98.617020
10926115;98.668602
10928127;98.719200
10930164;98.768837
10932140;98.817490
10934136;98.865173
10936136;98.911880
10938147;98.957611
10940163;99.002365
10942117;99.046143
10944110;99.088943
10946112;99.130760
10948130;99.171608
10950111;99.211472
10952159;99.250359
10954133;99.288261
10956133;99.325188
10958143;99.361130
10960130;99.396095
10962164;99.430077
10964118;99.463081
10966116;99.495102
10968124;99.526146
10970116;99.556198
10972116;99.585274
10974160;99.613365
10976131;99.640472
10978149;99.666595
10980135;99.691734
10982129;99.715889
10984160;99.739059
10986119;99.761253
10988124;99.771973
10990113;99.802673
10992111;99.821907
10994112;99.840149
10996163;99.857422
10998146;99.873695
11000135;99.888985
11002133;99.903290
11004131;99.916611
11006151;99.928947
11008124;99.940292
11010116;99.950653
11012115;99.960030
11014117;99.968422
11016112;99.975815
11018175;99.982239
11020138;99.987663
11022134;99.992104
11024129;99.995560
11026128;99.998024
11028165;99.999504
11030119;100.000000
11032112;99.999504
11034118;99.998024
11036110;99.995560
11038174;99.993958
11040163;99.987663
11042138;99.982239
11044144;99.975815
11046140;99.968422
11048150;99.960030
11050159;99.950661
11052112;99.940292
11054112;99.928947
11056112;99.916611
11058124;99.903290
11060114;99.888985
11062155;99.873695
11064137;99.857422
11066132;99.840157
11068146;99.821907
11070131;99.802673
11072159;99.782455
11074119;99.761253
11076118;99.739059
11078124;99.715889
11080114;99.691734
11082179;99.666595
11084138;99.640472
11086128;99.613365
11088144;99.585274
11090130;99.556198
11092135;99.526146
11094158;99.495102
11096135;99.463081
11098153;99.430077
11100135;99.396095
11102131;99.361130
11104311;99.325188
11106141;99.288261
11108153;99.250359
11110130;99.211472
11112134;99.171608
11114128;99.130768
11116157;99.088943
11118126;99.046150
11120111;99.002365
11122111;98.957619
11124112;98.911888
11126162;98.865173
11128132;98.817497
11130113;98.768837
11132112;98.719200
11134114;98.668602
11136113;98.617020
11138175;98.590866
11140131;98.510933
11142130;98.456436
11144129;98.400970
11146131;98.344521
11148165;98.287109
11150117;98.228729
11152115;98.169380
11154119;98.109055
11156108;98.047768
11158125;97.985512
11160166;97.922287
11162142;97.858093
11164139;97.792938
11166140;97.726814
11168143;97.659729
11170165;97.591682
11172112;97.522667
11174114;97.452690
11176111;97.381760
11178123;97.309860
11180105;97.237000
11182157;97.163185
11184133;97.088402
11186126;97.012665
11188144;96.935974
11190131;96.858322
11192150;96.779716
11194112;96.700157
11196114;96.619637
11198128;96.538170
11200113;96.455750
11202111;96.372375
11204158;96.288048
11206136;96.202774
11208141;96.116547
11210134;96.029373
11212133;95.941254
11214158;95.852188
11216115;95.762169
11218122;95.671211
11220112;95.579308
11222113;95.486458
11224164;95.392670
11226152;95.297935
11228154;95.202271
11230132;95.105659
11232131;95.008110
11234132;94.909622
11236158;94.810196
11238130;94.709839
11240112;94.608536
11242116;94.506317
11244114;94.403152
11246183;94.299057
11248151;94.194038
11250129;94.088081
11252130;93.981201
11254132;93.873390
11256133;93.764648
11258169;93.654999
11260141;93.544411
11262130;93.432907
11264133;93.320465
11266135;93.207123
11268202;93.092850
11270138;92.977646
11272132;92.861542
11274133;92.744514
11276132;92.626579
11278143;92.507729
11280161;92.387955
11282140;92.267273
11284132;92.145691
11286129;92.023193
11288148;91.961601
11290204;91.775475
11292137;91.650246
11294136;91.524117
11296128;91.397095
11298143;91.269157
11300134;91.140327
11302158;91.010597
11304114;90.879974
11306115;90.748444
11308129;90.616020
11310115;90.482712
11312164;90.348503
11314125;90.213394
11316118;90.077415
11318122;89.940529
11320111;89.802765
11322113;89.664108
11324158;89.524567
11326134;89.384140
11328143;89.242844
11330133;89.100662
11332129;88.957588
11334154;88.813644
11336116;88.668823
11338127;88.523125
11340112;88.376564
11342109;88.229126
11344114;88.080811
11346158;87.931625
11348146;87.781578
11350133;87.630661
11352131;87.478897
11354131;87.326256
11356157;87.172745
11358125;87.018379
11360110;86.863152
11362109;86.707069
11364118;86.550140
11366114;86.392349
11368177;86.233696
11370140;86.074203
11372130;85.913857
11374129;85.752663
11376131;85.590630
11378164;85.427750
11380112;85.264015
11382109;85.099449
11384115;84.934029
11386110;84.767799
11388180;84.600708
11390164;84.432793
11392135;84.264038
11394137;84.094452
11396138;83.924034
11398147;83.752808
11400157;83.580734
11402110;83.407845
11404107;83.234116
11406116;83.059601
11408124;82.884232
11410324;82.708069
11412142;82.531075
11414134;82.353271
11416136;82.174644
11418138;81.995216
11420127;81.814972
11422161;81.633934
11424118;81.452087
11426113;81.269424
11428121;81.085960
11430115;80.901703
11432156;80.716637
11434117;80.530800
11436112;80.344147
11438123;80.250511
11440111;79.968468
11442107;79.779449
11444158;79.589630
11446136;79.399048
11448143;79.207664
11450137;79.015503
11452138;79.015503
11454163;78.628838
11456115;78.434341
11458128;78.239082
11460112;78.043053
11462110;77.846237
11464116;77.648666
11466160;77.450310
11468153;77.251205
11470134;77.051338
11472129;76.850708
11474128;76.649315
11476163;76.447166
11478130;76.244263
11480111;76.040604
11482109;75.836205
11484115;75.631050
11486323;75.425148
11488148;75.218498
11490130;75.011108
11492130;74.802986
11494133;74.594131
11496128;74.384521
11498161;74.174179
11500115;73.963112
11502108;73.751305
11504114;73.538780
11506112;73.325546
11508168;73.111565
11510113;72.896866
11512111;72.681442
11514112;72.465324
11516109;72.248474
11518122;72.030922
11520164;71.812645
11522139;71.593658
11524142;71.373962
11526139;71.153572
11528154;70.932480
11530193;70.710686
11532132;70.488205
11534128;70.265007
11536133;70.041122
11538151;69.928932
11540136;69.591293
11542161;69.365349
11544134;69.138702
11546129;68.911385
11548148;68.683395
11550140;68.454712
11552159;68.225380
11554120;67.995354
11556115;67.764648
11558126;67.533287
11560111;67.301247
11562114;67.068550
11564159;66.835213
11566139;66.601196
11568147;66.366539
11570134;66.131203
11572137;65.895226
11574165;65.658585
11576119;65.421318
11578128;65.183395
11580112;64.944824
11582107;64.705612
11584166;64.465759
11586151;64.225273
11588147;64.104805
11590134;63.742416
11592130;63.500034
11594131;63.257027
11596157;63.013393
11598135;62.769138
11600108;62.524284
11602112;62.278790
11604113;62.032688
11606121;61.785965
11608172;61.538635
11610133;61.290707
11612131;61.042183
11614129;60.793037
11616129;60.543293
11618170;60.292953
11620116;60.042034
11622113;59.790508
11624116;59.538414
11626109;59.285706
11628124;59.032417
11630166;58.778542
11632138;58.524086
11634143;58.269054
11636134;58.013470
11638150;57.757290
11640154;57.500542
11642118;57.243221
11644109;56.985344
11646116;56.726898
11648124;56.467915
11650109;56.208355
11652161;55.948238
11654136;55.687569
11656133;55.426353
11658147;55.164589
11660131;54.902298
11662158;54.639446
11664119;54.376053
11666112;54.112125
11668116;53.847664
11670110;53.582676
11672305;53.317173
11674141;53.051144
11676131;52.784573
11678144;52.517479
11680131;52.249874
11682132;51.981766
11684148;51.713127
11686115;51.443977
11688126;51.174320
11690111;50.904156
11692110;50.633492
11694157;50.362350
11696116;50.090683
11698117;49.818527
11700108;49.545879
11702106;49.272743
11704109;48.999119
11706155;48.725033
11708147;48.450447
11710134;48.175381
11712129;47.899837
11714126;47.623821
11716203;47.347336
11718144;47.070408
11720131;46.792992
11722136;46.515114
11724132;46.236778
11726132;45.957981
11728163;45.678757
11730117;45.399082
11732108;45.118935
11734116;44.838341
11736118;44.557308
11738317;44.416637
11740147;43.993927
11742145;43.711601
11744136;43.428825
11746139;43.145622
11748147;42.861992
11750159;42.577938
11752120;42.293461
11754112;42.008595
11756110;41.723286
11758127;41.437569
11760158;41.151443
11762119;40.864910
11764112;40.577976
11766114;40.290661
11768129;40.002926
11770109;39.714794
11772164;39.426277
11774124;39.137363
11776121;38.848068
11778123;38.558411
11780112;38.268349
11782160;37.977936
11784114;37.687119
11786115;37.395935
11788123;37.250214
11790113;36.812485
11792115;36.520203
11794159;36.227558
11796133;35.934555
11798147;35.641201
11800131;35.347488
11802135;35.053455
11804154;34.759052
11806112;34.464306
11808123;34.169220
11810115;33.873795
11812114;33.578037
11814189;33.281975
11816140;32.985558
11818152;32.688812
11820134;32.391747
11822134;32.094360
11824127;31.796658
11826144;31.498665
11828126;31.200336
11830111;30.901703
11832113;30.602762
11834112;30.303522
11836159;30.004025
11838127;29.704189
11840113;29.404058
11842114;29.103638
11844112;28.802931
11846111;28.501940
11848167;28.200689
11850137;27.899137
11852133;27.597309
11854129;27.295212
11856132;26.992840
11858221;26.690207
11860138;26.387331
11862134;26.084169
11864131;25.780756
11866134;25.477085
11868143;25.173161
11870164;24.868990
11872138;24.564596
11874136;24.259939
11876137;23.955040
11878147;23.649906
11880158;23.344538
11882115;23.038939
11884115;22.733135
11886112;22.427086
11888135;22.273966
11890114;21.814348
11892157;21.507641
11894132;21.200726
11896131;20.893621
11898147;20.586288
11900131;20.278751
11902152;19.971016
11904120;19.663082
11906114;19.354956
11908129;19.046659
11910112;18.738153
11912114;18.429462
11914155;18.120588
11916119;17.811537
11918123;17.502310
11920116;17.192932
11922115;16.883362
11924209;16.573624
11926135;16.263723
11928151;15.953663
11930130;15.643445
11932132;15.333096
11934133;15.022570
11936154;14.711897
11938151;14.401080
11940134;14.090120
11942127;13.779022
11944129;13.467834
11946159;13.156466
11948124;12.844968
11950116;12.533342
11952118;12.221595
11954113;11.909726
11956118;11.597764
11958170;11.285663
11960132;10.973451
11962130;10.661130
11964135;10.348703
11966130;10.036177
11968168;9.723573
11970118;9.410850
11972113;9.098034
11974107;8.785129
11976111;8.472136
11978169;8.159060
11980120;7.845928
11982109;7.532693
11984114;7.219385
11986112;6.906006
11988127;6.592558
11990164;6.279069
11992142;5.965495
11994136;5.651861
11996140;5.338172
11998150;5.024454
12000159;4.710662
12002115;4.396848
12004112;4.082967
12006110;3.769045
12008125;3.455086
12010112;3.141093
12012159;2.827068
12014142;2.513040
12016135;2.198963
12018145;1.884865
12020130;1.570747
12022166;1.256615
12024119;0.942470
12026108;0.628339
12028127;0.314179
12030108;0.000015
12032116;-0.314149
12034161;-0.628309
12036139;-0.942463
12038149;-1.099525
12040135;-1.570717
12042135;-1.884835
12044159;-2.198933
12046113;-2.513010
12048125;-2.827062
12050109;-3.141062
12052114;-3.455031
12054159;-3.768990
12056157;-4.082912
12058145;-4.396794
12060130;-4.710632
12062128;-5.024400
12064134;-5.338142
12066154;-5.651831
12068130;-5.965465
12070113;-6.279039
12072114;-6.592552
12074110;-6.905976
12076116;-7.219356
12078171;-7.532664
12080134;-7.845898
12082125;-8.159054
12084131;-8.472131
12086126;-8.785099
12088169;-9.098004
12090118;-9.410820
12092118;-9.723543
12094112;-10.036171
12096114;-10.348699
12098128;-10.661099
12100164;-10.973421
12102147;-11.285633
12104138;-11.597733
12106142;-11.909697
12108151;-12.221565
12110160;-12.533291
12112117;-12.844914
12114110;-13.156412
12116115;-13.467780
12118119;-13.779016
12120112;-14.090115
12122157;-14.401050
12124114;-14.711868
12126111;-15.022542
12128126;-15.333065
12130113;-15.643438
12132198;-15.953633
12134133;-16.263695
12136136;-16.573595
12138146;-16.883331
12140133;-17.192902
12142132;-17.502304
12144153;-17.811506
12146134;-18.120560
12148143;-18.429432
12150130;-18.738123
12152133;-19.046631
12154199;-19.354950
12156134;-19.663054
12158140;-19.970985
12160129;-20.278700
12162128;-20.586235
12164132;-20.893570
12166157;-21.200695
12168149;-21.507589
12170142;-21.814295
12172135;-22.120785
12174132;-22.427057
12176160;-22.733107
12178123;-23.038933
12180111;-23.344507
12182114;-23.649876
12184117;-23.955011
12186118;-24.259909
12188167;-24.412256
12190134;-24.868984
12192134;-25.173134
12194131;-25.477055
12196128;-25.780725
12198164;-26.084143
12200115;-26.387300
12202111;-26.690201
12204118;-26.992813
12206113;-27.295181
12208121;-27.597281
12210165;-27.899107
12212141;-28.200659
12214135;-28.501909
12216138;-28.802877
12218148;-29.103586
12220158;-29.404009
12222117;-29.704138
12224109;-30.003973
12226111;-30.303516
12228130;-30.602736
12230158;-30.901674
12232160;-31.200310
12234139;-31.498638
12236134;-31.796652
12238146;-32.094357
12240135;-32.391720
12242162;-32.688786
12244116;-32.985527
12246113;-33.281944
12248127;-33.578033
12250116;-33.873791
12252298;-34.169189
12254138;-34.464279
12256138;-34.759026
12258146;-35.053425
12260125;-35.347485
12262132;-35.641193
12264157;-35.934525
12266132;-36.227528
12268147;-36.520149
12270129;-36.812435
12272129;-37.104355
12274159;-37.395885
12276118;-37.687073
12278123;-37.977882
12280115;-38.268322
12282119;-38.558380
12284112;-38.848064
12286155;-39.137337
12288140;-39.281853
12290130;-39.714767
12292132;-40.002899
12294134;-40.290634
12296148;-40.577969
12298127;-40.864883
12300110;-41.151417
12302117;-41.437542
12304113;-41.723259
12306114;-42.008568
12308170;-42.293461
12310133;-42.577911
12312132;-42.861965
12314131;-43.145596
12316130;-43.428799
12318167;-43.711575
12320114;-43.993919
12322110;-44.275787
12324111;-44.557262
12326111;-44.838295
12328316;-45.118885
12330148;-45.399033
12332139;-45.678730
12334141;-45.957954
12336141;-46.236752
12338143;-46.375988
12340144;-46.792965
12342116;-47.070381
12344115;-47.347332
12346110;-47.623795
12348124;-47.899811
12350156;-48.175350
12352116;-48.450413
12354113;-48.725002
12356112;-48.999111
12358134;-49.272713
12360112;-49.545849
12362157;-49.818497
12364138;-50.090652
12366131;-50.362312
12368148;-50.633476
12370137;-50.904125
12372158;-51.174290
12374120;-51.443947
12376108;-51.713074
12378126;-51.981712
12380117;-52.249836
12382168;-52.517433
12384154;-52.784519
12386133;-53.051098
12388145;-53.317142
12390129;-53.582661
12392127;-53.847660
12394158;-54.112095
12396114;-54.376022
12398130;-54.639416
12400114;-54.902267
12402115;-55.164574
12404112;-55.426342
12406158;-55.687542
12408154;-55.948212
12410135;-56.208324
12412131;-56.467884
12414131;-56.726891
12416156;-56.985329
12418131;-57.243191
12420106;-57.500511
12422111;-57.757259
12424116;-58.013439
12426196;-58.269047
12428148;-58.524078
12430129;-58.778496
12432132;-59.032368
12434132;-59.285660
12436134;-59.538364
12438169;-59.790482
12440136;-60.041992
12442129;-60.292923
12444132;-60.543270
12446129;-60.793011
12448169;-61.042152
12450117;-61.290695
12452115;-61.414730
12454115;-61.785934
12456109;-62.032658
12458178;-62.278767
12460162;-62.524254
12462141;-62.769127
12464138;-63.013363
12466136;-63.256996
12468155;-63.500004
12470158;-63.742386
12472120;-63.984142
12474110;-64.225266
12476111;-64.465729
12478123;-64.705582
12480315;-64.944801
12482141;-65.183365
12484132;-65.421280
12486132;-65.658554
12488142;-65.776947
12490132;-66.131157
12492147;-66.366493
12494116;-66.601166
12496112;-66.835190
12498123;-67.068550
12500110;-67.301224
12502201;-67.533264
12504136;-67.764626
12506130;-67.995323
12508151;-68.225349
12510133;-68.454704
12512132;-68.683365
12514143;-68.911362
12516112;-69.138680
12518132;-69.365326
12520116;-69.591270
12522114;-69.816536
12524157;-70.041100
12526115;-70.264984
12528126;-70.488174
12530111;-70.710670
12532111;-70.932472
12534113;-71.153572
12536141;-71.373947
12538127;-71.483871
12540109;-71.812607
12542117;-72.030884
12544113;-72.248444
12546155;-72.465302
12548126;-72.681419
12550109;-72.896843
12552113;-73.111549
12554113;-73.325523
12556116;-73.538780
12558175;-73.751305
12560133;-73.963097
12562132;-74.174164
12564134;-74.384499
12566129;-74.594101
12568169;-74.802979
12570119;-75.011101
12572111;-75.218483
12574113;-75.425125
12576111;-75.631035
12578125;-75.836189
12580161;-76.040581
12582144;-76.244255
12584137;-76.447144
12586140;-76.649307
12588151;-76.850685
12590155;-77.051308
12592121;-77.251175
12594114;-77.450302
12596114;-77.648628
12598127;-77.846230
12600110;-78.043022
12602160;-78.239052
12604142;-78.434334
12606131;-78.628822
12608150;-78.822556
12610131;-79.015488
12612164;-79.207634
12614120;-79.399033
12616111;-79.589615
12618128;-79.779442
12620112;-79.968452
12622113;-80.156693
12624158;-80.344131
12626136;-80.530762
12628149;-80.716637
12630131;-80.901680
12632135;-81.085953
12634161;-81.269409
12636114;-81.452049
12638127;-81.543098
12640112;-81.814957
12642114;-81.995216
12644115;-82.174629
12646157;-82.353264
12648147;-82.531059
12650136;-82.708046
12652133;-82.884232
12654136;-83.059578
12656157;-83.234131
12658127;-83.407837
12660109;-83.580719
12662112;-83.752808
12664116;-83.924034
12666115;-84.094467
12668172;-84.264030
12670138;-84.432808
12672134;-84.600685
12674132;-84.767761
12676136;-84.934021
12678168;-85.099419
12680112;-85.264000
12682111;-85.427719
12684113;-85.590591
12686119;-85.752647
12688129;-85.913834
12690165;-86.074188
12692138;-86.233673
12694137;-86.392334
12696139;-86.550117
12698152;-86.707047
12700160;-86.863136
12702111;-87.018356
12704114;-87.172737
12706116;-87.326225
12708126;-87.478867
12710325;-87.630653
12712139;-87.781563
12714131;-87.931618
12716132;-88.080795
12718152;-88.229118
12720135;-88.376549
12722157;-88.523109
12724112;-88.668816
12726115;-88.813629
12728124;-88.957581
12730112;-89.100639
12732156;-89.242813
12734113;-89.384140
12736108;-89.524551
12738128;-89.664101
12740115;-89.802750
12742116;-89.940506
12744158;-90.077400
12746134;-90.213379
12748149;-90.348495
12750130;-90.482697
12752129;-90.616020
12754159;-90.748444
12756115;-90.879959
12758128;-91.010597
12760117;-91.140320
12762113;-91.269165
12764112;-91.397079
12766155;-91.524109
12768147;-91.650238
12770132;-91.775452
12772134;-91.899780
12774131;-92.023178
12776160;-92.145691
12778125;-92.267273
12780112;-92.387924
12782114;-92.507706
12784117;-92.626556
12786115;-92.744507
12788174;-92.803131
12790135;-92.977623
12792134;-93.092827
12794134;-93.207092
12796130;-93.320450
12798166;-93.432877
12800119;-93.544403
12802115;-93.654976
12804108;-93.764633
12806114;-93.873383
12808345;-93.981186
12810146;-94.088074
12812145;-94.194016
12814138;-94.299034
12816139;-94.403145
12818150;-94.506294
12820163;-94.608536
12822115;-94.709824
12824114;-94.810196
12826111;-94.909607
12828127;-95.008095
12830322;-95.105652
12832141;-95.202255
12834134;-95.297935
12836133;-95.392662
12838147;-95.486443
12840127;-95.579300
12842158;-95.671204
12844111;-95.762169
12846115;-95.852180
12848128;-95.941254
12850113;-96.029373
12852190;-96.116539
12854137;-96.202766
12856130;-96.288040
12858146;-96.372375
12860134;-96.455742
12862140;-96.538162
12864159;-96.619637
12866132;-96.700150
12868142;-96.779716
12870129;-96.858315
12872129;-96.935974
12874161;-97.012665
12876113;-97.088394
12878131;-97.163177
12880107;-97.236992
12882110;-97.309860
12884113;-97.381752
12886159;-97.452690
12888151;-97.522659
12890137;-97.591667
12892136;-97.659721
12894134;-97.726807
12896163;-97.792923
12898116;-97.858086
12900110;-97.922272
12902114;-97.985497
12904109;-98.047760
12906168;-98.109047
12908167;-98.169365
12910137;-98.228714
12912130;-98.287109
12914132;-98.344513
12916128;-98.400963
12918169;-98.456429
12920116;-98.510925
12922114;-98.564461
12924113;-98.617012
12926110;-98.668594
12928211;-98.719200
12930134;-98.768837
12932133;-98.817490
12934127;-98.865166
12936130;-98.911880
12938144;-98.934868
12940159;-99.002365
12942136;-99.046143
12944136;-99.088936
12946130;-99.130760
12948146;-99.171600
12950151;-99.211472
12952116;-99.250351
12954111;-99.288261
12956112;-99.325188
12958121;-99.361130
12960115;-99.396095
12962159;-99.430077
12964134;-99.463081
12966132;-99.495102
12968151;-99.526138
12970130;-99.556198
12972159;-99.585274
12974115;-99.613365
12976111;-99.640472
12978127;-99.666595
12980110;-99.691734
12982111;-99.715889
12984157;-99.739059
12986134;-99.761246
12988145;-99.782455
12990135;-99.802673
12992132;-99.821907
12994163;-99.840157
12996116;-99.857414
12998128;-99.873695
13000113;-99.888985
13002115;-99.903290
13004169;-99.916611
13006152;-99.928947
13008146;-99.940292
13010128;-99.950653
13012131;-99.960030
13014127;-99.968414
13016159;-99.975815
13018132;-99.982231
13020111;-99.987663
13022119;-99.992104
13024116;-99.995560
13026297;-99.998024
13028152;-99.999504
13030134;-100.000000
13032131;-99.999504
13034133;-99.998024
13036132;-99.995560
13038163;-99.993958
13040113;-99.987663
13042115;-99.982239
13044111;-99.975815
13046110;-99.968422
13048218;-99.960030
13050140;-99.950661
13052133;-99.940292
13054128;-99.928955
13056130;-99.916611
13058145;-99.903297
13060161;-99.888985
13062134;-99.873695
13064130;-99.857422
13066129;-99.840157
13068149;-99.821907
13070160;-99.802673
13072121;-99.782455
13074118;-99.761253
13076111;-99.739059
13078124;-99.715897
13080117;-99.691734
13082159;-99.666595
13084128;-99.640472
13086132;-99.613365
13088148;-99.599442
13090135;-99.556198
13092158;-99.526146
13094113;-99.495102
13096108;-99.463081
13098125;-99.430084
13100110;-99.396095
13102161;-99.361130
13104152;-99.325195
13106137;-99.288269
13108150;-99.250359
13110132;-99.211479
13112136;-99.171616
13114159;-99.130768
13116111;-99.088951
13118130;-99.046150
13120114;-99.002373
13122114;-98.957619
13124164;-98.911888
13126157;-98.865181
13128152;-98.817497
13130136;-98.768845
13132135;-98.719200
13134129;-98.668602
13136162;-98.617020
13138128;-98.564461
13140120;-98.510941
13142113;-98.456436
13144111;-98.400970
13146111;-98.344528
13148175;-98.287109
13150134;-98.228737
13152134;-98.169373
13154135;-98.109062
13156129;-98.047760
13158169;-97.985512
13160115;-97.922287
13162110;-97.858093
13164112;-97.792938
13166115;-97.726814
13168127;-97.659729
13170170;-97.591690
13172142;-97.522667
13174134;-97.452698
13176139;-97.381752
13178150;-97.309860
13180158;-97.236992
13182114;-97.163177
13184114;-97.088402
13186115;-97.012665
13188123;-96.935974
13190158;-96.858315
13192120;-96.779716
13194117;-96.700165
13196112;-96.619637
13198123;-96.538177
13200118;-96.455742
13202147;-96.372375
13204115;-96.288055
13206115;-96.202766
13208131;-96.116547
13210110;-96.029381
13212217;-95.941261
13214134;-95.852188
13216132;-95.762184
13218147;-95.671227
13220133;-95.579315
13222132;-95.486473
13224156;-95.392677
13226136;-95.297951
13228148;-95.202286
13230131;-95.105667
13232132;-95.008125
13234234;-94.909630
13236136;-94.810204
13238149;-94.760147
13240133;-94.608551
13242130;-94.506332
13244131;-94.403160
13246157;-94.299072
13248124;-94.194038
13250112;-94.088089
13252115;-93.981209
13254111;-93.873390
13256155;-93.764671
13258116;-93.654999
13260108;-93.544418
13262107;-93.432899
13264113;-93.320473
13266109;-93.207130
13268159;-93.092850
13270114;-92.977661
13272112;-92.861542
13274118;-92.744522
13276118;-92.626587
13278184;-92.507729
13280162;-92.387970
13282137;-92.267273
13284137;-92.145691
13286134;-92.023178
13288156;-91.961601
13290158;-91.775475
13292114;-91.650238
13294111;-91.524124
13296117;-91.397079
13298120;-91.269165
13300324;-91.140343
13302139;-91.010597
13304137;-90.879974
13306138;-90.748444
13308146;-90.616020
13310134;-90.482697
13312156;-90.348495
13314117;-90.213409
13316112;-90.077400
13318127;-89.940552
13320111;-89.802773
13322327;-89.664124
13324143;-89.524590
13326139;-89.384155
13328154;-89.242867
13330134;-89.100662
13332132;-88.957611
13334158;-88.813675
13336111;-88.668839
13338125;-88.523155
13340113;-88.376579
13342113;-88.229141
13344215;-88.080818
13346134;-87.931648
13348146;-87.781609
13350130;-87.630676
13352132;-87.478905
13354130;-87.326256
13356162;-87.172760
13358153;-87.018402
13360133;-86.863159
13362131;-86.707092
13364130;-86.550140
13366198;-86.392357
13368153;-86.233696
13370133;-86.074211
13372139;-85.913879
13374131;-85.752670
13376132;-85.590645
13378172;-85.427742
13380133;-85.264030
13382133;-85.099472
13384132;-84.934044
13386130;-84.767807
13388169;-84.684349
13390115;-84.432808
13392115;-84.264030
13394113;-84.094467
13396111;-83.924065
13398130;-83.752808
13400164;-83.580742
13402139;-83.407837
13404141;-83.234131
13406135;-83.059608
13408149;-82.884232
13410162;-82.708069
13412110;-82.531059
13414112;-82.353264
13416117;-82.174629
13418122;-81.995216
13420113;-81.814980
13422159;-81.633919
13424135;-81.452080
13426134;-81.269432
13428153;-81.085983
13430130;-80.901741
13432158;-80.716667
13434121;-80.530823
13436117;-80.344162
13438119;-80.156731
13440108;-79.968475
13442112;-79.779472
13444156;-79.589668
13446135;-79.399063
13448147;-79.207695
13450133;-79.015518
13452132;-78.822586
13454152;-78.628883
13456113;-78.434364
13458120;-78.239113
13460110;-78.043053
13462114;-77.846252
13464114;-77.648659
13466159;-77.450325
13468150;-77.251228
13470137;-77.051338
13472130;-76.850716
13474134;-76.649307
13476156;-76.447174
13478134;-76.244286
13480112;-76.040611
13482112;-75.836220
13484118;-75.631042
13486112;-75.425163
13488162;-75.218521
13490139;-75.011124
13492132;-74.803009
13494135;-74.594131
13496130;-74.384537
13498169;-74.174179
13500110;-73.963127
13502107;-73.751343
13504111;-73.538795
13506111;-73.325554
13508125;-73.111557
13510164;-72.896873
13512141;-72.681473
13514139;-72.465317
13516139;-72.248482
13518148;-72.030899
13520161;-71.812645
13522120;-71.593643
13524114;-71.373962
13526115;-71.153580
13528125;-70.932472
13530324;-70.710686
13532137;-70.488174
13534133;-70.265030
13536129;-70.041168
13538148;-69.928940
13540130;-69.591324
13542147;-69.365349
13544115;-69.138733
13546115;-68.911400
13548129;-68.683418
13550114;-68.454758
13552228;-68.225388
13554139;-67.995377
13556129;-67.764664
13558147;-67.533310
13560130;-67.301300
13562133;-67.068581
13564160;-66.835243
13566139;-66.601204
13568147;-66.366539
13570133;-66.131195
13572132;-65.895233
13574158;-65.658607
13576113;-65.421310
13578122;-65.183403
13580116;-64.944817
13582115;-64.705620
13584109;-64.465782
13586159;-64.225281
13588161;-63.984180
13590138;-63.742405
13592134;-63.500046
13594131;-63.257015
13596162;-63.013405
13598134;-62.769161
13600113;-62.524269
13602110;-62.278801
13604110;-62.032677
13606109;-61.785976
13608170;-61.538666
13610133;-61.290710
13612134;-61.042191
13614126;-60.793030
13616129;-60.543304
13618166;-60.292946
13620112;-60.042030
13622110;-59.790524
13624115;-59.538383
13626108;-59.285694
13628224;-59.032387
13630134;-58.778530
13632133;-58.524097
13634134;-58.269047
13636129;-58.013458
13638142;-57.757259
13640145;-57.500530
13642113;-57.243275
13644115;-56.985371
13646116;-56.726944
13648124;-56.467926
13650209;-56.208385
13652139;-55.948246
13654130;-55.687599
13656136;-55.426399
13658146;-55.164616
13660133;-54.902328
13662157;-54.639454
13664133;-54.376083
13666133;-54.112179
13668144;-53.847694
13670130;-53.582722
13672153;-53.317184
13674112;-53.051155
13676115;-52.784561
13678118;-52.517490
13680120;-52.249901
13682110;-51.981754
13684157;-51.713135
13686132;-51.443966
13688149;-51.309212
13690128;-50.904186
13692134;-50.633503
13694161;-50.362354
13696118;-50.090675
13698121;-49.818539
13700115;-49.545868
13702112;-49.272751
13704114;-48.999153
13706157;-48.725025
13708144;-48.450455
13710133;-48.175369
13712131;-47.899849
13714134;-47.623856
13716160;-47.347351
13718128;-47.070419
13720111;-46.792984
13722114;-46.515125
13724106;-46.236767
13726113;-45.957993
13728170;-45.678772
13730135;-45.399052
13732131;-45.118927
13734135;-44.838314
13736129;-44.557304
13738157;-44.275848
13740114;-43.993916
13742110;-43.711594
13744109;-43.428795
13746112;-43.145615
13748128;-42.861961
13750168;-42.577972
13752139;-42.293518
13754139;-42.008610
13756139;-41.723324
13758154;-41.437584
13760164;-41.151478
13762114;-40.864967
13764115;-40.578011
13766113;-40.290695
13768122;-40.002937
13770156;-39.714832
13772114;-39.426334
13774111;-39.137398
13776114;-38.848125
13778125;-38.558422
13780115;-38.268383
13782148;-37.977924
13784113;-37.687134
13786117;-37.395973
13788127;-37.250210
13790114;-36.812496
13792158;-36.520191
13794117;-36.227570
13796111;-35.934593
13798127;-35.641212
13800111;-35.347527
13802113;-35.053448
13804162;-34.759064
13806135;-34.464298
13808140;-34.169235
13810137;-33.873833
13812133;-33.578053
13814161;-33.281986
13816118;-32.985546
13818128;-32.688828
13820113;-32.391785
13822111;-32.094376
13824339;-31.796694
13826141;-31.498655
13828157;-31.200352
13830132;-30.901695
13832130;-30.602777
13834131;-30.303558
13836157;-30.003994
13838129;-29.854124
13840115;-29.404026
13842110;-29.103630
13844109;-28.802944
13846112;-28.501930
13848171;-28.200680
13850135;-27.899105
13852133;-27.597300
13854135;-27.295177
13856132;-26.992834
13858165;-26.690266
13860121;-26.387346
13862113;-26.084209
13864113;-25.780769
13866110;-25.477119
13868217;-25.173223
13870138;-24.869028
13872134;-24.564634
13874135;-24.259953
13876128;-23.955076
13878141;-23.649920
13880160;-23.344574
13882144;-23.039000
13884135;-22.733150
13886131;-22.427124
13888143;-22.120829
13890223;-21.814363
13892134;-21.507681
13894135;-21.200739
13896130;-20.893637
13898146;-20.586279
13900132;-20.278767
13902159;-19.971006
13904139;-19.663097
13906134;-19.354994
13908142;-19.046650
13910129;-18.738169
13912157;-18.429453
13914110;-18.120604
13916115;-17.811575
13918124;-17.502325
13920114;-17.192945
13922115;-16.883352
13924159;-16.573639
13926134;-16.263714
13928147;-15.953678
13930133;-15.643482
13932130;-15.333086
13934160;-15.022585
13936117;-14.711889
13938128;-14.401094
13940114;-14.090158
13942115;-13.779036
13944111;-13.467825
13946148;-13.156433
13948122;-12.844959
13950115;-12.533358
13952111;-12.221586
13954114;-11.909742
13956197;-11.597732
13958149;-11.285654
13960136;-10.973418
13962133;-10.661121
13964131;-10.348720
13966134;-10.036215
13968172;-9.723612
13970136;-9.410866
13972136;-9.098074
13974130;-8.785192
13976132;-8.472176
13978167;-8.159123
13980112;-7.845943
13982108;-7.532733
13984110;-7.219401
13986114;-6.906045
13988126;-6.749341
13990165;-6.279085
13992139;-5.965534
13994138;-5.651876
13996135;-5.338211
13998154;-5.024493
14000160;-4.710677
14002120;-4.396863
14004113;-4.082958
14006114;-3.769059
14008132;-3.455077
14010116;-3.141107
14012167;-2.827107
14014132;-2.513031
14016128;-2.198978
14018150;-1.884856
14020136;-1.570763
14022156;-1.256654
14024116;-0.942485
14026112;-0.628354
14028126;-0.314170
14030116;0.000000
14032314;0.314159
14034142;0.628314
14036137;0.942464
14038144;1.099535
14040133;1.570732
14042132;1.884844
14044157;2.198937
14046111;2.513010
14048120;2.827056
14050107;3.141076
14052111;3.455064
14054160;3.769018
14056119;4.082935
14058121;4.396812
14060111;4.710645
14062112;5.024432
14064116;5.338169
14066159;5.651853
14068149;5.965482
14070133;6.279051
14072130;6.592560
14074133;6.906002
14076163;7.219377
14078156;7.532680
14080137;7.845909
14082133;8.159060
14084135;8.472132
14086161;8.785120
14088130;9.098021
14090116;9.410830
14092111;9.723549
14094115;10.036171
14096114;10.348695
14098170;10.661115
14100135;10.973431
14102134;11.285637
14104138;11.597733
14106129;11.909716
14108162;12.221580
14110116;12.533322
14112117;12.844942
14114110;13.156436
14116108;13.467797
14118127;13.779028
14120164;14.090122
14122144;14.401078
14124133;14.711891
14126136;15.022558
14128146;15.333078
14130159;15.643446
14132115;15.953660
14134112;16.263714
14136114;16.573612
14138128;16.728498
14140320;17.192907
14142136;17.502306
14144131;17.811527
14146136;18.120577
14148152;18.429445
14150133;18.738131
14152159;19.046633
14154117;19.354946
14156109;19.663071
14158127;19.970997
14160108;20.278728
14162112;20.586262
14164162;20.893587
14166133;21.200710
14168143;21.507624
14170133;21.814323
14172132;22.120808
14174158;22.427074
14176111;22.733122
14178127;23.038942
14180107;23.344534
14182114;23.649900
14184111;23.955029
14186159;24.259922
14188144;24.564575
14190135;24.868988
14192129;25.173155
14194135;25.477072
14196154;25.780737
14198126;26.084152
14200112;26.387304
14202111;26.690197
14204111;26.992828
14206114;27.295193
14208166;27.597290
14210139;27.899107
14212129;28.200657
14214132;28.501928
14216131;28.802910
14218166;29.103617
14220113;29.404032
14222117;29.704157
14224111;30.003988
14226112;30.303526
14228128;30.602762
14230167;30.901697
14232142;31.200329
14234135;31.498650
14236137;31.796661
14238158;32.094360
14240162;32.391743
14242113;32.688801
14244115;32.985538
14246108;33.281952
14248131;33.578037
14250313;33.873787
14252138;34.169209
14254131;34.464294
14256134;34.759029
14258144;35.053429
14260135;35.347485
14262166;35.641186
14264123;35.934536
14266114;36.227535
14268127;36.520176
14270112;36.812454
14272157;37.104370
14274120;37.395920
14276111;37.687099
14278127;37.977905
14280110;38.268341
14282112;38.558399
14284161;38.848072
14286135;39.137363
14288148;39.281864
14290129;39.714787
14292131;40.002911
14294161;40.290646
14296114;40.577976
14298120;40.864906
14300106;41.151436
14302115;41.437557
14304166;41.723270
14306162;42.008572
14308144;42.293461
14310135;42.577927
14312130;42.861973
14314131;43.145603
14316161;43.428806
14318146;43.711575
14320132;43.993916
14322131;44.275822
14324129;44.557289
14326313;44.838318
14328149;45.118908
14330136;45.399048
14332136;45.678741
14334132;45.957985
14336130;46.236774
14338167;46.515102
14340118;46.792980
14342117;47.070389
14344113;47.347336
14346111;47.623817
14348232;47.899826
14350141;48.175365
14352136;48.450424
14354130;48.725014
14356129;48.999115
14358143;49.272736
14360160;49.545868
14362135;49.818508
14364136;50.090660
14366132;50.362320
14368144;50.633476
14370157;50.904137
14372118;51.174294
14374115;51.443951
14376117;51.713097
14378122;51.981728
14380114;52.249855
14382150;52.517464
14384120;52.784550
14386114;53.051121
14388130;53.317158
14390112;53.582676
14392201;53.847664
14394132;54.112125
14396131;54.376041
14398143;54.639435
14400131;54.902279
14402132;55.164581
14404151;55.426346
14406116;55.687557
14408117;55.948223
14410106;56.208336
14412114;56.467896
14414333;56.726891
14416140;56.985329
14418153;57.243210
14420127;57.500523
14422131;57.757271
14424130;58.013447
14426155;58.269047
14428135;58.524071
14430111;58.778526
14432113;59.032394
14434111;59.285683
14436244;59.538383
14438150;59.664516
14440136;60.042023
14442129;60.292953
14444130;60.543285
14446129;60.793026
14448162;61.042168
14450112;61.290707
14452110;61.538635
14454115;61.662376
14456115;62.032669
14458347;62.278770
14460143;62.524265
14462145;62.769135
14464141;63.013386
14466136;63.257015
14468137;63.500015
14470159;63.742393
14472134;63.984142
14474133;64.225266
14476133;64.465744
14478154;64.705597
14480223;64.944801
14482139;65.183365
14484131;65.421295
14486130;65.658569
14488146;65.895203
14490132;66.131187
14492161;66.366508
14494115;66.601189
14496110;66.835197
14498126;67.068550
14500117;67.301247
14502155;67.533279
14504118;67.764648
14506115;67.995331
14508128;68.225357
14510115;68.454704
14512113;68.683380
14514158;68.911377
14516137;69.138695
14518147;69.365326
14520136;69.591278
14522131;69.816536
14524160;70.041107
14526117;70.264992
14528128;70.488182
14530114;70.710678
14532115;70.932472
14534160;71.153572
14536161;71.373955
14538155;71.483887
14540137;71.812630
14542136;72.030899
14544133;72.248459
14546151;72.465309
14548128;72.681450
14550107;72.896866
14552115;73.111557
14554117;73.325539
14556159;73.538788
14558129;73.751320
14560109;73.963112
14562114;74.174179
14564111;74.384514
14566158;74.594116
14568131;74.802986
14570111;75.011108
14572114;75.218498
14574113;75.425140
14576108;75.631042
14578168;75.836197
14580116;76.040596
14582117;76.244255
14584110;76.447151
14586119;76.649300
14588162;76.750092
14590115;77.051323
14592112;77.251198
14594117;77.450302
14596114;77.648651
14598129;77.846230
14600163;78.043045
14602144;78.239082
14604135;78.434349
14606140;78.628838
14608142;78.822556
14610158;79.015503
14612112;79.207657
14614111;79.399040
14616111;79.589638
14618124;79.779442
14620108;79.968468
14622151;80.156693
14624110;80.344131
14626115;80.530785
14628123;80.716637
14630112;80.901695
14632215;81.085953
14634137;81.269417
14636135;81.452065
14638144;81.633926
14640132;81.814972
14642130;81.995209
14644157;82.174637
14646136;82.353249
14648144;82.531059
14650134;82.708054
14652127;82.884232
14654157;83.059586
14656118;83.234123
14658124;83.407837
14660114;83.580734
14662112;83.752800
14664111;83.924042
14666160;84.094452
14668151;84.264038
14670128;84.432785
14672133;84.600708
14674132;84.767792
14676158;84.934029
14678132;85.099449
14680113;85.264008
14682114;85.427734
14684112;85.590622
14686113;85.752663
14688175;85.913857
14690134;86.074203
14692130;86.233688
14694133;86.392334
14696137;86.550125
14698167;86.707062
14700116;86.863152
14702119;87.018372
14704115;87.172737
14706118;87.326241
14708126;87.478882
14710169;87.630669
14712137;87.781578
14714136;87.931625
14716138;88.080803
14718150;88.229111
14720159;88.376549
14722116;88.523125
14724114;88.668823
14726113;88.813637
14728125;88.957581
14730112;89.100647
14732159;89.242828
14734133;89.384140
14736133;89.524559
14738151;89.594444
14740132;89.802757
14742157;89.940521
14744115;90.077400
14746114;90.213387
14748121;90.348495
14750111;90.482697
14752111;90.616020
14754159;90.748444
14756133;90.879967
14758147;91.010597
14760132;91.140327
14762132;91.269150
14764159;91.397087
14766118;91.524117
14768129;91.650238
14770112;91.775467
14772110;91.899780
14774109;92.023178
14776160;92.145683
14778156;92.267273
14780129;92.387947
14782130;92.507721
14784131;92.626572
14786159;92.744514
14788126;92.803139
14790112;92.977646
14792110;93.092834
14794111;93.207108
14796109;93.320465
14798158;93.432892
14800118;93.544403
14802109;93.654991
14804114;93.764648
14806108;93.873383
14808187;93.981194
14810166;94.088074
14812140;94.194031
14814138;94.299057
14816133;94.403145
14818149;94.506310
14820162;94.608536
14822132;94.709831
14824131;94.810196
14826132;94.909615
14828149;95.008102
14830167;95.105652
14832118;95.202271
14834111;95.297935
14836114;95.392670
14838131;95.486458
14840110;95.579300
14842163;95.671204
14844132;95.762169
14846133;95.852180
14848146;95.941254
14850128;96.029373
14852163;96.116547
14854119;96.202766
14856112;96.288040
14858132;96.372368
14860113;96.455742
14862159;96.538162
14864114;96.619637
14866108;96.700150
14868120;96.779709
14870114;96.858315
14872114;96.935966
14874158;97.012665
14876135;97.088394
14878145;97.163177
14880130;97.236992
14882133;97.309853
14884158;97.381752
14886116;97.452690
14888130;97.487793
14890114;97.591682
14892111;97.659721
14894212;97.726814
14896138;97.792938
14898148;97.858086
14900132;97.922287
14902129;97.985504
14904131;98.047760
14906156;98.109055
14908151;98.169373
14910132;98.228722
14912133;98.287109
14914128;98.344521
14916144;98.400963
14918175;98.456436
14920133;98.510933
14922128;98.564461
14924132;98.617020
14926132;98.668602
14928166;98.719200
14930116;98.768837
14932114;98.817490
14934113;98.865173
14936118;98.911880
14938122;98.957611
14940165;99.002365
14942137;99.046143
14944140;99.088943
14946134;99.130760
14948148;99.171608
14950161;99.211472
14952135;99.250359
14954132;99.288261
14956130;99.325188
14958147;99.361130
14960154;99.396095
14962111;99.430077
14964111;99.463081
14966120;99.495102
14968126;99.526146
14970110;99.556198
14972158;99.585274
14974119;99.613365
14976110;99.640472
14978127;99.666595
14980117;99.691734
14982153;99.715889
14984113;99.739059
14986118;99.761253
14988125;99.782455
14990106;99.802673
14992109;99.821907
14994159;99.840149
14996135;99.857422
14998146;99.873695
15000131;99.888985
15002132;99.903290
15004155;99.916611
15006113;99.928947
15008129;99.940292
15010113;99.950653
15012117;99.960030
15014107;99.968422
15016155;99.975815
15018149;99.982239
15020133;99.987663
15022133;99.992104
15024132;99.995560
15026139;99.998024
15028126;99.999504
15030114;100.000000
15032109;99.999504
15034106;99.998024
15036158;99.995560
15038132;99.993958
15040114;99.987663
15042119;99.982239
15044116;99.975815
15046119;99.968422
15048161;99.960030
15050136;99.950661
15052133;99.940292
15054131;99.928947
15056132;99.916611
15058170;99.903290
15060116;99.888985
15062110;99.873695
15064114;99.857422
15066107;99.840157
15068222;99.821907
15070135;99.802673
15072129;99.782455
15074129;99.761253
15076129;99.739059
15078150;99.715889
15080164;99.691734
15082129;99.666595
15084129;99.640472
15086135;99.613365
15088150;99.585274
15090160;99.556198
15092117;99.526146
15094111;99.495102
15096115;99.463081
15098118;99.430077
15100116;99.396095
15102161;99.361130
15104137;99.325188
15106136;99.288261
15108152;99.250359
15110133;99.211472
15112161;99.171608
15114114;99.130768
15116117;99.088943
15118129;99.046150
15120108;99.002365
15122337;98.957619
15124138;98.911888
15126135;98.865173
15128147;98.817497
15130134;98.768837
15132133;98.719200
15134160;98.668602
15136113;98.617020
15138125;98.564461
15140113;98.510933
15142112;98.456436
15144113;98.400970
15146162;98.344521
15148153;98.287109
15150138;98.228729
15152132;98.169380
15154129;98.109055
15156158;98.047768
15158126;97.985512
15160113;97.922287
15162112;97.858093
15164110;97.792938
15166113;97.726814
15168167;97.659729
15170118;97.591682
15172107;97.522667
15174113;97.452690
15176110;97.381760
15178173;97.309860
15180168;97.237000
15182142;97.163185
15184141;97.088402
15186135;97.012665
15188145;96.974442
15190150;96.858322
15192117;96.779716
15194119;96.700157
15196110;96.619637
15198130;96.538170
15200209;96.455750
15202137;96.372375
15204132;96.288048
15206130;96.202774
15208145;96.116547
15210132;96.029373
15212156;95.941254
15214135;95.852188
15216138;95.762169
15218141;95.671211
15220132;95.579308
15222158;95.486458
15224117;95.392670
15226119;95.297935
15228126;95.202271
15230109;95.105659
15232112;95.008110
15234164;94.909622
15236136;94.810196
15238153;94.709839
15240136;94.608536
15242134;94.506317
15244157;94.403152
15246115;94.299057
15248123;94.194038
15250109;94.088081
15252114;93.981201
15254112;93.873390
15256157;93.764648
15258148;93.654999
15260130;93.544411
15262134;93.432907
15264132;93.320465
15266149;93.207123
15268126;93.092850
15270113;92.977646
15272111;92.861542
15274116;92.744514
15276323;92.626579
15278157;92.507729
15280138;92.387955
15282136;92.267273
15284133;92.145691
15286133;92.023193
15288157;91.961601
15290117;91.775475
15292112;91.650246
15294109;91.524117
15296107;91.397095
15298231;91.269157
15300135;91.140327
15302130;91.010597
15304128;90.879974
15306130;90.748444
15308147;90.616020
15310163;90.482712
15312132;90.348503
15314127;90.213394
15316131;90.077415
15318148;89.940529
15320227;89.802765
15322137;89.664108
15324132;89.524567
15326126;89.384140
15328151;89.242844
15330131;89.100662
15332158;88.957588
15334132;88.813644
15336134;88.668823
15338147;88.596085
15340134;88.376564
15342157;88.229126
15344112;88.080811
15346111;87.931625
15348123;87.781578
15350113;87.630661
15352332;87.478897
15354137;87.326256
15356133;87.172745
15358146;87.018379
15360132;86.863152
15362134;86.707069
15364157;86.550140
15366116;86.392349
15368126;86.233696
15370112;86.074203
15372113;85.913857
15374115;85.752663
15376159;85.590630
15378159;85.427750
15380135;85.264015
15382132;85.099449
15384129;84.934029
15386155;84.767799
15388133;84.600708
15390120;84.432793
15392116;84.264038
15394116;84.094452
15396332;83.924034
15398156;83.752808
15400132;83.580734
15402131;83.407845
15404129;83.234116
15406131;83.059601
15408172;82.884232
15410119;82.708069
15412112;82.531075
15414118;82.353271
15416110;82.174644
15418345;81.995216
15420147;81.814972
15422139;81.633934
15424135;81.452087
15426135;81.269424
15428144;81.085960
15430156;80.901703
15432120;80.716637
15434116;80.530800
15436117;80.344147
15438123;80.156700
15440225;79.968468
15442140;79.779449
15444135;79.589630
15446140;79.399048
15448150;79.207664
15450132;79.015503
15452159;78.822556
15454139;78.628838
15456132;78.628838
15458148;78.239082
15460132;78.043053
15462154;77.846237
15464121;77.648666
15466106;77.450310
15468118;77.251205
15470116;77.051338
15472114;76.850708
15474154;76.649315
15476138;76.447166
15478148;76.244263
15480134;76.040604
15482132;75.836205
15484158;75.631050
15486117;75.425148
15488125;75.321922
15490109;75.011108
15492114;74.802986
15494161;74.594131
15496116;74.384521
15498124;74.174179
15500117;73.963112
15502111;73.751305
15504112;73.538780
15506158;73.325546
15508154;73.111565
15510134;72.896866
15512132;72.681442
15514130;72.465324
15516154;72.248474
15518126;72.030922
15520110;71.812645
15522114;71.593658
15524115;71.373962
15526114;71.153572
15528165;70.932480
15530137;70.710686
15532136;70.488205
15534135;70.265007
15536132;70.041122
15538166;69.928932
15540110;69.591293
15542112;69.365349
15544113;69.138702
15546111;68.911385
15548234;68.683395
15550136;68.454712
15552135;68.225380
15554131;67.995354
15556133;67.764648
15558153;67.533287
15560155;67.301247
15562131;67.068550
15564127;66.835213
15566128;66.601196
15568147;66.366539
15570232;66.131203
15572138;65.895226
15574134;65.658585
15576134;65.421318
15578148;65.183395
15580133;64.944824
15582155;64.705612
15584133;64.465759
15586129;64.225273
15588146;63.984169
15590130;63.742416
15592156;63.500034
15594113;63.257027
15596113;63.013393
15598129;62.769138
15600108;62.524284
15602116;62.278790
15604161;62.032688
15606135;61.785965
15608143;61.538635
15610132;61.290707
15612132;61.042183
15614158;60.793037
15616113;60.543293
15618124;60.292953
15620113;60.042034
15622112;59.790508
15624117;59.538414
15626160;59.285706
15628155;59.032417
15630131;58.778542
15632132;58.524086
15634130;58.269054
15636156;58.013470
15638127;57.885437
15640114;57.500542
15642117;57.243221
15644108;56.985344
15646111;56.726898
15648169;56.467915
15650138;56.208355
15652135;55.948238
15654133;55.687569
15656133;55.426353
15658163;55.164589
15660121;54.902298
15662118;54.639446
15664112;54.376053
15666116;54.112125
15668128;53.847664
15670163;53.582676
15672143;53.317173
15674137;53.051144
15676135;52.784573
15678154;52.517479
15680159;52.249874
15682118;51.981766
15684106;51.713127
15686108;51.443977
15688128;51.174320
15690231;50.904156
15692135;50.633492
15694134;50.362350
15696132;50.090683
15698149;49.818527
15700136;49.545879
15702156;49.272743
15704122;48.999119
15706115;48.725033
15708130;48.450447
15710111;48.175381
15712110;47.899837
15714158;47.623821
15716135;47.347336
15718150;47.070408
15720135;46.792992
15722129;46.515114
15724152;46.236778
15726116;45.957981
15728128;45.678757
15730112;45.399082
15732112;45.118935
15734159;44.838341
15736113;44.557308
15738127;44.275837
15740112;43.993927
15742114;43.711601
15744111;43.428825
15746144;43.145622
15748129;42.861992
15750111;42.577938
15752111;42.293461
15754110;42.008595
15756157;41.723286
15758132;41.437569
15760112;41.151443
15762110;40.864910
15764108;40.577976
15766112;40.290661
15768175;40.002926
15770138;39.714794
15772134;39.426277
15774134;39.137363
15776131;38.848068
15778171;38.558411
15780118;38.268349
15782110;37.977936
15784116;37.687119
15786115;37.395935
15788125;37.250214
15790165;36.812485
15792145;36.520203
15794142;36.227558
15796133;35.934555
15798154;35.641201
15800154;35.347488
15802112;35.053455
15804113;34.759052
15806111;34.464306
15808123;34.169220
15810110;33.873795
15812159;33.578037
15814141;33.281975
15816135;32.985558
15818150;32.688812
15820134;32.391747
15822158;32.094360
15824116;31.796658
15826117;31.498665
15828126;31.200336
15830115;30.901703
15832117;30.602762
15834158;30.303522
15836137;30.004025
15838150;29.704189
15840131;29.404058
15842131;29.103638
15844160;28.802931
15846120;28.501940
15848133;28.200689
15850111;27.899137
15852113;27.597309
15854239;27.295212
15856135;26.992840
15858149;26.690207
15860130;26.387331
15862135;26.084169
15864131;25.780756
15866152;25.477085
15868129;25.173161
15870113;24.868990
15872110;24.564596
15874107;24.259939
15876225;23.955040
15878149;23.649906
15880131;23.344538
15882133;23.038939
15884130;22.733135
15886130;22.427086
15888173;22.120813
15890136;21.814348
15892127;21.507641
15894130;21.200726
15896131;20.893621
15898164;20.586288
15900113;20.278751
15902107;19.971016
15904106;19.663082
15906112;19.354956
15908123;19.046659
15910161;18.738153
15912142;18.429462
15914135;18.120588
15916139;17.811537
15918155;17.502310
15920162;17.192932
15922112;16.883362
15924110;16.573624
15926118;16.263723
15928127;15.953663
15930341;15.643445
15932143;15.333096
15934133;15.022570
15936125;14.711897
15938143;14.556519
15940129;14.090120
15942154;13.779022
15944118;13.467834
15946111;13.156466
15948118;12.844968
15950117;12.533342
15952159;12.221595
15954118;11.909726
15956115;11.597764
15958126;11.285663
15960110;10.973451
15962115;10.661130
15964162;10.348703
15966137;10.036177
15968146;9.723573
15970133;9.410850
15972129;9.098034
15974157;8.785129
15976115;8.472136
15978121;8.159060
15980113;7.845928
15982113;7.532693
15984108;7.219385
15986160;6.906006
15988158;6.592558
15990131;6.279069
15992131;5.965495
15994132;5.651861
15996159;5.338172
15998135;5.024454
16000113;4.710662
16002111;4.396848
16004111;4.082967
16006117;3.769045
16008182;3.455086
16010137;3.141093
16012134;2.827068
16014132;2.513040
16016130;2.198963
16018164;1.884865
16020117;1.570747
16022115;1.256615
16024112;0.942470
16026111;0.628339
16028175;0.314179
16030168;0.000015
16032141;-0.314149
16034138;-0.628309
16036142;-0.942463
16038139;-1.099525
16040160;-1.570717
16042114;-1.884835
16044111;-2.198933
16046113;-2.513010
16048122;-2.827062
16050113;-3.141062
16052161;-3.455031
16054138;-3.768990
16056130;-4.082912
16058147;-4.396794
16060133;-4.710632
16062153;-5.024400
16064125;-5.338142
16066111;-5.651831
16068120;-5.965465
16070114;-6.279039
16072115;-6.592552
16074157;-6.905976
16076136;-7.219356
16078148;-7.532664
16080128;-7.845898
16082131;-8.159054
16084142;-8.472131
16086114;-8.785099
16088129;-8.941574
16090109;-9.410820
16092114;-9.723543
16094158;-10.036171
16096112;-10.348699
16098117;-10.661099
16100113;-10.973421
16102112;-11.285633
16104108;-11.597733
16106160;-11.909697
16108145;-12.221565
16110132;-12.533291
16112129;-12.844914
16114126;-13.156412
16116158;-13.467780
16118155;-13.779016
16120137;-14.090115
16122127;-14.401050
16124132;-14.711868
16126153;-15.022542
16128117;-15.333065
16130119;-15.643438
16132116;-15.953633
16134111;-16.263695
16136115;-16.573595
16138162;-16.883331
16140113;-17.192902
16142110;-17.502304
16144111;-17.811506
16146107;-18.120560
16148165;-18.429432
16150118;-18.738123
16152114;-19.046631
16154113;-19.354950
16156110;-19.663054
16158124;-19.970985
16160165;-20.278700
16162147;-20.586235
16164144;-20.893570
16166133;-21.200695
16168151;-21.507589
16170160;-21.814295
16172116;-22.120785
16174107;-22.427057
16176114;-22.733107
16178126;-23.038933
16180113;-23.344507
16182158;-23.649876
16184123;-23.955011
16186110;-24.259909
16188128;-24.564569
16190111;-24.868984
16192113;-25.173134
16194161;-25.477055
16196134;-25.780725
16198142;-26.084143
16200133;-26.387300
16202129;-26.690201
16204155;-26.992813
16206117;-27.295181
16208132;-27.597281
16210116;-27.899107
16212111;-28.200659
16214108;-28.501909
16216157;-28.802877
16218142;-29.103586
16220132;-29.404009
16222131;-29.704138
16224131;-30.003973
16226164;-30.303516
16228126;-30.602736
16230112;-30.901674
16232114;-31.200310
16234117;-31.498638
16236109;-31.796652
16238172;-31.945532
16240137;-32.391720
16242134;-32.688786
16244131;-32.985527
16246129;-33.281944
16248167;-33.578033
16250120;-33.873791
16252111;-34.169189
16254113;-34.464279
16256111;-34.759026
16258126;-35.053425
16260165;-35.347485
16262141;-35.641193
16264137;-35.934525
16266133;-36.227528
16268151;-36.520149
16270157;-36.812435
16272114;-37.104355
16274114;-37.395885
16276112;-37.687073
16278131;-37.977882
16280109;-38.268322
16282153;-38.558380
16284137;-38.848064
16286134;-39.137337
16288149;-39.281853
16290130;-39.714767
16292158;-40.002899
16294115;-40.290634
16296112;-40.577969
16298126;-40.864883
16300110;-41.151417
16302155;-41.437542
16304115;-41.723259
16306118;-42.008568
16308127;-42.293461
16310107;-42.577911
16312111;-42.861965
16314159;-43.145596
16316131;-43.428799
16318148;-43.711575
16320133;-43.993919
16322133;-44.275787
16324162;-44.557262
16326119;-44.838295
16328123;-45.118885
16330114;-45.399033
16332108;-45.678730
16334110;-45.957954
16336158;-46.236752
16338154;-46.515087
16340132;-46.792965
16342128;-47.070381
16344132;-47.347332
16346159;-47.623795
16348126;-47.899811
16350119;-48.175350
16352114;-48.450413
16354119;-48.725002
16356111;-48.999111
16358169;-49.272713
16360129;-49.545849
16362132;-49.818497
16364132;-50.090652
16366134;-50.362312
16368168;-50.633476
16370115;-50.904125
16372116;-51.174290
16374110;-51.443947
16376115;-51.713074
16378176;-51.981712
16380160;-52.249836
16382143;-52.517433
16384141;-52.784519
16386136;-53.051098
16388154;-53.184174
16390157;-53.582661
16392117;-53.847660
16394109;-54.112095
16396111;-54.376022
16398128;-54.639416
16400113;-54.902267
16402155;-55.164574
16404132;-55.426342
16406130;-55.687542
16408144;-55.948212
16410129;-56.208324
16412159;-56.467884
16414116;-56.726891
16416112;-56.985329
16418129;-57.243191
16420112;-57.500511
16422118;-57.757259
16424154;-58.013439
16426137;-58.269047
16428148;-58.524078
16430137;-58.778496
16432134;-59.032368
16434162;-59.285660
16436136;-59.538364
16438148;-59.790482
16440130;-60.041992
16442134;-60.292923
16444159;-60.543270
16446117;-60.793011
16448128;-61.042152
16450116;-61.290695
16452120;-61.538612
16454115;-61.785934
16456158;-61.909382
16458156;-62.278767
16460131;-62.524254
16462133;-62.769127
16464132;-63.013363
16466161;-63.256996
16468128;-63.500004
16470111;-63.742386
16472111;-63.984142
16474113;-64.225266
16476115;-64.465729
16478169;-64.705582
16480138;-64.944801
16482133;-65.183365
16484126;-65.421280
16486129;-65.658554
16488169;-65.895172
16490113;-66.131157
16492115;-66.366493
16494115;-66.601166
16496116;-66.835190
16498173;-67.068550
16500166;-67.301224
16502143;-67.533264
16504135;-67.764626
16506139;-67.995323
16508145;-68.225349
16510161;-68.454704
16512114;-68.683365
16514119;-68.911362
16516110;-69.138680
16518119;-69.365326
16520114;-69.591270
16522157;-69.816536
16524135;-70.041100
16526133;-70.264984
16528150;-70.488174
16530133;-70.710670
16532162;-70.932472
16534114;-71.153572
16536107;-71.373947
16538124;-71.483871
16540110;-71.812607
16542112;-72.030884
16544156;-72.248444
16546139;-72.465302
16548152;-72.681419
16550132;-72.896843
16552134;-73.111549
16554156;-73.325523
16556118;-73.538780
16558132;-73.751305
16560110;-73.963097
16562114;-74.174164
16564233;-74.384499
16566140;-74.594101
16568148;-74.802979
16570136;-75.011101
16572133;-75.218483
16574134;-75.425125
16576146;-75.631035
16578125;-75.836189
16580119;-76.040581
16582108;-76.244255
16584111;-76.447144
16586164;-76.649307
16588129;-76.850685
16590113;-77.051308
16592115;-77.251175
16594114;-77.450302
16596115;-77.648628
16598177;-77.846230
16600134;-78.043022
16602128;-78.239052
16604132;-78.434334
16606131;-78.628822
16608165;-78.822556
16610117;-79.015488
16612112;-79.207634
16614112;-79.399033
16616112;-79.589615
16618131;-79.779442
16620171;-79.968452
16622138;-80.156693
16624132;-80.344131
16626138;-80.530762
16628148;-80.716637
16630158;-80.901680
16632116;-81.085953
16634111;-81.269409
16636111;-81.452049
16638120;-81.633919
16640113;-81.814957
16642160;-81.995216
16644136;-82.174629
16646132;-82.353264
16648150;-82.531059
16650131;-82.708046
16652163;-82.884232
16654111;-83.059578
16656109;-83.234131
16658122;-83.407837
16660114;-83.580719
16662113;-83.752808
16664155;-83.924034
16666130;-84.094467
16668145;-84.264030
16670133;-84.432808
16672130;-84.600685
16674160;-84.767761
16676118;-84.934021
16678124;-85.099419
16680117;-85.264000
16682112;-85.427719
16684227;-85.590591
16686135;-85.752647
16688149;-85.833344
16690136;-86.074188
16692135;-86.233673
16694130;-86.392334
16696153;-86.550117
16698130;-86.707047
16700114;-86.863136
16702110;-87.018356
16704112;-87.172737
16706167;-87.326225
16708175;-87.478867
16710134;-87.630653
16712128;-87.781563
16714133;-87.931618
16716131;-88.080795
16718166;-88.229118
16720116;-88.376549
16722116;-88.523109
16724111;-88.668816
16726111;-88.813629
16728350;-88.957581
16730152;-89.100639
16732140;-89.242813
16734142;-89.384140
16736139;-89.524551
16738144;-89.664101
16740158;-89.802750
16742135;-89.940506
16744136;-90.077400
16746128;-90.213379
16748152;-90.348495
16750165;-90.482697
16752112;-90.616020
16754113;-90.748444
16756110;-90.879959
16758119;-91.010597
16760106;-91.140320
16762161;-91.269165
16764136;-91.397079
16766127;-91.524109
16768145;-91.650238
16770128;-91.775452
16772161;-91.899780
16774115;-92.023178
16776113;-92.145691
16778129;-92.267273
16780110;-92.387924
16782112;-92.507706
16784156;-92.626556
16786135;-92.744507
16788154;-92.803131
16790131;-92.977623
16792133;-93.092827
16794156;-93.207092
16796113;-93.320450
16798117;-93.432877
16800109;-93.544403
16802112;-93.654976
16804113;-93.764633
16806159;-93.873383
16808141;-93.981186
16810126;-94.088074
16812131;-94.194016
16814135;-94.299034
16816160;-94.403145
16818159;-94.506294
16820136;-94.608536
16822133;-94.709824
16824130;-94.810196
16826231;-94.909607
16828155;-95.008095
16830135;-95.105652
16832131;-95.202255
16834133;-95.297935
16836137;-95.392662
16838166;-95.439674
16840117;-95.579300
16842113;-95.671204
16844112;-95.762169
16846116;-95.852180
16848344;-95.941254
16850147;-96.029373
16852137;-96.116539
16854139;-96.202766
16856135;-96.288040
16858144;-96.372375
16860157;-96.455742
16862108;-96.538162
16864112;-96.619637
16866114;-96.700150
16868128;-96.779716
16870169;-96.858315
16872156;-96.935974
16874135;-97.012665
16876134;-97.088394
16878147;-97.163177
16880133;-97.236992
16882155;-97.309860
16884116;-97.381752
16886118;-97.452690
16888124;-97.522659
16890113;-97.591667
16892116;-97.659721
16894154;-97.726807
16896138;-97.792923
16898147;-97.858086
16900133;-97.922272
16902134;-97.985497
16904154;-98.047760
16906115;-98.109047
16908127;-98.169365
16910113;-98.228714
16912113;-98.287109
16914112;-98.344513
16916158;-98.400963
16918147;-98.456429
16920133;-98.510925
16922132;-98.564461
16924135;-98.617012
16926152;-98.668594
16928131;-98.719200
16930114;-98.768837
16932114;-98.817490
16934112;-98.865166
16936231;-98.911880
16938158;-98.957611
16940135;-99.002365
16942134;-99.046143
16944131;-99.088936
16946129;-99.130760
16948168;-99.171600
16950130;-99.211472
16952131;-99.250351
16954127;-99.288261
16956132;-99.325188
16958167;-99.361130
16960114;-99.396095
16962111;-99.430077
16964118;-99.463081
16966114;-99.495102
16968128;-99.526138
16970162;-99.556198
16972123;-99.585274
16974121;-99.613365
16976117;-99.640472
16978124;-99.666595
16980168;-99.691734
16982157;-99.715889
16984137;-99.739059
16986134;-99.761246
16988146;-99.771973
16990131;-99.802673
16992157;-99.821907
16994112;-99.840157
16996113;-99.857414
16998123;-99.873695
17000115;-99.888985
17002116;-99.903290
17004161;-99.916611
17006132;-99.928947
17008143;-99.940292
17010131;-99.950653
17012131;-99.960030
17014152;-99.968414
17016116;-99.975815
17018122;-99.982231
17020120;-99.987663
17022114;-99.992104
17024111;-99.995560
17026150;-99.998024
17028125;-99.999504
17030115;-100.000000
17032110;-99.999504
17034110;-99.998024
17036159;-99.995560
17038126;-99.993958
17040114;-99.987663
17042111;-99.982239
17044113;-99.975815
17046110;-99.968422
17048171;-99.960030
17050133;-99.950661
17052128;-99.940292
17054128;-99.928955
17056131;-99.916611
17058164;-99.903297
17060125;-99.888985
17062111;-99.873695
17064120;-99.857422
17066114;-99.840157
17068126;-99.821907
17070166;-99.802673
17072145;-99.782455
17074131;-99.761253
17076132;-99.739059
17078150;-99.715897
17080159;-99.691734
17082122;-99.666595
17084113;-99.640472
17086118;-99.613365
17088130;-99.585274
17090111;-99.556198
17092155;-99.526146
17094135;-99.495102
17096132;-99.463081
17098146;-99.430084
17100129;-99.396095
17102161;-99.361130
17104138;-99.325195
17106133;-99.288269
17108142;-99.250359
17110128;-99.211479
17112155;-99.171616
17114113;-99.130768
17116114;-99.088951
17118123;-99.046150
17120112;-99.002373
17122114;-98.957619
17124161;-98.911888
17126135;-98.865181
17128140;-98.817497
17130132;-98.768845
17132132;-98.719200
17134160;-98.668602
17136108;-98.617020
17138122;-98.590866
17140111;-98.510941
17142116;-98.456436
17144115;-98.400970
17146162;-98.344528
17148145;-98.287109
17150134;-98.228737
17152137;-98.169373
17154133;-98.109062
17156149;-98.047760
17158125;-97.985512
17160113;-97.922287
17162114;-97.858093
17164109;-97.792938
17166170;-97.726814
17168168;-97.659729
17170132;-97.591690
17172134;-97.522667
17174134;-97.452698
17176132;-97.381752
17178165;-97.309860
17180110;-97.236992
17182112;-97.163177
17184114;-97.088402
17186107;-97.012665
17188167;-96.935974
17190109;-96.858315
17192115;-96.779716
17194113;-96.700165
17196111;-96.619637
17198117;-96.538177
17200161;-96.455742
17202119;-96.372375
17204118;-96.288055
17206120;-96.202766
17208127;-96.116547
17210165;-96.029381
17212159;-95.941261
17214132;-95.852188
17216130;-95.762184
17218148;-95.671227
17220137;-95.579315
17222162;-95.486473
17224115;-95.392677
17226111;-95.297951
17228131;-95.202286
17230114;-95.105667
17232114;-95.008125
17234161;-94.909630
17236136;-94.810204
17238151;-94.709839
17240133;-94.608551
17242133;-94.506332
17244161;-94.403160
17246117;-94.299072
17248124;-94.194038
17250111;-94.088089
17252111;-93.981209
17254241;-93.873390
17256135;-93.764671
17258151;-93.654999
17260133;-93.544418
17262134;-93.432899
17264134;-93.320473
17266160;-93.207130
17268152;-93.092850
17270127;-92.977661
17272131;-92.861542
17274136;-92.744522
17276162;-92.626587
17278129;-92.507729
17280115;-92.387970
17282114;-92.267273
17284111;-92.145691
17286172;-92.023178
17288167;-91.961601
17290132;-91.775475
17292132;-91.650238
17294132;-91.524124
17296134;-91.397079
17298171;-91.269165
17300111;-91.140343
17302115;-91.010597
17304114;-90.879974
17306115;-90.748444
17308334;-90.616020
17310145;-90.482697
17312136;-90.348495
17314143;-90.213409
17316133;-90.077400
17318146;-89.940552
17320157;-89.802773
17322118;-89.664124
17324113;-89.524590
17326115;-89.384155
17328129;-89.242867
17330161;-89.100662
17332120;-88.957611
17334116;-88.813675
17336118;-88.668839
17338122;-88.523155
17340111;-88.376579
17342162;-88.229141
17344133;-88.080818
17346132;-87.931648
17348144;-87.781609
17350130;-87.630676
17352246;-87.478905
17354134;-87.326256
17356131;-87.172760
17358143;-87.018402
17360132;-86.863159
17362135;-86.707092
17364162;-86.550140
17366138;-86.392357
17368149;-86.233696
17370130;-86.074211
17372132;-85.913879
17374161;-85.752670
17376116;-85.590645
17378121;-85.427742
17380112;-85.264030
17382111;-85.099472
17384115;-84.934044
17386163;-84.767807
17388157;-84.600708
17390130;-84.432808
17392132;-84.264030
17394129;-84.094467
17396159;-83.924065
17398129;-83.752808
17400111;-83.580742
17402112;-83.407837
17404113;-83.234131
17406115;-83.059608
17408173;-82.884232
17410137;-82.708069
17412129;-82.531059
17414134;-82.353264
17416131;-82.174629
17418166;-81.995216
17420116;-81.814980
17422115;-81.633919
17424115;-81.452080
17426115;-81.269432
17428126;-81.085983
17430163;-80.901741
17432138;-80.716667
17434133;-80.530823
17436137;-80.344162
17438146;-80.250534
17440154;-79.968475
17442122;-79.779472
17444111;-79.589668
17446111;-79.399063
17448128;-79.207695
17450118;-79.015518
17452159;-78.822586
17454131;-78.628883
17456131;-78.434364
17458143;-78.434364
17460137;-78.043053
17462158;-77.846252
17464113;-77.648659
17466111;-77.450325
17468127;-77.251228
17470116;-77.051338
17472118;-76.850716
17474156;-76.649307
17476141;-76.447174
17478148;-76.244286
17480130;-76.040611
17482131;-75.836220
17484153;-75.631042
17486114;-75.425163
17488119;-75.218521
17490112;-75.011124
17492110;-74.803009
17494113;-74.594131
17496157;-74.384537
17498151;-74.174179
17500136;-73.963127
17502132;-73.751343
17504133;-73.538795
17506158;-73.325554
17508152;-73.111557
17510135;-72.896873
17512131;-72.681473
17514131;-72.465317
17516162;-72.248482
17518133;-72.030899
17520111;-71.812645
17522113;-71.593643
17524112;-71.373962
17526117;-71.153580
17528173;-70.932472
17530137;-70.710686
17532132;-70.488174
17534134;-70.265030
17536133;-70.041168
17538168;-69.928940
17540115;-69.591324
17542111;-69.365349
17544112;-69.138733
17546111;-68.911400
17548128;-68.683418
17550167;-68.454758
17552140;-68.225388
17554140;-67.995377
17556133;-67.764664
17558147;-67.533310
17560155;-67.301300
17562113;-67.068581
17564109;-66.835243
17566118;-66.601204
17568120;-66.366539
17570111;-66.131195
17572161;-65.895233
17574135;-65.658607
17576130;-65.421310
17578145;-65.183403
17580137;-64.944817
17582157;-64.705620
17584116;-64.465782
17586114;-64.225281
17588129;-64.104805
17590110;-63.742405
17592111;-63.500046
17594159;-63.257015
17596136;-63.013405
17598143;-62.769161
17600131;-62.524269
17602133;-62.278801
17604160;-62.032677
17606118;-61.785976
17608123;-61.538666
17610108;-61.290710
17612109;-61.042191
17614110;-60.793030
17616156;-60.543304
17618152;-60.292946
17620135;-60.042030
17622129;-59.790524
17624132;-59.538383
17626157;-59.285694
17628133;-59.032387
17630109;-58.778530
17632114;-58.524097
17634113;-58.269047
17636110;-58.013458
17638169;-57.757259
17640140;-57.500530
17642138;-57.243275
17644133;-56.985371
17646132;-56.726944
17648168;-56.467926
17650112;-56.208385
17652112;-55.948246
17654113;-55.687599
17656114;-55.426399
17658122;-55.164616
17660168;-54.902328
17662143;-54.639454
17664137;-54.376083
17666136;-54.112179
17668148;-53.847694
17670159;-53.582722
17672111;-53.317184
17674115;-53.051155
17676111;-52.784561
17678123;-52.517490
17680111;-52.249901
17682159;-51.981754
17684137;-51.713135
17686137;-51.443966
17688148;-51.174332
17690130;-50.904186
17692155;-50.633503
17694120;-50.362354
17696111;-50.090675
17698124;-49.818539
17700113;-49.545868
17702245;-49.272751
17704136;-48.999153
17706133;-48.725025
17708143;-48.450455
17710131;-48.175369
17712132;-47.899849
17714157;-47.623856
17716115;-47.347351
17718121;-47.070419
17720112;-46.792984
17722118;-46.515125
17724169;-46.236767
17726160;-45.957993
17728151;-45.678772
17730131;-45.399052
17732127;-45.118927
17734131;-44.838314
17736159;-44.557304
17738124;-44.416630
17740113;-43.993916
17742107;-43.711594
17744109;-43.428795
17746110;-43.145615
17748170;-42.861961
17750134;-42.577972
17752133;-42.293518
17754132;-42.008610
17756129;-41.723324
17758168;-41.437584
17760118;-41.151478
17762117;-40.864967
17764110;-40.578011
17766115;-40.290695
17768125;-40.002937
17770166;-39.714832
17772140;-39.426334
17774135;-39.137398
17776135;-38.848125
17778148;-38.558422
17780165;-38.268383
17782117;-37.977924
17784110;-37.687134
17786118;-37.395973
17788122;-37.250210
17790234;-36.812496
17792136;-36.520191
17794139;-36.227570
17796132;-35.934593
17798148;-35.641212
17800125;-35.347527
17802145;-35.053448
17804111;-34.759064
17806114;-34.464298
17808124;-34.169235
17810112;-33.873833
17812335;-33.578053
17814140;-33.281986
17816132;-32.985546
17818152;-32.688828
17820132;-32.391785
17822125;-32.094376
17824158;-31.796694
17826131;-31.498655
17828147;-31.200352
17830135;-30.901695
17832131;-30.602777
17834161;-30.303558
17836119;-30.003994
17838120;-29.704180
17840111;-29.404026
17842111;-29.103630
17844108;-28.802944
17846163;-28.501930
17848152;-28.200680
17850132;-27.899105
17852132;-27.597300
17854132;-27.295177
17856159;-26.992834
17858131;-26.690266
17860113;-26.387346
17862108;-26.084209
17864114;-25.780769
17866115;-25.477119
17868174;-25.173223
17870132;-24.869028
17872130;-24.564634
17874132;-24.259953
17876130;-23.955076
17878164;-23.649920
17880118;-23.344574
17882114;-23.039000
17884118;-22.733150
17886115;-22.427124
17888131;-22.274027
17890168;-21.814363
17892146;-21.507681
17894141;-21.200739
17896139;-20.893637
17898154;-20.586279
17900158;-20.278767
17902116;-19.971006
17904110;-19.663097
17906109;-19.354994
17908133;-19.046650
17910110;-18.738169
17912156;-18.429453
17914137;-18.120604
17916132;-17.811575
17918148;-17.502325
17920132;-17.192945
17922141;-16.883352
17924159;-16.573639
17926132;-16.263714
17928146;-15.953678
17930132;-15.643482
17932136;-15.333086
17934155;-15.022585
17936110;-14.711889
17938127;-14.401094
17940116;-14.090158
17942113;-13.779036
17944111;-13.467825
17946155;-13.156433
17948152;-12.844959
17950134;-12.533358
17952130;-12.221586
17954131;-11.909742
17956246;-11.597732
17958154;-11.285654
17960136;-10.973418
17962129;-10.661121
17964130;-10.348720
17966132;-10.036215
17968161;-9.723612
17970118;-9.410866
17972115;-9.098074
17974115;-8.785192
17976117;-8.472176
17978178;-8.159123
17980165;-7.845943
17982137;-7.532733
17984139;-7.219401
17986136;-6.906045
17988157;-6.592622
17990159;-6.279085
17992114;-5.965534
17994108;-5.651876
17996115;-5.338211
17998126;-5.024493
18000117;-4.710677
18002157;-4.396863
18004140;-4.082958
18006130;-3.769059
18008142;-3.455077
18010133;-3.141107
18012158;-2.827107
18014113;-2.513031
18016113;-2.198978
18018124;-1.884856
18020115;-1.570763
18022162;-1.256654
18024120;-0.942485
18026114;-0.628354
18028121;-0.314170
18030114;0.000000
18032116;0.314159
18034155;0.628314
18036110;0.942464
18038122;1.099535
18040113;1.570732
18042111;1.884844
18044169;2.198937
18046157;2.513010
18048148;2.827056
18050123;3.141076
18052133;3.455064
18054134;3.769018
18056157;4.082935
18058125;4.396812
18060117;4.710645
18062110;5.024432
18064117;5.338169
18066282;5.651853
18068153;5.965482
18070137;6.279051
18072127;6.592560
18074132;6.906002
18076130;7.219377
18078161;7.532680
18080119;7.845909
18082117;8.159060
18084115;8.472132
18086109;8.785120
18088124;9.098021
18090167;9.410830
18092138;9.723549
18094141;10.036171
18096141;10.348695
18098147;10.661115
18100162;10.973431
18102115;11.285637
18104114;11.597733
18106111;11.909716
18108124;12.221580
18110112;12.533322
18112159;12.844942
18114141;13.156436
18116133;13.467797
18118147;13.779028
18120134;14.090122
18122158;14.401078
18124136;14.711891
18126132;15.022558
18128142;15.333078
18130132;15.643446
18132154;15.953660
18134113;16.263714
18136113;16.573612
18138125;16.883343
18140116;17.192907
18142114;17.502306
18144157;17.811527
18146140;18.120577
18148142;18.429445
18150134;18.738131
18152135;19.046633
18154154;19.354946
18156112;19.663071
18158128;19.970997
18160113;20.278728
18162110;20.586262
18164116;20.893587
18166152;21.200710
18168125;21.507624
18170115;21.814323
18172113;22.120808
18174110;22.427074
18176157;22.733122
18178122;23.038942
18180113;23.344534
18182114;23.649900
18184108;23.955029
18186109;24.259922
18188170;24.412279
18190134;24.868988
18192132;25.173155
18194131;25.477072
18196134;25.780737
18198170;26.084152
18200117;26.387304
18202115;26.690197
18204116;26.992828
18206114;27.295193
18208123;27.597290
18210166;27.899107
18212144;28.200657
18214138;28.501928
18216139;28.802910
18218143;29.103617
18220163;29.404032
18222118;29.704157
18224113;30.003988
18226115;30.303526
18228127;30.602762
18230114;30.901697
18232157;31.200329
18234136;31.498650
18236132;31.796661
18238145;32.094360
18240136;32.391743
18242154;32.688801
18244122;32.985538
18246116;33.281952
18248118;33.578037
18250116;33.873787
18252115;34.169209
18254158;34.464294
18256138;34.759029
18258141;35.053429
18260130;35.347485
18262130;35.641186
18264151;35.934536
18266118;36.227535
18268127;36.520176
18270113;36.812454
18272111;37.104370
18274232;37.395920
18276133;37.687099
18278144;37.977905
18280134;38.268341
18282134;38.558399
18284131;38.848072
18286158;39.137363
18288128;39.281864
18290110;39.714787
18292112;40.002911
18294115;40.290646
18296170;40.577976
18298173;40.864906
18300132;41.151436
18302132;41.437557
18304134;41.723270
18306132;42.008572
18308165;42.293461
18310115;42.577927
18312115;42.861973
18314118;43.145603
18316111;43.428806
18318172;43.711575
18320114;43.993916
18322111;44.275822
18324112;44.557289
18326114;44.838318
18328122;45.118908
18330160;45.399048
18332146;45.678741
18334137;45.957985
18336140;46.236774
18338145;46.375996
18340162;46.792980
18342117;47.070389
18344113;47.347336
18346112;47.623817
18348133;47.899826
18350123;48.175365
18352162;48.450424
18354138;48.725014
18356134;48.999115
18358150;49.272736
18360128;49.545868
18362160;49.818508
18364113;50.090660
18366113;50.362320
18368127;50.633476
18370106;50.904137
18372112;51.174294
18374157;51.443951
18376140;51.713097
18378151;51.981728
18380129;52.249855
18382131;52.517464
18384158;52.784550
18386116;53.051121
18388122;53.317158
18390110;53.582676
18392113;53.847664
18394114;54.112125
18396157;54.376041
18398154;54.639435
18400132;54.902279
18402129;55.164581
18404128;55.426346
18406164;55.687557
18408126;55.948223
18410112;56.208336
18412114;56.467896
18414115;56.726891
18416162;56.985329
18418173;57.243210
18420135;57.500523
18422131;57.757271
18424134;58.013447
18426132;58.269047
18428170;58.524071
18430115;58.778526
18432115;59.032394
18434115;59.285683
18436115;59.538383
18438249;59.790497
18440136;60.042023
18442137;60.292953
18444130;60.543285
18446131;60.793026
18448150;61.042168
18450159;61.290707
18452116;61.538635
18454111;61.785961
18456116;62.032669
18458125;62.155800
18460157;62.524265
18462111;62.769135
18464111;63.013386
18466111;63.257015
18468125;63.500015
18470113;63.742393
18472161;63.984142
18474136;64.225266
18476131;64.465744
18478154;64.705597
18480132;64.944801
18482161;65.183365
18484113;65.421295
18486108;65.658569
18488124;65.776978
18490112;66.131187
18492113;66.366508
18494161;66.601189
18496139;66.835197
18498152;67.068550
18500132;67.301247
18502130;67.533279
18504163;67.764648
18506115;67.995331
18508122;68.225357
18510114;68.454704
18512113;68.683380
18514113;68.911377
18516155;69.138695
18518148;69.365326
18520136;69.591278
18522133;69.816536
18524132;70.041107
18526157;70.264992
18528131;70.488182
18530111;70.710678
18532114;70.932472
18534118;71.153572
18536113;71.373955
18538167;71.483887
18540142;71.812630
18542129;72.030899
18544131;72.248459
18546136;72.465309
18548168;72.681450
18550115;72.896866
18552112;73.111557
18554113;73.325539
18556112;73.538788
18558132;73.751320
18560163;73.963112
18562141;74.174179
18564142;74.384514
18566140;74.594116
18568145;74.802986
18570159;75.011108
18572117;75.218498
18574110;75.425140
18576107;75.631042
18578126;75.836197
18580116;76.040596
18582159;76.244255
18584134;76.447151
18586125;76.649300
18588149;76.850693
18590136;77.051323
18592156;77.251198
18594121;77.450302
18596116;77.648651
18598129;77.846230
18600112;78.043045
18602122;78.239082
18604158;78.434349
18606136;78.628838
18608150;78.822556
18610133;79.015503
18612134;79.207657
18614159;79.399040
18616112;79.589638
18618126;79.779442
18620111;79.968468
18622114;80.156693
18624114;80.344131
18626153;80.530785
18628150;80.716637
18630129;80.901695
18632129;81.085953
18634132;81.269417
18636167;81.452065
18638121;81.543091
18640115;81.814972
18642116;81.995209
18644113;82.174637
18646115;82.353249
18648168;82.531059
18650132;82.708054
18652130;82.884232
18654131;83.059586
18656134;83.234123
18658171;83.407837
18660135;83.580734
18662130;83.752800
18664126;83.924042
18666133;84.094452
18668168;84.264038
18670113;84.432785
18672116;84.600708
18674110;84.767792
18676112;84.934029
18678126;85.099449
18680167;85.264008
18682136;85.427734
18684138;85.590622
18686139;85.752663
18688152;85.913857
18690158;86.074203
18692114;86.233688
18694112;86.392334
18696112;86.550125
18698126;86.707062
18700109;86.863152
18702158;87.018372
18704130;87.172737
18706133;87.326241
18708147;87.478882
18710129;87.630669
18712152;87.781578
18714116;87.931625
18716111;88.080803
18718119;88.229111
18720115;88.376549
18722112;88.523125
18724157;88.668823
18726137;88.813637
18728149;88.957581
18730136;89.100647
18732135;89.242828
18734163;89.384140
18736114;89.524559
18738126;89.664093
18740113;89.802757
18742113;89.940521
18744112;90.077400
18746156;90.213387
18748148;90.348495
18750133;90.482697
18752132;90.616020
18754135;90.748444
18756156;90.879967
18758131;91.010597
18760116;91.140327
18762110;91.269150
18764109;91.397087
18766156;91.524117
18768127;91.650238
18770110;91.775467
18772114;91.899780
18774110;92.023178
18776113;92.145683
18778176;92.267273
18780133;92.387947
18782132;92.507721
18784131;92.626572
18786133;92.744514
18788168;92.803139
18790109;92.977646
18792112;93.092834
18794113;93.207108
18796110;93.320465
18798128;93.432892
18800157;93.544403
18802139;93.654991
18804136;93.764648
18806139;93.873383
18808149;93.981194
18810162;94.088074
18812110;94.194031
18814111;94.299057
18816112;94.403145
18818118;94.506310
18820161;94.608536
18822153;94.709831
18824132;94.810196
18826129;94.909615
18828156;95.008102
18830130;95.105652
18832160;95.202271
18834120;95.297935
18836114;95.392670
18838120;95.486458
18840111;95.579300
18842115;95.671204
18844155;95.762169
18846135;95.852180
18848153;95.941254
18850132;96.029373
18852131;96.116547
18854155;96.202766
18856118;96.288040
18858125;96.372368
18860115;96.455742
18862110;96.538162
18864119;96.619637
18866153;96.700150
18868156;96.779709
18870135;96.858315
18872137;96.935966
18874134;97.012665
18876161;97.088394
18878125;97.163177
18880112;97.236992
18882115;97.309853
18884115;97.381752
18886160;97.452690
18888131;97.522667
18890115;97.591682
18892113;97.659721
18894115;97.726814
18896108;97.792938
18898166;97.858086
18900139;97.922287
18902133;97.985504
18904131;98.047760
18906130;98.109055
18908165;98.169373
18910114;98.228722
18912114;98.287109
18914113;98.344521
18916112;98.400963
18918185;98.456436
18920166;98.510933
18922141;98.564461
18924137;98.617020
18926140;98.668602
18928147;98.719200
18930164;98.768837
18932117;98.817490
18934110;98.865173
18936111;98.911880
18938126;98.934868
18940108;99.002365
18942161;99.046143
18944135;99.088943
18946131;99.130760
18948150;99.171608
18950130;99.211472
18952163;99.250359
18954117;99.288261
18956118;99.325188
18958121;99.361130
18960113;99.396095
18962112;99.430077
18964159;99.463081
18966138;99.495102
18968148;99.526146
18970133;99.556198
18972134;99.585274
18974158;99.613365
18976136;99.640472
18978145;99.666595
18980135;99.691734
18982135;99.715889
18984156;99.739059
18986114;99.761253
18988125;99.782455
18990113;99.802673
18992109;99.821907
18994112;99.840149
18996156;99.857422
18998144;99.873695
19000128;99.888985
19002126;99.903290
19004124;99.916611
19006156;99.928947
19008133;99.940292
19010110;99.950653
19012110;99.960030
19014109;99.968422
19016114;99.975815
19018172;99.982239
19020135;99.987663
19022134;99.992104
19024130;99.995560
19026128;99.998024
19028169;99.999504
19030119;100.000000
19032114;99.999504
19034108;99.998024
19036114;99.995560
19038173;99.993958
19040162;99.987663
19042141;99.982239
19044137;99.975815
19046136;99.968422
19048153;99.960030
19050157;99.950661
19052113;99.940292
19054115;99.928947
19056113;99.916611
19058129;99.903290
19060253;99.888985
19062139;99.873695
19064133;99.857422
19066130;99.840157
19068155;99.821907
19070131;99.802673
19072157;99.782455
19074132;99.761253
19076129;99.739059
19078144;99.715889
19080133;99.691734
19082150;99.666595
19084111;99.640472
19086113;99.613365
19088123;99.599442
19090110;99.556198
19092114;99.526146
19094148;99.495102
19096118;99.463081
19098137;99.430077
19100117;99.396095
19102113;99.361130
19104161;99.325188
19106118;99.288261
19108129;99.250359
19110115;99.211472
19112114;99.171608
19114109;99.130768
19116159;99.088943
19118152;99.046150
19120135;99.002365
19122134;98.957619
19124128;98.911888
19126254;98.865173
19128148;98.817497
19130143;98.768837
19132131;98.719200
19134130;98.668602
19136131;98.617020
19138164;98.564461
19140113;98.510933
19142111;98.456436
19144120;98.400970
19146112;98.344521
19148169;98.287109
19150117;98.228729
19152113;98.169380
19154117;98.109055
19156113;98.047768
19158129;97.985512
19160162;97.922287
19162138;97.858093
19164135;97.792938
19166135;97.726814
19168151;97.659729
19170157;97.591682
19172119;97.522667
19174115;97.452690
19176110;97.381760
19178125;97.309860
19180114;97.237000
19182158;97.163185
19184133;97.088402
19186133;97.012665
19188156;96.935974
19190136;96.858322
19192163;96.779716
19194138;96.700157
19196133;96.619637
19198140;96.538170
19200138;96.455750
19202263;96.372375
19204143;96.288048
19206136;96.202774
19208147;96.116547
19210133;96.029373
19212130;95.941254
19214159;95.852188
19216114;95.762169
19218123;95.671211
19220112;95.579308
19222110;95.486458
19224267;95.392670
19226144;95.297935
19228145;95.202271
19230134;95.105659
19232133;95.008110
19234130;94.909622
19236161;94.810196
19238131;94.760132
19240112;94.608536
19242108;94.506317
19244118;94.403152
19246113;94.299057
19248168;94.194038
19250143;94.088081
19252136;93.981201
19254133;93.873390
19256136;93.764648
19258164;93.654999
19260112;93.544411
19262116;93.432907
19264116;93.320465
19266110;93.207123
19268125;93.092850
19270162;92.977646
19272136;92.861542
19274135;92.744514
19276138;92.626579
19278145;92.507729
19280155;92.387955
19282117;92.267273
19284112;92.145691
19286114;92.023193
19288127;91.961601
19290253;91.775475
19292138;91.650246
19294133;91.524117
19296127;91.397095
19298149;91.269157
19300136;91.140327
19302153;91.010597
19304114;90.879974
19306116;90.748444
19308124;90.616020
19310112;90.482712
19312157;90.348503
19314112;90.213394
19316112;90.077415
19318122;89.940529
19320112;89.802765
19322111;89.664108
19324160;89.524567
19326135;89.384140
19328143;89.242844
19330128;89.100662
19332135;88.957588
19334155;88.813644
19336117;88.668823
19338131;88.523125
19340117;88.376564
19342113;88.229126
19344118;88.080811
19346162;87.931625
19348150;87.781578
19350130;87.630661
19352134;87.478897
19354130;87.326256
19356158;87.172745
19358127;87.018379
19360115;86.863152
19362112;86.707069
19364110;86.550140
19366111;86.392349
19368166;86.233696
19370137;86.074203
19372127;85.913857
19374125;85.752663
19376135;85.590630
19378168;85.427750
19380121;85.264015
19382113;85.099449
19384116;84.934029
19386115;84.767799
19388176;84.684357
19390157;84.432793
19392144;84.264038
19394137;84.094452
19396142;83.924034
19398154;83.752808
19400159;83.580734
19402119;83.407845
19404108;83.234116
19406118;83.059601
19408127;82.884232
19410161;82.708069
19412111;82.531075
19414117;82.353271
19416114;82.174644
19418124;81.995216
19420121;81.814972
19422163;81.633934
19424131;81.452087
19426127;81.269424
19428150;81.085960
19430131;80.901703
19432157;80.716637
19434112;80.530800
19436112;80.344147
19438128;80.156700
19440108;79.968468
19442110;79.779449
19444157;79.589630
19446139;79.399048
19448146;79.207664
19450133;79.015503
19452134;78.822556
19454155;78.628838
19456111;78.434341
19458122;78.239082
19460112;78.239082
19462107;77.846237
19464158;77.648666
19466118;77.450310
19468127;77.251205
19470114;77.051338
19472115;76.850708
19474112;76.649315
19476158;76.447166
19478147;76.244263
19480131;76.040604
19482129;75.836205
19484128;75.631050
19486153;75.425148
19488131;75.218498
19490112;75.011108
19492107;74.802986
19494112;74.594131
19496113;74.384521
19498173;74.174179
19500135;73.963112
19502135;73.751305
19504126;73.538780
19506127;73.325546
19508162;73.111565
19510116;72.896866
19512115;72.681442
19514113;72.465324
19516111;72.248474
19518122;72.030922
19520162;71.812645
19522138;71.593658
19524134;71.373962
19526139;71.153572
19528145;70.932480
19530157;70.710686
19532113;70.488205
19534111;70.265007
19536117;70.041122
19538124;69.928932
19540111;69.591293
19542159;69.365349
19544134;69.138702
19546133;68.911385
19548147;68.683395
19550133;68.454712
19552159;68.225380
19554114;67.995354
19556113;67.764648
19558128;67.533287
19560110;67.301247
19562113;67.068550
19564153;66.835213
19566137;66.601196
19568149;66.366539
19570131;66.131203
19572129;65.895226
19574156;65.658585
19576114;65.421318
19578119;65.183395
19580109;64.944824
19582113;64.705612
19584112;64.465759
19586157;64.225273
19588157;63.984169
19590129;63.742416
19592130;63.500034
19594134;63.257027
19596161;63.013393
19598124;62.769138
19600114;62.524284
19602115;62.278790
19604108;62.032688
19606167;61.785965
19608169;61.538635
19610133;61.290707
19612130;61.042183
19614128;60.793037
19616127;60.543293
19618173;60.292953
19620142;60.042034
19622133;59.790508
19624130;59.538414
19626132;59.285706
19628167;59.032417
19630116;58.778542
19632113;58.524086
19634111;58.269054
19636109;58.013470
19638126;57.757290
19640164;57.500542
19642139;57.243221
19644141;56.985344
19646136;56.726898
19648151;56.467915
19650183;56.208355
19652155;55.948238
19654126;55.687569
19656127;55.426353
19658149;55.164589
19660131;54.902298
19662161;54.639446
19664109;54.376053
19666117;54.112125
19668118;53.847664
19670119;53.582676
19672165;53.317173
19674156;53.051144
19676138;52.784573
19678147;52.517479
19680129;52.249874
19682128;51.981766
19684158;51.713127
19686116;51.443977
19688124;51.309196
19690111;50.904156
19692112;50.633492
19694165;50.362350
19696156;50.090683
19698154;49.818527
19700128;49.545879
19702131;49.272743
19704130;48.999119
19706159;48.725033
19708126;48.450447
19710112;48.175381
19712113;47.899837
19714113;47.623821
19716109;47.347336
19718165;47.070408
19720136;46.792992
19722133;46.515114
19724130;46.236778
19726131;45.957981
19728166;45.678757
19730114;45.399082
19732113;45.118935
19734109;44.838341
19736108;44.557308
19738124;44.275837
19740165;43.993927
19742141;43.711601
19744137;43.428825
19746137;43.145622
19748149;42.861992
19750163;42.577938
19752116;42.293461
19754114;42.008595
19756115;41.723286
19758124;41.437569
19760160;41.151443
19762117;40.864910
19764111;40.577976
19766106;40.290661
19768125;40.002926
19770114;39.714794
19772161;39.426277
19774136;39.137363
19776136;38.848068
19778143;38.558411
19780137;38.268349
19782159;37.977936
19784117;37.687119
19786110;37.395935
19788122;37.250214
19790114;36.812485
19792112;36.520203
19794154;36.227558
19796135;35.934555
19798142;35.641201
19800132;35.347488
19802129;35.053455
19804158;34.759052
19806115;34.464306
19808126;34.169220
19810112;33.873795
19812111;33.578037
19814250;33.281975
19816136;32.985558
19818148;32.688812
19820134;32.391747
19822130;32.094360
19824128;31.796658
19826156;31.498665
19828147;31.200336
19830133;30.901703
19832131;30.602762
19834130;30.303522
19836157;30.004025
19838123;29.854134
19840115;29.404058
19842114;29.103638
19844111;28.802931
19846112;28.501940
19848164;28.200689
19850135;27.899137
19852135;27.597309
19854132;27.295212
19856129;26.992840
19858164;26.690207
19860114;26.387331
19862110;26.084169
19864111;25.780756
19866115;25.477085
19868127;25.173161
19870161;24.868990
19872144;24.564596
19874141;24.259939
19876143;23.955040
19878153;23.649906
19880274;23.344538
19882138;23.038939
19884126;22.733135
19886126;22.427086
19888152;22.120813
19890133;21.814348
19892146;21.507641
19894114;21.200726
19896110;20.893621
19898124;20.586288
19900113;20.278751
19902160;19.971016
19904118;19.663082
19906116;19.354956
19908124;19.046659
19910111;18.738153
19912111;18.429462
19914159;18.120588
19916135;17.811537
19918145;17.502310
19920135;17.192932
19922135;16.883362
19924153;16.573624
19926114;16.263723
19928115;15.953663
19930111;15.643445
19932108;15.333096
19934112;15.022570
19936160;14.711897
19938146;14.401080
19940130;14.090120
19942135;13.779022
19944130;13.467834
19946156;13.156466
19948129;12.844968
19950112;12.533342
19952116;12.221595
19954112;11.909726
19956110;11.597764
19958168;11.285663
19960134;10.973451
19962131;10.661130
19964130;10.348703
19966129;10.036177
19968169;9.723573
19970117;9.410850
19972112;9.098034
19974112;8.785129
19976109;8.472136
19978172;8.159060
19980115;7.845928
19982106;7.532693
19984109;7.219385
19986108;6.906006
19988123;6.749302
19990163;6.279069
19992119;5.965495
19994118;5.651861
19996115;5.338172
19998124;5.024454
20000174;4.710662
20002154;4.396848
20004132;4.082967
20006135;3.769045
20008147;3.455086
20010131;3.141093
20012160;2.827068
20014115;2.513040
20016119;2.198963
20018129;1.884865
20020117;1.570747
20022174;1.256615
20024156;0.942470
20026136;0.628339
20028155;0.314179
20030135;0.000015
20032133;-0.314149
20034156;-0.628309
20036135;-0.942463
20038147;-1.099525
20040132;-1.570717
20042132;-1.884835
20044159;-2.198933
20046111;-2.513010
20048129;-2.827062
20050120;-3.141062
20052111;-3.455031
20054117;-3.768990
20056157;-4.082912
20058155;-4.396794
20060132;-4.710632
20062133;-5.024400
20064134;-5.338142
20066158;-5.651831
20068127;-5.965465
20070114;-6.279039
20072114;-6.592552
20074112;-6.905976
20076114;-7.219356
20078173;-7.532664
20080136;-7.845898
20082132;-8.159054
20084129;-8.472131
20086135;-8.785099
20088166;-9.098004
20090114;-9.410820
20092116;-9.723543
20094108;-10.036171
20096111;-10.348699
20098121;-10.661099
20100163;-10.973421
20102139;-11.285633
20104137;-11.597733
20106133;-11.909697
20108153;-12.221565
20110160;-12.533291
20112110;-12.844914
20114113;-13.156412
20116106;-13.467780
20118127;-13.779016
20120110;-14.090115
20122158;-14.401050
20124131;-14.711868
20126133;-15.022542
20128146;-15.333065
20130131;-15.643438
20132152;-15.953633
20134108;-16.263695
20136106;-16.573595
20138126;-16.728497
20140110;-17.192902
20142112;-17.502304
20144163;-17.811506
20146134;-18.120560
20148147;-18.429432
20150127;-18.738123
20152130;-19.046631
20154152;-19.354950
20156114;-19.663054
20158127;-19.970985
20160113;-20.278700
20162107;-20.586235
20164161;-20.893570
20166108;-21.200695
20168126;-21.507589
20170110;-21.814295
20172114;-22.120785
20174111;-22.427057
20176157;-22.733107
20178154;-23.038933
20180130;-23.344507
20182129;-23.649876
20184131;-23.955011
20186180;-24.259909
20188148;-24.564569
20190132;-24.868984
20192130;-25.173134
20194135;-25.477055
20196127;-25.780725
20198173;-26.084143
20200136;-26.387300
20202131;-26.690201
20204127;-26.992813
20206129;-27.295181
20208163;-27.597281
20210108;-27.899107
20212115;-28.200659
20214108;-28.501909
20216112;-28.802877
20218131;-29.103586
20220157;-29.404009
20222128;-29.704138
20224118;-30.003973
20226115;-30.303516
20228125;-30.602736
20230112;-30.901674
20232155;-31.200310
20234133;-31.498638
20236131;-31.796652
20238151;-32.094357
20240137;-32.391720
20242155;-32.688786
20244112;-32.985527
20246114;-33.281944
20248124;-33.578033
20250112;-33.873791
20252160;-34.169189
20254144;-34.464279
20256130;-34.759026
20258148;-35.053425
20260138;-35.347485
20262129;-35.641193
20264150;-35.934525
20266116;-36.227528
20268128;-36.520149
20270116;-36.812435
20272115;-37.104355
20274112;-37.395885
20276152;-37.687073
20278150;-37.977882
20280127;-38.268322
20282134;-38.558380
20284129;-38.848064
20286155;-39.137337
20288133;-39.281853
20290112;-39.714767
20292110;-40.002899
20294113;-40.290634
20296263;-40.577969
20298152;-40.864883
20300129;-41.151417
20302129;-41.437542
20304131;-41.723259
20306128;-42.008568
20308175;-42.293461
20310133;-42.577911
20312131;-42.861965
20314132;-43.145596
20316128;-43.428799
20318169;-43.711575
20320114;-43.993919
20322112;-44.275787
20324122;-44.557262
20326112;-44.838295
20328127;-45.118885
20330160;-45.399033
20332142;-45.678730
20334135;-45.957954
20336134;-46.236752
20338149;-46.515087
20340164;-46.792965
20342112;-47.070381
20344110;-47.347332
20346108;-47.623795
20348120;-47.899811
20350112;-48.175350
20352160;-48.450413
20354138;-48.725002
20356131;-48.999111
20358150;-49.272713
20360134;-49.545849
20362153;-49.818497
20364118;-50.090652
20366109;-50.362312
20368117;-50.633476
20370111;-50.904125
20372114;-51.174290
20374154;-51.443947
20376134;-51.713074
20378151;-51.981712
20380133;-52.249836
20382129;-52.517433
20384155;-52.784519
20386114;-53.051098
20388122;-53.317142
20390110;-53.582661
20392114;-53.847660
20394116;-54.112095
20396151;-54.376022
20398137;-54.639416
20400112;-54.902267
20402111;-55.164574
20404109;-55.426342
20406248;-55.687542
20408155;-55.948212
20410135;-56.208324
20412132;-56.467884
20414132;-56.726891
20416130;-56.985329
20418170;-57.243191
20420134;-57.500511
20422125;-57.757259
20424134;-58.013439
20426131;-58.269047
20428166;-58.524078
20430110;-58.778496
20432111;-59.032368
20434110;-59.285660
20436111;-59.538364
20438121;-59.664490
20440162;-60.041992
20442135;-60.292923
20444134;-60.543270
20446138;-60.793011
20448149;-61.042152
20450154;-61.290695
20452119;-61.538612
20454110;-61.785934
20456109;-62.032658
20458122;-62.278767
20460171;-62.401573
20462159;-62.769127
20464132;-63.013363
20466129;-63.256996
20468147;-63.500004
20470133;-63.742386
20472157;-63.984142
20474114;-64.225266
20476111;-64.465729
20478123;-64.705582
20480111;-64.944801
20482154;-65.183365
20484115;-65.421280
20486117;-65.658554
20488123;-65.895172
20490115;-66.131157
20492106;-66.366493
20494158;-66.601166
20496115;-66.835190
20498124;-67.068550
20500112;-67.301224
20502109;-67.533264
20504163;-67.764626
20506113;-67.995323
20508121;-68.225349
20510111;-68.454704
20512110;-68.683365
20514106;-68.911362
20516157;-69.138680
20518156;-69.365326
20520134;-69.591270
20522131;-69.816536
20524134;-70.041100
20526160;-70.264984
20528126;-70.488174
20530111;-70.710670
20532112;-70.932472
20534104;-71.153572
20536272;-71.373947
20538149;-71.483871
20540133;-71.812607
20542132;-72.030884
20544127;-72.248444
20546127;-72.465302
20548164;-72.681419
20550133;-72.896843
20552135;-73.111549
20554129;-73.325523
20556128;-73.538780
20558170;-73.751305
20560115;-73.963097
20562112;-74.174164
20564113;-74.384499
20566111;-74.594101
20568126;-74.802979
20570164;-75.011101
20572142;-75.218483
20574143;-75.425125
20576134;-75.631035
20578152;-75.836189
20580162;-76.040581
20582114;-76.244255
20584120;-76.447144
20586113;-76.649307
20588122;-76.750092
20590116;-77.051308
20592158;-77.251175
20594139;-77.450302
20596133;-77.648628
20598150;-77.846230
20600128;-78.043022
20602162;-78.239052
20604115;-78.434334
20606113;-78.628822
20608117;-78.822556
20610115;-79.015488
20612111;-79.207634
20614155;-79.399033
20616138;-79.589615
20618144;-79.779442
20620132;-79.968452
20622129;-80.156693
20624154;-80.344131
20626133;-80.530762
20628150;-80.716637
20630130;-80.901680
20632136;-81.085953
20634254;-81.269409
20636137;-81.452049
20638152;-81.633919
20640130;-81.814957
20642131;-81.995216
20644132;-82.174629
20646163;-82.353264
20648129;-82.531059
20650110;-82.708046
20652112;-82.884232
20654117;-83.059578
20656175;-83.234131
20658165;-83.407837
20660140;-83.580719
20662130;-83.752808
20664134;-83.924034
20666129;-84.094467
20668164;-84.264030
20670113;-84.432808
20672107;-84.600685
20674108;-84.767761
20676110;-84.934021
20678171;-85.099419
20680117;-85.264000
20682117;-85.427719
20684109;-85.590591
20686115;-85.752647
20688128;-85.913834
20690167;-86.074188
20692143;-86.233673
20694137;-86.392334
20696136;-86.550117
20698157;-86.707047
20700178;-86.863136
20702132;-87.018356
20704129;-87.172737
20706128;-87.326225
20708144;-87.478867
20710132;-87.630653
20712154;-87.781563
20714132;-87.931618
20716131;-88.080795
20718153;-88.229118
20720135;-88.376549
20722158;-88.523109
20724117;-88.668816
20726109;-88.813629
20728131;-88.957581
20730112;-89.100639
20732109;-89.242813
20734155;-89.384140
20736134;-89.524551
20738138;-89.594421
20740130;-89.802750
20742135;-89.940506
20744153;-90.077400
20746117;-90.213379
20748119;-90.348495
20750115;-90.482697
20752105;-90.616020
20754107;-90.748444
20756160;-90.879959
20758146;-91.010597
20760132;-91.140320
20762130;-91.269165
20764132;-91.397079
20766152;-91.524109
20768126;-91.650238
20770114;-91.775452
20772111;-91.899780
20774110;-92.023178
20776236;-92.145691
20778156;-92.267273
20780129;-92.387924
20782130;-92.507706
20784130;-92.626556
20786129;-92.744507
20788170;-92.803131
20790137;-92.977623
20792132;-93.092827
20794129;-93.207092
20796131;-93.320450
20798170;-93.432877
20800115;-93.544403
20802117;-93.654976
20804112;-93.764633
20806117;-93.873383
20808121;-93.981186
20810166;-94.088074
20812116;-94.194016
20814117;-94.299034
20816120;-94.403145
20818130;-94.506294
20820156;-94.608536
20822108;-94.709824
20824112;-94.810196
20826111;-94.909607
20828125;-95.008095
20830114;-95.105652
20832153;-95.202255
20834138;-95.297935
20836135;-95.392662
20838145;-95.486443
20840134;-95.579300
20842160;-95.671204
20844115;-95.762169
20846114;-95.852180
20848132;-95.941254
20850109;-96.029373
20852112;-96.116539
20854159;-96.202766
20856134;-96.288040
20858144;-96.372375
20860136;-96.455742
20862132;-96.538162
20864158;-96.619637
20866113;-96.700150
20868124;-96.779716
20870104;-96.858315
20872113;-96.935974
20874113;-97.012665
20876161;-97.088394
20878150;-97.163177
20880133;-97.236992
20882133;-97.309860
20884130;-97.381752
20886156;-97.452690
20888133;-97.487793
20890113;-97.591667
20892112;-97.659721
20894118;-97.726807
20896116;-97.792923
20898173;-97.858086
20900134;-97.922272
20902129;-97.985497
20904131;-98.047760
20906130;-98.109047
20908169;-98.169365
20910115;-98.228714
20912108;-98.287109
20914116;-98.344513
20916114;-98.400963
20918177;-98.456429
20920162;-98.510925
20922138;-98.564461
20924136;-98.617012
20926137;-98.668594
20928142;-98.719200
20930156;-98.768837
20932115;-98.817490
20934112;-98.865166
20936111;-98.911880
20938127;-98.957611
20940106;-99.002365
20942160;-99.046143
20944134;-99.088936
20946128;-99.130760
20948142;-99.171600
20950131;-99.211472
20952161;-99.250351
20954110;-99.288261
20956111;-99.325188
20958125;-99.361130
20960112;-99.396095
20962298;-99.430077
20964135;-99.463081
20966131;-99.495102
20968149;-99.526138
20970135;-99.556198
20972130;-99.585274
20974155;-99.613365
20976116;-99.640472
20978128;-99.666595
20980110;-99.691734
20982112;-99.715889
20984157;-99.739059
20986120;-99.761246
20988130;-99.782455
20990111;-99.802673
20992110;-99.821907
20994116;-99.840157
20996158;-99.857414
20998149;-99.873695
21000136;-99.888985
21002131;-99.903290
21004128;-99.916611
21006159;-99.928947
21008125;-99.940292
21010109;-99.950653
21012109;-99.960030
21014112;-99.968414
21016278;-99.975815
21018153;-99.982231
21020130;-99.987663
21022131;-99.992104
21024127;-99.995560
21026132;-99.998024
21028167;-99.999504
21030118;-100.000000
21032109;-99.999504
21034111;-99.998024
21036107;-99.995560
21038186;-99.993958
21040164;-99.987663
21042138;-99.982239
21044133;-99.975815
21046134;-99.968422
21048153;-99.960030
21050158;-99.950661
21052112;-99.940292
21054111;-99.928955
21056115;-99.916611
21058130;-99.903297
21060114;-99.888985
21062160;-99.873695
21064129;-99.857422
21066129;-99.840157
21068142;-99.821907
21070137;-99.802673
21072163;-99.782455
21074118;-99.761253
21076111;-99.739059
21078128;-99.715897
21080112;-99.691734
21082259;-99.666595
21084139;-99.640472
21086129;-99.613365
21088146;-99.585274
21090130;-99.556198
21092129;-99.526146
21094153;-99.495102
21096112;-99.463081
21098124;-99.430084
21100115;-99.396095
21102112;-99.361130
21104159;-99.325195
21106112;-99.288269
21108124;-99.250359
21110111;-99.211479
21112107;-99.171616
21114111;-99.130768
21116166;-99.088951
21118147;-99.046150
21120135;-99.002373
21122132;-98.957619
21124128;-98.911888
21126282;-98.865181
21128153;-98.817497
21130130;-98.768845
21132128;-98.719200
21134133;-98.668602
21136131;-98.617020
21138170;-98.564461
21140136;-98.510941
21142131;-98.456436
21144133;-98.400970
21146129;-98.344528
21148166;-98.287109
21150113;-98.228737
21152105;-98.169373
21154108;-98.109062
21156120;-98.047760
21158128;-97.985512
21160166;-97.922287
21162136;-97.858093
21164139;-97.792938
21166137;-97.726814
21168156;-97.659729
21170160;-97.591690
21172116;-97.522667
21174115;-97.452698
21176115;-97.381752
21178121;-97.309860
21180252;-97.236992
21182133;-97.163177
21184131;-97.088402
21186132;-97.012665
21188147;-96.974442
21190131;-96.858315
21192155;-96.779716
21194123;-96.700165
21196121;-96.619637
21198124;-96.538177
21200110;-96.455742
21202157;-96.372375
21204116;-96.288055
21206107;-96.202766
21208124;-96.116547
21210110;-96.029381
21212170;-95.941261
21214156;-95.852188
21216134;-95.762184
21218146;-95.671227
21220137;-95.579315
21222133;-95.486473
21224151;-95.392677
21226115;-95.297951
21228121;-95.202286
21230114;-95.105667
21232118;-95.008125
21234113;-94.909630
21236157;-94.810204
21238153;-94.709839
21240134;-94.608551
21242131;-94.506332
21244129;-94.403160
21246159;-94.299072
21248122;-94.194038
21250111;-94.088089
21252109;-93.981209
21254110;-93.873390
21256256;-93.764671
21258149;-93.654999
21260132;-93.544418
21262129;-93.432899
21264128;-93.320473
21266133;-93.207130
21268169;-93.092850
21270115;-92.977661
21272111;-92.861542
21274110;-92.744522
21276107;-92.626587
21278123;-92.507729
21280168;-92.387970
21282142;-92.267273
21284139;-92.145691
21286140;-92.023178
21288145;-91.961601
21290158;-91.775475
21292113;-91.650238
21294107;-91.524124
21296108;-91.397079
21298132;-91.269165
21300164;-91.140343
21302158;-91.010597
21304134;-90.879974
21306133;-90.748444
21308141;-90.616020
21310129;-90.482697
21312158;-90.348495
21314116;-90.213409
21316115;-90.077400
21318128;-89.940552
21320111;-89.802773
21322169;-89.664124
21324155;-89.524590
21326134;-89.384155
21328145;-89.242867
21330133;-89.100662
21332134;-88.957611
21334160;-88.813675
21336139;-88.668839
21338149;-88.596107
21340126;-88.376579
21342129;-88.229141
21344153;-88.080818
21346113;-87.931648
21348126;-87.781609
21350109;-87.630676
21352114;-87.478905
21354109;-87.326256
21356159;-87.172760
21358147;-87.018402
21360133;-86.863159
21362133;-86.707092
21364129;-86.550140
21366155;-86.392357
21368126;-86.233696
21370114;-86.074211
21372109;-85.913879
21374107;-85.752670
21376117;-85.590645
21378172;-85.427742
21380131;-85.264030
21382136;-85.099472
21384130;-84.934044
21386131;-84.767807
21388164;-84.600708
21390120;-84.432808
21392112;-84.264030
21394112;-84.094467
21396113;-83.924065
21398276;-83.752808
21400139;-83.580742
21402132;-83.407837
21404130;-83.234131
21406131;-83.059608
21408152;-82.884232
21410156;-82.708069
21412113;-82.531059
21414112;-82.353264
21416113;-82.174629
21418121;-81.995216
21420154;-81.814980
21422113;-81.633919
21424116;-81.452080
21426118;-81.269432
21428123;-81.085983
21430113;-80.901741
21432159;-80.716667
21434135;-80.530823
21436134;-80.344162
21438143;-80.156731
21440135;-79.968475
21442158;-79.779472
21444121;-79.589668
21446114;-79.399063
21448119;-79.207695
21450105;-79.015518
21452115;-78.822586
21454156;-78.628883
21456137;-78.434364
21458145;-78.239113
21460132;-78.043053
21462131;-78.043053
21464156;-77.648659
21466117;-77.450325
21468125;-77.251228
21470115;-77.051338
21472109;-76.850716
21474114;-76.649307
21476158;-76.447174
21478150;-76.244286
21480131;-76.040611
21482130;-75.836220
21484131;-75.631042
21486156;-75.425163
21488125;-75.321938
21490109;-75.011124
21492111;-74.803009
21494116;-74.594131
21496113;-74.384537
21498168;-74.174179
21500133;-73.963127
21502131;-73.751343
21504132;-73.538795
21506136;-73.325554
21508159;-73.111557
21510117;-72.896873
21512116;-72.681473
21514111;-72.465317
21516113;-72.248482
21518184;-72.030899
21520159;-71.812645
21522141;-71.593643
21524138;-71.373962
21526137;-71.153580
21528140;-70.932472
21530159;-70.710686
21532117;-70.488174
21534116;-70.265030
21536111;-70.041168
21538124;-69.928940
21540169;-69.591324
21542158;-69.365349
21544137;-69.138733
21546132;-68.911400
21548147;-68.683418
21550130;-68.454758
21552159;-68.225388
21554121;-67.995377
21556115;-67.764664
21558123;-67.533310
21560109;-67.301300
21562117;-67.068581
21564160;-66.835243
21566134;-66.601204
21568146;-66.366539
21570136;-66.131195
21572134;-65.895233
21574155;-65.658607
21576116;-65.421310
21578122;-65.183403
21580105;-64.944817
21582110;-64.705620
21584110;-64.465782
21586156;-64.225281
21588147;-63.984180
21590135;-63.742405
21592132;-63.500046
21594136;-63.257015
21596154;-63.013405
21598127;-62.769161
21600112;-62.524269
21602111;-62.278801
21604110;-62.032677
21606108;-61.785976
21608169;-61.538666
21610133;-61.290710
21612128;-61.042191
21614130;-60.793030
21616129;-60.543304
21618167;-60.292946
21620117;-60.042030
21622108;-59.790524
21624110;-59.538383
21626106;-59.285694
21628123;-59.032387
21630162;-58.778530
21632141;-58.524097
21634135;-58.269047
21636135;-58.013458
21638147;-57.885448
21640163;-57.500530
21642113;-57.243275
21644112;-56.985371
21646111;-56.726944
21648126;-56.467926
21650114;-56.208385
21652154;-55.948246
21654136;-55.687599
21656132;-55.426399
21658139;-55.164616
21660128;-54.902328
21662155;-54.639454
21664117;-54.376083
21666117;-54.112179
21668123;-53.847694
21670110;-53.582722
21672113;-53.317184
21674160;-53.051155
21676115;-52.784561
21678120;-52.517490
21680112;-52.249901
21682107;-51.981754
21684272;-51.713135
21686138;-51.443966
21688150;-51.174332
21690134;-50.904186
21692134;-50.633503
21694131;-50.362354
21696157;-50.090675
21698132;-49.818539
21700112;-49.545868
21702107;-49.272751
21704109;-48.999153
21706159;-48.725025
21708128;-48.450455
21710110;-48.175369
21712113;-47.899849
21714110;-47.623856
21716116;-47.347351
21718168;-47.070419
21720137;-46.792984
21722131;-46.515125
21724131;-46.236767
21726127;-45.957993
21728163;-45.678772
21730110;-45.399052
21732118;-45.118927
21734107;-44.838314
21736110;-44.557304
21738125;-44.275848
21740160;-43.993916
21742144;-43.711594
21744142;-43.428795
21746138;-43.145615
21748143;-42.861961
21750158;-42.577972
21752114;-42.293518
21754112;-42.008610
21756112;-41.723324
21758130;-41.437584
21760113;-41.151478
21762155;-40.864967
21764131;-40.578011
21766132;-40.290695
21768149;-40.002937
21770128;-39.714832
21772167;-39.426334
21774129;-39.137398
21776128;-38.848125
21778143;-38.558422
21780135;-38.268383
21782126;-37.977924
21784143;-37.687134
21786115;-37.395973
21788124;-37.250210
21790117;-36.812496
21792112;-36.520191
21794153;-36.227570
21796114;-35.934593
21798125;-35.641212
21800116;-35.347527
21802116;-35.053448
21804111;-34.759064
21806141;-34.464298
21808130;-34.169235
21810109;-33.873833
21812111;-33.578053
21814111;-33.281986
21816159;-32.985546
21818125;-32.688828
21820115;-32.391785
21822111;-32.094376
21824112;-31.796694
21826112;-31.498655
21828169;-31.200352
21830133;-30.901695
21832130;-30.602777
21834127;-30.303558
21836132;-30.003994
21838165;-29.704180
21840114;-29.404026
21842111;-29.103630
21844113;-28.802944
21846117;-28.501930
21848126;-28.200680
21850161;-27.899105
21852146;-27.597300
21854137;-27.295177
21856133;-26.992834
21858145;-26.690266
21860158;-26.387346
21862112;-26.084209
21864112;-25.780769
21866112;-25.477119
21868118;-25.173223
21870166;-24.869028
21872158;-24.564634
21874140;-24.259953
21876132;-23.955076
21878146;-23.649920
21880132;-23.344574
21882154;-23.039000
21884107;-22.733150
21886109;-22.427124
21888124;-22.120829
21890108;-21.814363
21892153;-21.507681
21894118;-21.200739
21896111;-20.893637
21898129;-20.586279
21900117;-20.278767
21902112;-19.971006
21904160;-19.663097
21906135;-19.354994
21908141;-19.046650
21910127;-18.738169
21912128;-18.429453
21914161;-18.120604
21916113;-17.811575
21918129;-17.502325
21920110;-17.192945
21922109;-16.883352
21924258;-16.573639
21926137;-16.263714
21928149;-15.953678
21930130;-15.643482
21932130;-15.333086
21934131;-15.022585
21936159;-14.711889
21938151;-14.556509
21940134;-14.090158
21942132;-13.779036
21944130;-13.467825
21946159;-13.156433
21948128;-12.844959
21950109;-12.533358
21952109;-12.221586
21954116;-11.909742
21956114;-11.597732
21958168;-11.285654
21960134;-10.973418
21962131;-10.661121
21964129;-10.348720
21966130;-10.036215
21968164;-9.723612
21970112;-9.410866
21972112;-9.098074
21974112;-8.785192
21976110;-8.472176
21978175;-8.159123
21980161;-7.845943
21982140;-7.532733
21984137;-7.219401
21986135;-6.906045
21988151;-6.592622
21990161;-6.279085
21992120;-5.965534
21994117;-5.651876
21996113;-5.338211
21998119;-5.024493
22000107;-4.710677
22002159;-4.396863
22004130;-4.082958
22006127;-3.769059
22008149;-3.455077
22010132;-3.141107
22012151;-2.827107
22014115;-2.513031
22016114;-2.198978
22018127;-1.884856
22020115;-1.570763
22022166;-1.256654
22024157;-0.942485
22026135;-0.628354
22028148;-0.314170
22030131;0.000000
22032132;0.314159
22034163;0.628314
22036111;0.942464
22038124;1.099535
22040112;1.570732
22042113;1.884844
22044261;2.198937
22046140;2.513010
22048150;2.827056
22050132;3.141076
22052127;3.455064
22054130;3.769018
22056155;4.082935
22058124;4.396812
22060113;4.710645
22062116;5.024432
22064119;5.338169
22066160;5.651853
22068129;5.965482
22070109;6.279051
22072113;6.592560
22074113;6.906002
22076110;7.219377
22078172;7.532680
22080132;7.845909
22082127;8.159060
22084132;8.472132
22086132;8.785120
22088166;8.941581
22090120;9.410830
22092120;9.723549
22094115;10.036171
22096114;10.348695
22098127;10.661115
22100165;10.973431
22102144;11.285637
22104133;11.597733
22106135;11.909716
22108149;12.221580
22110160;12.533322
22112110;12.844942
22114109;13.156436
22116114;13.467797
22118125;13.779028
22120167;14.090122
22122157;14.401078
22124135;14.711891
22126133;15.022558
22128147;15.333078
22130131;15.643446
22132160;15.953660
22134111;16.263714
22136112;16.573612
22138127;16.883343
22140113;17.192907
22142117;17.502306
22144160;17.811527
22146135;18.120577
22148149;18.429445
22150128;18.738131
22152132;19.046633
22154159;19.354946
22156117;19.663071
22158118;19.970997
22160114;20.278728
22162109;20.586262
22164172;20.893587
22166157;21.200710
22168144;21.507624
22170129;21.814323
22172130;22.120808
22174129;22.427074
22176157;22.733122
22178130;23.038942
22180111;23.344534
22182109;23.649900
22184110;23.955029
22186166;24.259922
22188177;24.564575
22190134;24.868988
22192130;25.173155
22194135;25.477072
22196130;25.780737
22198167;26.084152
22200110;26.387304
22202108;26.690197
22204109;26.992828
22206115;27.295193
22208130;27.597290
22210157;27.899107
22212140;28.200657
22214136;28.501928
22216138;28.802910
22218148;29.103617
22220165;29.404032
22222110;29.704157
22224112;30.003988
22226112;30.303526
22228123;30.602762
22230167;30.901697
22232153;31.200329
22234137;31.498650
22236129;31.796661
22238145;31.945551
22240128;32.391743
22242155;32.688801
22244117;32.985538
22246111;33.281952
22248118;33.578037
22250116;33.873787
22252167;34.169209
22254157;34.464294
22256137;34.759029
22258145;35.053429
22260135;35.347485
22262131;35.641186
22264159;35.934536
22266117;36.227535
22268130;36.520176
22270115;36.812454
22272113;37.104370
22274109;37.395920
22276154;37.687099
22278154;37.977905
22280132;38.268341
22282130;38.558399
22284132;38.848072
22286157;39.137363
22288127;39.281864
22290109;39.714787
22292115;40.002911
22294111;40.290646
22296111;40.577976
22298169;40.864906
22300134;41.151436
22302134;41.437557
22304126;41.723270
22306131;42.008572
22308162;42.293461
22310121;42.577927
22312116;42.861973
22314115;43.145603
22316116;43.428806
22318131;43.711575
22320163;43.993916
22322139;44.275822
22324137;44.557289
22326140;44.838318
22328152;45.118908
22330161;45.399048
22332121;45.678741
22334114;45.957985
22336110;46.236774
22338124;46.515102
22340113;46.792980
22342155;47.070389
22344131;47.347336
22346127;47.623817
22348144;47.899826
22350130;48.175365
22352162;48.450424
22354110;48.725014
22356111;48.999115
22358131;49.272736
22360112;49.545868
22362112;49.818508
22364155;50.090660
22366134;50.362320
22368142;50.633476
22370134;50.904137
22372131;51.174294
22374155;51.443951
22376111;51.713097
22378120;51.981728
22380113;52.249855
22382112;52.517464
22384165;52.784550
22386158;53.051121
22388150;53.184204
22390129;53.582676
22392133;53.847664
22394126;54.112125
22396153;54.376041
22398129;54.639435
22400113;54.902279
22402117;55.164581
22404112;55.426346
22406281;55.687557
22408156;55.948223
22410129;56.208336
22412129;56.467896
22414129;56.726891
22416130;56.985329
22418166;57.243210
22420119;57.500523
22422111;57.757271
22424110;58.013447
22426109;58.269047
22428175;58.524071
22430136;58.778526
22432138;59.032394
22434131;59.285683
22436132;59.538383
22438150;59.790497
22440166;60.042023
22442145;60.292953
22444136;60.543285
22446136;60.793026
22448152;61.042168
22450296;61.290707
22452136;61.538635
22454137;61.785961
22456133;62.032669
22458148;62.278770
22460133;62.524265
22462156;62.646778
22464114;63.013386
22466111;63.257015
22468127;63.500015
22470118;63.742393
22472287;63.984142
22474139;64.225266
22476129;64.465744
22478143;64.705597
22480131;64.944801
22482129;65.183365
22484156;65.421295
22486117;65.658569
22488119;65.895203
22490109;66.131187
22492117;66.366508
22494178;66.601189
22496159;66.835197
22498148;67.068550
22500128;67.301247
22502131;67.533279
22504133;67.764648
22506156;67.995331
22508128;68.225357
22510111;68.454704
22512114;68.683380
22514110;68.911377
22516188;69.138695
22518145;69.365326
22520126;69.591278
22522132;69.816536
22524132;70.041107
22526134;70.264992
22528160;70.488182
22530115;70.710678
22532119;70.932472
22534114;71.153572
22536109;71.373955
22538180;71.483887
22540159;71.812630
22542142;72.030899
22544132;72.248459
22546136;72.465309
22548154;72.681450
22550156;72.896866
22552112;73.111557
22554112;73.325539
22556111;73.538788
22558120;73.751320
22560159;73.963112
22562109;74.174179
22564108;74.384514
22566109;74.594116
22568126;74.802986
22570109;75.011108
22572142;75.218498
22574111;75.425140
22576112;75.631042
22578121;75.836197
22580106;76.040596
22582158;76.244255
22584121;76.447151
22586117;76.649300
22588128;76.850693
22590112;77.051323
22592112;77.251198
22594157;77.450302
22596127;77.648651
22598143;77.846230
22600126;78.043045
22602133;78.239082
22604161;78.434349
22606115;78.628838
22608127;78.822556
22610112;79.015503
22612110;79.207657
22614108;79.399040
22616159;79.589638
22618146;79.779442
22620133;79.968468
22622132;80.156693
22624128;80.344131
22626156;80.530785
22628125;80.716637
22630114;80.901695
22632111;81.085953
22634110;81.269417
22636109;81.452065
22638171;81.633926
22640138;81.814972
22642135;81.995209
22644131;82.174637
22646134;82.353249
22648169;82.531059
22650110;82.708054
22652113;82.884232
22654111;83.059586
22656116;83.234123
22658171;83.407837
22660162;83.580734
22662141;83.752800
22664135;83.924042
22666135;84.094452
22668153;84.264038
22670150;84.432785
22672113;84.600708
22674112;84.767792
22676109;84.934029
22678124;85.099449
22680166;85.264008
22682119;85.427734
22684116;85.590622
22686115;85.752663
22688121;85.833366
22690110;86.074203
22692158;86.233688
22694131;86.392334
22696129;86.550125
22698143;86.707062
22700134;86.863152
22702166;87.018372
22704118;87.172737
22706118;87.326241
22708122;87.478882
22710115;87.630669
22712108;87.781578
22714156;87.931625
22716138;88.080803
22718136;88.229111
22720130;88.376549
22722129;88.523125
22724153;88.668823
22726110;88.813637
22728120;88.957581
22730110;89.100647
22732113;89.242828
22734109;89.384140
22736157;89.524559
22738151;89.664093
22740135;89.802757
22742132;89.940521
22744124;90.077400
22746161;90.213387
22748127;90.348495
22750112;90.482697
22752113;90.616020
22754109;90.748444
22756111;90.879967
22758163;91.010597
22760135;91.140327
22762133;91.269150
22764133;91.397087
22766132;91.524117
22768157;91.650238
22770112;91.775467
22772113;91.899780
22774115;92.023178
22776118;92.145683
22778170;92.267273
22780119;92.387947
22782116;92.507721
22784112;92.626572
22786109;92.744514
22788125;92.803139
22790166;92.977646
22792141;93.092834
22794142;93.207108
22796141;93.320465
22798151;93.432892
22800156;93.544403
22802116;93.654991
22804114;93.764648
22806112;93.873383
22808128;93.981194
22810112;94.088074
22812158;94.194031
22814137;94.299057
22816133;94.403145
22818146;94.506310
22820128;94.608536
22822159;94.709831
22824114;94.810196
22826114;94.909615
22828116;95.008102
22830112;95.105652
22832163;95.202271
22834160;95.297935
22836132;95.392670
22838147;95.439682
22840129;95.579300
22842129;95.671204
22844157;95.762169
22846130;95.852180
22848148;95.941254
22850129;96.029373
22852131;96.116547
22854158;96.202766
22856109;96.288040
22858120;96.372368
22860112;96.455742
22862108;96.538162
22864113;96.619637
22866160;96.700150
22868152;96.779709
22870136;96.858315
22872132;96.935966
22874134;97.012665
22876159;97.088394
22878135;97.163177
22880109;97.236992
22882115;97.309853
22884106;97.381752
22886158;97.452690
22888174;97.522667
22890129;97.591682
22892131;97.659721
22894130;97.726814
22896129;97.792938
22898170;97.858086
22900113;97.922287
22902112;97.985504
22904111;98.047760
22906113;98.109055
22908293;98.169373
22910140;98.228722
22912134;98.287109
22914132;98.344521
22916125;98.400963
22918145;98.456436
22920144;98.510933
22922115;98.564461
22924113;98.617020
22926107;98.668602
22928122;98.719200
22930160;98.768837
22932113;98.817490
22934112;98.865173
22936111;98.911880
22938128;98.957611
22940110;99.002365
22942156;99.046143
22944134;99.088943
22946133;99.130760
22948138;99.171608
22950133;99.211472
22952161;99.250359
22954121;99.288261
22956108;99.325188
22958124;99.361130
22960111;99.396095
22962109;99.430077
22964156;99.463081
22966135;99.495102
22968144;99.526146
22970134;99.556198
22972132;99.585274
22974159;99.613365
22976115;99.640472
22978126;99.666595
22980112;99.691734
22982109;99.715889
22984290;99.739059
22986136;99.761253
22988146;99.771973
22990131;99.802673
22992131;99.821907
22994134;99.840149
22996156;99.857422
22998125;99.873695
23000108;99.888985
23002111;99.903290
23004115;99.916611
23006168;99.928947
23008169;99.940292
23010136;99.950653
23012134;99.960030
23014133;99.968422
23016128;99.975815
23018165;99.982239
23020116;99.987663
23022114;99.992104
23024115;99.995560
23026104;99.998024
23028176;99.999504
23030163;100.000000
23032149;99.999504
23034142;99.998024
23036130;99.995560
23038148;99.993958
23040156;99.987663
23042117;99.982239
23044111;99.975815
23046108;99.968422
23048129;99.960030
23050165;99.950661
23052156;99.940292
23054133;99.928947
23056129;99.916611
23058144;99.903290
23060130;99.888985
23062154;99.873695
23064118;99.857422
23066111;99.840157
23068123;99.821907
23070112;99.802673
23072305;99.782455
23074134;99.761253
23076135;99.739059
23078148;99.715889
23080128;99.691734
23082133;99.666595
23084154;99.640472
23086108;99.613365
23088126;99.585274
23090110;99.556198
23092109;99.526146
23094290;99.495102
23096139;99.463081
23098154;99.430077
23100130;99.396095
23102128;99.361130
23104131;99.325188
23106152;99.288261
23108128;99.250359
23110113;99.211472
23112108;99.171608
23114117;99.130768
23116185;99.088943
23118160;99.046150
23120129;99.002365
23122133;98.957619
23124125;98.911888
23126130;98.865173
23128166;98.817497
23130117;98.768837
23132111;98.719200
23134108;98.668602
23136113;98.617020
23138169;98.590866
23140112;98.510933
23142113;98.456436
23144108;98.400970
23146110;98.344521
23148127;98.287109
23150155;98.228729
23152122;98.169380
23154118;98.109055
23156122;98.047768
23158124;97.985512
23160153;97.922287
23162116;97.858093
23164104;97.792938
23166116;97.726814
23168129;97.659729
23170116;97.591682
23172162;97.522667
23174134;97.452690
23176132;97.381760
23178145;97.309860
23180129;97.237000
23182158;97.163185
23184113;97.088402
23186117;97.012665
23188129;96.935974
23190111;96.858322
23192112;96.779716
23194156;96.700157
23196137;96.619637
23198147;96.538170
23200130;96.455750
23202132;96.372375
23204161;96.288048
23206112;96.202774
23208126;96.116547
23210109;96.029373
23212107;95.941254
23214111;95.852188
23216160;95.762169
23218151;95.671211
23220135;95.579308
23222135;95.486458
23224131;95.392670
23226158;95.297935
23228128;95.202271
23230114;95.105659
23232109;95.008110
23234112;94.909622
23236162;94.810196
23238171;94.709839
23240132;94.608536
23242132;94.506317
23244129;94.403152
23246131;94.299057
23248165;94.194038
23250112;94.088081
23252110;93.981201
23254111;93.873390
23256109;93.764648
23258126;93.654999
23260169;93.544411
23262145;93.432907
23264141;93.320465
23266138;93.207123
23268153;93.092850
23270161;92.977646
23272116;92.861542
23274112;92.744514
23276113;92.626579
23278120;92.507729
23280159;92.387955
23282115;92.267273
23284111;92.145691
23286110;92.023193
23288122;91.961601
23290163;91.775475
23292151;91.650246
23294133;91.524117
23296132;91.397095
23298141;91.269157
23300128;91.140327
23302158;91.010597
23304113;90.879974
23306121;90.748444
23308124;90.616020
23310111;90.482712
23312112;90.348503
23314143;90.213394
23316113;90.077415
23318135;89.940529
23320113;89.802765
23322107;89.664108
23324157;89.524567
23326115;89.384140
23328127;89.242844
23330113;89.100662
23332112;88.957588
23334111;88.813644
23336160;88.668823
23338154;88.523125
23340139;88.376564
23342134;88.229126
23344134;88.080811
23346154;87.931625
23348129;87.781578
23350113;87.630661
23352114;87.478897
23354117;87.326256
23356117;87.172745
23358165;87.018379
23360127;86.863152
23362130;86.707069
23364133;86.550140
23366134;86.392349
23368166;86.233696
23370116;86.074203
23372116;85.913857
23374113;85.752663
23376107;85.590630
23378122;85.427750
23380162;85.264015
23382143;85.099449
23384138;84.934029
23386131;84.767799
23388145;84.600708
23390158;84.432793
23392117;84.264038
23394110;84.094452
23396108;83.924034
23398117;83.752808
23400109;83.580734
23402163;83.407845
23404137;83.234116
23406133;83.059601
23408142;82.884232
23410133;82.708069
23412314;82.531075
23414140;82.353271
23416135;82.174644
23418143;81.995216
23420131;81.814972
23422133;81.633934
23424163;81.452087
23426113;81.269424
23428119;81.085960
23430110;80.901703
23432117;80.716637
23434106;80.530800
23436161;80.344147
23438149;80.250511
23440135;79.968468
23442132;79.779449
23444130;79.589630
23446158;79.399048
23448123;79.207664
23450112;79.015503
23452115;78.822556
23454117;78.628838
23456171;78.434341
23458170;78.239082
23460137;78.043053
23462136;77.846237
23464133;77.846237
23466130;77.450310
23468171;77.251205
23470132;77.051338
23472133;76.850708
23474128;76.649315
23476130;76.447166
23478168;76.244263
23480110;76.040604
23482116;75.836205
23484113;75.631050
23486114;75.425148
23488126;75.218498
23490167;75.011108
23492138;74.802986
23494139;74.594131
23496134;74.384521
23498145;74.174179
23500288;73.963112
23502130;73.751305
23504133;73.538780
23506130;73.325546
23508148;73.111565
23510133;72.896866
23512153;72.681442
23514139;72.465324
23516127;72.248474
23518146;72.030922
23520133;71.812645
23522148;71.593658
23524116;71.373962
23526114;71.153572
23528126;70.932480
23530111;70.710686
23532165;70.488205
23534117;70.265007
23536116;70.041122
23538123;69.928932
23540111;69.591293
23542111;69.365349
23544162;69.138702
23546139;68.911385
23548144;68.683395
23550128;68.454712
23552131;68.225380
23554161;67.995354
23556113;67.764648
23558127;67.533287
23560116;67.301247
23562113;67.068550
23564112;66.835213
23566158;66.601196
23568155;66.366539
23570134;66.131203
23572129;65.895226
23574129;65.658585
23576158;65.421318
23578136;65.183395
23580115;64.944824
23582107;64.705612
23584109;64.465759
23586288;64.225273
23588160;64.104805
23590131;63.742416
23592126;63.500034
23594129;63.257027
23596129;63.013393
23598169;62.769138
23600112;62.524284
23602111;62.278790
23604111;62.032688
23606110;61.785965
23608125;61.538635
23610164;61.290707
23612140;61.042183
23614139;60.793037
23616138;60.543293
23618143;60.292953
23620151;60.042034
23622114;59.790508
23624116;59.538414
23626115;59.285706
23628125;59.032417
23630108;58.778542
23632158;58.524086
23634131;58.269054
23636130;58.013470
23638151;57.757290
23640134;57.500542
23642163;57.243221
23644113;56.985344
23646108;56.726898
23648117;56.467915
23650111;56.208355
23652109;55.948238
23654146;55.687569
23656118;55.426353
23658127;55.164589
23660112;54.902298
23662109;54.639446
23664149;54.376053
23666116;54.112125
23668124;53.847664
23670112;53.582676
23672110;53.317173
23674112;53.051144
23676159;52.784573
23678146;52.517479
23680132;52.249874
23682129;51.981766
23684128;51.713127
23686160;51.443977
23688131;51.174320
23690115;50.904156
23692110;50.633492
23694108;50.362350
23696112;50.090683
23698158;49.818527
23700114;49.545879
23702110;49.272743
23704113;48.999119
23706113;48.725033
23708179;48.450447
23710158;48.175381
23712140;47.899837
23714142;47.623821
23716138;47.347336
23718148;47.070408
23720159;46.792992
23722122;46.515114
23724108;46.236778
23726108;45.957981
23728126;45.678757
23730112;45.399082
23732158;45.118935
23734137;44.838341
23736135;44.557308
23738147;44.416637
23740135;43.993927
23742159;43.711601
23744118;43.428825
23746111;43.145622
23748129;42.861992
23750109;42.577938
23752295;42.293461
23754140;42.008595
23756132;41.723286
23758152;41.437569
23760131;41.151443
23762126;40.864910
23764149;40.577976
23766113;40.290661
23768124;40.002926
23770115;39.714794
23772107;39.426277
23774303;39.137363
23776135;38.848068
23778149;38.558411
23780131;38.268349
23782129;37.977936
23784129;37.687119
23786156;37.395935
23788135;37.250214
23790112;36.812485
23792111;36.520203
23794112;36.227558
23796294;35.934555
23798152;35.641201
23800136;35.347488
23802130;35.053455
23804130;34.759052
23806132;34.464306
23808154;34.169220
23810113;33.873795
23812110;33.578037
23814117;33.281975
23816112;32.985558
23818166;32.688812
23820114;32.391747
23822112;32.094360
23824114;31.796658
23826109;31.498665
23828129;31.200336
23830165;30.901703
23832137;30.602762
23834137;30.303522
23836135;30.004025
23838142;29.704189
23840162;29.404058
23842120;29.103638
23844112;28.802931
23846110;28.501940
23848121;28.200689
23850114;27.899137
23852154;27.597309
23854131;27.295212
23856129;26.992840
23858148;26.690207
23860129;26.387331
23862159;26.084169
23864121;25.780756
23866114;25.477085
23868122;25.173161
23870113;24.868990
23872111;24.564596
23874151;24.259939
23876134;23.955040
23878147;23.649906
23880131;23.344538
23882131;23.038939
23884160;22.733135
23886122;22.427086
23888123;22.273966
23890117;21.814348
23892112;21.507641
23894115;21.200726
23896156;20.893621
23898149;20.586288
23900131;20.278751
23902133;19.971016
23904133;19.663082
23906161;19.354956
23908128;19.046659
23910114;18.738153
23912110;18.429462
23914112;18.120588
23916213;17.811537
23918150;17.502310
23920130;17.192932
23922133;16.883362
23924130;16.573624
23926133;16.263723
23928166;15.953663
23930109;15.643445
23932114;15.333096
23934117;15.022570
23936115;14.711897
23938175;14.401080
23940157;14.090120
23942137;13.779022
23944130;13.467834
23946131;13.156466
23948150;12.844968
23950154;12.533342
23952118;12.221595
23954114;11.909726
23956113;11.597764
23958127;11.285663
23960113;10.973451
23962161;10.661130
23964136;10.348703
23966133;10.036177
23968144;9.723573
23970128;9.410850
23972157;9.098034
23974114;8.785129
23976112;8.472136
23978128;8.159060
23980115;7.845928
23982177;7.532693
23984135;7.219385
23986133;6.906006
23988153;6.592558
23990131;6.279069
23992131;5.965495
23994154;5.651861
23996110;5.338172
23998131;5.024454
24000115;4.710662
24002110;4.396848
24004292;4.082967
24006142;3.769045
24008145;3.455086
24010136;3.141093
24012134;2.827068
24014135;2.513040
24016143;2.198963
24018128;1.884865
24020114;1.570747
24022107;1.256615
24024110;0.942470
24026156;0.628339
24028128;0.314179
24030109;0.000015
24032116;-0.314149
24034114;-0.628309
24036114;-0.942463
24038169;-1.099525
24040140;-1.570717
24042131;-1.884835
24044132;-2.198933
24046133;-2.513010
24048168;-2.827062
24050114;-3.141062
24052115;-3.455031
24054109;-3.768990
24056113;-4.082912
24058129;-4.396794
24060169;-4.710632
24062139;-5.024400
24064141;-5.338142
24066136;-5.651831
24068154;-5.965465
24070151;-6.279039
24072116;-6.592552
24074112;-6.905976
24076108;-7.219356
24078125;-7.532664
24080112;-7.845898
24082161;-8.159054
24084133;-8.472131
24086128;-8.785099
24088148;-9.098004
24090128;-9.410820
24092158;-9.723543
24094110;-10.036171
24096108;-10.348699
24098132;-10.661099
24100110;-10.973421
24102178;-11.285633
24104134;-11.597733
24106131;-11.909697
24108148;-12.221565
24110128;-12.533291
24112134;-12.844914
24114157;-13.156412
24116138;-13.467780
24118149;-13.779016
24120134;-14.090115
24122130;-14.401050
24124157;-14.711868
24126114;-15.022542
24128126;-15.333065
24130110;-15.643438
24132115;-15.953633
24134117;-16.263695
24136160;-16.573595
24138152;-16.883331
24140134;-17.192902
24142132;-17.502304
24144131;-17.811506
24146154;-18.120560
24148125;-18.429432
24150110;-18.738123
24152108;-19.046631
24154103;-19.354950
24156112;-19.663054
24158178;-19.970985
24160135;-20.278700
24162135;-20.586235
24164129;-20.893570
24166134;-21.200695
24168167;-21.507589
24170111;-21.814295
24172111;-22.120785
24174106;-22.427057
24176114;-22.733107
24178187;-23.038933
24180136;-23.344507
24182129;-23.649876
24184127;-23.955011
24186128;-24.259909
24188144;-24.412256
24190167;-24.868984
24192138;-25.173134
24194136;-25.477055
24196137;-25.780725
24198154;-26.084143
24200159;-26.387300
24202116;-26.690201
24204110;-26.992813
24206112;-27.295181
24208132;-27.597281
24210112;-27.899107
24212159;-28.200659
24214131;-28.501909
24216128;-28.802877
24218140;-29.103586
24220131;-29.404009
24222154;-29.704138
24224121;-30.003973
24226116;-30.303516
24228122;-30.602736
24230113;-30.901674
24232117;-31.200310
24234160;-31.498638
24236135;-31.796652
24238145;-32.094357
24240130;-32.391720
24242131;-32.688786
24244158;-32.985527
24246116;-33.281944
24248126;-33.578033
24250112;-33.873791
24252113;-34.169189
24254117;-34.464279
24256160;-34.759026
24258149;-35.053425
24260132;-35.347485
24262127;-35.641193
24264133;-35.934525
24266159;-36.227528
24268118;-36.520149
24270112;-36.812435
24272106;-37.104355
24274115;-37.395885
24276168;-37.687073
24278174;-37.977882
24280134;-38.268322
24282133;-38.558380
24284129;-38.848064
24286135;-39.137337
24288165;-39.281853
24290117;-39.714767
24292117;-40.002899
24294115;-40.290634
24296115;-40.577969
24298188;-40.864883
24300131;-41.151417
24302129;-41.437542
24304129;-41.723259
24306126;-42.008568
24308151;-42.293461
24310161;-42.577911
24312123;-42.861965
24314117;-43.145596
24316113;-43.428799
24318129;-43.711575
24320156;-43.993919
24322136;-44.275787
24324139;-44.557262
24326132;-44.838295
24328148;-45.118885
24330132;-45.399033
24332149;-45.678730
24334114;-45.957954
24336114;-46.236752
24338129;-46.375988
24340108;-46.792965
24342184;-47.070381
24344140;-47.347332
24346132;-47.623795
24348146;-47.899811
24350131;-48.175350
24352133;-48.450413
24354149;-48.725002
24356116;-48.999111
24358123;-49.272713
24360113;-49.545849
24362108;-49.818497
24364160;-50.090652
24366114;-50.362312
24368134;-50.633476
24370114;-50.904125
24372111;-51.174290
24374116;-51.443947
24376160;-51.713074
24378152;-51.981712
24380133;-52.249836
24382132;-52.517433
24384131;-52.784519
24386160;-53.051098
24388125;-53.317142
24390109;-53.582661
24392109;-53.847660
24394117;-54.112095
24396116;-54.376022
24398173;-54.639416
24400138;-54.902267
24402130;-55.164574
24404129;-55.426342
24406130;-55.687542
24408163;-55.948212
24410116;-56.208324
24412116;-56.467884
24414107;-56.726891
24416113;-56.985329
24418168;-57.243191
24420116;-57.500511
24422106;-57.757259
24424107;-58.013439
24426113;-58.269047
24428123;-58.524078
24430166;-58.778496
24432140;-59.032368
24434139;-59.285660
24436136;-59.538364
24438148;-59.790482
24440155;-60.041992
24442112;-60.292923
24444114;-60.543270
24446114;-60.793011
24448131;-61.042152
24450108;-61.290695
24452159;-61.538612
24454136;-61.785934
24456135;-62.032658
24458147;-62.278767
24460129;-62.524254
24462155;-62.769127
24464112;-62.891323
24466110;-63.256996
24468126;-63.500004
24470109;-63.742386
24472292;-63.984142
24474135;-64.225266
24476131;-64.465729
24478149;-64.705582
24480136;-64.944801
24482133;-65.183365
24484163;-65.421280
24486108;-65.658554
24488130;-65.776947
24490112;-66.131157
24492109;-66.366493
24494168;-66.601166
24496151;-66.835190
24498148;-67.068550
24500131;-67.301224
24502131;-67.533264
24504130;-67.764626
24506155;-67.995323
24508144;-68.225349
24510132;-68.454704
24512137;-68.683365
24514131;-68.911362
24516155;-69.138680
24518126;-69.365326
24520112;-69.591270
24522114;-69.816536
24524106;-70.041100
24526112;-70.264984
24528167;-70.488174
24530109;-70.710670
24532115;-70.932472
24534111;-71.153572
24536114;-71.373947
24538165;-71.483871
24540113;-71.812607
24542115;-72.030884
24544113;-72.248444
24546116;-72.465302
24548124;-72.681419
24550166;-72.896843
24552139;-73.111549
24554133;-73.325523
24556138;-73.538780
24558150;-73.751305
24560159;-73.963097
24562114;-74.174164
24564116;-74.384499
24566108;-74.594101
24568120;-74.802979
24570114;-75.011101
24572158;-75.218483
24574135;-75.425125
24576129;-75.631035
24578146;-75.836189
24580130;-76.040581
24582154;-76.244255
24584109;-76.447144
24586115;-76.649307
24588119;-76.850685
24590108;-77.051308
24592300;-77.251175
24594141;-77.450302
24596134;-77.648628
24598147;-77.846230
24600135;-78.043022
24602135;-78.239052
24604154;-78.434334
24606117;-78.628822
24608124;-78.822556
24610108;-79.015488
24612114;-79.207634
24614167;-79.399033
24616155;-79.589615
24618151;-79.779442
24620139;-79.968452
24622130;-80.156693
24624131;-80.344131
24626144;-80.530762
24628132;-80.716637
24630110;-80.901680
24632108;-81.085953
24634107;-81.269409
24636184;-81.452049
24638157;-81.543098
24640131;-81.814957
24642133;-81.995216
24644130;-82.174629
24646132;-82.353264
24648155;-82.531059
24650111;-82.708046
24652112;-82.884232
24654114;-83.059578
24656114;-83.234131
24658216;-83.407837
24660137;-83.580719
24662132;-83.752808
24664134;-83.924034
24666127;-84.094467
24668146;-84.264030
24670156;-84.432808
24672118;-84.600685
24674107;-84.767761
24676117;-84.934021
24678119;-85.099419
24680293;-85.264000
24682137;-85.427719
24684135;-85.590591
24686131;-85.752647
24688145;-85.913834
24690128;-86.074188
24692158;-86.233673
24694137;-86.392334
24696132;-86.550117
24698149;-86.707047
24700134;-86.863136
24702161;-87.018356
24704116;-87.172737
24706110;-87.326225
24708125;-87.478867
24710113;-87.630653
24712111;-87.781563
24714158;-87.931618
24716133;-88.080795
24718151;-88.229118
24720131;-88.376549
24722128;-88.523109
24724159;-88.668816
24726113;-88.813629
24728130;-88.957581
24730110;-89.100639
24732109;-89.242813
24734307;-89.384140
24736139;-89.524551
24738152;-89.664101
24740136;-89.802750
24742133;-89.940506
24744132;-90.077400
24746155;-90.213379
24748124;-90.348495
24750110;-90.482697
24752110;-90.616020
24754118;-90.748444
24756165;-90.879959
24758167;-91.010597
24760132;-91.140320
24762128;-91.269165
24764132;-91.397079
24766133;-91.524109
24768162;-91.650238
24770116;-91.775452
24772116;-91.899780
24774111;-92.023178
24776110;-92.145691
24778301;-92.267273
24780135;-92.387924
24782134;-92.507706
24784130;-92.626556
24786130;-92.744507
24788134;-92.803131
24790157;-92.977623
24792107;-93.092827
24794114;-93.207092
24796111;-93.320450
24798123;-93.432877
24800164;-93.544403
24802150;-93.654976
24804137;-93.764633
24806131;-93.873383
24808148;-93.981186
24810134;-94.088074
24812158;-94.194016
24814119;-94.299034
24816109;-94.403145
24818120;-94.506294
24820111;-94.608536
24822112;-94.709824
24824155;-94.810196
24826130;-94.909607
24828144;-95.008095
24830133;-95.105652
24832134;-95.202255
24834159;-95.297935
24836117;-95.392662
24838119;-95.486443
24840113;-95.579300
24842111;-95.671204
24844112;-95.762169
24846161;-95.852180
24848147;-95.941254
24850136;-96.029373
24852130;-96.116539
24854130;-96.202766
24856155;-96.288040
24858130;-96.372375
24860118;-96.455742
24862117;-96.538162
24864111;-96.619637
24866219;-96.700150
24868147;-96.779716
24870133;-96.858315
24872126;-96.935974
24874132;-97.012665
24876129;-97.088394
24878156;-97.163177
24880111;-97.236992
24882112;-97.309860
24884112;-97.381752
24886113;-97.452690
24888169;-97.522659
24890112;-97.591667
24892112;-97.659721
24894114;-97.726807
24896109;-97.792923
24898124;-97.858086
24900166;-97.922272
24902141;-97.985497
24904137;-98.047760
24906139;-98.109047
24908144;-98.169365
24910161;-98.228714
24912112;-98.287109
24914112;-98.344513
24916110;-98.400963
24918125;-98.456429
24920151;-98.510925
24922113;-98.564461
24924118;-98.617012
24926114;-98.668594
24928127;-98.719200
24930326;-98.768837
24932136;-98.817490
24934129;-98.865166
24936131;-98.911880
24938150;-98.934868
24940133;-99.002365
24942160;-99.046143
24944140;-99.088936
24946129;-99.130760
24948151;-99.171600
24950131;-99.211472
24952152;-99.250351
24954114;-99.288261
24956110;-99.325188
24958122;-99.361130
24960112;-99.396095
24962302;-99.430077
24964140;-99.463081
24966129;-99.495102
24968149;-99.526138
24970130;-99.556198
24972134;-99.585274
24974162;-99.613365
24976135;-99.640472
24978140;-99.666595
24980136;-99.691734
24982129;-99.715889
24984159;-99.739059
24986116;-99.761246
24988123;-99.782455
24990110;-99.802673
24992114;-99.821907
24994112;-99.840157
24996153;-99.857414
24998144;-99.873695
25000135;-99.888985
25002133;-99.903290
25004128;-99.916611
25006157;-99.928947
25008126;-99.940292
25010110;-99.950653
25012113;-99.960030
25014114;-99.968414
25016116;-99.975815
25018167;-99.982231
25020134;-99.987663
25022130;-99.992104
25024132;-99.995560
25026128;-99.998024
25028164;-99.999504
25030110;-100.000000
25032117;-99.999504
25034111;-99.998024
25036109;-99.995560
25038127;-99.993958
25040163;-99.987663
25042134;-99.982239
25044138;-99.975815
25046136;-99.968422
25048147;-99.960030
25050163;-99.950661
25052112;-99.940292
25054109;-99.928955
25056117;-99.916611
25058123;-99.903297
25060109;-99.888985
25062162;-99.873695
25064134;-99.857422
25066137;-99.840157
25068148;-99.821907
25070132;-99.802673
25072160;-99.782455
25074115;-99.761253
25076113;-99.739059
25078130;-99.715897
25080111;-99.691734
25082111;-99.666595
25084157;-99.640472
25086139;-99.613365
25088149;-99.599442
25090134;-99.556198
25092134;-99.526146
25094159;-99.495102
25096118;-99.463081
25098135;-99.430084
25100118;-99.396095
25102116;-99.361130
25104117;-99.325195
25106158;-99.288269
25108150;-99.250359
25110136;-99.211479
25112135;-99.171616
25114125;-99.130768
25116157;-99.088951
25118129;-99.046150
25120113;-99.002373
25122109;-98.957619
25124117;-98.911888
25126162;-98.865181
25128129;-98.817497
25130109;-98.768845
25132109;-98.719200
25134112;-98.668602
25136109;-98.617020
25138166;-98.564461
25140135;-98.510941
25142133;-98.456436
25144130;-98.400970
25146131;-98.344528
25148170;-98.287109
25150115;-98.228737
25152110;-98.169373
25154110;-98.109062
25156111;-98.047760
25158125;-97.985512
25160161;-97.922287
25162139;-97.858093
25164134;-97.792938
25166133;-97.726814
25168144;-97.659729
25170164;-97.591690
25172111;-97.522667
25174114;-97.452698
25176113;-97.381752
25178130;-97.309860
25180163;-97.236992
25182152;-97.163177
25184132;-97.088402
25186125;-97.012665
25188145;-96.935974
25190131;-96.858315
25192154;-96.779716
25194119;-96.700165
25196113;-96.619637
25198124;-96.538177
25200111;-96.455742
25202179;-96.372375
25204140;-96.288055
25206140;-96.202766
25208152;-96.116547
25210134;-96.029381
25212128;-95.941261
25214160;-95.852188
25216118;-95.762184
25218124;-95.671227
25220111;-95.579315
25222111;-95.486473
25224161;-95.392677
25226116;-95.297951
25228131;-95.202286
25230112;-95.105667
25232114;-95.008125
25234112;-94.909630
25236162;-94.810204
25238149;-94.760147
25240133;-94.608551
25242128;-94.506332
25244131;-94.403160
25246159;-94.299072
25248122;-94.194038
25250114;-94.088089
25252112;-93.981209
25254115;-93.873390
25256111;-93.764671
25258168;-93.654999
25260137;-93.544418
25262133;-93.432899
25264131;-93.320473
25266131;-93.207130
25268170;-93.092850
25270113;-92.977661
25272110;-92.861542
25274107;-92.744522
25276111;-92.626587
25278121;-92.507729
25280164;-92.387970
25282137;-92.267273
25284136;-92.145691
25286133;-92.023178
25288150;-91.961601
25290163;-91.775475
25292116;-91.650238
25294108;-91.524124
25296106;-91.397079
25298124;-91.269165
25300109;-91.140343
25302158;-91.010597
25304136;-90.879974
25306133;-90.748444
25308143;-90.616020
25310135;-90.482697
25312154;-90.348495
25314115;-90.213409
25316119;-90.077400
25318124;-89.940552
25320115;-89.802773
25322151;-89.664124
25324113;-89.524590
25326113;-89.384155
25328127;-89.242867
25330113;-89.100662
25332111;-88.957611
25334159;-88.813675
25336113;-88.668839
25338129;-88.523155
25340115;-88.376579
25342111;-88.229141
25344113;-88.080818
25346158;-87.931648
25348152;-87.781609
25350133;-87.630676
25352135;-87.478905
25354132;-87.326256
25356162;-87.172760
25358129;-87.018402
25360114;-86.863159
25362115;-86.707092
25364104;-86.550140
25366108;-86.392357
25368174;-86.233696
25370132;-86.074211
25372129;-85.913879
25374128;-85.752670
25376124;-85.590645
25378164;-85.427742
25380118;-85.264030
25382111;-85.099472
25384115;-84.934044
25386111;-84.767807
25388124;-84.684349
25390163;-84.432808
25392132;-84.264030
25394145;-84.094467
25396140;-83.924065
25398144;-83.752808
25400194;-83.580742
25402138;-83.407837
25404135;-83.234131
25406134;-83.059608
25408150;-82.884232
25410130;-82.708069
25412159;-82.531059
25414136;-82.353264
25416133;-82.174629
25418149;-81.995216
25420133;-81.814980
25422161;-81.633919
25424114;-81.452080
25426114;-81.269432
25428122;-81.085983
25430114;-80.901741
25432114;-80.716667
25434159;-80.530823
25436138;-80.344162
25438146;-80.156731
25440129;-79.968475
25442128;-79.779472
25444162;-79.589668
25446112;-79.399063
25448120;-79.207695
25450113;-79.015518
25452117;-78.822586
25454117;-78.628883
25456159;-78.434364
25458149;-78.239113
25460132;-78.043053
25462134;-77.846252
25464132;-77.648659
25466160;-77.648659
25468126;-77.251228
25470116;-77.051338
25472111;-76.850716
25474114;-76.649307
25476110;-76.447174
25478169;-76.244286
25480134;-76.040611
25482131;-75.836220
25484132;-75.631042
25486131;-75.425163
25488165;-75.218521
25490115;-75.011124
25492113;-74.803009
25494111;-74.594131
25496118;-74.384537
25498124;-74.174179
25500163;-73.963127
25502137;-73.751343
25504142;-73.538795
25506139;-73.325554
25508146;-73.111557
25510158;-72.896873
25512118;-72.681473
25514110;-72.465317
25516108;-72.248482
25518129;-72.030899
25520111;-71.812645
25522159;-71.593643
25524133;-71.373962
25526131;-71.153580
25528147;-70.932472
25530131;-70.710686
25532138;-70.488174
25534115;-70.265030
25536108;-70.041168
25538120;-69.928940
25540113;-69.591324
25542311;-69.365349
25544139;-69.138733
25546133;-68.911400
25548144;-68.683418
25550132;-68.454758
25552128;-68.225388
25554156;-67.995377
25556119;-67.764664
25558124;-67.533310
25560114;-67.301300
25562107;-67.068581
25564331;-66.835243
25566140;-66.601204
25568153;-66.366539
25570134;-66.131195
25572130;-65.895233
25574130;-65.658607
25576157;-65.421310
25578127;-65.183403
25580111;-64.944817
25582113;-64.705620
25584110;-64.465782
25586303;-64.225281
25588159;-63.984180
25590133;-63.742405
25592128;-63.500046
25594135;-63.257015
25596128;-63.013405
25598164;-62.769161
25600136;-62.524269
25602129;-62.278801
25604130;-62.032677
25606136;-61.785976
25608168;-61.538666
25610116;-61.290710
25612112;-61.042191
25614111;-60.793030
25616118;-60.543304
25618125;-60.292946
25620167;-60.042030
25622136;-59.790524
25624133;-59.538383
25626136;-59.285694
25628148;-59.032387
25630152;-58.778530
25632118;-58.524097
25634109;-58.269047
25636113;-58.013458
25638116;-57.757259
25640297;-57.500530
25642140;-57.243275
25644132;-56.985371
25646130;-56.726944
25648148;-56.467926
25650129;-56.208385
25652142;-55.948246
25654119;-55.687599
25656115;-55.426399
25658122;-55.164616
25660116;-54.902328
25662158;-54.639454
25664109;-54.376083
25666108;-54.112179
25668128;-53.847694
25670109;-53.582722
25672170;-53.317184
25674150;-53.051155
25676133;-52.784561
25678137;-52.517490
25680133;-52.249901
25682137;-51.981754
25684161;-51.713135
25686135;-51.443966
25688145;-51.309212
25690134;-50.904186
25692131;-50.633503
25694227;-50.362354
25696133;-50.090675
25698143;-49.818539
25700136;-49.545868
25702132;-49.272751
25704131;-48.999153
25706156;-48.725025
25708124;-48.450455
25710107;-48.175369
25712112;-47.899849
25714114;-47.623856
25716233;-47.347351
25718150;-47.070419
25720132;-46.792984
25722134;-46.515125
25724129;-46.236767
25726131;-45.957993
25728169;-45.678772
25730135;-45.399052
25732132;-45.118927
25734133;-44.838314
25736131;-44.557304
25738170;-44.275848
25740120;-43.993916
25742113;-43.711594
25744111;-43.428795
25746112;-43.145615
25748125;-42.861961
25750167;-42.577972
25752139;-42.293518
25754136;-42.008610
25756134;-41.723324
25758144;-41.437584
25760157;-41.151478
25762121;-40.864967
25764114;-40.578011
25766112;-40.290695
25768131;-40.002937
25770115;-39.714832
25772157;-39.426334
25774130;-39.137398
25776133;-38.848125
25778149;-38.558422
25780132;-38.268383
25782158;-37.977924
25784110;-37.687134
25786114;-37.395973
25788120;-37.250210
25790108;-36.812496
25792115;-36.520191
25794162;-36.227570
25796135;-35.934593
25798153;-35.641212
25800130;-35.347527
25802133;-35.053448
25804157;-34.759064
25806118;-34.464298
25808133;-34.169235
25810110;-33.873833
25812112;-33.578053
25814106;-33.281986
25816154;-32.985546
25818130;-32.688828
25820112;-32.391785
25822109;-32.094376
25824113;-31.796694
25826315;-31.498655
25828148;-31.200352
25830137;-30.901695
25832134;-30.602777
25834129;-30.303558
25836131;-30.003994
25838160;-29.854124
25840115;-29.404026
25842110;-29.103630
25844116;-28.802944
25846103;-28.501930
25848206;-28.200680
25850140;-27.899105
25852132;-27.597300
25854132;-27.295177
25856130;-26.992834
25858147;-26.690266
25860151;-26.387346
25862110;-26.084209
25864112;-25.780769
25866114;-25.477119
25868127;-25.173223
25870204;-24.869028
25872137;-24.564634
25874126;-24.259953
25876133;-23.955076
25878146;-23.649920
25880132;-23.344574
25882156;-23.039000
25884115;-22.733150
25886108;-22.427124
25888123;-22.120829
25890112;-21.814363
25892158;-21.507681
25894117;-21.200739
25896117;-20.893637
25898123;-20.586279
25900115;-20.278767
25902107;-19.971006
25904156;-19.663097
25906138;-19.354994
25908149;-19.046650
25910129;-18.738169
25912129;-18.429453
25914160;-18.120604
25916110;-17.811575
25918132;-17.502325
25920113;-17.192945
25922110;-16.883352
25924113;-16.573639
25926153;-16.263714
25928149;-15.953678
25930135;-15.643482
25932123;-15.333086
25934134;-15.022585
25936160;-14.711889
25938127;-14.401094
25940112;-14.090158
25942112;-13.779036
25944115;-13.467825
25946110;-13.156433
25948170;-12.844959
25950133;-12.533358
25952132;-12.221586
25954131;-11.909742
25956132;-11.597732
25958168;-11.285654
25960118;-10.973418
25962113;-10.661121
25964109;-10.348720
25966112;-10.036215
25968124;-9.723612
25970164;-9.410866
25972142;-9.098074
25974136;-8.785192
25976135;-8.472176
25978145;-8.159123
25980152;-7.845943
25982113;-7.532733
25984115;-7.219401
25986115;-6.906045
25988125;-6.749341
25990188;-6.279085
25992134;-5.965534
25994125;-5.651876
25996130;-5.338211
25998149;-5.024493
26000128;-4.710677
26002145;-4.396863
26004123;-4.082958
26006108;-3.769059
26008121;-3.455077
26010113;-3.141107
26012204;-2.827107
26014133;-2.513031
26016129;-2.198978
26018145;-1.884856
26020134;-1.570763
26022129;-1.256654
26024147;-0.942485
26026113;-0.628354
26028126;-0.314170
26030113;0.000000
26032118;0.314159
26034162;0.628314
26036114;0.942464
26038119;1.099535
26040111;1.570732
26042110;1.884844
26044114;2.198937
26046157;2.513010
26048147;2.827056
26050131;3.141076
26052133;3.455064
26054134;3.769018
26056160;4.082935
26058129;4.396812
26060111;4.710645
26062109;5.024432
26064111;5.338169
26066113;5.651853
26068164;5.965482
26070135;6.279051
26072131;6.592560
26074132;6.906002
26076128;7.219377
26078168;7.532680
26080117;7.845909
26082109;8.159060
26084111;8.472132
26086117;8.785120
26088116;9.098021
26090164;9.410830
26092144;9.723549
26094138;10.036171
26096139;10.348695
26098149;10.661115
26100157;10.973431
26102118;11.285637
26104109;11.597733
26106117;11.909716
26108127;12.221580
26110109;12.533322
26112156;12.844942
26114142;13.156436
26116131;13.467797
26118142;13.779028
26120132;14.090122
26122153;14.401078
26124117;14.711891
26126110;15.022558
26128119;15.333078
26130109;15.643446
26132109;15.953660
26134159;16.263714
26136130;16.573612
26138151;16.728498
26140134;17.192907
26142132;17.502306
26144159;17.811527
26146118;18.120577
26148122;18.429445
26150117;18.738131
26152115;19.046633
26154108;19.354946
26156156;19.663071
26158142;19.970997
26160132;20.278728
26162134;20.586262
26164130;20.893587
26166158;21.200710
26168123;21.507624
26170112;21.814323
26172108;22.120808
26174108;22.427074
26176106;22.733122
26178173;23.038942
26180131;23.344534
26182132;23.649900
26184131;23.955029
26186131;24.259922
26188169;24.564575
26190117;24.868988
26192117;25.173155
26194118;25.477072
26196117;25.780737
26198125;26.084152
26200162;26.387304
26202135;26.690197
26204136;26.992828
26206136;27.295193
26208151;27.597290
26210159;27.899107
26212112;28.200657
26214114;28.501928
26216109;28.802910
26218120;29.103617
26220308;29.404032
26222139;29.704157
26224136;30.003988
26226132;30.303526
26228147;30.602762
26230132;30.901697
26232156;31.200329
26234109;31.498650
26236112;31.796661
26238125;32.094360
26240108;32.391743
26242166;32.688801
26244156;32.985538
26246140;33.281952
26248147;33.578037
26250132;33.873787
26252129;34.169209
26254157;34.464294
26256133;34.759029
26258140;35.053429
26260129;35.347485
26262134;35.641186
26264186;35.934536
26266136;36.227535
26268149;36.520176
26270132;36.812454
26272136;37.104370
26274129;37.395920
26276155;37.687099
26278128;37.977905
26280117;38.268341
26282116;38.558399
26284114;38.848072
26286196;39.137363
26288155;39.281864
26290132;39.714787
26292125;40.002911
26294131;40.290646
26296129;40.577976
26298174;40.864906
26300132;41.151436
26302132;41.437557
26304124;41.723270
26306131;42.008572
26308169;42.293461
26310117;42.577927
26312112;42.861973
26314114;43.145603
26316112;43.428806
26318126;43.711575
26320162;43.993916
26322142;44.275822
26324138;44.557289
26326138;44.838318
26328146;45.118908
26330160;45.399048
26332122;45.678741
26334113;45.957985
26336110;46.236774
26338122;46.515102
26340113;46.792980
26342158;47.070389
26344137;47.347336
26346133;47.623817
26348148;47.899826
26350132;48.175365
26352160;48.450424
26354117;48.725014
26356116;48.999115
26358124;49.272736
26360110;49.545868
26362114;49.818508
26364159;50.090660
26366136;50.362320
26368148;50.633476
26370131;50.904137
26372133;51.174294
26374160;51.443951
26376109;51.713097
26378125;51.981728
26380113;52.249855
26382112;52.517464
26384116;52.784550
26386157;53.051121
26388151;53.317158
26390136;53.582676
26392133;53.847664
26394130;54.112125
26396160;54.376041
26398128;54.639435
26400116;54.902279
26402111;55.164581
26404112;55.426346
26406110;55.687557
26408174;55.948223
26410133;56.208336
26412129;56.467896
26414123;56.726891
26416122;56.985329
26418167;57.243210
26420110;57.500523
26422112;57.757271
26424110;58.013447
26426110;58.269047
26428125;58.524071
26430163;58.778526
26432142;59.032394
26434138;59.285683
26436132;59.538383
26438149;59.664516
26440158;60.042023
26442115;60.292953
26444115;60.543285
26446115;60.793026
26448126;61.042168
26450158;61.290707
26452110;61.538635
26454116;61.785961
26456110;62.032669
26458122;62.278770
26460105;62.524265
26462158;62.769135
26464132;63.013386
26466134;63.135277
26468145;63.500015
26470132;63.742393
26472149;63.984142
26474117;64.225266
26476112;64.465744
26478126;64.705597
26480112;64.944801
26482203;65.183365
26484138;65.421295
26486134;65.658569
26488150;65.895203
26490132;66.131187
26492130;66.366508
26494155;66.601189
26496118;66.835197
26498123;67.068550
26500111;67.301247
26502111;67.533279
26504213;67.764648
26506133;67.995331
26508146;68.225357
26510129;68.454704
26512132;68.683380
26514129;68.911377
26516155;69.138695
26518129;69.365326
26520116;69.591278
26522106;69.816536
26524112;70.041107
26526162;70.264992
26528134;70.488182
26530115;70.710678
26532112;70.932472
26534111;71.153572
26536109;71.373955
26538171;71.483887
26540134;71.812630
26542128;72.030899
26544129;72.248459
26546132;72.465309
26548164;72.681450
26550118;72.896866
26552112;73.111557
26554115;73.325539
26556111;73.538788
26558127;73.751320
26560163;73.963112
26562145;74.174179
26564135;74.384514
26566137;74.594116
26568146;74.802986
26570161;75.011108
26572117;75.218498
26574107;75.425140
26576110;75.631042
26578118;75.836197
26580106;76.040596
26582164;76.244255
26584136;76.447151
26586128;76.649300
26588144;76.750092
26590134;77.051323
26592159;77.251198
26594119;77.450302
26596111;77.648651
26598125;77.846230
26600109;78.043045
26602110;78.239082
26604157;78.434349
26606132;78.628838
26608137;78.822556
26610131;79.015503
26612130;79.207657
26614161;79.399040
26616116;79.589638
26618120;79.779442
26620109;79.968468
26622112;80.156693
26624166;80.344131
26626158;80.530785
26628146;80.716637
26630136;80.901695
26632131;81.085953
26634132;81.269417
26636166;81.452065
26638128;81.633926
26640112;81.814972
26642109;81.995209
26644108;82.174637
26646109;82.353249
26648169;82.531059
26650136;82.708054
26652138;82.884232
26654128;83.059586
26656136;83.234123
26658168;83.407837
26660111;83.580734
26662111;83.752800
26664109;83.924042
26666107;84.094452
26668121;84.264038
26670159;84.432785
26672143;84.600708
26674133;84.767792
26676138;84.934029
26678148;85.099449
26680156;85.264008
26682113;85.427734
26684120;85.590622
26686115;85.752663
26688121;85.913857
26690207;86.074203
26692139;86.233688
26694133;86.392334
26696134;86.550125
26698148;86.707062
26700131;86.863152
26702150;87.018372
26704116;87.172737
26706109;87.326241
26708131;87.478882
26710115;87.630669
26712157;87.781578
26714112;87.931625
26716112;88.080803
26718126;88.229111
26720110;88.376549
26722110;88.523125
26724155;88.668823
26726131;88.813637
26728145;88.957581
26730131;89.100647
26732131;89.242828
26734157;89.384140
26736117;89.524559
26738123;89.594444
26740110;89.802757
26742111;89.940521
26744111;90.077400
26746157;90.213387
26748153;90.348495
26750131;90.482697
26752132;90.616020
26754131;90.748444
26756159;90.879967
26758128;91.010597
26760110;91.140327
26762111;91.269150
26764112;91.397087
26766114;91.524117
26768172;91.650238
26770133;91.775467
26772131;91.899780
26774131;92.023178
26776130;92.145683
26778162;92.267273
26780118;92.387947
26782110;92.507721
26784108;92.626572
26786112;92.744514
26788126;92.803139
26790163;92.977646
26792138;93.092834
26794137;93.207108
26796141;93.320465
26798151;93.432892
26800154;93.544403
26802108;93.654991
26804117;93.764648
26806105;93.873383
26808127;93.981194
26810113;94.088074
26812160;94.194031
26814136;94.299057
26816131;94.403145
26818152;94.506310
26820134;94.608536
26822162;94.709831
26824115;94.810196
26826108;94.909615
26828125;95.008102
26830111;95.105652
26832318;95.202271
26834135;95.297935
26836134;95.392670
26838147;95.486458
26840127;95.579300
26842131;95.671204
26844156;95.762169
26846129;95.852180
26848153;95.941254
26850133;96.029373
26852131;96.116547
26854312;96.202766
26856136;96.288040
26858154;96.372368
26860134;96.455742
26862128;96.538162
26864133;96.619637
26866150;96.700150
26868131;96.779709
26870116;96.858315
26872110;96.935966
26874111;97.012665
26876159;97.088394
26878115;97.163177
26880111;97.236992
26882110;97.309853
26884112;97.381752
26886111;97.452690
26888172;97.487793
26890136;97.591682
26892140;97.659721
26894133;97.726814
26896129;97.792938
26898174;97.858086
26900122;97.922287
26902109;97.985504
26904106;98.047760
26906105;98.109055
26908122;98.169373
26910162;98.228722
26912137;98.287109
26914138;98.344521
26916129;98.400963
26918141;98.456436
26920160;98.510933
26922119;98.564461
26924114;98.617020
26926111;98.668602
26928123;98.719200
26930169;98.768837
26932156;98.817490
26934131;98.865173
26936129;98.911880
26938146;98.957611
26940129;99.002365
26942176;99.046143
26944137;99.088943
26946132;99.130760
26948149;99.171608
26950136;99.211472
26952128;99.250359
26954139;99.288261
26956114;99.325188
26958129;99.361130
26960118;99.396095
26962115;99.430077
26964154;99.463081
26966108;99.495102
26968122;99.526146
26970109;99.556198
26972112;99.585274
26974111;99.613365
26976160;99.640472
26978150;99.666595
26980133;99.691734
26982131;99.715889
26984131;99.739059
26986164;99.761253
26988121;99.782455
26990110;99.802673
26992116;99.821907
26994107;99.840149
26996109;99.857422
26998168;99.873695
27000137;99.888985
27002134;99.903290
27004132;99.916611
27006126;99.928947
27008167;99.940292
27010116;99.950653
27012106;99.960030
27014110;99.968422
27016116;99.975815
27018127;99.982239
27020163;99.987663
27022132;99.992104
27024134;99.995560
27026136;99.998024
27028150;99.999504
27030157;100.000000
27032117;99.999504
27034109;99.998024
27036104;99.995560
27038126;99.993958
27040112;99.987663
27042163;99.982239
27044138;99.975815
27046133;99.968422
27048145;99.960030
27050132;99.950661
27052154;99.940292
27054117;99.928947
27056110;99.916611
27058121;99.903290
27060114;99.888985
27062158;99.873695
27064111;99.857422
27066106;99.840157
27068117;99.821907
27070107;99.802673
27072108;99.782455
27074157;99.761253
27076139;99.739059
27078148;99.715889
27080131;99.691734
27082128;99.666595
27084158;99.640472
27086109;99.613365
27088127;99.585274
27090110;99.556198
27092111;99.526146
27094114;99.495102
27096156;99.463081
27098150;99.430077
27100136;99.396095
27102130;99.361130
27104128;99.325188
27106152;99.288261
27108127;99.250359
27110110;99.211472
27112106;99.171608
27114115;99.130768
27116110;99.088943
27118176;99.046150
27120132;99.002365
27122127;98.957619
27124129;98.911888
27126126;98.865173
27128163;98.817497
27130114;98.768837
27132111;98.719200
27134110;98.668602
27136117;98.617020
27138134;98.564461
27140163;98.510933
27142132;98.456436
27144133;98.400970
27146134;98.344521
27148150;98.287109
27150160;98.228729
27152114;98.169380
27154117;98.109055
27156112;98.047768
27158117;97.985512
27160109;97.922287
27162159;97.858093
27164132;97.792938
27166131;97.726814
27168144;97.659729
27170131;97.591682
27172156;97.522667
27174108;97.452690
27176111;97.381760
27178128;97.309860
27180112;97.237000
27182113;97.163185
27184159;97.088402
27186135;97.012665
27188148;96.974442
27190131;96.858322
27192131;96.779716
27194155;96.700157
27196116;96.619637
27198125;96.538170
27200115;96.455750
27202116;96.372375
27204323;96.288048
27206137;96.202774
27208144;96.116547
27210133;96.029373
27212133;95.941254
27214129;95.852188
27216155;95.762169
27218135;95.671211
27220109;95.579308
27222117;95.486458
27224106;95.392670
27226157;95.297935
27228127;95.202271
27230112;95.105659
27232108;95.008110
27234111;94.909622
27236115;94.810196
27238170;94.709839
27240135;94.608536
27242132;94.506317
27244130;94.403152
27246132;94.299057
27248164;94.194038
27250120;94.088081
27252112;93.981201
27254116;93.873390
27256111;93.764648
27258129;93.654999
27260158;93.544411
27262137;93.432907
27264133;93.320465
27266134;93.207123
27268152;93.092850
27270161;92.977646
27272122;92.861542
27274108;92.744514
27276109;92.626579
27278120;92.507729
27280111;92.387955
27282160;92.267273
27284137;92.145691
27286132;92.023193
27288149;91.961601
27290133;91.775475
27292157;91.650246
27294117;91.524117
27296114;91.397095
27298126;91.269157
27300110;91.140327
27302111;91.010597
27304160;90.879974
27306130;90.748444
27308148;90.616020
27310127;90.482712
27312132;90.348503
27314157;90.213394
27316122;90.077415
27318124;89.940529
27320117;89.802765
27322112;89.664108
27324109;89.524567
27326160;89.384140
27328151;89.242844
27330138;89.100662
27332131;88.957588
27334133;88.813644
27336162;88.668823
27338131;88.596085
27340116;88.376564
27342113;88.229126
27344111;88.080811
27346112;87.931625
27348172;87.781578
27350130;87.630661
27352129;87.478897
27354129;87.326256
27356129;87.172745
27358163;87.018379
27360109;86.863152
27362110;86.707069
27364111;86.550140
27366112;86.392349
27368120;86.233696
27370163;86.074203
27372116;85.913857
27374115;85.752663
27376117;85.590630
27378128;85.427750
27380218;85.264015
27382136;85.099449
27384133;84.934029
27386130;84.767799
27388152;84.600708
27390133;84.432793
27392156;84.264038
27394138;84.094452
27396131;83.924034
27398149;83.752808
27400129;83.580734
27402148;83.407845
27404119;83.234116
27406107;83.059601
27408123;82.884232
27410114;82.708069
27412112;82.531075
27414153;82.353271
27416134;82.174644
27418146;81.995216
27420137;81.814972
27422131;81.633934
27424156;81.452087
27426115;81.269424
27428124;81.085960
27430114;80.901703
27432110;80.716637
27434109;80.530800
27436159;80.344147
27438152;80.156700
27440133;79.968468
27442128;79.779449
27444131;79.589630
27446159;79.399048
27448125;79.207664
27450108;79.015503
27452107;78.822556
27454115;78.628838
27456111;78.434341
27458167;78.239082
27460132;78.043053
27462126;77.846237
27464128;77.648666
27466132;77.450310
27468160;77.251205
27470113;77.051338
27472111;76.850708
27474108;76.649315
27476111;76.447166
27478335;76.244263
27480145;76.040604
27482138;75.836205
27484145;75.631050
27486141;75.425148
27488147;75.321922
27490155;75.011108
27492117;74.802986
27494119;74.594131
27496109;74.384521
27498118;74.174179
27500164;73.963112
27502156;73.751305
27504135;73.538780
27506135;73.325546
27508148;73.111565
27510131;72.896866
27512156;72.681442
27514114;72.465324
27516117;72.248474
27518124;72.030922
27520107;71.812645
27522320;71.593658
27524141;71.373962
27526136;71.153572
27528148;70.932480
27530132;70.710686
27532131;70.488205
27534157;70.265007
27536135;70.041122
27538145;69.928932
27540132;69.591293
27542133;69.365349
27544152;69.138702
27546114;68.911385
27548127;68.683395
27550111;68.454712
27552110;68.225380
27554165;67.995354
27556160;67.764648
27558150;67.533287
27560134;67.301247
27562133;67.068550
27564130;66.835213
27566161;66.601196
27568124;66.366539
27570112;66.131203
27572110;65.895226
27574110;65.658585
27576113;65.421318
27578171;65.183395
27580137;64.944824
27582131;64.705612
27584131;64.465759
27586132;64.225273
27588167;63.984169
27590112;63.742416
27592114;63.500034
27594116;63.257027
27596111;63.013393
27598125;62.769138
27600164;62.524284
27602140;62.278790
27604142;62.032688
27606139;61.785965
27608155;61.538635
27610160;61.290707
27612109;61.042183
27614113;60.793037
27616113;60.543293
27618120;60.292953
27620210;60.042034
27622137;59.790508
27624133;59.538414
27626134;59.285706
27628139;59.032417
27630131;58.778542
27632159;58.524086
27634113;58.269054
27636116;58.013470
27638121;57.885437
27640113;57.500542
27642156;57.243221
27644112;56.985344
27646111;56.726898
27648130;56.467915
27650112;56.208355
27652109;55.948238
27654162;55.687569
27656137;55.426353
27658157;55.164589
27660136;54.902298
27662128;54.639446
27664156;54.376053
27666114;54.112125
27668128;53.847664
27670110;53.582676
27672113;53.317173
27674112;53.051144
27676157;52.784573
27678146;52.517479
27680133;52.249874
27682130;51.981766
27684129;51.713127
27686156;51.443977
27688119;51.174320
27690110;50.904156
27692114;50.633492
27694110;50.362350
27696231;50.090683
27698152;49.818527
27700136;49.545879
27702129;49.272743
27704130;48.999119
27706132;48.725033
27708167;48.450447
27710133;48.175381
27712130;47.899837
27714133;47.623821
27716132;47.347336
27718161;47.070408
27720109;46.792992
27722111;46.515114
27724112;46.236778
27726114;45.957981
27728171;45.678757
27730165;45.399082
27732141;45.118935
27734137;44.838341
27736139;44.557308
27738149;44.275837
27740142;43.993927
27742117;43.711601
27744112;43.428825
27746109;43.145622
27748125;42.861992
27750328;42.577938
27752142;42.293461
27754133;42.008595
27756135;41.723286
27758142;41.437569
27760135;41.151443
27762162;40.864910
27764113;40.577976
27766111;40.290661
27768123;40.002926
27770114;39.714794
27772108;39.426277
27774154;39.137363
27776138;38.848068
27778148;38.558411
27780135;38.268349
27782131;37.977936
27784156;37.687119
27786115;37.395935
27788121;37.250214
27790111;36.812485
27792111;36.520203
27794110;36.227558
27796162;35.934555
27798153;35.641201
27800135;35.347488
27802130;35.053455
27804127;34.759052
27806145;34.464306
27808126;34.169220
27810114;33.873795
27812113;33.578037
27814107;33.281975
27816168;32.985558
27818166;32.688812
27820132;32.391747
27822135;32.094360
27824134;31.796658
27826131;31.498665
27828170;31.200336
27830111;30.901703
27832108;30.602762
27834105;30.303522
27836114;30.004025
27838229;29.704189
27840129;29.404058
27842130;29.103638
27844128;28.802931
27846132;28.501940
27848140;28.200689
27850157;27.899137
27852113;27.597309
27854111;27.295212
27856113;26.992840
27858128;26.690207
27860158;26.387331
27862108;26.084169
27864104;25.780756
27866115;25.477085
27868126;25.173161
27870114;24.868990
27872154;24.564596
27874136;24.259939
27876130;23.955040
27878145;23.649906
27880135;23.344538
27882162;23.038939
27884116;22.733135
27886108;22.427086
27888129;22.120813
27890114;21.814348
27892115;21.507641
27894159;21.200726
27896132;20.893621
27898147;20.586288
27900133;20.278751
27902130;19.971016
27904157;19.663082
27906114;19.354956
27908125;19.046659
27910109;18.738153
27912110;18.429462
27914196;18.120588
27916136;17.811537
27918149;17.502310
27920130;17.192932
27922133;16.883362
27924133;16.573624
27926152;16.263723
27928130;15.953663
27930111;15.643445
27932114;15.333096
27934110;15.022570
27936158;14.711897
27938171;14.556519
27940134;14.090120
27942135;13.779022
27944132;13.467834
27946129;13.156466
27948167;12.844968
27950116;12.533342
27952114;12.221595
27954111;11.909726
27956108;11.597764
27958175;11.285663
27960163;10.973451
27962137;10.661130
27964138;10.348703
27966142;10.036177
27968142;9.723573
27970158;9.410850
27972113;9.098034
27974115;8.785129
27976117;8.472136
27978119;8.159060
27980173;7.845928
27982155;7.532693
27984136;7.219385
27986130;6.906006
27988144;6.592558
27990132;6.279069
27992165;5.965495
27994115;5.651861
27996111;5.338172
27998122;5.024454
28000114;4.710662
28002167;4.396848
28004159;4.082967
28006131;3.769045
28008145;3.455086
28010126;3.141093
28012130;2.827068
28014160;2.513040
28016114;2.198963
28018127;1.884865
28020116;1.570747
28022113;1.256615
28024345;0.942470
28026142;0.628339
28028155;0.314179
28030127;0.000015
28032129;-0.314149
28034132;-0.628309
28036156;-0.942463
28038130;-1.099525
28040115;-1.570717
28042110;-1.884835
28044113;-2.198933
28046215;-2.513010
28048150;-2.827062
28050134;-3.141062
28052129;-3.455031
28054133;-3.768990
28056133;-4.082912
28058160;-4.396794
28060123;-4.710632
28062112;-5.024400
28064112;-5.338142
28066112;-5.651831
28068220;-5.965465
28070135;-6.279039
28072134;-6.592552
28074127;-6.905976
28076129;-7.219356
28078138;-7.532664
28080159;-7.845898
28082136;-8.159054
28084131;-8.472131
28086133;-8.785099
28088152;-8.941574
28090156;-9.410820
28092118;-9.723543
28094113;-10.036171
28096116;-10.348699
28098119;-10.661099
28100112;-10.973421
28102160;-11.285633
28104137;-11.597733
28106136;-11.909697
28108149;-12.221565
28110131;-12.533291
28112159;-12.844914
28114117;-13.156412
28116115;-13.467780
28118123;-13.779016
28120116;-14.090115
28122109;-14.401050
28124156;-14.711868
28126131;-15.022542
28128138;-15.333065
28130136;-15.643438
28132134;-15.953633
28134156;-16.263695
28136110;-16.573595
28138122;-16.883331
28140109;-17.192902
28142111;-17.502304
28144116;-17.811506
28146155;-18.120560
28148152;-18.429432
28150131;-18.738123
28152131;-19.046631
28154130;-19.354950
28156153;-19.663054
28158124;-19.970985
28160109;-20.278700
28162110;-20.586235
28164114;-20.893570
28166257;-21.200695
28168154;-21.507589
28170130;-21.814295
28172133;-22.120785
28174133;-22.427057
28176137;-22.733107
28178172;-23.038933
28180131;-23.344507
28182130;-23.649876
28184129;-23.955011
28186128;-24.259909
28188171;-24.564569
28190122;-24.868984
28192115;-25.173134
28194113;-25.477055
28196115;-25.780725
28198127;-26.084143
28200165;-26.387300
28202136;-26.690201
28204138;-26.992813
28206135;-27.295181
28208151;-27.597281
28210157;-27.899107
28212113;-28.200659
28214111;-28.501909
28216113;-28.802877
28218129;-29.103586
28220117;-29.404009
28222158;-29.704138
28224137;-30.003973
28226128;-30.303516
28228138;-30.602736
28230133;-30.901674
28232159;-31.200310
28234133;-31.498638
28236135;-31.796652
28238142;-31.945532
28240134;-32.391720
28242161;-32.688786
28244119;-32.985527
28246114;-33.281944
28248119;-33.578033
28250113;-33.873791
28252110;-34.169189
28254157;-34.464279
28256136;-34.759026
28258146;-35.053425
28260136;-35.347485
28262134;-35.641193
28264163;-35.934525
28266108;-36.227528
28268129;-36.520149
28270111;-36.812435
28272110;-37.104355
28274114;-37.395885
28276161;-37.687073
28278145;-37.977882
28280133;-38.268322
28282132;-38.558380
28284130;-38.848064
28286161;-39.137337
28288120;-39.281853
28290110;-39.714767
28292112;-40.002899
28294109;-40.290634
28296110;-40.577969
28298175;-40.864883
28300134;-41.151417
28302129;-41.437542
28304131;-41.723259
28306137;-42.008568
28308161;-42.293461
28310111;-42.577911
28312111;-42.861965
28314113;-43.145596
28316114;-43.428799
28318127;-43.711575
28320163;-43.993919
28322145;-44.275787
28324135;-44.557262
28326132;-44.838295
28328152;-45.118885
28330155;-45.399033
28332121;-45.678730
28334110;-45.957954
28336113;-46.236752
28338122;-46.515087
28340232;-46.792965
28342135;-47.070381
28344131;-47.347332
28346126;-47.623795
28348146;-47.899811
28350130;-48.175350
28352157;-48.450413
28354138;-48.725002
28356131;-48.999111
28358149;-49.272713
28360133;-49.545849
28362170;-49.818497
28364134;-50.090652
28366131;-50.362312
28368147;-50.633476
28370130;-50.904125
28372129;-51.174290
28374143;-51.443947
28376111;-51.713074
28378119;-51.981712
28380109;-52.249836
28382117;-52.517433
28384158;-52.784519
28386143;-53.051098
28388148;-53.184174
28390128;-53.582661
28392132;-53.847660
28394132;-54.112095
28396153;-54.376022
28398129;-54.639416
28400116;-54.902267
28402112;-55.164574
28404110;-55.426342
28406170;-55.687542
28408175;-55.948212
28410130;-56.208324
28412132;-56.467884
28414131;-56.726891
28416136;-56.985329
28418165;-57.243191
28420114;-57.500511
28422113;-57.757259
28424114;-58.013439
28426113;-58.269047
28428129;-58.524078
28430161;-58.778496
28432144;-59.032368
28434137;-59.285660
28436140;-59.538364
28438144;-59.790482
28440159;-60.041992
28442117;-60.292923
28444117;-60.543270
28446106;-60.793011
28448127;-61.042152
28450112;-61.290695
28452158;-61.538612
28454138;-61.785934
28456131;-62.032658
28458146;-62.278767
28460131;-62.524254
28462159;-62.769127
28464128;-63.013363
28466114;-63.256996
28468118;-63.378590
28470111;-63.742386
28472165;-63.984142
28474155;-64.225266
28476130;-64.465729
28478149;-64.705582
28480133;-64.944801
28482130;-65.183365
28484158;-65.421280
28486138;-65.658554
28488151;-65.895172
28490130;-66.131157
28492132;-66.366493
28494213;-66.601166
28496137;-66.835190
28498147;-67.068550
28500126;-67.301224
28502133;-67.533264
28504131;-67.764626
28506156;-67.995323
28508147;-68.225349
28510129;-68.454704
28512133;-68.683365
28514128;-68.911362
28516155;-69.138680
28518128;-69.365326
28520112;-69.591270
28522106;-69.816536
28524109;-70.041100
28526109;-70.264984
28528178;-70.488174
28530136;-70.710670
28532132;-70.932472
28534129;-71.153572
28536130;-71.373947
28538230;-71.483871
28540139;-71.812607
28542135;-72.030884
28544126;-72.248444
28546131;-72.465302
28548144;-72.681419
28550161;-72.896843
28552136;-73.111549
28554131;-73.325523
28556126;-73.538780
28558145;-73.751305
28560154;-73.963097
28562111;-74.174164
28564109;-74.384499
28566110;-74.594101
28568126;-74.802979
28570111;-75.011101
28572156;-75.218483
28574136;-75.425125
28576133;-75.631035
28578144;-75.836189
28580127;-76.040581
28582155;-76.244255
28584117;-76.447144
28586108;-76.649307
28588120;-76.850685
28590110;-77.051308
28592114;-77.251175
28594153;-77.450302
28596137;-77.648628
28598150;-77.846230
28600133;-78.043022
28602130;-78.239052
28604159;-78.434334
28606114;-78.628822
28608128;-78.822556
28610113;-79.015488
28612111;-79.207634
28614214;-79.399033
28616131;-79.589615
28618150;-79.779442
28620132;-79.968452
28622125;-80.156693
28624128;-80.344131
28626155;-80.530762
28628130;-80.716637
28630114;-80.901680
28632114;-81.085953
28634114;-81.269409
28636329;-81.452049
28638153;-81.633919
28640130;-81.814957
28642134;-81.995216
28644129;-82.174629
28646130;-82.353264
28648169;-82.531059
28650116;-82.708046
28652113;-82.884232
28654109;-83.059578
28656111;-83.234131
28658120;-83.407837
28660167;-83.580719
28662137;-83.752808
28664134;-83.924034
28666141;-84.094467
28668146;-84.264030
28670145;-84.432808
28672116;-84.600685
28674114;-84.767761
28676108;-84.934021
28678122;-85.099419
28680156;-85.264000
28682116;-85.427719
28684119;-85.590591
28686111;-85.752647
28688116;-85.833344
28690116;-86.074188
28692158;-86.233673
28694137;-86.392334
28696130;-86.550117
28698146;-86.707047
28700134;-86.863136
28702161;-87.018356
28704115;-87.172737
28706105;-87.326225
28708121;-87.478867
28710110;-87.630653
28712110;-87.781563
28714161;-87.931618
28716137;-88.080795
28718148;-88.229118
28720132;-88.376549
28722127;-88.523109
28724155;-88.668816
28726116;-88.813629
28728119;-88.957581
28730112;-89.100639
28732111;-89.242813
28734109;-89.384140
28736161;-89.524551
28738151;-89.664101
28740137;-89.802750
28742133;-89.940506
28744129;-90.077400
28746163;-90.213379
28748128;-90.348495
28750104;-90.482697
28752107;-90.616020
28754112;-90.748444
28756111;-90.879959
28758172;-91.010597
28760133;-91.140320
28762129;-91.269165
28764134;-91.397079
28766135;-91.524109
28768168;-91.650238
28770112;-91.775452
28772110;-91.899780
28774117;-92.023178
28776116;-92.145691
28778124;-92.267273
28780156;-92.387924
28782114;-92.507706
28784115;-92.626556
28786117;-92.744507
28788131;-92.803131
28790159;-92.977623
28792107;-93.092827
28794109;-93.207092
28796113;-93.320450
28798124;-93.432877
28800113;-93.544403
28802148;-93.654976
28804113;-93.764633
28806107;-93.873383
28808123;-93.981186
28810111;-94.088074
28812156;-94.194016
28814120;-94.299034
28816109;-94.403145
28818121;-94.506294
28820113;-94.608536
28822114;-94.709824
28824158;-94.810196
28826112;-94.909607
28828124;-95.008095
28830109;-95.105652
28832111;-95.202255
28834110;-95.297935
28836152;-95.392662
28838151;-95.439674
28840137;-95.579300
28842132;-95.671204
28844127;-95.762169
28846159;-95.852180
28848126;-95.941254
28850106;-96.029373
28852111;-96.116539
28854115;-96.202766
28856165;-96.288040
28858164;-96.372375
28860137;-96.455742
28862135;-96.538162
28864129;-96.619637
28866131;-96.700150
28868167;-96.779716
28870112;-96.858315
28872109;-96.935974
28874121;-97.012665
28876113;-97.088394
28878240;-97.163177
28880132;-97.236992
28882130;-97.309860
28884134;-97.381752
28886130;-97.452690
28888149;-97.522659
28890155;-97.591667
28892133;-97.659721
28894135;-97.726807
28896132;-97.792923
28898144;-97.858086
28900154;-97.922272
28902119;-97.985497
28904110;-98.047760
28906110;-98.109047
28908129;-98.169365
28910159;-98.228714
28912156;-98.287109
28914133;-98.344513
28916127;-98.400963
28918142;-98.456429
28920129;-98.510925
28922155;-98.564461
28924118;-98.617012
28926113;-98.668594
28928118;-98.719200
28930114;-98.768837
28932109;-98.817490
28934159;-98.865166
28936131;-98.911880
28938149;-98.957611
28940132;-99.002365
28942133;-99.046143
28944159;-99.088936
28946119;-99.130760
28948124;-99.171600
28950115;-99.211472
28952115;-99.250351
28954226;-99.288261
28956136;-99.325188
28958144;-99.361130
28960131;-99.396095
28962128;-99.430077
28964130;-99.463081
28966160;-99.495102
28968152;-99.526138
28970135;-99.556198
28972131;-99.585274
28974127;-99.613365
28976159;-99.640472
28978129;-99.666595
28980116;-99.691734
28982115;-99.715889
28984108;-99.739059
28986116;-99.761246
28988163;-99.771973
28990115;-99.802673
28992109;-99.821907
28994115;-99.840157
28996119;-99.857414
28998222;-99.873695
29000134;-99.888985
29002128;-99.903290
29004128;-99.916611
29006126;-99.928947
29008143;-99.940292
29010159;-99.950653
29012117;-99.960030
29014116;-99.968414
29016117;-99.975815
29018122;-99.982231
29020155;-99.987663
29022118;-99.992104
29024111;-99.995560
29026111;-99.998024
29028125;-99.999504
29030117;-100.000000
29032161;-99.999504
29034133;-99.998024
29036135;-99.995560
29038151;-99.993958
29040136;-99.987663
29042160;-99.982239
29044117;-99.975815
29046109;-99.968422
29048127;-99.960030
29050114;-99.950661
29052111;-99.940292
29054161;-99.928955
29056139;-99.916611
29058143;-99.903297
29060131;-99.888985
29062125;-99.873695
29064157;-99.857422
29066114;-99.840157
29068127;-99.821907
29070112;-99.802673
29072112;-99.782455
29074113;-99.761253
29076156;-99.739059
29078151;-99.715897
29080125;-99.691734
29082131;-99.666595
29084131;-99.640472
29086166;-99.613365
29088148;-99.585274
29090136;-99.556198
29092128;-99.526146
29094124;-99.495102
29096160;-99.463081
29098124;-99.430084
29100110;-99.396095
29102107;-99.361130
29104116;-99.325195
29106114;-99.288269
29108174;-99.250359
29110136;-99.211479
29112128;-99.171616
29114131;-99.130768
29116124;-99.088951
29118170;-99.046150
29120119;-99.002373
29122107;-98.957619
29124110;-98.911888
29126110;-98.865181
29128118;-98.817497
29130163;-98.768845
29132146;-98.719200
29134138;-98.668602
29136136;-98.617020
29138152;-98.590866
29140154;-98.510941
29142114;-98.456436
29144113;-98.400970
29146112;-98.344528
29148120;-98.287109
29150110;-98.228737
29152159;-98.169373
29154137;-98.109062
29156132;-98.047760
29158148;-97.985512
29160133;-97.922287
29162160;-97.858093
29164123;-97.792938
29166107;-97.726814
29168124;-97.659729
29170114;-97.591690
29172112;-97.522667
29174157;-97.452698
29176133;-97.381752
29178145;-97.309860
29180127;-97.236992
29182133;-97.163177
29184159;-97.088402
29186118;-97.012665
29188130;-96.935974
29190108;-96.858315
29192113;-96.779716
29194167;-96.700165
29196157;-96.619637
29198146;-96.538177
29200130;-96.455742
29202127;-96.372375
29204130;-96.288055
29206152;-96.202766
29208119;-96.116547
29210109;-96.029381
29212111;-95.941261
29214111;-95.852188
29216159;-95.762184
29218127;-95.671227
29220107;-95.579315
29222109;-95.486473
29224111;-95.392677
29226110;-95.297951
29228167;-95.202286
29230136;-95.105667
29232132;-95.008125
29234132;-94.909630
29236133;-94.810204
29238153;-94.709839
29240120;-94.608551
29242113;-94.506332
29244114;-94.403160
29246107;-94.299072
29248243;-94.194038
29250138;-94.088089
29252131;-93.981209
29254128;-93.873390
29256128;-93.764671
29258150;-93.654999
29260152;-93.544418
29262114;-93.432899
29264113;-93.320473
29266118;-93.207130
29268125;-93.092850
29270159;-92.977661
29272114;-92.861542
29274112;-92.744522
29276111;-92.626587
29278121;-92.507729
29280112;-92.387970
29282156;-92.267273
29284139;-92.145691
29286133;-92.023178
29288146;-91.961601
29290133;-91.775475
29292225;-91.650238
29294133;-91.524124
29296131;-91.397079
29298143;-91.269165
29300127;-91.140343
29302130;-91.010597
29304153;-90.879974
29306116;-90.748444
29308129;-90.616020
29310110;-90.482697
29312108;-90.348495
29314159;-90.213409
29316112;-90.077400
29318129;-89.940552
29320111;-89.802773
29322113;-89.664124
29324113;-89.524590
29326150;-89.384155
29328133;-89.242867
29330115;-89.100662
29332111;-88.957611
29334114;-88.813675
29336150;-88.668839
29338126;-88.523155
29340112;-88.376579
29342108;-88.229141
29344112;-88.080818
29346338;-87.931648
29348151;-87.781609
29350134;-87.630676
29352124;-87.478905
29354129;-87.326256
29356133;-87.172760
29358168;-87.018402
29360116;-86.863159
29362111;-86.707092
29364116;-86.550140
29366108;-86.392357
29368165;-86.233696
29370113;-86.074211
29372108;-85.913879
29374106;-85.752670
29376111;-85.590645
29378125;-85.427742
29380157;-85.264030
29382141;-85.099472
29384134;-84.934044
29386137;-84.767807
29388140;-84.600708
29390156;-84.432808
29392119;-84.264030
29394109;-84.094467
29396113;-83.924065
29398125;-83.752808
29400111;-83.580742
29402153;-83.407837
29404120;-83.234131
29406114;-83.059608
29408122;-82.884232
29410116;-82.708069
29412230;-82.531059
29414136;-82.353264
29416132;-82.174629
29418145;-81.995216
29420135;-81.814980
29422129;-81.633919
29424160;-81.452080
29426134;-81.269432
29428152;-81.085983
29430131;-80.901741
29432130;-80.716667
29434155;-80.530823
29436112;-80.344162
29438123;-80.250534
29440111;-79.968475
29442111;-79.779472
29444114;-79.589668
29446156;-79.399063
29448146;-79.207695
29450136;-79.015518
29452130;-78.822586
29454130;-78.628883
29456156;-78.434364
29458127;-78.239113
29460109;-78.043053
29462109;-77.846252
29464111;-77.648659
29466169;-77.450325
29468172;-77.251228
29470133;-77.051338
29472131;-76.850716
29474132;-76.649307
29476134;-76.447174
29478171;-76.244286
29480133;-76.040611
29482136;-75.836220
29484131;-75.631042
29486129;-75.425163
29488235;-75.218521
29490143;-75.011124
29492132;-74.803009
29494130;-74.594131
29496135;-74.384537
29498145;-74.174179
29500149;-73.963127
29502111;-73.751343
29504119;-73.538795
29506112;-73.325554
29508120;-73.111557
29510154;-72.896873
29512108;-72.681473
29514115;-72.465317
29516114;-72.248482
29518127;-72.030899
29520119;-71.812645
29522159;-71.593643
29524133;-71.373962
29526135;-71.153580
29528146;-70.932472
29530130;-70.710686
29532146;-70.488174
29534119;-70.265030
29536108;-70.041168
29538126;-69.928940
29540111;-69.591324
29542158;-69.365349
29544117;-69.138733
29546109;-68.911400
29548118;-68.683418
29550106;-68.454758
29552109;-68.225388
29554157;-67.995377
29556137;-67.764664
29558151;-67.533310
29560133;-67.301300
29562131;-67.068581
29564155;-66.835243
29566111;-66.601204
29568125;-66.366539
29570114;-66.131195
29572108;-65.895233
29574163;-65.658607
29576113;-65.421310
29578121;-65.183403
29580112;-64.944817
29582110;-64.705620
29584110;-64.465782
29586158;-64.225281
29588158;-64.104805
29590132;-63.742405
29592131;-63.500046
29594132;-63.257015
29596161;-63.013405
29598126;-62.769161
29600113;-62.524269
29602115;-62.278801
29604114;-62.032677
29606167;-61.785976
29608170;-61.538666
29610136;-61.290710
29612129;-61.042191
29614133;-60.793030
29616133;-60.543304
29618166;-60.292946
29620115;-60.042030
29622110;-59.790524
29624107;-59.538383
29626113;-59.285694
29628120;-59.032387
29630168;-58.778530
29632142;-58.524097
29634136;-58.269047
29636134;-58.013458
29638150;-57.757259
29640153;-57.500530
29642116;-57.243275
29644110;-56.985371
29646109;-56.726944
29648120;-56.467926
29650158;-56.208385
29652114;-55.948246
29654116;-55.687599
29656114;-55.426399
29658118;-55.164616
29660108;-54.902328
29662155;-54.639454
29664112;-54.376083
29666114;-54.112179
29668124;-53.847694
29670111;-53.582722
29672157;-53.317184
29674115;-53.051155
29676112;-52.784561
29678122;-52.517490
29680117;-52.249901
29682111;-51.981754
29684160;-51.713135
29686136;-51.443966
29688148;-51.174332
29690132;-50.904186
29692134;-50.633503
29694156;-50.362354
29696112;-50.090675
29698117;-49.818539
29700113;-49.545868
29702110;-49.272751
29704110;-48.999153
29706156;-48.725025
29708150;-48.450455
29710132;-48.175369
29712131;-47.899849
29714134;-47.623856
29716146;-47.347351
29718130;-47.070419
29720111;-46.792984
29722115;-46.515125
29724108;-46.236767
29726224;-45.957993
29728155;-45.678772
29730136;-45.399052
29732136;-45.118927
29734130;-44.838314
29736127;-44.557304
29738168;-44.416630
29740115;-43.993916
29742111;-43.711594
29744112;-43.428795
29746113;-43.145615
29748128;-42.861961
29750164;-42.577972
29752138;-42.293518
29754134;-42.008610
29756132;-41.723324
29758145;-41.437584
29760159;-41.151478
29762111;-40.864967
29764109;-40.578011
29766114;-40.290695
29768129;-40.002937
29770157;-39.714832
29772111;-39.426334
29774110;-39.137398
29776112;-38.848125
29778117;-38.558422
29780116;-38.268383
29782160;-37.977924
29784132;-37.687134
29786131;-37.395973
29788143;-37.250210
29790131;-36.812496
29792154;-36.520191
29794110;-36.227570
29796118;-35.934593
29798120;-35.641212
29800108;-35.347527
29802112;-35.053448
29804154;-34.759064
29806130;-34.464298
29808148;-34.169235
29810132;-33.873833
29812130;-33.578053
29814151;-33.281986
29816115;-32.985546
29818128;-32.688828
29820110;-32.391785
29822114;-32.094376
29824113;-31.796694
29826157;-31.498655
29828146;-31.200352
29830136;-30.901695
29832135;-30.602777
29834128;-30.303558
29836232;-30.003994
29838155;-29.704180
29840133;-29.404026
29842136;-29.103630
29844132;-28.802944
29846131;-28.501930
29848164;-28.200680
29850115;-27.899105
29852108;-27.597300
29854113;-27.295177
29856116;-26.992834
29858350;-26.690266
29860147;-26.387346
29862138;-26.084209
29864137;-25.780769
29866132;-25.477119
29868148;-25.173223
29870157;-24.869028
29872132;-24.564634
29874129;-24.259953
29876133;-23.955076
29878141;-23.649920
29880158;-23.344574
29882116;-23.039000
29884119;-22.733150
29886111;-22.427124
29888127;-22.274027
29890229;-21.814363
29892136;-21.507681
29894133;-21.200739
29896132;-20.893637
29898154;-20.586279
29900130;-20.278767
29902150;-19.971006
29904106;-19.663097
29906109;-19.354994
29908122;-19.046650
29910114;-18.738169
29912332;-18.429453
29914138;-18.120604
29916133;-17.811575
29918148;-17.502325
29920132;-17.192945
29922129;-16.883352
29924161;-16.573639
29926110;-16.263714
29928129;-15.953678
29930114;-15.643482
29932116;-15.333086
29934227;-15.022585
29936134;-14.711889
29938144;-14.401094
29940134;-14.090158
29942128;-13.779036
29944131;-13.467825
29946159;-13.156433
29948133;-12.844959
29950112;-12.533358
29952111;-12.221586
29954115;-11.909742
29956106;-11.597732
29958171;-11.285654
29960129;-10.973418
29962127;-10.661121
29964133;-10.348720
29966130;-10.036215
29968169;-9.723612
29970111;-9.410866
29972112;-9.098074
29974109;-8.785192
29976114;-8.472176
29978164;-8.159123
29980113;-7.845943
29982107;-7.532733
29984110;-7.219401
29986111;-6.906045
29988129;-6.592622
29990164;-6.279085
29992142;-5.965534
29994135;-5.651876
29996136;-5.338211
29998147;-5.024493
30000154;-4.710677
30002118;-4.396863
30004114;-4.082958
30006112;-3.769059
30008126;-3.455077
30010324;-3.141107
30012142;-2.827107
30014131;-2.513031
30016130;-2.198978
30018143;-1.884856
30020130;-1.570763
30022157;-1.256654
30024110;-0.942485
30026109;-0.628354
30028126;-0.314170
30030112;0.000000
30032328;0.314159
30034140;0.628314
30036127;0.942464
30038142;1.099535
30040130;1.570732
30042131;1.884844
30044156;2.198937
30046112;2.513010
30048123;2.827056
30050109;3.141076
30052111;3.455064
30054162;3.769018
30056110;4.082935
30058121;4.396812
30060112;4.710645
30062114;5.024432
30064111;5.338169
30066154;5.651853
30068141;5.965482
30070134;6.279051
30072134;6.592560
30074132;6.906002
30076150;7.219377
30078126;7.532680
30080110;7.845909
30082110;8.159060
30084115;8.472132
30086160;8.785120
30088164;9.098021
30090131;9.410830
30092131;9.723549
30094132;10.036171
30096133;10.348695
30098164;10.661115
30100114;10.973431
30102110;11.285637
30104110;11.597733
30106113;11.909716
30108133;12.221580
30110162;12.533322
30112139;12.844942
30114141;13.156436
30116145;13.467797
30118147;13.779028
30120160;14.090122
30122115;14.401078
30124117;14.711891
30126110;15.022558
30128127;15.333078
30130164;15.643446
30132157;15.953660
30134135;16.263714
30136131;16.573612
30138143;16.883343
30140131;17.192907
30142153;17.502306
30144109;17.811527
30146107;18.120577
30148123;18.429445
30150117;18.738131
30152158;19.046633
30154114;19.354946
30156114;19.663071
30158123;19.970997
30160109;20.278728
30162116;20.586262
30164159;20.893587
30166136;21.200710
30168146;21.507624
30170133;21.814323
30172133;22.120808
30174158;22.427074
30176122;22.733122
30178128;23.038942
30180113;23.344534
30182107;23.649900
30184116;23.955029
30186159;24.259922
30188149;24.412279
30190128;24.868988
30192130;25.173155
30194128;25.477072
30196158;25.780737
30198127;26.084152
30200113;26.387304
30202116;26.690197
30204112;26.992828
30206113;27.295193
30208167;27.597290
30210136;27.899107
30212135;28.200657
30214133;28.501928
30216129;28.802910
30218172;29.103617
30220113;29.404032
30222113;29.704157
30224112;30.003988
30226108;30.303526
30228129;30.602762
30230162;30.901697
30232135;31.200329
30234132;31.498650
30236138;31.796661
30238147;32.094360
30240159;32.391743
30242112;32.688801
30244111;32.985538
30246110;33.281952
30248125;33.578037
30250237;33.873787
30252139;34.169209
30254132;34.464294
30256133;34.759029
30258141;35.053429
30260130;35.347485
30262146;35.641186
30264117;35.934536
30266119;36.227535
30268125;36.520176
30270115;36.812454
30272160;37.104370
30274110;37.395920
30276110;37.687099
30278121;37.977905
30280107;38.268341
30282109;38.558399
30284156;38.848072
30286131;39.137363
30288151;39.281864
30290132;39.714787
30292132;40.002911
30294160;40.290646
30296114;40.577976
30298126;40.864906
30300109;41.151436
30302112;41.437557
30304112;41.723270
30306162;42.008572
30308148;42.293461
30310132;42.577927
30312129;42.861973
30314132;43.145603
30316160;43.428806
30318131;43.711575
30320109;43.993916
30322110;44.275822
30324112;44.557289
30326151;44.838318
30328128;45.118908
30330105;45.399048
30332109;45.678741
30334112;45.957985
30336111;46.236774
30338169;46.375996
30340128;46.792980
30342129;47.070389
30344134;47.347336
30346133;47.623817
30348170;47.899826
30350116;48.175365
30352113;48.450424
30354109;48.725014
30356109;48.999115
30358127;49.272736
30360164;49.545868
30362142;49.818508
30364141;50.090660
30366138;50.362320
30368148;50.633476
30370161;50.904137
30372116;51.174294
30374114;51.443951
30376109;51.713097
30378126;51.981728
30380110;52.249855
30382157;52.517464
30384132;52.784550
30386129;53.051121
30388148;53.317158
30390129;53.582676
30392162;53.847664
30394114;54.112125
30396114;54.376041
30398117;54.639435
30400112;54.902279
30402117;55.164581
30404154;55.426346
30406133;55.687557
30408150;55.948223
30410133;56.208336
30412131;56.467896
30414286;56.726891
30416134;56.985329
30418154;57.243210
30420132;57.500523
30422133;57.757271
30424135;58.013447
30426160;58.269047
30428147;58.524071
30430134;58.778526
30432131;59.032394
30434133;59.285683
30436162;59.538383
30438131;59.790497
30440116;60.042023
30442110;60.292953
30444116;60.543285
30446110;60.793026
30448171;61.042168
30450129;61.290707
30452126;61.538635
30454133;61.785961
30456133;62.032669
30458167;62.278770
30460112;62.524265
30462114;62.769135
30464114;63.013386
30466111;63.257015
30468123;63.500015
30470166;63.621284
30472134;63.984142
30474135;64.225266
30476137;64.465744
30478147;64.705597
30480156;64.944801
30482113;65.183365
30484112;65.421295
30486107;65.658569
30488122;65.776978
30490110;66.131187
30492157;66.366508
30494132;66.601189
30496132;66.835197
30498152;67.068550
30500132;67.301247
30502162;67.533279
30504132;67.764648
30506133;67.995331
30508146;68.225357
30510132;68.454704
30512159;68.683380
30514116;68.911377
30516112;69.138695
30518128;69.365326
30520110;69.591278
30522120;69.816536
30524149;70.041107
30526114;70.264992
30528127;70.488182
30530115;70.710678
30532113;70.932472
30534244;71.153572
30536131;71.373955
30538146;71.483887
30540134;71.812630
30542134;72.030899
30544131;72.248459
30546156;72.465309
30548152;72.681450
30550129;72.896866
30552132;73.111557
30554132;73.325539
30556156;73.538788
30558129;73.751320
30560111;73.963112
30562108;74.174179
30564117;74.384514
30566113;74.594116
30568168;74.802986
30570139;75.011108
30572129;75.218498
30574129;75.425140
30576129;75.631042
30578167;75.836197
30580113;76.040596
30582112;76.244255
30584108;76.447151
30586116;76.649300
30588135;76.850693
30590163;77.051323
30592137;77.251198
30594137;77.450302
30596133;77.648651
30598152;77.846230
30600155;78.043045
30602124;78.239082
30604110;78.434349
30606110;78.628838
30608122;78.822556
30610117;79.015503
30612158;79.207657
30614134;79.399040
30616132;79.589638
30618143;79.779442
30620130;79.968468
30622158;80.156693
30624113;80.344131
30626113;80.530785
30628128;80.716637
30630109;80.901695
30632113;81.085953
30634157;81.269417
30636138;81.452065
30638144;81.543091
30640135;81.814972
30642129;81.995209
30644155;82.174637
30646111;82.353249
30648122;82.531059
30650111;82.708054
30652118;82.884232
30654162;83.059586
30656157;83.234123
30658152;83.407837
30660130;83.580734
30662134;83.752800
30664132;83.924042
30666156;84.094452
30668132;84.264038
30670112;84.432785
30672111;84.600708
30674112;84.767792
30676167;84.934029
30678170;85.099449
30680133;85.264008
30682126;85.427734
30684131;85.590622
30686131;85.752663
30688170;85.913857
30690114;86.074203
30692116;86.233688
30694117;86.392334
30696110;86.550125
30698174;86.707062
30700162;86.863152
30702141;87.018372
30704137;87.172737
30706133;87.326241
30708146;87.478882
30710157;87.630669
30712109;87.781578
30714111;87.931625
30716111;88.080803
30718123;88.229111
30720111;88.376549
30722162;88.523125
30724133;88.668823
30726132;88.813637
30728150;88.957581
30730137;89.100647
30732158;89.242828
30734116;89.384140
30736117;89.524559
30738122;89.664093
30740109;89.802757
30742160;89.940521
30744114;90.077400
30746111;90.213387
30748119;90.348495
30750108;90.482697
30752113;90.616020
30754159;90.748444
30756132;90.879967
30758147;91.010597
30760130;91.140327
30762135;91.269150
30764156;91.397087
30766112;91.524117
30768123;91.650238
30770111;91.775467
30772112;91.899780
30774112;92.023178
30776163;92.145683
30778148;92.267273
30780131;92.387947
30782131;92.507721
30784131;92.626572
30786161;92.744514
30788127;92.803139
30790115;92.977646
30792109;93.092834
30794112;93.207108
30796107;93.320465
30798174;93.432892
30800135;93.544403
30802130;93.654991
30804130;93.764648
30806131;93.873383
30808166;93.981194
30810115;94.088074
30812113;94.194031
30814109;94.299057
30816113;94.403145
30818175;94.506310
30820163;94.608536
30822142;94.709831
30824137;94.810196
30826136;94.909615
30828149;95.008102
30830160;95.105652
30832114;95.202271
30834111;95.297935
30836110;95.392670
30838129;95.486458
30840169;95.579300
30842156;95.671204
30844128;95.762169
30846130;95.852180
30848147;95.941254
30850134;96.029373
30852160;96.116547
30854129;96.202766
30856132;96.288040
30858141;96.372368
30860138;96.455742
30862160;96.538162
30864119;96.619637
30866111;96.700150
30868120;96.779709
30870115;96.858315
30872115;96.935966
30874160;97.012665
30876131;97.088394
30878150;97.163177
30880129;97.236992
30882131;97.309853
30884160;97.381752
30886110;97.452690
30888125;97.522667
30890111;97.591682
30892108;97.659721
30894164;97.726814
30896117;97.792938
30898130;97.858086
30900115;97.922287
30902114;97.985504
30904114;98.047760
30906155;98.109055
30908152;98.169373
30910133;98.228722
30912128;98.287109
30914131;98.344521
30916161;98.400963
30918130;98.456436
30920109;98.510933
30922111;98.564461
30924112;98.617020
30926116;98.668602
30928160;98.719200
30930133;98.768837
30932127;98.817490
30934131;98.865173
30936127;98.911880
30938158;98.934868
30940111;99.002365
30942111;99.046143
30944112;99.088943
30946114;99.130760
30948355;99.171608
30950149;99.211472
30952137;99.250359
30954135;99.288261
30956132;99.325188
30958146;99.361130
30960158;99.396095
30962117;99.430077
30964111;99.463081
30966115;99.495102
30968119;99.526146
30970157;99.556198
30972114;99.585274
30974108;99.613365
30976115;99.640472
30978119;99.666595
30980111;99.691734
30982158;99.715889
30984140;99.739059
30986139;99.761253
30988148;99.782455
30990135;99.802673
30992158;99.821907
30994117;99.840149
30996117;99.857422
30998125;99.873695
31000110;99.888985
31002115;99.903290
31004154;99.916611
31006134;99.928947
31008148;99.940292
31010132;99.950653
31012129;99.960030
31014164;99.968422
31016112;99.975815
31018128;99.982239
31020110;99.987663
31022112;99.992104
31024113;99.995560
31026156;99.998024
31028130;99.999504
31030108;100.000000
31032107;99.999504
31034110;99.998024
31036156;99.995560
31038125;99.993958
31040112;99.987663
31042114;99.982239
31044111;99.975815
31046109;99.968422
31048173;99.960030
31050135;99.950661
31052130;99.940292
31054131;99.928947
31056127;99.916611
31058254;99.903290
31060138;99.888985
31062130;99.873695
31064128;99.857422
31066129;99.840157
31068142;99.821907
31070157;99.802673
31072128;99.782455
31074131;99.761253
31076129;99.739059
31078152;99.715889
31080160;99.691734
31082114;99.666595
31084113;99.640472
31086112;99.613365
31088127;99.599442
31090116;99.556198
31092160;99.526146
31094132;99.495102
31096134;99.463081
31098143;99.430077
31100130;99.396095
31102157;99.361130
31104115;99.325188
31106115;99.288261
31108123;99.250359
31110118;99.211472
31112112;99.171608
31114154;99.130768
31116133;99.088943
31118144;99.046150
31120136;99.002365
31122130;98.957619
31124158;98.911888
31126114;98.865173
31128121;98.817497
31130108;98.768837
31132112;98.719200
31134332;98.668602
31136142;98.617020
31138147;98.564461
31140134;98.510933
31142130;98.456436
31144130;98.400970
31146157;98.344521
31148130;98.287109
31150116;98.228729
31152107;98.169380
31154116;98.109055
31156161;98.047768
31158135;97.985512
31160107;97.922287
31162111;97.858093
31164116;97.792938
31166116;97.726814
31168164;97.659729
31170113;97.591682
31172112;97.522667
31174112;97.452690
31176109;97.381760
31178244;97.309860
31180143;97.237000
31182132;97.163185
31184132;97.088402
31186127;97.012665
31188139;96.935974
31190156;96.858322
31192130;96.779716
31194128;96.700157
31196130;96.619637
31198147;96.538170
31200238;96.455750
31202137;96.372375
31204134;96.288048
31206132;96.202774
31208149;96.116547
31210132;96.029373
31212153;95.941254
31214113;95.852188
31216109;95.762169
31218130;95.671211
31220118;95.579308
31222165;95.486458
31224154;95.392670
31226135;95.297935
31228147;95.202271
31230130;95.105659
31232128;95.008110
31234157;94.909622
31236137;94.810196
31238143;94.760132
31240135;94.608536
31242129;94.506317
31244242;94.403152
31246136;94.299057
31248153;94.194038
31250132;94.088081
31252125;93.981201
31254125;93.873390
31256150;93.764648
31258128;93.654999
31260113;93.544411
31262118;93.432907
31264115;93.320465
31266163;93.207123
31268131;93.092850
31270108;92.977646
31272112;92.861542
31274113;92.744514
31276113;92.626579
31278175;92.507729
31280134;92.387955
31282130;92.267273
31284130;92.145691
31286131;92.023193
31288171;91.961601
31290120;91.775475
31292113;91.650246
31294109;91.524117
31296116;91.397095
31298178;91.269157
31300164;91.140327
31302137;91.010597
31304136;90.879974
31306137;90.748444
31308149;90.616020
31310160;90.482712
31312114;90.348503
31314110;90.213394
31316113;90.077415
31318125;89.940529
31320108;89.802765
31322159;89.664108
31324131;89.524567
31326130;89.384140
31328140;89.242844
31330129;89.100662
31332149;88.957588
31334115;88.813644
31336109;88.668823
31338123;88.523125
31340112;88.376564
31342113;88.229126
31344159;88.080811
31346132;87.931625
31348147;87.781578
31350131;87.630661
31352134;87.478897
31354155;87.326256
31356108;87.172745
31358121;87.018379
31360112;86.863152
31362112;86.707069
31364159;86.550140
31366160;86.392349
31368149;86.233696
31370132;86.074203
31372130;85.913857
31374137;85.752663
31376162;85.590630
31378129;85.427750
31380116;85.264015
31382116;85.099449
31384118;84.934029
31386155;84.767799
31388123;84.684357
31390114;84.432793
31392112;84.264038
31394109;84.094452
31396113;83.924034
31398167;83.752808
31400135;83.580734
31402132;83.407845
31404129;83.234116
31406132;83.059601
31408168;82.884232
31410113;82.708069
31412115;82.531075
31414110;82.353271
31416114;82.174644
31418124;81.995216
31420168;81.814972
31422139;81.633934
31424138;81.452087
31426132;81.269424
31428153;81.085960
31430150;80.901703
31432141;80.716637
31434135;80.530800
31436135;80.344147
31438145;80.156700
31440131;79.968468
31442159;79.779449
31444135;79.589630
31446129;79.399048
31448147;79.207664
31450135;79.015503
31452157;78.822556
31454113;78.628838
31456108;78.434341
31458122;78.239082
31460111;78.043053
31462115;77.846237
31464156;77.648666
31466135;77.450310
31468152;77.251205
31470128;77.051338
31472130;77.051338
31474158;76.649315
31476114;76.447166
31478125;76.244263
31480117;76.040604
31482109;75.836205
31484170;75.631050
31486159;75.425148
31488153;75.218498
31490131;75.011108
31492129;74.802986
31494131;74.594131
31496159;74.384521
31498125;74.174179
31500110;73.963112
31502111;73.751305
31504115;73.538780
31506158;73.325546
31508134;73.111565
31510112;72.896866
31512109;72.681442
31514112;72.465324
31516109;72.248474
31518167;72.030922
31520137;71.812645
31522127;71.593658
31524133;71.373962
31526128;71.153572
31528161;70.932480
31530117;70.710686
31532113;70.488205
31534111;70.265007
31536113;70.041122
31538132;69.928932
31540162;69.591293
31542137;69.365349
31544137;69.138702
31546130;68.911385
31548153;68.683395
31550162;68.454712
31552111;68.225380
31554110;67.995354
31556110;67.764648
31558124;67.533287
31560114;67.301247
31562158;67.068550
31564134;66.835213
31566131;66.601196
31568147;66.366539
31570129;66.131203
31572155;65.895226
31574110;65.658585
31576113;65.421318
31578122;65.183395
31580115;64.944824
31582111;64.705612
31584160;64.465759
31586133;64.225273
31588149;63.984169
31590131;63.742416
31592131;63.500034
31594148;63.257027
31596113;63.013393
31598121;62.769138
31600109;62.524284
31602112;62.278790
31604166;62.032688
31606154;61.785965
31608147;61.538635
31610127;61.290707
31612130;61.042183
31614130;60.793037
31616154;60.543293
31618128;60.292953
31620116;60.042034
31622113;59.790508
31624110;59.538414
31626160;59.285706
31628136;59.032417
31630110;58.778542
31632111;58.524086
31634109;58.269054
31636114;58.013470
31638178;57.757290
31640132;57.500542
31642134;57.243221
31644127;56.985344
31646131;56.726898
31648165;56.467915
31650113;56.208355
31652107;55.948238
31654105;55.687569
31656110;55.426353
31658125;55.164589
31660167;54.902298
31662139;54.639446
31664137;54.376053
31666139;54.112125
31668155;53.847664
31670156;53.582676
31672117;53.317173
31674110;53.051144
31676110;52.784573
31678130;52.517479
31680164;52.249874
31682113;51.981766
31684109;51.713127
31686112;51.443977
31688120;51.309196
31690116;50.904156
31692159;50.633492
31694140;50.362350
31696133;50.090683
31698144;49.818527
31700131;49.545879
31702237;49.272743
31704135;48.999119
31706132;48.725033
31708149;48.450447
31710131;48.175381
31712129;47.899837
31714148;47.623821
31716116;47.347336
31718125;47.070408
31720115;46.792992
31722113;46.515114
31724165;46.236778
31726158;45.957981
31728152;45.678757
31730128;45.399082
31732130;45.118935
31734132;44.838341
31736158;44.557308
31738133;44.275837
31740112;43.993927
31742116;43.711601
31744108;43.428825
31746114;43.145622
31748166;42.861992
31750134;42.577938
31752127;42.293461
31754125;42.008595
31756132;41.723286
31758169;41.437569
31760118;41.151443
31762118;40.864910
31764115;40.577976
31766114;40.290661
31768240;40.002926
31770136;39.714794
31772131;39.426277
31774134;39.137363
31776129;38.848068
31778145;38.558411
31780161;38.268349
31782133;37.977936
31784128;37.687119
31786132;37.395935
31788145;37.250214
31790161;36.812485
31792112;36.520203
31794114;36.227558
31796114;35.934555
31798120;35.641201
31800113;35.347488
31802161;35.053455
31804136;34.759052
31806133;34.464306
31808150;34.169220
31810128;33.873795
31812149;33.578037
31814118;33.281975
31816108;32.985558
31818122;32.688812
31820116;32.391747
31822232;32.094360
31824139;31.796658
31826134;31.498665
31828143;31.200336
31830133;30.901703
31832131;30.602762
31834153;30.303522
31836140;30.004025
31838154;29.854134
31840131;29.404058
31842133;29.103638
31844154;28.802931
31846112;28.501940
31848125;28.200689
31850113;27.899137
31852113;27.597309
31854108;27.295212
31856155;26.992840
31858150;26.690207
31860133;26.387331
31862131;26.084169
31864133;25.780756
31866162;25.477085
31868129;25.173161
31870117;24.868990
31872111;24.564596
31874109;24.259939
31876237;23.955040
31878147;23.649906
31880133;23.344538
31882130;23.038939
31884132;22.733135
31886130;22.427086
31888167;22.120813
31890114;21.814348
31892116;21.507641
31894115;21.200726
31896114;20.893621
31898128;20.586288
31900160;20.278751
31902136;19.971016
31904134;19.663082
31906138;19.354956
31908149;19.046659
31910158;18.738153
31912112;18.429462
31914108;18.120588
31916109;17.811537
31918129;17.502310
31920166;17.192932
31922159;16.883362
31924135;16.573624
31926130;16.263723
31928147;15.953663
31930128;15.643445
31932151;15.333096
31934113;15.022570
31936110;14.711897
31938122;14.401080
31940109;14.090120
31942158;13.779022
31944112;13.467834
31946111;13.156466
31948122;12.844968
31950110;12.533342
31952109;12.221595
31954158;11.909726
31956137;11.597764
31958151;11.285663
31960131;10.973451
31962130;10.661130
31964158;10.348703
31966116;10.036177
31968122;9.723573
31970106;9.410850
31972111;9.098034
31974108;8.785129
31976155;8.472136
31978148;8.159060
31980130;7.845928
31982134;7.532693
31984133;7.219385
31986161;6.906006
31988127;6.749302
31990116;6.279069
31992113;5.965495
31994115;5.651861
31996109;5.338172
31998172;5.024454
32000137;4.710662
32002128;4.396848
32004134;4.082967
32006130;3.769045
32008168;3.455086
32010109;3.141093
32012112;2.827068
32014114;2.513040
32016116;2.198963
32018132;1.884865
32020164;1.570747
32022138;1.256615
32024135;0.942470
32026136;0.628339
32028147;0.314179
32030157;0.000015
32032112;-0.314149
32034110;-0.628309
32036111;-0.942463
32038128;-1.099525
32040111;-1.570717
32042157;-1.884835
32044135;-2.198933
32046133;-2.513010
32048149;-2.827062
32050131;-3.141062
32052154;-3.455031
32054109;-3.768990
32056113;-4.082912
32058119;-4.396794
32060113;-4.710632
32062157;-5.024400
32064115;-5.338142
32066113;-5.651831
32068124;-5.965465
32070112;-6.279039
32072111;-6.592552
32074160;-6.905976
32076135;-7.219356
32078147;-7.532664
32080134;-7.845898
32082128;-8.159054
32084160;-8.472131
32086117;-8.785099
32088116;-9.098004
32090109;-9.410820
32092117;-9.723543
32094111;-10.036171
32096158;-10.348699
32098143;-10.661099
32100132;-10.973421
32102131;-11.285633
32104129;-11.597733
32106157;-11.909697
32108121;-12.221565
32110110;-12.533291
32112110;-12.844914
32114110;-13.156412
32116114;-13.467780
32118167;-13.779016
32120137;-14.090115
32122130;-14.401050
32124131;-14.711868
32126133;-15.022542
32128163;-15.333065
32130113;-15.643438
32132115;-15.953633
32134110;-16.263695
32136110;-16.573595
32138235;-16.728497
32140138;-17.192902
32142130;-17.502304
32144134;-17.811506
32146131;-18.120560
32148155;-18.429432
32150148;-18.738123
32152121;-19.046631
32154116;-19.354950
32156113;-19.663054
32158119;-19.970985
32160234;-20.278700
32162136;-20.586235
32164130;-20.893570
32166128;-21.200695
32168146;-21.507589
32170132;-21.814295
32172158;-22.120785
32174136;-22.427057
32176131;-22.733107
32178148;-23.038933
32180128;-23.344507
32182162;-23.649876
32184109;-23.955011
32186110;-24.259909
32188129;-24.564569
32190111;-24.868984
32192112;-25.173134
32194159;-25.477055
32196134;-25.780725
32198147;-26.084143
32200128;-26.387300
32202132;-26.690201
32204260;-26.992813
32206140;-27.295181
32208152;-27.597281
32210131;-27.899107
32212134;-28.200659
32214131;-28.501909
32216156;-28.802877
32218147;-29.103586
32220130;-29.404009
32222136;-29.704138
32224124;-30.003973
32226153;-30.303516
32228128;-30.602736
32230110;-30.901674
32232115;-31.200310
32234111;-31.498638
32236112;-31.796652
32238167;-32.094357
32240131;-32.391720
32242132;-32.688786
32244128;-32.985527
32246135;-33.281944
32248170;-33.578033
32250116;-33.873791
32252114;-34.169189
32254111;-34.464279
32256112;-34.759026
32258124;-35.053425
32260162;-35.347485
32262138;-35.641193
32264138;-35.934525
32266139;-36.227528
32268150;-36.520149
32270162;-36.812435
32272117;-37.104355
32274111;-37.395885
32276108;-37.687073
32278128;-37.977882
32280113;-38.268322
32282158;-38.558380
32284137;-38.848064
32286132;-39.137337
32288144;-39.281853
32290130;-39.714767
32292158;-40.002899
32294108;-40.290634
32296106;-40.577969
32298127;-40.864883
32300108;-41.151417
32302107;-41.437542
32304156;-41.723259
32306132;-42.008568
32308147;-42.293461
32310130;-42.577911
32312128;-42.861965
32314159;-43.145596
32316115;-43.428799
32318127;-43.711575
32320108;-43.993919
32322118;-44.275787
32324110;-44.557262
32326154;-44.838295
32328148;-45.118885
32330132;-45.399033
32332128;-45.678730
32334132;-45.957954
32336160;-46.236752
32338123;-46.515087
32340111;-46.792965
32342111;-47.070381
32344112;-47.347332
32346111;-47.623795
32348168;-47.899811
32350136;-48.175350
32352135;-48.450413
32354131;-48.725002
32356127;-48.999111
32358166;-49.272713
32360118;-49.545849
32362116;-49.818497
32364114;-50.090652
32366112;-50.362312
32368126;-50.633476
32370166;-50.904125
32372137;-51.174290
32374142;-51.443947
32376132;-51.713074
32378149;-51.981712
32380161;-52.249836
32382113;-52.517433
32384113;-52.784519
32386112;-53.051098
32388118;-53.317142
32390171;-53.582661
32392162;-53.847660
32394136;-54.112095
32396131;-54.376022
32398145;-54.639416
32400134;-54.902267
32402155;-55.164574
32404135;-55.426342
32406129;-55.687542
32408143;-55.948212
32410127;-56.208324
32412156;-56.467884
32414114;-56.726891
32416109;-56.985329
32418122;-57.243191
32420115;-57.500511
32422111;-57.757259
32424154;-58.013439
32426137;-58.269047
32428146;-58.524078
32430133;-58.778496
32432136;-59.032368
32434157;-59.285660
32436114;-59.538364
32438125;-59.664490
32440112;-60.041992
32442111;-60.292923
32444238;-60.543270
32446140;-60.793011
32448155;-61.042152
32450135;-61.290695
32452134;-61.538612
32454130;-61.785934
32456156;-62.032658
32458132;-62.278767
32460111;-62.524254
32462111;-62.769127
32464110;-63.013363
32466113;-63.256996
32468176;-63.500004
32470135;-63.742386
32472134;-63.863338
32474130;-64.225266
32476128;-64.465729
32478165;-64.705582
32480116;-64.944801
32482113;-65.183365
32484114;-65.421280
32486120;-65.658554
32488129;-65.895172
32490167;-66.131157
32492140;-66.366493
32494135;-66.601166
32496135;-66.835190
32498148;-67.068550
32500153;-67.301224
32502120;-67.533264
32504113;-67.764626
32506115;-67.995323
32508117;-68.225349
32510161;-68.454704
32512109;-68.683365
32514107;-68.911362
32516111;-69.138680
32518130;-69.365326
32520111;-69.591270
32522161;-69.816536
32524138;-70.041100
32526134;-70.264984
32528142;-70.488174
32530134;-70.710670
32532151;-70.932472
32534111;-71.153572
32536112;-71.373947
32538118;-71.483871
32540112;-71.812607
32542118;-72.030884
32544158;-72.248444
32546141;-72.465302
32548143;-72.681419
32550131;-72.896843
32552130;-73.111549
32554162;-73.325523
32556114;-73.538780
32558127;-73.751305
32560116;-73.963097
32562109;-74.174164
32564111;-74.384499
32566162;-74.594101
32568148;-74.802979
32570132;-75.011101
32572131;-75.218483
32574128;-75.425125
32576157;-75.631035
32578127;-75.836189
32580110;-76.040581
32582111;-76.244255
32584109;-76.447144
32586111;-76.649307
32588165;-76.750092
32590139;-77.051308
32592134;-77.251175
32594132;-77.450302
32596132;-77.648628
32598167;-77.846230
32600117;-78.043022
32602115;-78.239052
32604116;-78.434334
32606109;-78.628822
32608125;-78.822556
32610166;-79.015488
32612145;-79.207634
32614135;-79.399033
32616140;-79.589615
32618154;-79.779442
32620158;-79.968452
32622113;-80.156693
32624110;-80.344131
32626110;-80.530762
32628126;-80.716637
32630240;-80.901680
32632136;-81.085953
32634132;-81.269409
32636132;-81.452049
32638152;-81.633919
32640131;-81.814957
32642155;-81.995216
32644113;-82.174629
32646107;-82.353264
32648132;-82.531059
32650110;-82.708046
32652111;-82.884232
32654160;-83.059578
32656139;-83.234131
32658147;-83.407837
32660132;-83.580719
32662133;-83.752808
32664156;-83.924034
32666115;-84.094467
32668126;-84.264030
32670111;-84.432808
32672107;-84.600685
32674113;-84.767761
32676154;-84.934021
32678154;-85.099419
32680133;-85.264000
32682130;-85.427719
32684132;-85.590591
32686160;-85.752647
32688121;-85.913834
32690110;-86.074188
32692112;-86.233673
32694113;-86.392334
32696115;-86.550117
32698169;-86.707047
32700140;-86.863136
32702137;-87.018356
32704130;-87.172737
32706131;-87.326225
32708166;-87.478867
32710117;-87.630653
32712111;-87.781563
32714117;-87.931618
32716118;-88.080795
32718344;-88.229118
32720144;-88.376549
32722138;-88.523109
32724135;-88.668816
32726135;-88.813629
32728148;-88.957581
32730158;-89.100639
32732120;-89.242813
32734112;-89.384140
32736113;-89.524551
32738118;-89.594421
32740159;-89.802750
32742111;-89.940506
32744112;-90.077400
32746115;-90.213379
32748125;-90.348495
32750111;-90.482697
32752161;-90.616020
32754131;-90.748444
32756135;-90.879959
32758147;-91.010597
32760132;-91.140320
32762162;-91.269165
32764114;-91.397079
32766113;-91.524109
32768124;-91.650238
32770106;-91.775452
32772111;-91.899780
32774160;-92.023178
32776134;-92.145691
32778141;-92.267273
32780131;-92.387924
32782135;-92.507706
32784160;-92.626556
32786111;-92.744507
32788128;-92.803131
32790111;-92.977623
32792117;-93.092827
32794114;-93.207092
32796157;-93.320450
32798150;-93.432877
32800134;-93.544403
32802131;-93.654976
32804127;-93.764633
32806160;-93.873383
32808125;-93.981186
32810118;-94.088074
32812116;-94.194016
32814111;-94.299034
32816116;-94.403145
32818173;-94.506294
32820131;-94.608536
32822128;-94.709824
32824130;-94.810196
32826134;-94.909607
32828162;-95.008095
32830117;-95.105652
32832113;-95.202255
32834112;-95.297935
32836113;-95.392662
32838166;-95.486443
32840116;-95.579300
32842110;-95.671204
32844112;-95.762169
32846112;-95.852180
32848129;-95.941254
32850170;-96.029373
32852140;-96.116539
32854134;-96.202766
32856139;-96.288040
32858151;-96.372375
32860160;-96.455742
32862115;-96.538162
32864112;-96.619637
32866113;-96.700150
32868124;-96.779716
32870109;-96.858315
32872161;-96.935974
32874135;-97.012665
32876131;-97.088394
32878139;-97.163177
32880134;-97.236992
32882163;-97.309860
32884135;-97.381752
32886132;-97.452690
32888142;-97.487793
32890137;-97.591667
32892155;-97.659721
32894111;-97.726807
32896105;-97.792923
32898127;-97.858086
32900111;-97.922272
32902115;-97.985497
32904155;-98.047760
32906116;-98.109047
32908125;-98.169365
32910115;-98.228714
32912116;-98.287109
32914155;-98.344513
32916116;-98.400963
32918124;-98.456429
32920108;-98.510925
32922111;-98.564461
32924114;-98.617012
32926154;-98.668594
32928124;-98.719200
32930113;-98.768837
32932114;-98.817490
32934108;-98.865166
32936157;-98.911880
32938129;-98.957611
32940112;-99.002365
32942112;-99.046143
32944115;-99.088936
32946111;-99.130760
32948163;-99.171600
32950115;-99.211472
32952108;-99.250351
32954107;-99.288261
32956110;-99.325188
32958127;-99.361130
32960158;-99.396095
32962137;-99.430077
32964139;-99.463081
32966137;-99.495102
32968153;-99.526138
32970154;-99.556198
32972115;-99.585274
32974114;-99.613365
32976111;-99.640472
32978126;-99.666595
32980114;-99.691734
32982161;-99.715889
32984136;-99.739059
32986139;-99.761246
32988145;-99.782455
32990135;-99.802673
32992163;-99.821907
32994113;-99.840157
32996112;-99.857414
32998126;-99.873695
33000115;-99.888985
33002111;-99.903290
33004155;-99.916611
33006134;-99.928947
33008149;-99.940292
33010135;-99.950653
33012133;-99.960030
33014159;-99.968414
33016109;-99.975815
33018123;-99.982231
33020112;-99.987663
33022112;-99.992104
33024111;-99.995560
33026158;-99.998024
33028157;-99.999504
33030133;-100.000000
33032132;-99.999504
33034131;-99.998024
33036160;-99.995560
33038125;-99.993958
33040112;-99.987663
33042110;-99.982239
33044108;-99.975815
33046110;-99.968422
33048175;-99.960030
33050136;-99.950661
33052134;-99.940292
33054128;-99.928955
33056131;-99.916611
33058169;-99.903297
33060116;-99.888985
33062115;-99.873695
33064113;-99.857422
33066112;-99.840157
33068178;-99.821907
33070160;-99.802673
33072135;-99.782455
33074139;-99.761253
33076143;-99.739059
33078150;-99.715897
33080159;-99.691734
33082118;-99.666595
33084108;-99.640472
33086112;-99.613365
33088122;-99.585274
33090114;-99.556198
33092157;-99.526146
33094139;-99.495102
33096133;-99.463081
33098147;-99.430084
33100131;-99.396095
33102159;-99.361130
33104122;-99.325195
33106113;-99.288269
33108121;-99.250359
33110110;-99.211479
33112249;-99.171616
33114134;-99.130768
33116135;-99.088951
33118146;-99.046150
33120131;-99.002373
33122130;-98.957619
33124164;-98.911888
33126134;-98.865181
33128148;-98.817497
33130133;-98.768845
33132133;-98.719200
33134162;-98.668602
33136115;-98.617020
33138121;-98.564461
33140115;-98.510941
33142111;-98.456436
33144241;-98.400970
33146140;-98.344528
33148147;-98.287109
33150129;-98.228737
33152130;-98.169373
33154130;-98.109062
33156159;-98.047760
33158122;-97.985512
33160112;-97.922287
33162111;-97.858093
33164110;-97.792938
33166251;-97.726814
33168154;-97.659729
33170139;-97.591690
33172134;-97.522667
33174131;-97.452698
33176133;-97.381752
33178178;-97.309860
33180131;-97.236992
33182133;-97.163177
33184132;-97.088402
33186134;-97.012665
33188165;-96.974442
33190110;-96.858315
33192110;-96.779716
33194110;-96.700165
33196112;-96.619637
33198122;-96.538177
33200161;-96.455742
33202137;-96.372375
33204133;-96.288055
33206136;-96.202766
33208148;-96.116547
33210161;-96.029381
33212115;-95.941261
33214115;-95.852188
33216112;-95.762184
33218119;-95.671227
33220115;-95.579315
33222159;-95.486473
33224140;-95.392677
33226134;-95.297951
33228150;-95.202286
33230134;-95.105667
33232153;-95.008125
33234116;-94.909630
33236112;-94.810204
33238135;-94.709839
33240109;-94.608551
33242113;-94.506332
33244155;-94.403160
33246133;-94.299072
33248143;-94.194038
33250132;-94.088089
33252133;-93.981209
33254161;-93.873390
33256116;-93.764671
33258131;-93.654999
33260111;-93.544418
33262111;-93.432899
33264109;-93.320473
33266156;-93.207130
33268153;-93.092850
33270130;-92.977661
33272134;-92.861542
33274130;-92.744522
33276159;-92.626587
33278121;-92.507729
33280112;-92.387970
33282113;-92.267273
33284116;-92.145691
33286156;-92.023178
33288120;-91.961601
33290111;-91.775475
33292110;-91.650238
33294120;-91.524124
33296120;-91.397079
33298169;-91.269165
33300141;-91.140343
33302132;-91.010597
33304134;-90.879974
33306136;-90.748444
33308167;-90.616020
33310116;-90.482697
33312114;-90.348495
33314114;-90.213409
33316106;-90.077400
33318165;-89.940552
33320115;-89.802773
33322116;-89.664124
33324115;-89.524590
33326109;-89.384155
33328114;-89.242867
33330163;-89.100662
33332139;-88.957611
33334131;-88.813675
33336137;-88.668839
33338142;-88.596107
33340164;-88.376579
33342113;-88.229141
33344111;-88.080818
33346114;-87.931648
33348131;-87.781609
33350247;-87.630676
33352141;-87.478905
33354131;-87.326256
33356133;-87.172760
33358140;-87.018402
33360132;-86.863159
33362159;-86.707092
33364133;-86.550140
33366132;-86.392357
33368151;-86.233696
33370134;-86.074211
33372160;-85.913879
33374112;-85.752670
33376110;-85.590645
33378121;-85.427742
33380110;-85.264030
33382110;-85.099472
33384158;-84.934044
33386137;-84.767807
33388150;-84.600708
33390131;-84.432808
33392131;-84.264030
33394159;-84.094467
33396116;-83.924065
33398126;-83.752808
33400112;-83.580742
33402108;-83.407837
33404163;-83.234131
33406157;-83.059608
33408144;-82.884232
33410132;-82.708069
33412133;-82.531059
33414134;-82.353264
33416149;-82.174629
33418126;-81.995216
33420113;-81.814980
33422117;-81.633919
33424110;-81.452080
33426161;-81.269432
33428129;-81.085983
33430109;-80.901741
33432113;-80.716667
33434113;-80.530823
33436113;-80.344162
33438172;-80.156731
33440131;-79.968475
33442130;-79.779472
33444131;-79.589668
33446129;-79.399063
33448164;-79.207695
33450110;-79.015518
33452107;-78.822586
33454111;-78.628883
33456111;-78.434364
33458122;-78.239113
33460161;-78.043053
33462119;-77.846252
33464117;-77.648659
33466123;-77.450325
33468119;-77.251228
33470156;-77.051338
33472111;-76.850716
33474124;-76.649307
33476112;-76.447174
33478118;-76.244286
33480113;-76.040611
33482160;-75.836220
33484134;-75.631042
33486135;-75.425163
33488145;-75.321938
33490132;-75.011124
33492159;-74.803009
33494115;-74.594131
33496117;-74.384537
33498122;-74.174179
33500108;-73.963127
33502111;-73.751343
33504158;-73.538795
33506143;-73.325554
33508148;-73.111557
33510127;-72.896873
33512132;-72.681473
33514153;-72.465317
33516117;-72.248482
33518121;-72.030899
33520110;-71.812645
33522113;-71.593643
33524110;-71.373962
33526158;-71.153580
33528156;-70.932472
33530136;-70.710686
33532135;-70.488174
33534130;-70.265030
33536156;-70.041168
33538136;-69.928940
33540116;-69.591324
33542111;-69.365349
33544114;-69.138733
33546161;-68.911400
33548127;-68.683418
33550115;-68.454758
33552113;-68.225388
33554112;-67.995377
33556114;-67.764664
33558163;-67.533310
33560113;-67.301300
33562111;-67.068581
33564112;-66.835243
33566115;-66.601204
33568169;-66.366539
33570112;-66.131195
33572111;-65.895233
33574107;-65.658607
33576110;-65.421310
33578128;-65.183403
33580165;-64.944817
33582145;-64.705620
33584137;-64.465782
33586136;-64.225281
33588147;-63.984180
33590160;-63.742405
33592114;-63.500046
33594111;-63.257015
33596113;-63.013405
33598119;-62.769161
33600109;-62.524269
33602157;-62.278801
33604135;-62.032677
33606133;-61.785976
33608144;-61.538666
33610130;-61.290710
33612164;-61.042191
33614117;-60.793030
33616108;-60.543304
33618130;-60.292946
33620116;-60.042030
33622116;-59.790524
33624160;-59.538383
33626136;-59.285694
33628147;-59.032387
33630132;-58.778530
33632130;-58.524097
33634151;-58.269047
33636120;-58.013458
33638126;-57.885448
33640115;-57.500530
33642108;-57.243275
33644110;-56.985371
33646155;-56.726944
33648151;-56.467926
33650134;-56.208385
33652124;-55.948246
33654131;-55.687599
33656159;-55.426399
33658124;-55.164616
33660112;-54.902328
33662116;-54.639454
33664116;-54.376083
33666115;-54.112179
33668167;-53.847694
33670108;-53.582722
33672110;-53.317184
33674114;-53.051155
33676110;-52.784561
33678168;-52.517490
33680118;-52.249901
33682108;-51.981754
33684110;-51.713135
33686115;-51.443966
33688127;-51.174332
33690163;-50.904186
33692142;-50.633503
33694144;-50.362354
33696133;-50.090675
33698153;-49.818539
33700153;-49.545868
33702115;-49.272751
33704107;-48.999153
33706113;-48.725025
33708125;-48.450455
33710117;-48.175369
33712156;-47.899849
33714133;-47.623856
33716128;-47.347351
33718144;-47.070419
33720131;-46.792984
33722156;-46.515125
33724108;-46.236767
33726107;-45.957993
33728131;-45.678772
33730113;-45.399052
33732109;-45.118927
33734162;-44.838314
33736137;-44.557304
33738142;-44.275848
33740130;-43.993916
33742132;-43.711594
33744156;-43.428795
33746121;-43.145615
33748123;-42.861961
33750112;-42.577972
33752116;-42.293518
33754112;-42.008610
33756159;-41.723324
33758145;-41.437584
33760135;-41.151478
33762129;-40.864967
33764135;-40.578011
33766157;-40.290695
33768127;-40.002937
33770117;-39.714832
33772113;-39.426334
33774113;-39.137398
33776241;-38.848125
33778154;-38.558422
33780134;-38.268383
33782131;-37.977924
33784129;-37.687134
33786127;-37.395973
33788166;-37.250210
33790115;-36.812496
33792112;-36.520191
33794112;-36.227570
33796107;-35.934593
33798168;-35.641212
33800116;-35.347527
33802115;-35.053448
33804118;-34.759064
33806110;-34.464298
33808123;-34.169235
33810159;-33.873833
33812141;-33.578053
33814138;-33.281986
33816135;-32.985546
33818149;-32.688828
33820155;-32.391785
33822120;-32.094376
33824112;-31.796694
33826113;-31.498655
33828132;-31.200352
33830113;-30.901695
33832157;-30.602777
33834133;-30.303558
33836134;-30.003994
33838149;-29.704180
33840132;-29.404026
33842157;-29.103630
33844114;-28.802944
33846108;-28.501930
33848124;-28.200680
33850112;-27.899105
33852151;-27.597300
33854116;-27.295177
33856108;-26.992834
33858121;-26.690266
33860107;-26.387346
33862109;-26.084209
33864161;-25.780769
33866141;-25.477119
33868150;-25.173223
33870128;-24.869028
33872132;-24.564634
33874159;-24.259953
33876111;-23.955076
33878121;-23.649920
33880107;-23.344574
33882114;-23.039000
33884113;-22.733150
33886155;-22.427124
33888141;-22.120829
33890132;-21.814363
33892134;-21.507681
33894127;-21.200739
33896156;-20.893637
33898134;-20.586279
33900115;-20.278767
33902110;-19.971006
33904114;-19.663097
33906259;-19.354994
33908151;-19.046650
33910132;-18.738169
33912128;-18.429453
33914128;-18.120604
33916131;-17.811575
33918170;-17.502325
33920138;-17.192945
33922135;-16.883352
33924133;-16.573639
33926131;-16.263714
33928265;-15.953678
33930137;-15.643482
33932132;-15.333086
33934132;-15.022585
33936132;-14.711889
33938146;-14.556509
33940158;-14.090158
33942141;-13.779036
33944138;-13.467825
33946133;-13.156433
33948154;-12.844959
33950161;-12.533358
33952114;-12.221586
33954113;-11.909742
33956116;-11.597732
33958127;-11.285654
33960109;-10.973418
33962159;-10.661121
33964134;-10.348720
33966130;-10.036215
33968145;-9.723612
33970131;-9.410866
33972161;-9.098074
33974115;-8.785192
33976111;-8.472176
33978121;-8.159123
33980112;-7.845943
33982110;-7.532733
33984144;-7.219401
33986115;-6.906045
33988121;-6.592622
33990110;-6.279085
33992113;-5.965534
33994155;-5.651876
33996121;-5.338211
33998122;-5.024493
34000111;-4.710677
34002110;-4.396863
34004107;-4.082958
34006157;-3.769059
34008154;-3.455077
34010132;-3.141107
34012126;-2.827107
34014128;-2.513031
34016161;-2.198978
34018131;-1.884856
34020112;-1.570763
34022115;-1.256654
34024115;-0.942485
34026108;-0.628354
34028170;-0.314170
34030129;0.000000
34032129;0.314159
34034130;0.628314
34036132;0.942464
34038288;1.099535
34040142;1.570732
34042134;1.884844
34044131;2.198937
34046128;2.513010
34048145;2.827056
34050158;3.141076
34052111;3.455064
34054112;3.769018
34056110;4.082935
34058119;4.396812
34060246;4.710645
34062138;5.024432
34064127;5.338169
34066133;5.651853
34068141;5.965482
34070130;6.279051
34072161;6.592560
34074137;6.906002
34076131;7.219377
34078151;7.532680
34080133;7.845909
34082159;8.159060
34084120;8.472132
34086112;8.785120
34088127;8.941581
34090113;9.410830
34092112;9.723549
34094162;10.036171
34096133;10.348695
34098152;10.661115
34100133;10.973431
34102130;11.285637
34104154;11.597733
34106117;11.909716
34108125;12.221580
34110117;12.533322
34112110;12.844942
34114116;13.156436
34116162;13.467797
34118151;13.779028
34120136;14.090122
34122131;14.401078
34124129;14.711891
34126157;15.022558
34128123;15.333078
34130112;15.643446
34132117;15.953660
34134115;16.263714
34136173;16.573612
34138167;16.883343
34140135;17.192907
34142132;17.502306
34144133;17.811527
34146133;18.120577
34148165;18.429445
34150112;18.738131
34152111;19.046633
34154114;19.354946
34156112;19.663071
34158167;19.970997
34160112;20.278728
34162110;20.586262
34164110;20.893587
34166108;21.200710
34168130;21.507624
34170159;21.814323
34172139;22.120808
34174136;22.427074
34176131;22.733122
34178148;23.038942
34180159;23.344534
34182116;23.649900
34184111;23.955029
34186116;24.259922
34188122;24.564575
34190264;24.868988
34192140;25.173155
34194129;25.477072
34196133;25.780737
34198148;26.084152
34200132;26.387304
34202160;26.690197
34204134;26.992828
34206129;27.295193
34208150;27.597290
34210131;27.899107
34212157;28.200657
34214116;28.501928
34216112;28.802910
34218126;29.103617
34220110;29.404032
34222110;29.704157
34224156;30.003988
34226137;30.303526
34228147;30.602762
34230127;30.901697
34232126;31.200329
34234159;31.498650
34236114;31.796661
34238124;31.945551
34240108;32.391743
34242108;32.688801
34244171;32.985538
34246155;33.281952
34248141;33.578037
34250132;33.873787
34252130;34.169209
34254136;34.464294
34256158;34.759029
34258121;35.053429
34260116;35.347485
34262109;35.641186
34264113;35.934536
34266156;36.227535
34268131;36.520176
34270113;36.812454
34272114;37.104370
34274111;37.395920
34276115;37.687099
34278171;37.977905
34280129;38.268341
34282131;38.558399
34284126;38.848072
34286136;39.137363
34288163;39.281864
34290107;39.714787
34292110;40.002911
34294112;40.290646
34296114;40.577976
34298271;40.864906
34300138;41.151436
34302135;41.437557
34304129;41.723270
34306127;42.008572
34308144;42.293461
34310156;42.577927
34312135;42.861973
34314131;43.145603
34316127;43.428806
34318151;43.711575
34320287;43.993916
34322136;44.275822
34324135;44.557289
34326134;44.838318
34328144;45.118908
34330130;45.399048
34332153;45.678741
34334135;45.957985
34336130;46.236774
34338145;46.515102
34340135;46.792980
34342160;47.070389
34344120;47.347336
34346112;47.623817
34348118;47.899826
34350114;48.175365
34352111;48.450424
34354158;48.725014
34356133;48.999115
34358147;49.272736
34360133;49.545868
34362132;49.818508
34364167;50.090660
34366109;50.362320
34368126;50.633476
34370112;50.904137
34372108;51.174294
34374111;51.443951
34376157;51.713097
34378150;51.981728
34380136;52.249855
34382132;52.517464
34384133;52.784550
34386158;53.051121
34388128;53.184204
34390113;53.582676
34392114;53.847664
34394104;54.112125
34396112;54.376041
34398172;54.639435
34400135;54.902279
34402130;55.164581
34404126;55.426346
34406129;55.687557
34408161;55.948223
34410111;56.208336
34412108;56.467896
34414114;56.726891
34416116;56.985329
34418123;57.243210
34420168;57.500523
34422140;57.757271
34424140;58.013447
34426139;58.269047
34428149;58.524071
34430161;58.778526
34432114;59.032394
34434113;59.285683
34436108;59.538383
34438130;59.790497
34440113;60.042023
34442158;60.292953
34444135;60.543285
34446131;60.793026
34448147;61.042168
34450126;61.290707
34452156;61.538635
34454110;61.785961
34456112;62.032669
34458124;62.278770
34460108;62.524265
34462165;62.769135
34464156;63.013386
34466134;63.257015
34468146;63.500015
34470131;63.742393
34472132;63.984142
34474157;64.104782
34476113;64.465744
34478131;64.705597
34480118;64.944801
34482116;65.183365
34484117;65.421295
34486155;65.658569
34488156;65.895203
34490135;66.131187
34492127;66.366508
34494136;66.601189
34496161;66.835197
34498128;67.068550
34500108;67.301247
34502111;67.533279
34504114;67.764648
34506168;67.995331
34508171;68.225357
34510132;68.454704
34512135;68.683380
34514128;68.911377
34516129;69.138695
34518176;69.365326
34520135;69.591278
34522136;69.816536
34524132;70.041107
34526130;70.264992
34528166;70.488182
34530115;70.710678
34532108;70.932472
34534106;71.153572
34536110;71.373955
34538123;71.483887
34540163;71.812630
34542140;72.030899
34544141;72.248459
34546136;72.465309
34548150;72.681450
34550163;72.896866
34552113;73.111557
34554117;73.325539
34556103;73.538788
34558121;73.751320
34560113;73.963112
34562162;74.174179
34564137;74.384514
34566133;74.594116
34568148;74.802986
34570133;75.011108
34572159;0.000000
34574111;0.000000
34576109;0.000000
34578127;0.000000
34580114;0.000000
34582110;0.000000
34584159;0.000000
34586134;0.000000
34588148;0.000000
34590133;0.000000
34592131;0.000000
34594149;0.000000
34596118;0.000000
34598124;0.000000
34600115;0.000000
34602108;0.000000
34604270;0.000000
34606139;0.000000
34608146;0.000000
34610133;0.000000
34612128;0.000000
34614132;0.000000
34616154;0.000000
34618142;0.000000
34620136;0.000000
34622127;0.000000
34624133;0.000000
34626270;0.000000
34628153;0.000000
34630130;0.000000
34632133;0.000000
34634132;0.000000
34636131;0.000000
34638163;0.000000
34640133;0.000000
34642130;0.000000
34644123;0.000000
34646129;0.000000
34648285;0.000000
34650139;0.000000
34652131;0.000000
34654133;0.000000
34656134;0.000000
34658142;0.000000
34660162;0.000000
34662137;0.000000
34664132;0.000000
34666133;0.000000
34668142;0.000000
34670159;0.000000
34672116;0.000000
34674112;0.000000
34676113;0.000000
34678128;0.000000
34680158;0.000000
34682116;0.000000
34684111;0.000000
34686108;0.000000
34688127;0.000000
34690115;0.000000
34692159;0.000000
34694134;0.000000
34696131;0.000000
34698151;0.000000
34700131;0.000000
34702160;0.000000
34704116;0.000000
34706112;0.000000
34708132;0.000000
34710108;0.000000
34712112;0.000000
34714158;0.000000
34716137;0.000000
34718148;0.000000
34720131;0.000000
34722129;0.000000
34724157;0.000000
34726117;0.000000
34728127;0.000000
34730113;0.000000
34732117;0.000000
34734160;0.000000
34736110;0.000000
34738129;0.000000
34740113;0.000000
34742109;0.000000
34744112;0.000000
34746159;0.000000
34748146;0.000000
34750131;0.000000
34752129;0.000000
34754132;0.000000
34756167;0.000000
34758125;0.000000
34760111;0.000000
34762112;0.000000
34764112;0.000000
34766114;0.000000
34768164;0.000000
34770116;0.000000
34772112;0.000000
34774109;0.000000
34776110;0.000000
34778187;0.000000
34780164;0.000000
34782139;0.000000
34784135;0.000000
34786134;0.000000
34788157;0.000000
34790159;0.000000
34792112;0.000000
34794106;0.000000
34796108;0.000000
34798125;0.000000
34800112;0.000000
34802158;0.000000
34804133;0.000000
34806131;0.000000
34808148;0.000000
34810135;0.000000
34812153;0.000000
34814113;0.000000
34816115;0.000000
34818132;0.000000
34820104;0.000000
34822111;0.000000
34824154;0.000000
34826136;0.000000
34828153;0.000000
34830129;0.000000
34832131;0.000000
34834160;0.000000
34836110;0.000000
34838130;0.000000
34840109;0.000000
34842113;0.000000
34844109;0.000000
34846160;0.000000
34848153;0.000000
34850132;0.000000
34852138;0.000000
34854129;0.000000
34856156;0.000000
34858131;0.000000
34860112;0.000000
34862108;0.000000
34864111;0.000000
34866111;0.000000
34868172;0.000000
34870135;0.000000
34872132;0.000000
34874134;0.000000
34876132;0.000000
34878166;0.000000
34880115;0.000000
34882115;0.000000
34884120;0.000000
34886109;0.000000
34888121;0.000000
34890163;0.000000
34892139;0.000000
34894138;0.000000
34896140;0.000000
34898153;0.000000
34900158;0.000000
34902114;0.000000
34904113;0.000000
34906107;0.000000
34908122;0.000000
34910113;0.000000
34912159;0.000000
34914132;0.000000
34916129;0.000000
34918138;0.000000
34920133;0.000000
34922161;0.000000
34924136;0.000000
34926134;0.000000
34928151;0.000000
34930134;0.000000
34932155;0.000000
34934116;0.000000
34936113;0.000000
34938133;0.000000
34940111;0.000000
34942299;0.000000
34944137;0.000000
34946137;0.000000
34948145;0.000000
34950129;0.000000
34952134;0.000000
34954164;0.000000
34956114;0.000000
34958121;0.000000
34960110;0.000000
34962112;0.000000
34964155;0.000000
34966114;0.000000
34968123;0.000000
34970112;0.000000
34972114;0.000000
34974106;0.000000
34976162;0.000000
34978148;0.000000
34980134;0.000000
34982133;0.000000
34984131;0.000000
34986264;0.000000
34988154;0.000000
34990127;0.000000
34992131;0.000000
34994134;0.000000
34996126;0.000000
34998162;0.000000
35000112;0.000000
35002113;0.000000
35004111;0.000000
35006115;0.000000
35008176;0.000000
35010163;0.000000
35012140;0.000000
35014133;0.000000
35016140;0.000000
35018151;0.000000
35020154;0.000000
35022113;0.000000
35024113;0.000000
35026114;0.000000
35028127;0.000000
35030158;0.000000
35032112;0.000000
35034106;0.000000
35036107;0.000000
35038123;0.000000
35040116;0.000000
35042158;0.000000
35044115;0.000000
35046116;0.000000
35048129;0.000000
35050120;0.000000
35052163;0.000000
35054115;0.000000
35056117;0.000000
35058123;0.000000
35060109;0.000000
35062110;0.000000
35064154;0.000000
35066115;0.000000
35068125;0.000000
35070113;0.000000
35072113;0.000000
35074153;0.000000
35076108;0.000000
35078115;0.000000
35080114;0.000000
35082109;0.000000
35084113;0.000000
35086158;0.000000
35088150;0.000000
35090132;0.000000
35092133;0.000000
35094131;0.000000
35096285;0.000000
35098148;0.000000
35100134;0.000000
35102130;0.000000
35104130;0.000000
35106134;0.000000
35108155;0.000000
35110118;0.000000
35112111;0.000000
35114116;0.000000
35116110;0.000000
35118164;0.000000
35120111;0.000000
35122111;0.000000
35124110;0.000000
35126109;0.000000
35128122;0.000000
35130163;0.000000
35132137;0.000000
35134136;0.000000
35136138;0.000000
35138148;0.000000
35140162;0.000000
35142114;0.000000
35144111;0.000000
35146115;0.000000
35148118;0.000000
35150171;0.000000
35152153;0.000000
35154133;0.000000
35156129;0.000000
35158144;0.000000
35160133;0.000000
35162155;0.000000
35164116;0.000000
35166113;0.000000
35168129;0.000000
35170112;0.000000
35172157;0.000000
35174118;0.000000
35176112;0.000000
35178131;0.000000
35180111;0.000000
35182112;0.000000
35184154;0.000000
35186130;0.000000
35188139;0.000000
35190129;0.000000
35192131;0.000000
35194165;0.000000
35196113;0.000000
35198116;0.000000
35200114;0.000000
35202111;0.000000
35204119;0.000000
35206157;0.000000
35208149;0.000000
35210132;0.000000
35212133;0.000000
35214132;0.000000
35216160;0.000000
35218126;0.000000
35220112;0.000000
35222113;0.000000
35224113;0.000000
35226113;0.000000
35228176;0.000000
35230133;0.000000
35232135;0.000000
35234131;0.000000
35236128;0.000000
35238167;0.000000
35240113;0.000000
35242116;0.000000
35244113;0.000000
35246110;0.000000
35248281;0.000000
35250136;0.000000
35252132;0.000000
35254133;0.000000
35256131;0.000000
35258143;0.000000
35260158;0.000000
35262113;0.000000
35264113;0.000000
35266112;0.000000
35268122;0.000000
35270157;0.000000
35272123;0.000000
35274111;0.000000
35276117;0.000000
35278124;0.000000
35280112;0.000000
35282160;0.000000
35284135;0.000000
35286131;0.000000
35288150;0.000000
35290131;0.000000
35292173;0.000000
35294137;0.000000
35296132;0.000000
35298151;0.000000
35300132;0.000000
35302131;0.000000
35304153;0.000000
35306135;0.000000
35308147;0.000000
35310134;0.000000
35312132;0.000000
35314160;0.000000
35316115;0.000000
35318127;0.000000
35320115;0.000000
35322112;0.000000
35324169;0.000000
35326155;0.000000
35328151;0.000000
35330136;0.000000
35332134;0.000000
35334133;0.000000
35336156;0.000000
35338130;0.000000
35340111;0.000000
35342112;0.000000
35344112;0.000000
35346271;0.000000
35348150;0.000000
35350132;0.000000
35352134;0.000000
35354129;0.000000
35356131;0.000000
35358169;0.000000
35360133;0.000000
35362131;0.000000
35364134;0.000000
35366130;0.000000
35368164;0.000000
35370118;0.000000
35372109;0.000000
35374113;0.000000
35376115;0.000000
35378128;0.000000
35380157;0.000000
35382141;0.000000
35384137;0.000000
35386137;0.000000
35388152;0.000000
35390155;0.000000
35392113;0.000000
35394107;0.000000
35396108;0.000000
35398123;0.000000
35400111;0.000000
35402159;0.000000
35404136;0.000000
35406131;0.000000
35408149;0.000000
35410131;0.000000
35412154;0.000000
35414114;0.000000
35416110;0.000000
35418128;0.000000
35420108;0.000000
35422167;0.000000
35424152;0.000000
35426137;0.000000
35428151;0.000000
35430134;0.000000
35432132;0.000000
35434156;0.000000
35436115;0.000000
35438127;0.000000
35440114;0.000000
35442110;0.000000
35444158;0.000000
35446117;0.000000
35448125;0.000000
35450111;0.000000
35452116;0.000000
35454114;0.000000
35456161;0.000000
35458142;0.000000
35460131;0.000000
35462129;0.000000
35464128;0.000000
35466156;0.000000
35468135;0.000000
35470112;0.000000
35472111;0.000000
35474109;0.000000
35476108;0.000000
35478170;0.000000
35480128;0.000000
35482136;0.000000
35484131;0.000000
35486131;0.000000
35488215;0.000000
35490135;0.000000
35492134;0.000000
35494131;0.000000
35496131;0.000000
35498150;0.000000
35500162;0.000000
35502133;0.000000
35504133;0.000000
35506129;0.000000
35508143;0.000000
35510158;0.000000
35512120;0.000000
35514110;0.000000
35516116;0.000000
35518124;0.000000
35520114;0.000000
35522161;0.000000
35524137;0.000000
35526139;0.000000
35528142;0.000000
35530128;0.000000
35532158;0.000000
35534121;0.000000
35536110;0.000000
35538127;0.000000
35540113;0.000000
35542109;0.000000
35544155;0.000000
35546130;0.000000
35548151;0.000000
35550133;0.000000
35552132;0.000000
35554281;0.000000
35556133;0.000000
35558148;0.000000
35560132;0.000000
35562132;0.000000
35564132;0.000000
35566159;0.000000
35568128;0.000000
35570110;0.000000
35572111;0.000000
35574111;0.000000
35576262;0.000000
35578148;0.000000
35580139;0.000000
35582134;0.000000
35584130;0.000000
35586132;0.000000
35588166;0.000000
35590117;0.000000
35592115;0.000000
35594112;0.000000
35596114;0.000000
35598281;0.000000
35600138;0.000000
35602133;0.000000
35604131;0.000000
35606132;0.000000
35608139;0.000000
35610157;0.000000
35612115;0.000000
35614114;0.000000
35616112;0.000000
35618129;0.000000
35620114;0.000000
35622152;0.000000
35624133;0.000000
35626135;0.000000
35628151;0.000000
35630134;0.000000
35632159;0.000000
35634137;0.000000
35636132;0.000000
35638151;0.000000
35640132;0.000000
35642167;0.000000
35644134;0.000000
35646132;0.000000
35648147;0.000000
35650130;0.000000
35652127;0.000000
35654155;0.000000
35656136;0.000000
35658146;0.000000
35660130;0.000000
35662129;0.000000
35664155;0.000000
35666116;0.000000
35668127;0.000000
35670118;0.000000
35672117;0.000000
35674156;0.000000
35676113;0.000000
35678126;0.000000
35680112;0.000000
35682107;0.000000
35684114;0.000000
35686159;0.000000
35688142;0.000000
35690128;0.000000
35692130;0.000000
35694130;0.000000
35696160;0.000000
35698130;0.000000
35700113;0.000000
35702113;0.000000
35704109;0.000000
35706111;0.000000
35708174;0.000000
35710138;0.000000
35712133;0.000000
35714130;0.000000
35716131;0.000000
35718169;0.000000
35720118;0.000000
35722116;0.000000
35724112;0.000000
35726112;0.000000
35728127;0.000000
35730168;0.000000
35732141;0.000000
35734136;0.000000
35736145;0.000000
35738151;0.000000
35740155;0.000000
35742118;0.000000
35744116;0.000000
35746112;0.000000
35748125;0.000000
35750116;0.000000
35752157;0.000000
35754137;0.000000
35756132;0.000000
35758149;0.000000
35760135;0.000000
35762155;0.000000
35764113;0.000000
35766116;0.000000
35768117;0.000000
35770112;0.000000
35772180;0.000000
35774152;0.000000
35776133;0.000000
35778153;0.000000
35780134;0.000000
35782134;0.000000
35784153;0.000000
35786118;0.000000
35788125;0.000000
35790105;0.000000
35792113;0.000000
35794112;0.000000
35796160;0.000000
35798144;0.000000
35800137;0.000000
35802129;0.000000
35804128;0.000000
35806157;0.000000
35808131;0.000000
35810114;0.000000
35812113;0.000000
35814111;0.000000
35816110;0.000000
35818173;0.000000
35820131;0.000000
35822133;0.000000
35824129;0.000000
35826133;0.000000
35828170;0.000000
35830117;0.000000
35832111;0.000000
35834111;0.000000
35836108;0.000000
35838126;0.000000
35840167;0.000000
35842142;0.000000
35844136;0.000000
35846133;0.000000
35848145;0.000000
35850156;0.000000
35852110;0.000000
35854113;0.000000
35856113;0.000000
35858127;0.000000
35860109;0.000000
35862157;0.000000
35864135;0.000000
35866131;0.000000
35868147;0.000000
35870132;0.000000
35872163;0.000000
35874112;0.000000
35876118;0.000000
35878128;0.000000
35880121;0.000000
35882114;0.000000
35884160;0.000000
35886139;0.000000
35888150;0.000000
35890131;0.000000
35892136;0.000000
35894155;0.000000
35896110;0.000000
35898128;0.000000
35900116;0.000000
35902106;0.000000
35904109;0.000000
35906157;0.000000
35908153;0.000000
35910135;0.000000
35912133;0.000000
35914133;0.000000
35916162;0.000000
35918127;0.000000
35920117;0.000000
35922106;0.000000
35924112;0.000000
35926169;0.000000
35928167;0.000000
35930138;0.000000
35932133;0.000000
35934131;0.000000
35936128;0.000000
35938166;0.000000
35940115;0.000000
35942112;0.000000
35944112;0.000000
35946112;0.000000
35948126;0.000000
35950162;0.000000
35952123;0.000000
35954115;0.000000
35956120;0.000000
35958128;0.000000
35960150;0.000000
35962115;0.000000
35964116;0.000000
35966110;0.000000
35968124;0.000000
35970109;0.000000
35972158;0.000000
35974140;0.000000
35976132;0.000000
35978147;0.000000
35980134;0.000000
35982151;0.000000
35984110;0.000000
35986113;0.000000
35988132;0.000000
35990115;0.000000
35992109;0.000000
35994161;0.000000
35996140;0.000000
35998141;0.000000
36000136;0.000000
36002128;0.000000
36004295;0.000000
36006137;0.000000
36008147;0.000000
36010129;0.000000
36012133;0.000000
36014129;0.000000
36016163;0.000000
36018130;0.000000
36020115;0.000000
36022111;0.000000
36024119;0.000000
36026264;0.000000
36028156;0.000000
36030132;0.000000
36032131;0.000000
36034130;0.000000
36036128;0.000000
36038172;0.000000
36040133;0.000000
36042129;0.000000
36044131;0.000000
36046131;0.000000
36048167;0.000000
36050113;0.000000
36052109;0.000000
36054114;0.000000
36056111;0.000000
36058120;0.000000
36060145;0.000000
36062122;0.000000
36064120;0.000000
36066118;0.000000
36068128;0.000000
36070156;0.000000
36072111;0.000000
36074110;0.000000
36076109;0.000000
36078124;0.000000
36080110;0.000000
36082157;0.000000
36084132;0.000000
36086130;0.000000
36088143;0.000000
36090132;0.000000
36092158;0.000000
36094112;0.000000
36096109;0.000000
36098124;0.000000
36100110;0.000000
36102116;0.000000
36104156;0.000000
36106109;0.000000
36108130;0.000000
36110111;0.000000
36112120;0.000000
36114163;0.000000
36116110;0.000000
36118128;0.000000
36120106;0.000000
36122115;0.000000
36124112;0.000000
36126157;0.000000
36128152;0.000000
36130135;0.000000
36132133;0.000000
36134132;0.000000
36136159;0.000000
36138126;0.000000
36140109;0.000000
36142114;0.000000
36144116;0.000000
36146111;0.000000
36148167;0.000000
36150140;0.000000
36152134;0.000000
36154132;0.000000
36156133;0.000000
36158163;0.000000
36160111;0.000000
36162110;0.000000
36164114;0.000000
36166111;0.000000
36168123;0.000000
36170169;0.000000
36172141;0.000000
36174147;0.000000
36176134;0.000000
36178144;0.000000
36180161;0.000000
36182117;0.000000
36184109;0.000000
36186111;0.000000
36188126;0.000000
36190113;0.000000
36192157;0.000000
36194129;0.000000
36196133;0.000000
36198147;0.000000
36200133;0.000000
36202153;0.000000
36204115;0.000000
36206113;0.000000
36208125;0.000000
36210112;0.000000
36212266;0.000000
36214136;0.000000
36216129;0.000000
36218154;0.000000
36220132;0.000000
36222131;0.000000
36224156;0.000000
36226112;0.000000
36228130;0.000000
36230114;0.000000
36232109;0.000000
36234160;0.000000
36236116;0.000000
36238122;0.000000
36240112;0.000000
36242115;0.000000
36244111;0.000000
36246155;0.000000
36248132;0.000000
36250112;0.000000
36252108;0.000000
36254109;0.000000
36256112;0.000000
36258167;0.000000
36260137;0.000000
36262137;0.000000
36264123;0.000000
36266131;0.000000
36268164;0.000000
36270116;0.000000
36272108;0.000000
36274113;0.000000
36276112;0.000000
36278123;0.000000
36280158;0.000000
36282139;0.000000
36284136;0.000000
36286140;0.000000
36288153;0.000000
36290153;0.000000
36292114;0.000000
36294109;0.000000
36296111;0.000000
36298123;0.000000
36300111;0.000000
36302160;0.000000
36304132;0.000000
36306132;0.000000
36308154;0.000000
36310131;0.000000
36312154;0.000000
36314114;0.000000
36316112;0.000000
36318121;0.000000
36320108;0.000000
36322169;0.000000
36324160;0.000000
36326136;0.000000
36328148;0.000000
36330130;0.000000
36332129;0.000000
36334162;0.000000
36336135;0.000000
36338135;0.000000
36340133;0.000000
36342134;0.000000
36344163;0.000000
36346117;0.000000
36348123;0.000000
36350116;0.000000
36352115;0.000000
36354112;0.000000
36356154;0.000000
36358146;0.000000
36360131;0.000000
36362125;0.000000
36364133;0.000000
36366159;0.000000
36368129;0.000000
36370110;0.000000
36372115;0.000000
36374114;0.000000
36376111;0.000000
36378173;0.000000
36380137;0.000000
36382132;0.000000
36384131;0.000000
36386124;0.000000
36388165;0.000000
36390118;0.000000
36392113;0.000000
36394114;0.000000
36396113;0.000000
36398130;0.000000
36400166;0.000000
36402142;0.000000
36404135;0.000000
36406135;0.000000
36408147;0.000000
36410158;0.000000
36412113;0.000000
36414111;0.000000
36416108;0.000000
36418122;0.000000
36420165;0.000000
36422156;0.000000
36424138;0.000000
36426137;0.000000
36428145;0.000000
36430133;0.000000
36432162;0.000000
36434135;0.000000
36436138;0.000000
36438144;0.000000
36440136;0.000000
36442155;0.000000
36444116;0.000000
36446114;0.000000
36448124;0.000000
36450113;0.000000
36452106;0.000000
36454161;0.000000
36456135;0.000000
36458150;0.000000
36460126;0.000000
36462130;0.000000
36464164;0.000000
36466120;0.000000
36468130;0.000000
36470112;0.000000
36472109;0.000000
36474112;0.000000
36476158;0.000000
36478157;0.000000
36480138;0.000000
36482136;0.000000
36484129;0.000000
36486157;0.000000
36488149;0.000000
36490126;0.000000
36492132;0.000000
36494126;0.000000
36496162;0.000000
36498122;0.000000
36500109;0.000000
36502113;0.000000
36504109;0.000000
36506108;0.000000
36508163;0.000000
36510111;0.000000
36512112;0.000000
36514109;0.000000
36516116;0.000000
36518277;0.000000
36520138;0.000000
36522129;0.000000
36524132;0.000000
36526130;0.000000
36528136;0.000000
36530161;0.000000
36532109;0.000000
36534108;0.000000
36536111;0.000000
36538127;0.000000
36540167;0.000000
36542153;0.000000
36544138;0.000000
36546135;0.000000
36548147;0.000000
36550129;0.000000
36552160;0.000000
36554117;0.000000
36556117;0.000000
36558127;0.000000
36560119;0.000000
36562113;0.000000
36564158;0.000000
36566128;0.000000
36568149;0.000000
36570134;0.000000
36572129;0.000000
36574153;0.000000
36576119;0.000000
36578133;0.000000
36580109;0.000000
36582111;0.000000
36584160;0.000000
36586110;0.000000
36588127;0.000000
36590112;0.000000
36592110;0.000000
36594114;0.000000
36596158;0.000000
36598147;0.000000
36600129;0.000000
36602131;0.000000
36604133;0.000000
36606154;0.000000
36608133;0.000000
36610110;0.000000
36612112;0.000000
36614110;0.000000
36616113;0.000000
36618169;0.000000
36620131;0.000000
36622131;0.000000
36624128;0.000000
36626130;0.000000
36628165;0.000000
36630110;0.000000
36632110;0.000000
36634113;0.000000
36636114;0.000000
36638123;0.000000
36640168;0.000000
36642137;0.000000
36644139;0.000000
36646134;0.000000
36648144;0.000000
36650161;0.000000
36652124;0.000000
36654113;0.000000
36656113;0.000000
36658120;0.000000
36660106;0.000000
36662159;0.000000
36664137;0.000000
36666128;0.000000
36668145;0.000000
36670134;0.000000
36672160;0.000000
36674115;0.000000
36676111;0.000000
36678126;0.000000
36680114;0.000000
36682167;0.000000
36684160;0.000000
36686137;0.000000
36688141;0.000000
36690131;0.000000
36692132;0.000000
36694158;0.000000
36696136;0.000000
36698147;0.000000
36700139;0.000000
36702127;0.000000
36704168;0.000000
36706137;0.000000
36708147;0.000000
36710132;0.000000
36712134;0.000000
36714133;0.000000
36716157;0.000000
36718146;0.000000
36720136;0.000000
36722133;0.000000
36724136;0.000000
36726179;0.000000
36728148;0.000000
36730134;0.000000
36732132;0.000000
36734133;0.000000
36736133;0.000000
36738169;0.000000
36740114;0.000000
36742112;0.000000
36744109;0.000000
36746109;0.000000
36748167;0.000000
36750121;0.000000
36752110;0.000000
36754113;0.000000
36756111;0.000000
36758125;0.000000
36760166;0.000000
36762142;0.000000
36764141;0.000000
36766135;0.000000
36768148;0.000000
36770155;0.000000
36772118;0.000000
36774118;0.000000
36776110;0.000000
36778128;0.000000
36780108;0.000000
36782159;0.000000
36784135;0.000000
36786133;0.000000
36788150;0.000000
36790133;0.000000
36792159;0.000000
36794119;0.000000
36796113;0.000000
36798126;0.000000
36800113;0.000000
36802110;0.000000
36804156;0.000000
36806136;0.000000
36808141;0.000000
36810132;0.000000
36812130;0.000000
36814157;0.000000
36816107;0.000000
36818125;0.000000
36820113;0.000000
36822111;0.000000
36824108;0.000000
36826159;0.000000
36828155;0.000000
36830134;0.000000
36832130;0.000000
36834131;0.000000
36836153;0.000000
36838131;0.000000
36840113;0.000000
36842111;0.000000
36844111;0.000000
36846110;0.000000
36848166;0.000000
36850140;0.000000
36852133;0.000000
36854130;0.000000
36856134;0.000000
36858167;0.000000
36860111;0.000000
36862106;0.000000
36864110;0.000000
36866110;0.000000
36868163;0.000000
36870116;0.000000
36872113;0.000000
36874112;0.000000
36876110;0.000000
36878131;0.000000
36880159;0.000000
36882138;0.000000
36884143;0.000000
36886130;0.000000
36888156;0.000000
36890159;0.000000
36892110;0.000000
36894115;0.000000
36896108;0.000000
36898125;0.000000
36900153;0.000000
36902112;0.000000
36904112;0.000000
36906113;0.000000
36908127;0.000000
36910113;0.000000
36912157;0.000000
36914135;0.000000
36916131;0.000000
36918147;0.000000
36920132;0.000000
36922157;0.000000
36924119;0.000000
36926115;0.000000
36928118;0.000000
36930111;0.000000
36932285;0.000000
36934133;0.000000
36936129;0.000000
36938139;0.000000
36940135;0.000000
36942128;0.000000
36944159;0.000000
36946136;0.000000
36948146;0.000000
36950127;0.000000
36952132;0.000000
36954161;0.000000
36956116;0.000000
36958127;0.000000
36960110;0.000000
36962115;0.000000
36964113;0.000000
36966159;0.000000
36968151;0.000000
36970128;0.000000
36972131;0.000000
36974127;0.000000
36976153;0.000000
36978130;0.000000
36980112;0.000000
36982112;0.000000
36984110;0.000000
36986107;0.000000
36988167;0.000000
36990134;0.000000
36992131;0.000000
36994129;0.000000
36996128;0.000000
36998168;0.000000
37000118;0.000000
37002110;0.000000
37004110;0.000000
37006114;0.000000
37008123;0.000000
37010168;0.000000
37012142;0.000000
37014136;0.000000
37016132;0.000000
37018148;0.000000
37020157;0.000000
37022112;0.000000
37024109;0.000000
37026112;0.000000
37028119;0.000000
37030115;0.000000
37032157;0.000000
37034135;0.000000
37036135;0.000000
37038150;0.000000
37040134;0.000000
37042159;0.000000
37044119;0.000000
37046115;0.000000
37048121;0.000000
37050113;0.000000
37052117;0.000000
37054159;0.000000
37056136;0.000000
37058144;0.000000
37060128;0.000000
37062129;0.000000
37064157;0.000000
37066116;0.000000
37068124;0.000000
37070113;0.000000
37072110;0.000000
37074158;0.000000
37076115;0.000000
37078126;0.000000
37080113;0.000000
37082111;0.000000
37084118;0.000000
37086158;0.000000
37088149;0.000000
37090136;0.000000
37092135;0.000000
37094132;0.000000
37096164;0.000000
37098131;0.000000
37100111;0.000000
37102112;0.000000
37104107;0.000000
37106108;0.000000
37108174;0.000000
37110140;0.000000
37112130;0.000000
37114132;0.000000
37116134;0.000000
37118168;0.000000
37120117;0.000000
37122116;0.000000
37124116;0.000000
37126110;0.000000
37128180;0.000000
37130165;0.000000
37132145;0.000000
37134140;0.000000
37136136;0.000000
37138155;0.000000
37140153;0.000000
37142121;0.000000
37144110;0.000000
37146112;0.000000
37148127;0.000000
37150274;0.000000
37152141;0.000000
37154132;0.000000
37156131;0.000000
37158149;0.000000
37160133;0.000000
37162142;0.000000
37164116;0.000000
37166110;0.000000
37168126;0.000000
37170111;0.000000
37172162;0.000000
37174114;0.000000
37176120;0.000000
37178124;0.000000
37180117;0.000000
37182114;0.000000
37184158;0.000000
37186137;0.000000
37188153;0.000000
37190130;0.000000
37192134;0.000000
37194161;0.000000
37196109;0.000000
37198125;0.000000
37200115;0.000000
37202120;0.000000
37204153;0.000000
37206155;0.000000
37208152;0.000000
37210129;0.000000
37212131;0.000000
37214126;0.000000
37216156;0.000000
37218125;0.000000
37220115;0.000000
37222115;0.000000
37224112;0.000000
37226204;0.000000
37228145;0.000000
37230132;0.000000
37232131;0.000000
37234128;0.000000
37236131;0.000000
37238173;0.000000
37240130;0.000000
37242131;0.000000
37244131;0.000000
37246133;0.000000
37248169;0.000000
37250116;0.000000
37252110;0.000000
37254104;0.000000
37256110;0.000000
37258131;0.000000
37260164;0.000000
37262142;0.000000
37264129;0.000000
37266137;0.000000
37268154;0.000000
37270307;0.000000
37272134;0.000000
37274131;0.000000
37276127;0.000000
37278148;0.000000
37280132;0.000000
37282140;0.000000
37284114;0.000000
37286111;0.000000
37288121;0.000000
37290108;0.000000
37292163;0.000000
37294119;0.000000
37296113;0.000000
37298121;0.000000
37300113;0.000000
37302114;0.000000
37304158;0.000000
37306135;0.000000
37308140;0.000000
37310132;0.000000
37312132;0.000000
37314189;0.000000
37316136;0.000000
37318149;0.000000
37320128;0.000000
37322133;0.000000
37324128;0.000000
37326159;0.000000
37328151;0.000000
37330137;0.000000
37332131;0.000000
37334129;0.000000
37336161;0.000000
37338128;0.000000
37340115;0.000000
37342112;0.000000
37344106;0.000000
37346109;0.000000
37348169;0.000000
37350137;0.000000
37352132;0.000000
37354131;0.000000
37356132;0.000000
37358171;0.000000
37360119;0.000000
37362114;0.000000
37364114;0.000000
37366117;0.000000
37368125;0.000000
37370159;0.000000
37372139;0.000000
37374140;0.000000
37376139;0.000000
37378148;0.000000
37380154;0.000000
37382121;0.000000
37384117;0.000000
37386115;0.000000
37388120;0.000000
37390110;0.000000
37392158;0.000000
37394136;0.000000
37396133;0.000000
37398152;0.000000
37400131;0.000000
37402155;0.000000
37404110;0.000000
37406119;0.000000
37408131;0.000000
37410107;0.000000
37412114;0.000000
37414161;0.000000
37416131;0.000000
37418151;0.000000
37420134;0.000000
37422132;0.000000
37424160;0.000000
37426110;0.000000
37428125;0.000000
37430107;0.000000
37432112;0.000000
37434304;0.000000
37436134;0.000000
37438142;0.000000
37440131;0.000000
37442132;0.000000
37444134;0.000000
37446158;0.000000
37448149;0.000000
37450132;0.000000
37452129;0.000000
37454127;0.000000
37456162;0.000000
37458126;0.000000
37460117;0.000000
37462114;0.000000
37464108;0.000000
37466106;0.000000
37468169;0.000000
37470133;0.000000
37472129;0.000000
37474127;0.000000
37476131;0.000000
37478160;0.000000
37480117;0.000000
37482111;0.000000
37484108;0.000000
37486110;0.000000
37488307;0.000000
37490136;0.000000
37492138;0.000000
37494130;0.000000
37496135;0.000000
37498139;0.000000
37500154;0.000000
37502117;0.000000
37504116;0.000000
37506113;0.000000
37508123;0.000000
37510266;0.000000
37512139;0.000000
37514136;0.000000
37516131;0.000000
37518140;0.000000
37520132;0.000000
37522156;0.000000
37524108;0.000000
37526114;0.000000
37528126;0.000000
37530116;0.000000
37532115;0.000000
37534159;0.000000
37536140;0.000000
37538148;0.000000
37540134;0.000000
37542131;0.000000
37544158;0.000000
37546119;0.000000
37548129;0.000000
37550111;0.000000
37552114;0.000000
37554162;0.000000
37556152;0.000000
37558156;0.000000
37560131;0.000000
37562131;0.000000
37564134;0.000000
37566152;0.000000
37568133;0.000000
37570115;0.000000
37572113;0.000000
37574110;0.000000
37576160;0.000000
37578119;0.000000
37580111;0.000000
37582107;0.000000
37584110;0.000000
37586112;0.000000
37588170;0.000000
37590138;0.000000
37592132;0.000000
37594131;0.000000
37596132;0.000000
37598167;0.000000
37600122;0.000000
37602110;0.000000
37604109;0.000000
37606108;0.000000
37608303;0.000000
37610140;0.000000
37612134;0.000000
37614128;0.000000
37616133;0.000000
37618148;0.000000
37620160;0.000000
37622112;0.000000
37624111;0.000000
37626112;0.000000
37628121;0.000000
37630161;0.000000
37632153;0.000000
37634134;0.000000
37636132;0.000000
37638149;0.000000
37640132;0.000000
37642160;0.000000
37644111;0.000000
37646110;0.000000
37648122;0.000000
37650111;0.000000
37652191;0.000000
37654138;0.000000
37656132;0.000000
37658144;0.000000
37660133;0.000000
37662130;0.000000
37664140;0.000000
37666113;0.000000
37668124;0.000000
37670112;0.000000
37672109;0.000000
37674159;0.000000
37676115;0.000000
37678122;0.000000
37680112;0.000000
37682111;0.000000
37684160;0.000000
37686157;0.000000
37688156;0.000000
37690134;0.000000
37692132;0.000000
37694131;0.000000
37696159;0.000000
37698150;0.000000
37700133;0.000000
37702133;0.000000
37704133;0.000000
37706160;0.000000
37708124;0.000000
37710110;0.000000
37712114;0.000000
37714109;0.000000
37716112;0.000000
37718168;0.000000
37720133;0.000000
37722130;0.000000
37724133;0.000000
37726135;0.000000
37728165;0.000000
37730119;0.000000
37732115;0.000000
37734113;0.000000
37736111;0.000000
37738128;0.000000
37740159;0.000000
37742134;0.000000
37744135;0.000000
37746137;0.000000
37748144;0.000000
37750154;0.000000
37752116;0.000000
37754111;0.000000
37756112;0.000000
37758126;0.000000
37760112;0.000000
37762158;0.000000
37764131;0.000000
37766135;0.000000
37768150;0.000000
37770132;0.000000
37772160;0.000000
37774117;0.000000
37776109;0.000000
37778127;0.000000
37780107;0.000000
37782110;0.000000
37784160;0.000000
37786130;0.000000
37788151;0.000000
37790132;0.000000
37792130;0.000000
37794164;0.000000
37796113;0.000000
37798120;0.000000
37800107;0.000000
37802116;0.000000
37804110;0.000000
37806159;0.000000
37808154;0.000000
37810137;0.000000
37812129;0.000000
37814134;0.000000
37816203;0.000000
37818150;0.000000
37820130;0.000000
37822129;0.000000
37824133;0.000000
37826131;0.000000
37828159;0.000000
37830112;0.000000
37832112;0.000000
37834111;0.000000
37836111;0.000000
37838184;0.000000
37840135;0.000000
37842134;0.000000
37844133;0.000000
37846130;0.000000
37848147;0.000000
37850166;0.000000
37852118;0.000000
37854118;0.000000
37856113;0.000000
37858124;0.000000
37860117;0.000000
37862161;0.000000
37864134;0.000000
37866130;0.000000
37868143;0.000000
37870130;0.000000
37872156;0.000000
37874110;0.000000
37876113;0.000000
37878120;0.000000
37880113;0.000000
37882113;0.000000
37884158;0.000000
37886132;0.000000
37888143;0.000000
37890126;0.000000
37892131;0.000000
37894154;0.000000
37896112;0.000000
37898123;0.000000
37900112;0.000000
37902116;0.000000
37904112;0.000000
37906157;0.000000
37908146;0.000000
37910130;0.000000
37912134;0.000000
37914130;0.000000
37916159;0.000000
37918127;0.000000
37920112;0.000000
37922114;0.000000
37924111;0.000000
37926117;0.000000
37928171;0.000000
37930134;0.000000
37932135;0.000000
37934131;0.000000
37936132;0.000000
37938163;0.000000
37940114;0.000000
37942113;0.000000
37944109;0.000000
37946112;0.000000
37948310;0.000000
37950137;0.000000
37952133;0.000000
37954130;0.000000
37956135;0.000000
37958139;0.000000
37960144;0.000000
37962114;0.000000
37964109;0.000000
37966111;0.000000
37968120;0.000000
37970173;0.000000
37972144;0.000000
37974136;0.000000
37976134;0.000000
37978152;0.000000
37980135;0.000000
37982154;0.000000
37984134;0.000000
37986132;0.000000
37988137;0.000000
37990133;0.000000
37992159;0.000000
37994109;0.000000
37996108;0.000000
37998126;0.000000
38000110;0.000000
38002192;0.000000
38004129;0.000000
38006131;0.000000
38008148;0.000000
38010130;0.000000
38012132;0.000000
38014156;0.000000
38016114;0.000000
38018121;0.000000
38020113;0.000000
38022112;0.000000
38024328;0.000000
38026136;0.000000
38028143;0.000000
38030132;0.000000
38032134;0.000000
38034130;0.000000
38036155;0.000000
38038129;0.000000
38040111;0.000000
38042108;0.000000
38044108;0.000000
38046167;0.000000
38048152;0.000000
38050130;0.000000
38052129;0.000000
38054130;0.000000
38056131;0.000000
38058176;0.000000
38060135;0.000000
38062132;0.000000
38064133;0.000000
38066133;0.000000
38068166;0.000000
38070114;0.000000
38072115;0.000000
38074109;0.000000
38076113;0.000000
38078122;0.000000
38080165;0.000000
38082135;0.000000
38084139;0.000000
38086132;0.000000
38088149;0.000000
38090158;0.000000
38092116;0.000000
38094111;0.000000
38096119;0.000000
38098126;0.000000
38100109;0.000000
38102157;0.000000
38104131;0.000000
38106126;0.000000
38108144;0.000000
38110132;0.000000
38112155;0.000000
38114120;0.000000
38116115;0.000000
38118122;0.000000
38120107;0.000000
38122112;0.000000
38124157;0.000000
38126137;0.000000
38128147;0.000000
38130131;0.000000
38132131;0.000000
38134154;0.000000
38136112;0.000000
38138122;0.000000
38140106;0.000000
38142114;0.000000
38144169;0.000000
38146155;0.000000
38148149;0.000000
38150135;0.000000
38152136;0.000000
38154131;0.000000
38156157;0.000000
38158127;0.000000
38160109;0.000000
38162117;0.000000
38164108;0.000000
38166222;0.000000
38168151;0.000000
38170131;0.000000
38172131;0.000000
38174133;0.000000
38176129;0.000000
38178160;0.000000
38180114;0.000000
38182112;0.000000
38184109;0.000000
38186111;0.000000
38188165;0.000000
38190113;0.000000
38192112;0.000000
38194110;0.000000
38196110;0.000000
38198128;0.000000
38200159;0.000000
38202124;0.000000
38204116;0.000000
38206117;0.000000
38208131;0.000000
38210278;0.000000
38212138;0.000000
38214134;0.000000
38216130;0.000000
38218147;0.000000
38220128;0.000000
38222153;0.000000
38224115;0.000000
38226113;0.000000
38228128;0.000000
38230109;0.000000
38232154;0.000000
38234108;0.000000
38236118;0.000000
38238119;0.000000
38240110;0.000000
38242116;0.000000
38244161;0.000000
38246133;0.000000
38248143;0.000000
38250135;0.000000
38252129;0.000000
38254160;0.000000
38256114;0.000000
38258129;0.000000
38260110;0.000000
38262113;0.000000
38264112;0.000000
38266158;0.000000
38268152;0.000000
38270135;0.000000
38272133;0.000000
38274130;0.000000
38276161;0.000000
38278125;0.000000
38280113;0.000000
38282112;0.000000
38284111;0.000000
38286116;0.000000
38288173;0.000000
38290136;0.000000
38292130;0.000000
38294128;0.000000
38296129;0.000000
38298165;0.000000
38300111;0.000000
38302112;0.000000
38304112;0.000000
38306108;0.000000
38308126;0.000000
38310158;0.000000
38312141;0.000000
38314132;0.000000
38316141;0.000000
38318142;0.000000
38320156;0.000000
38322113;0.000000
38324110;0.000000
38326109;0.000000
38328125;0.000000
38330108;0.000000
38332159;0.000000
38334131;0.000000
38336132;0.000000
38338145;0.000000
38340131;0.000000
38342159;0.000000
38344116;0.000000
38346109;0.000000
38348124;0.000000
38350113;0.000000
38352297;0.000000
38354137;0.000000
38356136;0.000000
38358149;0.000000
38360130;0.000000
38362136;0.000000
38364150;0.000000
38366115;0.000000
38368124;0.000000
38370110;0.000000
38372113;0.000000
38374165;0.000000
38376162;0.000000
38378150;0.000000
38380134;0.000000
38382132;0.000000
38384134;0.000000
38386153;0.000000
38388131;0.000000
38390114;0.000000
38392106;0.000000
38394116;0.000000
38396118;0.000000
38398169;0.000000
38400131;0.000000
38402135;0.000000
38404135;0.000000
38406131;0.000000
38408169;0.000000
38410119;0.000000
38412111;0.000000
38414112;0.000000
38416109;0.000000
38418127;0.000000
38420163;0.000000
38422143;0.000000
38424142;0.000000
38426138;0.000000
38428145;0.000000
38430156;0.000000
38432123;0.000000
38434117;0.000000
38436116;0.000000
38438137;0.000000
38440168;0.000000
38442157;0.000000
38444133;0.000000
38446137;0.000000
38448146;0.000000
38450129;0.000000
38452157;0.000000
38454135;0.000000
38456132;0.000000
38458144;0.000000
38460128;0.000000
38462163;0.000000
38464121;0.000000
38466109;0.000000
38468130;0.000000
38470113;0.000000
38472177;0.000000
38474140;0.000000
38476136;0.000000
38478137;0.000000
38480136;0.000000
38482134;0.000000
38484163;0.000000
38486114;0.000000
38488118;0.000000
38490112;0.000000
38492115;0.000000
38494165;0.000000
38496115;0.000000
38498128;0.000000
38500114;0.000000
38502115;0.000000
38504111;0.000000
38506157;0.000000
38508159;0.000000
38510133;0.000000
38512127;0.000000
38514129;0.000000
38516157;0.000000
38518124;0.000000
38520111;0.000000
38522105;0.000000
38524110;0.000000
38526111;0.000000
38528171;0.000000
38530136;0.000000
38532136;0.000000
38534136;0.000000
38536127;0.000000
38538215;0.000000
38540140;0.000000
38542127;0.000000
38544134;0.000000
38546128;0.000000
38548147;0.000000
38550159;0.000000
38552114;0.000000
38554115;0.000000
38556112;0.000000
38558125;0.000000
38560169;0.000000
38562153;0.000000
38564135;0.000000
38566135;0.000000
38568147;0.000000
38570137;0.000000
38572161;0.000000
38574122;0.000000
38576116;0.000000
38578122;0.000000
38580113;0.000000
38582111;0.000000
38584150;0.000000
38586134;0.000000
38588148;0.000000
38590129;0.000000
38592132;0.000000
38594159;0.000000
38596120;0.000000
38598138;0.000000
38600110;0.000000
38602117;0.000000
38604160;0.000000
38606113;0.000000
38608123;0.000000
38610106;0.000000
38612113;0.000000
38614116;0.000000
38616156;0.000000
38618146;0.000000
38620133;0.000000
38622130;0.000000
38624130;0.000000
38626161;0.000000
38628121;0.000000
38630112;0.000000
38632110;0.000000
38634113;0.000000
38636109;0.000000
38638170;0.000000
38640133;0.000000
38642136;0.000000
38644131;0.000000
38646133;0.000000
38648156;0.000000
38650112;0.000000
38652113;0.000000
38654113;0.000000
38656110;0.000000
38658168;0.000000
38660112;0.000000
38662113;0.000000
38664113;0.000000
38666112;0.000000
38668121;0.000000
38670169;0.000000
38672142;0.000000
38674139;0.000000
38676137;0.000000
38678149;0.000000
38680157;0.000000
38682116;0.000000
38684108;0.000000
38686109;0.000000
38688121;0.000000
38690112;0.000000
38692162;0.000000
38694136;0.000000
38696131;0.000000
38698141;0.000000
38700133;0.000000
38702157;0.000000
38704118;0.000000
38706111;0.000000
38708127;0.000000
38710113;0.000000
38712111;0.000000
38714160;0.000000
38716132;0.000000
38718146;0.000000
38720136;0.000000
38722132;0.000000
38724159;0.000000
38726112;0.000000
38728123;0.000000
38730116;0.000000
38732109;0.000000
38734113;0.000000
38736158;0.000000
38738147;0.000000
38740133;0.000000
38742130;0.000000
38744128;0.000000
38746150;0.000000
38748126;0.000000
38750112;0.000000
38752114;0.000000
38754113;0.000000
38756166;0.000000
38758172;0.000000
38760137;0.000000
38762136;0.000000
38764130;0.000000
38766131;0.000000
38768167;0.000000
38770116;0.000000
38772113;0.000000
38774110;0.000000
38776106;0.000000
38778122;0.000000
38780166;0.000000
38782142;0.000000
38784136;0.000000
38786132;0.000000
38788152;0.000000
38790148;0.000000
38792112;0.000000
38794109;0.000000
38796110;0.000000
38798126;0.000000
38800167;0.000000
38802155;0.000000
38804135;0.000000
38806130;0.000000
38808143;0.000000
38810135;0.000000
38812159;0.000000
38814119;0.000000
38816111;0.000000
38818125;0.000000
38820115;0.000000
38822184;0.000000
38824131;0.000000
38826134;0.000000
38828151;0.000000
38830133;0.000000
38832130;0.000000
38834153;0.000000
38836136;0.000000
38838149;0.000000
38840133;0.000000
38842134;0.000000
38844184;0.000000
38846137;0.000000
38848150;0.000000
38850131;0.000000
38852130;0.000000
38854129;0.000000
38856159;0.000000
38858149;0.000000
38860132;0.000000
38862131;0.000000
38864130;0.000000
38866155;0.000000
38868123;0.000000
38870115;0.000000
38872112;0.000000
38874111;0.000000
38876108;0.000000
38878170;0.000000
38880137;0.000000
38882127;0.000000
38884128;0.000000
38886129;0.000000
38888167;0.000000
38890112;0.000000
38892110;0.000000
38894109;0.000000
38896112;0.000000
38898314;0.000000
38900144;0.000000
38902135;0.000000
38904136;0.000000
38906136;0.000000
38908148;0.000000
38910156;0.000000
38912119;0.000000
38914108;0.000000
38916115;0.000000
38918121;0.000000
38920156;0.000000
38922111;0.000000
38924108;0.000000
38926110;0.000000
38928126;0.000000
38930110;0.000000
38932164;0.000000
38934138;0.000000
38936130;0.000000
38938143;0.000000
38940129;0.000000
38942157;0.000000
38944114;0.000000
38946115;0.000000
38948122;0.000000
38950110;0.000000
38952171;0.000000
38954152;0.000000
38956116;0.000000
38958123;0.000000
38960109;0.000000
38962108;0.000000
38964116;0.000000
38966152;0.000000
38968148;0.000000
38970133;0.000000
38972131;0.000000
38974128;0.000000
38976158;0.000000
38978133;0.000000
38980110;0.000000
38982110;0.000000
38984106;0.000000
38986114;0.000000
38988164;0.000000
38990132;0.000000
38992130;0.000000
38994130;0.000000
38996128;0.000000
38998162;0.000000
39000116;0.000000
39002121;0.000000
39004113;0.000000
39006115;0.000000
39008127;0.000000
39010167;0.000000
39012136;0.000000
39014140;0.000000
39016138;0.000000
39018147;0.000000
39020159;0.000000
39022115;0.000000
39024116;0.000000
39026109;0.000000
39028128;0.000000
39030160;0.000000
39032156;0.000000
39034138;0.000000
39036133;0.000000
39038149;0.000000
39040134;0.000000
39042159;0.000000
39044114;0.000000
39046113;0.000000
39048123;0.000000
39050113;0.000000
39052111;0.000000
39054158;0.000000
39056131;0.000000
39058148;0.000000
39060132;0.000000
39062132;0.000000
39064163;0.000000
39066113;0.000000
39068121;0.000000
39070107;0.000000
39072111;0.000000
39074298;0.000000
39076135;0.000000
39078148;0.000000
39080135;0.000000
39082134;0.000000
39084129;0.000000
39086149;0.000000
39088133;0.000000
39090111;0.000000
39092111;0.000000
39094109;0.000000
39096154;0.000000
39098122;0.000000
39100115;0.000000
39102114;0.000000
39104113;0.000000
39106110;0.000000
39108167;0.000000
39110132;0.000000
39112135;0.000000
39114136;0.000000
39116131;0.000000
39118167;0.000000
39120112;0.000000
39122114;0.000000
39124116;0.000000
39126113;0.000000
39128127;0.000000
39130162;0.000000
39132140;0.000000
39134139;0.000000
39136134;0.000000
39138152;0.000000
39140157;0.000000
39142111;0.000000
39144113;0.000000
39146115;0.000000
39148122;0.000000
39150205;0.000000
39152138;0.000000
39154135;0.000000
39156131;0.000000
39158145;0.000000
39160133;0.000000
39162147;0.000000
39164119;0.000000
39166114;0.000000
39168118;0.000000
39170112;0.000000
39172163;0.000000
39174116;0.000000
39176114;0.000000
39178120;0.000000
39180114;0.000000
39182112;0.000000
39184160;0.000000
39186131;0.000000
39188149;0.000000
39190133;0.000000
39192132;0.000000
39194159;0.000000
39196107;0.000000
39198120;0.000000
39200110;0.000000
39202111;0.000000
39204112;0.000000
39206156;0.000000
39208147;0.000000
39210131;0.000000
39212130;0.000000
39214133;0.000000
39216155;0.000000
39218126;0.000000
39220115;0.000000
39222111;0.000000
39224115;0.000000
39226113;0.000000
39228172;0.000000
39230139;0.000000
39232133;0.000000
39234129;0.000000
39236131;0.000000
39238167;0.000000
39240115;0.000000
39242112;0.000000
39244114;0.000000
39246112;0.000000
39248122;0.000000
39250167;0.000000
39252142;0.000000
39254137;0.000000
39256135;0.000000
39258146;0.000000
39260165;0.000000
39262118;0.000000
39264110;0.000000
39266112;0.000000
39268120;0.000000
39270117;0.000000
39272157;0.000000
39274136;0.000000
39276134;0.000000
39278142;0.000000
39280130;0.000000
39282151;0.000000
39284118;0.000000
39286110;0.000000
39288123;0.000000
39290115;0.000000
39292288;0.000000
39294134;0.000000
39296130;0.000000
39298146;0.000000
39300135;0.000000
39302184;0.000000
39304155;0.000000
39306131;0.000000
39308144;0.000000
39310129;0.000000
39312136;0.000000
39314159;0.000000
39316116;0.000000
39318131;0.000000
39320114;0.000000
39322111;0.000000
39324307;0.000000
39326146;0.000000
39328144;0.000000
39330137;0.000000
39332131;0.000000
39334128;0.000000
39336151;0.000000
39338127;0.000000
39340109;0.000000
39342108;0.000000
39344111;0.000000
39346159;0.000000
39348172;0.000000
39350131;0.000000
39352129;0.000000
39354125;0.000000
39356131;0.000000
39358169;0.000000
39360112;0.000000
39362115;0.000000
39364114;0.000000
39366115;0.000000
39368322;0.000000
39370145;0.000000
39372139;0.000000
39374138;0.000000
39376138;0.000000
39378141;0.000000
39380158;0.000000
39382115;0.000000
39384115;0.000000
39386115;0.000000
39388123;0.000000
39390118;0.000000
39392160;0.000000
39394133;0.000000
39396135;0.000000
39398144;0.000000
39400136;0.000000
39402162;0.000000
39404113;0.000000
39406112;0.000000
39408124;0.000000
39410112;0.000000
39412318;0.000000
39414138;0.000000
39416134;0.000000
39418151;0.000000
39420133;0.000000
39422128;0.000000
39424155;0.000000
39426139;0.000000
39428143;0.000000
39430134;0.000000
39432131;0.000000
39434159;0.000000
39436111;0.000000
39438118;0.000000
39440108;0.000000
39442115;0.000000
39444109;0.000000
39446157;0.000000
39448151;0.000000
39450129;0.000000
39452136;0.000000
39454129;0.000000
39456161;0.000000
39458129;0.000000
39460114;0.000000
39462110;0.000000
39464116;0.000000
39466160;0.000000
39468120;0.000000
39470115;0.000000
39472117;0.000000
39474116;0.000000
39476114;0.000000
39478166;0.000000
39480133;0.000000
39482133;0.000000
39484128;0.000000
39486132;0.000000
39488168;0.000000
39490121;0.000000
39492110;0.000000
39494110;0.000000
39496114;0.000000
39498128;0.000000
39500160;0.000000
39502143;0.000000
39504137;0.000000
39506136;0.000000
39508144;0.000000
39510157;0.000000
39512110;0.000000
39514109;0.000000
39516110;0.000000
39518128;0.000000
39520108;0.000000
39522155;0.000000
39524135;0.000000
39526126;0.000000
39528145;0.000000
39530131;0.000000
39532159;0.000000
39534121;0.000000
39536110;0.000000
39538122;0.000000
39540114;0.000000
39542112;0.000000
39544163;0.000000
39546139;0.000000
39548147;0.000000
39550130;0.000000
39552131;0.000000
39554163;0.000000
39556115;0.000000
39558127;0.000000
39560112;0.000000
39562109;0.000000
39564108;0.000000
39566159;0.000000
39568143;0.000000
39570134;0.000000
39572127;0.000000
39574130;0.000000
39576157;0.000000
39578126;0.000000
39580111;0.000000
39582109;0.000000
39584116;0.000000
39586113;0.000000
39588175;0.000000
39590135;0.000000
39592131;0.000000
39594128;0.000000
39596129;0.000000
39598166;0.000000
39600115;0.000000
39602111;0.000000
39604108;0.000000
39606111;0.000000
39608122;0.000000
39610161;0.000000
39612140;0.000000
39614140;0.000000
39616138;0.000000
39618151;0.000000
39620154;0.000000
39622116;0.000000
39624110;0.000000
39626111;0.000000
39628126;0.000000
39630113;0.000000
39632163;0.000000
39634134;0.000000
39636136;0.000000
39638147;0.000000
39640132;0.000000
39642152;0.000000
39644115;0.000000
39646116;0.000000
39648119;0.000000
39650112;0.000000
39652160;0.000000
39654158;0.000000
39656136;0.000000
39658151;0.000000
39660139;0.000000
39662132;0.000000
39664156;0.000000
39666114;0.000000
39668131;0.000000
39670112;0.000000
39672109;0.000000
39674201;0.000000
39676137;0.000000
39678147;0.000000
39680138;0.000000
39682131;0.000000
39684127;0.000000
39686158;0.000000
39688159;0.000000
39690134;0.000000
39692130;0.000000
39694131;0.000000
39696159;0.000000
39698128;0.000000
39700112;0.000000
39702109;0.000000
39704114;0.000000
39706117;0.000000
39708175;0.000000
39710143;0.000000
39712136;0.000000
39714132;0.000000
39716132;0.000000
39718198;0.000000
39720139;0.000000
39722130;0.000000
39724133;0.000000
39726133;0.000000
39728150;0.000000
39730144;0.000000
39732111;0.000000
39734112;0.000000
39736118;0.000000
39738129;0.000000
39740156;0.000000
39742119;0.000000
39744116;0.000000
39746109;0.000000
39748120;0.000000
39750114;0.000000
39752149;0.000000
39754118;0.000000
39756106;0.000000
39758118;0.000000
39760114;0.000000
39762308;0.000000
39764138;0.000000
39766133;0.000000
39768142;0.000000
39770130;0.000000
39772133;0.000000
39774154;0.000000
39776116;0.000000
39778129;0.000000
39780110;0.000000
39782115;0.000000
39784167;0.000000
39786147;0.000000
39788147;0.000000
39790133;0.000000
39792131;0.000000
39794134;0.000000
39796156;0.000000
39798133;0.000000
39800112;0.000000
39802113;0.000000
39804117;0.000000
39806162;0.000000
39808129;0.000000
39810111;0.000000
39812109;0.000000
39814112;0.000000
39816109;0.000000
39818169;0.000000
39820138;0.000000
39822130;0.000000
39824129;0.000000
39826133;0.000000
39828166;0.000000
39830113;0.000000
39832111;0.000000
39834111;0.000000
39836111;0.000000
39838126;0.000000
39840167;0.000000
39842146;0.000000
39844140;0.000000
39846144;0.000000
39848149;0.000000
39850164;0.000000
39852110;0.000000
39854105;0.000000
39856113;0.000000
39858126;0.000000
39860111;0.000000
39862156;0.000000
39864136;0.000000
39866131;0.000000
39868144;0.000000
39870132;0.000000
39872158;0.000000
39874117;0.000000
39876115;0.000000
39878118;0.000000
39880108;0.000000
39882192;0.000000
39884136;0.000000
39886129;0.000000
39888146;0.000000
39890125;0.000000
39892129;0.000000
39894154;0.000000
39896137;0.000000
39898142;0.000000
39900134;0.000000
39902132;0.000000
39904157;0.000000
39906119;0.000000
39908135;0.000000
39910115;0.000000
39912114;0.000000
39914112;0.000000
39916160;0.000000
39918149;0.000000
39920131;0.000000
39922130;0.000000
39924130;0.000000
39926161;0.000000
39928127;0.000000
39930113;0.000000
39932106;0.000000
39934114;0.000000
39936111;0.000000
39938169;0.000000
39940133;0.000000
39942129;0.000000
39944134;0.000000
39946132;0.000000
39948163;0.000000
39950113;0.000000
39952112;0.000000
39954111;0.000000
39956113;0.000000
39958182;0.000000
39960164;0.000000
39962140;0.000000
39964134;0.000000
39966138;0.000000
39968146;0.000000
39970160;0.000000
39972130;0.000000
39974132;0.000000
39976129;0.000000
39978147;0.000000
39980155;0.000000
39982117;0.000000
39984113;0.000000
39986114;0.000000
39988121;0.000000
39990116;0.000000
39992163;0.000000
39994133;0.000000
39996129;0.000000
39998142;0.000000
40000132;0.000000
40002202;0.000000
40004135;0.000000
40006137;0.000000
40008153;0.000000
40010131;0.000000
40012128;0.000000
40014158;0.000000
40016134;0.000000
40018142;0.000000
40020131;0.000000
40022133;0.000000
40024154;0.000000
40026114;0.000000
40028117;0.000000
40030113;0.000000
40032113;0.000000
40034114;0.000000
40036154;0.000000
40038147;0.000000
40040132;0.000000
40042132;0.000000
40044133;0.000000
40046159;0.000000
40048128;0.000000
40050113;0.000000
40052115;0.000000
40054108;0.000000
40056318;0.000000
40058158;0.000000
40060133;0.000000
40062131;0.000000
40064129;0.000000
40066130;0.000000
40068168;0.000000
40070114;0.000000
40072111;0.000000
40074112;0.000000
40076111;0.000000
40078205;0.000000
40080134;0.000000
40082132;0.000000
40084132;0.000000
40086129;0.000000
40088142;0.000000
40090162;0.000000
40092136;0.000000
40094130;0.000000
40096134;0.000000
40098154;0.000000
40100154;0.000000
40102112;0.000000
40104112;0.000000
40106115;0.000000
40108125;0.000000
40110165;0.000000
40112154;0.000000
40114133;0.000000
40116127;0.000000
40118153;0.000000
40120131;0.000000
40122157;0.000000
40124130;0.000000
40126128;0.000000
40128144;0.000000
40130133;0.000000
40132158;0.000000
40134117;0.000000
40136111;0.000000
40138124;0.000000
40140105;0.000000
40142113;0.000000
40144159;0.000000
40146140;0.000000
40148149;0.000000
40150136;0.000000
40152131;0.000000
40154156;0.000000
40156114;0.000000
40158123;0.000000
40160113;0.000000
40162111;0.000000
40164153;0.000000
40166114;0.000000
40168126;0.000000
40170106;0.000000
40172110;0.000000
40174114;0.000000
40176148;0.000000
40178126;0.000000
40180111;0.000000
40182113;0.000000
40184112;0.000000
40186166;0.000000
40188127;0.000000
40190110;0.000000
40192108;0.000000
40194109;0.000000
40196167;0.000000
40198171;0.000000
40200139;0.000000
40202130;0.000000
40204127;0.000000
40206131;0.000000
40208161;0.000000
40210110;0.000000
40212111;0.000000
40214112;0.000000
40216118;0.000000
40218177;0.000000
40220167;0.000000
40222147;0.000000
40224141;0.000000
40226137;0.000000
40228147;0.000000
40230161;0.000000
40232113;0.000000
40234112;0.000000
40236114;0.000000
40238123;0.000000
40240159;0.000000
40242115;0.000000
40244111;0.000000
40246113;0.000000
40248125;0.000000
40250112;0.000000
40252159;0.000000
40254141;0.000000
40256136;0.000000
40258144;0.000000
40260129;0.000000
40262162;0.000000
40264122;0.000000
40266112;0.000000
40268124;0.000000
40270113;0.000000
40272109;0.000000
40274159;0.000000
40276135;0.000000
40278152;0.000000
40280136;0.000000
40282130;0.000000
40284156;0.000000
40286111;0.000000
40288118;0.000000
40290111;0.000000
40292109;0.000000
40294166;0.000000
40296159;0.000000
40298149;0.000000
40300132;0.000000
40302129;0.000000
40304125;0.000000
40306164;0.000000
40308128;0.000000
40310113;0.000000
40312110;0.000000
40314112;0.000000
40316111;0.000000
40318174;0.000000
40320139;0.000000
40322132;0.000000
40324132;0.000000
40326131;0.000000
40328162;0.000000
40330113;0.000000
40332108;0.000000
40334108;0.000000
40336112;0.000000
40338207;0.000000
40340136;0.000000
40342131;0.000000
40344127;0.000000
40346135;0.000000
40348138;0.000000
40350153;0.000000
40352114;0.000000
40354107;0.000000
40356106;0.000000
40358122;0.000000
40360188;0.000000
40362140;0.000000
40364130;0.000000
40366132;0.000000
40368150;0.000000
40370135;0.000000
40372156;0.000000
40374132;0.000000
40376128;0.000000
40378150;0.000000
40380134;0.000000
40382159;0.000000
40384113;0.000000
40386112;0.000000
40388127;0.000000
40390108;0.000000
40392111;0.000000
40394157;0.000000
40396132;0.000000
40398151;0.000000
40400127;0.000000
40402126;0.000000
40404156;0.000000
40406118;0.000000
40408122;0.000000
40410112;0.000000
40412114;0.000000
40414164;0.000000
40416158;0.000000
40418149;0.000000
40420133;0.000000
40422128;0.000000
40424126;0.000000
40426155;0.000000
40428132;0.000000
40430112;0.000000
40432111;0.000000
40434110;0.000000
40436192;0.000000
40438145;0.000000
40440128;0.000000
40442132;0.000000
40444131;0.000000
40446129;0.000000
40448167;0.000000
40450115;0.000000
40452112;0.000000
40454112;0.000000
40456112;0.000000
40458241;0.000000
40460136;0.000000
40462138;0.000000
40464128;0.000000
40466131;0.000000
40468137;0.000000
40470164;0.000000
40472109;0.000000
40474110;0.000000
40476114;0.000000
40478122;0.000000
40480163;0.000000
40482122;0.000000
40484113;0.000000
40486107;0.000000
40488128;0.000000
40490109;0.000000
40492158;0.000000
40494134;0.000000
40496133;0.000000
40498143;0.000000
40500138;0.000000
40502160;0.000000
40504120;0.000000
40506111;0.000000
40508119;0.000000
40510108;0.000000
40512333;0.000000
40514139;0.000000
40516131;0.000000
40518146;0.000000
40520130;0.000000
40522129;0.000000
40524161;0.000000
40526120;0.000000
40528133;0.000000
40530117;0.000000
40532108;0.000000
40534168;0.000000
40536161;0.000000
40538152;0.000000
40540129;0.000000
40542133;0.000000
40544125;0.000000
40546145;0.000000
40548134;0.000000
40550119;0.000000
40552114;0.000000
40554115;0.000000
40556159;0.000000
40558132;0.000000
40560113;0.000000
40562110;0.000000
40564109;0.000000
40566114;0.000000
40568167;0.000000
40570116;0.000000
40572111;0.000000
40574110;0.000000
40576111;0.000000
40578343;0.000000
40580142;0.000000
40582133;0.000000
40584135;0.000000
40586138;0.000000
40588146;0.000000
40590156;0.000000
40592139;0.000000
40594133;0.000000
40596126;0.000000
40598144;0.000000
40600158;0.000000
40602114;0.000000
40604110;0.000000
40606113;0.000000
40608129;0.000000
40610111;0.000000
40612155;0.000000
40614138;0.000000
40616132;0.000000
40618150;0.000000
40620131;0.000000
40622166;0.000000
40624114;0.000000
40626112;0.000000
40628131;0.000000
40630116;0.000000
40632162;0.000000
40634113;0.000000
40636112;0.000000
40638128;0.000000
40640108;0.000000
40642113;0.000000
40644155;0.000000
40646134;0.000000
40648147;0.000000
40650136;0.000000
40652127;0.000000
40654162;0.000000
40656114;0.000000
40658124;0.000000
40660112;0.000000
40662107;0.000000
40664324;0.000000
40666137;0.000000
40668143;0.000000
40670132;0.000000
40672129;0.000000
40674130;0.000000
40676160;0.000000
40678155;0.000000
40680136;0.000000
40682131;0.000000
40684131;0.000000
40686159;0.000000
40688128;0.000000
40690117;0.000000
40692113;0.000000
40694111;0.000000
40696207;0.000000
40698149;0.000000
40700131;0.000000
40702134;0.000000
40704134;0.000000
40706128;0.000000
40708174;0.000000
40710140;0.000000
40712137;0.000000
40714132;0.000000
40716134;0.000000
40718166;0.000000
40720114;0.000000
40722110;0.000000
40724111;0.000000
40726113;0.000000
40728121;0.000000
40730166;0.000000
40732139;0.000000
40734137;0.000000
40736136;0.000000
40738154;0.000000
40740151;0.000000
40742110;0.000000
40744109;0.000000
40746111;0.000000
40748117;0.000000
40750114;0.000000
40752155;0.000000
40754134;0.000000
40756135;0.000000
40758147;0.000000
40760134;0.000000
40762163;0.000000
40764117;0.000000
40766107;0.000000
40768120;0.000000
40770111;0.000000
40772112;0.000000
40774158;0.000000
40776138;0.000000
40778152;0.000000
40780130;0.000000
40782130;0.000000
40784157;0.000000
40786117;0.000000
40788121;0.000000
40790116;0.000000
40792113;0.000000
40794116;0.000000
40796155;0.000000
40798137;0.000000
40800131;0.000000
40802137;0.000000
40804133;0.000000
40806158;0.000000
40808128;0.000000
40810119;0.000000
40812120;0.000000
40814113;0.000000
40816115;0.000000
40818164;0.000000
40820135;0.000000
40822130;0.000000
40824133;0.000000
40826130;0.000000
40828170;0.000000
40830120;0.000000
40832114;0.000000
40834107;0.000000
40836108;0.000000
40838123;0.000000
40840164;0.000000
40842134;0.000000
40844140;0.000000
40846137;0.000000
40848151;0.000000
40850157;0.000000
40852116;0.000000
40854119;0.000000
40856109;0.000000
40858123;0.000000
40860158;0.000000
40862115;0.000000
40864111;0.000000
40866107;0.000000
40868123;0.000000
40870213;0.000000
40872138;0.000000
40874132;0.000000
40876127;0.000000
40878150;0.000000
40880136;0.000000
40882159;0.000000
40884132;0.000000
40886130;0.000000
40888149;0.000000
40890132;0.000000
40892155;0.000000
40894110;0.000000
40896114;0.000000
40898120;0.000000
40900113;0.000000
40902163;0.000000
40904155;0.000000
40906133;0.000000
40908144;0.000000
40910125;0.000000
40912131;0.000000
40914153;0.000000
40916113;0.000000
40918130;0.000000
40920110;0.000000
40922108;0.000000
40924151;0.000000
40926113;0.000000
40928121;0.000000
40930113;0.000000
40932112;0.000000
40934116;0.000000
40936162;0.000000
40938147;0.000000
40940132;0.000000
40942130;0.000000
40944131;0.000000
40946159;0.000000
40948128;0.000000
40950115;0.000000
40952114;0.000000
40954114;0.000000
40956113;0.000000
40958169;0.000000
40960134;0.000000
40962131;0.000000
40964129;0.000000
40966131;0.000000
40968165;0.000000
40970112;0.000000
40972109;0.000000
40974111;0.000000
40976110;0.000000
40978122;0.000000
40980166;0.000000
40982141;0.000000
40984135;0.000000
40986140;0.000000
40988147;0.000000
40990157;0.000000
40992117;0.000000
40994111;0.000000
40996113;0.000000
40998123;0.000000
41000114;0.000000
41002159;0.000000
41004138;0.000000
41006130;0.000000
41008153;0.000000
41010133;0.000000
41012163;0.000000
41014120;0.000000
41016111;0.000000
41018127;0.000000
41020113;0.000000
41022328;0.000000
41024130;0.000000
41026130;0.000000
41028145;0.000000
41030134;0.000000
41032133;0.000000
41034158;0.000000
41036135;0.000000
41038151;0.000000
41040137;0.000000
41042136;0.000000
41044160;0.000000
41046112;0.000000
41048127;0.000000
41050116;0.000000
41052110;0.000000
41054114;0.000000
41056153;0.000000
41058148;0.000000
41060134;0.000000
41062129;0.000000
41064130;0.000000
41066153;0.000000
41068125;0.000000
41070114;0.000000
41072106;0.000000
41074109;0.000000
41076160;0.000000
41078169;0.000000
41080139;0.000000
41082133;0.000000
41084133;0.000000
41086127;0.000000
41088166;0.000000
41090112;0.000000
41092115;0.000000
41094105;0.000000
41096108;0.000000
41098181;0.000000
41100166;0.000000
41102137;0.000000
41104139;0.000000
41106136;0.000000
41108145;0.000000
41110153;0.000000
41112115;0.000000
41114109;0.000000
41116114;0.000000
41118124;0.000000
41120116;0.000000
41122155;0.000000
41124135;0.000000
41126130;0.000000
41128143;0.000000
41130132;0.000000
41132156;0.000000
41134110;0.000000
41136110;0.000000
41138127;0.000000
41140108;0.000000
41142320;0.000000
41144141;0.000000
41146134;0.000000
41148144;0.000000
41150134;0.000000
41152134;0.000000
41154155;0.000000
41156131;0.000000
41158142;0.000000
41160130;0.000000
41162127;0.000000
41164156;0.000000
41166116;0.000000
41168125;0.000000
41170118;0.000000
41172117;0.000000
41174116;0.000000
41176160;0.000000
41178148;0.000000
41180139;0.000000
41182133;0.000000
41184134;0.000000
41186160;0.000000
41188129;0.000000
41190112;0.000000
41192106;0.000000
41194112;0.000000
41196110;0.000000
41198173;0.000000
41200136;0.000000
41202127;0.000000
41204137;0.000000
41206135;0.000000
41208167;0.000000
41210111;0.000000
41212110;0.000000
41214114;0.000000
41216110;0.000000
41218127;0.000000
41220162;0.000000
41222139;0.000000
41224132;0.000000
41226139;0.000000
41228142;0.000000
41230161;0.000000
41232114;0.000000
41234107;0.000000
41236115;0.000000
41238121;0.000000
41240161;0.000000
41242159;0.000000
41244134;0.000000
41246129;0.000000
41248153;0.000000
41250134;0.000000
41252143;0.000000
41254114;0.000000
41256109;0.000000
41258125;0.000000
41260111;0.000000
41262324;0.000000
41264141;0.000000
41266134;0.000000
41268146;0.000000
41270130;0.000000
41272134;0.000000
41274160;0.000000
41276129;0.000000
41278151;0.000000
41280133;0.000000
41282131;0.000000
41284157;0.000000
41286112;0.000000
41288125;0.000000
41290114;0.000000
41292113;0.000000
41294116;0.000000
41296155;0.000000
41298148;0.000000
41300134;0.000000
41302129;0.000000
41304129;0.000000
41306158;0.000000
41308123;0.000000
41310110;0.000000
41312118;0.000000
41314111;0.000000
41316110;0.000000
41318174;0.000000
41320130;0.000000
41322136;0.000000
41324128;0.000000
41326126;0.000000
41328163;0.000000
41330115;0.000000
41332110;0.000000
41334112;0.000000
41336113;0.000000
41338123;0.000000
41340164;0.000000
41342142;0.000000
41344139;0.000000
41346133;0.000000
41348146;0.000000
41350157;0.000000
41352114;0.000000
41354110;0.000000
41356110;0.000000
41358128;0.000000
41360112;0.000000
41362161;0.000000
41364137;0.000000
41366132;0.000000
41368153;0.000000
41370130;0.000000
41372161;0.000000
41374112;0.000000
41376111;0.000000
41378131;0.000000
41380105;0.000000
41382110;0.000000
41384159;0.000000
41386137;0.000000
41388149;0.000000
41390137;0.000000
41392131;0.000000
41394151;0.000000
41396113;0.000000
41398121;0.000000
41400112;0.000000
41402114;0.000000
41404161;0.000000
41406157;0.000000
41408157;0.000000
41410128;0.000000
41412137;0.000000
41414132;0.000000
41416156;0.000000
41418141;0.000000
41420135;0.000000
41422132;0.000000
41424128;0.000000
41426157;0.000000
41428129;0.000000
41430114;0.000000
41432115;0.000000
41434113;0.000000
41436108;0.000000
41438170;0.000000
41440135;0.000000
41442136;0.000000
41444136;0.000000
41446131;0.000000
41448169;0.000000
41450113;0.000000
41452108;0.000000
41454110;0.000000
41456116;0.000000
41458361;0.000000
41460148;0.000000
41462138;0.000000
41464135;0.000000
41466138;0.000000
41468146;0.000000
41470157;0.000000
41472115;0.000000
41474109;0.000000
41476106;0.000000
41478129;0.000000
41480163;0.000000
41482155;0.000000
41484132;0.000000
41486132;0.000000
41488146;0.000000
41490138;0.000000
41492153;0.000000
41494116;0.000000
41496113;0.000000
41498117;0.000000
41500113;0.000000
41502208;0.000000
41504130;0.000000
41506134;0.000000
41508148;0.000000
41510132;0.000000
41512132;0.000000
41514156;0.000000
41516130;0.000000
41518147;0.000000
41520128;0.000000
41522132;0.000000
41524156;0.000000
41526107;0.000000
41528124;0.000000
41530110;0.000000
41532109;0.000000
41534164;0.000000
41536158;0.000000
41538150;0.000000
41540133;0.000000
41542132;0.000000
41544132;0.000000
41546144;0.000000
41548126;0.000000
41550114;0.000000
41552110;0.000000
41554109;0.000000
41556157;0.000000
41558129;0.000000
41560116;0.000000
41562111;0.000000
41564117;0.000000
41566117;0.000000
41568171;0.000000
41570135;0.000000
41572128;0.000000
41574131;0.000000
41576129;0.000000
41578171;0.000000
41580144;0.000000
41582139;0.000000
41584130;0.000000
41586129;0.000000
41588142;0.000000
41590157;0.000000
41592118;0.000000
41594108;0.000000
41596115;0.000000
41598125;0.000000
41600157;0.000000
41602116;0.000000
41604115;0.000000
41606113;0.000000
41608119;0.000000
41610110;0.000000
41612160;0.000000
41614137;0.000000
41616127;0.000000
41618142;0.000000
41620131;0.000000
41622161;0.000000
41624113;0.000000
41626109;0.000000
41628121;0.000000
41630107;0.000000
41632210;0.000000
41634136;0.000000
41636128;0.000000
41638146;0.000000
41640133;0.000000
41642130;0.000000
41644160;0.000000
41646138;0.000000
41648138;0.000000
41650132;0.000000
41652129;0.000000
41654154;0.000000
41656119;0.000000
41658127;0.000000
41660116;0.000000
41662111;0.000000
41664109;0.000000
41666155;0.000000
41668148;0.000000
41670140;0.000000
41672125;0.000000
41674133;0.000000
41676153;0.000000
41678122;0.000000
41680112;0.000000
41682113;0.000000
41684115;0.000000
41686110;0.000000
41688164;0.000000
41690134;0.000000
41692130;0.000000
41694128;0.000000
41696135;0.000000
41698167;0.000000
41700115;0.000000
41702115;0.000000
41704111;0.000000
41706115;0.000000
41708119;0.000000
41710168;0.000000
41712144;0.000000
41714135;0.000000
41716130;0.000000
41718154;0.000000
41720159;0.000000
41722114;0.000000
41724111;0.000000
41726108;0.000000
41728124;0.000000
41730157;0.000000
41732118;0.000000
41734112;0.000000
41736112;0.000000
41738118;0.000000
41740109;0.000000
41742158;0.000000
41744137;0.000000
41746131;0.000000
41748138;0.000000
41750130;0.000000
41752159;0.000000
41754117;0.000000
41756110;0.000000
41758129;0.000000
41760106;0.000000
41762110;0.000000
41764157;0.000000
41766139;0.000000
41768150;0.000000
41770129;0.000000
41772128;0.000000
41774159;0.000000
41776107;0.000000
41778123;0.000000
41780114;0.000000
41782118;0.000000
41784180;0.000000
41786157;0.000000
41788145;0.000000
41790138;0.000000
41792133;0.000000
41794134;0.000000
41796145;0.000000
41798132;0.000000
41800112;0.000000
41802111;0.000000
41804114;0.000000
41806208;0.000000
41808149;0.000000
41810125;0.000000
41812131;0.000000
41814133;0.000000
41816129;0.000000
41818178;0.000000
41820132;0.000000
41822130;0.000000
41824133;0.000000
41826130;0.000000
41828165;0.000000
41830119;0.000000
41832112;0.000000
41834113;0.000000
41836117;0.000000
41838331;0.000000
41840141;0.000000
41842138;0.000000
41844135;0.000000
41846132;0.000000
41848150;0.000000
41850153;0.000000
41852117;0.000000
41854108;0.000000
41856110;0.000000
41858120;0.000000
41860111;0.000000
41862157;0.000000
41864133;0.000000
41866128;0.000000
41868149;0.000000
41870138;0.000000
41872153;0.000000
41874111;0.000000
41876109;0.000000
41878129;0.000000
41880110;0.000000
41882156;0.000000
41884115;0.000000
41886112;0.000000
41888124;0.000000
41890113;0.000000
41892110;0.000000
41894150;0.000000
41896114;0.000000
41898131;0.000000
41900112;0.000000
41902109;0.000000
41904157;0.000000
41906111;0.000000
41908125;0.000000
41910114;0.000000
41912113;0.000000
41914164;0.000000
41916158;0.000000
41918150;0.000000
41920132;0.000000
41922133;0.000000
41924135;0.000000
41926154;0.000000
41928122;0.000000
41930112;0.000000
41932107;0.000000
41934112;0.000000
41936112;0.000000
41938164;0.000000
41940136;0.000000
41942132;0.000000
41944130;0.000000
41946127;0.000000
41948166;0.000000
41950115;0.000000
41952108;0.000000
41954113;0.000000
41956112;0.000000
41958219;0.000000
41960156;0.000000
41962139;0.000000
41964133;0.000000
41966131;0.000000
41968147;0.000000
41970156;0.000000
41972112;0.000000
41974110;0.000000
41976117;0.000000
41978129;0.000000
41980175;0.000000
41982161;0.000000
41984131;0.000000
41986126;0.000000
41988146;0.000000
41990132;0.000000
41992155;0.000000
41994112;0.000000
41996108;0.000000
41998120;0.000000
42000112;0.000000
42002109;0.000000
42004157;0.000000
42006138;0.000000
42008147;0.000000
42010132;0.000000
42012133;0.000000
42014155;0.000000
42016115;0.000000
42018126;0.000000
42020111;0.000000
42022115;0.000000
42024327;0.000000
42026144;0.000000
42028155;0.000000
42030137;0.000000
42032130;0.000000
42034132;0.000000
42036157;0.000000
42038129;0.000000
42040107;0.000000
42042110;0.000000
42044112;0.000000
42046158;0.000000
42048131;0.000000
42050113;0.000000
42052111;0.000000
42054109;0.000000
42056115;0.000000
42058161;0.000000
42060110;0.000000
42062114;0.000000
42064116;0.000000
42066115;0.000000
42068163;0.000000
42070116;0.000000
42072110;0.000000
42074115;0.000000
42076112;0.000000
42078224;0.000000
42080138;0.000000
42082131;0.000000
42084129;0.000000
42086129;0.000000
42088139;0.000000
42090153;0.000000
42092138;0.000000
42094131;0.000000
42096132;0.000000
42098145;0.000000
42100128;0.000000
42102153;0.000000
42104135;0.000000
42106131;0.000000
42108149;0.000000
42110128;0.000000
42112150;0.000000
42114109;0.000000
42116114;0.000000
42118124;0.000000
42120110;0.000000
42122318;0.000000
42124135;0.000000
42126133;0.000000
42128154;0.000000
42130131;0.000000
42132132;0.000000
42134153;0.000000
42136113;0.000000
42138127;0.000000
42140116;0.000000
42142113;0.000000
42144109;0.000000
42146156;0.000000
42148150;0.000000
42150130;0.000000
42152130;0.000000
42154132;0.000000
42156161;0.000000
42158152;0.000000
42160132;0.000000
42162130;0.000000
42164134;0.000000
42166155;0.000000
42168130;0.000000
42170117;0.000000
42172111;0.000000
42174115;0.000000
42176108;0.000000
42178169;0.000000
42180135;0.000000
42182134;0.000000
42184131;0.000000
42186128;0.000000
42188168;0.000000
42190116;0.000000
42192112;0.000000
42194116;0.000000
42196112;0.000000
42198167;0.000000
42200119;0.000000
42202108;0.000000
42204114;0.000000
42206109;0.000000
42208127;0.000000
42210168;0.000000
42212134;0.000000
42214135;0.000000
42216137;0.000000
42218150;0.000000
42220153;0.000000
42222116;0.000000
42224107;0.000000
42226109;0.000000
42228128;0.000000
42230118;0.000000
42232155;0.000000
42234137;0.000000
42236138;0.000000
42238149;0.000000
42240131;0.000000
42242156;0.000000
42244114;0.000000
42246111;0.000000
42248124;0.000000
42250113;0.000000
42252113;0.000000
42254154;0.000000
42256134;0.000000
42258146;0.000000
42260136;0.000000
42262132;0.000000
42264155;0.000000
42266111;0.000000
42268118;0.000000
42270113;0.000000
42272110;0.000000
42274113;0.000000
42276161;0.000000
42278154;0.000000
42280133;0.000000
42282134;0.000000
42284127;0.000000
42286162;0.000000
42288129;0.000000
42290115;0.000000
42292112;0.000000
42294115;0.000000
42296112;0.000000
42298164;0.000000
42300133;0.000000
42302135;0.000000
42304133;0.000000
42306130;0.000000
42308163;0.000000
42310118;0.000000
42312110;0.000000
42314110;0.000000
42316109;0.000000
42318344;0.000000
42320147;0.000000
42322138;0.000000
42324139;0.000000
42326138;0.000000
42328146;0.000000
42330157;0.000000
42332119;0.000000
42334110;0.000000
42336117;0.000000
42338125;0.000000
42340158;0.000000
42342115;0.000000
42344109;0.000000
42346113;0.000000
42348126;0.000000
42350113;0.000000
42352151;0.000000
42354120;0.000000
42356111;0.000000
42358118;0.000000
42360110;0.000000
42362165;0.000000
42364113;0.000000
42366110;0.000000
42368125;0.000000
42370111;0.000000
42372114;0.000000
42374161;0.000000
42376136;0.000000
42378150;0.000000
42380131;0.000000
42382128;0.000000
42384156;0.000000
42386110;0.000000
42388121;0.000000
42390111;0.000000
42392116;0.000000
42394113;0.000000
42396155;0.000000
42398155;0.000000
42400132;0.000000
42402134;0.000000
42404132;0.000000
42406144;0.000000
42408134;0.000000
42410109;0.000000
42412106;0.000000
42414112;0.000000
42416154;0.000000
42418123;0.000000
42420113;0.000000
42422114;0.000000
42424110;0.000000
42426109;0.000000
42428155;0.000000
42430122;0.000000
42432118;0.000000
42434112;0.000000
42436112;0.000000
42438232;0.000000
42440139;0.000000
42442130;0.000000
42444129;0.000000
42446130;0.000000
42448148;0.000000
42450154;0.000000
42452130;0.000000
42454133;0.000000
42456131;0.000000
42458149;0.000000
42460162;0.000000
42462117;0.000000
42464114;0.000000
42466112;0.000000
42468118;0.000000
42470164;0.000000
42472155;0.000000
42474132;0.000000
42476129;0.000000
42478148;0.000000
42480134;0.000000
42482159;0.000000
42484115;0.000000
42486111;0.000000
42488123;0.000000
42490112;0.000000
42492112;0.000000
42494157;0.000000
42496132;0.000000
42498151;0.000000
42500133;0.000000
42502133;0.000000
42504155;0.000000
42506115;0.000000
42508126;0.000000
42510110;0.000000
42512114;0.000000
42514162;0.000000
42516156;0.000000
42518146;0.000000
42520134;0.000000
42522128;0.000000
42524134;0.000000
42526159;0.000000
42528149;0.000000
42530133;0.000000
42532135;0.000000
42534130;0.000000
42536150;0.000000
42538123;0.000000
42540115;0.000000
42542114;0.000000
42544111;0.000000
42546115;0.000000
42548171;0.000000
42550134;0.000000
42552133;0.000000
42554131;0.000000
42556130;0.000000
42558165;0.000000
42560116;0.000000
42562112;0.000000
42564120;0.000000
42566112;0.000000
42568179;0.000000
42570165;0.000000
42572140;0.000000
42574144;0.000000
42576138;0.000000
42578145;0.000000
42580160;0.000000
42582118;0.000000
42584118;0.000000
42586120;0.000000
42588130;0.000000
42590332;0.000000
42592141;0.000000
42594128;0.000000
42596130;0.000000
42598144;0.000000
42600131;0.000000
42602159;0.000000
42604116;0.000000
42606114;0.000000
42608117;0.000000
42610112;0.000000
42612107;0.000000
42614158;0.000000
42616136;0.000000
42618143;0.000000
42620135;0.000000
42622131;0.000000
42624167;0.000000
42626115;0.000000
42628116;0.000000
42630109;0.000000
42632107;0.000000
42634113;0.000000
42636155;0.000000
42638149;0.000000
42640129;0.000000
42642131;0.000000
42644133;0.000000
42646159;0.000000
42648120;0.000000
42650111;0.000000
42652113;0.000000
42654110;0.000000
42656216;0.000000
42658148;0.000000
42660135;0.000000
42662132;0.000000
42664134;0.000000
42666130;0.000000
42668159;0.000000
42670119;0.000000
42672119;0.000000
42674112;0.000000
42676108;0.000000
42678178;0.000000
42680162;0.000000
42682140;0.000000
42684139;0.000000
42686141;0.000000
42688148;0.000000
42690152;0.000000
42692116;0.000000
42694113;0.000000
42696112;0.000000
42698121;0.000000
42700161;0.000000
42702152;0.000000
42704135;0.000000
42706137;0.000000
42708150;0.000000
42710135;0.000000
42712157;0.000000
42714112;0.000000
42716109;0.000000
42718125;0.000000
42720109;0.000000
42722206;0.000000
42724134;0.000000
42726123;0.000000
42728143;0.000000
42730130;0.000000
42732127;0.000000
42734160;0.000000
42736128;0.000000
42738148;0.000000
42740134;0.000000
42742128;0.000000
42744153;0.000000
42746111;0.000000
42748123;0.000000
42750109;0.000000
42752108;0.000000
42754108;0.000000
42756159;0.000000
42758152;0.000000
42760133;0.000000
42762132;0.000000
42764129;0.000000
42766160;0.000000
42768128;0.000000
42770113;0.000000
42772113;0.000000
42774113;0.000000
42776164;0.000000
42778174;0.000000
42780133;0.000000
42782133;0.000000
42784128;0.000000
42786126;0.000000
42788167;0.000000
42790114;0.000000
42792112;0.000000
42794110;0.000000
42796108;0.000000
42798349;0.000000
42800145;0.000000
42802145;0.000000
42804136;0.000000
42806136;0.000000
42808148;0.000000
42810160;0.000000
42812117;0.000000
42814113;0.000000
42816114;0.000000
42818123;0.000000
42820108;0.000000
42822162;0.000000
42824139;0.000000
42826130;0.000000
42828149;0.000000
42830133;0.000000
42832158;0.000000
42834118;0.000000
42836114;0.000000
42838122;0.000000
42840113;0.000000
42842116;0.000000
42844158;0.000000
42846136;0.000000
42848147;0.000000
42850133;0.000000
42852130;0.000000
42854161;0.000000
42856118;0.000000
42858127;0.000000
42860112;0.000000
42862113;0.000000
42864109;0.000000
42866156;0.000000
42868149;0.000000
42870135;0.000000
42872134;0.000000
42874132;0.000000
42876158;0.000000
42878128;0.000000
42880114;0.000000
42882110;0.000000
42884112;0.000000
42886158;0.000000
42888131;0.000000
42890111;0.000000
42892110;0.000000
42894106;0.000000
42896111;0.000000
42898173;0.000000
42900130;0.000000
42902130;0.000000
42904129;0.000000
42906133;0.000000
42908170;0.000000
42910113;0.000000
42912113;0.000000
42914116;0.000000
42916115;0.000000
42918178;0.000000
42920169;0.000000
42922135;0.000000
42924134;0.000000
42926130;0.000000
42928148;0.000000
42930164;0.000000
42932137;0.000000
42934129;0.000000
42936132;0.000000
42938141;0.000000
42940326;0.000000
42942137;0.000000
42944131;0.000000
42946135;0.000000
42948147;0.000000
42950131;0.000000
42952155;0.000000
42954116;0.000000
42956111;0.000000
42958133;0.000000
42960113;0.000000
42962336;0.000000
42964141;0.000000
42966128;0.000000
42968146;0.000000
42970128;0.000000
42972135;0.000000
42974152;0.000000
42976110;0.000000
42978122;0.000000
42980105;0.000000
42982108;0.000000
42984232;0.000000
42986134;0.000000
42988143;0.000000
42990132;0.000000
42992131;0.000000
42994131;0.000000
42996159;0.000000
42998146;0.000000
43000132;0.000000
43002132;0.000000
43004129;0.000000
43006161;0.000000
43008134;0.000000
43010111;0.000000
43012113;0.000000
43014111;0.000000
43016112;0.000000
43018164;0.000000
43020114;0.000000
43022106;0.000000
43024109;0.000000
43026117;0.000000
43028170;0.000000
43030119;0.000000
43032111;0.000000
43034106;0.000000
43036106;0.000000
43038126;0.000000
43040164;0.000000
43042141;0.000000
43044138;0.000000
43046133;0.000000
43048148;0.000000
43050162;0.000000
43052118;0.000000
43054110;0.000000
43056110;0.000000
43058120;0.000000
43060110;0.000000
43062155;0.000000
43064135;0.000000
43066128;0.000000
43068141;0.000000
43070129;0.000000
43072162;0.000000
43074115;0.000000
43076114;0.000000
43078125;0.000000
43080114;0.000000
43082113;0.000000
43084163;0.000000
43086138;0.000000
43088146;0.000000
43090130;0.000000
43092127;0.000000
43094157;0.000000
43096119;0.000000
43098128;0.000000
43100109;0.000000
43102110;0.000000
43104112;0.000000
43106158;0.000000
43108150;0.000000
43110136;0.000000
43112129;0.000000
43114131;0.000000
43116157;0.000000
43118124;0.000000
43120112;0.000000
43122110;0.000000
43124112;0.000000
43126155;0.000000
43128132;0.000000
43130110;0.000000
43132114;0.000000
43134114;0.000000
43136110;0.000000
43138175;0.000000
43140138;0.000000
43142139;0.000000
43144132;0.000000
43146134;0.000000
43148165;0.000000
43150113;0.000000
43152113;0.000000
43154114;0.000000
43156113;0.000000
43158123;0.000000
43160165;0.000000
43162138;0.000000
43164133;0.000000
43166138;0.000000
43168148;0.000000
43170158;0.000000
43172115;0.000000
43174112;0.000000
43176111;0.000000
43178125;0.000000
43180113;0.000000
43182157;0.000000
43184136;0.000000
43186131;0.000000
43188148;0.000000
43190132;0.000000
43192212;0.000000
43194137;0.000000
43196134;0.000000
43198146;0.000000
43200135;0.000000
43202134;0.000000
43204146;0.000000
43206120;0.000000
43208125;0.000000
43210114;0.000000
43212110;0.000000
43214333;0.000000
43216142;0.000000
43218147;0.000000
43220134;0.000000
43222127;0.000000
43224132;0.000000
43226160;0.000000
43228124;0.000000
43230111;0.000000
43232117;0.000000
43234110;0.000000
43236320;0.000000
43238157;0.000000
43240133;0.000000
43242132;0.000000
43244131;0.000000
43246131;0.000000
43248171;0.000000
43250135;0.000000
43252131;0.000000
43254131;0.000000
43256128;0.000000
43258166;0.000000
43260107;0.000000
43262111;0.000000
43264107;0.000000
43266114;0.000000
43268188;0.000000
43270166;0.000000
43272139;0.000000
43274134;0.000000
43276137;0.000000
43278145;0.000000
43280158;0.000000
43282134;0.000000
43284131;0.000000
43286132;0.000000
43288144;0.000000
43290165;0.000000
43292114;0.000000
43294108;0.000000
43296110;0.000000
43298119;0.000000
43300118;0.000000
43302162;0.000000
43304128;0.000000
43306129;0.000000
43308140;0.000000
43310134;0.000000
43312153;0.000000
43314123;0.000000
43316108;0.000000
43318123;0.000000
43320109;0.000000
43322112;0.000000
43324161;0.000000
43326137;0.000000
43328146;0.000000
43330134;0.000000
43332128;0.000000
43334155;0.000000
43336116;0.000000
43338126;0.000000
43340113;0.000000
43342109;0.000000
43344113;0.000000
43346150;0.000000
43348132;0.000000
43350110;0.000000
43352112;0.000000
43354112;0.000000
43356160;0.000000
43358128;0.000000
43360111;0.000000
43362108;0.000000
43364111;0.000000
43366110;0.000000
43368163;0.000000
43370111;0.000000
43372108;0.000000
43374113;0.000000
43376113;0.000000
43378125;0.000000
43380162;0.000000
43382139;0.000000
43384139;0.000000
43386138;0.000000
43388147;0.000000
43390164;0.000000
43392120;0.000000
43394109;0.000000
43396108;0.000000
43398122;0.000000
43400155;0.000000
43402118;0.000000
43404114;0.000000
43406115;0.000000
43408128;0.000000
43410108;0.000000
43412161;0.000000
43414135;0.000000
43416133;0.000000
43418145;0.000000
43420135;0.000000
43422158;0.000000
43424117;0.000000
43426112;0.000000
43428124;0.000000
43430113;0.000000
43432115;0.000000
43434155;0.000000
43436136;0.000000
43438151;0.000000
43440135;0.000000
43442134;0.000000
43444161;0.000000
43446111;0.000000
43448129;0.000000
43450110;0.000000
43452114;0.000000
43454167;0.000000
43456159;0.000000
43458152;0.000000
43460131;0.000000
43462128;0.000000
43464132;0.000000
43466161;0.000000
43468124;0.000000
43470109;0.000000
43472111;0.000000
43474114;0.000000
43476157;0.000000
43478134;0.000000
43480114;0.000000
43482107;0.000000
43484111;0.000000
43486113;0.000000
43488172;0.000000
43490133;0.000000
43492130;0.000000
43494128;0.000000
43496131;0.000000
43498173;0.000000
43500113;0.000000
43502111;0.000000
43504111;0.000000
43506110;0.000000
43508122;0.000000
43510165;0.000000
43512142;0.000000
43514137;0.000000
43516138;0.000000
43518154;0.000000
43520162;0.000000
43522111;0.000000
43524112;0.000000
43526108;0.000000
43528119;0.000000
43530238;0.000000
43532134;0.000000
43534132;0.000000
43536127;0.000000
43538148;0.000000
43540133;0.000000
43542154;0.000000
43544117;0.000000
43546111;0.000000
43548124;0.000000
43550109;0.000000
43552325;0.000000
43554135;0.000000
43556129;0.000000
43558149;0.000000
43560130;0.000000
43562127;0.000000
43564164;0.000000
43566121;0.000000
43568127;0.000000
43570108;0.000000
43572112;0.000000
43574163;0.000000
43576153;0.000000
43578154;0.000000
43580130;0.000000
43582127;0.000000
43584130;0.000000
43586148;0.000000
43588132;0.000000
43590115;0.000000
43592109;0.000000
43594116;0.000000
43596162;0.000000
43598123;0.000000
43600110;0.000000
43602110;0.000000
43604112;0.000000
43606104;0.000000
43608167;0.000000
43610115;0.000000
43612118;0.000000
43614108;0.000000
43616115;0.000000
43618351;0.000000
43620148;0.000000
43622136;0.000000
43624139;0.000000
43626134;0.000000
43628146;0.000000
43630161;0.000000
43632136;0.000000
43634133;0.000000
43636131;0.000000
43638149;0.000000
43640158;0.000000
43642122;0.000000
43644116;0.000000
43646111;0.000000
43648123;0.000000
43650107;0.000000
43652156;0.000000
43654133;0.000000
43656128;0.000000
43658149;0.000000
43660131;0.000000
43662157;0.000000
43664120;0.000000
43666118;0.000000
43668119;0.000000
43670115;0.000000
43672115;0.000000
43674149;0.000000
43676115;0.000000
43678128;0.000000
43680108;0.000000
43682115;0.000000
43684164;0.000000
43686123;0.000000
43688129;0.000000
43690107;0.000000
43692112;0.000000
43694108;0.000000
43696155;0.000000
43698148;0.000000
43700131;0.000000
43702130;0.000000
43704128;0.000000
43706164;0.000000
43708130;0.000000
43710114;0.000000
43712108;0.000000
43714114;0.000000
43716111;0.000000
43718167;0.000000
43720136;0.000000
43722128;0.000000
43724129;0.000000
43726134;0.000000
43728173;0.000000
43730113;0.000000
43732111;0.000000
43734116;0.000000
43736111;0.000000
43738124;0.000000
43740170;0.000000
43742140;0.000000
43744137;0.000000
43746135;0.000000
43748152;0.000000
43750155;0.000000
43752116;0.000000
43754109;0.000000
43756113;0.000000
43758128;0.000000
43760107;0.000000
43762160;0.000000
43764132;0.000000
43766133;0.000000
43768146;0.000000
43770131;0.000000
43772162;0.000000
43774115;0.000000
43776107;0.000000
43778124;0.000000
43780114;0.000000
43782113;0.000000
43784160;0.000000
43786132;0.000000
43788144;0.000000
43790133;0.000000
43792130;0.000000
43794158;0.000000
43796114;0.000000
43798120;0.000000
43800110;0.000000
43802113;0.000000
43804109;0.000000
43806160;0.000000
43808150;0.000000
43810131;0.000000
43812136;0.000000
43814132;0.000000
43816160;0.000000
43818121;0.000000
43820110;0.000000
43822113;0.000000
43824110;0.000000
43826109;0.000000
43828172;0.000000
43830134;0.000000
43832133;0.000000
43834132;0.000000
43836130;0.000000
43838166;0.000000
43840115;0.000000
43842107;0.000000
43844114;0.000000
43846111;0.000000
43848172;0.000000
43850165;0.000000
43852141;0.000000
43854138;0.000000
43856136;0.000000
43858150;0.000000
43860149;0.000000
43862112;0.000000
43864113;0.000000
43866110;0.000000
43868121;0.000000
43870108;0.000000
43872156;0.000000
43874130;0.000000
43876126;0.000000
43878145;0.000000
43880136;0.000000
43882158;0.000000
43884116;0.000000
43886111;0.000000
43888126;0.000000
43890112;0.000000
43892111;0.000000
43894159;0.000000
43896133;0.000000
43898146;0.000000
43900134;0.000000
43902129;0.000000
43904159;0.000000
43906116;0.000000
43908124;0.000000
43910113;0.000000
43912110;0.000000
43914167;0.000000
43916153;0.000000
43918145;0.000000
43920131;0.000000
43922130;0.000000
43924128;0.000000
43926159;0.000000
43928125;0.000000
43930110;0.000000
43932110;0.000000
43934112;0.000000
43936112;0.000000
43938174;0.000000
43940137;0.000000
43942133;0.000000
43944132;0.000000
43946128;0.000000
43948165;0.000000
43950113;0.000000
43952112;0.000000
43954115;0.000000
43956113;0.000000
43958121;0.000000
43960172;0.000000
43962140;0.000000
43964133;0.000000
43966136;0.000000
43968149;0.000000
43970159;0.000000
43972115;0.000000
43974114;0.000000
43976109;0.000000
43978130;0.000000
43980109;0.000000
43982155;0.000000
43984137;0.000000
43986134;0.000000
43988146;0.000000
43990130;0.000000
43992156;0.000000
43994112;0.000000
43996114;0.000000
43998127;0.000000
44000111;0.000000
44002116;0.000000
44004163;0.000000
44006139;0.000000
44008149;0.000000
44010134;0.000000
44012131;0.000000
44014160;0.000000
44016112;0.000000
44018125;0.000000
44020113;0.000000
44022116;0.000000
44024111;0.000000
44026160;0.000000
44028144;0.000000
44030130;0.000000
44032129;0.000000
44034135;0.000000
44036153;0.000000
44038122;0.000000
44040112;0.000000
44042116;0.000000
44044108;0.000000
44046229;0.000000
44048153;0.000000
44050137;0.000000
44052132;0.000000
44054128;0.000000
44056133;0.000000
44058169;0.000000
44060134;0.000000
44062130;0.000000
44064136;0.000000
44066133;0.000000
44068165;0.000000
44070117;0.000000
44072109;0.000000
44074114;0.000000
44076113;0.000000
44078127;0.000000
44080165;0.000000
44082142;0.000000
44084140;0.000000
44086134;0.000000
44088145;0.000000
44090162;0.000000
44092114;0.000000
44094110;0.000000
44096114;0.000000
44098134;0.000000
44100112;0.000000
44102158;0.000000
44104137;0.000000
44106137;0.000000
44108151;0.000000
44110130;0.000000
44112157;0.000000
44114113;0.000000
44116109;0.000000
44118123;0.000000
44120116;0.000000
44122115;0.000000
44124162;0.000000
44126139;0.000000
44128149;0.000000
44130132;0.000000
44132133;0.000000
44134159;0.000000
44136116;0.000000
44138128;0.000000
44140110;0.000000
44142114;0.000000
44144114;0.000000
44146156;0.000000
44148152;0.000000
44150138;0.000000
44152130;0.000000
44154128;0.000000
44156159;0.000000
44158131;0.000000
44160111;0.000000
44162109;0.000000
44164111;0.000000
44166108;0.000000
44168171;0.000000
44170130;0.000000
44172129;0.000000
44174133;0.000000
44176127;0.000000
44178170;0.000000
44180112;0.000000
44182114;0.000000
44184114;0.000000
44186113;0.000000
44188358;0.000000
44190144;0.000000
44192143;0.000000
44194142;0.000000
44196133;0.000000
44198142;0.000000
44200148;0.000000
44202113;0.000000
44204113;0.000000
44206107;0.000000
44208123;0.000000
44210157;0.000000
44212159;0.000000
44214133;0.000000
44216134;0.000000
44218143;0.000000
44220130;0.000000
44222159;0.000000
44224109;0.000000
44226113;0.000000
44228119;0.000000
44230110;0.000000
44232161;0.000000
44234114;0.000000
44236116;0.000000
44238121;0.000000
44240110;0.000000
44242114;0.000000
44244163;0.000000
44246135;0.000000
44248148;0.000000
44250132;0.000000
44252134;0.000000
44254159;0.000000
44256115;0.000000
44258129;0.000000
44260120;0.000000
44262117;0.000000
44264112;0.000000
44266156;0.000000
44268150;0.000000
44270129;0.000000
44272127;0.000000
44274134;0.000000
44276160;0.000000
44278125;0.000000
44280113;0.000000
44282106;0.000000
44284114;0.000000
44286112;0.000000
44288171;0.000000
44290129;0.000000
44292132;0.000000
44294132;0.000000
44296126;0.000000
44298161;0.000000
44300116;0.000000
44302113;0.000000
44304112;0.000000
44306112;0.000000
44308245;0.000000
44310137;0.000000
44312133;0.000000
44314130;0.000000
44316128;0.000000
44318149;0.000000
44320150;0.000000
44322118;0.000000
44324116;0.000000
44326108;0.000000
44328120;0.000000
44330157;0.000000
44332104;0.000000
44334115;0.000000
44336110;0.000000
44338127;0.000000
44340109;0.000000
44342159;0.000000
44344133;0.000000
44346129;0.000000
44348148;0.000000
44350132;0.000000
44352160;0.000000
44354114;0.000000
44356110;0.000000
44358132;0.000000
44360111;0.000000
44362119;0.000000
44364156;0.000000
44366139;0.000000
44368147;0.000000
44370134;0.000000
44372127;0.000000
44374156;0.000000
44376111;0.000000
44378128;0.000000
44380112;0.000000
44382109;0.000000
44384158;0.000000
44386116;0.000000
44388126;0.000000
44390113;0.000000
44392109;0.000000
44394115;0.000000
44396158;0.000000
44398140;0.000000
44400131;0.000000
44402132;0.000000
44404127;0.000000
44406153;0.000000
44408127;0.000000
44410109;0.000000
44412110;0.000000
44414113;0.000000
44416157;0.000000
44418129;0.000000
44420110;0.000000
44422109;0.000000
44424112;0.000000
44426111;0.000000
44428168;0.000000
44430138;0.000000
44432134;0.000000
44434132;0.000000
44436128;0.000000
44438251;0.000000
44440141;0.000000
44442133;0.000000
44444128;0.000000
44446133;0.000000
44448139;0.000000
44450163;0.000000
44452139;0.000000
44454127;0.000000
44456130;0.000000
44458149;0.000000
44460156;0.000000
44462114;0.000000
44464109;0.000000
44466111;0.000000
44468121;0.000000
44470112;0.000000
44472156;0.000000
44474134;0.000000
44476127;0.000000
44478136;0.000000
44480133;0.000000
44482161;0.000000
44484119;0.000000
44486108;0.000000
44488127;0.000000
44490111;0.000000
44492112;0.000000
44494163;0.000000
44496129;0.000000
44498144;0.000000
44500136;0.000000
44502131;0.000000
44504157;0.000000
44506113;0.000000
44508132;0.000000
44510111;0.000000
44512111;0.000000
44514107;0.000000
44516157;0.000000
44518148;0.000000
44520130;0.000000
44522133;0.000000
44524133;0.000000
44526157;0.000000
44528126;0.000000
44530110;0.000000
44532109;0.000000
44534107;0.000000
44536112;0.000000
44538167;0.000000
44540138;0.000000
44542130;0.000000
44544133;0.000000
44546127;0.000000
44548171;0.000000
44550121;0.000000
44552116;0.000000
44554110;0.000000
44556108;0.000000
44558128;0.000000
44560164;0.000000
44562141;0.000000
44564133;0.000000
44566137;0.000000
44568154;0.000000
44570163;0.000000
44572120;0.000000
44574113;0.000000
44576112;0.000000
44578126;0.000000
44580232;0.000000
44582138;0.000000
44584137;0.000000
44586130;0.000000
44588141;0.000000
44590132;0.000000
44592154;0.000000
44594118;0.000000
44596112;0.000000
44598121;0.000000
44600107;0.000000
44602233;0.000000
44604137;0.000000
44606129;0.000000
44608148;0.000000
44610132;0.000000
44612129;0.000000
44614157;0.000000
44616120;0.000000
44618121;0.000000
44620110;0.000000
44622109;0.000000
44624156;0.000000
44626141;0.000000
44628142;0.000000
44630138;0.000000
44632132;0.000000
44634128;0.000000
44636151;0.000000
44638151;0.000000
44640130;0.000000
44642134;0.000000
44644128;0.000000
44646159;0.000000
44648126;0.000000
44650113;0.000000
44652108;0.000000
44654111;0.000000
44656115;0.000000
44658169;0.000000
44660137;0.000000
44662134;0.000000
44664127;0.000000
44666129;0.000000
44668172;0.000000
44670112;0.000000
44672108;0.000000
44674106;0.000000
44676109;0.000000
44678123;0.000000
44680163;0.000000
44682142;0.000000
44684129;0.000000
44686137;0.000000
44688146;0.000000
44690158;0.000000
44692108;0.000000
44694114;0.000000
44696105;0.000000
44698118;0.000000
44700111;0.000000
44702157;0.000000
44704132;0.000000
44706134;0.000000
44708146;0.000000
44710132;0.000000
44712158;0.000000
44714110;0.000000
44716109;0.000000
44718129;0.000000
44720111;0.000000
44722116;0.000000
44724157;0.000000
44726134;0.000000
44728146;0.000000
44730130;0.000000
44732130;0.000000
44734159;0.000000
44736113;0.000000
44738130;0.000000
44740111;0.000000
44742117;0.000000
44744167;0.000000
44746156;0.000000
44748150;0.000000
44750131;0.000000
44752133;0.000000
44754131;0.000000
44756157;0.000000
44758128;0.000000
44760114;0.000000
44762111;0.000000
44764114;0.000000
44766114;0.000000
44768168;0.000000
44770136;0.000000
44772129;0.000000
44774131;0.000000
44776129;0.000000
44778175;0.000000
44780141;0.000000
44782128;0.000000
44784131;0.000000
44786127;0.000000
44788239;0.000000
44790138;0.000000
44792131;0.000000
44794135;0.000000
44796131;0.000000
44798145;0.000000
44800151;0.000000
44802119;0.000000
44804112;0.000000
44806112;0.000000
44808129;0.000000
44810213;0.000000
44812137;0.000000
44814133;0.000000
44816133;0.000000
44818143;0.000000
44820132;0.000000
44822145;0.000000
44824119;0.000000
44826111;0.000000
44828129;0.000000
44830114;0.000000
44832168;0.000000
44834156;0.000000
44836130;0.000000
44838151;0.000000
44840134;0.000000
44842131;0.000000
44844145;0.000000
44846116;0.000000
44848128;0.000000
44850118;0.000000
44852110;0.000000
44854158;0.000000
44856113;0.000000
44858121;0.000000
44860113;0.000000
44862108;0.000000
44864106;0.000000
44866154;0.000000
44868153;0.000000
44870136;0.000000
44872131;0.000000
44874136;0.000000
44876157;0.000000
44878129;0.000000
44880111;0.000000
44882113;0.000000
44884107;0.000000
44886113;0.000000
44888175;0.000000
44890138;0.000000
44892129;0.000000
44894129;0.000000
44896137;0.000000
44898169;0.000000
44900117;0.000000
44902113;0.000000
44904109;0.000000
44906113;0.000000
44908124;0.000000
44910169;0.000000
44912143;0.000000
44914141;0.000000
44916130;0.000000
44918149;0.000000
44920155;0.000000
44922114;0.000000
44924114;0.000000
44926113;0.000000
44928134;0.000000
44930113;0.000000
44932155;0.000000
44934135;0.000000
44936131;0.000000
44938148;0.000000
44940130;0.000000
44942156;0.000000
44944109;0.000000
44946111;0.000000
44948128;0.000000
44950109;0.000000
44952113;0.000000
44954163;0.000000
44956141;0.000000
44958149;0.000000
44960131;0.000000
44962131;0.000000
44964210;0.000000
44966137;0.000000
44968151;0.000000
44970133;0.000000
44972131;0.000000
44974129;0.000000
44976154;0.000000
44978149;0.000000
44980133;0.000000
44982130;0.000000
44984129;0.000000
44986155;0.000000
44988124;0.000000
44990114;0.000000
44992113;0.000000
44994121;0.000000
44996111;0.000000
44998165;0.000000
45000135;0.000000
45002134;0.000000
45004129;0.000000
45006129;0.000000
45008161;0.000000
45010116;0.000000
45012113;0.000000
45014114;0.000000
45016109;0.000000
45018123;0.000000
45020160;0.000000
45022137;0.000000
45024135;0.000000
45026135;0.000000
45028151;0.000000
45030160;0.000000
45032114;0.000000
45034110;0.000000
45036118;0.000000
45038127;0.000000
45040113;0.000000
45042156;0.000000
45044141;0.000000
45046127;0.000000
45048147;0.000000
45050130;0.000000
45052158;0.000000
45054114;0.000000
45056116;0.000000
45058125;0.000000
45060112;0.000000
45062107;0.000000
45064159;0.000000
45066136;0.000000
45068148;0.000000
45070132;0.000000
45072129;0.000000
45074159;0.000000
45076115;0.000000
45078120;0.000000
45080115;0.000000
45082106;0.000000
45084112;0.000000
45086157;0.000000
45088148;0.000000
45090136;0.000000
45092132;0.000000
45094129;0.000000
45096158;0.000000
45098120;0.000000
45100110;0.000000
45102109;0.000000
45104111;0.000000
45106166;0.000000
45108172;0.000000
45110136;0.000000
45112128;0.000000
45114134;0.000000
45116134;0.000000
45118160;0.000000
45120112;0.000000
45122114;0.000000
45124114;0.000000
45126117;0.000000
45128180;0.000000
45130168;0.000000
45132144;0.000000
45134134;0.000000
45136135;0.000000
45138148;0.000000
45140158;0.000000
45142140;0.000000
45144129;0.000000
45146131;0.000000
45148146;0.000000
45150345;0.000000
45152136;0.000000
45154133;0.000000
45156128;0.000000
45158143;0.000000
45160135;0.000000
45162156;0.000000
45164113;0.000000
45166115;0.000000
45168133;0.000000
45170114;0.000000
45172162;0.000000
45174125;0.000000
45176112;0.000000
45178127;0.000000
45180106;0.000000
45182113;0.000000
45184158;0.000000
45186134;0.000000
45188147;0.000000
45190127;0.000000
45192130;0.000000
45194163;0.000000
45196118;0.000000
45198131;0.000000
45200115;0.000000
45202110;0.000000
45204115;0.000000
45206158;0.000000
45208151;0.000000
45210134;0.000000
45212131;0.000000
45214130;0.000000
45216150;0.000000
45218129;0.000000
45220114;0.000000
45222117;0.000000
45224109;0.000000
45226167;0.000000
45228164;0.000000
45230130;0.000000
45232133;0.000000
45234133;0.000000
45236128;0.000000
45238169;0.000000
45240115;0.000000
45242115;0.000000
45244111;0.000000
45246114;0.000000
45248178;0.000000
45250163;0.000000
45252141;0.000000
45254135;0.000000
45256133;0.000000
45258144;0.000000
45260160;0.000000
45262111;0.000000
45264111;0.000000
45266110;0.000000
45268123;0.000000
45270156;0.000000
45272114;0.000000
45274117;0.000000
45276112;0.000000
45278129;0.000000
45280120;0.000000
45282150;0.000000
45284115;0.000000
45286113;0.000000
45288122;0.000000
45290114;0.000000
45292158;0.000000
45294119;0.000000
45296117;0.000000
45298114;0.000000
45300111;0.000000
45302112;0.000000
45304156;0.000000
45306133;0.000000
45308149;0.000000
45310131;0.000000
45312129;0.000000
45314160;0.000000
45316111;0.000000
45318127;0.000000
45320106;0.000000
45322112;0.000000
45324164;0.000000
45326155;0.000000
45328150;0.000000
45330131;0.000000
45332131;0.000000
45334130;0.000000
45336151;0.000000
45338126;0.000000
45340110;0.000000
45342107;0.000000
45344109;0.000000
45346104;0.000000
45348167;0.000000
45350136;0.000000
45352127;0.000000
45354131;0.000000
45356133;0.000000
45358172;0.000000
45360134;0.000000
45362126;0.000000
45364128;0.000000
45366131;0.000000
45368160;0.000000
45370112;0.000000
45372109;0.000000
45374105;0.000000
45376111;0.000000
45378177;0.000000
45380160;0.000000
45382140;0.000000
45384138;0.000000
45386140;0.000000
45388143;0.000000
45390158;0.000000
45392132;0.000000
45394130;0.000000
45396134;0.000000
45398153;0.000000
45400160;0.000000
45402113;0.000000
45404112;0.000000
45406112;0.000000
45408125;0.000000
45410112;0.000000
45412157;0.000000
45414136;0.000000
45416133;0.000000
45418148;0.000000
45420135;0.000000
45422161;0.000000
45424115;0.000000
45426113;0.000000
45428116;0.000000
45430110;0.000000
45432110;0.000000
45434161;0.000000
45436136;0.000000
45438153;0.000000
45440132;0.000000
45442131;0.000000
45444159;0.000000
45446115;0.000000
45448127;0.000000
45450112;0.000000
45452111;0.000000
45454110;0.000000
45456157;0.000000
45458156;0.000000
45460130;0.000000
45462131;0.000000
45464128;0.000000
45466154;0.000000
45468131;0.000000
45470111;0.000000
45472114;0.000000
45474111;0.000000
45476158;0.000000
45478171;0.000000
45480136;0.000000
45482131;0.000000
45484131;0.000000
45486132;0.000000
45488164;0.000000
45490114;0.000000
45492118;0.000000
45494109;0.000000
45496111;0.000000
45498168;0.000000
45500114;0.000000
45502106;0.000000
45504110;0.000000
45506108;0.000000
45508127;0.000000
45510167;0.000000
45512141;0.000000
45514138;0.000000
45516138;0.000000
45518147;0.000000
45520160;0.000000
45522116;0.000000
45524108;0.000000
45526113;0.000000
45528127;0.000000
45530228;0.000000
45532144;0.000000
45534131;0.000000
45536130;0.000000
45538142;0.000000
45540134;0.000000
45542158;0.000000
45544116;0.000000
45546115;0.000000
45548126;0.000000
45550111;0.000000
45552166;0.000000
45554159;0.000000
45556137;0.000000
45558150;0.000000
45560132;0.000000
45562133;0.000000
45564156;0.000000
45566115;0.000000
45568126;0.000000
45570109;0.000000
45572110;0.000000
45574163;0.000000
45576119;0.000000
45578120;0.000000
45580111;0.000000
45582113;0.000000
45584114;0.000000
45586160;0.000000
45588156;0.000000
45590133;0.000000
45592128;0.000000
45594129;0.000000
45596159;0.000000
45598133;0.000000
45600107;0.000000
45602108;0.000000
45604110;0.000000
45606109;0.000000
45608171;0.000000
45610137;0.000000
45612129;0.000000
45614132;0.000000
45616135;0.000000
45618164;0.000000
45620114;0.000000
45622116;0.000000
45624113;0.000000
45626109;0.000000
45628122;0.000000
45630161;0.000000
45632136;0.000000
45634142;0.000000
45636135;0.000000
45638150;0.000000
45640184;0.000000
45642137;0.000000
45644134;0.000000
45646132;0.000000
45648152;0.000000
45650133;0.000000
45652159;0.000000
45654115;0.000000
45656114;0.000000
45658124;0.000000
45660112;0.000000
45662152;0.000000
45664118;0.000000
45666112;0.000000
45668123;0.000000
45670113;0.000000
45672113;0.000000
45674161;0.000000
45676137;0.000000
45678147;0.000000
45680130;0.000000
45682133;0.000000
45684161;0.000000
45686110;0.000000
45688123;0.000000
45690113;0.000000
45692118;0.000000
45694111;0.000000
45696160;0.000000
45698153;0.000000
45700127;0.000000
45702131;0.000000
45704129;0.000000
45706152;0.000000
45708126;0.000000
45710114;0.000000
45712118;0.000000
45714115;0.000000
45716166;0.000000
45718168;0.000000
45720136;0.000000
45722135;0.000000
45724134;0.000000
45726130;0.000000
45728162;0.000000
45730118;0.000000
45732112;0.000000
45734112;0.000000
45736106;0.000000
45738126;0.000000
45740162;0.000000
45742142;0.000000
45744139;0.000000
45746133;0.000000
45748153;0.000000
45750161;0.000000
45752117;0.000000
45754118;0.000000
45756111;0.000000
45758120;0.000000
45760244;0.000000
45762138;0.000000
45764133;0.000000
45766129;0.000000
45768145;0.000000
45770128;0.000000
45772157;0.000000
45774116;0.000000
45776113;0.000000
45778119;0.000000
45780108;0.000000
45782171;0.000000
45784154;0.000000
45786131;0.000000
45788142;0.000000
45790135;0.000000
45792130;0.000000
45794159;0.000000
45796120;0.000000
45798125;0.000000
45800113;0.000000
45802116;0.000000
45804157;0.000000
45806117;0.000000
45808119;0.000000
45810113;0.000000
45812112;0.000000
45814115;0.000000
45816158;0.000000
45818141;0.000000
45820132;0.000000
45822132;0.000000
45824132;0.000000
45826161;0.000000
45828130;0.000000
45830111;0.000000
45832113;0.000000
45834110;0.000000
45836113;0.000000
45838168;0.000000
45840137;0.000000
45842127;0.000000
45844130;0.000000
45846130;0.000000
45848164;0.000000
45850113;0.000000
45852113;0.000000
45854114;0.000000
45856115;0.000000
45858262;0.000000
45860140;0.000000
45862130;0.000000
45864131;0.000000
45866132;0.000000
45868141;0.000000
45870156;0.000000
45872117;0.000000
45874114;0.000000
45876114;0.000000
45878123;0.000000
45880160;0.000000
45882111;0.000000
45884108;0.000000
45886109;0.000000
45888126;0.000000
45890110;0.000000
45892159;0.000000
45894133;0.000000
45896128;0.000000
45898145;0.000000
45900133;0.000000
45902160;0.000000
45904116;0.000000
45906108;0.000000
45908135;0.000000
45910114;0.000000
45912167;0.000000
45914154;0.000000
45916133;0.000000
45918148;0.000000
45920133;0.000000
45922131;0.000000
45924158;0.000000
45926122;0.000000
45928128;0.000000
45930115;0.000000
45932113;0.000000
45934114;0.000000
45936157;0.000000
45938143;0.000000
45940133;0.000000
45942135;0.000000
45944127;0.000000
45946157;0.000000
45948128;0.000000
45950111;0.000000
45952115;0.000000
45954111;0.000000
45956107;0.000000
45958171;0.000000
45960136;0.000000
45962135;0.000000
45964132;0.000000
45966130;0.000000
45968170;0.000000
45970110;0.000000
45972114;0.000000
45974112;0.000000
45976114;0.000000
45978123;0.000000
45980161;0.000000
45982136;0.000000
45984133;0.000000
45986139;0.000000
45988150;0.000000
45990162;0.000000
45992112;0.000000
45994115;0.000000
45996111;0.000000
45998123;0.000000
46000162;0.000000
46002155;0.000000
46004136;0.000000
46006133;0.000000
46008143;0.000000
46010130;0.000000
46012160;0.000000
46014108;0.000000
46016115;0.000000
46018122;0.000000
46020112;0.000000
46022109;0.000000
46024156;0.000000
46026138;0.000000
46028146;0.000000
46030132;0.000000
46032131;0.000000
46034155;0.000000
46036114;0.000000
46038124;0.000000
46040107;0.000000
46042110;0.000000
46044158;0.000000
46046111;0.000000
46048127;0.000000
46050111;0.000000
46052114;0.000000
46054109;0.000000
46056153;0.000000
46058124;0.000000
46060109;0.000000
46062111;0.000000
46064111;0.000000
46066162;0.000000
46068123;0.000000
46070113;0.000000
46072109;0.000000
46074109;0.000000
46076106;0.000000
46078171;0.000000
46080140;0.000000
46082130;0.000000
46084132;0.000000
46086131;0.000000
46088170;0.000000
46090119;0.000000
46092110;0.000000
46094114;0.000000
46096115;0.000000
46098244;0.000000
46100133;0.000000
46102135;0.000000
46104127;0.000000
46106130;0.000000
46108145;0.000000
46110149;0.000000
46112112;0.000000
46114111;0.000000
46116109;0.000000
46118121;0.000000
46120155;0.000000
46122107;0.000000
46124113;0.000000
46126114;0.000000
46128122;0.000000
46130112;0.000000
46132156;0.000000
46134138;0.000000
46136126;0.000000
46138144;0.000000
46140132;0.000000
46142236;0.000000
46144134;0.000000
46146128;0.000000
46148147;0.000000
46150133;0.000000
46152130;0.000000
46154159;0.000000
46156136;0.000000
46158140;0.000000
46160132;0.000000
46162133;0.000000
46164166;0.000000
46166110;0.000000
46168120;0.000000
46170111;0.000000
46172110;0.000000
46174111;0.000000
46176160;0.000000
46178152;0.000000
46180128;0.000000
46182132;0.000000
46184133;0.000000
46186160;0.000000
46188128;0.000000
46190114;0.000000
46192111;0.000000
46194112;0.000000
46196164;0.000000
46198116;0.000000
46200109;0.000000
46202107;0.000000
46204109;0.000000
46206109;0.000000
46208176;0.000000
46210133;0.000000
46212132;0.000000
46214128;0.000000
46216134;0.000000
46218171;0.000000
46220116;0.000000
46222110;0.000000
46224111;0.000000
46226107;0.000000
46228125;0.000000
46230168;0.000000
46232139;0.000000
46234136;0.000000
46236134;0.000000
46238146;0.000000
46240156;0.000000
46242114;0.000000
46244107;0.000000
46246107;0.000000
46248117;0.000000
46250111;0.000000
46252156;0.000000
46254133;0.000000
46256134;0.000000
46258151;0.000000
46260134;0.000000
46262157;0.000000
46264119;0.000000
46266119;0.000000
46268121;0.000000
46270116;0.000000
46272109;0.000000
46274160;0.000000
46276135;0.000000
46278146;0.000000
46280134;0.000000
46282131;0.000000
46284151;0.000000
46286115;0.000000
46288127;0.000000
46290109;0.000000
46292111;0.000000
46294114;0.000000
46296158;0.000000
46298152;0.000000
46300139;0.000000
46302133;0.000000
46304130;0.000000
46306162;0.000000
46308127;0.000000
46310115;0.000000
46312113;0.000000
46314114;0.000000
46316170;0.000000
46318164;0.000000
46320134;0.000000
46322134;0.000000
46324135;0.000000
46326133;0.000000
46328177;0.000000
46330137;0.000000
46332127;0.000000
46334130;0.000000
46336130;0.000000
46338160;0.000000
46340120;0.000000
46342111;0.000000
46344109;0.000000
46346113;0.000000
46348123;0.000000
46350160;0.000000
46352136;0.000000
46354139;0.000000
46356139;0.000000
46358145;0.000000
46360159;0.000000
46362112;0.000000
46364109;0.000000
46366110;0.000000
46368127;0.000000
46370108;0.000000
46372156;0.000000
46374128;0.000000
46376129;0.000000
46378152;0.000000
46380129;0.000000
46382156;0.000000
46384112;0.000000
46386113;0.000000
46388124;0.000000
46390112;0.000000
46392271;0.000000
46394135;0.000000
46396131;0.000000
46398138;0.000000
46400132;0.000000
46402130;0.000000
46404162;0.000000
46406134;0.000000
46408141;0.000000
46410131;0.000000
46412125;0.000000
46414160;0.000000
46416115;0.000000
46418123;0.000000
46420115;0.000000
46422110;0.000000
46424112;0.000000
46426155;0.000000
46428152;0.000000
46430134;0.000000
46432134;0.000000
46434133;0.000000
46436162;0.000000
46438122;0.000000
46440116;0.000000
46442112;0.000000
46444109;0.000000
46446113;0.000000
46448167;0.000000
46450133;0.000000
46452131;0.000000
46454133;0.000000
46456130;0.000000
46458165;0.000000
46460117;0.000000
46462107;0.000000
46464109;0.000000
46466108;0.000000
46468123;0.000000
46470163;0.000000
46472141;0.000000
46474137;0.000000
46476133;0.000000
46478156;0.000000
46480162;0.000000
46482118;0.000000
46484110;0.000000
46486118;0.000000
46488118;0.000000
46490108;0.000000
46492158;0.000000
46494137;0.000000
46496131;0.000000
46498152;0.000000
46500127;0.000000
46502153;0.000000
46504110;0.000000
46506112;0.000000
46508130;0.000000
46510109;0.000000
46512113;0.000000
46514157;0.000000
46516141;0.000000
46518151;0.000000
46520132;0.000000
46522133;0.000000
46524161;0.000000
46526117;0.000000
46528126;0.000000
46530110;0.000000
46532116;0.000000
46534111;0.000000
46536160;0.000000
46538146;0.000000
46540130;0.000000
46542131;0.000000
46544128;0.000000
46546151;0.000000
46548125;0.000000
46550109;0.000000
46552109;0.000000
46554114;0.000000
46556159;0.000000
46558128;0.000000
46560109;0.000000
46562118;0.000000
46564107;0.000000
46566111;0.000000
46568167;0.000000
46570118;0.000000
46572108;0.000000
46574112;0.000000
46576111;0.000000
46578169;0.000000
46580113;0.000000
46582114;0.000000
46584112;0.000000
46586112;0.000000
46588180;0.000000
46590162;0.000000
46592140;0.000000
46594135;0.000000
46596135;0.000000
46598146;0.000000
46600157;0.000000
46602131;0.000000
46604128;0.000000
46606127;0.000000
46608152;0.000000
46610157;0.000000
46612113;0.000000
46614114;0.000000
46616118;0.000000
46618130;0.000000
46620114;0.000000
46622157;0.000000
46624133;0.000000
46626131;0.000000
46628150;0.000000
46630134;0.000000
46632156;0.000000
46634110;0.000000
46636110;0.000000
46638120;0.000000
46640109;0.000000
46642235;0.000000
46644135;0.000000
46646133;0.000000
46648146;0.000000
46650133;0.000000
46652129;0.000000
46654156;0.000000
46656110;0.000000
46658129;0.000000
46660108;0.000000
46662107;0.000000
46664111;0.000000
46666154;0.000000
46668157;0.000000
46670131;0.000000
46672133;0.000000
46674131;0.000000
46676158;0.000000
46678126;0.000000
46680111;0.000000
46682114;0.000000
46684114;0.000000
46686113;0.000000
46688169;0.000000
46690133;0.000000
46692134;0.000000
46694127;0.000000
46696128;0.000000
46698166;0.000000
46700117;0.000000
46702112;0.000000
46704111;0.000000
46706107;0.000000
46708122;0.000000
46710161;0.000000
46712138;0.000000
46714141;0.000000
46716135;0.000000
46718150;0.000000
46720161;0.000000
46722110;0.000000
46724107;0.000000
46726115;0.000000
46728129;0.000000
46730111;0.000000
46732154;0.000000
46734131;0.000000
46736127;0.000000
46738142;0.000000
46740132;0.000000
46742157;0.000000
46744121;0.000000
46746112;0.000000
46748126;0.000000
46750109;0.000000
46752162;0.000000
46754160;0.000000
46756134;0.000000
46758150;0.000000
46760132;0.000000
46762130;0.000000
46764154;0.000000
46766116;0.000000
46768123;0.000000
46770110;0.000000
46772107;0.000000
46774241;0.000000
46776136;0.000000
46778139;0.000000
46780132;0.000000
46782128;0.000000
46784134;0.000000
46786158;0.000000
46788143;0.000000
46790136;0.000000
46792139;0.000000
46794128;0.000000
46796159;0.000000
46798130;0.000000
46800112;0.000000
46802109;0.000000
46804109;0.000000
46806113;0.000000
46808171;0.000000
46810142;0.000000
46812132;0.000000
46814129;0.000000
46816134;0.000000
46818167;0.000000
46820122;0.000000
46822109;0.000000
46824118;0.000000
46826113;0.000000
46828163;0.000000
46830105;0.000000
46832110;0.000000
46834116;0.000000
46836109;0.000000
46838122;0.000000
46840163;0.000000
46842143;0.000000
46844136;0.000000
46846135;0.000000
46848149;0.000000
46850152;0.000000
46852115;0.000000
46854107;0.000000
46856109;0.000000
46858121;0.000000
46860240;0.000000
46862142;0.000000
46864127;0.000000
46866128;0.000000
46868155;0.000000
46870124;0.000000
46872159;0.000000
46874136;0.000000
46876128;0.000000
46878145;0.000000
46880132;0.000000
46882156;0.000000
46884114;0.000000
46886106;0.000000
46888124;0.000000
46890110;0.000000
46892116;0.000000
46894156;0.000000
46896136;0.000000
46898151;0.000000
46900136;0.000000
46902133;0.000000
46904152;0.000000
46906116;0.000000
46908125;0.000000
46910115;0.000000
46912109;0.000000
46914109;0.000000
46916152;0.000000
46918152;0.000000
46920132;0.000000
46922131;0.000000
46924129;0.000000
46926153;0.000000
46928122;0.000000
46930110;0.000000
46932112;0.000000
46934112;0.000000
46936111;0.000000
46938172;0.000000
46940133;0.000000
46942132;0.000000
46944131;0.000000
46946131;0.000000
46948160;0.000000
46950111;0.000000
46952109;0.000000
46954115;0.000000
46956113;0.000000
46958119;0.000000
46960163;0.000000
46962138;0.000000
46964139;0.000000
46966139;0.000000
46968152;0.000000
46970156;0.000000
46972119;0.000000
46974109;0.000000
46976110;0.000000
46978126;0.000000
46980169;0.000000
46982155;0.000000
46984138;0.000000
46986133;0.000000
46988142;0.000000
46990129;0.000000
46992159;0.000000
46994113;0.000000
46996108;0.000000
46998126;0.000000
47000111;0.000000
47002167;0.000000
47004155;0.000000
47006136;0.000000
47008156;0.000000
47010132;0.000000
47012130;0.000000
47014152;0.000000
47016115;0.000000
47018132;0.000000
47020107;0.000000
47022119;0.000000
47024165;0.000000
47026156;0.000000
47028152;0.000000
47030137;0.000000
47032135;0.000000
47034131;0.000000
47036158;0.000000
47038153;0.000000
47040132;0.000000
47042129;0.000000
47044127;0.000000
47046150;0.000000
47048125;0.000000
47050114;0.000000
47052109;0.000000
47054117;0.000000
47056112;0.000000
47058166;0.000000
47060138;0.000000
47062134;0.000000
47064132;0.000000
47066129;0.000000
47068165;0.000000
47070115;0.000000
47072111;0.000000
47074112;0.000000
47076114;0.000000
47078125;0.000000
47080171;0.000000
47082143;0.000000
47084141;0.000000
47086136;0.000000
47088149;0.000000
47090159;0.000000
47092119;0.000000
47094108;0.000000
47096111;0.000000
47098127;0.000000
47100166;0.000000
47102159;0.000000
47104132;0.000000
47106129;0.000000
47108144;0.000000
47110130;0.000000
47112162;0.000000
47114113;0.000000
47116110;0.000000
47118126;0.000000
47120114;0.000000
47122115;0.000000
47124155;0.000000
47126130;0.000000
47128142;0.000000
47130128;0.000000
47132132;0.000000
47134160;0.000000
47136116;0.000000
47138127;0.000000
47140114;0.000000
47142115;0.000000
47144110;0.000000
47146162;0.000000
47148143;0.000000
47150129;0.000000
47152134;0.000000
47154131;0.000000
47156163;0.000000
47158128;0.000000
47160110;0.000000
47162109;0.000000
47164119;0.000000
47166107;0.000000
47168172;0.000000
47170140;0.000000
47172137;0.000000
47174131;0.000000
47176130;0.000000
47178167;0.000000
47180122;0.000000
47182117;0.000000
47184111;0.000000
47186109;0.000000
47188125;0.000000
47190164;0.000000
47192135;0.000000
47194138;0.000000
47196139;0.000000
47198153;0.000000
47200150;0.000000
47202114;0.000000
47204112;0.000000
47206113;0.000000
47208122;0.000000
47210114;0.000000
47212153;0.000000
47214134;0.000000
47216137;0.000000
47218154;0.000000
47220130;0.000000
47222161;0.000000
47224112;0.000000
47226115;0.000000
47228125;0.000000
47230111;0.000000
47232115;0.000000
47234157;0.000000
47236127;0.000000
47238150;0.000000
47240131;0.000000
47242132;0.000000
47244155;0.000000
47246112;0.000000
47248123;0.000000
47250108;0.000000
47252111;0.000000
47254111;0.000000
47256154;0.000000
47258146;0.000000
47260133;0.000000
47262133;0.000000
47264129;0.000000
47266158;0.000000
47268134;0.000000
47270108;0.000000
47272114;0.000000
47274115;0.000000
47276160;0.000000
47278127;0.000000
47280108;0.000000
47282113;0.000000
47284117;0.000000
47286108;0.000000
47288163;0.000000
47290113;0.000000
47292113;0.000000
47294113;0.000000
47296110;0.000000
47298251;0.000000
47300141;0.000000
47302136;0.000000
47304136;0.000000
47306126;0.000000
47308141;0.000000
47310153;0.000000
47312115;0.000000
47314108;0.000000
47316108;0.000000
47318120;0.000000
47320264;0.000000
47322136;0.000000
47324130;0.000000
47326126;0.000000
47328152;0.000000
47330134;0.000000
47332156;0.000000
47334131;0.000000
47336132;0.000000
47338151;0.000000
47340131;0.000000
47342184;0.000000
47344152;0.000000
47346138;0.000000
47348150;0.000000
47350131;0.000000
47352129;0.000000
47354162;0.000000
47356109;0.000000
47358127;0.000000
47360113;0.000000
47362108;0.000000
47364117;0.000000
47366157;0.000000
47368149;0.000000
47370131;0.000000
47372131;0.000000
47374130;0.000000
47376158;0.000000
47378133;0.000000
47380116;0.000000
47382111;0.000000
47384110;0.000000
47386116;0.000000
47388176;0.000000
47390135;0.000000
47392127;0.000000
47394132;0.000000
47396128;0.000000
47398167;0.000000
47400116;0.000000
47402114;0.000000
47404113;0.000000
47406112;0.000000
47408128;0.000000
47410163;0.000000
47412142;0.000000
47414139;0.000000
47416135;0.000000
47418141;0.000000
47420160;0.000000
47422114;0.000000
47424112;0.000000
47426114;0.000000
47428121;0.000000
47430111;0.000000
47432160;0.000000
47434132;0.000000
47436130;0.000000
47438146;0.000000
47440130;0.000000
47442157;0.000000
47444119;0.000000
47446110;0.000000
47448133;0.000000
47450112;0.000000
47452161;0.000000
47454118;0.000000
47456115;0.000000
47458116;0.000000
47460116;0.000000
47462110;0.000000
47464157;0.000000
47466134;0.000000
47468149;0.000000
47470131;0.000000
47472131;0.000000
47474153;0.000000
47476112;0.000000
47478126;0.000000
47480112;0.000000
47482111;0.000000
47484105;0.000000
47486161;0.000000
47488145;0.000000
47490137;0.000000
47492131;0.000000
47494126;0.000000
47496148;0.000000
47498130;0.000000
47500116;0.000000
47502115;0.000000
47504116;0.000000
47506117;0.000000
47508171;0.000000
47510136;0.000000
47512129;0.000000
47514130;0.000000
47516129;0.000000
47518165;0.000000
47520112;0.000000
47522109;0.000000
47524114;0.000000
47526112;0.000000
47528120;0.000000
47530163;0.000000
47532141;0.000000
47534143;0.000000
47536136;0.000000
47538145;0.000000
47540154;0.000000
47542117;0.000000
47544116;0.000000
47546116;0.000000
47548129;0.000000
47550111;0.000000
47552159;0.000000
47554135;0.000000
47556130;0.000000
47558147;0.000000
47560131;0.000000
47562161;0.000000
47564134;0.000000
47566127;0.000000
47568152;0.000000
47570133;0.000000
47572160;0.000000
47574111;0.000000
47576114;0.000000
47578123;0.000000
47580108;0.000000
47582115;0.000000
47584144;0.000000
47586111;0.000000
47588121;0.000000
47590109;0.000000
47592110;0.000000
47594247;0.000000
47596138;0.000000
47598148;0.000000
47600133;0.000000
47602131;0.000000
47604129;0.000000
47606161;0.000000
47608127;0.000000
47610111;0.000000
47612111;0.000000
47614113;0.000000
47616172;0.000000
47618172;0.000000
47620131;0.000000
47622125;0.000000
47624125;0.000000
47626132;0.000000
47628167;0.000000
47630112;0.000000
47632118;0.000000
47634118;0.000000
47636113;0.000000
47638120;0.000000
47640163;0.000000
47642142;0.000000
47644140;0.000000
47646138;0.000000
47648153;0.000000
47650159;0.000000
47652135;0.000000
47654131;0.000000
47656131;0.000000
47658148;0.000000
47660158;0.000000
47662123;0.000000
47664112;0.000000
47666115;0.000000
47668120;0.000000
47670107;0.000000
47672161;0.000000
47674111;0.000000
47676113;0.000000
47678127;0.000000
47680116;0.000000
47682109;0.000000
47684161;0.000000
47686138;0.000000
47688147;0.000000
47690130;0.000000
47692131;0.000000
47694160;0.000000
47696116;0.000000
47698128;0.000000
47700110;0.000000
47702114;0.000000
47704113;0.000000
47706161;0.000000
47708142;0.000000
47710130;0.000000
47712131;0.000000
47714134;0.000000
47716150;0.000000
47718121;0.000000
47720118;0.000000
47722112;0.000000
47724108;0.000000
47726111;0.000000
47728170;0.000000
47730134;0.000000
47732127;0.000000
47734132;0.000000
47736132;0.000000
47738168;0.000000
47740117;0.000000
47742113;0.000000
47744110;0.000000
47746111;0.000000
47748172;0.000000
47750113;0.000000
47752112;0.000000
47754110;0.000000
47756114;0.000000
47758120;0.000000
47760167;0.000000
47762135;0.000000
47764138;0.000000
47766137;0.000000
47768152;0.000000
47770155;0.000000
47772114;0.000000
47774110;0.000000
47776110;0.000000
47778128;0.000000
47780113;0.000000
47782158;0.000000
47784136;0.000000
47786133;0.000000
47788145;0.000000
47790131;0.000000
47792159;0.000000
47794116;0.000000
47796122;0.000000
47798126;0.000000
47800116;0.000000
47802113;0.000000
47804158;0.000000
47806140;0.000000
47808141;0.000000
47810128;0.000000
47812128;0.000000
47814157;0.000000
47816116;0.000000
47818130;0.000000
47820109;0.000000
47822113;0.000000
47824162;0.000000
47826155;0.000000
47828144;0.000000
47830130;0.000000
47832132;0.000000
47834131;0.000000
47836153;0.000000
47838151;0.000000
47840135;0.000000
47842133;0.000000
47844137;0.000000
47846157;0.000000
47848123;0.000000
47850114;0.000000
47852112;0.000000
47854113;0.000000
47856168;0.000000
47858173;0.000000
47860135;0.000000
47862133;0.000000
47864130;0.000000
47866128;0.000000
47868164;0.000000
47870113;0.000000
47872115;0.000000
47874110;0.000000
47876110;0.000000
47878178;0.000000
47880165;0.000000
47882141;0.000000
47884141;0.000000
47886140;0.000000
47888151;0.000000
47890162;0.000000
47892118;0.000000
47894111;0.000000
47896115;0.000000
47898122;0.000000
47900109;0.000000
47902159;0.000000
47904142;0.000000
47906131;0.000000
47908144;0.000000
47910134;0.000000
47912162;0.000000
47914118;0.000000
47916116;0.000000
47918133;0.000000
47920113;0.000000
47922114;0.000000
47924152;0.000000
47926136;0.000000
47928148;0.000000
47930131;0.000000
47932130;0.000000
47934161;0.000000
47936137;0.000000
47938145;0.000000
47940131;0.000000
47942125;0.000000
47944157;0.000000
47946115;0.000000
47948120;0.000000
47950115;0.000000
47952112;0.000000
47954176;0.000000
47956156;0.000000
47958149;0.000000
47960133;0.000000
47962132;0.000000
47964134;0.000000
47966154;0.000000
47968133;0.000000
47970115;0.000000
47972107;0.000000
47974108;0.000000
47976118;0.000000
47978175;0.000000
47980139;0.000000
47982133;0.000000
47984133;0.000000
47986132;0.000000
47988168;0.000000
47990116;0.000000
47992115;0.000000
47994106;0.000000
47996114;0.000000
47998124;0.000000
48000160;0.000000
48002117;0.000000
48004122;0.000000
48006116;0.000000
48008127;0.000000
48010157;0.000000
48012113;0.000000
48014113;0.000000
48016116;0.000000
48018126;0.000000
48020112;0.000000
48022160;0.000000
48024137;0.000000
48026134;0.000000
48028145;0.000000
48030134;0.000000
48032154;0.000000
48034118;0.000000
48036111;0.000000
48038122;0.000000
48040114;0.000000
48042112;0.000000
48044161;0.000000
48046130;0.000000
48048143;0.000000
48050130;0.000000
48052132;0.000000
48054161;0.000000
48056110;0.000000
48058120;0.000000
48060113;0.000000
48062112;0.000000
48064161;0.000000
48066114;0.000000
48068129;0.000000
48070114;0.000000
48072113;0.000000
48074109;0.000000
48076163;0.000000
48078152;0.000000
48080132;0.000000
48082134;0.000000
48084133;0.000000
48086160;0.000000
48088130;0.000000
48090107;0.000000
48092108;0.000000
48094114;0.000000
48096113;0.000000
48098174;0.000000
48100138;0.000000
48102127;0.000000
48104129;0.000000
48106128;0.000000
48108165;0.000000
48110115;0.000000
48112112;0.000000
48114114;0.000000
48116113;0.000000
48118120;0.000000
48120165;0.000000
48122141;0.000000
48124138;0.000000
48126133;0.000000
48128141;0.000000
48130177;0.000000
48132129;0.000000
48134131;0.000000
48136131;0.000000
48138137;0.000000
48140132;0.000000
48142157;0.000000
48144126;0.000000
48146130;0.000000
48148141;0.000000
48150131;0.000000
48152156;0.000000
48154115;0.000000
48156110;0.000000
48158121;0.000000
48160108;0.000000
48162110;0.000000
48164156;0.000000
48166133;0.000000
48168153;0.000000
48170134;0.000000
48172129;0.000000
48174161;0.000000
48176117;0.000000
48178133;0.000000
48180113;0.000000
48182109;0.000000
48184117;0.000000
48186159;0.000000
48188152;0.000000
48190127;0.000000
48192133;0.000000
48194132;0.000000
48196159;0.000000
48198127;0.000000
48200110;0.000000
48202111;0.000000
48204109;0.000000
48206110;0.000000
48208170;0.000000
48210137;0.000000
48212130;0.000000
48214132;0.000000
48216132;0.000000
48218160;0.000000
48220117;0.000000
48222109;0.000000
48224110;0.000000
48226109;0.000000
48228168;0.000000
48230118;0.000000
48232114;0.000000
48234113;0.000000
48236107;0.000000
48238123;0.000000
48240161;0.000000
48242139;0.000000
48244141;0.000000
48246131;0.000000
48248148;0.000000
48250163;0.000000
48252111;0.000000
48254111;0.000000
48256110;0.000000
48258119;0.000000
48260240;0.000000
48262132;0.000000
48264132;0.000000
48266130;0.000000
48268144;0.000000
48270134;0.000000
48272151;0.000000
48274108;0.000000
48276117;0.000000
48278126;0.000000
48280117;0.000000
48282157;0.000000
48284116;0.000000
48286109;0.000000
48288126;0.000000
48290118;0.000000
48292113;0.000000
48294154;0.000000
48296116;0.000000
48298126;0.000000
48300115;0.000000
48302112;0.000000
48304160;0.000000
48306125;0.000000
48308129;0.000000
48310109;0.000000
48312109;0.000000
48314112;0.000000
48316159;0.000000
48318150;0.000000
48320139;0.000000
48322125;0.000000
48324130;0.000000
48326154;0.000000
48328133;0.000000
48330110;0.000000
48332115;0.000000
48334110;0.000000
48336114;0.000000
48338167;0.000000
48340139;0.000000
48342135;0.000000
48344133;0.000000
48346132;0.000000
48348170;0.000000
48350116;0.000000
48352115;0.000000
48354109;0.000000
48356108;0.000000
48358119;0.000000
48360160;0.000000
48362139;0.000000
48364137;0.000000
48366131;0.000000
48368153;0.000000
48370162;0.000000
48372116;0.000000
48374107;0.000000
48376111;0.000000
48378126;0.000000
48380113;0.000000
48382154;0.000000
48384133;0.000000
48386129;0.000000
48388143;0.000000
48390133;0.000000
48392163;0.000000
48394113;0.000000
48396114;0.000000
48398120;0.000000
48400108;0.000000
48402168;0.000000
48404157;0.000000
48406133;0.000000
48408145;0.000000
48410133;0.000000
48412129;0.000000
48414158;0.000000
48416119;0.000000
48418118;0.000000
48420109;0.000000
48422114;0.000000
48424166;0.000000
48426154;0.000000
48428147;0.000000
48430133;0.000000
48432130;0.000000
48434131;0.000000
48436157;0.000000
48438131;0.000000
48440114;0.000000
48442117;0.000000
48444110;0.000000
48446113;0.000000
48448172;0.000000
48450134;0.000000
48452130;0.000000
48454132;0.000000
48456131;0.000000
48458166;0.000000
48460112;0.000000
48462115;0.000000
48464116;0.000000
48466114;0.000000
48468121;0.000000
48470164;0.000000
48472144;0.000000
48474139;0.000000
48476136;0.000000
48478152;0.000000
48480157;0.000000
48482119;0.000000
48484113;0.000000
48486107;0.000000
48488130;0.000000
48490264;0.000000
48492137;0.000000
48494131;0.000000
48496130;0.000000
48498146;0.000000
48500131;0.000000
48502163;0.000000
48504114;0.000000
48506112;0.000000
48508127;0.000000
48510116;0.000000
48512162;0.000000
48514114;0.000000
48516110;0.000000
48518125;0.000000
48520114;0.000000
48522110;0.000000
48524163;0.000000
48526132;0.000000
48528147;0.000000
48530134;0.000000
48532131;0.000000
48534163;0.000000
48536109;0.000000
48538123;0.000000
48540108;0.000000
48542111;0.000000
48544112;0.000000
48546154;0.000000
48548145;0.000000
48550131;0.000000
48552128;0.000000
48554128;0.000000
48556157;0.000000
48558125;0.000000
48560110;0.000000
48562115;0.000000
48564111;0.000000
48566115;0.000000
48568176;0.000000
48570140;0.000000
48572130;0.000000
48574131;0.000000
48576129;0.000000
48578163;0.000000
48580113;0.000000
48582107;0.000000
48584114;0.000000
48586112;0.000000
48588168;0.000000
48590117;0.000000
48592110;0.000000
48594110;0.000000
48596111;0.000000
48598124;0.000000
48600162;0.000000
48602138;0.000000
48604140;0.000000
48606138;0.000000
48608151;0.000000
48610151;0.000000
48612110;0.000000
48614112;0.000000
48616111;0.000000
48618128;0.000000
48620255;0.000000
48622138;0.000000
48624133;0.000000
48626130;0.000000
48628146;0.000000
48630135;0.000000
48632158;0.000000
48634113;0.000000
48636106;0.000000
48638133;0.000000
48640111;0.000000
48642156;0.000000
48644108;0.000000
48646118;0.000000
48648127;0.000000
48650116;0.000000
48652112;0.000000
48654156;0.000000
48656140;0.000000
48658141;0.000000
48660133;0.000000
48662135;0.000000
48664155;0.000000
48666110;0.000000
48668125;0.000000
48670115;0.000000
48672109;0.000000
48674115;0.000000
48676158;0.000000
48678149;0.000000
48680135;0.000000
48682128;0.000000
48684131;0.000000
48686200;0.000000
48688151;0.000000
48690132;0.000000
48692130;0.000000
48694129;0.000000
48696128;0.000000
48698171;0.000000
48700117;0.000000
48702109;0.000000
48704107;0.000000
48706114;0.000000
48708127;0.000000
48710165;0.000000
48712121;0.000000
48714117;0.000000
48716112;0.000000
48718126;0.000000
48720162;0.000000
48722112;0.000000
48724104;0.000000
48726108;0.000000
48728125;0.000000
48730112;0.000000
48732156;0.000000
48734134;0.000000
48736131;0.000000
48738148;0.000000
48740136;0.000000
48742169;0.000000
48744134;0.000000
48746131;0.000000
48748141;0.000000
48750134;0.000000
48752129;0.000000
48754160;0.000000
48756138;0.000000
48758147;0.000000
48760135;0.000000
48762135;0.000000
48764156;0.000000
48766115;0.000000
48768126;0.000000
48770114;0.000000
48772115;0.000000
48774114;0.000000
48776162;0.000000
48778126;0.000000
48780112;0.000000
48782113;0.000000
48784113;0.000000
48786156;0.000000
48788127;0.000000
48790117;0.000000
48792116;0.000000
48794116;0.000000
48796110;0.000000
48798170;0.000000
48800135;0.000000
48802131;0.000000
48804132;0.000000
48806134;0.000000
48808164;0.000000
48810116;0.000000
48812119;0.000000
48814112;0.000000
48816111;0.000000
48818261;0.000000
48820135;0.000000
48822131;0.000000
48824129;0.000000
48826131;0.000000
48828150;0.000000
48830163;0.000000
48832131;0.000000
48834130;0.000000
48836134;0.000000
48838139;0.000000
48840158;0.000000
48842116;0.000000
48844109;0.000000
48846112;0.000000
48848118;0.000000
48850108;0.000000
48852160;0.000000
48854136;0.000000
48856136;0.000000
48858145;0.000000
48860131;0.000000
48862161;0.000000
48864116;0.000000
48866116;0.000000
48868120;0.000000
48870110;0.000000
48872111;0.000000
48874156;0.000000
48876137;0.000000
48878153;0.000000
48880131;0.000000
48882131;0.000000
48884189;0.000000
48886151;0.000000
48888148;0.000000
48890137;0.000000
48892131;0.000000
48894129;0.000000
48896161;0.000000
48898134;0.000000
48900119;0.000000
48902111;0.000000
48904105;0.000000
48906170;0.000000
48908162;0.000000
48910134;0.000000
48912132;0.000000
48914131;0.000000
48916131;0.000000
48918159;0.000000
48920115;0.000000
48922112;0.000000
48924115;0.000000
48926108;0.000000
48928179;0.000000
48930163;0.000000
48932139;0.000000
48934133;0.000000
48936133;0.000000
48938146;0.000000
48940159;0.000000
48942113;0.000000
48944117;0.000000
48946118;0.000000
48948120;0.000000
48950163;0.000000
48952112;0.000000
48954111;0.000000
48956113;0.000000
48958127;0.000000
48960110;0.000000
48962152;0.000000
48964117;0.000000
48966112;0.000000
48968126;0.000000
48970116;0.000000
48972258;0.000000
48974136;0.000000
48976137;0.000000
48978145;0.000000
48980130;0.000000
48982134;0.000000
48984156;0.000000
48986132;0.000000
48988145;0.000000
48990134;0.000000
48992131;0.000000
48994160;0.000000
48996116;0.000000
48998125;0.000000
49000111;0.000000
49002115;0.000000
49004111;0.000000
49006154;0.000000
49008152;0.000000
49010130;0.000000
49012135;0.000000
49014135;0.000000
49016158;0.000000
49018129;0.000000
49020111;0.000000
49022114;0.000000
49024115;0.000000
49026108;0.000000
49028174;0.000000
49030137;0.000000
49032131;0.000000
49034129;0.000000
49036135;0.000000
49038168;0.000000
49040115;0.000000
49042112;0.000000
49044111;0.000000
49046115;0.000000
49048122;0.000000
49050158;0.000000
49052135;0.000000
49054133;0.000000
49056138;0.000000
49058151;0.000000
49060153;0.000000
49062122;0.000000
49064114;0.000000
49066113;0.000000
49068123;0.000000
49070272;0.000000
49072138;0.000000
49074129;0.000000
49076128;0.000000
49078143;0.000000
49080130;0.000000
49082161;0.000000
49084139;0.000000
49086134;0.000000
49088148;0.000000
49090134;0.000000
49092159;0.000000
49094117;0.000000
49096111;0.000000
49098125;0.000000
49100110;0.000000
49102116;0.000000
49104155;0.000000
49106134;0.000000
49108143;0.000000
49110130;0.000000
49112133;0.000000
49114156;0.000000
49116111;0.000000
49118125;0.000000
49120109;0.000000
49122114;0.000000
49124267;0.000000
49126132;0.000000
49128143;0.000000
49130130;0.000000
49132133;0.000000
49134133;0.000000
49136150;0.000000
49138126;0.000000
49140111;0.000000
49142113;0.000000
49144112;0.000000
49146159;0.000000
49148172;0.000000
49150129;0.000000
49152131;0.000000
49154130;0.000000
49156130;0.000000
49158168;0.000000
49160116;0.000000
49162109;0.000000
49164116;0.000000
49166111;0.000000
49168128;0.000000
49170156;0.000000
49172137;0.000000
49174134;0.000000
49176139;0.000000
49178152;0.000000
49180168;0.000000
49182139;0.000000
49184132;0.000000
49186126;0.000000
49188147;0.000000
49190162;0.000000
49192114;0.000000
49194107;0.000000
49196114;0.000000
49198122;0.000000
49200167;0.000000
49202158;0.000000
49204139;0.000000
49206135;0.000000
49208143;0.000000
49210129;0.000000
49212153;0.000000
49214112;0.000000
49216110;0.000000
49218128;0.000000
49220111;0.000000
49222107;0.000000
49224148;0.000000
49226111;0.000000
49228130;0.000000
49230112;0.000000
49232115;0.000000
49234154;0.000000
49236117;0.000000
49238129;0.000000
49240113;0.000000
49242116;0.000000
49244116;0.000000
49246136;0.000000
49248125;0.000000
49250106;0.000000
49252105;0.000000
49254111;0.000000
49256151;0.000000
49258124;0.000000
49260109;0.000000
49262110;0.000000
49264112;0.000000
49266165;0.000000
49268174;0.000000
49270136;0.000000
49272130;0.000000
49274131;0.000000
49276132;0.000000
49278167;0.000000
49280112;0.000000
49282113;0.000000
49284115;0.000000
49286110;0.000000
49288179;0.000000
49290159;0.000000
49292140;0.000000
49294137;0.000000
49296130;0.000000
49298152;0.000000
49300155;0.000000
49302117;0.000000
49304112;0.000000
49306110;0.000000
49308125;0.000000
49310239;0.000000
49312133;0.000000
49314132;0.000000
49316133;0.000000
49318146;0.000000
49320133;0.000000
49322155;0.000000
49324135;0.000000
49326128;0.000000
49328150;0.000000
49330134;0.000000
49332287;0.000000
49334141;0.000000
49336135;0.000000
49338148;0.000000
49340132;0.000000
49342129;0.000000
49344152;0.000000
49346119;0.000000
49348134;0.000000
49350115;0.000000
49352109;0.000000
49354114;0.000000
49356154;0.000000
49358149;0.000000
49360138;0.000000
49362137;0.000000
49364133;0.000000
49366158;0.000000
49368128;0.000000
49370114;0.000000
49372115;0.000000
49374112;0.000000
49376267;0.000000
49378150;0.000000
49380131;0.000000
49382128;0.000000
49384131;0.000000
49386133;0.000000
49388169;0.000000
49390139;0.000000
49392133;0.000000
49394127;0.000000
49396130;0.000000
49398170;0.000000
49400121;0.000000
49402111;0.000000
49404108;0.000000
49406114;0.000000
49408165;0.000000
49410112;0.000000
49412108;0.000000
49414112;0.000000
49416112;0.000000
49418125;0.000000
49420165;0.000000
49422141;0.000000
49424135;0.000000
49426134;0.000000
49428147;0.000000
49430155;0.000000
49432119;0.000000
49434111;0.000000
49436110;0.000000
49438125;0.000000
49440173;0.000000
49442152;0.000000
49444136;0.000000
49446129;0.000000
49448148;0.000000
49450132;0.000000
49452155;0.000000
49454115;0.000000
49456114;0.000000
49458128;0.000000
49460115;0.000000
49462113;0.000000
49464156;0.000000
49466137;0.000000
49468142;0.000000
49470135;0.000000
49472134;0.000000
49474160;0.000000
49476112;0.000000
49478127;0.000000
49480115;0.000000
49482108;0.000000
49484257;0.000000
49486140;0.000000
49488152;0.000000
49490131;0.000000
49492125;0.000000
49494127;0.000000
49496154;0.000000
49498153;0.000000
49500130;0.000000
49502131;0.000000
49504127;0.000000
49506159;0.000000
49508127;0.000000
49510115;0.000000
49512106;0.000000
49514114;0.000000
49516113;0.000000
49518173;0.000000
49520140;0.000000
49522129;0.000000
49524123;0.000000
49526134;0.000000
49528165;0.000000
49530114;0.000000
49532109;0.000000
49534113;0.000000
49536113;0.000000
49538184;0.000000
49540165;0.000000
49542141;0.000000
49544136;0.000000
49546138;0.000000
49548148;0.000000
49550163;0.000000
49552133;0.000000
49554132;0.000000
49556135;0.000000
49558144;0.000000
49560152;0.000000
49562122;0.000000
49564114;0.000000
49566110;0.000000
49568123;0.000000
49570105;0.000000
49572163;0.000000
49574134;0.000000
49576134;0.000000
49578145;0.000000
49580135;0.000000
49582158;0.000000
49584115;0.000000
49586114;0.000000
49588132;0.000000
49590118;0.000000
49592113;0.000000
49594168;0.000000
49596132;0.000000
49598148;0.000000
49600131;0.000000
49602132;0.000000
49604165;0.000000
49606113;0.000000
49608125;0.000000
49610110;0.000000
49612107;0.000000
49614111;0.000000
49616159;0.000000
49618148;0.000000
49620130;0.000000
49622131;0.000000
49624131;0.000000
49626157;0.000000
49628129;0.000000
49630115;0.000000
49632110;0.000000
49634114;0.000000
49636115;0.000000
49638173;0.000000
49640127;0.000000
49642131;0.000000
49644127;0.000000
49646131;0.000000
49648167;0.000000
49650115;0.000000
49652109;0.000000
49654112;0.000000
49656111;0.000000
49658121;0.000000
49660167;0.000000
49662140;0.000000
49664135;0.000000
49666136;0.000000
49668150;0.000000
49670161;0.000000
49672118;0.000000
49674119;0.000000
49676112;0.000000
49678119;0.000000
49680158;0.000000
49682120;0.000000
49684110;0.000000
49686107;0.000000
49688123;0.000000
49690115;0.000000
49692158;0.000000
49694121;0.000000
49696114;0.000000
49698127;0.000000
49700113;0.000000
49702166;0.000000
49704153;0.000000
49706115;0.000000
49708126;0.000000
49710113;0.000000
49712116;0.000000
49714157;0.000000
49716119;0.000000
49718117;0.000000
49720113;0.000000
49722110;0.000000
49724166;0.000000
49726156;0.000000
49728147;0.000000
49730132;0.000000
49732130;0.000000
49734135;0.000000
49736160;0.000000
49738132;0.000000
49740110;0.000000
49742111;0.000000
49744116;0.000000
49746268;0.000000
49748150;0.000000
49750136;0.000000
49752134;0.000000
49754133;0.000000
49756130;0.000000
49758169;0.000000
49760141;0.000000
49762138;0.000000
49764134;0.000000
49766128;0.000000
49768170;0.000000
49770121;0.000000
49772112;0.000000
49774108;0.000000
49776108;0.000000
49778125;0.000000
49780168;0.000000
49782140;0.000000
49784139;0.000000
49786135;0.000000
49788147;0.000000
49790164;0.000000
49792115;0.000000
49794112;0.000000
49796110;0.000000
49798121;0.000000
49800113;0.000000
49802160;0.000000
49804133;0.000000
49806130;0.000000
49808146;0.000000
49810128;0.000000
49812128;0.000000
49814157;0.000000
49816136;0.000000
49818147;0.000000
49820130;0.000000
49822137;0.000000
49824161;0.000000
49826115;0.000000
49828127;0.000000
49830111;0.000000
49832111;0.000000
49834161;0.000000
49836156;0.000000
49838147;0.000000
49840130;0.000000
49842134;0.000000
49844134;0.000000
49846157;0.000000
49848128;0.000000
49850107;0.000000
49852110;0.000000
49854107;0.000000
49856111;0.000000
49858167;0.000000
49860136;0.000000
49862131;0.000000
49864134;0.000000
49866129;0.000000
49868171;0.000000
49870114;0.000000
49872108;0.000000
49874111;0.000000
49876107;0.000000
49878181;0.000000
49880164;0.000000
49882134;0.000000
49884139;0.000000
49886140;0.000000
49888144;0.000000
49890158;0.000000
49892139;0.000000
49894129;0.000000
49896129;0.000000
49898150;0.000000
49900163;0.000000
49902116;0.000000
49904111;0.000000
49906111;0.000000
49908128;0.000000
49910111;0.000000
49912162;0.000000
49914133;0.000000
49916134;0.000000
49918151;0.000000
49920132;0.000000
49922189;0.000000
49924160;0.000000
49926132;0.000000
49928136;0.000000
49930133;0.000000
49932131;0.000000
49934158;0.000000
49936116;0.000000
49938128;0.000000
49940111;0.000000
49942113;0.000000
49944115;0.000000
49946161;0.000000
49948151;0.000000
49950129;0.000000
49952124;0.000000
49954130;0.000000
49956165;0.000000
49958133;0.000000
49960108;0.000000
49962111;0.000000
49964113;0.000000
49966113;0.000000
49968164;0.000000
49970117;0.000000
49972115;0.000000
49974113;0.000000
49976110;0.000000
49978160;0.000000
49980113;0.000000
49982116;0.000000
49984108;0.000000
49986109;0.000000
49988127;0.000000
49990163;0.000000
49992143;0.000000
49994134;0.000000
49996135;0.000000
49998145;0.000000
50000163;0.000000
50002121;0.000000
50004117;0.000000
50006112;0.000000
50008122;0.000000
50010110;0.000000
50012159;0.000000
50014134;0.000000
50016136;0.000000
50018147;0.000000
50020129;0.000000
50022154;0.000000
50024134;0.000000
50026129;0.000000
50028149;0.000000
50030131;0.000000
50032152;0.000000
50034120;0.000000
50036114;0.000000
50038124;0.000000
50040112;0.000000
50042110;0.000000
50044153;0.000000
50046112;0.000000
50048129;0.000000
50050110;0.000000
50052113;0.000000
50054282;0.000000
50056135;0.000000
50058143;0.000000
50060128;0.000000
50062130;0.000000
50064129;0.000000
50066159;0.000000
50068126;0.000000
50070109;0.000000
50072110;0.000000
50074113;0.000000
50076107;0.000000
50078168;0.000000
50080133;0.000000
50082133;0.000000
50084136;0.000000
50086131;0.000000
50088167;0.000000
50090113;0.000000
50092113;0.000000
50094116;0.000000
50096108;0.000000
50098124;0.000000
50100161;0.000000
50102140;0.000000
50104140;0.000000
50106130;0.000000
50108138;0.000000
50110158;0.000000
50112113;0.000000
50114117;0.000000
50116111;0.000000
50118130;0.000000
50120117;0.000000
50122163;0.000000
50124139;0.000000
50126135;0.000000
50128152;0.000000
50130135;0.000000
50132156;0.000000
50134109;0.000000
50136110;0.000000
50138128;0.000000
50140111;0.000000
50142269;0.000000
50144140;0.000000
50146136;0.000000
50148149;0.000000
50150134;0.000000
50152134;0.000000
50154159;0.000000
50156115;0.000000
50158129;0.000000
50160116;0.000000
50162110;0.000000
50164161;0.000000
50166119;0.000000
50168117;0.000000
50170112;0.000000
50172109;0.000000
50174108;0.000000
50176156;0.000000
50178147;0.000000
50180134;0.000000
50182130;0.000000
50184127;0.000000
50186155;0.000000
50188126;0.000000
50190112;0.000000
50192117;0.000000
50194114;0.000000
50196165;0.000000
50198168;0.000000
50200134;0.000000
50202133;0.000000
50204133;0.000000
50206128;0.000000
50208163;0.000000
50210115;0.000000
50212113;0.000000
50214106;0.000000
50216108;0.000000
50218176;0.000000
50220160;0.000000
50222141;0.000000
50224136;0.000000
50226135;0.000000
50228148;0.000000
50230160;0.000000
50232136;0.000000
50234125;0.000000
50236128;0.000000
50238150;0.000000
50240175;0.000000
50242136;0.000000
50244129;0.000000
50246131;0.000000
50248145;0.000000
50250132;0.000000
50252157;0.000000
50254139;0.000000
50256131;0.000000
50258149;0.000000
50260129;0.000000
50262156;0.000000
50264116;0.000000
50266109;0.000000
50268127;0.000000
50270113;0.000000
50272114;0.000000
50274160;0.000000
50276137;0.000000
50278153;0.000000
50280136;0.000000
50282128;0.000000
50284163;0.000000
50286116;0.000000
50288130;0.000000
50290110;0.000000
50292111;0.000000
50294111;0.000000
50296159;0.000000
50298146;0.000000
50300124;0.000000
50302130;0.000000
50304128;0.000000
50306152;0.000000
50308125;0.000000
50310109;0.000000
50312111;0.000000
50314109;0.000000
50316156;0.000000
50318168;0.000000
50320133;0.000000
50322135;0.000000
50324133;0.000000
50326131;0.000000
50328165;0.000000
50330116;0.000000
50332113;0.000000
50334110;0.000000
50336114;0.000000
50338182;0.000000
50340168;0.000000
50342138;0.000000
50344133;0.000000
50346139;0.000000
50348148;0.000000
50350154;0.000000
50352117;0.000000
50354108;0.000000
50356112;0.000000
50358127;0.000000
50360167;0.000000
50362133;0.000000
50364128;0.000000
50366133;0.000000
50368139;0.000000
50370128;0.000000
50372156;0.000000
50374119;0.000000
50376116;0.000000
50378121;0.000000
50380115;0.000000
50382263;0.000000
50384141;0.000000
50386133;0.000000
50388151;0.000000
50390126;0.000000
50392129;0.000000
50394156;0.000000
50396117;0.000000
50398122;0.000000
50400113;0.000000
50402112;0.000000
50404163;0.000000
50406118;0.000000
50408124;0.000000
50410112;0.000000
50412107;0.000000
50414116;0.000000
50416155;0.000000
50418151;0.000000
50420136;0.000000
50422134;0.000000
50424130;0.000000
50426285;0.000000
50428156;0.000000
50430131;0.000000
50432135;0.000000
50434132;0.000000
50436132;0.000000
50438174;0.000000
50440134;0.000000
50442132;0.000000
50444128;0.000000
50446128;0.000000
50448169;0.000000
50450121;0.000000
50452109;0.000000
50454115;0.000000
50456110;0.000000
50458127;0.000000
50460158;0.000000
50462140;0.000000
50464134;0.000000
50466133;0.000000
50468152;0.000000
50470150;0.000000
50472117;0.000000
50474116;0.000000
50476110;0.000000
50478128;0.000000
50480110;0.000000
50482157;0.000000
50484133;0.000000
50486130;0.000000
50488146;0.000000
50490133;0.000000
50492165;0.000000
50494114;0.000000
50496113;0.000000
50498117;0.000000
50500114;0.000000
50502108;0.000000
50504158;0.000000
50506135;0.000000
50508150;0.000000
50510132;0.000000
50512129;0.000000
50514155;0.000000
50516115;0.000000
50518127;0.000000
50520117;0.000000
50522115;0.000000
50524116;0.000000
50526158;0.000000
50528145;0.000000
50530132;0.000000
50532134;0.000000
50534129;0.000000
50536157;0.000000
50538119;0.000000
50540111;0.000000
50542108;0.000000
50544116;0.000000
50546279;0.000000
50548159;0.000000
50550133;0.000000
50552133;0.000000
50554127;0.000000
50556131;0.000000
50558170;0.000000
50560137;0.000000
50562132;0.000000
50564133;0.000000
50566132;0.000000
50568166;0.000000
50570113;0.000000
50572112;0.000000
50574109;0.000000
50576113;0.000000
50578125;0.000000
50580166;0.000000
50582136;0.000000
50584138;0.000000
50586139;0.000000
50588153;0.000000
50590165;0.000000
50592112;0.000000
50594110;0.000000
50596116;0.000000
50598121;0.000000
50600158;0.000000
50602116;0.000000
50604112;0.000000
50606113;0.000000
50608121;0.000000
50610117;0.000000
50612147;0.000000
50614115;0.000000
50616108;0.000000
50618123;0.000000
50620109;0.000000
50622166;0.000000
50624114;0.000000
50626113;0.000000
50628131;0.000000
50630110;0.000000
50632111;0.000000
50634162;0.000000
50636128;0.000000
50638147;0.000000
50640129;0.000000
50642129;0.000000
50644156;0.000000
50646114;0.000000
50648128;0.000000
50650108;0.000000
50652111;0.000000
50654108;0.000000
50656156;0.000000
50658144;0.000000
50660134;0.000000
50662130;0.000000
50664131;0.000000
50666160;0.000000
50668122;0.000000
50670108;0.000000
50672113;0.000000
50674114;0.000000
50676111;0.000000
50678176;0.000000
50680134;0.000000
50682132;0.000000
50684125;0.000000
50686132;0.000000
50688164;0.000000
50690113;0.000000
50692113;0.000000
50694111;0.000000
50696113;0.000000
50698125;0.000000
50700168;0.000000
50702138;0.000000
50704139;0.000000
50706138;0.000000
50708141;0.000000
50710162;0.000000
50712114;0.000000
50714113;0.000000
50716116;0.000000
50718124;0.000000
50720112;0.000000
50722164;0.000000
50724112;0.000000
50726113;0.000000
50728122;0.000000
50730108;0.000000
50732162;0.000000
50734117;0.000000
50736111;0.000000
50738129;0.000000
50740110;0.000000
50742114;0.000000
50744158;0.000000
50746136;0.000000
50748147;0.000000
50750134;0.000000
50752128;0.000000
50754161;0.000000
50756111;0.000000
50758118;0.000000
50760112;0.000000
50762113;0.000000
50764170;0.000000
50766135;0.000000
50768146;0.000000
50770131;0.000000
50772134;0.000000
50774132;0.000000
50776159;0.000000
50778156;0.000000
50780133;0.000000
50782133;0.000000
50784126;0.000000
50786160;0.000000
50788125;0.000000
50790109;0.000000
50792113;0.000000
50794109;0.000000
50796110;0.000000
50798168;0.000000
50800138;0.000000
50802130;0.000000
50804127;0.000000
50806132;0.000000
50808165;0.000000
50810115;0.000000
50812110;0.000000
50814109;0.000000
50816110;0.000000
50818127;0.000000
50820167;0.000000
50822136;0.000000
50824131;0.000000
50826132;0.000000
50828149;0.000000
50830157;0.000000
50832114;0.000000
50834110;0.000000
50836108;0.000000
50838129;0.000000
50840170;0.000000
50842157;0.000000
50844137;0.000000
50846130;0.000000
50848144;0.000000
50850134;0.000000
50852158;0.000000
50854112;0.000000
50856111;0.000000
50858127;0.000000
50860112;0.000000
50862110;0.000000
50864156;0.000000
50866131;0.000000
50868146;0.000000
50870131;0.000000
50872126;0.000000
50874159;0.000000
50876112;0.000000
50878125;0.000000
50880110;0.000000
50882112;0.000000
50884117;0.000000
50886158;0.000000
50888146;0.000000
50890134;0.000000
50892130;0.000000
50894133;0.000000
50896160;0.000000
50898151;0.000000
50900130;0.000000
50902134;0.000000
50904131;0.000000
50906149;0.000000
50908126;0.000000
50910113;0.000000
50912116;0.000000
50914114;0.000000
50916113;0.000000
50918164;0.000000
50920133;0.000000
50922136;0.000000
50924129;0.000000
50926131;0.000000
50928165;0.000000
50930112;0.000000
50932111;0.000000
50934110;0.000000
50936119;0.000000
50938125;0.000000
50940166;0.000000
50942143;0.000000
50944135;0.000000
50946132;0.000000
50948148;0.000000
50950161;0.000000
50952115;0.000000
50954108;0.000000
50956110;0.000000
50958125;0.000000
50960171;0.000000
50962155;0.000000
50964137;0.000000
50966132;0.000000
50968142;0.000000
50970133;0.000000
50972162;0.000000
50974113;0.000000
50976111;0.000000
50978127;0.000000
50980113;0.000000
50982112;0.000000
50984165;0.000000
50986132;0.000000
50988148;0.000000
50990135;0.000000
50992135;0.000000
50994158;0.000000
50996116;0.000000
50998122;0.000000
51000107;0.000000
51002109;0.000000
51004111;0.000000
51006157;0.000000
51008150;0.000000
51010131;0.000000
51012130;0.000000
51014130;0.000000
51016161;0.000000
51018128;0.000000
51020114;0.000000
51022112;0.000000
51024115;0.000000
51026111;0.000000
51028169;0.000000
51030135;0.000000
51032131;0.000000
51034132;0.000000
51036131;0.000000
51038167;0.000000
51040118;0.000000
51042115;0.000000
51044117;0.000000
51046114;0.000000
51048129;0.000000
51050162;0.000000
51052144;0.000000
51054135;0.000000
51056139;0.000000
51058150;0.000000
51060154;0.000000
51062111;0.000000
51064110;0.000000
51066114;0.000000
51068123;0.000000
51070162;0.000000
51072157;0.000000
51074143;0.000000
51076130;0.000000
51078140;0.000000
51080127;0.000000
51082160;0.000000
51084114;0.000000
51086111;0.000000
51088127;0.000000
51090107;0.000000
51092221;0.000000
51094139;0.000000
51096135;0.000000
51098149;0.000000
51100131;0.000000
51102129;0.000000
51104141;0.000000
51106115;0.000000
51108130;0.000000
51110112;0.000000
51112110;0.000000
51114170;0.000000
51116140;0.000000
51118142;0.000000
51120126;0.000000
51122129;0.000000
51124131;0.000000
51126156;0.000000
51128145;0.000000
51130129;0.000000
51132129;0.000000
51134131;0.000000
51136156;0.000000
51138127;0.000000
51140112;0.000000
51142112;0.000000
51144116;0.000000
51146109;0.000000
51148168;0.000000
51150140;0.000000
51152138;0.000000
51154135;0.000000
51156130;0.000000
51158165;0.000000
51160117;0.000000
51162110;0.000000
51164109;0.000000
51166110;0.000000
51168125;0.000000
51170164;0.000000
51172138;0.000000
51174139;0.000000
51176135;0.000000
51178147;0.000000
51180159;0.000000
51182115;0.000000
51184114;0.000000
51186110;0.000000
51188121;0.000000
51190116;0.000000
51192157;0.000000
51194133;0.000000
51196138;0.000000
51198143;0.000000
51200131;0.000000
51202149;0.000000
51204116;0.000000
51206113;0.000000
51208122;0.000000
51210114;0.000000
51212281;0.000000
51214133;0.000000
51216132;0.000000
51218142;0.000000
51220132;0.000000
51222129;0.000000
51224141;0.000000
51226116;0.000000
51228129;0.000000
51230114;0.000000
51232109;0.000000
51234159;0.000000
51236115;0.000000
51238127;0.000000
51240111;0.000000
51242110;0.000000
51244112;0.000000
51246160;0.000000
51248149;0.000000
51250129;0.000000
51252129;0.000000
51254125;0.000000
51256156;0.000000
51258123;0.000000
51260112;0.000000
51262108;0.000000
51264114;0.000000
51266114;0.000000
51268173;0.000000
51270133;0.000000
51272133;0.000000
51274129;0.000000
51276133;0.000000
51278170;0.000000
51280120;0.000000
51282111;0.000000
51284117;0.000000
51286112;0.000000
51288177;0.000000
51290132;0.000000
51292129;0.000000
51294130;0.000000
51296127;0.000000
51298153;0.000000
51300163;0.000000
51302139;0.000000
51304134;0.000000
51306139;0.000000
51308150;0.000000
51310163;0.000000
51312113;0.000000
51314117;0.000000
51316109;0.000000
51318125;0.000000
51320113;0.000000
51322156;0.000000
51324135;0.000000
51326132;0.000000
51328147;0.000000
51330133;0.000000
51332157;0.000000
51334108;0.000000
51336110;0.000000
51338122;0.000000
51340111;0.000000
51342113;0.000000
51344156;0.000000
51346135;0.000000
51348152;0.000000
51350134;0.000000
51352129;0.000000
51354159;0.000000
51356119;0.000000
51358118;0.000000
51360112;0.000000
51362113;0.000000
51364115;0.000000
51366156;0.000000
51368147;0.000000
51370127;0.000000
51372132;0.000000
51374128;0.000000
51376161;0.000000
51378125;0.000000
51380108;0.000000
51382115;0.000000
51384113;0.000000
51386110;0.000000
51388166;0.000000
51390137;0.000000
51392134;0.000000
51394126;0.000000
51396131;0.000000
51398165;0.000000
51400114;0.000000
51402113;0.000000
51404111;0.000000
51406112;0.000000
51408307;0.000000
51410146;0.000000
51412136;0.000000
51414141;0.000000
51416136;0.000000
51418151;0.000000
51420155;0.000000
51422116;0.000000
51424109;0.000000
51426115;0.000000
51428117;0.000000
51430293;0.000000
51432143;0.000000
51434134;0.000000
51436134;0.000000
51438150;0.000000
51440129;0.000000
51442160;0.000000
51444112;0.000000
51446111;0.000000
51448118;0.000000
51450108;0.000000
51452163;0.000000
51454136;0.000000
51456134;0.000000
51458141;0.000000
51460136;0.000000
51462126;0.000000
51464146;0.000000
51466121;0.000000
51468119;0.000000
51470112;0.000000
51472112;0.000000
51474155;0.000000
51476115;0.000000
51478126;0.000000
51480111;0.000000
51482113;0.000000
51484166;0.000000
51486156;0.000000
51488149;0.000000
51490137;0.000000
51492134;0.000000
51494130;0.000000
51496146;0.000000
51498124;0.000000
51500113;0.000000
51502110;0.000000
51504116;0.000000
51506170;0.000000
51508149;0.000000
51510128;0.000000
51512131;0.000000
51514132;0.000000
51516135;0.000000
51518153;0.000000
51520116;0.000000
51522113;0.000000
51524118;0.000000
51526111;0.000000
51528168;0.000000
51530117;0.000000
51532113;0.000000
51534111;0.000000
51536111;0.000000
51538119;0.000000
51540161;0.000000
51542121;0.000000
51544119;0.000000
51546120;0.000000
51548133;0.000000
51550174;0.000000
51552154;0.000000
51554138;0.000000
51556135;0.000000
51558138;0.000000
51560132;0.000000
51562158;0.000000
51564114;0.000000
51566111;0.000000
51568122;0.000000
51570110;0.000000
51572109;0.000000
51574157;0.000000
51576137;0.000000
51578146;0.000000
51580133;0.000000
51582126;0.000000
51584156;0.000000
51586111;0.000000
51588127;0.000000
51590112;0.000000
51592113;0.000000
51594273;0.000000
51596138;0.000000
51598151;0.000000
51600133;0.000000
51602130;0.000000
51604128;0.000000
51606154;0.000000
51608123;0.000000
51610111;0.000000
51612113;0.000000
51614110;0.000000
51616167;0.000000
51618172;0.000000
51620134;0.000000
51622133;0.000000
51624127;0.000000
51626133;0.000000
51628170;0.000000
51630133;0.000000
51632132;0.000000
51634135;0.000000
51636132;0.000000
51638197;0.000000
51640134;0.000000
51642128;0.000000
51644130;0.000000
51646129;0.000000
51648149;0.000000
51650158;0.000000
51652120;0.000000
51654118;0.000000
51656115;0.000000
51658125;0.000000
51660164;0.000000
51662155;0.000000
51664134;0.000000
51666131;0.000000
51668142;0.000000
51670135;0.000000
51672154;0.000000
51674116;0.000000
51676104;0.000000
51678128;0.000000
51680109;0.000000
51682343;0.000000
51684134;0.000000
51686135;0.000000
51688149;0.000000
51690129;0.000000
51692132;0.000000
51694152;0.000000
51696115;0.000000
51698127;0.000000
51700113;0.000000
51702111;0.000000
51704167;0.000000
51706154;0.000000
51708153;0.000000
51710129;0.000000
51712131;0.000000
51714131;0.000000
51716156;0.000000
51718129;0.000000
51720110;0.000000
51722110;0.000000
51724115;0.000000
51726158;0.000000
51728129;0.000000
51730116;0.000000
51732110;0.000000
51734114;0.000000
51736112;0.000000
51738163;0.000000
51740116;0.000000
51742111;0.000000
51744111;0.000000
51746113;0.000000
51748181;0.000000
51750158;0.000000
51752146;0.000000
51754135;0.000000
51756138;0.000000
51758152;0.000000
51760158;0.000000
51762120;0.000000
51764109;0.000000
51766110;0.000000
51768121;0.000000
51770289;0.000000
51772140;0.000000
51774131;0.000000
51776131;0.000000
51778148;0.000000
51780134;0.000000
51782147;0.000000
51784115;0.000000
51786112;0.000000
51788122;0.000000
51790110;0.000000
51792295;0.000000
51794140;0.000000
51796134;0.000000
51798139;0.000000
51800135;0.000000
51802128;0.000000
51804161;0.000000
51806116;0.000000
51808121;0.000000
51810111;0.000000
51812109;0.000000
51814286;0.000000
51816138;0.000000
51818149;0.000000
51820133;0.000000
51822132;0.000000
51824128;0.000000
51826139;0.000000
51828125;0.000000
51830112;0.000000
51832113;0.000000
51834114;0.000000
51836161;0.000000
51838124;0.000000
51840110;0.000000
51842112;0.000000
51844115;0.000000
51846111;0.000000
51848171;0.000000
51850135;0.000000
51852129;0.000000
51854132;0.000000
51856134;0.000000
51858164;0.000000
51860116;0.000000
51862112;0.000000
51864112;0.000000
51866118;0.000000
51868125;0.000000
51870164;0.000000
51872141;0.000000
51874140;0.000000
51876134;0.000000
51878147;0.000000
51880338;0.000000
51882139;0.000000
51884130;0.000000
51886130;0.000000
51888154;0.000000
51890134;0.000000
51892159;0.000000
51894138;0.000000
51896127;0.000000
51898144;0.000000
51900131;0.000000
51902158;0.000000
51904114;0.000000
51906109;0.000000
51908123;0.000000
51910116;0.000000
51912112;0.000000
51914157;0.000000
51916135;0.000000
51918147;0.000000
51920129;0.000000
51922132;0.000000
51924156;0.000000
51926113;0.000000
51928129;0.000000
51930112;0.000000
51932113;0.000000
51934109;0.000000
51936158;0.000000
51938149;0.000000
51940127;0.000000
51942127;0.000000
51944129;0.000000
51946155;0.000000
51948125;0.000000
51950111;0.000000
51952108;0.000000
51954111;0.000000
51956107;0.000000
51958167;0.000000
51960138;0.000000
51962128;0.000000
51964131;0.000000
51966129;0.000000
51968172;0.000000
51970115;0.000000
51972113;0.000000
51974112;0.000000
51976111;0.000000
51978189;0.000000
51980137;0.000000
51982136;0.000000
51984132;0.000000
51986134;0.000000
51988146;0.000000
51990163;0.000000
51992127;0.000000
51994117;0.000000
51996118;0.000000
51998127;0.000000
52000186;0.000000
52002130;0.000000
52004133;0.000000
52006129;0.000000
52008151;0.000000
52010134;0.000000
52012163;0.000000
52014132;0.000000
52016132;0.000000
52018145;0.000000
52020132;0.000000
52022160;0.000000
52024113;0.000000
52026108;0.000000
52028123;0.000000
52030114;0.000000
52032116;0.000000
52034141;0.000000
52036118;0.000000
52038116;0.000000
52040110;0.000000
52042108;0.000000
52044305;0.000000
52046141;0.000000
52048140;0.000000
52050129;0.000000
52052130;0.000000
52054129;0.000000
52056155;0.000000
52058134;0.000000
52060113;0.000000
52062111;0.000000
52064114;0.000000
52066312;0.000000
52068157;0.000000
52070133;0.000000
52072133;0.000000
52074131;0.000000
52076129;0.000000
52078164;0.000000
52080118;0.000000
52082111;0.000000
52084116;0.000000
52086110;0.000000
52088186;0.000000
52090134;0.000000
52092132;0.000000
52094129;0.000000
52096127;0.000000
52098149;0.000000
52100164;0.000000
52102140;0.000000
52104142;0.000000
52106136;0.000000
52108149;0.000000
52110154;0.000000
52112113;0.000000
52114114;0.000000
52116108;0.000000
52118129;0.000000
52120115;0.000000
52122163;0.000000
52124137;0.000000
52126131;0.000000
52128150;0.000000
52130132;0.000000
52132160;0.000000
52134117;0.000000
52136107;0.000000
52138126;0.000000
52140110;0.000000
52142114;0.000000
52144152;0.000000
52146130;0.000000
52148140;0.000000
52150131;0.000000
52152133;0.000000
52154158;0.000000
52156118;0.000000
52158126;0.000000
52160117;0.000000
52162112;0.000000
52164169;0.000000
52166155;0.000000
52168150;0.000000
52170136;0.000000
52172128;0.000000
52174130;0.000000
52176157;0.000000
52178149;0.000000
52180130;0.000000
52182130;0.000000
52184130;0.000000
52186194;0.000000
52188151;0.000000
52190136;0.000000
52192127;0.000000
52194129;0.000000
52196126;0.000000
52198171;0.000000
52200135;0.000000
52202130;0.000000
52204125;0.000000
52206130;0.000000
52208167;0.000000
52210114;0.000000
52212110;0.000000
52214111;0.000000
52216116;0.000000
52218129;0.000000
52220168;0.000000
52222143;0.000000
52224135;0.000000
52226129;0.000000
52228148;0.000000
52230155;0.000000
52232114;0.000000
52234113;0.000000
52236114;0.000000
52238124;0.000000
52240112;0.000000
52242156;0.000000
52244139;0.000000
52246130;0.000000
52248145;0.000000
52250129;0.000000
52252155;0.000000
52254117;0.000000
52256116;0.000000
52258125;0.000000
52260116;0.000000
52262167;0.000000
52264154;0.000000
52266134;0.000000
52268147;0.000000
52270139;0.000000
52272130;0.000000
52274151;0.000000
52276112;0.000000
52278128;0.000000
52280111;0.000000
52282116;0.000000
52284288;0.000000
52286138;0.000000
52288150;0.000000
52290129;0.000000
52292129;0.000000
52294133;0.000000
52296156;0.000000
52298151;0.000000
52300136;0.000000
52302135;0.000000
52304129;0.000000
52306288;0.000000
52308151;0.000000
52310131;0.000000
52312133;0.000000
52314128;0.000000
52316131;0.000000
52318162;0.000000
52320114;0.000000
52322111;0.000000
52324114;0.000000
52326115;0.000000
52328168;0.000000
52330109;0.000000
52332112;0.000000
52334110;0.000000
52336111;0.000000
52338127;0.000000
52340166;0.000000
52342142;0.000000
52344144;0.000000
52346141;0.000000
52348153;0.000000
52350158;0.000000
52352118;0.000000
52354112;0.000000
52356114;0.000000
52358129;0.000000
52360115;0.000000
52362150;0.000000
52364114;0.000000
52366116;0.000000
52368125;0.000000
52370107;0.000000
52372182;0.000000
52374140;0.000000
52376132;0.000000
52378147;0.000000
52380131;0.000000
52382133;0.000000
52384159;0.000000
52386134;0.000000
52388150;0.000000
52390131;0.000000
52392132;0.000000
52394160;0.000000
52396109;0.000000
52398118;0.000000
52400109;0.000000
52402111;0.000000
52404163;0.000000
52406156;0.000000
52408155;0.000000
52410132;0.000000
52412133;0.000000
52414133;0.000000
52416155;0.000000
52418116;0.000000
52420120;0.000000
52422111;0.000000
52424113;0.000000
52426171;0.000000
52428168;0.000000
52430128;0.000000
52432138;0.000000
52434135;0.000000
52436131;0.000000
52438162;0.000000
52440118;0.000000
52442119;0.000000
52444112;0.000000
52446108;0.000000
52448167;0.000000
52450112;0.000000
52452111;0.000000
52454110;0.000000
52456108;0.000000
52458123;0.000000
52460161;0.000000
52462139;0.000000
52464138;0.000000
52466135;0.000000
52468149;0.000000
52470159;0.000000
52472122;0.000000
52474114;0.000000
52476117;0.000000
52478122;0.000000
52480113;0.000000
52482162;0.000000
52484136;0.000000
52486134;0.000000
52488149;0.000000
52490131;0.000000
52492164;0.000000
52494115;0.000000
52496112;0.000000
52498124;0.000000
52500113;0.000000
52502110;0.000000
52504155;0.000000
52506132;0.000000
52508149;0.000000
52510127;0.000000
52512128;0.000000
52514158;0.000000
52516112;0.000000
52518129;0.000000
52520111;0.000000
52522113;0.000000
52524167;0.000000
52526154;0.000000
52528153;0.000000
52530131;0.000000
52532136;0.000000
52534126;0.000000
52536158;0.000000
52538130;0.000000
52540106;0.000000
52542111;0.000000
52544113;0.000000
52546111;0.000000
52548156;0.000000
52550119;0.000000
52552105;0.000000
52554116;0.000000
52556109;0.000000
52558164;0.000000
52560112;0.000000
52562114;0.000000
52564114;0.000000
52566112;0.000000
52568131;0.000000
52570159;0.000000
52572139;0.000000
52574141;0.000000
52576135;0.000000
52578151;0.000000
52580152;0.000000
52582115;0.000000
52584116;0.000000
52586115;0.000000
52588121;0.000000
52590110;0.000000
52592159;0.000000
52594131;0.000000
52596134;0.000000
52598153;0.000000
52600132;0.000000
52602164;0.000000
52604117;0.000000
52606110;0.000000
52608125;0.000000
52610110;0.000000
52612109;0.000000
52614162;0.000000
52616139;0.000000
52618146;0.000000
52620130;0.000000
52622130;0.000000
52624157;0.000000
52626119;0.000000
52628124;0.000000
52630119;0.000000
52632112;0.000000
52634115;0.000000
52636157;0.000000
52638151;0.000000
52640140;0.000000
52642131;0.000000
52644132;0.000000
52646155;0.000000
52648121;0.000000
52650114;0.000000
52652109;0.000000
52654113;0.000000
52656108;0.000000
52658176;0.000000
52660137;0.000000
52662133;0.000000
52664128;0.000000
52666134;0.000000
52668165;0.000000
52670114;0.000000
52672110;0.000000
52674117;0.000000
52676108;0.000000
52678353;0.000000
52680141;0.000000
52682138;0.000000
52684135;0.000000
52686133;0.000000
52688153;0.000000
52690160;0.000000
52692114;0.000000
52694113;0.000000
52696109;0.000000
52698123;0.000000
52700209;0.000000
52702131;0.000000
52704131;0.000000
52706134;0.000000
52708148;0.000000
52710134;0.000000
52712142;0.000000
52714112;0.000000
52716112;0.000000
52718125;0.000000
52720114;0.000000
52722160;0.000000
52724115;0.000000
52726110;0.000000
52728122;0.000000
52730111;0.000000
52732113;0.000000
52734157;0.000000
52736134;0.000000
52738139;0.000000
52740134;0.000000
52742136;0.000000
52744161;0.000000
52746115;0.000000
52748124;0.000000
52750109;0.000000
52752113;0.000000
52754109;0.000000
52756156;0.000000
52758128;0.000000
52760111;0.000000
52762114;0.000000
52764111;0.000000
52766165;0.000000
52768170;0.000000
52770133;0.000000
52772129;0.000000
52774132;0.000000
52776125;0.000000
52778169;0.000000
52780117;0.000000
52782108;0.000000
52784108;0.000000
52786115;0.000000
52788165;0.000000
52790116;0.000000
52792113;0.000000
52794114;0.000000
52796116;0.000000
52798125;0.000000
52800151;0.000000
52802121;0.000000
52804118;0.000000
52806114;0.000000
52808124;0.000000
52810155;0.000000
52812116;0.000000
52814111;0.000000
52816113;0.000000
52818117;0.000000
52820112;0.000000
52822159;0.000000
52824133;0.000000
52826134;0.000000
52828148;0.000000
52830130;0.000000
52832148;0.000000
52834122;0.000000
52836115;0.000000
52838127;0.000000
52840116;0.000000
52842117;0.000000
52844158;0.000000
52846132;0.000000
52848147;0.000000
52850132;0.000000
52852136;0.000000
52854156;0.000000
52856113;0.000000
52858129;0.000000
52860115;0.000000
52862111;0.000000
52864155;0.000000
52866120;0.000000
52868123;0.000000
52870110;0.000000
52872108;0.000000
52874115;0.000000
52876158;0.000000
52878143;0.000000
52880134;0.000000
52882128;0.000000
52884131;0.000000
52886156;0.000000
52888124;0.000000
52890111;0.000000
52892108;0.000000
52894112;0.000000
52896110;0.000000
52898174;0.000000
52900133;0.000000
52902131;0.000000
52904130;0.000000
52906131;0.000000
52908166;0.000000
52910109;0.000000
52912109;0.000000
52914111;0.000000
52916108;0.000000
52918119;0.000000
52920170;0.000000
52922143;0.000000
52924139;0.000000
52926135;0.000000
52928153;0.000000
52930179;0.000000
52932138;0.000000
52934133;0.000000
52936131;0.000000
52938145;0.000000
52940133;0.000000
52942162;0.000000
52944135;0.000000
52946132;0.000000
52948146;0.000000
52950134;0.000000
52952157;0.000000
52954112;0.000000
52956112;0.000000
52958120;0.000000
52960111;0.000000
52962111;0.000000
52964159;0.000000
52966135;0.000000
52968149;0.000000
52970134;0.000000
52972131;0.000000
52974158;0.000000
52976116;0.000000
52978118;0.000000
52980113;0.000000
52982108;0.000000
52984111;0.000000
52986158;0.000000
52988151;0.000000
52990134;0.000000
52992130;0.000000
52994132;0.000000
52996154;0.000000
52998125;0.000000
53000107;0.000000
53002113;0.000000
53004111;0.000000
53006115;0.000000
53008180;0.000000
53010136;0.000000
53012133;0.000000
53014130;0.000000
53016127;0.000000
53018163;0.000000
53020117;0.000000
53022109;0.000000
53024114;0.000000
53026113;0.000000
53028120;0.000000
53030167;0.000000
53032145;0.000000
53034135;0.000000
53036135;0.000000
53038149;0.000000
53040156;0.000000
53042108;0.000000
53044115;0.000000
53046117;0.000000
53048119;0.000000
53050113;0.000000
53052155;0.000000
53054144;0.000000
53056125;0.000000
53058149;0.000000
53060127;0.000000
53062163;0.000000
53064116;0.000000
53066113;0.000000
53068124;0.000000
53070113;0.000000
53072301;0.000000
53074134;0.000000
53076132;0.000000
53078151;0.000000
53080137;0.000000
53082133;0.000000
53084148;0.000000
53086127;0.000000
53088143;0.000000
53090130;0.000000
53092125;0.000000
53094158;0.000000
53096114;0.000000
53098128;0.000000
53100115;0.000000
53102107;0.000000
53104111;0.000000
53106154;0.000000
53108154;0.000000
53110129;0.000000
53112132;0.000000
53114127;0.000000
53116156;0.000000
53118127;0.000000
53120106;0.000000
53122112;0.000000
53124109;0.000000
53126158;0.000000
53128131;0.000000
53130111;0.000000
53132115;0.000000
53134109;0.000000
53136114;0.000000
53138172;0.000000
53140129;0.000000
53142134;0.000000
53144132;0.000000
53146129;0.000000
53148169;0.000000
53150121;0.000000
53152114;0.000000
53154113;0.000000
53156116;0.000000
53158123;0.000000
53160160;0.000000
53162138;0.000000
53164133;0.000000
53166137;0.000000
53168141;0.000000
53170161;0.000000
53172111;0.000000
53174109;0.000000
53176112;0.000000
53178122;0.000000
53180110;0.000000
53182161;0.000000
53184132;0.000000
53186132;0.000000
53188148;0.000000
53190136;0.000000
53192156;0.000000
53194114;0.000000
53196109;0.000000
53198122;0.000000
53200114;0.000000
53202109;0.000000
53204158;0.000000
53206134;0.000000
53208146;0.000000
53210131;0.000000
53212132;0.000000
53214188;0.000000
53216159;0.000000
53218152;0.000000
53220131;0.000000
53222131;0.000000
53224130;0.000000
53226155;0.000000
53228128;0.000000
53230113;0.000000
53232113;0.000000
53234110;0.000000
53236165;0.000000
53238170;0.000000
53240136;0.000000
53242133;0.000000
53244131;0.000000
53246131;0.000000
53248167;0.000000
53250121;0.000000
53252117;0.000000
53254111;0.000000
53256114;0.000000
53258126;0.000000
53260147;0.000000
53262120;0.000000
53264117;0.000000
53266123;0.000000
53268131;0.000000
53270160;0.000000
53272118;0.000000
53274108;0.000000
53276113;0.000000
53278120;0.000000
53280163;0.000000
53282157;0.000000
53284136;0.000000
53286127;0.000000
53288150;0.000000
53290132;0.000000
53292154;0.000000
53294119;0.000000
53296111;0.000000
53298127;0.000000
53300111;0.000000
53302193;0.000000
53304139;0.000000
53306133;0.000000
53308144;0.000000
53310131;0.000000
53312127;0.000000
53314145;0.000000
53316111;0.000000
53318127;0.000000
53320116;0.000000
53322113;0.000000
53324189;0.000000
53326142;0.000000
53328152;0.000000
53330132;0.000000
53332132;0.000000
53334132;0.000000
53336154;0.000000
53338149;0.000000
53340137;0.000000
53342130;0.000000
53344133;0.000000
53346156;0.000000
53348129;0.000000
53350110;0.000000
53352112;0.000000
53354115;0.000000
53356110;0.000000
53358169;0.000000
53360133;0.000000
53362134;0.000000
53364130;0.000000
53366131;0.000000
53368165;0.000000
53370120;0.000000
53372117;0.000000
53374108;0.000000
53376115;0.000000
53378125;0.000000
53380169;0.000000
53382137;0.000000
53384139;0.000000
53386138;0.000000
53388156;0.000000
53390159;0.000000
53392117;0.000000
53394113;0.000000
53396112;0.000000
53398121;0.000000
53400112;0.000000
53402153;0.000000
53404132;0.000000
53406131;0.000000
53408150;0.000000
53410139;0.000000
53412151;0.000000
53414118;0.000000
53416113;0.000000
53418125;0.000000
53420108;0.000000
53422115;0.000000
53424153;0.000000
53426137;0.000000
53428143;0.000000
53430133;0.000000
53432130;0.000000
53434146;0.000000
53436116;0.000000
53438121;0.000000
53440115;0.000000
53442117;0.000000
53444313;0.000000
53446139;0.000000
53448150;0.000000
53450134;0.000000
53452132;0.000000
53454135;0.000000
53456156;0.000000
53458124;0.000000
53460111;0.000000
53462110;0.000000
53464111;0.000000
53466166;0.000000
53468172;0.000000
53470132;0.000000
53472131;0.000000
53474132;0.000000
53476134;0.000000
53478165;0.000000
53480113;0.000000
53482115;0.000000
53484111;0.000000
53486108;0.000000
53488172;0.000000
53490163;0.000000
53492141;0.000000
53494134;0.000000
53496135;0.000000
53498153;0.000000
53500154;0.000000
53502135;0.000000
53504134;0.000000
53506131;0.000000
53508145;0.000000
53510156;0.000000
53512121;0.000000
53514113;0.000000
53516109;0.000000
53518128;0.000000
53520112;0.000000
53522161;0.000000
53524135;0.000000
53526135;0.000000
53528144;0.000000
53530127;0.000000
53532158;0.000000
53534118;0.000000
53536110;0.000000
53538131;0.000000
53540117;0.000000
53542114;0.000000
53544157;0.000000
53546136;0.000000
53548146;0.000000
53550127;0.000000
53552134;0.000000
53554157;0.000000
53556115;0.000000
53558130;0.000000
53560115;0.000000
53562113;0.000000
53564112;0.000000
53566158;0.000000
53568150;0.000000
53570132;0.000000
53572128;0.000000
53574130;0.000000
53576220;0.000000
53578151;0.000000
53580131;0.000000
53582132;0.000000
53584133;0.000000
53586130;0.000000
53588172;0.000000
53590130;0.000000
53592129;0.000000
53594128;0.000000
53596129;0.000000
53598168;0.000000
53600111;0.000000
53602110;0.000000
53604109;0.000000
53606113;0.000000
53608125;0.000000
53610161;0.000000
53612142;0.000000
53614134;0.000000
53616134;0.000000
53618154;0.000000
53620154;0.000000
53622118;0.000000
53624111;0.000000
53626109;0.000000
53628126;0.000000
53630110;0.000000
53632156;0.000000
53634137;0.000000
53636130;0.000000
53638148;0.000000
53640134;0.000000
53642160;0.000000
53644114;0.000000
53646111;0.000000
53648122;0.000000
53650113;0.000000
53652165;0.000000
53654147;0.000000
53656136;0.000000
53658140;0.000000
53660135;0.000000
53662130;0.000000
53664154;0.000000
53666114;0.000000
53668125;0.000000
53670113;0.000000
53672112;0.000000
53674167;0.000000
53676158;0.000000
53678154;0.000000
53680135;0.000000
53682132;0.000000
53684134;0.000000
53686160;0.000000
53688129;0.000000
53690115;0.000000
53692112;0.000000
53694120;0.000000
53696111;0.000000
53698176;0.000000
53700133;0.000000
53702133;0.000000
53704131;0.000000
53706131;0.000000
53708164;0.000000
53710114;0.000000
53712117;0.000000
53714109;0.000000
53716115;0.000000
53718132;0.000000
53720164;0.000000
53722138;0.000000
53724139;0.000000
53726133;0.000000
53728154;0.000000
53730155;0.000000
53732118;0.000000
53734114;0.000000
53736113;0.000000
53738119;0.000000
53740105;0.000000
53742163;0.000000
53744139;0.000000
53746132;0.000000
53748142;0.000000
53750134;0.000000
53752152;0.000000
53754119;0.000000
53756121;0.000000
53758125;0.000000
53760113;0.000000
53762302;0.000000
53764133;0.000000
53766129;0.000000
53768147;0.000000
53770135;0.000000
53772130;0.000000
53774154;0.000000
53776121;0.000000
53778122;0.000000
53780115;0.000000
53782112;0.000000
53784108;0.000000
53786158;0.000000
53788159;0.000000
53790130;0.000000
53792131;0.000000
53794132;0.000000
53796160;0.000000
53798128;0.000000
53800110;0.000000
53802115;0.000000
53804113;0.000000
53806115;0.000000
53808175;0.000000
53810130;0.000000
53812132;0.000000
53814130;0.000000
53816133;0.000000
53818167;0.000000
53820113;0.000000
53822113;0.000000
53824111;0.000000
53826113;0.000000
53828126;0.000000
53830166;0.000000
53832141;0.000000
53834134;0.000000
53836134;0.000000
53838142;0.000000
53840158;0.000000
53842117;0.000000
53844114;0.000000
53846112;0.000000
53848120;0.000000
53850111;0.000000
53852159;0.000000
53854134;0.000000
53856136;0.000000
53858150;0.000000
53860133;0.000000
53862162;0.000000
53864110;0.000000
53866111;0.000000
53868127;0.000000
53870109;0.000000
53872168;0.000000
53874159;0.000000
53876131;0.000000
53878153;0.000000
53880133;0.000000
53882131;0.000000
53884158;0.000000
53886119;0.000000
53888126;0.000000
53890106;0.000000
53892111;0.000000
53894165;0.000000
53896157;0.000000
53898147;0.000000
53900135;0.000000
53902132;0.000000
53904134;0.000000
53906157;0.000000
53908146;0.000000
53910134;0.000000
53912134;0.000000
53914130;0.000000
53916162;0.000000
53918131;0.000000
53920111;0.000000
53922111;0.000000
53924112;0.000000
53926113;0.000000
53928172;0.000000
53930136;0.000000
53932129;0.000000
53934132;0.000000
53936127;0.000000
53938162;0.000000
53940116;0.000000
53942110;0.000000
53944110;0.000000
53946117;0.000000
53948324;0.000000
53950148;0.000000
53952137;0.000000
53954134;0.000000
53956134;0.000000
53958148;0.000000
53960143;0.000000
53962119;0.000000
53964111;0.000000
53966110;0.000000
53968124;0.000000
53970163;0.000000
53972118;0.000000
53974115;0.000000
53976112;0.000000
53978122;0.000000
53980112;0.000000
53982155;0.000000
53984117;0.000000
53986109;0.000000
53988123;0.000000
53990112;0.000000
53992321;0.000000
53994137;0.000000
53996129;0.000000
53998142;0.000000
54000131;0.000000
54002132;0.000000
54004153;0.000000
54006116;0.000000
54008127;0.000000
54010111;0.000000
54012111;0.000000
54014110;0.000000
54016157;0.000000
54018147;0.000000
54020130;0.000000
54022127;0.000000
54024134;0.000000
54026158;0.000000
54028125;0.000000
54030113;0.000000
54032109;0.000000
54034114;0.000000
54036164;0.000000
54038167;0.000000
54040134;0.000000
54042132;0.000000
54044129;0.000000
54046133;0.000000
54048161;0.000000
54050114;0.000000
54052113;0.000000
54054114;0.000000
54056109;0.000000
54058164;0.000000
54060119;0.000000
54062114;0.000000
54064111;0.000000
54066111;0.000000
54068179;0.000000
54070161;0.000000
54072141;0.000000
54074139;0.000000
54076133;0.000000
54078151;0.000000
54080157;0.000000
54082114;0.000000
54084109;0.000000
54086108;0.000000
54088121;0.000000
54090161;0.000000
54092157;0.000000
54094134;0.000000
54096130;0.000000
54098144;0.000000
54100134;0.000000
54102152;0.000000
54104113;0.000000
54106112;0.000000
54108123;0.000000
54110111;0.000000
54112195;0.000000
54114136;0.000000
54116134;0.000000
54118144;0.000000
54120130;0.000000
54122128;0.000000
54124153;0.000000
54126133;0.000000
54128145;0.000000
54130134;0.000000
54132127;0.000000
54134302;0.000000
54136137;0.000000
54138139;0.000000
54140135;0.000000
54142130;0.000000
54144134;0.000000
54146159;0.000000
54148120;0.000000
54150107;0.000000
54152113;0.000000
54154112;0.000000
54156317;0.000000
54158154;0.000000
54160135;0.000000
54162131;0.000000
54164130;0.000000
54166128;0.000000
54168171;0.000000
54170131;0.000000
54172130;0.000000
54174133;0.000000
54176130;0.000000
54178172;0.000000
54180114;0.000000
54182118;0.000000
54184112;0.000000
54186108;0.000000
54188136;0.000000
54190163;0.000000
54192134;0.000000
54194135;0.000000
54196136;0.000000
54198150;0.000000
54200160;0.000000
54202117;0.000000
54204113;0.000000
54206115;0.000000
54208122;0.000000
54210157;0.000000
54212113;0.000000
54214114;0.000000
54216116;0.000000
54218127;0.000000
54220122;0.000000
54222156;0.000000
54224137;0.000000
54226131;0.000000
54228154;0.000000
54230131;0.000000
54232146;0.000000
54234115;0.000000
54236119;0.000000
54238125;0.000000
54240114;0.000000
54242323;0.000000
54244139;0.000000
54246128;0.000000
54248143;0.000000
54250130;0.000000
54252131;0.000000
54254144;0.000000
54256112;0.000000
54258129;0.000000
54260106;0.000000
54262110;0.000000
54264158;0.000000
54266115;0.000000
54268121;0.000000
54270110;0.000000
54272111;0.000000
54274111;0.000000
54276159;0.000000
54278130;0.000000
54280110;0.000000
54282108;0.000000
54284112;0.000000
54286307;0.000000
54288144;0.000000
54290132;0.000000
54292131;0.000000
54294132;0.000000
54296126;0.000000
54298158;0.000000
54300118;0.000000
54302110;0.000000
54304111;0.000000
54306111;0.000000
54308168;0.000000
54310115;0.000000
54312113;0.000000
54314110;0.000000
54316111;0.000000
54318121;0.000000
54320165;0.000000
54322139;0.000000
54324138;0.000000
54326134;0.000000
54328145;0.000000
54330156;0.000000
54332118;0.000000
54334112;0.000000
54336110;0.000000
54338121;0.000000
54340114;0.000000
54342155;0.000000
54344136;0.000000
54346133;0.000000
54348142;0.000000
54350133;0.000000
54352154;0.000000
54354119;0.000000
54356112;0.000000
54358124;0.000000
54360108;0.000000
54362194;0.000000
54364134;0.000000
54366130;0.000000
54368145;0.000000
54370133;0.000000
54372131;0.000000
54374156;0.000000
54376136;0.000000
54378149;0.000000
54380134;0.000000
54382129;0.000000
54384158;0.000000
54386118;0.000000
54388131;0.000000
54390117;0.000000
54392109;0.000000
54394115;0.000000
54396158;0.000000
54398152;0.000000
54400136;0.000000
54402135;0.000000
54404130;0.000000
54406158;0.000000
54408130;0.000000
54410109;0.000000
54412114;0.000000
54414115;0.000000
54416326;0.000000
54418151;0.000000
54420128;0.000000
54422129;0.000000
54424130;0.000000
54426128;0.000000
54428166;0.000000
54430138;0.000000
54432129;0.000000
54434134;0.000000
54436132;0.000000
54438168;0.000000
54440113;0.000000
54442112;0.000000
54444110;0.000000
54446107;0.000000
54448123;0.000000
54450164;0.000000
54452118;0.000000
54454119;0.000000
54456118;0.000000
54458117;0.000000
54460115;0.000000
54462158;0.000000
54464133;0.000000
54466130;0.000000
54468147;0.000000
54470128;0.000000
54472152;0.000000
54474121;0.000000
54476121;0.000000
54478123;0.000000
54480118;0.000000
54482167;0.000000
54484157;0.000000
54486132;0.000000
54488152;0.000000
54490127;0.000000
54492129;0.000000
54494158;0.000000
54496118;0.000000
54498131;0.000000
54500112;0.000000
54502119;0.000000
54504113;0.000000
54506155;0.000000
54508148;0.000000
54510138;0.000000
54512128;0.000000
54514128;0.000000
54516154;0.000000
54518126;0.000000
54520110;0.000000
54522116;0.000000
54524114;0.000000
54526165;0.000000
54528167;0.000000
54530132;0.000000
54532135;0.000000
54534130;0.000000
54536132;0.000000
54538159;0.000000
54540117;0.000000
54542116;0.000000
54544112;0.000000
54546114;0.000000
54548166;0.000000
54550118;0.000000
54552113;0.000000
54554110;0.000000
54556110;0.000000
54558134;0.000000
54560161;0.000000
54562142;0.000000
54564137;0.000000
54566135;0.000000
54568155;0.000000
54570158;0.000000
54572112;0.000000
54574111;0.000000
54576111;0.000000
54578118;0.000000
54580114;0.000000
54582157;0.000000
54584134;0.000000
54586133;0.000000
54588143;0.000000
54590132;0.000000
54592158;0.000000
54594109;0.000000
54596111;0.000000
54598129;0.000000
54600121;0.000000
54602112;0.000000
54604155;0.000000
54606136;0.000000
54608149;0.000000
54610133;0.000000
54612129;0.000000
54614160;0.000000
54616117;0.000000
54618127;0.000000
54620113;0.000000
54622112;0.000000
54624108;0.000000
54626152;0.000000
54628143;0.000000
54630132;0.000000
54632133;0.000000
54634132;0.000000
54636157;0.000000
54638122;0.000000
54640117;0.000000
54642113;0.000000
54644114;0.000000
54646111;0.000000
54648174;0.000000
54650128;0.000000
54652130;0.000000
54654126;0.000000
54656126;0.000000
54658167;0.000000
54660115;0.000000
54662113;0.000000
54664109;0.000000
54666111;0.000000
54668176;0.000000
54670168;0.000000
54672141;0.000000
54674136;0.000000
54676132;0.000000
54678144;0.000000
54680157;0.000000
54682116;0.000000
54684113;0.000000
54686120;0.000000
54688120;0.000000
54690196;0.000000
54692125;0.000000
54694129;0.000000
54696129;0.000000
54698144;0.000000
54700132;0.000000
54702147;0.000000
54704116;0.000000
54706111;0.000000
54708122;0.000000
54710119;0.000000
54712156;0.000000
54714116;0.000000
54716111;0.000000
54718126;0.000000
54720110;0.000000
54722116;0.000000
54724144;0.000000
54726114;0.000000
54728127;0.000000
54730109;0.000000
54732110;0.000000
54734160;0.000000
54736119;0.000000
54738126;0.000000
54740113;0.000000
54742111;0.000000
54744110;0.000000
54746161;0.000000
54748144;0.000000
54750134;0.000000
54752133;0.000000
54754134;0.000000
54756163;0.000000
54758135;0.000000
54760112;0.000000
54762109;0.000000
54764110;0.000000
54766112;0.000000
54768166;0.000000
54770115;0.000000
54772108;0.000000
54774110;0.000000
54776109;0.000000
54778167;0.000000
54780115;0.000000
54782110;0.000000
54784114;0.000000
54786113;0.000000
54788128;0.000000
54790167;0.000000
54792126;0.000000
54794114;0.000000
54796119;0.000000
54798126;0.000000
54800111;0.000000
54802155;0.000000
54804138;0.000000
54806132;0.000000
54808146;0.000000
54810130;0.000000
54812157;0.000000
54814134;0.000000
54816135;0.000000
54818148;0.000000
54820133;0.000000
54822162;0.000000
54824113;0.000000
54826118;0.000000
54828125;0.000000
54830109;0.000000
54832109;0.000000
54834157;0.000000
54836132;0.000000
54838143;0.000000
54840135;0.000000
54842131;0.000000
54844157;0.000000
54846111;0.000000
54848131;0.000000
54850118;0.000000
54852109;0.000000
54854117;0.000000
54856159;0.000000
54858154;0.000000
54860132;0.000000
54862135;0.000000
54864129;0.000000
54866153;0.000000
54868123;0.000000
54870109;0.000000
54872111;0.000000
54874110;0.000000
54876155;0.000000
54878128;0.000000
54880110;0.000000
54882117;0.000000
54884113;0.000000
54886114;0.000000
54888173;0.000000
54890141;0.000000
54892128;0.000000
54894126;0.000000
54896129;0.000000
54898168;0.000000
54900115;0.000000
54902113;0.000000
54904109;0.000000
54906107;0.000000
54908124;0.000000
54910162;0.000000
54912142;0.000000
54914138;0.000000
54916138;0.000000
54918148;0.000000
54920155;0.000000
54922115;0.000000
54924115;0.000000
54926114;0.000000
54928121;0.000000
54930112;0.000000
54932156;0.000000
54934134;0.000000
54936131;0.000000
54938146;0.000000
54940132;0.000000
54942157;0.000000
54944111;0.000000
54946113;0.000000
54948124;0.000000
54950107;0.000000
54952107;0.000000
54954153;0.000000
54956139;0.000000
54958145;0.000000
54960126;0.000000
54962132;0.000000
54964155;0.000000
54966117;0.000000
54968127;0.000000
54970113;0.000000
54972112;0.000000
54974173;0.000000
54976154;0.000000
54978147;0.000000
54980131;0.000000
54982132;0.000000
54984132;0.000000
54986153;0.000000
54988121;0.000000
54990111;0.000000
54992115;0.000000
54994114;0.000000
54996155;0.000000
54998129;0.000000
55000111;0.000000
55002118;0.000000
55004117;0.000000
55006212;0.000000
55008150;0.000000
55010131;0.000000
55012126;0.000000
55014128;0.000000
55016131;0.000000
55018168;0.000000
55020141;0.000000
55022132;0.000000
55024131;0.000000
55026128;0.000000
55028163;0.000000
55030114;0.000000
55032107;0.000000
55034111;0.000000
55036109;0.000000
55038123;0.000000
55040164;0.000000
55042140;0.000000
55044138;0.000000
55046133;0.000000
55048144;0.000000
55050158;0.000000
55052119;0.000000
55054108;0.000000
55056110;0.000000
55058127;0.000000
55060113;0.000000
55062149;0.000000
55064117;0.000000
55066116;0.000000
55068123;0.000000
55070114;0.000000
55072156;0.000000
55074110;0.000000
55076113;0.000000
55078127;0.000000
55080108;0.000000
55082112;0.000000
55084160;0.000000
55086137;0.000000
55088147;0.000000
55090131;0.000000
55092132;0.000000
55094153;0.000000
55096115;0.000000
55098128;0.000000
55100114;0.000000
55102116;0.000000
55104111;0.000000
55106157;0.000000
55108151;0.000000
55110134;0.000000
55112134;0.000000
55114129;0.000000
55116161;0.000000
55118128;0.000000
55120113;0.000000
55122114;0.000000
55124111;0.000000
55126167;0.000000
55128170;0.000000
55130136;0.000000
55132135;0.000000
55134132;0.000000
55136128;0.000000
55138167;0.000000
55140116;0.000000
55142109;0.000000
55144112;0.000000
55146113;0.000000
55148126;0.000000
55150167;0.000000
55152140;0.000000
55154138;0.000000
55156138;0.000000
55158155;0.000000
55160160;0.000000
55162113;0.000000
55164119;0.000000
55166112;0.000000
55168117;0.000000
55170161;0.000000
55172159;0.000000
55174135;0.000000
55176127;0.000000
55178147;0.000000
55180131;0.000000
55182158;0.000000
55184116;0.000000
55186113;0.000000
55188124;0.000000
55190109;0.000000
55192198;0.000000
55194141;0.000000
55196128;0.000000
55198145;0.000000
55200134;0.000000
55202131;0.000000
55204155;0.000000
55206117;0.000000
55208129;0.000000
55210110;0.000000
55212111;0.000000
55214206;0.000000
55216131;0.000000
55218141;0.000000
55220132;0.000000
55222127;0.000000
55224129;0.000000
55226152;0.000000
55228128;0.000000
55230112;0.000000
55232108;0.000000
55234112;0.000000
55236330;0.000000
55238154;0.000000
55240136;0.000000
55242132;0.000000
55244132;0.000000
55246130;0.000000
55248154;0.000000
55250112;0.000000
55252110;0.000000
55254113;0.000000
55256113;0.000000
55258353;0.000000
55260147;0.000000
55262136;0.000000
55264131;0.000000
55266135;0.000000
55268148;0.000000
55270160;0.000000
55272113;0.000000
55274117;0.000000
55276115;0.000000
55278118;0.000000
55280111;0.000000
55282156;0.000000
55284133;0.000000
55286130;0.000000
55288152;0.000000
55290129;0.000000
55292149;0.000000
55294116;0.000000
55296108;0.000000
55298123;0.000000
55300111;0.000000
55302156;0.000000
55304116;0.000000
55306111;0.000000
55308121;0.000000
55310110;0.000000
55312113;0.000000
55314161;0.000000
55316118;0.000000
55318123;0.000000
55320109;0.000000
55322115;0.000000
55324201;0.000000
55326134;0.000000
55328156;0.000000
55330135;0.000000
55332130;0.000000
55334132;0.000000
55336137;0.000000
55338127;0.000000
55340109;0.000000
55342112;0.000000
55344117;0.000000
55346213;0.000000
55348144;0.000000
55350132;0.000000
55352131;0.000000
55354129;0.000000
55356128;0.000000
55358172;0.000000
55360134;0.000000
55362127;0.000000
55364133;0.000000
55366132;0.000000
55368163;0.000000
55370113;0.000000
55372106;0.000000
55374108;0.000000
55376108;0.000000
55378124;0.000000
55380167;0.000000
55382138;0.000000
55384138;0.000000
55386135;0.000000
55388145;0.000000
55390157;0.000000
55392109;0.000000
55394114;0.000000
55396115;0.000000
55398125;0.000000
55400113;0.000000
55402154;0.000000
55404131;0.000000
55406127;0.000000
55408145;0.000000
55410131;0.000000
55412161;0.000000
55414121;0.000000
55416114;0.000000
55418131;0.000000
55420111;0.000000
55422113;0.000000
55424155;0.000000
55426131;0.000000
55428142;0.000000
55430128;0.000000
55432130;0.000000
55434161;0.000000
55436116;0.000000
55438126;0.000000
55440114;0.000000
55442108;0.000000
55444115;0.000000
55446157;0.000000
55448156;0.000000
55450132;0.000000
55452130;0.000000
55454130;0.000000
55456152;0.000000
55458123;0.000000
55460108;0.000000
55462112;0.000000
55464110;0.000000
55466110;0.000000
55468165;0.000000
55470141;0.000000
55472130;0.000000
55474132;0.000000
55476131;0.000000
55478164;0.000000
55480114;0.000000
55482109;0.000000
55484112;0.000000
55486115;0.000000
55488125;0.000000
55490164;0.000000
55492139;0.000000
55494133;0.000000
55496134;0.000000
55498151;0.000000
55500156;0.000000
55502114;0.000000
55504108;0.000000
55506111;0.000000
55508127;0.000000
55510109;0.000000
55512160;0.000000
55514132;0.000000
55516131;0.000000
55518142;0.000000
55520132;0.000000
55522156;0.000000
55524117;0.000000
55526116;0.000000
55528126;0.000000
55530114;0.000000
55532162;0.000000
55534114;0.000000
55536115;0.000000
55538123;0.000000
55540113;0.000000
55542110;0.000000
55544157;0.000000
55546135;0.000000
55548148;0.000000
55550129;0.000000
55552130;0.000000
55554236;0.000000
55556134;0.000000
55558145;0.000000
55560132;0.000000
55562131;0.000000
55564134;0.000000
55566156;0.000000
55568149;0.000000
55570128;0.000000
55572129;0.000000
55574133;0.000000
55576158;0.000000
55578125;0.000000
55580108;0.000000
55582109;0.000000
55584116;0.000000
55586112;0.000000
55588167;0.000000
55590118;0.000000
55592112;0.000000
55594105;0.000000
55596118;0.000000
55598167;0.000000
55600114;0.000000
55602115;0.000000
55604117;0.000000
55606113;0.000000
55608126;0.000000
55610163;0.000000
55612145;0.000000
55614142;0.000000
55616137;0.000000
55618141;0.000000
55620161;0.000000
55622114;0.000000
55624117;0.000000
55626108;0.000000
55628123;0.000000
55630115;0.000000
55632154;0.000000
55634135;0.000000
55636129;0.000000
55638147;0.000000
55640131;0.000000
55642159;0.000000
55644115;0.000000
55646116;0.000000
55648123;0.000000
55650109;0.000000
55652116;0.000000
55654157;0.000000
55656135;0.000000
55658147;0.000000
55660131;0.000000
55662129;0.000000
55664150;0.000000
55666119;0.000000
55668132;0.000000
55670115;0.000000
55672115;0.000000
55674334;0.000000
55676136;0.000000
55678145;0.000000
55680131;0.000000
55682132;0.000000
55684129;0.000000
55686157;0.000000
55688124;0.000000
55690110;0.000000
55692114;0.000000
55694112;0.000000
55696110;0.000000
55698169;0.000000
55700132;0.000000
55702132;0.000000
55704133;0.000000
55706132;0.000000
55708166;0.000000
55710119;0.000000
55712110;0.000000
55714108;0.000000
55716107;0.000000
55718127;0.000000
55720164;0.000000
55722141;0.000000
55724133;0.000000
55726136;0.000000
55728136;0.000000
55730157;0.000000
55732115;0.000000
55734110;0.000000
55736112;0.000000
55738123;0.000000
55740320;0.000000
55742136;0.000000
55744131;0.000000
55746138;0.000000
55748143;0.000000
55750125;0.000000
55752156;0.000000
55754112;0.000000
55756116;0.000000
55758128;0.000000
55760113;0.000000
55762165;0.000000
55764150;0.000000
55766132;0.000000
55768148;0.000000
55770131;0.000000
55772132;0.000000
55774155;0.000000
55776110;0.000000
55778123;0.000000
55780114;0.000000
55782110;0.000000
55784158;0.000000
55786154;0.000000
55788150;0.000000
55790130;0.000000
55792129;0.000000
55794128;0.000000
55796157;0.000000
55798153;0.000000
55800130;0.000000
55802130;0.000000
55804130;0.000000
55806161;0.000000
55808157;0.000000
55810137;0.000000
55812134;0.000000
55814127;0.000000
55816130;0.000000
55818166;0.000000
55820120;0.000000
55822114;0.000000
55824114;0.000000
55826111;0.000000
55828218;0.000000
55830134;0.000000
55832131;0.000000
55834130;0.000000
55836132;0.000000
55838144;0.000000
55840149;0.000000
55842118;0.000000
55844115;0.000000
55846113;0.000000
55848128;0.000000
55850165;0.000000
55852155;0.000000
55854138;0.000000
55856134;0.000000
55858145;0.000000
55860135;0.000000
55862157;0.000000
55864110;0.000000
55866113;0.000000
55868125;0.000000
55870111;0.000000
55872165;0.000000
55874160;0.000000
55876136;0.000000
55878144;0.000000
55880131;0.000000
55882128;0.000000
55884150;0.000000
55886118;0.000000
55888125;0.000000
55890117;0.000000
55892112;0.000000
55894301;0.000000
55896135;0.000000
55898147;0.000000
55900133;0.000000
55902129;0.000000
55904127;0.000000
55906154;0.000000
55908148;0.000000
55910132;0.000000
55912136;0.000000
55914127;0.000000
55916161;0.000000
55918128;0.000000
55920116;0.000000
55922111;0.000000
55924106;0.000000
55926112;0.000000
55928172;0.000000
55930132;0.000000
55932128;0.000000
55934130;0.000000
55936132;0.000000
55938164;0.000000
55940119;0.000000
55942111;0.000000
55944113;0.000000
55946112;0.000000
55948130;0.000000
55950161;0.000000
55952141;0.000000
55954136;0.000000
55956139;0.000000
55958151;0.000000
55960159;0.000000
55962115;0.000000
55964112;0.000000
55966119;0.000000
55968124;0.000000
55970115;0.000000
55972158;0.000000
55974138;0.000000
55976136;0.000000
55978140;0.000000
55980134;0.000000
55982160;0.000000
55984113;0.000000
55986112;0.000000
55988121;0.000000
55990111;0.000000
55992117;0.000000
55994161;0.000000
55996138;0.000000
55998147;0.000000
56000133;0.000000
56002137;0.000000
56004158;0.000000
56006112;0.000000
56008126;0.000000
56010114;0.000000
56012117;0.000000
56014116;0.000000
56016159;0.000000
56018147;0.000000
56020134;0.000000
56022134;0.000000
56024136;0.000000
56026156;0.000000
56028126;0.000000
56030112;0.000000
56032118;0.000000
56034117;0.000000
56036115;0.000000
56038166;0.000000
56040136;0.000000
56042130;0.000000
56044130;0.000000
56046131;0.000000
56048164;0.000000
56050117;0.000000
56052115;0.000000
56054117;0.000000
56056112;0.000000
56058123;0.000000
56060166;0.000000
56062139;0.000000
56064139;0.000000
56066135;0.000000
56068144;0.000000
56070158;0.000000
56072116;0.000000
56074114;0.000000
56076114;0.000000
56078124;0.000000
56080325;0.000000
56082142;0.000000
56084129;0.000000
56086132;0.000000
56088150;0.000000
56090131;0.000000
56092153;0.000000
56094116;0.000000
56096112;0.000000
56098126;0.000000
56100112;0.000000
56102160;0.000000
56104118;0.000000
56106116;0.000000
56108123;0.000000
56110109;0.000000
56112108;0.000000
56114159;0.000000
56116131;0.000000
56118149;0.000000
56120131;0.000000
56122133;0.000000
56124158;0.000000
56126113;0.000000
56128121;0.000000
56130110;0.000000
56132112;0.000000
56134114;0.000000
56136154;0.000000
56138154;0.000000
56140135;0.000000
56142129;0.000000
56144133;0.000000
56146156;0.000000
56148123;0.000000
56150113;0.000000
56152107;0.000000
56154107;0.000000
56156111;0.000000
56158178;0.000000
56160140;0.000000
56162135;0.000000
56164130;0.000000
56166129;0.000000
56168166;0.000000
56170109;0.000000
56172111;0.000000
56174114;0.000000
56176114;0.000000
56178168;0.000000
56180116;0.000000
56182116;0.000000
56184118;0.000000
56186116;0.000000
56188129;0.000000
56190159;0.000000
56192137;0.000000
56194139;0.000000
56196134;0.000000
56198149;0.000000
56200156;0.000000
56202120;0.000000
56204114;0.000000
56206116;0.000000
56208123;0.000000
56210113;0.000000
56212158;0.000000
56214136;0.000000
56216138;0.000000
56218142;0.000000
56220129;0.000000
56222156;0.000000
56224112;0.000000
56226114;0.000000
56228120;0.000000
56230110;0.000000
56232112;0.000000
56234152;0.000000
56236114;0.000000
56238129;0.000000
56240108;0.000000
56242106;0.000000
56244194;0.000000
56246137;0.000000
56248145;0.000000
56250132;0.000000
56252133;0.000000
56254134;0.000000
56256159;0.000000
56258128;0.000000
56260108;0.000000
56262114;0.000000
56264108;0.000000
56266211;0.000000
56268145;0.000000
56270134;0.000000
56272130;0.000000
56274130;0.000000
56276132;0.000000
56278155;0.000000
56280112;0.000000
56282110;0.000000
56284110;0.000000
56286109;0.000000
56288344;0.000000
56290144;0.000000
56292131;0.000000
56294134;0.000000
56296140;0.000000
56298146;0.000000
56300152;0.000000
56302118;0.000000
56304108;0.000000
56306112;0.000000
56308129;0.000000
56310157;0.000000
56312119;0.000000
56314113;0.000000
56316111;0.000000
56318126;0.000000
56320108;0.000000
56322154;0.000000
56324128;0.000000
56326130;0.000000
56328144;0.000000
56330131;0.000000
56332155;0.000000
56334116;0.000000
56336113;0.000000
56338127;0.000000
56340109;0.000000
56342110;0.000000
56344147;0.000000
56346114;0.000000
56348130;0.000000
56350113;0.000000
56352114;0.000000
56354328;0.000000
56356138;0.000000
56358149;0.000000
56360128;0.000000
56362131;0.000000
56364129;0.000000
56366152;0.000000
56368123;0.000000
56370114;0.000000
56372109;0.000000
56374112;0.000000
56376322;0.000000
56378148;0.000000
56380132;0.000000
56382132;0.000000
56384136;0.000000
56386134;0.000000
56388169;0.000000
56390137;0.000000
56392131;0.000000
56394131;0.000000
56396128;0.000000
56398203;0.000000
56400169;0.000000
56402144;0.000000
56404134;0.000000
56406136;0.000000
56408150;0.000000
56410161;0.000000
56412117;0.000000
56414114;0.000000
56416112;0.000000
56418119;0.000000
56420327;0.000000
56422136;0.000000
56424133;0.000000
56426133;0.000000
56428148;0.000000
56430135;0.000000
56432154;0.000000
56434112;0.000000
56436111;0.000000
56438122;0.000000
56440111;0.000000
56442329;0.000000
56444139;0.000000
56446133;0.000000
56448152;0.000000
56450132;0.000000
56452127;0.000000
56454146;0.000000
56456115;0.000000
56458130;0.000000
56460110;0.000000
56462113;0.000000
56464213;0.000000
56466139;0.000000
56468152;0.000000
56470131;0.000000
56472130;0.000000
56474128;0.000000
56476156;0.000000
56478132;0.000000
56480111;0.000000
56482112;0.000000
56484112;0.000000
56486164;0.000000
56488168;0.000000
56490134;0.000000
56492126;0.000000
56494133;0.000000
56496132;0.000000
56498169;0.000000
56500114;0.000000
56502111;0.000000
56504111;0.000000
56506111;0.000000
56508171;0.000000
56510114;0.000000
56512117;0.000000
56514106;0.000000
56516108;0.000000
56518169;0.000000
56520116;0.000000
56522107;0.000000
56524115;0.000000
56526110;0.000000
56528121;0.000000
56530166;0.000000
56532142;0.000000
56534134;0.000000
56536133;0.000000
56538146;0.000000
56540155;0.000000
56542115;0.000000
56544110;0.000000
56546110;0.000000
56548127;0.000000
56550106;0.000000
56552157;0.000000
56554136;0.000000
56556133;0.000000
56558148;0.000000
56560130;0.000000
56562152;0.000000
56564114;0.000000
56566113;0.000000
56568125;0.000000
56570111;0.000000
56572113;0.000000
56574160;0.000000
56576130;0.000000
56578146;0.000000
56580134;0.000000
56582129;0.000000
56584155;0.000000
56586116;0.000000
56588129;0.000000
56590115;0.000000
56592113;0.000000
56594327;0.000000
56596134;0.000000
56598143;0.000000
56600134;0.000000
56602129;0.000000
56604130;0.000000
56606158;0.000000
56608134;0.000000
56610113;0.000000
56612110;0.000000
56614111;0.000000
56616168;0.000000
56618171;0.000000
56620136;0.000000
56622130;0.000000
56624132;0.000000
56626135;0.000000
56628164;0.000000
56630117;0.000000
56632115;0.000000
56634120;0.000000
56636111;0.000000
56638123;0.000000
56640160;0.000000
56642138;0.000000
56644136;0.000000
56646134;0.000000
56648143;0.000000
56650160;0.000000
56652115;0.000000
56654115;0.000000
56656111;0.000000
56658126;0.000000
56660114;0.000000
56662157;0.000000
56664133;0.000000
56666133;0.000000
56668150;0.000000
56670130;0.000000
56672162;0.000000
56674115;0.000000
56676113;0.000000
56678118;0.000000
56680111;0.000000
56682159;0.000000
56684153;0.000000
56686135;0.000000
56688156;0.000000
56690136;0.000000
56692131;0.000000
56694156;0.000000
56696112;0.000000
56698126;0.000000
56700115;0.000000
56702109;0.000000
56704111;0.000000
56706162;0.000000
56708148;0.000000
56710138;0.000000
56712137;0.000000
56714139;0.000000
56716158;0.000000
56718123;0.000000
56720113;0.000000
56722111;0.000000
56724115;0.000000
56726341;0.000000
56728153;0.000000
56730134;0.000000
56732130;0.000000
56734132;0.000000
56736133;0.000000
56738168;0.000000
56740134;0.000000
56742131;0.000000
56744132;0.000000
56746133;0.000000
56748172;0.000000
56750111;0.000000
56752109;0.000000
56754107;0.000000
56756114;0.000000
56758126;0.000000
56760167;0.000000
56762142;0.000000
56764142;0.000000
56766133;0.000000
56768148;0.000000
56770158;0.000000
56772117;0.000000
56774112;0.000000
56776113;0.000000
56778123;0.000000
56780113;0.000000
56782156;0.000000
56784133;0.000000
56786133;0.000000
56788141;0.000000
56790129;0.000000
56792161;0.000000
56794112;0.000000
56796110;0.000000
56798128;0.000000
56800109;0.000000
56802117;0.000000
56804155;0.000000
56806131;0.000000
56808145;0.000000
56810125;0.000000
56812127;0.000000
56814159;0.000000
56816114;0.000000
56818132;0.000000
56820116;0.000000
56822109;0.000000
56824114;0.000000
56826156;0.000000
56828125;0.000000
56830110;0.000000
56832110;0.000000
56834112;0.000000
56836154;0.000000
56838122;0.000000
56840109;0.000000
56842112;0.000000
56844111;0.000000
56846111;0.000000
56848170;0.000000
56850134;0.000000
56852132;0.000000
56854129;0.000000
56856132;0.000000
56858164;0.000000
56860114;0.000000
56862110;0.000000
56864114;0.000000
56866111;0.000000
56868129;0.000000
56870165;0.000000
56872141;0.000000
56874139;0.000000
56876137;0.000000
56878152;0.000000
56880226;0.000000
56882137;0.000000
56884135;0.000000
56886126;0.000000
56888138;0.000000
56890133;0.000000
56892156;0.000000
56894117;0.000000
56896112;0.000000
56898125;0.000000
56900110;0.000000
56902215;0.000000
56904140;0.000000
56906131;0.000000
56908141;0.000000
56910130;0.000000
56912130;0.000000
56914162;0.000000
56916137;0.000000
56918148;0.000000
56920126;0.000000
56922130;0.000000
56924160;0.000000
56926113;0.000000
56928125;0.000000
56930108;0.000000
56932115;0.000000
56934166;0.000000
56936159;0.000000
56938153;0.000000
56940132;0.000000
56942132;0.000000
56944129;0.000000
56946157;0.000000
56948128;0.000000
56950111;0.000000
56952107;0.000000
56954106;0.000000
56956155;0.000000
56958128;0.000000
56960107;0.000000
56962111;0.000000
56964110;0.000000
56966109;0.000000
56968165;0.000000
56970135;0.000000
56972135;0.000000
56974129;0.000000
56976129;0.000000
56978161;0.000000
56980107;0.000000
56982113;0.000000
56984112;0.000000
56986107;0.000000
56988126;0.000000
56990161;0.000000
56992127;0.000000
56994119;0.000000
56996112;0.000000
56998121;0.000000
57000114;0.000000
57002156;0.000000
57004134;0.000000
57006128;0.000000
57008149;0.000000
57010131;0.000000
57012156;0.000000
57014114;0.000000
57016113;0.000000
57018113;0.000000
57020112;0.000000
57022109;0.000000
57024158;0.000000
57026139;0.000000
57028145;0.000000
57030129;0.000000
57032123;0.000000
57034224;0.000000
57036135;0.000000
57038142;0.000000
57040129;0.000000
57042133;0.000000
57044131;0.000000
57046158;0.000000
57048131;0.000000
57050109;0.000000
57052106;0.000000
57054113;0.000000
57056334;0.000000
57058161;0.000000
57060136;0.000000
57062132;0.000000
57064128;0.000000
57066133;0.000000
57068166;0.000000
57070112;0.000000
57072114;0.000000
57074111;0.000000
57076108;0.000000
57078119;0.000000
57080165;0.000000
57082144;0.000000
57084137;0.000000
57086137;0.000000
57088148;0.000000
57090160;0.000000
57092114;0.000000
57094116;0.000000
57096114;0.000000
57098118;0.000000
57100164;0.000000
57102156;0.000000
57104135;0.000000
57106134;0.000000
57108142;0.000000
57110130;0.000000
57112162;0.000000
57114116;0.000000
57116110;0.000000
57118121;0.000000
57120112;0.000000
57122111;0.000000
57124160;0.000000
57126134;0.000000
57128152;0.000000
57130134;0.000000
57132134;0.000000
57134160;0.000000
57136110;0.000000
57138124;0.000000
57140108;0.000000
57142109;0.000000
57144113;0.000000
57146159;0.000000
57148152;0.000000
57150134;0.000000
57152132;0.000000
57154132;0.000000
57156164;0.000000
57158126;0.000000
57160110;0.000000
57162116;0.000000
57164117;0.000000
57166172;0.000000
57168166;0.000000
57170137;0.000000
57172127;0.000000
57174130;0.000000
57176129;0.000000
57178164;0.000000
57180116;0.000000
57182114;0.000000
57184111;0.000000
57186111;0.000000
57188124;0.000000
57190161;0.000000
57192139;0.000000
57194137;0.000000
57196138;0.000000
57198148;0.000000
57200158;0.000000
57202114;0.000000
57204106;0.000000
57206113;0.000000
57208121;0.000000
57210193;0.000000
57212133;0.000000
57214136;0.000000
57216128;0.000000
57218146;0.000000
57220131;0.000000
57222159;0.000000
57224137;0.000000
57226130;0.000000
57228144;0.000000
57230135;0.000000
57232154;0.000000
57234115;0.000000
57236111;0.000000
57238121;0.000000
57240114;0.000000
57242115;0.000000
57244150;0.000000
57246114;0.000000
57248121;0.000000
57250112;0.000000
57252111;0.000000
57254159;0.000000
57256112;0.000000
57258127;0.000000
57260111;0.000000
57262109;0.000000
57264110;0.000000
57266155;0.000000
57268150;0.000000
57270133;0.000000
57272133;0.000000
57274132;0.000000
57276163;0.000000
57278124;0.000000
57280114;0.000000
57282115;0.000000
57284115;0.000000
57286111;0.000000
57288171;0.000000
57290139;0.000000
57292136;0.000000
57294131;0.000000
57296133;0.000000
57298168;0.000000
57300113;0.000000
57302115;0.000000
57304112;0.000000
57306111;0.000000
57308125;0.000000
57310164;0.000000
57312139;0.000000
57314136;0.000000
57316137;0.000000
57318150;0.000000
57320158;0.000000
57322118;0.000000
57324118;0.000000
57326114;0.000000
57328128;0.000000
57330113;0.000000
57332152;0.000000
57334132;0.000000
57336131;0.000000
57338143;0.000000
57340134;0.000000
57342149;0.000000
57344110;0.000000
57346115;0.000000
57348124;0.000000
57350118;0.000000
57352219;0.000000
57354134;0.000000
57356132;0.000000
57358146;0.000000
57360131;0.000000
57362131;0.000000
57364147;0.000000
57366110;0.000000
57368122;0.000000
57370108;0.000000
57372112;0.000000
57374230;0.000000
57376134;0.000000
57378152;0.000000
57380131;0.000000
57382130;0.000000
57384135;0.000000
57386159;0.000000
57388157;0.000000
57390126;0.000000
57392127;0.000000
57394134;0.000000
57396161;0.000000
57398130;0.000000
57400107;0.000000
57402110;0.000000
57404114;0.000000
57406110;0.000000
57408173;0.000000
57410132;0.000000
57412128;0.000000
57414132;0.000000
57416134;0.000000
57418169;0.000000
57420114;0.000000
57422113;0.000000
57424111;0.000000
57426113;0.000000
57428131;0.000000
57430162;0.000000
57432135;0.000000
57434138;0.000000
57436139;0.000000
57438145;0.000000
57440156;0.000000
57442113;0.000000
57444107;0.000000
57446112;0.000000
57448126;0.000000
57450110;0.000000
57452153;0.000000
57454134;0.000000
57456134;0.000000
57458137;0.000000
57460131;0.000000
57462156;0.000000
57464114;0.000000
57466117;0.000000
57468118;0.000000
57470108;0.000000
57472105;0.000000
57474161;0.000000
57476132;0.000000
57478146;0.000000
57480131;0.000000
57482130;0.000000
57484156;0.000000
57486119;0.000000
57488119;0.000000
57490113;0.000000
57492114;0.000000
57494108;0.000000
57496156;0.000000
57498150;0.000000
57500140;0.000000
57502134;0.000000
57504130;0.000000
57506158;0.000000
57508125;0.000000
57510118;0.000000
57512112;0.000000
57514115;0.000000
57516157;0.000000
57518128;0.000000
57520107;0.000000
57522114;0.000000
57524112;0.000000
57526106;0.000000
57528161;0.000000
57530130;0.000000
57532132;0.000000
57534135;0.000000
57536133;0.000000
57538167;0.000000
57540113;0.000000
57542110;0.000000
57544111;0.000000
57546114;0.000000
57548335;0.000000
57550141;0.000000
57552137;0.000000
57554135;0.000000
57556133;0.000000
57558145;0.000000
57560160;0.000000
57562132;0.000000
57564126;0.000000
57566132;0.000000
57568142;0.000000
57570156;0.000000
57572113;0.000000
57574116;0.000000
57576114;0.000000
57578119;0.000000
57580112;0.000000
57582161;0.000000
57584131;0.000000
57586128;0.000000
57588146;0.000000
57590136;0.000000
57592219;0.000000
57594136;0.000000
57596133;0.000000
57598143;0.000000
57600133;0.000000
57602134;0.000000
57604156;0.000000
57606133;0.000000
57608148;0.000000
57610131;0.000000
57612135;0.000000
57614161;0.000000
57616118;0.000000
57618125;0.000000
57620114;0.000000
57622112;0.000000
57624108;0.000000
57626159;0.000000
57628147;0.000000
57630134;0.000000
57632131;0.000000
57634128;0.000000
57636154;0.000000
57638127;0.000000
57640110;0.000000
57642113;0.000000
57644111;0.000000
57646111;0.000000
57648173;0.000000
57650134;0.000000
57652134;0.000000
57654133;0.000000
57656128;0.000000
57658166;0.000000
57660134;0.000000
57662131;0.000000
57664131;0.000000
57666133;0.000000
57668162;0.000000
57670114;0.000000
57672114;0.000000
57674106;0.000000
57676110;0.000000
57678136;0.000000
57680160;0.000000
57682123;0.000000
57684114;0.000000
57686122;0.000000
57688130;0.000000
57690158;0.000000
57692122;0.000000
57694110;0.000000
57696116;0.000000
57698120;0.000000
57700113;0.000000
57702158;0.000000
57704133;0.000000
57706137;0.000000
57708139;0.000000
57710132;0.000000
57712159;0.000000
57714112;0.000000
57716113;0.000000
57718121;0.000000
57720113;0.000000
57722110;0.000000
57724152;0.000000
57726133;0.000000
57728149;0.000000
57730131;0.000000
57732130;0.000000
57734153;0.000000
57736115;0.000000
57738135;0.000000
57740111;0.000000
57742109;0.000000
57744112;0.000000
57746157;0.000000
57748148;0.000000
57750137;0.000000
57752130;0.000000
57754131;0.000000
57756157;0.000000
57758127;0.000000
57760111;0.000000
57762110;0.000000
57764111;0.000000
57766155;0.000000
57768127;0.000000
57770119;0.000000
57772109;0.000000
57774110;0.000000
57776116;0.000000
57778174;0.000000
57780140;0.000000
57782131;0.000000
57784131;0.000000
57786132;0.000000
57788162;0.000000
57790107;0.000000
57792113;0.000000
57794109;0.000000
57796115;0.000000
57798128;0.000000
57800170;0.000000
57802139;0.000000
57804133;0.000000
57806138;0.000000
57808155;0.000000
57810161;0.000000
57812112;0.000000
57814114;0.000000
57816108;0.000000
57818120;0.000000
57820112;0.000000
57822160;0.000000
57824135;0.000000
57826125;0.000000
57828144;0.000000
57830134;0.000000
57832160;0.000000
57834115;0.000000
57836107;0.000000
57838126;0.000000
57840114;0.000000
57842110;0.000000
57844159;0.000000
57846123;0.000000
57848122;0.000000
57850107;0.000000
57852111;0.000000
57854162;0.000000
57856114;0.000000
57858127;0.000000
57860111;0.000000
57862110;0.000000
57864109;0.000000
57866155;0.000000
57868150;0.000000
57870126;0.000000
57872130;0.000000
57874128;0.000000
57876153;0.000000
57878135;0.000000
57880113;0.000000
57882117;0.000000
57884110;0.000000
57886114;0.000000
57888173;0.000000
57890135;0.000000
57892128;0.000000
57894129;0.000000
57896133;0.000000
57898167;0.000000
57900115;0.000000
57902116;0.000000
57904116;0.000000
57906114;0.000000
57908347;0.000000
57910147;0.000000
57912140;0.000000
57914133;0.000000
57916136;0.000000
57918154;0.000000
57920153;0.000000
57922115;0.000000
57924109;0.000000
57926110;0.000000
57928125;0.000000
57930157;0.000000
57932113;0.000000
57934111;0.000000
57936114;0.000000
57938122;0.000000
57940113;0.000000
57942136;0.000000
57944119;0.000000
57946115;0.000000
57948121;0.000000
57950105;0.000000
57952159;0.000000
57954107;0.000000
57956109;0.000000
57958123;0.000000
57960113;0.000000
57962116;0.000000
57964143;0.000000
57966113;0.000000
57968126;0.000000
57970113;0.000000
57972110;0.000000
57974158;0.000000
57976120;0.000000
57978118;0.000000
57980112;0.000000
57982115;0.000000
57984108;0.000000
57986155;0.000000
57988145;0.000000
57990133;0.000000
57992130;0.000000
57994135;0.000000
57996158;0.000000
57998134;0.000000
58000121;0.000000
58002110;0.000000
58004115;0.000000
58006117;0.000000
58008171;0.000000
58010139;0.000000
58012133;0.000000
58014130;0.000000
58016128;0.000000
58018169;0.000000
58020117;0.000000
58022117;0.000000
58024111;0.000000
58026113;0.000000
58028342;0.000000
58030145;0.000000
58032142;0.000000
58034131;0.000000
58036129;0.000000
58038149;0.000000
58040164;0.000000
58042119;0.000000
58044114;0.000000
58046113;0.000000
58048129;0.000000
58050109;0.000000
58052161;0.000000
58054135;0.000000
58056130;0.000000
58058143;0.000000
58060132;0.000000
58062157;0.000000
58064115;0.000000
58066111;0.000000
58068123;0.000000
58070111;0.000000
58072110;0.000000
58074158;0.000000
58076133;0.000000
58078146;0.000000
58080131;0.000000
58082132;0.000000
58084140;0.000000
58086118;0.000000
58088123;0.000000
58090114;0.000000
58092112;0.000000
58094155;0.000000
58096114;0.000000
58098130;0.000000
58100113;0.000000
58102109;0.000000
58104115;0.000000
58106156;0.000000
58108121;0.000000
58110110;0.000000
58112112;0.000000
58114116;0.000000
58116238;0.000000
58118154;0.000000
58120132;0.000000
58122129;0.000000
58124132;0.000000
58126127;0.000000
58128163;0.000000
58130117;0.000000
58132110;0.000000
58134115;0.000000
58136109;0.000000
58138179;0.000000
58140160;0.000000
58142139;0.000000
58144135;0.000000
58146136;0.000000
58148150;0.000000
58150158;0.000000
58152118;0.000000
58154114;0.000000
58156112;0.000000
58158123;0.000000
58160109;0.000000
58162157;0.000000
58164136;0.000000
58166128;0.000000
58168143;0.000000
58170130;0.000000
58172149;0.000000
58174115;0.000000
58176108;0.000000
58178117;0.000000
58180113;0.000000
58182163;0.000000
58184158;0.000000
58186133;0.000000
58188141;0.000000
58190131;0.000000
58192125;0.000000
58194160;0.000000
58196118;0.000000
58198130;0.000000
58200117;0.000000
58202110;0.000000
58204325;0.000000
58206139;0.000000
58208145;0.000000
58210132;0.000000
58212128;0.000000
58214351;0.000000
58216133;0.000000
58218149;0.000000
58220131;0.000000
58222131;0.000000
58224129;0.000000
58226156;0.000000
58228130;0.000000
58230111;0.000000
58232105;0.000000
58234111;0.000000
58236153;0.000000
58238124;0.000000
58240109;0.000000
58242114;0.000000
58244109;0.000000
58246114;0.000000
58248176;0.000000
58250139;0.000000
58252128;0.000000
58254133;0.000000
58256132;0.000000
58258170;0.000000
58260115;0.000000
58262110;0.000000
58264113;0.000000
58266111;0.000000
58268126;0.000000
58270165;0.000000
58272136;0.000000
58274138;0.000000
58276135;0.000000
58278149;0.000000
58280159;0.000000
58282111;0.000000
58284116;0.000000
58286114;0.000000
58288123;0.000000
58290115;0.000000
58292156;0.000000
58294133;0.000000
58296130;0.000000
58298148;0.000000
58300130;0.000000
58302155;0.000000
58304112;0.000000
58306111;0.000000
58308131;0.000000
58310110;0.000000
58312108;0.000000
58314158;0.000000
58316134;0.000000
58318145;0.000000
58320129;0.000000
58322128;0.000000
58324152;0.000000
58326113;0.000000
58328125;0.000000
58330116;0.000000
58332108;0.000000
58334169;0.000000
58336154;0.000000
58338144;0.000000
58340132;0.000000
58342133;0.000000
58344129;0.000000
58346156;0.000000
58348120;0.000000
58350116;0.000000
58352112;0.000000
58354112;0.000000
58356110;0.000000
58358174;0.000000
58360134;0.000000
58362135;0.000000
58364131;0.000000
58366129;0.000000
58368162;0.000000
58370114;0.000000
58372115;0.000000
58374119;0.000000
58376112;0.000000
58378177;0.000000
58380165;0.000000
58382142;0.000000
58384143;0.000000
58386137;0.000000
58388155;0.000000
58390163;0.000000
58392131;0.000000
58394130;0.000000
58396129;0.000000
58398153;0.000000
58400155;0.000000
58402114;0.000000
58404109;0.000000
58406115;0.000000
58408122;0.000000
58410111;0.000000
58412158;0.000000
58414136;0.000000
58416134;0.000000
58418144;0.000000
58420132;0.000000
58422161;0.000000
58424112;0.000000
58426110;0.000000
58428122;0.000000
58430109;0.000000
58432152;0.000000
58434112;0.000000
58436112;0.000000
58438128;0.000000
58440111;0.000000
58442112;0.000000
58444160;0.000000
58446137;0.000000
58448152;0.000000
58450130;0.000000
58452129;0.000000
58454152;0.000000
58456115;0.000000
58458121;0.000000
58460112;0.000000
58462111;0.000000
58464111;0.000000
58466157;0.000000
58468149;0.000000
58470129;0.000000
58472128;0.000000
58474129;0.000000
58476159;0.000000
58478144;0.000000
58480127;0.000000
58482134;0.000000
58484132;0.000000
58486161;0.000000
58488133;0.000000
58490109;0.000000
58492111;0.000000
58494114;0.000000
58496115;0.000000
58498169;0.000000
58500141;0.000000
58502134;0.000000
58504132;0.000000
58506131;0.000000
58508192;0.000000
58510137;0.000000
58512130;0.000000
58514129;0.000000
58516132;0.000000
58518149;0.000000
58520164;0.000000
58522138;0.000000
58524144;0.000000
58526134;0.000000
58528147;0.000000
58530154;0.000000
58532113;0.000000
58534108;0.000000
58536113;0.000000
58538128;0.000000
58540111;0.000000
58542154;0.000000
58544141;0.000000
58546133;0.000000
58548151;0.000000
58550133;0.000000
58552158;0.000000
58554116;0.000000
58556119;0.000000
58558133;0.000000
58560111;0.000000
58562232;0.000000
58564138;0.000000
58566128;0.000000
58568146;0.000000
58570132;0.000000
58572135;0.000000
58574161;0.000000
58576139;0.000000
58578152;0.000000
58580133;0.000000
58582135;0.000000
58584159;0.000000
58586115;0.000000
58588127;0.000000
58590114;0.000000
58592111;0.000000
58594114;0.000000
58596154;0.000000
58598125;0.000000
58600116;0.000000
58602109;0.000000
58604111;0.000000
58606233;0.000000
58608152;0.000000
58610133;0.000000
58612131;0.000000
58614128;0.000000
58616135;0.000000
58618171;0.000000
58620136;0.000000
58622134;0.000000
58624130;0.000000
58626133;0.000000
58628161;0.000000
58630122;0.000000
58632109;0.000000
58634115;0.000000
58636105;0.000000
58638127;0.000000
58640164;0.000000
58642138;0.000000
58644141;0.000000
58646142;0.000000
58648152;0.000000
58650163;0.000000
58652117;0.000000
58654111;0.000000
58656118;0.000000
58658131;0.000000
58660112;0.000000
58662157;0.000000
58664134;0.000000
58666134;0.000000
58668151;0.000000
58670134;0.000000
58672149;0.000000
58674114;0.000000
58676110;0.000000
58678121;0.000000
58680116;0.000000
58682159;0.000000
58684119;0.000000
58686108;0.000000
58688119;0.000000
58690110;0.000000
58692109;0.000000
58694158;0.000000
58696135;0.000000
58698144;0.000000
58700135;0.000000
58702131;0.000000
58704157;0.000000
58706119;0.000000
58708129;0.000000
58710110;0.000000
58712115;0.000000
58714110;0.000000
58716160;0.000000
58718150;0.000000
58720133;0.000000
58722134;0.000000
58724130;0.000000
58726154;0.000000
58728126;0.000000
58730111;0.000000
58732110;0.000000
58734106;0.000000
58736108;0.000000
58738172;0.000000
58740134;0.000000
58742135;0.000000
58744130;0.000000
58746133;0.000000
58748173;0.000000
58750116;0.000000
58752110;0.000000
58754111;0.000000
58756109;0.000000
58758282;0.000000
58760136;0.000000
58762130;0.000000
58764134;0.000000
58766131;0.000000
58768147;0.000000
58770163;0.000000
58772131;0.000000
58774129;0.000000
58776127;0.000000
58778146;0.000000
58780156;0.000000
58782112;0.000000
58784114;0.000000
58786110;0.000000
58788121;0.000000
58790113;0.000000
58792160;0.000000
58794132;0.000000
58796132;0.000000
58798149;0.000000
58800130;0.000000
58802158;0.000000
58804120;0.000000
58806109;0.000000
58808125;0.000000
58810115;0.000000
58812115;0.000000
58814157;0.000000
58816127;0.000000
58818147;0.000000
58820133;0.000000
58822135;0.000000
58824159;0.000000
58826122;0.000000
58828124;0.000000
58830116;0.000000
58832112;0.000000
58834166;0.000000
58836155;0.000000
58838150;0.000000
58840135;0.000000
58842132;0.000000
58844126;0.000000
58846158;0.000000
58848127;0.000000
58850112;0.000000
58852112;0.000000
58854112;0.000000
58856113;0.000000
58858157;0.000000
58860118;0.000000
58862113;0.000000
58864112;0.000000
58866105;0.000000
58868256;0.000000
58870140;0.000000
58872130;0.000000
58874129;0.000000
58876127;0.000000
58878146;0.000000
58880153;0.000000
58882135;0.000000
58884129;0.000000
58886129;0.000000
58888141;0.000000
58890158;0.000000
58892115;0.000000
58894114;0.000000
58896112;0.000000
58898120;0.000000
58900116;0.000000
58902150;0.000000
58904115;0.000000
58906116;0.000000
58908130;0.000000
58910118;0.000000
58912155;0.000000
58914120;0.000000
58916111;0.000000
58918123;0.000000
58920107;0.000000
58922105;0.000000
58924160;0.000000
58926138;0.000000
58928156;0.000000
58930130;0.000000
58932132;0.000000
58934160;0.000000
58936118;0.000000
58938128;0.000000
58940117;0.000000
58942114;0.000000
58944114;0.000000
58946160;0.000000
58948150;0.000000
58950133;0.000000
58952132;0.000000
58954133;0.000000
58956158;0.000000
58958145;0.000000
58960133;0.000000
58962131;0.000000
58964127;0.000000
58966163;0.000000
58968129;0.000000
58970112;0.000000
58972109;0.000000
58974114;0.000000
58976112;0.000000
58978170;0.000000
58980136;0.000000
58982133;0.000000
58984131;0.000000
58986135;0.000000
58988169;0.000000
58990115;0.000000
58992116;0.000000
58994110;0.000000
58996106;0.000000
58998129;0.000000
59000160;0.000000
59002134;0.000000
59004139;0.000000
59006139;0.000000
59008149;0.000000
59010154;0.000000
59012117;0.000000
59014113;0.000000
59016112;0.000000
59018132;0.000000
59020114;0.000000
59022157;0.000000
59024134;0.000000
59026129;0.000000
59028153;0.000000
59030132;0.000000
59032158;0.000000
59034115;0.000000
59036111;0.000000
59038122;0.000000
59040108;0.000000
59042111;0.000000
59044156;0.000000
59046135;0.000000
59048147;0.000000
59050133;0.000000
59052122;0.000000
59054158;0.000000
59056119;0.000000
59058127;0.000000
59060119;0.000000
59062111;0.000000
59064158;0.000000
59066120;0.000000
59068121;0.000000
59070113;0.000000
59072108;0.000000
59074111;0.000000
59076157;0.000000
59078152;0.000000
59080131;0.000000
59082128;0.000000
59084134;0.000000
59086225;0.000000
59088153;0.000000
59090139;0.000000
59092135;0.000000
59094133;0.000000
59096130;0.000000
59098169;0.000000
59100135;0.000000
59102133;0.000000
59104130;0.000000
59106133;0.000000
59108159;0.000000
59110114;0.000000
59112110;0.000000
59114108;0.000000
59116110;0.000000
59118123;0.000000
59120161;0.000000
59122147;0.000000
59124137;0.000000
59126136;0.000000
59128147;0.000000
59130158;0.000000
59132113;0.000000
59134114;0.000000
59136110;0.000000
59138123;0.000000
59140113;0.000000
59142157;0.000000
59144138;0.000000
59146134;0.000000
59148150;0.000000
59150132;0.000000
59152159;0.000000
59154113;0.000000
59156114;0.000000
59158124;0.000000
59160110;0.000000
59162229;0.000000
59164141;0.000000
59166133;0.000000
59168147;0.000000
59170135;0.000000
59172127;0.000000
59174159;0.000000
59176135;0.000000
59178149;0.000000
59180133;0.000000
59182128;0.000000
59184158;0.000000
59186117;0.000000
59188127;0.000000
59190115;0.000000
59192116;0.000000
59194109;0.000000
59196157;0.000000
59198142;0.000000
59200136;0.000000
59202135;0.000000
59204129;0.000000
59206160;0.000000
59208122;0.000000
59210111;0.000000
59212108;0.000000
59214112;0.000000
59216114;0.000000
59218173;0.000000
59220137;0.000000
59222131;0.000000
59224133;0.000000
59226132;0.000000
59228167;0.000000
59230120;0.000000
59232111;0.000000
59234111;0.000000
59236109;0.000000
59238124;0.000000
59240165;0.000000
59242136;0.000000
59244140;0.000000
59246131;0.000000
59248151;0.000000
59250153;0.000000
59252114;0.000000
59254114;0.000000
59256110;0.000000
59258126;0.000000
59260223;0.000000
59262140;0.000000
59264130;0.000000
59266129;0.000000
59268147;0.000000
59270133;0.000000
59272160;0.000000
59274131;0.000000
59276128;0.000000
59278149;0.000000
59280132;0.000000
59282149;0.000000
59284113;0.000000
59286112;0.000000
59288126;0.000000
59290109;0.000000
59292107;0.000000
59294158;0.000000
59296133;0.000000
59298139;0.000000
59300135;0.000000
59302134;0.000000
59304157;0.000000
59306120;0.000000
59308129;0.000000
59310112;0.000000
59312114;0.000000
59314117;0.000000
59316153;0.000000
59318147;0.000000
59320134;0.000000
59322135;0.000000
59324134;0.000000
59326158;0.000000
59328128;0.000000
59330110;0.000000
59332115;0.000000
59334111;0.000000
59336158;0.000000
59338129;0.000000
59340115;0.000000
59342111;0.000000
59344112;0.000000
59346119;0.000000
59348168;0.000000
59350133;0.000000
59352130;0.000000
59354127;0.000000
59356131;0.000000
59358168;0.000000
59360116;0.000000
59362110;0.000000
59364111;0.000000
59366112;0.000000
59368128;0.000000
59370166;0.000000
59372144;0.000000
59374137;0.000000
59376138;0.000000
59378151;0.000000
59380161;0.000000
59382116;0.000000
59384111;0.000000
59386108;0.000000
59388123;0.000000
59390234;0.000000
59392135;0.000000
59394136;0.000000
59396132;0.000000
59398145;0.000000
59400133;0.000000
59402155;0.000000
59404117;0.000000
59406111;0.000000
59408122;0.000000
59410113;0.000000
59412160;0.000000
59414113;0.000000
59416112;0.000000
59418123;0.000000
59420113;0.000000
59422108;0.000000
59424159;0.000000
59426129;0.000000
59428153;0.000000
59430130;0.000000
59432132;0.000000
59434161;0.000000
59436109;0.000000
59438128;0.000000
59440110;0.000000
59442113;0.000000
59444112;0.000000
59446155;0.000000
59448149;0.000000
59450132;0.000000
59452129;0.000000
59454126;0.000000
59456158;0.000000
59458134;0.000000
59460110;0.000000
59462115;0.000000
59464116;0.000000
59466159;0.000000
59468133;0.000000
59470112;0.000000
59472109;0.000000
59474114;0.000000
59476110;0.000000
59478161;0.000000
59480115;0.000000
59482113;0.000000
59484115;0.000000
59486116;0.000000
59488238;0.000000
59490137;0.000000
59492135;0.000000
59494131;0.000000
59496133;0.000000
59498144;0.000000
59500158;0.000000
59502135;0.000000
59504130;0.000000
59506128;0.000000
59508151;0.000000
59510158;0.000000
59512107;0.000000
59514110;0.000000
59516115;0.000000
59518124;0.000000
59520108;0.000000
59522158;0.000000
59524136;0.000000
59526131;0.000000
59528148;0.000000
59530135;0.000000
59532163;0.000000
59534116;0.000000
59536115;0.000000
59538123;0.000000
59540108;0.000000
59542111;0.000000
59544155;0.000000
59546131;0.000000
59548144;0.000000
59550131;0.000000
59552131;0.000000
59554153;0.000000
59556116;0.000000
59558118;0.000000
59560107;0.000000
59562112;0.000000
59564164;0.000000
59566155;0.000000
59568141;0.000000
59570132;0.000000
59572128;0.000000
59574130;0.000000
59576158;0.000000
59578127;0.000000
59580112;0.000000
59582112;0.000000
59584113;0.000000
59586153;0.000000
59588126;0.000000
59590114;0.000000
59592110;0.000000
59594113;0.000000
59596111;0.000000
59598170;0.000000
59600136;0.000000
59602132;0.000000
59604131;0.000000
59606133;0.000000
59608324;0.000000
59610148;0.000000
59612142;0.000000
59614141;0.000000
59616138;0.000000
59618209;0.000000
59620158;0.000000
59622140;0.000000
59624131;0.000000
59626129;0.000000
59628147;0.000000
59630160;0.000000
59632124;0.000000
59634109;0.000000
59636113;0.000000
59638124;0.000000
59640114;0.000000
59642156;0.000000
59644139;0.000000
59646134;0.000000
59648147;0.000000
59650132;0.000000
59652156;0.000000
59654114;0.000000
59656107;0.000000
59658122;0.000000
59660113;0.000000
59662110;0.000000
59664165;0.000000
59666128;0.000000
59668145;0.000000
59670134;0.000000
59672130;0.000000
59674161;0.000000
59676115;0.000000
59678122;0.000000
59680109;0.000000
59682113;0.000000
59684154;0.000000
59686121;0.000000
59688126;0.000000
59690108;0.000000
59692110;0.000000
59694110;0.000000
59696154;0.000000
59698128;0.000000
59700113;0.000000
59702109;0.000000
59704114;0.000000
59706157;0.000000
59708123;0.000000
59710114;0.000000
59712112;0.000000
59714110;0.000000
59716115;0.000000
59718166;0.000000
59720141;0.000000
59722134;0.000000
59724130;0.000000
59726134;0.000000
59728167;0.000000
59730112;0.000000
59732114;0.000000
59734118;0.000000
59736112;0.000000
59738122;0.000000
59740169;0.000000
59742132;0.000000
59744132;0.000000
59746133;0.000000
59748149;0.000000
59750155;0.000000
59752116;0.000000
59754111;0.000000
59756111;0.000000
59758124;0.000000
59760110;0.000000
59762157;0.000000
59764136;0.000000
59766139;0.000000
59768147;0.000000
59770135;0.000000
59772156;0.000000
59774118;0.000000
59776107;0.000000
59778132;0.000000
59780111;0.000000
59782158;0.000000
59784118;0.000000
59786112;0.000000
59788130;0.000000
59790109;0.000000
59792110;0.000000
59794157;0.000000
59796136;0.000000
59798144;0.000000
59800132;0.000000
59802128;0.000000
59804156;0.000000
59806137;0.000000
59808147;0.000000
59810131;0.000000
59812127;0.000000
59814154;0.000000
59816110;0.000000
59818126;0.000000
59820115;0.000000
59822111;0.000000
59824110;0.000000
59826157;0.000000
59828146;0.000000
59830133;0.000000
59832132;0.000000
59834126;0.000000
59836161;0.000000
59838128;0.000000
59840110;0.000000
59842110;0.000000
59844109;0.000000
59846239;0.000000
59848147;0.000000
59850133;0.000000
59852132;0.000000
59854135;0.000000
59856128;0.000000
59858162;0.000000
59860109;0.000000
59862112;0.000000
59864117;0.000000
59866116;0.000000
59868160;0.000000
59870140;0.000000
59872130;0.000000
59874132;0.000000
59876128;0.000000
59878152;0.000000
59880157;0.000000
59882133;0.000000
59884132;0.000000
59886132;0.000000
59888150;0.000000
59890161;0.000000
59892115;0.000000
59894118;0.000000
59896112;0.000000
59898122;0.000000
59900111;0.000000
59902156;0.000000
59904134;0.000000
59906131;0.000000
59908149;0.000000
59910135;0.000000
59912159;0.000000
59914113;0.000000
59916109;0.000000
59918123;0.000000
59920110;0.000000
59922111;0.000000
59924156;0.000000
59926135;0.000000
59928146;0.000000
59930133;0.000000
59932130;0.000000
59934151;0.000000
59936117;0.000000
59938122;0.000000
59940112;0.000000
59942114;0.000000
59944158;0.000000
59946111;0.000000
59948125;0.000000
59950111;0.000000
59952113;0.000000
59954108;0.000000
59956158;0.000000
59958153;0.000000
59960131;0.000000
59962131;0.000000
59964128;0.000000
59966155;0.000000
59968128;0.000000
59970110;0.000000
59972111;0.000000
59974112;0.000000
59976115;0.000000
59978169;0.000000
59980134;0.000000
59982138;0.000000
59984131;0.000000
59986130;0.000000
59988162;0.000000
59990116;0.000000
59992112;0.000000
59994112;0.000000
59996115;0.000000
59998126;0.000000
60000161;0.000000
60002116;0.000000
60004110;0.000000
60006119;0.000000
60008120;0.000000
60010154;0.000000
60012116;0.000000
60014118;0.000000
60016115;0.000000
60018127;0.000000
60020111;0.000000
60022161;0.000000
60024137;0.000000
60026136;0.000000
60028150;0.000000
60030132;0.000000
60032157;0.000000
60034111;0.000000
60036107;0.000000
60038124;0.000000
60040115;0.000000
60042114;0.000000
60044159;0.000000
60046139;0.000000
60048142;0.000000
60050132;0.000000
60052132;0.000000
60054156;0.000000
60056120;0.000000
60058127;0.000000
60060110;0.000000
60062109;0.000000
60064111;0.000000
60066159;0.000000
60068147;0.000000
60070135;0.000000
60072132;0.000000
60074131;0.000000
60076160;0.000000
60078135;0.000000
60080111;0.000000
60082114;0.000000
60084111;0.000000
60086114;0.000000
60088167;0.000000
60090140;0.000000
60092129;0.000000
60094131;0.000000
60096132;0.000000
60098167;0.000000
60100116;0.000000
60102111;0.000000
60104113;0.000000
60106114;0.000000
60108174;0.000000
60110162;0.000000
60112139;0.000000
60114139;0.000000
60116136;0.000000
60118153;0.000000
60120162;0.000000
60122116;0.000000
60124109;0.000000
60126108;0.000000
60128131;0.000000
60130171;0.000000
60132160;0.000000
60134139;0.000000
60136135;0.000000
60138152;0.000000
60140135;0.000000
60142152;0.000000
60144116;0.000000
60146115;0.000000
60148129;0.000000
60150112;0.000000
60152116;0.000000
60154160;0.000000
60156114;0.000000
60158130;0.000000
60160109;0.000000
60162113;0.000000
60164237;0.000000
60166143;0.000000
60168152;0.000000
60170135;0.000000
60172130;0.000000
60174132;0.000000
60176157;0.000000
60178153;0.000000
60180133;0.000000
60182129;0.000000
60184131;0.000000
60186153;0.000000
60188132;0.000000
60190109;0.000000
60192116;0.000000
60194108;0.000000
60196113;0.000000
60198172;0.000000
60200133;0.000000
60202130;0.000000
60204131;0.000000
60206128;0.000000
60208165;0.000000
60210115;0.000000
60212109;0.000000
60214108;0.000000
60216118;0.000000
60218162;0.000000
60220116;0.000000
60222111;0.000000
60224115;0.000000
60226113;0.000000
60228128;0.000000
60230160;0.000000
60232143;0.000000
60234140;0.000000
60236139;0.000000
60238151;0.000000
60240158;0.000000
60242112;0.000000
60244108;0.000000
60246116;0.000000
60248127;0.000000
60250116;0.000000
60252160;0.000000
60254135;0.000000
60256128;0.000000
60258146;0.000000
60260132;0.000000
60262150;0.000000
60264112;0.000000
60266110;0.000000
60268120;0.000000
60270108;0.000000
60272228;0.000000
60274139;0.000000
60276137;0.000000
60278144;0.000000
60280133;0.000000
60282131;0.000000
60284159;0.000000
60286131;0.000000
60288148;0.000000
60290129;0.000000
60292128;0.000000
60294158;0.000000
60296113;0.000000
60298124;0.000000
60300112;0.000000
60302115;0.000000
60304109;0.000000
60306159;0.000000
60308160;0.000000
60310128;0.000000
60312134;0.000000
60314127;0.000000
60316163;0.000000
60318130;0.000000
60320112;0.000000
60322113;0.000000
60324118;0.000000
60326162;0.000000
60328173;0.000000
60330136;0.000000
60332137;0.000000
60334132;0.000000
60336134;0.000000
60338160;0.000000
60340113;0.000000
60342113;0.000000
60344111;0.000000
60346112;0.000000
60348129;0.000000
60350169;0.000000
60352143;0.000000
60354137;0.000000
60356142;0.000000
60358146;0.000000
60360158;0.000000
60362113;0.000000
60364112;0.000000
60366111;0.000000
60368122;0.000000
60370111;0.000000
60372160;0.000000
60374135;0.000000
60376129;0.000000
60378145;0.000000
60380130;0.000000
60382157;0.000000
60384131;0.000000
60386133;0.000000
60388148;0.000000
60390129;0.000000
60392339;0.000000
60394141;0.000000
60396137;0.000000
60398153;0.000000
60400127;0.000000
60402133;0.000000
60404157;0.000000
60406112;0.000000
60408120;0.000000
60410113;0.000000
60412116;0.000000
60414108;0.000000
60416157;0.000000
60418147;0.000000
60420132;0.000000
60422132;0.000000
60424130;0.000000
60426156;0.000000
60428130;0.000000
60430111;0.000000
60432110;0.000000
60434107;0.000000
60436111;0.000000
60438170;0.000000
60440136;0.000000
60442131;0.000000
60444131;0.000000
60446131;0.000000
60448171;0.000000
60450135;0.000000
60452133;0.000000
60454133;0.000000
60456131;0.000000
60458169;0.000000
60460115;0.000000
60462112;0.000000
60464112;0.000000
60466114;0.000000
60468126;0.000000
60470163;0.000000
60472138;0.000000
60474138;0.000000
60476136;0.000000
60478155;0.000000
60480153;0.000000
60482114;0.000000
60484111;0.000000
60486112;0.000000
60488125;0.000000
60490114;0.000000
60492160;0.000000
60494136;0.000000
60496136;0.000000
60498148;0.000000
60500127;0.000000
60502155;0.000000
60504113;0.000000
60506113;0.000000
60508129;0.000000
60510108;0.000000
60512155;0.000000
60514117;0.000000
60516113;0.000000
60518130;0.000000
60520117;0.000000
60522110;0.000000
60524157;0.000000
60526132;0.000000
60528148;0.000000
60530131;0.000000
60532131;0.000000
60534159;0.000000
60536111;0.000000
60538127;0.000000
60540115;0.000000
60542117;0.000000
60544114;0.000000
60546156;0.000000
60548145;0.000000
60550131;0.000000
60552136;0.000000
60554135;0.000000
60556160;0.000000
60558129;0.000000
60560113;0.000000
60562112;0.000000
60564116;0.000000
60566108;0.000000
60568180;0.000000
60570138;0.000000
60572125;0.000000
60574131;0.000000
60576131;0.000000
60578161;0.000000
60580114;0.000000
60582109;0.000000
60584111;0.000000
60586108;0.000000
60588125;0.000000
60590163;0.000000
60592141;0.000000
60594141;0.000000
60596137;0.000000
60598146;0.000000
60600153;0.000000
60602114;0.000000
60604111;0.000000
60606114;0.000000
60608120;0.000000
60610110;0.000000
60612157;0.000000
60614133;0.000000
60616129;0.000000
60618144;0.000000
60620134;0.000000
60622161;0.000000
60624117;0.000000
60626114;0.000000
60628126;0.000000
60630109;0.000000
60632161;0.000000
60634161;0.000000
60636137;0.000000
60638142;0.000000
60640142;0.000000
60642138;0.000000
60644157;0.000000
60646112;0.000000
60648125;0.000000
60650105;0.000000
60652111;0.000000
60654272;0.000000
60656140;0.000000
60658141;0.000000
60660128;0.000000
60662133;0.000000
60664129;0.000000
60666146;0.000000
60668124;0.000000
60670115;0.000000
60672112;0.000000
60674116;0.000000
60676111;0.000000
60678166;0.000000
60680130;0.000000
60682129;0.000000
60684126;0.000000
60686134;0.000000
60688166;0.000000
60690110;0.000000
60692118;0.000000
60694115;0.000000
60696112;0.000000
60698129;0.000000
60700165;0.000000
60702144;0.000000
60704136;0.000000
60706135;0.000000
60708153;0.000000
60710165;0.000000
60712118;0.000000
60714111;0.000000
60716113;0.000000
60718122;0.000000
60720112;0.000000
60722157;0.000000
60724135;0.000000
60726130;0.000000
60728149;0.000000
60730129;0.000000
60732160;0.000000
60734107;0.000000
60736109;0.000000
60738116;0.000000
60740114;0.000000
60742111;0.000000
60744158;0.000000
60746133;0.000000
60748153;0.000000
60750130;0.000000
60752127;0.000000
60754153;0.000000
60756117;0.000000
60758124;0.000000
60760116;0.000000
60762113;0.000000
60764113;0.000000
60766156;0.000000
60768149;0.000000
60770131;0.000000
60772129;0.000000
60774130;0.000000
60776163;0.000000
60778125;0.000000
60780114;0.000000
60782110;0.000000
60784111;0.000000
60786109;0.000000
60788172;0.000000
60790138;0.000000
60792130;0.000000
60794129;0.000000
60796128;0.000000
60798161;0.000000
60800119;0.000000
60802114;0.000000
60804110;0.000000
60806108;0.000000
60808181;0.000000
60810165;0.000000
60812139;0.000000
60814142;0.000000
60816140;0.000000
60818147;0.000000
60820160;0.000000
60822110;0.000000
60824112;0.000000
60826106;0.000000
60828119;0.000000
60830112;0.000000
60832161;0.000000
60834140;0.000000
60836129;0.000000
60838145;0.000000
60840136;0.000000
60842151;0.000000
60844115;0.000000
60846104;0.000000
60848126;0.000000
60850107;0.000000
60852167;0.000000
60854156;0.000000
60856138;0.000000
60858144;0.000000
60860133;0.000000
60862133;0.000000
60864156;0.000000
60866114;0.000000
60868127;0.000000
60870108;0.000000
60872114;0.000000
60874167;0.000000
60876156;0.000000
60878155;0.000000
60880133;0.000000
60882131;0.000000
60884128;0.000000
60886161;0.000000
60888129;0.000000
60890111;0.000000
60892114;0.000000
60894114;0.000000
60896117;0.000000
60898163;0.000000
60900113;0.000000
60902113;0.000000
60904109;0.000000
60906113;0.000000
60908278;0.000000
60910138;0.000000
60912132;0.000000
60914132;0.000000
60916131;0.000000
60918141;0.000000
60920158;0.000000
60922136;0.000000
60924132;0.000000
60926129;0.000000
60928151;0.000000
60930161;0.000000
60932116;0.000000
60934110;0.000000
60936112;0.000000
60938121;0.000000
60940109;0.000000
60942159;0.000000
60944130;0.000000
60946130;0.000000
60948144;0.000000
60950132;0.000000
60952164;0.000000
60954116;0.000000
60956115;0.000000
60958129;0.000000
60960113;0.000000
60962111;0.000000
60964163;0.000000
60966133;0.000000
60968146;0.000000
60970133;0.000000
60972131;0.000000
60974154;0.000000
60976113;0.000000
60978125;0.000000
60980112;0.000000
60982113;0.000000
60984112;0.000000
60986160;0.000000
60988145;0.000000
60990134;0.000000
60992130;0.000000
60994132;0.000000
60996159;0.000000
60998127;0.000000
61000110;0.000000
61002112;0.000000
61004115;0.000000
61006112;0.000000
61008167;0.000000
61010134;0.000000
61012131;0.000000
61014133;0.000000
61016133;0.000000
61018170;0.000000
61020112;0.000000
61022111;0.000000
61024112;0.000000
61026114;0.000000
61028123;0.000000
61030165;0.000000
61032139;0.000000
61034141;0.000000
61036129;0.000000
61038147;0.000000
61040160;0.000000
61042114;0.000000
61044107;0.000000
61046107;0.000000
61048121;0.000000
61050109;0.000000
61052158;0.000000
61054131;0.000000
61056130;0.000000
61058139;0.000000
61060132;0.000000
61062158;0.000000
61064113;0.000000
61066107;0.000000
61068128;0.000000
61070110;0.000000
61072152;0.000000
61074113;0.000000
61076113;0.000000
61078126;0.000000
61080109;0.000000
61082113;0.000000
61084155;0.000000
61086135;0.000000
61088138;0.000000
61090132;0.000000
61092131;0.000000
61094154;0.000000
61096114;0.000000
61098132;0.000000
61100113;0.000000
61102117;0.000000
61104155;0.000000
61106115;0.000000
61108129;0.000000
61110114;0.000000
61112114;0.000000
61114114;0.000000
61116159;0.000000
61118147;0.000000
61120133;0.000000
61122133;0.000000
61124129;0.000000
61126160;0.000000
61128126;0.000000
61130110;0.000000
61132113;0.000000
61134115;0.000000
61136111;0.000000
61138168;0.000000
61140136;0.000000
61142130;0.000000
61144128;0.000000
61146131;0.000000
61148168;0.000000
61150106;0.000000
61152110;0.000000
61154107;0.000000
61156112;0.000000
61158168;0.000000
61160163;0.000000
61162135;0.000000
61164138;0.000000
61166137;0.000000
61168143;0.000000
61170159;0.000000
61172117;0.000000
61174115;0.000000
61176114;0.000000
61178124;0.000000
61180155;0.000000
61182116;0.000000
61184111;0.000000
61186108;0.000000
61188120;0.000000
61190110;0.000000
61192156;0.000000
61194141;0.000000
61196139;0.000000
61198152;0.000000
61200129;0.000000
61202162;0.000000
61204112;0.000000
61206115;0.000000
61208128;0.000000
61210111;0.000000
61212235;0.000000
61214139;0.000000
61216136;0.000000
61218148;0.000000
61220132;0.000000
61222128;0.000000
61224161;0.000000
61226132;0.000000
61228150;0.000000
61230131;0.000000
61232128;0.000000
61234162;0.000000
61236114;0.000000
61238120;0.000000
61240117;0.000000
61242114;0.000000
61244110;0.000000
61246155;0.000000
61248152;0.000000
61250132;0.000000
61252131;0.000000
61254128;0.000000
61256158;0.000000
61258131;0.000000
61260116;0.000000
61262111;0.000000
61264115;0.000000
61266107;0.000000
61268172;0.000000
61270132;0.000000
61272131;0.000000
61274134;0.000000
61276130;0.000000
61278167;0.000000
61280111;0.000000
61282114;0.000000
61284113;0.000000
61286112;0.000000
61288262;0.000000
61290141;0.000000
61292138;0.000000
61294131;0.000000
61296130;0.000000
61298148;0.000000
61300162;0.000000
61302133;0.000000
61304131;0.000000
61306131;0.000000
61308148;0.000000
61310154;0.000000
61312120;0.000000
61314108;0.000000
61316114;0.000000
61318125;0.000000
61320113;0.000000
61322157;0.000000
61324132;0.000000
61326132;0.000000
61328148;0.000000
61330128;0.000000
61332155;0.000000
61334134;0.000000
61336129;0.000000
61338155;0.000000
61340134;0.000000
61342156;0.000000
61344117;0.000000
61346114;0.000000
61348124;0.000000
61350112;0.000000
61352116;0.000000
61354157;0.000000
61356136;0.000000
61358155;0.000000
61360136;0.000000
61362129;0.000000
61364156;0.000000
61366120;0.000000
61368124;0.000000
61370114;0.000000
61372116;0.000000
61374114;0.000000
61376159;0.000000
61378153;0.000000
61380135;0.000000
61382134;0.000000
61384134;0.000000
61386159;0.000000
61388132;0.000000
61390107;0.000000
61392112;0.000000
61394119;0.000000
61396114;0.000000
61398171;0.000000
61400131;0.000000
61402125;0.000000
61404131;0.000000
61406134;0.000000
61408170;0.000000
61410118;0.000000
61412114;0.000000
61414110;0.000000
61416117;0.000000
61418127;0.000000
61420168;0.000000
61422140;0.000000
61424137;0.000000
61426139;0.000000
61428147;0.000000
61430161;0.000000
61432118;0.000000
61434114;0.000000
61436113;0.000000
61438121;0.000000
61440165;0.000000
61442157;0.000000
61444133;0.000000
61446134;0.000000
61448147;0.000000
61450134;0.000000
61452152;0.000000
61454119;0.000000
61456116;0.000000
61458128;0.000000
61460109;0.000000
61462244;0.000000
61464134;0.000000
61466137;0.000000
61468153;0.000000
61470127;0.000000
61472129;0.000000
61474152;0.000000
61476115;0.000000
61478122;0.000000
61480113;0.000000
61482112;0.000000
61484160;0.000000
61486116;0.000000
61488130;0.000000
61490109;0.000000
61492110;0.000000
61494110;0.000000
61496159;0.000000
61498151;0.000000
61500137;0.000000
61502127;0.000000
61504133;0.000000
61506161;0.000000
61508128;0.000000
61510116;0.000000
61512110;0.000000
61514111;0.000000
61516106;0.000000
61518174;0.000000
61520130;0.000000
61522132;0.000000
61524136;0.000000
61526129;0.000000
61528165;0.000000
61530117;0.000000
61532112;0.000000
61534111;0.000000
61536111;0.000000
61538124;0.000000
61540163;0.000000
61542137;0.000000
61544138;0.000000
61546138;0.000000
61548153;0.000000
61550157;0.000000
61552118;0.000000
61554109;0.000000
61556111;0.000000
61558116;0.000000
61560110;0.000000
61562159;0.000000
61564139;0.000000
61566131;0.000000
61568142;0.000000
61570130;0.000000
61572154;0.000000
61574116;0.000000
61576113;0.000000
61578116;0.000000
61580116;0.000000
61582109;0.000000
61584156;0.000000
61586135;0.000000
61588151;0.000000
61590130;0.000000
61592133;0.000000
61594157;0.000000
61596118;0.000000
61598122;0.000000
61600112;0.000000
61602110;0.000000
61604113;0.000000
61606157;0.000000
61608157;0.000000
61610134;0.000000
61612132;0.000000
61614133;0.000000
61616160;0.000000
61618127;0.000000
61620117;0.000000
61622114;0.000000
61624111;0.000000
61626166;0.000000
61628174;0.000000
61630139;0.000000
61632135;0.000000
61634133;0.000000
61636129;0.000000
61638166;0.000000
61640116;0.000000
61642118;0.000000
61644111;0.000000
61646113;0.000000
61648129;0.000000
61650163;0.000000
61652138;0.000000
61654140;0.000000
61656137;0.000000
61658148;0.000000
61660158;0.000000
61662115;0.000000
61664115;0.000000
61666107;0.000000
61668125;0.000000
61670158;0.000000
61672120;0.000000
61674110;0.000000
61676117;0.000000
61678126;0.000000
61680108;0.000000
61682159;0.000000
61684138;0.000000
61686131;0.000000
61688148;0.000000
61690135;0.000000
61692155;0.000000
61694118;0.000000
61696117;0.000000
61698122;0.000000
61700111;0.000000
61702112;0.000000
61704154;0.000000
61706134;0.000000
61708148;0.000000
61710134;0.000000
61712130;0.000000
61714158;0.000000
61716112;0.000000
61718127;0.000000
61720111;0.000000
61722109;0.000000
61724118;0.000000
61726158;0.000000
61728132;0.000000
61730111;0.000000
61732110;0.000000
61734115;0.000000
61736171;0.000000
61738163;0.000000
61740135;0.000000
61742131;0.000000
61744130;0.000000
61746133;0.000000
61748166;0.000000
61750116;0.000000
61752111;0.000000
61754110;0.000000
61756112;0.000000
61758166;0.000000
61760114;0.000000
61762116;0.000000
61764111;0.000000
61766111;0.000000
61768124;0.000000
61770158;0.000000
61772125;0.000000
61774113;0.000000
61776117;0.000000
61778120;0.000000
61780151;0.000000
61782109;0.000000
61784110;0.000000
61786111;0.000000
61788126;0.000000
61790115;0.000000
61792155;0.000000
61794114;0.000000
61796115;0.000000
61798123;0.000000
61800109;0.000000
61802165;0.000000
61804154;0.000000
61806136;0.000000
61808151;0.000000
61810135;0.000000
61812132;0.000000
61814154;0.000000
61816114;0.000000
61818127;0.000000
61820118;0.000000
61822112;0.000000
61824152;0.000000
61826111;0.000000
61828123;0.000000
61830114;0.000000
61832114;0.000000
61834111;0.000000
61836156;0.000000
61838156;0.000000
61840139;0.000000
61842133;0.000000
61844131;0.000000
61846161;0.000000
61848126;0.000000
61850112;0.000000
61852111;0.000000
61854108;0.000000
61856111;0.000000
61858174;0.000000
61860137;0.000000
61862133;0.000000
61864132;0.000000
61866131;0.000000
61868164;0.000000
61870109;0.000000
61872111;0.000000
61874108;0.000000
61876108;0.000000
61878129;0.000000
61880165;0.000000
61882145;0.000000
61884137;0.000000
61886136;0.000000
61888155;0.000000
61890157;0.000000
61892118;0.000000
61894112;0.000000
61896116;0.000000
61898130;0.000000
61900113;0.000000
61902157;0.000000
61904112;0.000000
61906108;0.000000
61908125;0.000000
61910107;0.000000
61912159;0.000000
61914111;0.000000
61916115;0.000000
61918127;0.000000
61920111;0.000000
61922115;0.000000
61924163;0.000000
61926137;0.000000
61928146;0.000000
61930130;0.000000
61932130;0.000000
61934156;0.000000
61936114;0.000000
61938127;0.000000
61940119;0.000000
61942111;0.000000
61944116;0.000000
61946162;0.000000
61948156;0.000000
61950132;0.000000
61952133;0.000000
61954134;0.000000
61956154;0.000000
61958154;0.000000
61960131;0.000000
61962127;0.000000
61964133;0.000000
61966156;0.000000
61968127;0.000000
61970115;0.000000
61972117;0.000000
61974112;0.000000
61976164;0.000000
61978168;0.000000
61980130;0.000000
61982132;0.000000
61984134;0.000000
61986134;0.000000
61988173;0.000000
61990135;0.000000
61992129;0.000000
61994125;0.000000
61996133;0.000000
61998169;0.000000
62000115;0.000000
62002111;0.000000
62004112;0.000000
62006110;0.000000
62008125;0.000000
62010146;0.000000
62012124;0.000000
62014114;0.000000
62016116;0.000000
62018122;0.000000
62020156;0.000000
62022109;0.000000
62024109;0.000000
62026110;0.000000
62028124;0.000000
62030113;0.000000
62032159;0.000000
62034112;0.000000
62036114;0.000000
62038121;0.000000
62040113;0.000000
62042164;0.000000
62044159;0.000000
62046133;0.000000
62048147;0.000000
62050135;0.000000
62052129;0.000000
62054157;0.000000
62056134;0.000000
62058147;0.000000
62060136;0.000000
62062130;0.000000
62064158;0.000000
62066115;0.000000
62068128;0.000000
62070111;0.000000
62072117;0.000000
62074114;0.000000
62076161;0.000000
62078153;0.000000
62080131;0.000000
62082134;0.000000
62084131;0.000000
62086153;0.000000
62088125;0.000000
62090113;0.000000
62092116;0.000000
62094112;0.000000
62096114;0.000000
62098171;0.000000
62100135;0.000000
62102134;0.000000
62104133;0.000000
62106129;0.000000
62108163;0.000000
62110117;0.000000
62112112;0.000000
62114112;0.000000
62116119;0.000000
62118266;0.000000
62120137;0.000000
62122133;0.000000
62124138;0.000000
62126133;0.000000
62128138;0.000000
62130158;0.000000
62132133;0.000000
62134131;0.000000
62136131;0.000000
62138146;0.000000
62140157;0.000000
62142113;0.000000
62144109;0.000000
62146118;0.000000
62148126;0.000000
62150115;0.000000
62152155;0.000000
62154135;0.000000
62156131;0.000000
62158150;0.000000
62160134;0.000000
62162157;0.000000
62164118;0.000000
62166110;0.000000
62168127;0.000000
62170117;0.000000
62172107;0.000000
62174150;0.000000
62176135;0.000000
62178152;0.000000
62180133;0.000000
62182131;0.000000
62184153;0.000000
62186115;0.000000
62188122;0.000000
62190115;0.000000
62192112;0.000000
62194111;0.000000
62196163;0.000000
62198147;0.000000
62200139;0.000000
62202129;0.000000
62204135;0.000000
62206161;0.000000
62208130;0.000000
62210111;0.000000
62212109;0.000000
62214109;0.000000
62216113;0.000000
62218172;0.000000
62220134;0.000000
62222134;0.000000
62224133;0.000000
62226132;0.000000
62228184;0.000000
62230137;0.000000
62232135;0.000000
62234127;0.000000
62236131;0.000000
62238143;0.000000
62240162;0.000000
62242125;0.000000
62244116;0.000000
62246118;0.000000
62248124;0.000000
62250165;0.000000
62252160;0.000000
62254136;0.000000
62256129;0.000000
62258142;0.000000
62260135;0.000000
62262154;0.000000
62264117;0.000000
62266106;0.000000
62268125;0.000000
62270112;0.000000
62272116;0.000000
62274157;0.000000
62276135;0.000000
62278144;0.000000
62280134;0.000000
62282129;0.000000
62284155;0.000000
62286133;0.000000
62288150;0.000000
62290129;0.000000
62292131;0.000000
62294158;0.000000
62296113;0.000000
62298125;0.000000
62300114;0.000000
62302111;0.000000
62304112;0.000000
62306157;0.000000
62308146;0.000000
62310130;0.000000
62312132;0.000000
62314126;0.000000
62316188;0.000000
62318170;0.000000
62320139;0.000000
62322134;0.000000
62324130;0.000000
62326134;0.000000
62328169;0.000000
62330115;0.000000
62332114;0.000000
62334110;0.000000
62336112;0.000000
62338127;0.000000
62340162;0.000000
62342139;0.000000
62344138;0.000000
62346132;0.000000
62348148;0.000000
62350128;0.000000
62352157;0.000000
62354136;0.000000
62356131;0.000000
62358151;0.000000
62360131;0.000000
62362162;0.000000
62364116;0.000000
62366110;0.000000
62368129;0.000000
62370111;0.000000
62372112;0.000000
62374157;0.000000
62376142;0.000000
62378143;0.000000
62380132;0.000000
62382134;0.000000
62384154;0.000000
62386118;0.000000
62388122;0.000000
62390116;0.000000
62392114;0.000000
62394113;0.000000
62396154;0.000000
62398151;0.000000
62400128;0.000000
62402132;0.000000
62404132;0.000000
62406161;0.000000
62408131;0.000000
62410111;0.000000
62412112;0.000000
62414111;0.000000
62416113;0.000000
62418168;0.000000
62420132;0.000000
62422130;0.000000
62424129;0.000000
62426132;0.000000
62428167;0.000000
62430114;0.000000
62432112;0.000000
62434109;0.000000
62436108;0.000000
62438130;0.000000
62440168;0.000000
62442142;0.000000
62444142;0.000000
62446137;0.000000
62448149;0.000000
62450164;0.000000
62452116;0.000000
62454112;0.000000
62456115;0.000000
62458131;0.000000
62460116;0.000000
62462154;0.000000
62464136;0.000000
62466132;0.000000
62468143;0.000000
62470133;0.000000
62472157;0.000000
62474112;0.000000
62476114;0.000000
62478128;0.000000
62480117;0.000000
62482115;0.000000
62484161;0.000000
62486134;0.000000
62488142;0.000000
62490132;0.000000
62492134;0.000000
62494162;0.000000
62496119;0.000000
62498120;0.000000
62500109;0.000000
62502110;0.000000
62504112;0.000000
62506155;0.000000
62508151;0.000000
62510132;0.000000
62512128;0.000000
62514131;0.000000
62516133;0.000000
62518167;0.000000
62520133;0.000000
62522129;0.000000
62524134;0.000000
62526128;0.000000
62528166;0.000000
62530118;0.000000
62532108;0.000000
62534106;0.000000
62536107;0.000000
62538179;0.000000
62540139;0.000000
62542132;0.000000
62544129;0.000000
62546129;0.000000
62548143;0.000000
62550168;0.000000
62552140;0.000000
62554139;0.000000
62556137;0.000000
62558151;0.000000
62560162;0.000000
62562112;0.000000
62564113;0.000000
62566112;0.000000
62568124;0.000000
62570112;0.000000
62572155;0.000000
62574132;0.000000
62576131;0.000000
62578146;0.000000
62580135;0.000000
62582153;0.000000
62584113;0.000000
62586111;0.000000
62588120;0.000000
62590114;0.000000
62592112;0.000000
62594156;0.000000
62596130;0.000000
62598148;0.000000
62600135;0.000000
62602130;0.000000
62604155;0.000000
62606118;0.000000
62608124;0.000000
62610111;0.000000
62612113;0.000000
62614107;0.000000
62616163;0.000000
62618154;0.000000
62620134;0.000000
62622136;0.000000
62624130;0.000000
62626156;0.000000
62628128;0.000000
62630113;0.000000
62632116;0.000000
62634110;0.000000
62636158;0.000000
62638128;0.000000
62640110;0.000000
62642109;0.000000
62644109;0.000000
62646110;0.000000
62648179;0.000000
62650136;0.000000
62652134;0.000000
62654128;0.000000
62656134;0.000000
62658167;0.000000
62660109;0.000000
62662112;0.000000
62664118;0.000000
62666112;0.000000
62668124;0.000000
62670157;0.000000
62672119;0.000000
62674119;0.000000
62676118;0.000000
62678116;0.000000
62680158;0.000000
62682156;0.000000
62684127;0.000000
62686131;0.000000
62688150;0.000000
62690132;0.000000
62692155;0.000000
62694115;0.000000
62696114;0.000000
62698120;0.000000
62700108;0.000000
62702110;0.000000
62704156;0.000000
62706132;0.000000
62708147;0.000000
62710126;0.000000
62712129;0.000000
62714158;0.000000
62716112;0.000000
62718125;0.000000
62720109;0.000000
62722114;0.000000
62724112;0.000000
62726155;0.000000
62728152;0.000000
62730133;0.000000
62732131;0.000000
62734130;0.000000
62736158;0.000000
62738147;0.000000
62740132;0.000000
62742130;0.000000
62744133;0.000000
62746160;0.000000
62748129;0.000000
62750109;0.000000
62752115;0.000000
62754113;0.000000
62756117;0.000000
62758174;0.000000
62760132;0.000000
62762134;0.000000
62764131;0.000000
62766130;0.000000
62768168;0.000000
62770112;0.000000
62772114;0.000000
62774111;0.000000
62776108;0.000000
62778123;0.000000
62780160;0.000000
62782136;0.000000
62784138;0.000000
62786136;0.000000
62788145;0.000000
62790159;0.000000
62792115;0.000000
62794111;0.000000
62796110;0.000000
62798123;0.000000
62800112;0.000000
62802160;0.000000
62804139;0.000000
62806136;0.000000
62808147;0.000000
62810137;0.000000
62812162;0.000000
62814119;0.000000
62816108;0.000000
62818127;0.000000
62820114;0.000000
62822113;0.000000
62824158;0.000000
62826136;0.000000
62828149;0.000000
62830132;0.000000
62832133;0.000000
62834160;0.000000
62836111;0.000000
62838121;0.000000
62840115;0.000000
62842110;0.000000
62844112;0.000000
62846160;0.000000
62848154;0.000000
62850133;0.000000
62852133;0.000000
62854134;0.000000
62856157;0.000000
62858129;0.000000
62860110;0.000000
62862112;0.000000
62864113;0.000000
62866109;0.000000
62868174;0.000000
62870136;0.000000
62872131;0.000000
62874129;0.000000
62876133;0.000000
62878165;0.000000
62880118;0.000000
62882106;0.000000
62884109;0.000000
62886114;0.000000
62888128;0.000000
62890163;0.000000
62892143;0.000000
62894139;0.000000
62896137;0.000000
62898148;0.000000
62900163;0.000000
62902111;0.000000
62904118;0.000000
62906113;0.000000
62908135;0.000000
62910165;0.000000
62912158;0.000000
62914137;0.000000
62916133;0.000000
62918146;0.000000
62920130;0.000000
62922157;0.000000
62924146;0.000000
62926133;0.000000
62928142;0.000000
62930136;0.000000
62932128;0.000000
62934159;0.000000
62936113;0.000000
62938127;0.000000
62940112;0.000000
62942114;0.000000
62944158;0.000000
62946115;0.000000
62948128;0.000000
62950112;0.000000
62952114;0.000000
62954113;0.000000
62956156;0.000000
62958137;0.000000
62960133;0.000000
62962134;0.000000
62964129;0.000000
62966159;0.000000
62968154;0.000000
62970139;0.000000
62972131;0.000000
62974131;0.000000
62976159;0.000000
62978133;0.000000
62980114;0.000000
62982114;0.000000
62984113;0.000000
62986112;0.000000
62988175;0.000000
62990128;0.000000
62992130;0.000000
62994127;0.000000
62996131;0.000000
62998166;0.000000
63000114;0.000000
63002111;0.000000
63004112;0.000000
63006113;0.000000
63008117;0.000000
63010160;0.000000
63012122;0.000000
63014116;0.000000
63016118;0.000000
63018131;0.000000
63020164;0.000000
63022123;0.000000
63024108;0.000000
63026109;0.000000
63028126;0.000000
63030112;0.000000
63032159;0.000000
63034131;0.000000
63036134;0.000000
63038143;0.000000
63040130;0.000000
63042156;0.000000
63044118;0.000000
63046114;0.000000
63048125;0.000000
63050115;0.000000
63052113;0.000000
63054156;0.000000
63056133;0.000000
63058143;0.000000
63060132;0.000000
63062124;0.000000
63064155;0.000000
63066113;0.000000
63068127;0.000000
63070106;0.000000
63072110;0.000000
63074165;0.000000
63076152;0.000000
63078152;0.000000
63080136;0.000000
63082131;0.000000
63084129;0.000000
63086158;0.000000
63088148;0.000000
63090132;0.000000
63092131;0.000000
63094131;0.000000
63096156;0.000000
63098127;0.000000
63100110;0.000000
63102111;0.000000
63104110;0.000000
63106111;0.000000
63108173;0.000000
63110135;0.000000
63112133;0.000000
63114126;0.000000
63116134;0.000000
63118165;0.000000
63120115;0.000000
63122113;0.000000
63124113;0.000000
63126114;0.000000
63128163;0.000000
63130117;0.000000
63132113;0.000000
63134109;0.000000
63136114;0.000000
63138121;0.000000
63140163;0.000000
63142142;0.000000
63144136;0.000000
63146135;0.000000
63148154;0.000000
63150157;0.000000
63152113;0.000000
63154110;0.000000
63156111;0.000000
63158123;0.000000
63160110;0.000000
63162155;0.000000
63164134;0.000000
63166130;0.000000
63168146;0.000000
63170128;0.000000
63172159;0.000000
63174119;0.000000
63176114;0.000000
63178128;0.000000
63180108;0.000000
63182109;0.000000
63184162;0.000000
63186138;0.000000
63188151;0.000000
63190133;0.000000
63192134;0.000000
63194156;0.000000
63196110;0.000000
63198124;0.000000
63200108;0.000000
63202107;0.000000
63204157;0.000000
63206117;0.000000
63208126;0.000000
63210114;0.000000
63212113;0.000000
63214112;0.000000
63216158;0.000000
63218147;0.000000
63220129;0.000000
63222132;0.000000
63224132;0.000000
63226156;0.000000
63228125;0.000000
63230115;0.000000
63232108;0.000000
63234113;0.000000
63236254;0.000000
63238151;0.000000
63240137;0.000000
63242126;0.000000
63244133;0.000000
63246130;0.000000
63248173;0.000000
63250134;0.000000
63252130;0.000000
63254134;0.000000
63256137;0.000000
63258163;0.000000
63260114;0.000000
63262108;0.000000
63264111;0.000000
63266114;0.000000
63268124;0.000000
63270160;0.000000
63272141;0.000000
63274139;0.000000
63276143;0.000000
63278153;0.000000
63280156;0.000000
63282117;0.000000
63284116;0.000000
63286111;0.000000
63288120;0.000000
63290164;0.000000
63292157;0.000000
63294137;0.000000
63296132;0.000000
63298146;0.000000
63300125;0.000000
63302160;0.000000
63304120;0.000000
63306112;0.000000
63308118;0.000000
63310110;0.000000
63312157;0.000000
63314118;0.000000
63316118;0.000000
63318117;0.000000
63320116;0.000000
63322112;0.000000
63324156;0.000000
63326136;0.000000
63328150;0.000000
63330133;0.000000
63332127;0.000000
63334160;0.000000
63336112;0.000000
63338122;0.000000
63340112;0.000000
63342115;0.000000
63344112;0.000000
63346159;0.000000
63348147;0.000000
63350133;0.000000
63352128;0.000000
63354132;0.000000
63356160;0.000000
63358122;0.000000
63360114;0.000000
63362114;0.000000
63364110;0.000000
63366114;0.000000
63368170;0.000000
63370120;0.000000
63372110;0.000000
63374113;0.000000
63376112;0.000000
63378166;0.000000
63380110;0.000000
63382108;0.000000
63384108;0.000000
63386115;0.000000
63388182;0.000000
63390166;0.000000
63392142;0.000000
63394135;0.000000
63396134;0.000000
63398143;0.000000
63400166;0.000000
63402117;0.000000
63404112;0.000000
63406108;0.000000
63408122;0.000000
63410162;0.000000
63412115;0.000000
63414116;0.000000
63416113;0.000000
63418125;0.000000
63420112;0.000000
63422158;0.000000
63424138;0.000000
63426130;0.000000
63428156;0.000000
63430134;0.000000
63432156;0.000000
63434115;0.000000
63436117;0.000000
63438128;0.000000
63440116;0.000000
63442172;0.000000
63444156;0.000000
63446135;0.000000
63448147;0.000000
63450129;0.000000
63452127;0.000000
63454155;0.000000
63456116;0.000000
63458131;0.000000
63460115;0.000000
63462116;0.000000
63464267;0.000000
63466136;0.000000
63468145;0.000000
63470128;0.000000
63472134;0.000000
63474134;0.000000
63476159;0.000000
63478142;0.000000
63480130;0.000000
63482132;0.000000
63484127;0.000000
63486157;0.000000
63488125;0.000000
63490106;0.000000
63492112;0.000000
63494109;0.000000
63496112;0.000000
63498171;0.000000
63500134;0.000000
63502134;0.000000
63504129;0.000000
63506127;0.000000
63508169;0.000000
63510112;0.000000
63512113;0.000000
63514108;0.000000
63516115;0.000000
63518131;0.000000
63520162;0.000000
63522137;0.000000
63524133;0.000000
63526137;0.000000
63528150;0.000000
63530155;0.000000
63532112;0.000000
63534116;0.000000
63536114;0.000000
63538126;0.000000
63540115;0.000000
63542157;0.000000
63544133;0.000000
63546128;0.000000
63548145;0.000000
63550130;0.000000
63552154;0.000000
63554117;0.000000
63556112;0.000000
63558134;0.000000
63560111;0.000000
63562164;0.000000
63564158;0.000000
63566134;0.000000
63568154;0.000000
63570130;0.000000
63572133;0.000000
63574159;0.000000
63576133;0.000000
63578148;0.000000
63580131;0.000000
63582128;0.000000
63584160;0.000000
63586122;0.000000
63588123;0.000000
63590112;0.000000
63592115;0.000000
63594113;0.000000
63596156;0.000000
63598151;0.000000
63600137;0.000000
63602135;0.000000
63604131;0.000000
63606151;0.000000
63608135;0.000000
63610110;0.000000
63612114;0.000000
63614117;0.000000
63616115;0.000000
63618173;0.000000
63620131;0.000000
63622136;0.000000
63624136;0.000000
63626134;0.000000
63628164;0.000000
63630114;0.000000
63632111;0.000000
63634112;0.000000
63636113;0.000000
63638276;0.000000
63640137;0.000000
63642131;0.000000
63644132;0.000000
63646131;0.000000
63648147;0.000000
63650159;0.000000
63652112;0.000000
63654111;0.000000
63656110;0.000000
63658124;0.000000
63660165;0.000000
63662150;0.000000
63664136;0.000000
63666125;0.000000
63668141;0.000000
63670126;0.000000
63672152;0.000000
63674108;0.000000
63676112;0.000000
63678119;0.000000
63680108;0.000000
63682156;0.000000
63684108;0.000000
63686114;0.000000
63688124;0.000000
63690111;0.000000
63692107;0.000000
63694155;0.000000
63696135;0.000000
63698147;0.000000
63700132;0.000000
63702129;0.000000
63704151;0.000000
63706112;0.000000
63708125;0.000000
63710115;0.000000
63712106;0.000000
63714166;0.000000
63716155;0.000000
63718151;0.000000
63720137;0.000000
63722131;0.000000
63724133;0.000000
63726157;0.000000
63728125;0.000000
63730110;0.000000
63732112;0.000000
63734111;0.000000
63736172;0.000000
63738168;0.000000
63740136;0.000000
63742132;0.000000
63744134;0.000000
63746133;0.000000
63748165;0.000000
63750112;0.000000
63752113;0.000000
63754114;0.000000
63756109;0.000000
63758166;0.000000
63760113;0.000000
63762114;0.000000
63764110;0.000000
63766119;0.000000
63768120;0.000000
63770165;0.000000
63772139;0.000000
63774136;0.000000
63776141;0.000000
63778152;0.000000
63780157;0.000000
63782114;0.000000
63784117;0.000000
63786109;0.000000
63788124;0.000000
63790273;0.000000
63792134;0.000000
63794131;0.000000
63796133;0.000000
63798146;0.000000
63800136;0.000000
63802156;0.000000
63804112;0.000000
63806113;0.000000
63808129;0.000000
63810112;0.000000
63812112;0.000000
63814154;0.000000
63816136;0.000000
63818152;0.000000
63820136;0.000000
63822133;0.000000
63824158;0.000000
63826126;0.000000
63828124;0.000000
63830112;0.000000
63832109;0.000000
63834159;0.000000
63836111;0.000000
63838122;0.000000
63840109;0.000000
63842113;0.000000
63844112;0.000000
63846161;0.000000
63848151;0.000000
63850131;0.000000
63852130;0.000000
63854129;0.000000
63856161;0.000000
63858128;0.000000
63860112;0.000000
63862113;0.000000
63864113;0.000000
63866109;0.000000
63868168;0.000000
63870133;0.000000
63872131;0.000000
63874130;0.000000
63876130;0.000000
63878168;0.000000
63880112;0.000000
63882113;0.000000
63884111;0.000000
63886110;0.000000
63888177;0.000000
63890160;0.000000
63892139;0.000000
63894134;0.000000
63896130;0.000000
63898143;0.000000
63900162;0.000000
63902133;0.000000
63904129;0.000000
63906126;0.000000
63908148;0.000000
63910165;0.000000
63912119;0.000000
63914109;0.000000
63916112;0.000000
63918126;0.000000
63920109;0.000000
63922153;0.000000
63924113;0.000000
63926110;0.000000
63928128;0.000000
63930108;0.000000
63932153;0.000000
63934118;0.000000
63936112;0.000000
63938127;0.000000
63940112;0.000000
63942113;0.000000
63944165;0.000000
63946114;0.000000
63948132;0.000000
63950117;0.000000
63952112;0.000000
63954159;0.000000
63956116;0.000000
63958117;0.000000
63960105;0.000000
63962106;0.000000
63964114;0.000000
63966167;0.000000
63968146;0.000000
63970135;0.000000
63972136;0.000000
63974130;0.000000
63976270;0.000000
63978158;0.000000
63980132;0.000000
63982132;0.000000
63984130;0.000000
63986135;0.000000
63988169;0.000000
63990123;0.000000
63992113;0.000000
63994117;0.000000
63996106;0.000000
63998160;0.000000
64000123;0.000000
64002112;0.000000
64004115;0.000000
64006108;0.000000
64008132;0.000000
64010170;0.000000
64012141;0.000000
64014136;0.000000
64016136;0.000000
64018149;0.000000
64020153;0.000000
64022111;0.000000
64024113;0.000000
64026111;0.000000
64028125;0.000000
64030258;0.000000
64032142;0.000000
64034129;0.000000
64036129;0.000000
64038144;0.000000
64040132;0.000000
64042159;0.000000
64044134;0.000000
64046133;0.000000
64048147;0.000000
64050131;0.000000
64052157;0.000000
64054119;0.000000
64056113;0.000000
64058126;0.000000
64060106;0.000000
64062167;0.000000
64064155;0.000000
64066134;0.000000
64068152;0.000000
64070134;0.000000
64072134;0.000000
64074162;0.000000
64076111;0.000000
64078122;0.000000
64080115;0.000000
64082109;0.000000
64084155;0.000000
64086112;0.000000
64088120;0.000000
64090111;0.000000
64092108;0.000000
64094113;0.000000
64096153;0.000000
64098149;0.000000
64100134;0.000000
64102131;0.000000
64104131;0.000000
64106159;0.000000
64108135;0.000000
64110110;0.000000
64112107;0.000000
64114113;0.000000
64116111;0.000000
64118173;0.000000
64120135;0.000000
64122132;0.000000
64124132;0.000000
64126131;0.000000
64128150;0.000000
64130169;0.000000
64132135;0.000000
64134137;0.000000
64136134;0.000000
64138151;0.000000
64140159;0.000000
64142118;0.000000
64144112;0.000000
64146109;0.000000
64148125;0.000000
64150157;0.000000
64152115;0.000000
64154112;0.000000
64156117;0.000000
64158124;0.000000
64160110;0.000000
64162160;0.000000
64164131;0.000000
64166134;0.000000
64168145;0.000000
64170135;0.000000
64172147;0.000000
64174116;0.000000
64176111;0.000000
64178128;0.000000
64180113;0.000000
64182160;0.000000
64184115;0.000000
64186111;0.000000
64188124;0.000000
64190113;0.000000
64192114;0.000000
64194156;0.000000
64196133;0.000000
64198146;0.000000
64200136;0.000000
64202133;0.000000
64204169;0.000000
64206134;0.000000
64208154;0.000000
64210133;0.000000
64212133;0.000000
64214133;0.000000
64216140;0.000000
64218127;0.000000
64220115;0.000000
64222113;0.000000
64224108;0.000000
64226161;0.000000
64228123;0.000000
64230108;0.000000
64232118;0.000000
64234115;0.000000
64236109;0.000000
64238173;0.000000
64240132;0.000000
64242129;0.000000
64244132;0.000000
64246131;0.000000
64248169;0.000000
64250115;0.000000
64252108;0.000000
64254108;0.000000
64256108;0.000000
64258124;0.000000
64260166;0.000000
64262136;0.000000
64264133;0.000000
64266143;0.000000
64268150;0.000000
64270156;0.000000
64272117;0.000000
64274110;0.000000
64276115;0.000000
64278123;0.000000
64280113;0.000000
64282157;0.000000
64284134;0.000000
64286127;0.000000
64288149;0.000000
64290130;0.000000
64292159;0.000000
64294116;0.000000
64296115;0.000000
64298118;0.000000
64300116;0.000000
64302167;0.000000
64304154;0.000000
64306137;0.000000
64308150;0.000000
64310128;0.000000
64312127;0.000000
64314161;0.000000
64316112;0.000000
64318127;0.000000
64320116;0.000000
64322118;0.000000
64324170;0.000000
64326155;0.000000
64328145;0.000000
64330132;0.000000
64332132;0.000000
64334129;0.000000
64336160;0.000000
64338139;0.000000
64340131;0.000000
64342130;0.000000
64344130;0.000000
64346160;0.000000
64348129;0.000000
64350113;0.000000
64352115;0.000000
64354118;0.000000
64356110;0.000000
64358177;0.000000
64360136;0.000000
64362134;0.000000
64364133;0.000000
64366136;0.000000
64368165;0.000000
64370122;0.000000
64372113;0.000000
64374115;0.000000
64376116;0.000000
64378120;0.000000
64380170;0.000000
64382139;0.000000
64384137;0.000000
64386139;0.000000
64388140;0.000000
64390159;0.000000
64392116;0.000000
64394109;0.000000
64396113;0.000000
64398126;0.000000
64400110;0.000000
64402159;0.000000
64404137;0.000000
64406136;0.000000
64408134;0.000000
64410135;0.000000
64412142;0.000000
64414114;0.000000
64416112;0.000000
64418128;0.000000
64420111;0.000000
64422111;0.000000
64424155;0.000000
64426133;0.000000
64428146;0.000000
64430133;0.000000
64432131;0.000000
64434160;0.000000
64436121;0.000000
64438119;0.000000
64440114;0.000000
64442112;0.000000
64444166;0.000000
64446157;0.000000
64448150;0.000000
64450132;0.000000
64452125;0.000000
64454134;0.000000
64456160;0.000000
64458126;0.000000
64460116;0.000000
64462110;0.000000
64464110;0.000000
64466156;0.000000
64468131;0.000000
64470110;0.000000
64472113;0.000000
64474106;0.000000
64476115;0.000000
64478171;0.000000
64480129;0.000000
64482128;0.000000
64484130;0.000000
64486134;0.000000
64488153;0.000000
64490116;0.000000
64492112;0.000000
64494110;0.000000
64496108;0.000000
64498176;0.000000
64500116;0.000000
64502106;0.000000
64504104;0.000000
64506112;0.000000
64508126;0.000000
64510160;0.000000
64512140;0.000000
64514135;0.000000
64516139;0.000000
64518150;0.000000
64520159;0.000000
64522111;0.000000
64524110;0.000000
64526109;0.000000
64528120;0.000000
64530114;0.000000
64532161;0.000000
64534135;0.000000
64536132;0.000000
64538139;0.000000
64540131;0.000000
64542161;0.000000
64544115;0.000000
64546112;0.000000
64548128;0.000000
64550113;0.000000
64552111;0.000000
64554157;0.000000
64556135;0.000000
64558149;0.000000
64560135;0.000000
64562129;0.000000
64564158;0.000000
64566111;0.000000
64568129;0.000000
64570116;0.000000
64572111;0.000000
64574157;0.000000
64576113;0.000000
64578118;0.000000
64580109;0.000000
64582113;0.000000
64584115;0.000000
64586158;0.000000
64588156;0.000000
64590131;0.000000
64592135;0.000000
64594131;0.000000
64596164;0.000000
64598124;0.000000
64600115;0.000000
64602114;0.000000
64604117;0.000000
64606109;0.000000
64608175;0.000000
64610138;0.000000
64612135;0.000000
64614131;0.000000
64616130;0.000000
64618180;0.000000
64620138;0.000000
64622129;0.000000
64624132;0.000000
64626130;0.000000
64628148;0.000000
64630146;0.000000
64632122;0.000000
64634114;0.000000
64636118;0.000000
64638124;0.000000
64640154;0.000000
64642111;0.000000
64644114;0.000000
64646115;0.000000
64648129;0.000000
64650112;0.000000
64652160;0.000000
64654138;0.000000
64656133;0.000000
64658144;0.000000
64660128;0.000000
64662161;0.000000
64664116;0.000000
64666113;0.000000
64668129;0.000000
64670113;0.000000
64672110;0.000000
64674154;0.000000
64676135;0.000000
64678149;0.000000
64680134;0.000000
64682128;0.000000
64684157;0.000000
64686110;0.000000
64688125;0.000000
64690114;0.000000
64692116;0.000000
64694111;0.000000
64696155;0.000000
64698153;0.000000
64700138;0.000000
64702132;0.000000
64704137;0.000000
64706155;0.000000
64708126;0.000000
64710108;0.000000
64712113;0.000000
64714113;0.000000
64716155;0.000000
64718127;0.000000
64720112;0.000000
64722112;0.000000
64724106;0.000000
64726108;0.000000
64728174;0.000000
64730134;0.000000
64732132;0.000000
64734131;0.000000
64736130;0.000000
64738166;0.000000
64740115;0.000000
64742118;0.000000
64744108;0.000000
64746111;0.000000
64748134;0.000000
64750159;0.000000
64752136;0.000000
64754138;0.000000
64756137;0.000000
64758146;0.000000
64760157;0.000000
64762120;0.000000
64764107;0.000000
64766114;0.000000
64768117;0.000000
64770301;0.000000
64772137;0.000000
64774129;0.000000
64776132;0.000000
64778147;0.000000
64780132;0.000000
64782149;0.000000
64784115;0.000000
64786113;0.000000
64788122;0.000000
64790115;0.000000
64792271;0.000000
64794134;0.000000
64796131;0.000000
64798146;0.000000
64800130;0.000000
64802129;0.000000
64804153;0.000000
64806114;0.000000
64808128;0.000000
64810109;0.000000
64812121;0.000000
64814291;0.000000
64816140;0.000000
64818147;0.000000
64820135;0.000000
64822131;0.000000
64824132;0.000000
64826157;0.000000
64828130;0.000000
64830114;0.000000
64832114;0.000000
64834112;0.000000
64836162;0.000000
64838163;0.000000
64840140;0.000000
64842136;0.000000
64844133;0.000000
64846131;0.000000
64848157;0.000000
64850115;0.000000
64852110;0.000000
64854109;0.000000
64856116;0.000000
64858182;0.000000
64860135;0.000000
64862137;0.000000
64864128;0.000000
64866133;0.000000
64868144;0.000000
64870161;0.000000
64872139;0.000000
64874135;0.000000
64876135;0.000000
64878152;0.000000
64880163;0.000000
64882113;0.000000
64884111;0.000000
64886112;0.000000
64888124;0.000000
64890106;0.000000
64892147;0.000000
64894115;0.000000
64896111;0.000000
64898119;0.000000
64900110;0.000000
64902165;0.000000
64904116;0.000000
64906111;0.000000
64908121;0.000000
64910116;0.000000
64912115;0.000000
64914145;0.000000
64916115;0.000000
64918130;0.000000
64920116;0.000000
64922114;0.000000
64924165;0.000000
64926150;0.000000
64928138;0.000000
64930132;0.000000
64932127;0.000000
64934133;0.000000
64936155;0.000000
64938131;0.000000
64940108;0.000000
64942114;0.000000
64944110;0.000000
64946164;0.000000
64948171;0.000000
64950135;0.000000
64952134;0.000000
64954134;0.000000
64956127;0.000000
64958166;0.000000
64960118;0.000000
64962112;0.000000
64964114;0.000000
64966114;0.000000
64968289;0.000000
64970142;0.000000
64972133;0.000000
64974131;0.000000
64976132;0.000000
64978148;0.000000
64980159;0.000000
64982132;0.000000
64984133;0.000000
64986130;0.000000
64988148;0.000000
64990160;0.000000
64992114;0.000000
64994109;0.000000
64996113;0.000000
64998129;0.000000
65000116;0.000000
65002158;0.000000
65004138;0.000000
65006133;0.000000
65008150;0.000000
65010127;0.000000
65012162;0.000000
65014119;0.000000
65016108;0.000000
65018120;0.000000
65020105;0.000000
65022110;0.000000
65024157;0.000000
65026130;0.000000
65028145;0.000000
65030137;0.000000
65032131;0.000000
65034161;0.000000
65036115;0.000000
65038128;0.000000
65040115;0.000000
65042110;0.000000
65044169;0.000000
65046131;0.000000
65048149;0.000000
65050130;0.000000
65052132;0.000000
65054129;0.000000
65056158;0.000000
65058149;0.000000
65060135;0.000000
65062129;0.000000
65064128;0.000000
65066154;0.000000
65068124;0.000000
65070112;0.000000
65072117;0.000000
65074111;0.000000
65076113;0.000000
65078166;0.000000
65080136;0.000000
65082132;0.000000
65084135;0.000000
65086134;0.000000
65088171;0.000000
65090113;0.000000
65092111;0.000000
65094109;0.000000
65096112;0.000000
65098126;0.000000
65100164;0.000000
65102139;0.000000
65104143;0.000000
65106138;0.000000
65108149;0.000000
65110163;0.000000
65112112;0.000000
65114113;0.000000
65116109;0.000000
65118116;0.000000
65120112;0.000000
65122156;0.000000
65124136;0.000000
65126128;0.000000
65128152;0.000000
65130131;0.000000
65132155;0.000000
65134107;0.000000
65136110;0.000000
65138128;0.000000
65140110;0.000000
65142112;0.000000
65144158;0.000000
65146134;0.000000
65148144;0.000000
65150133;0.000000
65152129;0.000000
65154158;0.000000
65156114;0.000000
65158120;0.000000
65160111;0.000000
65162109;0.000000
65164110;0.000000
65166156;0.000000
65168156;0.000000
65170132;0.000000
65172129;0.000000
65174133;0.000000
65176160;0.000000
65178123;0.000000
65180115;0.000000
65182106;0.000000
65184110;0.000000
65186161;0.000000
65188131;0.000000
65190109;0.000000
65192107;0.000000
65194105;0.000000
65196111;0.000000
65198160;0.000000
65200116;0.000000
65202120;0.000000
65204116;0.000000
65206109;0.000000
65208308;0.000000
65210141;0.000000
65212135;0.000000
65214134;0.000000
65216130;0.000000
65218142;0.000000
65220162;0.000000
65222114;0.000000
65224114;0.000000
65226117;0.000000
65228116;0.000000
65230277;0.000000
65232137;0.000000
65234132;0.000000
65236128;0.000000
65238142;0.000000
65240132;0.000000
65242161;0.000000
65244112;0.000000
65246112;0.000000
65248118;0.000000
65250110;0.000000
65252263;0.000000
65254139;0.000000
65256125;0.000000
65258147;0.000000
65260131;0.000000
65262135;0.000000
65264158;0.000000
65266128;0.000000
65268146;0.000000
65270129;0.000000
65272131;0.000000
65274162;0.000000
65276110;0.000000
65278126;0.000000
65280106;0.000000
65282111;0.000000
65284105;0.000000
65286161;0.000000
65288144;0.000000
65290130;0.000000
65292128;0.000000
65294131;0.000000
65296159;0.000000
65298120;0.000000
65300109;0.000000
65302111;0.000000
65304111;0.000000
65306109;0.000000
65308173;0.000000
65310137;0.000000
65312133;0.000000
65314131;0.000000
65316129;0.000000
65318167;0.000000
65320123;0.000000
65322114;0.000000
65324119;0.000000
65326112;0.000000
65328122;0.000000
65330162;0.000000
65332140;0.000000
65334143;0.000000
65336135;0.000000
65338151;0.000000
65340164;0.000000
65342117;0.000000
65344111;0.000000
65346114;0.000000
65348119;0.000000
65350112;0.000000
65352156;0.000000
65354134;0.000000
65356130;0.000000
65358143;0.000000
65360127;0.000000
65362154;0.000000
65364108;0.000000
65366113;0.000000
65368130;0.000000
65370108;0.000000
65372111;0.000000
65374155;0.000000
65376134;0.000000
65378155;0.000000
65380129;0.000000
65382134;0.000000
65384158;0.000000
65386113;0.000000
65388121;0.000000
65390110;0.000000
65392113;0.000000
65394116;0.000000
65396161;0.000000
65398157;0.000000
65400134;0.000000
65402132;0.000000
65404135;0.000000
65406157;0.000000
65408132;0.000000
65410111;0.000000
65412115;0.000000
65414113;0.000000
65416188;0.000000
65418149;0.000000
65420132;0.000000
65422133;0.000000
65424134;0.000000
65426131;0.000000
65428176;0.000000
65430139;0.000000
65432132;0.000000
65434129;0.000000
65436128;0.000000
65438164;0.000000
65440118;0.000000
65442115;0.000000
65444116;0.000000
65446112;0.000000
65448127;0.000000
65450144;0.000000
65452124;0.000000
65454118;0.000000
65456108;0.000000
65458118;0.000000
65460157;0.000000
65462115;0.000000
65464116;0.000000
65466108;0.000000
65468120;0.000000
65470118;0.000000
65472157;0.000000
65474131;0.000000
65476127;0.000000
65478143;0.000000
65480137;0.000000
65482160;0.000000
65484107;0.000000
65486109;0.000000
65488120;0.000000
65490111;0.000000
65492113;0.000000
65494161;0.000000
65496133;0.000000
65498145;0.000000
65500131;0.000000
65502130;0.000000
65504154;0.000000
65506112;0.000000
65508120;0.000000
65510107;0.000000
65512112;0.000000
65514110;0.000000
65516156;0.000000
65518148;0.000000
65520134;0.000000
65522129;0.000000
65524133;0.000000
65526159;0.000000
65528129;0.000000
65530115;0.000000
65532110;0.000000
65534107;0.000000
65536158;0.000000
65538124;0.000000
65540115;0.000000
65542109;0.000000
65544115;0.000000
65546172;0.000000
65548171;0.000000
65550137;0.000000
65552127;0.000000
65554125;0.000000
65556133;0.000000
65558154;0.000000
65560117;0.000000
65562114;0.000000
65564113;0.000000
65566110;0.000000
65568167;0.000000
65570116;0.000000
65572118;0.000000
65574110;0.000000
65576110;0.000000
65578125;0.000000
65580167;0.000000
65582142;0.000000
65584139;0.000000
65586136;0.000000
65588148;0.000000
65590155;0.000000
65592126;0.000000
65594116;0.000000
65596110;0.000000
65598124;0.000000
65600175;0.000000
65602135;0.000000
65604133;0.000000
65606132;0.000000
65608143;0.000000
65610133;0.000000
65612146;0.000000
65614116;0.000000
65616114;0.000000
65618121;0.000000
65620121;0.000000
65622159;0.000000
65624114;0.000000
65626112;0.000000
65628125;0.000000
65630108;0.000000
65632110;0.000000
65634158;0.000000
65636129;0.000000
65638143;0.000000
65640132;0.000000
65642135;0.000000
65644159;0.000000
65646110;0.000000
65648118;0.000000
65650109;0.000000
65652114;0.000000
65654160;0.000000
65656157;0.000000
65658146;0.000000
65660133;0.000000
65662127;0.000000
65664130;0.000000
65666159;0.000000
65668127;0.000000
65670113;0.000000
65672110;0.000000
65674113;0.000000
65676270;0.000000
65678149;0.000000
65680132;0.000000
65682131;0.000000
65684133;0.000000
65686133;0.000000
65688167;0.000000
65690137;0.000000
65692128;0.000000
65694133;0.000000
65696134;0.000000
65698172;0.000000
65700115;0.000000
65702115;0.000000
65704109;0.000000
65706108;0.000000
65708122;0.000000
65710163;0.000000
65712143;0.000000
65714143;0.000000
65716139;0.000000
65718149;0.000000
65720161;0.000000
65722112;0.000000
65724111;0.000000
65726113;0.000000
65728119;0.000000
65730164;0.000000
65732158;0.000000
65734137;0.000000
65736131;0.000000
65738146;0.000000
65740130;0.000000
65742160;0.000000
65744109;0.000000
65746105;0.000000
65748121;0.000000
65750109;0.000000
65752283;0.000000
65754136;0.000000
65756133;0.000000
65758137;0.000000
65760129;0.000000
65762128;0.000000
65764153;0.000000
65766132;0.000000
65768150;0.000000
65770131;0.000000
65772130;0.000000
65774160;0.000000
65776117;0.000000
65778124;0.000000
65780109;0.000000
65782109;0.000000
65784111;0.000000
65786157;0.000000
65788146;0.000000
65790129;0.000000
65792134;0.000000
65794131;0.000000
65796160;0.000000
65798120;0.000000
65800108;0.000000
65802110;0.000000
65804115;0.000000
65806116;0.000000
65808166;0.000000
65810136;0.000000
65812128;0.000000
65814132;0.000000
65816134;0.000000
65818166;0.000000
65820117;0.000000
65822110;0.000000
65824107;0.000000
65826113;0.000000
65828119;0.000000
65830162;0.000000
65832138;0.000000
65834138;0.000000
65836138;0.000000
65838151;0.000000
65840158;0.000000
65842116;0.000000
65844110;0.000000
65846116;0.000000
65848129;0.000000
65850289;0.000000
65852139;0.000000
65854134;0.000000
65856134;0.000000
65858145;0.000000
65860135;0.000000
65862155;0.000000
65864115;0.000000
65866114;0.000000
65868116;0.000000
65870110;0.000000
65872288;0.000000
65874137;0.000000
65876130;0.000000
65878149;0.000000
65880129;0.000000
65882132;0.000000
65884157;0.000000
65886138;0.000000
65888147;0.000000
65890133;0.000000
65892132;0.000000
65894157;0.000000
65896115;0.000000
65898125;0.000000
65900109;0.000000
65902114;0.000000
65904112;0.000000
65906157;0.000000
65908154;0.000000
65910137;0.000000
65912132;0.000000
65914127;0.000000
65916156;0.000000
65918134;0.000000
65920113;0.000000
65922117;0.000000
65924113;0.000000
65926159;0.000000
65928124;0.000000
65930110;0.000000
65932110;0.000000
65934117;0.000000
65936296;0.000000
65938151;0.000000
65940133;0.000000
65942128;0.000000
65944129;0.000000
65946131;0.000000
65948177;0.000000
65950135;0.000000
65952131;0.000000
65954134;0.000000
65956132;0.000000
65958167;0.000000
65960113;0.000000
65962110;0.000000
65964115;0.000000
65966113;0.000000
65968131;0.000000
65970159;0.000000
65972118;0.000000
65974114;0.000000
65976120;0.000000
65978130;0.000000
65980159;0.000000
65982116;0.000000
65984113;0.000000
65986109;0.000000
65988124;0.000000
65990114;0.000000
65992150;0.000000
65994125;0.000000
65996116;0.000000
65998120;0.000000
66000109;0.000000
66002297;0.000000
66004135;0.000000
66006127;0.000000
66008147;0.000000
66010136;0.000000
66012132;0.000000
66014159;0.000000
66016113;0.000000
66018128;0.000000
66020114;0.000000
66022115;0.000000
66024114;0.000000
66026160;0.000000
66028138;0.000000
66030133;0.000000
66032130;0.000000
66034129;0.000000
66036159;0.000000
66038133;0.000000
66040114;0.000000
66042112;0.000000
66044114;0.000000
66046112;0.000000
66048174;0.000000
66050136;0.000000
66052132;0.000000
66054133;0.000000
66056130;0.000000
66058163;0.000000
66060112;0.000000
66062113;0.000000
66064114;0.000000
66066115;0.000000
66068179;0.000000
66070135;0.000000
66072129;0.000000
66074135;0.000000
66076131;0.000000
66078149;0.000000
66080169;0.000000
66082139;0.000000
66084138;0.000000
66086133;0.000000
66088153;0.000000
66090158;0.000000
66092113;0.000000
66094113;0.000000
66096109;0.000000
66098116;0.000000
66100114;0.000000
66102155;0.000000
66104138;0.000000
66106136;0.000000
66108147;0.000000
66110125;0.000000
66112184;0.000000
66114136;0.000000
66116133;0.000000
66118149;0.000000
66120131;0.000000
66122130;0.000000
66124160;0.000000
66126142;0.000000
66128145;0.000000
66130131;0.000000
66132133;0.000000
66134159;0.000000
66136116;0.000000
66138122;0.000000
66140107;0.000000
66142108;0.000000
66144167;0.000000
66146150;0.000000
66148144;0.000000
66150132;0.000000
66152128;0.000000
66154128;0.000000
66156154;0.000000
66158128;0.000000
66160114;0.000000
66162109;0.000000
66164112;0.000000
66166165;0.000000
66168169;0.000000
66170133;0.000000
66172130;0.000000
66174132;0.000000
66176130;0.000000
66178164;0.000000
66180113;0.000000
66182110;0.000000
66184113;0.000000
66186110;0.000000
66188122;0.000000
66190164;0.000000
66192143;0.000000
66194136;0.000000
66196144;0.000000
66198150;0.000000
66200161;0.000000
66202116;0.000000
66204115;0.000000
66206108;0.000000
66208123;0.000000
66210114;0.000000
66212159;0.000000
66214135;0.000000
66216129;0.000000
66218142;0.000000
66220131;0.000000
66222162;0.000000
66224115;0.000000
66226112;0.000000
66228120;0.000000
66230109;0.000000
66232164;0.000000
66234153;0.000000
66236132;0.000000
66238152;0.000000
66240136;0.000000
66242129;0.000000
66244160;0.000000
66246119;0.000000
66248126;0.000000
66250114;0.000000
66252108;0.000000
66254168;0.000000
66256157;0.000000
66258150;0.000000
66260134;0.000000
66262130;0.000000
66264131;0.000000
66266161;0.000000
66268149;0.000000
66270131;0.000000
66272129;0.000000
66274128;0.000000
66276159;0.000000
66278127;0.000000
66280116;0.000000
66282108;0.000000
66284116;0.000000
66286163;0.000000
66288164;0.000000
66290138;0.000000
66292134;0.000000
66294130;0.000000
66296135;0.000000
66298167;0.000000
66300129;0.000000
66302130;0.000000
66304132;0.000000
66306132;0.000000
66308168;0.000000
66310114;0.000000
66312110;0.000000
66314110;0.000000
66316111;0.000000
66318127;0.000000
66320162;0.000000
66322139;0.000000
66324133;0.000000
66326133;0.000000
66328151;0.000000
66330179;0.000000
66332135;0.000000
66334138;0.000000
66336130;0.000000
66338148;0.000000
66340132;0.000000
66342152;0.000000
66344114;0.000000
66346112;0.000000
66348132;0.000000
66350113;0.000000
66352118;0.000000
66354158;0.000000
66356138;0.000000
66358144;0.000000
66360130;0.000000
66362132;0.000000
66364153;0.000000
66366113;0.000000
66368128;0.000000
66370109;0.000000
66372114;0.000000
66374169;0.000000
66376138;0.000000
66378148;0.000000
66380136;0.000000
66382132;0.000000
66384130;0.000000
66386156;0.000000
66388126;0.000000
66390110;0.000000
66392106;0.000000
66394112;0.000000
66396160;0.000000
66398125;0.000000
66400111;0.000000
66402114;0.000000
66404111;0.000000
66406116;0.000000
66408156;0.000000
66410113;0.000000
66412116;0.000000
66414119;0.000000
66416114;0.000000
66418167;0.000000
66420119;0.000000
66422113;0.000000
66424113;0.000000
66426111;0.000000
66428122;0.000000
66430159;0.000000
66432120;0.000000
66434121;0.000000
66436122;0.000000
66438124;0.000000
66440111;0.000000
66442158;0.000000
66444132;0.000000
66446128;0.000000
66448146;0.000000
66450132;0.000000
66452151;0.000000
66454108;0.000000
66456115;0.000000
66458131;0.000000
66460111;0.000000
66462154;0.000000
66464117;0.000000
66466110;0.000000
66468128;0.000000
66470115;0.000000
66472177;0.000000
66474134;0.000000
66476131;0.000000
66478148;0.000000
66480131;0.000000
66482131;0.000000
66484163;0.000000
66486135;0.000000
66488150;0.000000
66490134;0.000000
66492134;0.000000
66494156;0.000000
66496121;0.000000
66498119;0.000000
66500114;0.000000
66502119;0.000000
66504156;0.000000
66506117;0.000000
66508120;0.000000
66510111;0.000000
66512115;0.000000
66514161;0.000000
66516156;0.000000
66518142;0.000000
66520132;0.000000
66522129;0.000000
66524132;0.000000
66526157;0.000000
66528153;0.000000
66530133;0.000000
66532129;0.000000
66534127;0.000000
66536172;0.000000
66538149;0.000000
66540136;0.000000
66542131;0.000000
66544132;0.000000
66546131;0.000000
66548163;0.000000
66550113;0.000000
66552111;0.000000
66554112;0.000000
66556110;0.000000
66558212;0.000000
66560140;0.000000
66562131;0.000000
66564128;0.000000
66566133;0.000000
66568142;0.000000
66570153;0.000000
66572132;0.000000
66574127;0.000000
66576133;0.000000
