Timestamp;.superwatch_ch00;.superwatch_ch01;.superwatch_ch02;.superwatch_ch03
0;95.533005;76.951111;46.654110;9.254447
2472;95.392670;76.649307;46.236782;8.785131
4455;95.297935;76.447159;45.957989;8.472138
6465;95.202271;76.244255;45.678745;8.159065
8456;95.105659;76.040611;45.399071;7.845932
10458;95.008110;75.836205;45.118923;7.532695
12456;94.909622;75.631042;44.838333;7.219386
14453;94.810196;75.425148;44.557308;6.906024
16457;94.760132;75.321922;44.416626;6.749305
18461;94.608536;75.011108;43.993927;6.279058
20459;94.506317;74.802986;43.711590;5.965498
22461;94.403152;74.594124;43.428814;5.651865
24479;94.299057;74.384514;43.145607;5.338177
26440;94.194038;74.174187;42.861984;5.024442
28434;94.088081;73.963112;42.577942;4.710653
30433;93.981201;73.751312;42.293465;4.396817
32431;93.873390;73.538795;42.008579;4.082945
34433;93.764648;73.325531;41.723274;3.769022
36477;93.654999;73.111565;41.437565;3.455079
38460;93.544411;72.896873;41.151451;3.141096
40461;93.432907;72.681458;40.864925;2.827072
42457;93.320465;72.465317;40.577984;2.513018
44466;93.207123;72.248474;40.290661;2.198956
46471;93.092850;72.030914;40.002926;1.884857
48440;92.977646;71.812630;39.714794;1.570734
50440;92.861542;71.593651;39.426285;1.256618
52436;92.744514;71.373962;39.137375;0.942472
54437;92.626579;71.153572;38.848080;0.628316
56434;92.507729;70.932480;38.558407;0.314170
58475;92.387955;70.710686;38.268349;0.000003
60464;92.267273;70.488182;37.977909;-0.314158
62454;92.145691;70.265015;37.687119;-0.628296
64455;92.023193;70.041122;37.395935;-0.942451
66462;91.961601;69.928917;37.250202;-1.099524
68479;91.775475;69.591293;36.812473;-1.570714
70437;91.650246;69.365334;36.520187;-1.884833
72435;91.524117;69.138702;36.227539;-2.198935
74439;91.397095;68.911392;35.934551;-2.512994
76432;91.269157;68.683388;35.641197;-2.827048
78476;91.140327;68.454712;35.347485;-3.141072
80435;91.010597;68.225365;35.053440;-3.455052
82439;90.879974;67.995338;34.759037;-3.769013
84433;90.748444;67.764641;34.464287;-4.082933
86438;90.616020;67.533279;34.169209;-4.396814
88440;90.482712;67.301262;33.873806;-4.710629
90476;90.348503;67.068558;33.578049;-5.024421
92464;90.213394;66.835197;33.281956;-5.338165
94450;90.077415;66.601196;32.985558;-5.651832
96456;89.940529;66.366516;32.688820;-5.965466
98452;89.802765;66.131195;32.391754;-6.279037
100475;89.664108;65.895210;32.094372;-6.592551
102438;89.524567;65.658585;31.796669;-6.906000
104441;89.384140;65.421288;31.498646;-7.219380
106432;89.242844;65.183388;31.200344;-7.532662
108441;89.100662;64.944809;30.901712;-7.845893
110436;88.957588;64.705605;30.602774;-8.159054
112475;88.813644;64.465752;30.303530;-8.472127
114462;88.668823;64.225258;30.003986;-8.785120
116458;88.523125;63.984138;29.704151;-9.098026
118456;88.376564;63.742405;29.404041;-9.410816
120455;88.229126;63.500023;29.103624;-9.723544
122472;88.080811;63.257015;28.802916;-10.036167
124440;87.931625;63.013382;28.501923;-10.348699
126448;87.781578;62.769127;28.200649;-10.661122
128435;87.630661;62.524254;27.899096;-10.973445
130439;87.478897;62.278793;27.597311;-11.285609
132435;87.326256;62.032688;27.295212;-11.597711
134468;87.172745;61.785973;26.992849;-11.909697
136457;87.018379;61.538643;26.690207;-12.221569
138454;86.863152;61.290707;26.387314;-12.533316
140457;86.707069;61.042168;26.084152;-12.844941
142457;86.550140;60.793041;25.780758;-13.156411
144474;86.392349;60.543297;25.477087;-13.467783
146439;86.233696;60.292961;25.173164;-13.779020
148437;86.074203;60.042023;24.868988;-14.090117
150438;85.913857;59.790497;24.564579;-14.401073
152433;85.752663;59.538376;24.259922;-14.711893
154475;85.590630;59.285690;23.955044;-15.022543
156438;85.427750;59.032406;23.649914;-15.333065
158439;85.264015;58.778526;23.344538;-15.643438
160438;85.099449;58.524071;23.038942;-15.953657
162441;84.934029;58.269035;22.733120;-16.263720
164438;84.767799;58.013458;22.427092;-16.573593
166473;84.684357;57.885426;22.273970;-16.728500
168439;84.600708;57.757271;21.814325;-17.192904
170436;84.264038;57.243210;21.507627;-17.502302
172433;84.094452;56.985329;21.200708;-17.811531
174437;83.924034;56.726883;20.893579;-18.120584
176489;83.752808;56.467896;20.586267;-18.429432
178469;83.580734;56.208336;20.278728;-18.738127
180458;83.407845;55.948223;19.970995;-19.046635
182453;83.234116;55.687546;19.663059;-19.354958
184454;83.059601;55.426361;19.354959;-19.663054
186458;82.884232;55.164593;19.046640;-19.970985
188474;82.708069;54.902302;18.738163;-20.278698
190443;82.531075;54.639454;18.429466;-20.586231
192431;82.353271;54.376064;18.120592;-20.893570
194438;82.174644;54.112137;17.811541;-21.200699
196435;81.995216;53.847672;17.502312;-21.507614
198439;81.814972;53.582680;17.192913;-21.814323
200475;81.633934;53.317177;16.883364;-22.120789
202463;81.452087;53.051140;16.573631;-22.427052
204457;81.269424;52.784561;16.263733;-22.733107
206461;81.085960;52.517467;15.953669;-23.038933
208455;80.901703;52.249855;15.643451;-23.344532
210478;80.716637;51.981735;15.333075;-23.649895
212446;80.530800;51.713108;15.022582;-23.955011
214440;80.344147;51.443958;14.711899;-24.259911
216435;80.250511;51.174309;14.401081;-24.564569
218440;79.968468;50.904148;14.090130;-24.868980
220437;79.779449;50.633484;13.779029;-25.173155
222472;79.589630;50.362312;13.467794;-25.477079
224456;79.399048;50.090675;13.156450;-25.780720
226459;79.207664;49.818516;12.844944;-26.084148
228451;79.015503;49.545868;12.533325;-26.387304
230455;78.822556;49.272732;12.221578;-26.690197
232479;78.628838;48.999107;11.909712;-26.992836
234440;78.434341;48.724998;11.597720;-27.295208
236442;78.239082;48.450428;11.285645;-27.597279
238436;78.043053;48.175388;10.973456;-27.899086
240436;77.846237;47.899841;10.661134;-28.200638
242435;77.648666;47.623837;10.348713;-28.501907
244475;77.450310;47.347347;10.036182;-28.802904
246433;77.251205;47.070400;9.723559;-29.103613
248432;77.051338;46.793003;9.410858;-29.404005
250436;76.850708;46.515125;9.098044;-29.704136
252439;76.649315;46.236790;8.785141;-30.003971
254438;76.447166;45.958000;8.472151;-30.303514
256478;76.244263;45.678749;8.159068;-30.602753
258462;76.040604;45.399052;7.845914;-30.901691
260457;75.836205;45.118923;7.532701;-31.200310
262455;75.631050;44.838337;7.219398;-31.498632
264452;75.425148;44.557304;6.906014;-31.796652
266470;75.218498;44.275829;6.592566;-32.094349
268441;75.011108;43.993919;6.279051;-32.391739
270439;74.802986;43.711578;5.965483;-32.688805
272434;74.594131;43.428822;5.651874;-32.985523
274438;74.384521;43.145615;5.338177;-33.281940
276431;74.174179;42.861980;5.024439;-33.578033
278473;73.963112;42.577927;4.710648;-33.873783
280456;73.751305;42.293449;4.396805;-34.169216
282454;73.538780;42.008564;4.082927;-34.464298
284451;73.325546;41.723282;3.769028;-34.759022
286454;73.111565;41.437565;3.455070;-35.053429
288480;72.896866;41.151432;3.141072;-35.347485
290441;72.681442;40.864899;2.827048;-35.641193
292430;72.465324;40.577991;2.513024;-35.934528
294439;72.248474;40.290649;2.198946;-36.227531
296435;72.030922;40.002934;1.884872;-36.520153
298493;71.812645;39.714806;1.570749;-36.812435
300474;71.593658;39.426289;1.256624;-37.104355
302461;71.373962;39.137371;0.942469;-37.395912
304455;71.153572;38.848080;0.628319;-37.687092
306457;70.932480;38.558411;0.314179;-37.977890
308453;70.710686;38.268360;0.000021;-38.268318
310480;70.488205;37.977928;-0.314134;-38.558380
312440;70.265007;37.687115;-0.628302;-38.848061
314436;70.041122;37.395927;-0.942454;-39.137352
316435;69.928932;37.250214;-1.099509;-39.281845
318437;69.591293;36.812477;-1.570705;-39.714764
320436;69.365349;36.520195;-1.884821;-40.002899
322477;69.138702;36.227551;-2.198920;-40.290627
324458;68.911385;35.934551;-2.513000;-40.577961
326458;68.683395;35.641193;-2.827048;-40.864899
328456;68.454712;35.347485;-3.141072;-41.151432
330455;68.225380;35.053452;-3.455046;-41.437538
332473;67.995354;34.759048;-3.769004;-41.723259
334437;67.764648;34.464298;-4.082927;-42.008564
336431;67.533287;34.169216;-4.396805;-42.293449
338437;67.301247;33.873783;-4.710648;-42.577927
340437;67.068550;33.578033;-5.024439;-42.861980
342434;66.835213;33.281963;-5.338153;-43.145592
344477;66.601196;32.985546;-5.651844;-43.428795
346462;66.366539;32.688831;-5.965453;-43.711548
348455;66.131203;32.391762;-6.279027;-43.993896
350452;65.895226;32.094379;-6.592542;-44.275810
352456;65.658585;31.796677;-6.905991;-44.557278
354473;65.421318;31.498680;-7.219350;-44.838291
356444;65.183395;31.200352;-7.532653;-45.118885
358435;64.944824;30.901718;-7.845891;-45.399029
360436;64.705612;30.602779;-8.159044;-45.678722
362440;64.465759;30.303537;-8.472117;-45.957973
364438;64.225273;30.003998;-8.785110;-46.236767
366476;63.984169;29.704184;-9.097994;-46.515087
368458;63.742416;29.404053;-9.410808;-46.792961
370458;63.500034;29.103630;-9.723532;-47.070374
372458;63.257027;28.802925;-10.036159;-47.347328
374454;63.013393;28.501928;-10.348690;-47.623817
376517;62.769138;28.200663;-10.661110;-47.899830
378476;62.524284;27.899132;-10.973414;-48.175350
380458;62.278790;27.597301;-11.285621;-48.450417
382456;62.032688;27.295208;-11.597720;-48.724998
384456;61.785965;26.992836;-11.909712;-48.999107
386454;61.538635;26.690197;-12.221578;-49.272732
388471;61.290707;26.387304;-12.533325;-49.545868
390459;61.042183;26.084164;-12.844926;-49.818497
392452;60.793037;25.780746;-13.156425;-50.090652
394452;60.543293;25.477079;-13.467794;-50.362312
396451;60.292953;25.173155;-13.779029;-50.633484
398470;60.042034;24.869003;-14.090106;-50.904125
400436;59.790508;24.564589;-14.401063;-51.174282
402435;59.538414;24.259958;-14.711854;-51.443916
404437;59.285706;23.955055;-15.022528;-51.713074
406434;59.032417;23.649925;-15.333054;-51.981712
408440;58.778542;23.344555;-15.643424;-52.249836
410477;58.524086;23.038956;-15.953645;-52.517448
412458;58.269054;22.733131;-16.263708;-52.784538
414457;58.013470;22.427105;-16.573584;-53.051090
416458;57.757290;22.120827;-16.883322;-53.317142
418457;57.500542;21.814341;-17.192888;-53.582657
420473;57.243221;21.507639;-17.502293;-53.847652
422442;56.985344;21.200720;-17.811516;-54.112114
424436;56.726898;20.893589;-18.120565;-54.376041
426441;56.467915;20.586285;-18.429419;-54.639404
428435;56.208355;20.278749;-18.738115;-54.902267
430492;55.948238;19.971016;-19.046616;-55.164570
432473;55.687569;19.663080;-19.354939;-55.426334
434461;55.426353;19.354958;-19.663059;-55.687546
436457;55.164589;19.046635;-19.970995;-55.948223
438459;54.902298;18.738152;-20.278704;-56.208313
440453;54.639446;18.429459;-20.586246;-56.467880
442478;54.376053;18.120584;-20.893579;-56.726883
444440;54.112125;17.811531;-21.200708;-56.985329
446436;53.847664;17.502302;-21.507627;-57.243210
448438;53.582676;17.192904;-21.814325;-57.500523
450436;53.317173;16.883356;-22.120792;-57.757252
452436;53.051144;16.573643;-22.427044;-58.013409
454472;52.784573;16.263744;-22.733089;-58.269016
456462;52.517479;15.953681;-23.038923;-58.524059
458455;52.249874;15.643465;-23.344513;-58.778507
460454;51.981766;15.333113;-23.649860;-59.032356
462461;51.713127;15.022593;-23.954996;-59.285652
464477;51.443977;14.711916;-24.259892;-59.538357
466439;51.309196;14.556512;-24.412266;-59.664501
468441;50.904156;14.090138;-24.868971;-60.042007
470434;50.633492;13.779041;-25.173140;-60.292934
472439;50.362350;13.467834;-25.477034;-60.543259
474438;50.090683;13.156462;-25.780710;-60.793007
476474;49.818527;12.844962;-26.084126;-61.042149
478463;49.545879;12.533340;-26.387287;-61.290688
480454;49.272743;12.221586;-26.690191;-61.538624
482456;48.999119;11.909720;-26.992821;-61.785954
484453;48.725033;11.597758;-27.295170;-62.032646
486479;48.450447;11.285657;-27.597269;-62.278759
488460;48.175381;10.973445;-27.899096;-62.524254
490457;47.899837;10.661122;-28.200649;-62.769127
492452;47.623821;10.348699;-28.501923;-63.013382
494453;47.347336;10.036167;-28.802916;-63.257015
496478;47.070408;9.723565;-29.103598;-63.500004
498440;46.792992;9.410840;-29.404020;-63.742386
500438;46.515114;9.098026;-29.704151;-63.984138
502443;46.236778;8.785120;-30.003986;-64.225258
504438;45.957981;8.472127;-30.303530;-64.465752
506495;45.678757;8.159074;-30.602747;-64.705582
508474;45.399082;7.845944;-30.901661;-64.944778
510461;45.118935;7.532710;-31.200302;-65.183350
512460;44.838341;7.219398;-31.498632;-65.421280
514455;44.557308;6.906021;-31.796642;-65.658554
516462;44.275837;6.592572;-32.094345;-65.895195
518473;43.993927;6.279060;-32.391731;-66.131172
520456;43.711601;5.965510;-32.688774;-66.366493
522458;43.428825;5.651879;-32.985516;-66.601166
524459;43.145622;5.338186;-33.281940;-66.835190
526458;42.861992;5.024448;-33.578022;-67.068542
528479;42.577938;4.710653;-33.873783;-67.301239
530438;42.293461;4.396814;-34.169209;-67.533279
532435;42.008595;4.082960;-34.464268;-67.764626
534439;41.723286;3.769034;-34.759018;-67.995323
536440;41.437569;3.455076;-35.053421;-68.225357
538437;41.151443;3.141084;-35.347481;-68.454704
540477;40.864910;2.827060;-35.641186;-68.683388
542459;40.577976;2.513006;-35.934536;-68.911377
544455;40.290661;2.198952;-36.227520;-69.138680
546457;40.002926;1.884854;-36.520164;-69.365318
548457;39.714794;1.570740;-36.812447;-69.591270
550478;39.426277;1.256606;-37.104370;-69.816536
552438;39.137363;0.942460;-37.395924;-70.041122
554434;38.848068;0.628307;-37.687107;-70.264999
556440;38.558411;0.314173;-37.977894;-70.488174
558438;38.268349;0.000003;-38.268337;-70.710670
560562;37.977936;-0.314134;-38.558376;-70.932457
562463;37.687119;-0.628296;-38.848057;-71.153549
564455;37.395935;-0.942451;-39.137356;-71.373947
566458;37.250214;-1.099512;-39.281841;-71.483871
568456;36.812485;-1.570702;-39.714760;-71.812607
570455;36.520203;-1.884821;-40.002888;-72.030891
572479;36.227558;-2.198917;-40.290623;-72.248444
574438;35.934555;-2.512994;-40.577961;-72.465302
576440;35.641201;-2.827045;-40.864895;-72.681442
578435;35.347488;-3.141069;-41.151432;-72.896858
580436;35.053455;-3.455037;-41.437531;-73.111542
582430;34.759052;-3.768998;-41.723251;-73.325523
584471;34.464306;-4.082921;-42.008560;-73.538773
586458;34.169220;-4.396802;-42.293449;-73.751305
588456;33.873795;-4.710641;-42.577927;-73.963104
590459;33.578037;-5.024433;-42.861973;-74.174171
592454;33.281975;-5.338147;-43.145584;-74.384499
594473;32.985558;-5.651837;-43.428791;-74.594101
596460;32.688812;-5.965474;-43.711567;-74.802971
598455;32.391747;-6.279048;-43.993919;-75.011108
600456;32.094360;-6.592563;-44.275822;-75.218491
602456;31.796658;-6.906009;-44.557301;-75.425133
604475;31.498665;-7.219368;-44.838310;-75.631035
606437;31.200336;-7.532674;-45.118904;-75.836182
608434;30.901703;-7.845905;-45.399048;-76.040596
610433;30.602762;-8.159065;-45.678745;-76.244255
612435;30.303522;-8.472138;-45.957989;-76.447159
614439;30.004025;-8.785087;-46.236748;-76.649277
616477;29.854134;-8.941558;-46.375977;-76.750069
618455;29.404058;-9.410808;-46.792953;-77.051308
620454;29.103638;-9.723529;-47.070374;-77.251183
622452;28.802931;-10.036156;-47.347324;-77.450294
624456;28.501940;-10.348683;-47.623806;-77.648636
626473;28.200689;-10.661083;-47.899803;-77.846207
628440;27.899137;-10.973406;-48.175343;-78.043022
630438;27.597309;-11.285618;-48.450409;-78.239067
632442;27.295212;-11.597720;-48.724998;-78.434334
634438;26.992840;-11.909707;-48.999107;-78.628838
636439;26.690207;-12.221572;-49.272728;-78.822556
638475;26.387331;-12.533298;-49.545849;-79.015488
640458;26.084169;-12.844925;-49.818493;-79.207649
642457;25.780756;-13.156420;-50.090645;-79.399025
644457;25.477085;-13.467787;-50.362309;-79.589630
646458;25.173161;-13.779023;-50.633476;-79.779442
648474;24.868990;-14.090122;-50.904137;-79.968468
650436;24.564596;-14.401060;-51.174282;-80.156693
652434;24.259939;-14.711875;-51.443939;-80.344131
654438;23.955040;-15.022551;-51.713093;-80.530785
656437;23.649906;-15.333073;-51.981735;-80.716637
658436;23.344538;-15.643446;-52.249863;-80.901703
660473;23.038939;-15.953666;-52.517475;-81.085968
662463;22.733135;-16.263700;-52.784538;-81.269402
664456;22.427086;-16.573605;-53.051113;-81.452065
666459;22.120813;-16.883341;-53.317158;-81.633926
668459;21.814348;-17.192888;-53.582661;-81.814957
670475;21.507641;-17.502291;-53.847660;-81.995201
672434;21.200726;-17.811514;-54.112114;-82.174637
674440;20.893621;-18.120544;-54.376019;-82.353241
676437;20.586288;-18.429419;-54.639412;-82.531052
678435;20.278751;-18.738110;-54.902260;-82.708046
680437;19.971016;-19.046616;-55.164574;-82.884224
682473;19.663082;-19.354937;-55.426342;-83.059586
684458;19.354956;-19.663063;-55.687557;-83.234123
686463;19.046659;-19.970972;-55.948204;-83.407822
688461;18.738153;-20.278708;-56.208317;-83.580727
690453;18.429462;-20.586243;-56.467880;-83.752792
692477;18.120588;-20.893579;-56.726883;-83.924042
694442;17.811537;-21.200703;-56.985329;-84.094452
696434;17.502310;-21.507622;-57.243217;-84.264038
698435;17.192932;-21.814304;-57.500511;-84.432777
700438;16.883362;-22.120792;-57.757259;-84.600700
702430;16.573624;-22.427063;-58.013432;-84.767784
704469;16.263723;-22.733116;-58.269035;-84.934029
706461;15.953663;-23.038940;-58.524071;-85.099449
708458;15.643445;-23.344540;-58.778530;-85.264015
710456;15.333096;-23.649883;-59.032379;-85.427734
712455;15.022570;-23.955019;-59.285675;-85.590622
714468;14.711897;-24.259918;-59.538376;-85.752663
716434;14.556519;-24.564575;-59.790497;-85.913864
718437;14.090120;-24.868992;-60.042023;-86.074203
720441;13.779022;-25.173164;-60.292965;-86.233704
722436;13.467834;-25.477039;-60.543262;-86.392319
724437;13.156466;-25.780708;-60.793007;-86.550117
726475;12.844968;-26.084126;-61.042149;-86.707054
728458;12.533342;-26.387287;-61.290688;-86.863136
730459;12.221595;-26.690186;-61.538624;-87.018364
732457;11.909726;-26.992821;-61.785950;-87.172737
734453;11.597764;-27.295166;-62.032654;-87.326225
736478;11.285663;-27.597263;-62.278759;-87.478874
738440;10.973451;-27.899092;-62.524246;-87.630653
740438;10.661130;-28.200644;-62.769127;-87.781570
742435;10.348703;-28.501919;-63.013382;-87.931625
744441;10.036177;-28.802908;-63.257008;-88.080803
746437;9.723573;-29.103596;-63.500000;-88.229111
748473;9.410850;-29.404015;-63.742382;-88.376549
750464;9.098034;-29.704147;-63.984138;-88.523117
752458;8.785129;-30.003983;-64.225258;-88.668823
754455;8.472136;-30.303522;-64.465752;-88.813644
756460;8.159060;-30.602764;-64.705597;-88.957588
758482;7.845928;-30.901682;-64.944786;-89.100639
760441;7.532693;-31.200317;-65.183357;-89.242828
762438;7.219385;-31.498644;-65.421288;-89.384132
764437;6.906006;-31.796661;-65.658577;-89.524559
766439;6.749302;-31.945538;-65.776962;-89.594437
768481;6.279069;-32.391727;-66.131172;-89.802750
770476;5.965495;-32.688789;-66.366501;-89.940521
772466;5.651861;-32.985531;-66.601181;-90.077393
774453;5.338172;-33.281952;-66.835197;-90.213394
776457;5.024454;-33.578022;-67.068542;-90.348488
778458;4.710662;-33.873775;-67.301239;-90.482697
780474;4.396848;-34.169178;-67.533249;-90.615997
782437;4.082967;-34.464264;-67.764626;-90.748428
784437;3.769045;-34.759010;-67.995323;-90.879951
786436;3.455086;-35.053410;-68.225342;-91.010582
788440;3.141093;-35.347469;-68.454697;-91.140312
790438;2.827068;-35.641174;-68.683372;-91.269150
792472;2.513040;-35.934509;-68.911354;-91.397072
794460;2.198963;-36.227512;-69.138680;-91.524109
796462;1.884865;-36.520157;-69.365318;-91.650238
798457;1.570747;-36.812439;-69.591263;-91.775452
800454;1.256615;-37.104359;-69.816528;-91.899773
802478;0.942470;-37.395916;-70.041107;-92.023178
804443;0.628339;-37.687077;-70.264977;-92.145668
806437;0.314179;-37.977890;-70.488167;-92.267265
808434;0.000015;-38.268326;-70.710663;-92.387947
810439;-0.314149;-38.558388;-70.932457;-92.507706
812498;-0.628309;-38.848068;-71.153564;-92.626572
814474;-0.942463;-39.137367;-71.373955;-92.744514
816466;-1.099525;-39.281860;-71.483887;-92.803139
818453;-1.570717;-39.714775;-71.812614;-92.977646
820454;-1.884835;-40.002903;-72.030899;-93.092834
822454;-2.198933;-40.290638;-72.248459;-93.207100
824473;-2.513010;-40.577976;-72.465309;-93.320457
826437;-2.827062;-40.864910;-72.681442;-93.432892
828436;-3.141062;-41.151421;-72.896858;-93.544403
830431;-3.455031;-41.437523;-73.111534;-93.654976
832432;-3.768990;-41.723244;-73.325516;-93.764641
834473;-4.082912;-42.008553;-73.538765;-93.873375
836441;-4.396794;-42.293446;-73.751297;-93.981186
838439;-4.710632;-42.577915;-73.963097;-94.088074
840438;-5.024400;-42.861950;-74.174156;-94.194016
842435;-5.338142;-43.145580;-74.384491;-94.299042
844437;-5.651831;-43.428783;-74.594101;-94.403137
846477;-5.965465;-43.711559;-74.802963;-94.506294
848460;-6.279039;-43.993904;-75.011101;-94.608528
850459;-6.592552;-44.275818;-75.218491;-94.709824
852451;-6.905976;-44.557266;-75.425125;-94.810181
854451;-7.219356;-44.838303;-75.631020;-94.909599
856479;-7.532664;-45.118896;-75.836182;-95.008095
858445;-7.845898;-45.399040;-76.040588;-95.105652
860436;-8.159054;-45.678734;-76.244247;-95.202263
862439;-8.472131;-45.957985;-76.447151;-95.297935
864438;-8.785099;-46.236755;-76.649284;-95.392654
866436;-9.098004;-46.515091;-76.850685;-95.486443
868475;-9.410820;-46.792969;-77.051315;-95.579300
870454;-9.723543;-47.070389;-77.251198;-95.671204
872456;-10.036171;-47.347336;-77.450302;-95.762161
874454;-10.348699;-47.623825;-77.648651;-95.852180
876457;-10.661099;-47.899818;-77.846214;-95.941238
878552;-10.973421;-48.175358;-78.043030;-96.029358
880461;-11.285633;-48.450424;-78.239075;-96.116547
882459;-11.597733;-48.725014;-78.434349;-96.202766
884452;-11.909697;-48.999100;-78.628830;-96.288040
886457;-12.221565;-49.272720;-78.822556;-96.372368
888457;-12.533291;-49.545841;-79.015480;-96.455734
890472;-12.844914;-49.818485;-79.207649;-96.538147
892463;-13.156412;-50.090641;-79.399025;-96.619621
894458;-13.467780;-50.362301;-79.589622;-96.700134
896460;-13.779016;-50.633465;-79.779442;-96.779709
898456;-14.090115;-50.904129;-79.968460;-96.858307
900477;-14.401050;-51.174271;-80.156677;-96.935959
902439;-14.711868;-51.443935;-80.344131;-97.012650
904441;-15.022542;-51.713085;-80.530777;-97.088394
906440;-15.333065;-51.981724;-80.716637;-97.163170
908432;-15.643438;-52.249847;-80.901695;-97.236992
910440;-15.953633;-52.517437;-81.085945;-97.309845
912473;-16.263695;-52.784531;-81.269402;-97.381744
914463;-16.573595;-53.051102;-81.452057;-97.452682
916460;-16.728497;-53.184204;-81.543098;-97.487793
918454;-17.192902;-53.582676;-81.814972;-97.591682
920454;-17.502304;-53.847664;-81.995216;-97.659721
922474;-17.811506;-54.112106;-82.174622;-97.726807
924441;-18.120560;-54.376038;-82.353249;-97.792938
926433;-18.429432;-54.639423;-82.531059;-97.858086
928435;-18.738123;-54.902275;-82.708054;-97.922279
930434;-19.046631;-55.164581;-82.884232;-97.985504
932435;-19.354950;-55.426346;-83.059601;-98.047760
934474;-19.663054;-55.687546;-83.234116;-98.109047
936463;-19.970985;-55.948215;-83.407845;-98.169373
938458;-20.278700;-56.208313;-83.580719;-98.228714
940459;-20.586235;-56.467880;-83.752785;-98.287109
942453;-20.893570;-56.726879;-83.924034;-98.344513
944473;-21.200695;-56.985317;-84.094452;-98.400963
946442;-21.507589;-57.243179;-84.264023;-98.456421
948437;-21.814295;-57.500500;-84.432777;-98.510925
950438;-22.120785;-57.757252;-84.600700;-98.564461
952438;-22.427057;-58.013428;-84.767784;-98.617004
954432;-22.733107;-58.269035;-84.934036;-98.668594
956470;-23.038933;-58.524067;-85.099449;-98.719200
958441;-23.344507;-58.778500;-85.264000;-98.768829
960432;-23.649876;-59.032375;-85.427734;-98.817490
962433;-23.955011;-59.285664;-85.590622;-98.865173
964438;-24.259909;-59.538376;-85.752655;-98.911880
966566;-24.564569;-59.790493;-85.913849;-98.957603
968462;-24.868984;-60.042023;-86.074203;-99.002365
970456;-25.173134;-60.292934;-86.233688;-99.046143
972455;-25.477055;-60.543274;-86.392334;-99.088936
974453;-25.780725;-60.793018;-86.550125;-99.130760
976462;-26.084143;-61.042168;-86.707069;-99.171600
978473;-26.387300;-61.290707;-86.863152;-99.211464
980458;-26.690201;-61.538635;-87.018379;-99.250359
982456;-26.992813;-61.785950;-87.172737;-99.288254
984460;-27.295181;-62.032665;-87.326241;-99.325188
986456;-27.597281;-62.278770;-87.478889;-99.361130
988472;-27.899107;-62.524258;-87.630669;-99.396095
990445;-28.200659;-62.769138;-87.781586;-99.430084
992436;-28.501909;-63.013374;-87.931618;-99.463074
994439;-28.802877;-63.256992;-88.080803;-99.495102
996436;-29.103586;-63.500000;-88.229111;-99.526138
998437;-29.404009;-63.742382;-88.376556;-99.556198
1000474;-29.704138;-63.984131;-88.523117;-99.585266
1002460;-30.003973;-64.225258;-88.668816;-99.613365
1004458;-30.303516;-64.465736;-88.813637;-99.640472
1006458;-30.602736;-64.705574;-88.957573;-99.666580
1008456;-30.901674;-64.944778;-89.100639;-99.691727
1010473;-31.200310;-65.183350;-89.242828;-99.715889
1012438;-31.498638;-65.421280;-89.384140;-99.739059
1014441;-31.796652;-65.658562;-89.524559;-99.761238
1016437;-31.945532;-65.895203;-89.664101;-99.782455
1018438;-32.391720;-66.131165;-89.802742;-99.802673
1020438;-32.688786;-66.366501;-89.940521;-99.821899
1022474;-32.985527;-66.601166;-90.077393;-99.840149
1024461;-33.281944;-66.835190;-90.213387;-99.857414
1026457;-33.578033;-67.068550;-90.348495;-99.873695
1028461;-33.873791;-67.301247;-90.482704;-99.888985
1030454;-34.169189;-67.533264;-90.616013;-99.903290
1032473;-34.464279;-67.764626;-90.748436;-99.916611
1034436;-34.759026;-67.995331;-90.879967;-99.928947
1036444;-35.053425;-68.225357;-91.010597;-99.940285
1038437;-35.347485;-68.454712;-91.140327;-99.950661
1040436;-35.641193;-68.683388;-91.269157;-99.960030
1042436;-35.934525;-68.911377;-91.397079;-99.968422
1044469;-36.227528;-69.138687;-91.524109;-99.975815
1046461;-36.520149;-69.365311;-91.650238;-99.982231
1048455;-36.812435;-69.591263;-91.775452;-99.987671
1050455;-37.104355;-69.816528;-91.899780;-99.992104
1052457;-37.395885;-70.041084;-92.023170;-99.995552
1054468;-37.687073;-70.264969;-92.145668;-99.998024
1056438;-37.977882;-70.488167;-92.267265;-99.999504
1058437;-38.268322;-70.710663;-92.387939;-100.000000
1060438;-38.558380;-70.932457;-92.507713;-99.999504
1062439;-38.848064;-71.153557;-92.626572;-99.998024
1064438;-39.137337;-71.373932;-92.744499;-99.995552
1066478;-39.281853;-71.483871;-92.803131;-99.993950
1068458;-39.714767;-71.812614;-92.977646;-99.987663
1070458;-40.002899;-72.030891;-93.092827;-99.982231
1072455;-40.290634;-72.248459;-93.207108;-99.975822
1074455;-40.577969;-72.465309;-93.320465;-99.968422
1076474;-40.864883;-72.681427;-93.432884;-99.960037
1078437;-41.151417;-72.896851;-93.544395;-99.950653
1080439;-41.437542;-73.111549;-93.654984;-99.940300
1082434;-41.723259;-73.325523;-93.764641;-99.928940
1084434;-42.008568;-73.538780;-93.873375;-99.916611
1086437;-42.293461;-73.751305;-93.981194;-99.903297
1088475;-42.577911;-73.963097;-94.088066;-99.888977
1090457;-42.861965;-74.174164;-94.194016;-99.873688
1092457;-43.145596;-74.384506;-94.299049;-99.857414
1094457;-43.428799;-74.594101;-94.403145;-99.840149
1096458;-43.711575;-74.802979;-94.506302;-99.821907
1098472;-43.993919;-75.011108;-94.608536;-99.802666
1100433;-44.275787;-75.218460;-94.709816;-99.782448
1102443;-44.557262;-75.425110;-94.810173;-99.761253
1104435;-44.838295;-75.631012;-94.909599;-99.739059
1106438;-45.118885;-75.836166;-95.008087;-99.715889
1108438;-45.399033;-76.040581;-95.105644;-99.691727
1110474;-45.678730;-76.244232;-95.202255;-99.666588
1112461;-45.957954;-76.447128;-95.297920;-99.640465
1114454;-46.236752;-76.649277;-95.392654;-99.613358
1116459;-46.515087;-76.850677;-95.486435;-99.585266
1118456;-46.792965;-77.051308;-95.579300;-99.556198
1120474;-47.070381;-77.251183;-95.671204;-99.526138
1122441;-47.347332;-77.450302;-95.762161;-99.495094
1124434;-47.623795;-77.648628;-95.852158;-99.463074
1126438;-47.899811;-77.846214;-95.941231;-99.430069
1128438;-48.175350;-78.043022;-96.029358;-99.396095
1130438;-48.450413;-78.239067;-96.116531;-99.361130
1132477;-48.725002;-78.434334;-96.202759;-99.325180
1134459;-48.999111;-78.628838;-96.288040;-99.288261
1136460;-49.272713;-78.822540;-96.372353;-99.250351
1138457;-49.545849;-79.015488;-96.455734;-99.211464
1140454;-49.818497;-79.207649;-96.538162;-99.171600
1142478;-50.090652;-79.399033;-96.619621;-99.130760
1144434;-50.362312;-79.589630;-96.700142;-99.088936
1146439;-50.633476;-79.779434;-96.779701;-99.046135
1148434;-50.904125;-79.968452;-96.858307;-99.002365
1150437;-51.174290;-80.156693;-96.935951;-98.957611
1152489;-51.443947;-80.344131;-97.012650;-98.911873
1154473;-51.713074;-80.530762;-97.088379;-98.865173
1156459;-51.981712;-80.716621;-97.163162;-98.817482
1158455;-52.249836;-80.901680;-97.236977;-98.768829
1160449;-52.517433;-81.085930;-97.309837;-98.719200
1162452;-52.784519;-81.269394;-97.381737;-98.668602
1164470;-53.051098;-81.452057;-97.452675;-98.617020
1166445;-53.317142;-81.633911;-97.522652;-98.564461
1168437;-53.449959;-81.724525;-97.557281;-98.537811
1170440;-53.847660;-81.995201;-97.659721;-98.456429
1172441;-54.112095;-82.174614;-97.726807;-98.400970
1174437;-54.376022;-82.353233;-97.792923;-98.344513
1176472;-54.639416;-82.531044;-97.858086;-98.287109
1178461;-54.902267;-82.708046;-97.922279;-98.228729
1180454;-55.164574;-82.884232;-97.985497;-98.169373
1182452;-55.426342;-83.059586;-98.047760;-98.109047
1184455;-55.687542;-83.234108;-98.109039;-98.047760
1186474;-55.948212;-83.407829;-98.169365;-97.985504
1188458;-56.208324;-83.580719;-98.228714;-97.922279
1190457;-56.467884;-83.752792;-98.287102;-97.858086
1192456;-56.726891;-83.924042;-98.344513;-97.792931
1194455;-56.985329;-84.094452;-98.400955;-97.726807
1196568;-57.243191;-84.264030;-98.456429;-97.659729
1198460;-57.500511;-84.432777;-98.510933;-97.591675
1200459;-57.757259;-84.600700;-98.564453;-97.522659
1202457;-58.013439;-84.767784;-98.617004;-97.452682
1204458;-58.269047;-84.934044;-98.668594;-97.381744
1206458;-58.524078;-85.099449;-98.719200;-97.309845
1208474;-58.778496;-85.263992;-98.768822;-97.236992
1210458;-59.032368;-85.427727;-98.817482;-97.163185
1212456;-59.285660;-85.590614;-98.865166;-97.088394
1214454;-59.538364;-85.752655;-98.911873;-97.012665
1216451;-59.664490;-85.833344;-98.934860;-96.974434
1218469;-60.041992;-86.074188;-99.002365;-96.858322
1220446;-60.292923;-86.233673;-99.046135;-96.779709
1222439;-60.543270;-86.392326;-99.088943;-96.700157
1224435;-60.793011;-86.550125;-99.130760;-96.619644
1226440;-61.042152;-86.707054;-99.171600;-96.538162
1228434;-61.290695;-86.863152;-99.211464;-96.455750
1230481;-61.538612;-87.018356;-99.250351;-96.372375
1232462;-61.785934;-87.172722;-99.288246;-96.288048
1234457;-62.032658;-87.326225;-99.325188;-96.202782
1236461;-62.278767;-87.478874;-99.361130;-96.116547
1238457;-62.524254;-87.630653;-99.396095;-96.029373
1240473;-62.769127;-87.781570;-99.430069;-95.941246
1242441;-63.013363;-87.931618;-99.463066;-95.852188
1244443;-63.256996;-88.080803;-99.495102;-95.762169
1246439;-63.500004;-88.229111;-99.526131;-95.671211
1248440;-63.742386;-88.376549;-99.556198;-95.579300
1250436;-63.984142;-88.523125;-99.585274;-95.486458
1252475;-64.225266;-88.668823;-99.613358;-95.392670
1254463;-64.465729;-88.813637;-99.640465;-95.297943
1256459;-64.705582;-88.957581;-99.666588;-95.202271
1258456;-64.944801;-89.100647;-99.691734;-95.105659
1260454;-65.183365;-89.242836;-99.715889;-95.008102
1262472;-65.421280;-89.384125;-99.739059;-94.909622
1264441;-65.658554;-89.524551;-99.761246;-94.810196
1266437;-65.895172;-89.664085;-99.782448;-94.709846
1268440;-66.131157;-89.802742;-99.802673;-94.608543
1270438;-66.366493;-89.940514;-99.821907;-94.506325
1272478;-66.601166;-90.077393;-99.840149;-94.403160
1274436;-66.835190;-90.213379;-99.857414;-94.299065
1276437;-67.068550;-90.348488;-99.873695;-94.194038
1278433;-67.301224;-90.482689;-99.888985;-94.088089
1280437;-67.533264;-90.616005;-99.903290;-93.981201
1282435;-67.764626;-90.748428;-99.916611;-93.873390
1284477;-67.995323;-90.879959;-99.928955;-93.764656
1286458;-68.225349;-91.010590;-99.940285;-93.654991
1288457;-68.454704;-91.140320;-99.950653;-93.544403
1290456;-68.683365;-91.269150;-99.960030;-93.432907
1292456;-68.911362;-91.397079;-99.968414;-93.320473
1294478;-69.138680;-91.524109;-99.975822;-93.207123
1296441;-69.365326;-91.650238;-99.982239;-93.092842
1298444;-69.591270;-91.775459;-99.987663;-92.977654
1300432;-69.816536;-91.899773;-99.992104;-92.861542
1302439;-70.041100;-92.023170;-99.995552;-92.744514
1304439;-70.264984;-92.145676;-99.998024;-92.626587
1306475;-70.488174;-92.267265;-99.999496;-92.507713
1308457;-70.710670;-92.387947;-99.999992;-92.387947
1310454;-70.932472;-92.507721;-99.999512;-92.267273
1312455;-71.153572;-92.626572;-99.998024;-92.145683
1314458;-71.373947;-92.744499;-99.995552;-92.023186
1316477;-71.483871;-92.803131;-99.993950;-91.961601
1318442;-71.812607;-92.977631;-99.987663;-91.775467
1320437;-72.030884;-93.092827;-99.982239;-91.650253
1322434;-72.248444;-93.207100;-99.975815;-91.524117
1324435;-72.465302;-93.320450;-99.968422;-91.397095
1326436;-72.681419;-93.432877;-99.960030;-91.269173
1328465;-72.896843;-93.544395;-99.950661;-91.140327
1330436;-73.111549;-93.654976;-99.940300;-91.010605
1332439;-73.325523;-93.764648;-99.928955;-90.879974
1334430;-73.538780;-93.873383;-99.916618;-90.748451
1336437;-73.751305;-93.981186;-99.903297;-90.616020
1338554;-73.963097;-94.088066;-99.888992;-90.482712
1340466;-74.174164;-94.194023;-99.873695;-90.348503
1342457;-74.384499;-94.299042;-99.857422;-90.213409
1344454;-74.594101;-94.403137;-99.840149;-90.077415
1346464;-74.802979;-94.506310;-99.821915;-89.940536
1348456;-75.011101;-94.608536;-99.802673;-89.802757
1350473;-75.218483;-94.709816;-99.782455;-89.664116
1352459;-75.425125;-94.810173;-99.761246;-89.524582
1354456;-75.631035;-94.909615;-99.739067;-89.384148
1356460;-75.836189;-95.008102;-99.715897;-89.242844
1358460;-76.040581;-95.105637;-99.691734;-89.100662
1360476;-76.244255;-95.202263;-99.666588;-88.957581
1362436;-76.447144;-95.297920;-99.640465;-88.813652
1364443;-76.649307;-95.392662;-99.613358;-88.668823
1366434;-76.750092;-95.439674;-99.599442;-88.596085
1368438;-77.051308;-95.579292;-99.556198;-88.376579
1370440;-77.251175;-95.671196;-99.526146;-88.229141
1372478;-77.450302;-95.762161;-99.495110;-88.080826
1374459;-77.648628;-95.852165;-99.463081;-87.931648
1376458;-77.846230;-95.941254;-99.430084;-87.781593
1378457;-78.043022;-96.029358;-99.396095;-87.630684
1380453;-78.239052;-96.116531;-99.361130;-87.478912
1382475;-78.434334;-96.202759;-99.325180;-87.326256
1384441;-78.628822;-96.288025;-99.288261;-87.172760
1386440;-78.822556;-96.372368;-99.250351;-87.018379
1388431;-79.015488;-96.455734;-99.211479;-86.863159
1390434;-79.207634;-96.538147;-99.171616;-86.707092
1392474;-79.399033;-96.619629;-99.130760;-86.550140
1394441;-79.589615;-96.700134;-99.088943;-86.392357
1396438;-79.779442;-96.779701;-99.046150;-86.233696
1398431;-79.968452;-96.858307;-99.002373;-86.074211
1400440;-80.156693;-96.935966;-98.957611;-85.913864
1402433;-80.344131;-97.012650;-98.911873;-85.752663
1404474;-80.530762;-97.088387;-98.865173;-85.590645
1406459;-80.716637;-97.163162;-98.817490;-85.427734
1408453;-80.901680;-97.236984;-98.768845;-85.264030
1410455;-81.085953;-97.309837;-98.719193;-85.099449
1412452;-81.269409;-97.381744;-98.668602;-84.934044
1414474;-81.452049;-97.452675;-98.617020;-84.767807
1416433;-81.543098;-97.522652;-98.564461;-84.600708
1418434;-81.814957;-97.591660;-98.510933;-84.432808
1420437;-81.995216;-97.659721;-98.456429;-84.264038
1422435;-82.174629;-97.726807;-98.400963;-84.094467
1424477;-82.353264;-97.792938;-98.344513;-83.924034
1426443;-82.531059;-97.858086;-98.287109;-83.752800
1428432;-82.708046;-97.922279;-98.228729;-83.580750
1430435;-82.884232;-97.985504;-98.169365;-83.407845
1432440;-83.059578;-98.047752;-98.109047;-83.234131
1434438;-83.234131;-98.109047;-98.047760;-83.059578
1436476;-83.407837;-98.169365;-97.985504;-82.884232
1438457;-83.580719;-98.228714;-97.922279;-82.708069
1440457;-83.752808;-98.287109;-97.858086;-82.531059
1442458;-83.924034;-98.344513;-97.792931;-82.353264
1444454;-84.094467;-98.400963;-97.726807;-82.174629
1446479;-84.264030;-98.456421;-97.659721;-81.995216
1448438;-84.432808;-98.510933;-97.591667;-81.814957
1450435;-84.600685;-98.564445;-97.522667;-81.633949
1452439;-84.767761;-98.616997;-97.452698;-81.452110
1454437;-84.934021;-98.668587;-97.381752;-81.269432
1456438;-85.099419;-98.719185;-97.309860;-81.085983
1458476;-85.264000;-98.768822;-97.236992;-80.901703
1460456;-85.427719;-98.817482;-97.163177;-80.716667
1462455;-85.590591;-98.865158;-97.088409;-80.530823
1464455;-85.752647;-98.911873;-97.012665;-80.344162
1466458;-85.913834;-98.957596;-96.935974;-80.156723
1468467;-86.074188;-99.002357;-96.858307;-79.968475
1470439;-86.233673;-99.046127;-96.779716;-79.779465
1472442;-86.392334;-99.088928;-96.700150;-79.589638
1474438;-86.550117;-99.130753;-96.619637;-79.399055
1476434;-86.707047;-99.171600;-96.538177;-79.207687
1478436;-86.863136;-99.211464;-96.455742;-79.015503
1480477;-87.018356;-99.250343;-96.372375;-78.822586
1482459;-87.172737;-99.288261;-96.288040;-78.628853
1484453;-87.326225;-99.325172;-96.202774;-78.434364
1486457;-87.478867;-99.361122;-96.116554;-78.239105
1488455;-87.630653;-99.396088;-96.029366;-78.043053
1490472;-87.781563;-99.430069;-95.941254;-77.846252
1492443;-87.931618;-99.463066;-95.852180;-77.648659
1494442;-88.080795;-99.495087;-95.762169;-77.450325
1496444;-88.229118;-99.526138;-95.671204;-77.251198
1498437;-88.376549;-99.556190;-95.579300;-77.051338
1500437;-88.523109;-99.585258;-95.486465;-76.850716
1502473;-88.668816;-99.613350;-95.392670;-76.649300
1504462;-88.813629;-99.640457;-95.297935;-76.447174
1506462;-88.957581;-99.666588;-95.202255;-76.244247
1508454;-89.100639;-99.691734;-95.105652;-76.040604
1510454;-89.242813;-99.715881;-95.008110;-75.836220
1512474;-89.384140;-99.739059;-94.909615;-75.631042
1514438;-89.524551;-99.761238;-94.810196;-75.425156
1516437;-89.594421;-99.771973;-94.760132;-75.321930
1518440;-89.802750;-99.802666;-94.608536;-75.011124
1520437;-89.940506;-99.821899;-94.506317;-74.803009
1522436;-90.077400;-99.840149;-94.403145;-74.594116
1524474;-90.213379;-99.857414;-94.299057;-74.384529
1526462;-90.348495;-99.873688;-94.194031;-74.174179
1528456;-90.482697;-99.888977;-94.088089;-73.963127
1530453;-90.616020;-99.903290;-93.981186;-73.751297
1532452;-90.748444;-99.916611;-93.873390;-73.538795
1534475;-90.879959;-99.928947;-93.764664;-73.325554
1536439;-91.010597;-99.940285;-93.654976;-73.111557
1538441;-91.140320;-99.950645;-93.544403;-72.896873
1540435;-91.269165;-99.960030;-93.432892;-72.681442
1542437;-91.397079;-99.968414;-93.320465;-72.465309
1544439;-91.524109;-99.975815;-93.207123;-72.248482
1546476;-91.650238;-99.982231;-93.092834;-72.030899
1548462;-91.775452;-99.987663;-92.977654;-71.812645
1550457;-91.899780;-99.992104;-92.861534;-71.593636
1552457;-92.023178;-99.995552;-92.744514;-71.373962
1554459;-92.145691;-99.998024;-92.626556;-71.153549
1556472;-92.267273;-99.999504;-92.507721;-70.932472
1558434;-92.387924;-99.999992;-92.387978;-70.710716
1560438;-92.507706;-99.999496;-92.267288;-70.488205
1562441;-92.626556;-99.998024;-92.145699;-70.265030
1564435;-92.744507;-99.995552;-92.023193;-70.041130
1566488;-92.803131;-99.993958;-91.961609;-69.928940
1568473;-92.977623;-99.987663;-91.775490;-69.591316
1570460;-93.092827;-99.982239;-91.650261;-69.365349
1572461;-93.207092;-99.975822;-91.524139;-69.138733
1574454;-93.320450;-99.968414;-91.397095;-68.911400
1576463;-93.432877;-99.960030;-91.269180;-68.683418
1578471;-93.544403;-99.950661;-91.140335;-68.454720
1580442;-93.654976;-99.940300;-91.010612;-68.225388
1582441;-93.764633;-99.928947;-90.879990;-67.995377
1584440;-93.873383;-99.916611;-90.748451;-67.764664
1586442;-93.981186;-99.903297;-90.616043;-67.533318
1588478;-94.088074;-99.888985;-90.482712;-67.301262
1590437;-94.194016;-99.873695;-90.348503;-67.068581
1592438;-94.299034;-99.857414;-90.213417;-66.835236
1594432;-94.403145;-99.840157;-90.077415;-66.601204
1596438;-94.506294;-99.821907;-89.940544;-66.366539
1598439;-94.608536;-99.802673;-89.802765;-66.131195
1600471;-94.709824;-99.782455;-89.664124;-65.895233
1602461;-94.810196;-99.761246;-89.524567;-65.658585
1604458;-94.909607;-99.739059;-89.384148;-65.421310
1606455;-95.008095;-99.715897;-89.242859;-65.183403
1608456;-95.105652;-99.691734;-89.100662;-64.944817
1610476;-95.202255;-99.666595;-88.957603;-64.705620
1612435;-95.297935;-99.640472;-88.813652;-64.465752
1614440;-95.392662;-99.613365;-88.668839;-64.225281
1616438;-95.439674;-99.585274;-88.523148;-63.984180
1618438;-95.579300;-99.556198;-88.376572;-63.742413
1620436;-95.671204;-99.526146;-88.229141;-63.500046
1622477;-95.762169;-99.495110;-88.080811;-63.257019
1624457;-95.852180;-99.463081;-87.931648;-63.013405
1626460;-95.941254;-99.430077;-87.781578;-62.769127
1628455;-96.029373;-99.396103;-87.630676;-62.524269
1630453;-96.116539;-99.361130;-87.478905;-62.278801
1632480;-96.202766;-99.325180;-87.326241;-62.032677
1634446;-96.288040;-99.288261;-87.172745;-61.785973
1636442;-96.372375;-99.250351;-87.018372;-61.538631
1638442;-96.455742;-99.211464;-86.863159;-61.290710
1640436;-96.538162;-99.171616;-86.707085;-61.042191
1642435;-96.619637;-99.130760;-86.550133;-60.793030
1644476;-96.700150;-99.088951;-86.392357;-60.543312
1646461;-96.779716;-99.046143;-86.233696;-60.292946
1648460;-96.858315;-99.002365;-86.074211;-60.042030
1650453;-96.935974;-98.957611;-85.913849;-59.790482
1652455;-97.012665;-98.911880;-85.752663;-59.538383
1654474;-97.088394;-98.865181;-85.590637;-59.285702
1656444;-97.163177;-98.817490;-85.427734;-59.032387
1658435;-97.236992;-98.768829;-85.264015;-58.778538
1660439;-97.309860;-98.719200;-85.099434;-58.524059
1662437;-97.381752;-98.668594;-84.934044;-58.269047
1664437;-97.452690;-98.617020;-84.767807;-58.013462
1666476;-97.487793;-98.590866;-84.684372;-57.757301
1668457;-97.591667;-98.510948;-84.432823;-57.500572
1670457;-97.659721;-98.456436;-84.264061;-57.243233
1672455;-97.726807;-98.400970;-84.094475;-56.985371
1674455;-97.792923;-98.344528;-83.924080;-56.726944
1676555;-97.858086;-98.287109;-83.752823;-56.467922
1678466;-97.922272;-98.228729;-83.580765;-56.208385
1680462;-97.985497;-98.169373;-83.407852;-55.948246
1682451;-98.047760;-98.109062;-83.234154;-55.687599
1684453;-98.109047;-98.047760;-83.059601;-55.426361
1686459;-98.169365;-97.985512;-82.884254;-55.164616
1688472;-98.228714;-97.922287;-82.708092;-54.902328
1690441;-98.287109;-97.858093;-82.531075;-54.639458
1692442;-98.344513;-97.792946;-82.353279;-54.376091
1694440;-98.400963;-97.726814;-82.174652;-54.112137
1696438;-98.456429;-97.659737;-81.995232;-53.847694
1698475;-98.510925;-97.591690;-81.815002;-53.582729
1700440;-98.564461;-97.522667;-81.633942;-53.317184
1702433;-98.617012;-97.452698;-81.452103;-53.051155
1704433;-98.668594;-97.381744;-81.269417;-52.784561
1706434;-98.719200;-97.309860;-81.085983;-52.517490
1708437;-98.768837;-97.236992;-80.901703;-52.249863
1710477;-98.817490;-97.163185;-80.716660;-51.981754
1712459;-98.865166;-97.088402;-80.530815;-51.713135
1714458;-98.911880;-97.012665;-80.344147;-51.443966
1716461;-98.957611;-96.935974;-80.156723;-51.174332
1718456;-99.002365;-96.858315;-79.968468;-50.904144
1720474;-99.046143;-96.779716;-79.779457;-50.633503
1722439;-99.088936;-96.700157;-79.589661;-50.362354
1724440;-99.130760;-96.619637;-79.399048;-50.090672
1726437;-99.171600;-96.538170;-79.207680;-49.818539
1728439;-99.211472;-96.455742;-79.015503;-49.545868
1730475;-99.250351;-96.372375;-78.822571;-49.272751
1732448;-99.288261;-96.288040;-78.628838;-48.999111
1734436;-99.325188;-96.202766;-78.434357;-48.725025
1736431;-99.361130;-96.116547;-78.239098;-48.450455
1738430;-99.396095;-96.029366;-78.043045;-48.175369
1740434;-99.430077;-95.941254;-77.846245;-47.899849
1742475;-99.463081;-95.852173;-77.648643;-47.623814
1744460;-99.495102;-95.762161;-77.450310;-47.347347
1746457;-99.526138;-95.671211;-77.251213;-47.070419
1748453;-99.556198;-95.579300;-77.051323;-46.792980
1750456;-99.585274;-95.486458;-76.850716;-46.515129
1752472;-99.613365;-95.392662;-76.649300;-46.236767
1754444;-99.640472;-95.297935;-76.447159;-45.957996
1756434;-99.666595;-95.202255;-76.244232;-45.678726
1758436;-99.691734;-95.105652;-76.040604;-45.399052
1760432;-99.715889;-95.008102;-75.836205;-45.118923
1762435;-99.739059;-94.909607;-75.631027;-44.838314
1764475;-99.761246;-94.810188;-75.425140;-44.557297
1766462;-99.782455;-94.709816;-75.218483;-44.275810
1768456;-99.802673;-94.608536;-75.011108;-43.993916
1770451;-99.821907;-94.506310;-74.802986;-43.711597
1772458;-99.840157;-94.403145;-74.594109;-43.428795
1774473;-99.857414;-94.299072;-74.384552;-43.145657
1776439;-99.873695;-94.194038;-74.174194;-42.862003
1778438;-99.888985;-94.088097;-73.963142;-42.577972
1780442;-99.903290;-93.981201;-73.751328;-42.293476
1782433;-99.916611;-93.873398;-73.538818;-42.008610
1784436;-99.928947;-93.764664;-73.325577;-41.723324
1786470;-99.940292;-93.654991;-73.111572;-41.437584
1788432;-99.950653;-93.544418;-72.896889;-41.151478
1790439;-99.960030;-93.432899;-72.681458;-40.864925
1792439;-99.968414;-93.320473;-72.465340;-40.578007
1794438;-99.975815;-93.207130;-72.248497;-40.290695
1796472;-99.982231;-93.092850;-72.030922;-40.002937
1798444;-99.987663;-92.977669;-71.812660;-39.714832
1800435;-99.992104;-92.861542;-71.593658;-39.426289
1802438;-99.995560;-92.744530;-71.373985;-39.137402
1804431;-99.998024;-92.626595;-71.153603;-38.848125
1806477;-99.999504;-92.507729;-70.932487;-38.558422
1808438;-100.000000;-92.387970;-70.710716;-38.268383
1810440;-99.999504;-92.267273;-70.488197;-37.977921
1812439;-99.998024;-92.145691;-70.265022;-37.687134
1814435;-99.995560;-92.023186;-70.041122;-37.395927
1816439;-99.993958;-91.961601;-69.928925;-37.250210
1818476;-99.987663;-91.775475;-69.591309;-36.812496
1820461;-99.982239;-91.650246;-69.365349;-36.520191
1822459;-99.975815;-91.524132;-69.138718;-36.227570
1824457;-99.968422;-91.397087;-68.911385;-35.934547
1826456;-99.960030;-91.269157;-68.683395;-35.641209
1828473;-99.950661;-91.140343;-68.454750;-35.347527
1830443;-99.940292;-91.010597;-68.225372;-35.053444
1832443;-99.928955;-90.879982;-67.995361;-34.759068
1834442;-99.916611;-90.748444;-67.764648;-34.464298
1836435;-99.903297;-90.616028;-67.533302;-34.169235
1838437;-99.888985;-90.482697;-67.301247;-33.873787
1840473;-99.873695;-90.348503;-67.068565;-33.578053
1842461;-99.857422;-90.213409;-66.835228;-33.281986
1844458;-99.840157;-90.077408;-66.601196;-32.985546
1846462;-99.821907;-89.940529;-66.366531;-32.688828
1848456;-99.802673;-89.802757;-66.131187;-32.391739
1850475;-99.782455;-89.664108;-65.895218;-32.094376
1852439;-99.761253;-89.524582;-65.658600;-31.796694
1854439;-99.739059;-89.384140;-65.421295;-31.498659
1856437;-99.715897;-89.242844;-65.183395;-31.200352
1858432;-99.691734;-89.100647;-64.944801;-30.901695
1860437;-99.666595;-88.957596;-64.705605;-30.602777
1862472;-99.640472;-88.813637;-64.465736;-30.303514
1864462;-99.613365;-88.668831;-64.225266;-30.003994
1866454;-99.585274;-88.523140;-63.984169;-29.704180
1868455;-99.556198;-88.376556;-63.742393;-29.404026
1870453;-99.526146;-88.229134;-63.500031;-29.103628
1872472;-99.495102;-88.080803;-63.257004;-28.802898
1874443;-99.463081;-87.931633;-63.013386;-28.501930
1876438;-99.430084;-87.781593;-62.769150;-28.200680
1878440;-99.396095;-87.630669;-62.524258;-27.899107
1880433;-99.361130;-87.478897;-62.278782;-27.597301
1882486;-99.325195;-87.326256;-62.032707;-27.295225
1884470;-99.288269;-87.172760;-61.786003;-26.992878
1886466;-99.250359;-87.018387;-61.538654;-26.690220
1888454;-99.211479;-86.863174;-61.290733;-26.387346
1890453;-99.171616;-86.707100;-61.042213;-26.084209
1892459;-99.130768;-86.550148;-60.793049;-25.780767
1894473;-99.088951;-86.392365;-60.543327;-25.477118
1896442;-99.046150;-86.233711;-60.292973;-25.173176
1898435;-99.002373;-86.074226;-60.042061;-24.869026
1900442;-98.957619;-85.913887;-59.790546;-24.564634
1902434;-98.911888;-85.752678;-59.538406;-24.259953
1904432;-98.865181;-85.590652;-59.285717;-23.955076
1906476;-98.817497;-85.427757;-59.032410;-23.649921
1908459;-98.768845;-85.264038;-58.778553;-23.344574
1910454;-98.719200;-85.099449;-58.524078;-23.038952
1912454;-98.668602;-84.934052;-58.269073;-22.733149
1914456;-98.617020;-84.767822;-58.013489;-22.427124
1916477;-98.564461;-84.600716;-57.757282;-22.120831
1918443;-98.510941;-84.432808;-57.500553;-21.814363
1920438;-98.456436;-84.264046;-57.243221;-21.507633
1922438;-98.400970;-84.094467;-56.985355;-21.200743
1924439;-98.344528;-83.924065;-56.726933;-20.893635
1926436;-98.287109;-83.752808;-56.467907;-20.586281
1928474;-98.228737;-83.580757;-56.208374;-20.278769
1930453;-98.169373;-83.407852;-55.948235;-19.971006
1932457;-98.109062;-83.234146;-55.687584;-19.663099
1934456;-98.047760;-83.059593;-55.426346;-19.354946
1936462;-97.985512;-82.884247;-55.164604;-19.046652
1938472;-97.922287;-82.708069;-54.902309;-18.738171
1940435;-97.858093;-82.531067;-54.639446;-18.429455
1942442;-97.792938;-82.353279;-54.376072;-18.120605
1944431;-97.726814;-82.174644;-54.112125;-17.811531
1946436;-97.659729;-81.995216;-53.847683;-17.502323
1948438;-97.591690;-81.814995;-53.582710;-17.192945
1950480;-97.522667;-81.633934;-53.317173;-16.883356
1952457;-97.452698;-81.452087;-53.051144;-16.573637
1954459;-97.381752;-81.269417;-52.784550;-16.263716
1956461;-97.309860;-81.085968;-52.517479;-15.953678
1958458;-97.236992;-80.901695;-52.249847;-15.643437
1960472;-97.163177;-80.716644;-51.981743;-15.333086
1962438;-97.088402;-80.530807;-51.713120;-15.022586
1964439;-97.012665;-80.344139;-51.443958;-14.711889
1966434;-96.974442;-80.250526;-51.309196;-14.556512
1968443;-96.858315;-79.968460;-50.904129;-14.090114
1970497;-96.779716;-79.779449;-50.633492;-13.779039
1972456;-96.700165;-79.589653;-50.362350;-13.467829
1974457;-96.619637;-79.399040;-50.090664;-13.156436
1976459;-96.538177;-79.207680;-49.818527;-12.844960
1978458;-96.455742;-79.015495;-49.545860;-12.533312
1980455;-96.372375;-78.822563;-49.272739;-12.221588
1982469;-96.288055;-78.628860;-48.999138;-11.909744
1984436;-96.202766;-78.434349;-48.725010;-11.597732
1986436;-96.116547;-78.239090;-48.450443;-11.285657
1988438;-96.029381;-78.043060;-48.175400;-10.973472
1990436;-95.941261;-77.846268;-47.899879;-10.661170
1992435;-95.852188;-77.648666;-47.623848;-10.348722
1994470;-95.762184;-77.450333;-47.347385;-10.036215
1996464;-95.671227;-77.251228;-47.070450;-9.723613
1998458;-95.579315;-77.051346;-46.793015;-9.410867
2000452;-95.486473;-76.850731;-46.515160;-9.098077
2002456;-95.392677;-76.649323;-46.236801;-8.785147
2004475;-95.297951;-76.447174;-45.958031;-8.472180
2006443;-95.202286;-76.244293;-45.678799;-8.159128
2008433;-95.105667;-76.040619;-45.399082;-7.845944
2010439;-95.008125;-75.836227;-45.118958;-7.532737
2012437;-94.909630;-75.631058;-44.838348;-7.219404
2014434;-94.810204;-75.425163;-44.557335;-6.906047
2016477;-94.709839;-75.218498;-44.275837;-6.592575
2018458;-94.608551;-75.011131;-43.993950;-6.279090
2020457;-94.506332;-74.803017;-43.711628;-5.965540
2022457;-94.403160;-74.594131;-43.428833;-5.651879
2024456;-94.299072;-74.384544;-43.145649;-5.338216
2026479;-94.194038;-74.174187;-42.861992;-5.024445
2028443;-94.088089;-73.963127;-42.577957;-4.710680
2030439;-93.981209;-73.751343;-42.293507;-4.396865
2032433;-93.873390;-73.538795;-42.008591;-4.082957
2034432;-93.764671;-73.325562;-41.723312;-3.769061
2036440;-93.654999;-73.111565;-41.437569;-3.455079
2038472;-93.544418;-72.896889;-41.151470;-3.141111
2040461;-93.432899;-72.681450;-40.864910;-2.827060
2042457;-93.320473;-72.465332;-40.577999;-2.513033
2044454;-93.207130;-72.248489;-40.290680;-2.198979
2046460;-93.092850;-72.030914;-40.002926;-1.884857
2048473;-92.977661;-71.812653;-39.714821;-1.570767
2050442;-92.861542;-71.593651;-39.426277;-1.256609
2052443;-92.744522;-71.373978;-39.137383;-0.942487
2054433;-92.626587;-71.153595;-38.848106;-0.628355
2056438;-92.507729;-70.932480;-38.558407;-0.314173
2058476;-92.387970;-70.710693;-38.268375;-0.000036
2060437;-92.267273;-70.488182;-37.977913;0.314155
2062439;-92.145691;-70.265015;-37.687119;0.628293
2064441;-92.023178;-70.041107;-37.395912;0.942469
2066443;-91.961601;-69.928917;-37.250198;1.099530
2068486;-91.775475;-69.591309;-36.812489;1.570699
2070471;-91.650238;-69.365326;-36.520180;1.884845
2072461;-91.524124;-69.138710;-36.227558;2.198917
2074457;-91.397079;-68.911369;-35.934532;2.513018
2076457;-91.269165;-68.683395;-35.641197;2.827042
2078457;-91.140343;-68.454727;-35.347515;3.141043
2080471;-91.010597;-68.225357;-35.053429;3.455064
2082439;-90.879974;-67.995354;-34.759052;3.768995
2084432;-90.748444;-67.764641;-34.464283;4.082942
2086435;-90.616020;-67.533287;-34.169216;4.396802
2088436;-90.482697;-67.301239;-33.873775;4.710662
2090439;-90.348495;-67.068550;-33.578041;5.024430
2092475;-90.213409;-66.835220;-33.281975;5.338150
2094462;-90.077400;-66.601181;-32.985531;5.651865
2096465;-89.940552;-66.366554;-32.688858;5.965426
2098455;-89.802773;-66.131210;-32.391773;6.279021
2100456;-89.664124;-65.895233;-32.094406;6.592509
2102464;-89.524590;-65.658615;-31.796726;6.905934
2104433;-89.384155;-65.421318;-31.498682;7.219338
2106439;-89.242867;-65.183411;-31.200382;7.532620
2108441;-89.100662;-64.944824;-30.901724;7.845881
2110438;-88.957611;-64.705627;-30.602810;8.159015
2112486;-88.813675;-64.465797;-30.303591;8.472064
2114472;-88.668839;-64.225296;-30.004028;8.785081
2116464;-88.596107;-64.104820;-29.854155;8.941537
2118458;-88.376579;-63.742424;-29.404057;9.410805
2120457;-88.229141;-63.500053;-29.103661;9.723502
2122452;-88.080818;-63.257027;-28.802931;10.036153
2124471;-87.931648;-63.013412;-28.501957;10.348660
2126463;-87.781609;-62.769173;-28.200710;10.661059
2128454;-87.630676;-62.524277;-27.899132;10.973406
2130455;-87.478905;-62.278809;-27.597326;11.285594
2132455;-87.326256;-62.032688;-27.295204;11.597717
2134478;-87.172760;-61.785984;-26.992863;11.909678
2136438;-87.018402;-61.538677;-26.690250;12.221527
2138436;-86.863159;-61.290718;-26.387331;12.533295
2140433;-86.707092;-61.042202;-26.084196;12.844899
2142437;-86.550140;-60.793041;-25.780756;13.156417
2144436;-86.392357;-60.543312;-25.477106;13.467762
2146478;-86.233696;-60.292961;-25.173164;13.779020
2148463;-86.074211;-60.042034;-24.869009;14.090097
2150458;-85.913879;-59.790527;-24.564625;14.401031
2152459;-85.752670;-59.538387;-24.259937;14.711875
2154451;-85.590645;-59.285702;-23.955063;15.022522
2156480;-85.427742;-59.032394;-23.649904;15.333072
2158440;-85.264030;-58.778542;-23.344559;15.643424
2160437;-85.099472;-58.524109;-23.038982;15.953615
2162435;-84.934044;-58.269054;-22.733133;16.263702
2164436;-84.767807;-58.013470;-22.427105;16.573582
2166442;-84.600708;-57.757271;-22.120813;16.883341
2168475;-84.432808;-57.500542;-21.814352;17.192884
2170459;-84.432808;-57.500542;-21.507618;17.502312
2172455;-84.094467;-56.985344;-21.200722;17.811512
2174455;-83.924065;-56.726921;-20.893621;18.120539
2176462;-83.752808;-56.467892;-20.586264;18.429438
2178480;-83.580742;-56.208355;-20.278749;18.738110
2180461;-83.407837;-55.948215;-19.970989;19.046637
2182458;-83.234131;-55.687565;-19.663084;19.354933
2184453;-83.059608;-55.426373;-19.354975;19.663036
2186455;-82.884232;-55.164589;-19.046635;19.970993
2188472;-82.708069;-54.902298;-18.738152;20.278708
2190439;-82.531059;-54.639423;-18.429438;20.586264
2192438;-82.353264;-54.376053;-18.120586;20.893579
2194436;-82.174629;-54.112106;-17.811512;21.200729
2196440;-81.995216;-53.847672;-17.502308;21.507622
2198557;-81.814980;-53.582691;-17.192932;21.814302
2200462;-81.633919;-53.317154;-16.883337;22.120819
2202459;-81.452080;-53.051125;-16.573620;22.427061
2204459;-81.269432;-52.784573;-16.263748;22.733093
2206459;-81.085983;-52.517502;-15.953708;23.038895
2208455;-80.901741;-52.249916;-15.643517;23.344469
2210471;-80.716667;-51.981766;-15.333122;23.649860
2212442;-80.530823;-51.713146;-15.022614;23.954973
2214442;-80.344162;-51.443981;-14.711923;24.259895
2216435;-80.156731;-51.174343;-14.401132;24.564526
2218435;-79.968475;-50.904156;-14.090145;24.868971
2220437;-79.779472;-50.633514;-13.779068;25.173115
2222478;-79.589668;-50.362366;-13.467857;25.477013
2224458;-79.399063;-50.090694;-13.156465;25.780710
2226456;-79.207695;-49.818550;-12.844995;26.084101
2228458;-79.015518;-49.545891;-12.533346;26.387283
2230455;-78.822586;-49.272770;-12.221622;26.690161
2232470;-78.628883;-48.999165;-11.909780;26.992767
2234438;-78.434364;-48.725040;-11.597765;27.295164
2236435;-78.239113;-48.450470;-11.285684;27.597240
2238429;-78.043053;-48.175388;-10.973456;27.899086
2240435;-77.846252;-47.899860;-10.661152;28.200617
2242438;-77.648659;-47.623829;-10.348704;28.501913
2244479;-77.450325;-47.347366;-10.036201;28.802881
2246463;-77.251228;-47.070438;-9.723600;29.103565
2248457;-77.051338;-46.793003;-9.410858;29.404005
2250450;-76.850716;-46.515141;-9.098059;29.704121
2252453;-76.649307;-46.236782;-8.785129;30.003981
2254476;-76.447174;-45.958019;-8.472165;30.303495
2256437;-76.244286;-45.678783;-8.159107;30.602720
2258439;-76.040611;-45.399071;-7.845929;30.901682
2260433;-75.836220;-45.118938;-7.532719;31.200291
2262440;-75.631042;-44.838326;-7.219389;31.498638
2264436;-75.425163;-44.557320;-6.906030;31.796637
2266477;-75.321938;-44.416645;-6.749332;32.094311
2268453;-75.011124;-43.993931;-6.279072;32.391720
2270458;-74.803009;-43.711609;-5.965516;32.688766
2272457;-74.594131;-43.428818;-5.651870;32.985531
2274456;-74.384537;-43.145634;-5.338198;33.281933
2276476;-74.174179;-42.861977;-5.024433;33.578037
2278463;-73.963127;-42.577942;-4.710665;33.873775
2280454;-73.751343;-42.293495;-4.396850;34.169178
2282452;-73.538795;-42.008575;-4.082942;34.464287
2284456;-73.325554;-41.723293;-3.769043;34.759014
2286470;-73.111557;-41.437557;-3.455064;35.053432
2288445;-72.896873;-41.151447;-3.141093;35.347466
2290436;-72.681473;-40.864937;-2.827093;35.641159
2292439;-72.465317;-40.577984;-2.513018;35.934532
2294439;-72.248482;-40.290668;-2.198964;36.227509
2296497;-72.030899;-40.002911;-1.884842;36.520176
2298472;-71.812645;-39.714806;-1.570749;36.812435
2300459;-71.593643;-39.426262;-1.256588;37.104382
2302457;-71.373962;-39.137371;-0.942469;37.395912
2304454;-71.153580;-38.848095;-0.628340;37.687077
2306456;-70.932472;-38.558392;-0.314155;37.977909
2308475;-70.710686;-38.268353;-0.000009;38.268326
2310443;-70.488174;-37.977898;0.314173;38.558407
2312437;-70.265030;-37.687145;0.628260;38.848022
2314435;-70.041168;-37.395988;0.942391;39.137299
2316440;-69.928940;-37.250225;1.099503;39.281837
2318483;-69.591324;-36.812511;1.570672;39.714733
2320471;-69.365349;-36.520203;1.884812;40.002884
2322460;-69.138733;-36.227585;2.198887;40.290596
2324459;-68.911400;-35.934555;2.512991;40.577957
2326457;-68.683418;-35.641228;2.827013;40.864864
2328457;-68.454758;-35.347538;3.141016;41.151379
2330471;-68.225388;-35.053455;3.455034;41.437531
2332438;-67.995377;-34.759079;3.768969;41.723225
2334435;-67.764664;-34.464310;4.082912;42.008556
2336436;-67.533310;-34.169247;4.396770;42.293423
2338436;-67.301300;-33.873852;4.710582;42.577873
2340439;-67.068581;-33.578072;5.024397;42.861946
2342474;-66.835243;-33.282001;5.338120;43.145561
2344461;-66.601204;-32.985561;5.651834;43.428783
2346458;-66.366539;-32.688843;5.965445;43.711540
2348456;-66.131195;-32.391750;6.279045;43.993912
2350453;-65.895233;-32.094391;6.592533;44.275795
2352471;-65.658607;-31.796705;6.905955;44.557251
2354443;-65.421310;-31.498671;7.219359;44.838306
2356440;-65.183403;-31.200361;7.532641;45.118874
2358436;-64.944817;-30.901709;7.845893;45.399036
2360438;-64.705620;-30.602793;8.159029;45.678715
2362439;-64.465782;-30.303570;8.472088;45.957939
2364470;-64.225281;-30.004004;8.785099;46.236759
2366459;-63.984180;-29.704193;9.097984;46.515076
2368455;-63.742405;-29.404037;9.410822;46.792969
2370457;-63.500046;-29.103645;9.723520;47.070366
2372456;-63.257015;-28.802910;10.036180;47.347343
2374474;-63.013405;-28.501945;10.348675;47.623802
2376441;-62.769161;-28.200689;10.661080;47.899796
2378434;-62.524269;-27.899117;10.973424;48.175358
2380431;-62.278801;-27.597317;11.285612;48.450405
2382439;-62.032677;-27.295193;11.597734;48.725010
2384475;-61.785976;-26.992846;11.909697;48.999096
2386443;-61.538666;-26.690233;12.221545;49.272701
2388440;-61.290710;-26.387310;12.533316;49.545853
2390436;-61.042191;-26.084173;12.844917;49.818485
2392435;-60.793030;-25.780737;13.156438;50.090660
2394435;-60.543304;-25.477091;13.467780;50.362301
2396476;-60.292946;-25.173149;13.779032;50.633484
2398463;-60.042030;-24.868996;14.090115;50.904129
2400457;-59.790524;-24.564604;14.401049;51.174278
2402458;-59.538383;-24.259918;14.711893;51.443951
2404451;-59.285694;-23.955044;15.022543;51.713085
2406480;-59.032387;-23.649887;15.333086;51.981743
2408436;-58.778530;-23.344540;15.643438;52.249847
2410438;-58.524097;-23.038971;15.953630;52.517437
2412434;-58.269047;-22.733120;16.263718;52.784550
2414432;-58.013458;-22.427092;16.573593;53.051102
2416441;-57.885448;-22.273996;16.728474;53.184174
2418474;-57.500530;-21.814325;17.192904;53.582668
2420463;-57.243275;-21.507698;17.502230;53.847599
2422456;-56.985371;-21.200758;17.811483;54.112076
2424459;-56.726944;-20.893648;18.120516;54.375996
2426456;-56.467926;-20.586296;18.429411;54.639400
2428473;-56.208385;-20.278782;18.738075;54.902233
2430440;-55.948246;-19.971025;19.046608;55.164562
2432436;-55.687599;-19.663113;19.354900;55.426304
2434438;-55.426399;-19.355007;19.663006;55.687504
2436432;-55.164616;-19.046667;19.970963;55.948185
2438488;-54.902328;-18.738186;20.278671;56.208290
2440472;-54.639454;-18.429466;20.586235;56.467873
2442461;-54.376083;-18.120613;20.893547;56.726856
2444452;-54.112179;-17.811590;21.200645;56.985283
2446461;-53.847694;-17.502338;21.507587;57.243179
2448459;-53.582722;-17.192963;21.814268;57.500477
2450474;-53.317184;-16.883369;22.120783;57.757248
2452458;-53.051155;-16.573656;22.427031;58.013405
2454456;-52.784561;-16.263729;22.733110;58.269035
2456457;-52.517490;-15.953692;23.038908;58.524048
2458454;-52.249901;-15.643498;23.344481;58.778477
2460560;-51.981754;-15.333101;23.649874;59.032368
2462463;-51.713135;-15.022600;23.954985;59.285641
2464460;-51.443966;-14.711907;24.259907;59.538364
2466460;-51.174332;-14.401111;24.564543;59.790466
2468458;-50.904186;-14.090172;24.868938;60.041977
2470457;-50.633503;-13.779053;25.173130;60.292923
2472472;-50.362354;-13.467839;25.477032;60.543251
2474460;-50.090675;-13.156453;25.780722;60.793011
2476457;-49.818539;-12.844976;26.084116;61.042137
2478458;-49.545868;-12.533325;26.387300;61.290695
2480453;-49.272751;-12.221601;26.690174;61.538612
2482479;-48.999153;-11.909756;26.992786;61.785923
2484433;-48.725025;-11.597747;27.295176;62.032658
2486433;-48.450455;-11.285668;27.597258;62.278748
2488436;-48.175369;-10.973433;27.899107;62.524258
2490436;-47.899849;-10.661137;28.200636;62.769115
2492495;-47.623856;-10.348734;28.501888;63.013351
2494472;-47.347351;-10.036185;28.802898;63.256996
2496462;-47.070419;-9.723579;29.103588;63.500000
2498457;-46.792984;-9.410834;29.404026;63.742393
2500458;-46.515125;-9.098042;29.704136;63.984127
2502455;-46.236767;-8.785110;30.003998;64.225266
2504476;-45.957993;-8.472141;30.303514;64.465736
2506436;-45.678772;-8.159092;30.602736;64.705566
2508440;-45.399052;-7.845912;30.901695;64.944801
2510431;-45.118927;-7.532701;31.200308;65.183350
2512429;-44.838314;-7.219371;31.498659;65.421295
2514434;-44.557304;-6.906014;31.796646;65.658554
2516475;-44.275848;-6.592589;32.094334;65.895180
2518455;-43.993916;-6.279051;32.391739;66.131180
2520459;-43.711594;-5.965501;32.688778;66.366493
2522451;-43.428795;-5.651844;32.985550;66.601189
2524456;-43.145615;-5.338180;33.281944;66.835190
2526480;-42.861961;-5.024412;33.578056;67.068573
2528457;-42.577972;-4.710695;33.873745;67.301216
2530457;-42.293518;-4.396873;34.169151;67.533234
2532452;-42.008610;-4.082978;34.464252;67.764610
2534457;-41.723324;-3.769076;34.758980;67.995285
2536477;-41.437584;-3.455093;35.053402;68.225334
2538439;-41.151478;-3.141123;35.347435;68.454674
2540441;-40.864967;-2.827123;35.641121;68.683334
2542442;-40.578011;-2.513048;35.934502;68.911346
2544437;-40.290695;-2.198994;36.227482;69.138649
2546435;-40.002937;-1.884872;36.520149;69.365303
2548474;-39.714832;-1.570779;36.812408;69.591240
2550460;-39.426334;-1.256666;37.104313;69.816498
2552458;-39.137398;-0.942498;37.395885;70.041084
2554459;-38.848125;-0.628370;37.687050;70.264961
2556453;-38.558422;-0.314185;37.977886;70.488167
2558476;-38.268383;-0.000045;38.268307;70.710648
2560440;-37.977924;0.314143;38.558384;70.932457
2562434;-37.687134;0.628278;38.848038;71.153534
2564437;-37.395973;0.942406;39.137314;71.373917
2566435;-37.250210;1.099518;39.281853;71.483871
2568439;-36.812496;1.570687;39.714752;71.812592
2570468;-36.520191;1.884827;40.002899;72.030891
2572461;-36.227570;2.198902;40.290611;72.248436
2574457;-35.934593;2.512956;40.577927;72.465279
2576462;-35.641212;2.827034;40.864883;72.681427
2578457;-35.347527;3.141031;41.151394;72.896828
2580480;-35.053448;3.455049;41.437546;73.111549
2582456;-34.759064;3.768983;41.723240;73.325508
2584458;-34.464298;4.082933;42.008572;73.538780
2586461;-34.169235;4.396787;42.293434;73.751297
2588456;-33.873833;4.710606;42.577888;73.963081
2590483;-33.578053;5.024418;42.861965;74.174164
2592457;-33.281986;5.338135;43.145569;74.384483
2594459;-32.985546;5.651850;43.428802;74.594109
2596459;-32.688828;5.965456;43.711555;74.802956
2598457;-32.391785;6.279006;43.993877;75.011078
2600456;-32.094376;6.592545;44.275810;75.218483
2602477;-31.796694;6.905973;44.557262;75.425117
2604461;-31.498655;7.219374;44.838314;75.631035
2606458;-31.200352;7.532659;45.118893;75.836174
2608451;-30.901695;7.845914;45.399055;76.040596
2610457;-30.602777;8.159050;45.678734;76.244240
2612474;-30.303558;8.472100;45.957958;76.447136
2614437;-30.003994;8.785116;46.236771;76.649300
2616438;-29.704180;9.097997;46.515091;76.850677
2618442;-29.404026;9.410840;46.792992;77.051331
2620447;-29.103630;9.723538;47.070385;77.251190
2622473;-28.802944;10.036140;47.347313;77.450287
2624445;-28.501930;10.348693;47.623817;77.648651
2626441;-28.200680;10.661096;47.899811;77.846214
2628438;-27.899105;10.973435;48.175369;78.043045
2630441;-27.597300;11.285630;48.450417;78.239075
2632439;-27.295177;11.597753;48.725025;78.434357
2634471;-26.992834;11.909713;48.999111;78.628838
2636457;-26.690266;12.221514;49.272675;78.822517
2638454;-26.387346;12.533285;49.545834;79.015472
2640460;-26.084209;12.844883;49.818459;79.207626
2642450;-25.780769;13.156406;50.090633;79.399017
2644477;-25.477119;13.467752;50.362278;79.589607
2646438;-25.173223;13.778962;50.633419;79.779404
2648437;-24.869028;14.090083;50.904114;79.968437
2650437;-24.564634;14.401023;51.174252;80.156670
2652431;-24.259953;14.711862;51.443928;80.344124
2654438;-23.955076;15.022511;51.713062;80.530754
2656470;-23.649920;15.333061;51.981716;80.716637
2658459;-23.344574;15.643409;52.249825;80.901680
2660455;-23.039000;15.953604;52.517414;81.085930
2662452;-22.733150;16.263687;52.784527;81.269394
2664453;-22.427124;16.573566;53.051079;81.452049
2666476;-22.120829;16.883327;53.317154;81.633919
2668459;-21.814363;17.192871;53.582645;81.814949
2670451;-21.507681;17.502251;53.847622;81.995178
2672457;-21.200739;17.811502;54.112099;82.174629
2674454;-20.893637;18.120531;54.376011;82.353233
2676589;-20.586279;18.429426;54.639423;82.531052
2678463;-20.278767;18.738094;54.902256;82.708038
2680459;-19.971006;19.046623;55.164581;82.884232
2682461;-19.663097;19.354919;55.426323;83.059570
2684457;-19.354994;19.663023;55.687523;83.234093
2686461;-19.046650;19.970980;55.948215;83.407837
2688473;-18.738169;20.278694;56.208305;83.580719
2690464;-18.429453;20.586256;56.467892;83.752800
2692454;-18.120604;20.893564;56.726871;83.924034
2694453;-17.811575;21.200665;56.985294;84.094429
2696461;-17.502325;21.507605;57.243198;84.264030
2698473;-17.192945;21.814289;57.500492;84.432770
2700439;-16.883352;22.120800;57.757263;84.600708
2702439;-16.573639;22.427050;58.013420;84.767776
2704438;-16.263714;22.733124;58.269047;84.934044
2706434;-15.953678;23.038925;58.524059;85.099442
2708438;-15.643482;23.344501;58.778500;85.264000
2710478;-15.333086;23.649891;59.032394;85.427734
2712455;-15.022585;23.955006;59.285664;85.590622
2714457;-14.711889;24.259926;59.538383;85.752663
2716455;-14.556509;24.412275;59.664513;85.833366
2718455;-14.090158;24.868956;60.041992;86.074188
2720474;-13.779036;25.173151;60.292946;86.233696
2722435;-13.467825;25.477045;60.543270;86.392326
2724439;-13.156433;25.780743;60.793030;86.550133
2726440;-12.844959;26.084133;61.042152;86.707054
2728441;-12.533358;26.387274;61.290676;86.863129
2730432;-12.221586;26.690193;61.538635;87.018379
2732473;-11.909742;26.992807;61.785942;87.172729
2734460;-11.597732;27.295197;62.032677;87.326248
2736461;-11.285654;27.597273;62.278767;87.478874
2738456;-10.973418;27.899122;62.524269;87.630669
2740458;-10.661121;28.200649;62.769135;87.781570
2742480;-10.348720;28.501904;63.013371;87.931618
2744442;-10.036215;28.802872;63.256981;88.080795
2746437;-9.723612;29.103559;63.499969;88.229095
2748433;-9.410866;29.403999;63.742371;88.376549
2750436;-9.098074;29.704105;63.984108;88.523109
2752436;-8.785192;30.003920;64.225212;88.668793
2754471;-8.472176;30.303484;64.465714;88.813629
2756465;-8.159123;30.602705;64.705551;88.957558
2758455;-7.845943;30.901667;64.944778;89.100632
2760455;-7.532733;31.200281;65.183334;89.242813
2762457;-7.219401;31.498629;65.421280;89.384125
2764477;-6.906045;31.796623;65.658539;89.524544
2766440;-6.592622;32.094303;65.895157;89.664070
2768436;-6.279085;32.391712;66.131165;89.802742
2770433;-5.965534;32.688755;66.366478;89.940491
2772431;-5.651876;32.985516;66.601166;90.077385
2774496;-5.338211;33.281914;66.835175;90.213371
2776474;-5.024493;33.577980;67.068512;90.348465
2778453;-4.710677;33.873760;67.301224;90.482689
2780455;-4.396863;34.169163;67.533241;90.615997
2782452;-4.082958;34.464272;67.764626;90.748428
2784460;-3.769059;34.758995;67.995308;90.879944
2786479;-3.455077;35.053421;68.225349;91.010590
2788436;-3.141107;35.347454;68.454689;91.140312
2790436;-2.827107;35.641140;68.683342;91.269127
2792435;-2.513031;35.934517;68.911362;91.397072
2794435;-2.198978;36.227497;69.138664;91.524101
2796472;-1.884856;36.520164;69.365326;91.650238
2798439;-1.570763;36.812428;69.591255;91.775444
2800438;-1.256654;37.104324;69.816505;91.899750
2802437;-0.942485;37.395901;70.041100;92.023178
2804442;-0.628354;37.687065;70.264969;92.145660
2806433;-0.314170;37.977898;70.488174;92.267265
2808475;0.000000;38.268341;70.710678;92.387947
2810460;0.314159;38.558395;70.932472;92.507713
2812457;0.628314;38.848076;71.153572;92.626572
2814453;0.942464;39.137367;71.373955;92.744514
2816458;1.099535;39.281868;71.483894;92.803139
2818473;1.570732;39.714790;71.812622;92.977646
2820443;1.884844;40.002911;72.030899;93.092842
2822440;2.198937;40.290642;72.248459;93.207108
2824438;2.513010;40.577976;72.465309;93.320457
2826437;2.827056;40.864906;72.681442;93.432884
2828436;3.141076;41.151436;72.896866;93.544395
2830471;3.455064;41.437557;73.111557;93.654984
2832459;3.769018;41.723270;73.325531;93.764648
2834459;4.082935;42.008572;73.538788;93.873383
2836459;4.396812;42.293461;73.751305;93.981186
2838456;4.710645;42.577927;73.963104;94.088074
2840476;5.024432;42.861980;74.174179;94.194031
2842436;5.338169;43.145607;74.384514;94.299057
2844436;5.651853;43.428806;74.594116;94.403145
2846437;5.965482;43.711578;74.802979;94.506302
2848437;6.279051;43.993916;75.011108;94.608536
2850438;6.592560;44.275822;75.218491;94.709824
2852471;6.906002;44.557293;75.425140;94.810188
2854459;7.219377;44.838322;75.631035;94.909607
2856451;7.532680;45.118908;75.836189;95.008095
2858457;7.845909;45.399052;76.040596;95.105652
2860456;8.159060;45.678741;76.244247;95.202263
2862470;8.472132;45.957985;76.447151;95.297935
2864452;8.785120;46.236774;76.649300;95.392670
2866438;8.941581;46.375996;76.750092;95.439682
2868434;9.410830;46.792976;77.051315;95.579300
2870433;9.723549;47.070389;77.251198;95.671204
2872564;10.036171;47.347336;77.450302;95.762161
2874463;10.348695;47.623817;77.648651;95.852180
2876459;10.661115;47.899830;77.846230;95.941238
2878458;10.973431;48.175369;78.043037;96.029366
2880455;11.285637;48.450428;78.239075;96.116547
2882454;11.597733;48.725014;78.434349;96.202766
2884473;11.909716;48.999115;78.628838;96.288040
2886438;12.221580;49.272736;78.822563;96.372375
2888435;12.533322;49.545868;79.015503;96.455742
2890437;12.844942;49.818508;79.207664;96.538162
2892435;13.156436;50.090660;79.399040;96.619629
2894477;13.467797;50.362320;79.589638;96.700142
2896438;13.779028;50.633476;79.779449;96.779716
2898434;14.090122;50.904144;79.968468;96.858315
2900439;14.401078;51.174301;80.156700;96.935966
2902434;14.711891;51.443951;80.344131;97.012657
2904444;15.022558;51.713097;80.530792;97.088394
2906475;15.333078;51.981735;80.716644;97.163170
2908461;15.643446;52.249855;80.901703;97.236992
2910454;15.953660;52.517464;81.085953;97.309853
2912454;16.263714;52.784550;81.269417;97.381744
2914456;16.573612;53.051121;81.452072;97.452690
2916467;16.883343;53.317165;81.633926;97.522667
2918473;17.192907;53.582676;81.814972;97.591675
2920464;17.502306;53.847672;81.995216;97.659729
2922455;17.811527;54.112125;82.174644;97.726807
2924463;18.120577;54.376049;82.353256;97.792938
2926461;18.429445;54.639435;82.531067;97.858086
2928470;18.738131;54.902279;82.708054;97.922287
2930437;19.046633;55.164589;82.884232;97.985504
2932439;19.354946;55.426346;83.059593;98.047760
2934437;19.663071;55.687565;83.234131;98.109047
2936436;19.970997;55.948223;83.407845;98.169365
2938434;20.278728;56.208336;83.580742;98.228722
2940474;20.586262;56.467896;83.752808;98.287109
2942460;20.893587;56.726891;83.924042;98.344513
2944459;21.200710;56.985336;84.094460;98.400963
2946462;21.507624;57.243210;84.264038;98.456429
2948455;21.814323;57.500523;84.432793;98.510933
2950474;22.120808;57.757271;84.600708;98.564461
2952434;22.427074;58.013447;84.767792;98.617004
2954435;22.733122;58.269047;84.934044;98.668594
2956439;23.038942;58.524071;85.099449;98.719200
2958439;23.344534;58.778526;85.264015;98.768837
2960436;23.649900;59.032394;85.427750;98.817490
2962471;23.955029;59.285675;85.590622;98.865173
2964460;24.259922;59.538383;85.752663;98.911880
2966463;24.564575;59.790497;85.913857;98.957611
2968457;24.868988;60.042023;86.074203;99.002365
2970455;25.173155;60.292953;86.233696;99.046150
2972475;25.477072;60.543285;86.392334;99.088936
2974435;25.780737;60.793030;86.550133;99.130760
2976438;26.084152;61.042171;86.707077;99.171608
2978433;26.387304;61.290707;86.863152;99.211472
2980441;26.690197;61.538635;87.018372;99.250351
2982561;26.992828;61.785961;87.172745;99.288261
2984465;27.295193;62.032677;87.326248;99.325188
2986462;27.597290;62.278782;87.478889;99.361130
2988454;27.899107;62.524258;87.630669;99.396095
2990453;28.200657;62.769135;87.781586;99.430077
2992454;28.501928;63.013386;87.931633;99.463081
2994470;28.802910;63.257015;88.080811;99.495102
2996436;29.103617;63.500023;88.229118;99.526146
2998434;29.404032;63.742401;88.376556;99.556198
3000432;29.704157;63.984142;88.523132;99.585274
3002433;30.003988;64.225266;88.668823;99.613365
3004434;30.303526;64.465752;88.813644;99.640472
3006472;30.602762;64.705589;88.957581;99.666588
3008459;30.901697;64.944801;89.100655;99.691734
3010455;31.200329;65.183365;89.242836;99.715889
3012454;31.498650;65.421295;89.384148;99.739059
3014455;31.796661;65.658569;89.524567;99.761246
3016473;31.945551;65.776970;89.594444;99.771973
3018434;32.391743;66.131187;89.802757;99.802673
3020435;32.688801;66.366516;89.940521;99.821899
3022433;32.985538;66.601181;90.077408;99.840149
3024437;33.281952;66.835197;90.213394;99.857414
3026491;33.578037;67.068550;90.348495;99.873695
3028475;33.873787;67.301247;90.482697;99.888985
3030456;34.169209;67.533279;90.616020;99.903290
3032455;34.464294;67.764648;90.748444;99.916611
3034453;34.759029;67.995331;90.879967;99.928947
3036460;35.053429;68.225357;91.010597;99.940285
3038473;35.347485;68.454712;91.140327;99.950661
3040443;35.641186;68.683388;91.269157;99.960030
3042436;35.934536;68.911377;91.397087;99.968422
3044436;36.227535;69.138695;91.524117;99.975815
3046437;36.520176;69.365326;91.650238;99.982239
3048556;36.812454;69.591278;91.775467;99.987663
3050464;37.104370;69.816544;91.899780;99.992104
3052457;37.395920;70.041107;92.023178;99.995552
3054455;37.687099;70.264992;92.145683;99.998024
3056459;37.977905;70.488182;92.267273;99.999496
3058454;38.268341;70.710678;92.387955;100.000000
3060478;38.558399;70.932472;92.507721;99.999504
3062451;38.848072;71.153564;92.626579;99.998024
3064451;39.137363;71.373955;92.744514;99.995552
3066462;39.281864;71.483887;92.803146;99.993958
3068460;39.714787;71.812630;92.977646;99.987663
3070478;40.002911;72.030899;93.092834;99.982231
3072439;40.290646;72.248459;93.207108;99.975822
3074436;40.577976;72.465309;93.320457;99.968414
3076442;40.864906;72.681442;93.432892;99.960030
3078436;41.151436;72.896866;93.544403;99.950653
3080440;41.437557;73.111557;93.654976;99.940285
3082475;41.723270;73.325531;93.764648;99.928947
3084460;42.008572;73.538780;93.873383;99.916611
3086461;42.293461;73.751305;93.981194;99.903297
3088459;42.577927;73.963104;94.088074;99.888977
3090458;42.861973;74.174171;94.194031;99.873688
3092472;43.145603;74.384514;94.299049;99.857414
3094433;43.428806;74.594116;94.403145;99.840149
3096440;43.711575;74.802971;94.506302;99.821899
3098434;43.993916;75.011101;94.608536;99.802666
3100434;44.275822;75.218491;94.709824;99.782448
3102492;44.557289;75.425133;94.810188;99.761246
3104473;44.838318;75.631035;94.909607;99.739052
3106463;45.118908;75.836189;95.008102;99.715889
3108453;45.399048;76.040588;95.105652;99.691727
3110454;45.678741;76.244247;95.202255;99.666588
3112453;45.957985;76.447151;95.297935;99.640465
3114473;46.236774;76.649300;95.392654;99.613358
3116436;46.515102;76.850685;95.486450;99.585266
3118441;46.792980;77.051315;95.579300;99.556190
3120433;47.070389;77.251198;95.671204;99.526138
3122438;47.347336;77.450302;95.762161;99.495102
3124439;47.623817;77.648643;95.852173;99.463074
3126480;47.899826;77.846230;95.941246;99.430069
3128460;48.175365;78.043030;96.029366;99.396095
3130464;48.450424;78.239075;96.116539;99.361130
3132458;48.725014;78.434341;96.202759;99.325180
3134455;48.999115;78.628838;96.288040;99.288254
3136472;49.272736;78.822556;96.372368;99.250343
3138440;49.545868;79.015503;96.455742;99.211464
3140435;49.818508;79.207657;96.538162;99.171600
3142435;50.090660;79.399033;96.619629;99.130753
3144436;50.362320;79.589630;96.700142;99.088928
3146489;50.633476;79.779434;96.779701;99.046135
3148472;50.904137;79.968460;96.858307;99.002357
3150460;51.174294;80.156693;96.935966;98.957603
3152456;51.443951;80.344139;97.012650;98.911873
3154455;51.713097;80.530785;97.088394;98.865166
3156459;51.981728;80.716637;97.163162;98.817490
3158473;52.249855;80.901695;97.236984;98.768829
3160433;52.517464;81.085953;97.309845;98.719193
3162430;52.784550;81.269417;97.381744;98.668587
3164437;53.051121;81.452072;97.452690;98.617004
3166437;53.184204;81.543098;97.487793;98.590858
3168435;53.582676;81.814972;97.591675;98.510925
3170473;53.715237;81.905190;97.625816;98.483803
3172460;54.112125;82.174637;97.726807;98.400948
3174458;54.376041;82.353249;97.792923;98.344513
3176457;54.639435;82.531059;97.858086;98.287102
3178454;54.902279;82.708046;97.922279;98.228714
3180478;55.164581;82.884232;97.985497;98.169365
3182459;55.426346;83.059586;98.047760;98.109039
3184455;55.687557;83.234116;98.109039;98.047752
3186459;55.948223;83.407845;98.169365;97.985504
3188455;56.208336;83.580734;98.228722;97.922279
3190472;56.467896;83.752800;98.287109;97.858086
3192441;56.726891;83.924042;98.344513;97.792931
3194436;56.985329;84.094452;98.400955;97.726807
3196440;57.243210;84.264038;98.456429;97.659721
3198435;57.500523;84.432793;98.510933;97.591675
3200436;57.757271;84.600708;98.564461;97.522659
3202472;58.013447;84.767792;98.617012;97.452690
3204438;58.269047;84.934044;98.668594;97.381744
3206433;58.524071;85.099449;98.719193;97.309837
3208436;58.778526;85.264015;98.768829;97.236984
3210433;59.032394;85.427734;98.817490;97.163177
3212477;59.285683;85.590622;98.865173;97.088394
3214438;59.538383;85.752663;98.911880;97.012657
3216433;59.790497;85.913864;98.957611;96.935966
3218439;60.042023;86.074196;99.002365;96.858307
3220439;60.292953;86.233696;99.046135;96.779709
3222435;60.543285;86.392334;99.088943;96.700142
3224472;60.793026;86.550125;99.130760;96.619629
3226464;61.042168;86.707069;99.171600;96.538162
3228459;61.290707;86.863152;99.211472;96.455742
3230454;61.538635;87.018372;99.250351;96.372368
3232455;61.785961;87.172737;99.288261;96.288040
3234469;62.032669;87.326241;99.325180;96.202766
3236444;62.278770;87.478882;99.361130;96.116539
3238435;62.524265;87.630669;99.396095;96.029366
3240438;62.769135;87.781578;99.430069;95.941246
3242441;63.013386;87.931625;99.463081;95.852180
3244435;63.257015;88.080811;99.495102;95.762169
3246476;63.500015;88.229118;99.526146;95.671204
3248457;63.742393;88.376556;99.556198;95.579300
3250455;63.984142;88.523125;99.585266;95.486450
3252458;64.225266;88.668823;99.613358;95.392670
3254450;64.465744;88.813637;99.640465;95.297935
3256469;64.705597;88.957581;99.666588;95.202263
3258443;64.944801;89.100647;99.691734;95.105652
3260441;65.183365;89.242836;99.715889;95.008102
3262436;65.421295;89.384140;99.739059;94.909622
3264435;65.658569;89.524551;99.761246;94.810188
3266434;65.895203;89.664101;99.782448;94.709824
3268471;66.131187;89.802757;99.802673;94.608536
3270460;66.366508;89.940521;99.821907;94.506310
3272458;66.601189;90.077400;99.840149;94.403145
3274453;66.835197;90.213394;99.857422;94.299057
3276456;67.068550;90.348488;99.873695;94.194023
3278471;67.301247;90.482697;99.888992;94.088074
3280439;67.533279;90.616020;99.903297;93.981194
3282435;67.764648;90.748444;99.916611;93.873390
3284433;67.995331;90.879967;99.928947;93.764648
3286439;68.225357;91.010597;99.940285;93.654991
3288478;68.454704;91.140327;99.950661;93.544403
3290430;68.683380;91.269150;99.960030;93.432892
3292430;68.911377;91.397079;99.968414;93.320465
3294434;69.138695;91.524109;99.975815;93.207108
3296430;69.365326;91.650238;99.982231;93.092834
3298437;69.591278;91.775459;99.987656;92.977646
3300469;69.816536;91.899773;99.992104;92.861542
3302456;70.041107;92.023178;99.995552;92.744514
3304453;70.264992;92.145676;99.998024;92.626572
3306456;70.488182;92.267265;99.999504;92.507713
3308452;70.710678;92.387947;99.999992;92.387947
3310470;70.932472;92.507721;99.999512;92.267273
3312434;71.153572;92.626572;99.998024;92.145683
3314432;71.373955;92.744507;99.995552;92.023178
3316436;71.483887;92.803131;99.993950;91.961586
3318436;71.812630;92.977646;99.987663;91.775467
3320436;72.030899;93.092842;99.982239;91.650238
3322471;72.248459;93.207100;99.975815;91.524117
3324435;72.465309;93.320465;99.968414;91.397079
3326441;72.681450;93.432892;99.960030;91.269157
3328435;72.896866;93.544403;99.950661;91.140335
3330435;73.111557;93.654991;99.940285;91.010597
3332472;73.325539;93.764648;99.928955;90.879967
3334441;73.538788;93.873390;99.916611;90.748444
3336441;73.751320;93.981194;99.903297;90.616020
3338436;73.963112;94.088074;99.888977;90.482697
3340435;74.174179;94.194031;99.873695;90.348495
3342433;74.384514;94.299049;99.857414;90.213387
3344474;74.594116;94.403145;99.840149;90.077400
3346460;74.802986;94.506310;99.821915;89.940521
3348458;75.011108;94.608536;99.802673;89.802757
3350456;75.218498;94.709831;99.782455;89.664101
3352456;75.425140;94.810188;99.761246;89.524567
3354474;75.631042;94.909622;99.739059;89.384148
3356433;75.836197;95.008102;99.715889;89.242844
3358436;76.040596;95.105652;99.691734;89.100655
3360433;76.244255;95.202263;99.666588;88.957581
3362435;76.447151;95.297935;99.640465;88.813637
3364438;76.649300;95.392662;99.613365;88.668831
3366473;76.850693;95.486450;99.585266;88.523125
3368459;77.051323;95.579300;99.556198;88.376572
3370450;77.251198;95.671204;99.526146;88.229126
3372454;77.450302;95.762161;99.495102;88.080811
3374454;77.648651;95.852180;99.463081;87.931625
3376571;77.846230;95.941246;99.430069;87.781586
3378464;78.043045;96.029373;99.396095;87.630676
3380461;78.239082;96.116539;99.361130;87.478889
3382461;78.434349;96.202766;99.325195;87.326256
3384457;78.628838;96.288040;99.288261;87.172745
3386461;78.822556;96.372368;99.250351;87.018372
3388470;79.015503;96.455742;99.211464;86.863152
3390460;79.207657;96.538162;99.171600;86.707077
3392454;79.399040;96.619629;99.130760;86.550125
3394455;79.589638;96.700150;99.088943;86.392342
3396460;79.779442;96.779701;99.046150;86.233696
3398479;79.968468;96.858307;99.002365;86.074196
3400438;80.156693;96.935966;98.957611;85.913864
3402439;80.344131;97.012650;98.911880;85.752663
3404432;80.530785;97.088394;98.865173;85.590622
3406438;80.716637;97.163162;98.817482;85.427734
3408435;80.901695;97.236992;98.768829;85.264015
3410477;81.085953;97.309845;98.719200;85.099449
3412461;81.269417;97.381744;98.668587;84.934036
3414459;81.452065;97.452682;98.617012;84.767792
3416460;81.633926;97.522659;98.564461;84.600708
3418451;81.814972;97.591667;98.510925;84.432793
3420469;81.995209;97.659721;98.456429;84.264038
3422442;82.174637;97.726807;98.400948;84.094452
3424431;82.353249;97.792923;98.344513;83.924042
3426436;82.531059;97.858086;98.287109;83.752800
3428436;82.708054;97.922279;98.228722;83.580734
3430476;82.884232;97.985497;98.169373;83.407845
3432436;83.059586;98.047760;98.109055;83.234131
3434438;83.234123;98.109039;98.047760;83.059586
3436435;83.407837;98.169365;97.985504;82.884232
3438438;83.580734;98.228722;97.922279;82.708054
3440433;83.752800;98.287102;97.858086;82.531059
3442477;83.924042;98.344513;97.792938;82.353256
3444455;84.094452;98.400948;97.726807;82.174637
3446464;84.264038;98.456421;97.659721;81.995209
3448457;84.432785;98.510925;97.591675;81.814972
3450455;84.600708;98.564453;97.522652;81.633919
3452472;84.767792;98.617004;97.452690;81.452080
3454439;84.934029;98.668587;97.381744;81.269409
3456438;85.099449;98.719193;97.309845;81.085953
3458437;85.264008;98.768829;97.236992;80.901703
3460438;85.427734;98.817482;97.163162;80.716637
3462442;85.590622;98.865166;97.088394;80.530785
3464479;85.752663;98.911873;97.012650;80.344131
3466464;85.833366;98.934868;96.974434;80.250511
3468457;86.074203;99.002365;96.858307;79.968468
3470456;86.233688;99.046135;96.779701;79.779449
3472457;86.392334;99.088936;96.700142;79.589638
3474466;86.550125;99.130753;96.619629;79.399040
3476438;86.707062;99.171600;96.538162;79.207657
3478435;86.863152;99.211464;96.455742;79.015503
3480437;87.018372;99.250343;96.372368;78.822556
3482437;87.172737;99.288254;96.288040;78.628838
3484440;87.326241;99.325180;96.202759;78.434341
3486475;87.478882;99.361122;96.116539;78.239082
3488457;87.630669;99.396095;96.029366;78.043045
3490455;87.781578;99.430069;95.941246;77.846230
3492455;87.931625;99.463081;95.852188;77.648651
3494457;88.080803;99.495094;95.762161;77.450302
3496476;88.229111;99.526131;95.671204;77.251198
3498439;88.376549;99.556190;95.579300;77.051331
3500431;88.523125;99.585266;95.486458;76.850700
3502435;88.668823;99.613358;95.392662;76.649300
3504436;88.813637;99.640465;95.297935;76.447159
3506439;88.957581;99.666595;95.202271;76.244263
3508471;89.100647;99.691734;95.105652;76.040596
3510457;89.242828;99.715881;95.008102;75.836197
3512452;89.384140;99.739059;94.909607;75.631035
3514455;89.524559;99.761246;94.810188;75.425133
3516454;89.664093;99.782448;94.709824;75.218498
3518474;89.802757;99.802666;94.608536;75.011108
3520431;89.940521;99.821907;94.506302;74.802979
3522433;90.077400;99.840149;94.403145;74.594116
3524429;90.213387;99.857414;94.299057;74.384514
3526435;90.348495;99.873695;94.194031;74.174187
3528439;90.482697;99.888977;94.088081;73.963120
3530472;90.616020;99.903290;93.981201;73.751320
3532454;90.748444;99.916611;93.873383;73.538795
3534458;90.879967;99.928947;93.764648;73.325539
3536456;91.010597;99.940292;93.654991;73.111565
3538454;91.140327;99.950661;93.544403;72.896866
3540470;91.269150;99.960030;93.432892;72.681450
3542461;91.397087;99.968422;93.320465;72.465309
3544459;91.524117;99.975822;93.207108;72.248459
3546462;91.650238;99.982239;93.092850;72.030899
3548459;91.775467;99.987663;92.977646;71.812630
3550478;91.899780;99.992104;92.861542;71.593651
3552443;92.023178;99.995560;92.744514;71.373978
3554440;92.145683;99.998024;92.626579;71.153572
3556441;92.267273;99.999512;92.507729;70.932480
3558440;92.387947;100.000000;92.387955;70.710686
3560434;92.507721;99.999504;92.267273;70.488190
3562476;92.626572;99.998024;92.145683;70.264992
3564457;92.744514;99.995552;92.023186;70.041122
3566455;92.803139;99.993950;91.961601;69.928917
3568451;92.977646;99.987663;91.775467;69.591278
3570455;93.092834;99.982231;91.650238;69.365334
3572462;93.207108;99.975815;91.524109;69.138695
3574436;93.320465;99.968422;91.397087;68.911377
3576435;93.432892;99.960030;91.269157;68.683388
3578434;93.544403;99.950653;91.140327;68.454720
3580434;93.654991;99.940292;91.010605;68.225365
3582472;93.764648;99.928947;90.879974;67.995346
3584435;93.873383;99.916611;90.748444;67.764648
3586440;93.981194;99.903297;90.616020;67.533287
3588439;94.088074;99.888992;90.482712;67.301262
3590433;94.194031;99.873695;90.348495;67.068558
3592438;94.299057;99.857414;90.213394;66.835197
3594471;94.403145;99.840157;90.077415;66.601196
3596460;94.506310;99.821907;89.940521;66.366516
3598452;94.608536;99.802673;89.802757;66.131187
3600458;94.709831;99.782455;89.664101;65.895210
3602453;94.810196;99.761246;89.524567;65.658577
3604476;94.909615;99.739059;89.384148;65.421310
3606434;95.008102;99.715889;89.242844;65.183380
3608437;95.105652;99.691734;89.100662;64.944817
3610433;95.202271;99.666595;88.957588;64.705597
3612435;95.297935;99.640472;88.813652;64.465752
3614482;95.392670;99.613365;88.668831;64.225266
3616473;95.439682;99.599434;88.596085;64.104790
3618459;95.579300;99.556198;88.376572;63.742405
3620453;95.671204;99.526146;88.229126;63.500023
3622458;95.762169;99.495102;88.080811;63.257015
3624454;95.852180;99.463081;87.931633;63.013393
3626476;95.941254;99.430084;87.781586;62.769138
3628440;96.029373;99.396095;87.630669;62.524258
3630434;96.116547;99.361130;87.478897;62.278790
3632436;96.202766;99.325188;87.326256;62.032688
3634440;96.288040;99.288261;87.172752;61.785973
3636492;96.372368;99.250351;87.018379;61.538651
3638469;96.455742;99.211464;86.863159;61.290710
3640456;96.538162;99.171608;86.707077;61.042179
3642454;96.619637;99.130760;86.550140;60.793041
3644454;96.700150;99.088943;86.392342;60.543293
3646460;96.779709;99.046150;86.233704;60.292961
3648477;96.858315;99.002365;86.074211;60.042030
3650436;96.935966;98.957611;85.913857;59.790497
3652434;97.012665;98.911880;85.752670;59.538387
3654433;97.088394;98.865173;85.590622;59.285683
3656438;97.163177;98.817490;85.427742;59.032394
3658438;97.236992;98.768837;85.264023;58.778538
3660478;97.309853;98.719200;85.099457;58.524086
3662464;97.381752;98.668594;84.934044;58.269054
3664456;97.452690;98.617020;84.767799;58.013458
3666460;97.522667;98.564461;84.600716;57.757275
3668457;97.591682;98.510933;84.432793;57.500530
3670467;97.659721;98.456429;84.264053;57.243221
3672435;97.726814;98.400970;84.094467;56.985344
3674440;97.792938;98.344513;83.924049;56.726898
3676439;97.858086;98.287109;83.752808;56.467903
3678440;97.922287;98.228722;83.580742;56.208344
3680576;97.985504;98.169365;83.407845;55.948223
3682462;98.047760;98.109055;83.234131;55.687569
3684457;98.109055;98.047768;83.059601;55.426361
3686456;98.169373;97.985504;82.884239;55.164593
3688454;98.228722;97.922287;82.708061;54.902290
3690454;98.287109;97.858086;82.531067;54.639442
3692473;98.344521;97.792938;82.353264;54.376053
3694459;98.400963;97.726807;82.174644;54.112137
3696455;98.456436;97.659729;81.995216;53.847675
3698459;98.510933;97.591675;81.814972;53.582680
3700454;98.564461;97.522667;81.633934;53.317173
3702475;98.617020;97.452690;81.452080;53.051125
3704443;98.668602;97.381744;81.269417;52.784550
3706440;98.719200;97.309853;81.085960;52.517467
3708439;98.768837;97.236992;80.901703;52.249863
3710434;98.817490;97.163170;80.716637;51.981728
3712491;98.865173;97.088402;80.530800;51.713108
3714475;98.911880;97.012657;80.344139;51.443966
3716464;98.957611;96.935966;80.156693;51.174309
3718458;99.002365;96.858322;79.968475;50.904156
3720453;99.046143;96.779709;79.779449;50.633492
3722452;99.088943;96.700150;79.589638;50.362324
3724480;99.130760;96.619637;79.399048;50.090672
3726439;99.171608;96.538162;79.207672;49.818516
3728438;99.211472;96.455742;79.015503;49.545868
3730438;99.250359;96.372375;78.822563;49.272743
3732440;99.288261;96.288040;78.628845;48.999119
3734435;99.325188;96.202759;78.434349;48.725010
3736474;99.361130;96.116547;78.239082;48.450436
3738460;99.396095;96.029373;78.043053;48.175381
3740454;99.430077;95.941246;77.846237;47.899837
3742456;99.463081;95.852188;77.648666;47.623833
3744457;99.495102;95.762161;77.450310;47.347347
3746479;99.526146;95.671204;77.251205;47.070396
3748439;99.556198;95.579300;77.051331;46.792992
3750435;99.585274;95.486450;76.850700;46.515114
3752439;99.613365;95.392670;76.649300;46.236778
3754438;99.640472;95.297935;76.447159;45.957993
3756439;99.666595;95.202271;76.244255;45.678745
3758478;99.691734;95.105652;76.040596;45.399052
3760454;99.715889;95.008102;75.836197;45.118912
3762458;99.739059;94.909607;75.631035;44.838322
3764455;99.761253;94.810188;75.425133;44.557289
3766451;99.771973;94.760132;75.321922;44.416626
3768477;99.802673;94.608536;75.011116;43.993927
3770434;99.821907;94.506302;74.802986;43.711582
3772441;99.840149;94.403145;74.594124;43.428814
3774431;99.857422;94.299057;74.384514;43.145611
3776440;99.873695;94.194031;74.174179;42.861980
3778444;99.888985;94.088074;73.963112;42.577938
3780478;99.903290;93.981194;73.751312;42.293461
3782462;99.916611;93.873383;73.538788;42.008572
3784454;99.928947;93.764648;73.325539;41.723274
3786460;99.940292;93.654984;73.111557;41.437557
3788456;99.950653;93.544403;72.896866;41.151443
3790474;99.960030;93.432892;72.681442;40.864910
3792434;99.968422;93.320465;72.465324;40.577988
3794438;99.975815;93.207115;72.248474;40.290661
3796435;99.982239;93.092850;72.030914;40.002926
3798432;99.987663;92.977646;71.812630;39.714794
3800437;99.992104;92.861542;71.593651;39.426285
3802472;99.995560;92.744514;71.373962;39.137375
3804461;99.998024;92.626572;71.153572;38.848080
3806457;99.999504;92.507721;70.932480;38.558407
3808452;100.000000;92.387947;70.710686;38.268349
3810457;99.999504;92.267265;70.488182;37.977909
3812477;99.998024;92.145691;70.264999;37.687111
3814434;99.995560;92.023186;70.041115;37.395924
3816430;99.993958;91.961594;69.928917;37.250195
3818434;99.987663;91.775467;69.591278;36.812462
3820433;99.982239;91.650246;69.365341;36.520187
3822487;99.975815;91.524117;69.138702;36.227547
3824472;99.968422;91.397095;68.911392;35.934555
3826465;99.960030;91.269150;68.683395;35.641197
3828463;99.950661;91.140327;68.454720;35.347488
3830455;99.940292;91.010597;68.225372;35.053444
3832450;99.928947;90.879967;67.995346;34.759037
3834472;99.916611;90.748444;67.764648;34.464298
3836460;99.903290;90.616020;67.533287;34.169220
3838453;99.888985;90.482704;67.301247;33.873795
3840457;99.873695;90.348495;67.068550;33.578041
3842452;99.857422;90.213402;66.835205;33.281963
3844474;99.840157;90.077408;66.601196;32.985542
3846439;99.821907;89.940521;66.366516;32.688816
3848435;99.802673;89.802757;66.131195;32.391758
3850435;99.782455;89.664108;65.895210;32.094372
3852431;99.761253;89.524567;65.658585;31.796669
3854433;99.739059;89.384148;65.421310;31.498665
3856474;99.715889;89.242836;65.183380;31.200336
3858458;99.691734;89.100655;64.944809;30.901707
3860455;99.666595;88.957588;64.705605;30.602774
3862455;99.640472;88.813652;64.465752;30.303532
3864453;99.613365;88.668831;64.225266;30.003992
3866480;99.585274;88.523132;63.984154;29.704166
3868442;99.556198;88.376564;63.742401;29.404036
3870435;99.526146;88.229126;63.500023;29.103617
3872438;99.495102;88.080811;63.257015;28.802916
3874437;99.463081;87.931633;63.013397;28.501940
3876438;99.430077;87.781578;62.769146;28.200665
3878476;99.396095;87.630669;62.524277;27.899126
3880462;99.361130;87.478897;62.278782;27.597300
3882457;99.325188;87.326248;62.032677;27.295198
3884453;99.288261;87.172745;61.785965;26.992842
3886458;99.250359;87.018379;61.538643;26.690208
3888478;99.211472;86.863152;61.290710;26.387306
3890442;99.171608;86.707077;61.042179;26.084160
3892441;99.130768;86.550133;60.793030;25.780743
3894443;99.088943;86.392342;60.543293;25.477072
3896440;99.046150;86.233704;60.292961;25.173161
3898441;99.002365;86.074203;60.042023;24.868990
3900470;98.957619;85.913864;59.790504;24.564585
3902453;98.911888;85.752670;59.538399;24.259939
3904459;98.865173;85.590630;59.285694;23.955040
3906459;98.817497;85.427750;59.032398;23.649906
3908457;98.768837;85.264023;58.778538;23.344549
3910471;98.719200;85.099449;58.524078;23.038950
3912437;98.668602;84.934044;58.269054;22.733126
3914436;98.617020;84.767799;58.013458;22.427086
3916436;98.590866;84.684357;57.885437;22.273979
3918436;98.510933;84.432793;57.500530;21.814325
3920436;98.456436;84.264046;57.243221;21.507629
3922470;98.400970;84.094467;56.985336;21.200716
3924457;98.344521;83.924042;56.726898;20.893587
3926461;98.287109;83.752808;56.467896;20.586267
3928459;98.228729;83.580742;56.208347;20.278742
3930453;98.169380;83.407852;55.948238;19.971018
3932471;98.109055;83.234131;55.687569;19.663084
3934431;98.047768;83.059601;55.426361;19.354956
3936436;97.985512;82.884247;55.164604;19.046650
3938435;97.922287;82.708061;54.902290;18.738142
3940437;97.858093;82.531067;54.639442;18.429453
3942490;97.792938;82.353271;54.376060;18.120592
3944470;97.726814;82.174644;54.112137;17.811539
3946463;97.659729;81.995216;53.847672;17.502310
3948458;97.591682;81.814972;53.582687;17.192921
3950457;97.522667;81.633926;53.317165;16.883350
3952453;97.452690;81.452065;53.051113;16.573614
3954474;97.381760;81.269424;52.784573;16.263739
3956440;97.309860;81.085968;52.517479;15.953675
3958436;97.237000;80.901703;52.249866;15.643456
3960440;97.163185;80.716660;51.981747;15.333097
3962437;97.088402;80.530800;51.713108;15.022573
3964477;97.012665;80.344139;51.443958;14.711899
3966438;96.935974;80.156708;51.174313;14.401093
3968435;96.858322;79.968468;50.904156;14.090136
3970438;96.779716;79.779449;50.633492;13.779037
3972431;96.700157;79.589638;50.362331;13.467813
3974441;96.619637;79.399040;50.090672;13.156446
3976483;96.538170;79.207664;49.818512;12.844947
3978460;96.455750;79.015503;49.545876;12.533334
3980460;96.372375;78.822563;49.272739;12.221585
3982462;96.288048;78.628853;48.999126;11.909729
3984454;96.202774;78.434357;48.725025;11.597755
3986475;96.116547;78.239090;48.450439;11.285654
3988443;96.029373;78.043045;48.175385;10.973442
3990438;95.941254;77.846245;47.899849;10.661134
3992433;95.852188;77.648659;47.623833;10.348704
3994436;95.762169;77.450310;47.347347;10.036180
3996434;95.671211;77.251205;47.070408;9.723562
3998478;95.579308;77.051331;46.792992;9.410843
4000434;95.486458;76.850693;46.515114;9.098026
4002438;95.392670;76.649307;46.236782;8.785131
4004435;95.297935;76.447159;45.957989;8.472138
4006439;95.202271;76.244255;45.678745;8.159065
4008441;95.105659;76.040611;45.399071;7.845932
4010478;95.008110;75.836205;45.118923;7.532695
4012460;94.909622;75.631042;44.838333;7.219386
4014455;94.810196;75.425148;44.557308;6.906024
4016461;94.709839;75.218498;44.275837;6.592572
4018455;94.608536;75.011108;43.993927;6.279058
4020474;94.506317;74.802986;43.711590;5.965498
4022452;94.403152;74.594124;43.428814;5.651865
4024457;94.299057;74.384514;43.145607;5.338177
4026459;94.194038;74.174187;42.861984;5.024442
4028452;94.088081;73.963112;42.577942;4.710653
4030477;93.981201;73.751312;42.293465;4.396817
4032433;93.873390;73.538795;42.008579;4.082945
4034440;93.764648;73.325531;41.723274;3.769022
4036440;93.654999;73.111565;41.437565;3.455079
4038438;93.544411;72.896873;41.151451;3.141096
4040434;93.432907;72.681458;40.864925;2.827072
4042476;93.320465;72.465317;40.577984;2.513018
4044457;93.207123;72.248474;40.290661;2.198956
4046461;93.092850;72.030914;40.002926;1.884857
4048457;92.977646;71.812630;39.714794;1.570734
4050453;92.861542;71.593651;39.426285;1.256618
4052473;92.744514;71.373962;39.137375;0.942472
4054437;92.626579;71.153572;38.848080;0.628316
4056437;92.507729;70.932480;38.558407;0.314170
4058439;92.387955;70.710686;38.268349;0.000003
4060432;92.267273;70.488182;37.977909;-0.314158
4062486;92.145691;70.265015;37.687119;-0.628296
4064474;92.023193;70.041122;37.395935;-0.942451
4066464;91.961601;69.928917;37.250202;-1.099524
4068458;91.775475;69.591293;36.812473;-1.570714
4070455;91.650246;69.365334;36.520187;-1.884833
4072456;91.524117;69.138702;36.227539;-2.198935
4074476;91.397095;68.911392;35.934551;-2.512994
4076439;91.269157;68.683388;35.641197;-2.827048
4078438;91.140327;68.454712;35.347485;-3.141072
4080435;91.010597;68.225365;35.053440;-3.455052
4082435;90.879974;67.995338;34.759037;-3.769013
4084474;90.748444;67.764641;34.464287;-4.082933
4086438;90.616020;67.533279;34.169209;-4.396814
4088430;90.482712;67.301262;33.873806;-4.710629
4090435;90.348503;67.068558;33.578049;-5.024421
4092438;90.213394;66.835197;33.281956;-5.338165
4094438;90.077415;66.601196;32.985558;-5.651832
4096474;89.940529;66.366516;32.688820;-5.965466
4098462;89.802765;66.131195;32.391754;-6.279037
4100461;89.664108;65.895210;32.094372;-6.592551
4102459;89.524567;65.658585;31.796669;-6.906000
4104456;89.384140;65.421288;31.498646;-7.219380
4106478;89.242844;65.183388;31.200344;-7.532662
4108438;89.100662;64.944809;30.901712;-7.845893
4110435;88.957588;64.705605;30.602774;-8.159054
4112436;88.813644;64.465752;30.303530;-8.472127
4114442;88.668823;64.225258;30.003986;-8.785120
4116434;88.523125;63.984138;29.704151;-9.098026
4118475;88.376564;63.742405;29.404041;-9.410816
4120458;88.229126;63.500023;29.103624;-9.723544
4122456;88.080811;63.257015;28.802916;-10.036167
4124458;87.931625;63.013382;28.501923;-10.348699
4126460;87.781578;62.769127;28.200649;-10.661122
4128475;87.630661;62.524254;27.899096;-10.973445
4130434;87.478897;62.278793;27.597311;-11.285609
4132434;87.326256;62.032688;27.295212;-11.597711
4134435;87.172745;61.785973;26.992849;-11.909697
4136434;87.018379;61.538643;26.690207;-12.221569
4138433;86.863152;61.290707;26.387314;-12.533316
4140480;86.707069;61.042168;26.084152;-12.844941
4142459;86.550140;60.793041;25.780758;-13.156411
4144458;86.392349;60.543297;25.477087;-13.467783
4146457;86.233696;60.292961;25.173164;-13.779020
4148457;86.074203;60.042023;24.868988;-14.090117
4150476;85.913857;59.790497;24.564579;-14.401073
4152434;85.752663;59.538376;24.259922;-14.711893
4154436;85.590630;59.285690;23.955044;-15.022543
4156441;85.427750;59.032406;23.649914;-15.333065
4158434;85.264015;58.778526;23.344538;-15.643438
4160440;85.099449;58.524071;23.038942;-15.953657
4162475;84.934029;58.269035;22.733120;-16.263720
4164457;84.767799;58.013458;22.427092;-16.573593
4166459;84.600708;57.757271;22.120815;-16.883335
4168455;84.432793;57.500523;21.814325;-17.192904
4170453;84.264038;57.243210;21.507627;-17.502302
4172466;84.264038;56.985329;21.200708;-17.811531
4174433;83.924034;56.726883;20.893579;-18.120584
4176432;83.752808;56.467896;20.586267;-18.429432
4178436;83.580734;56.208336;20.278728;-18.738127
4180436;83.407845;55.948223;19.970995;-19.046635
4182438;83.234116;55.687546;19.663059;-19.354958
4184472;83.059601;55.426361;19.354959;-19.663054
4186464;82.884232;55.164593;19.046640;-19.970985
4188459;82.708069;54.902302;18.738163;-20.278698
4190457;82.531075;54.639454;18.429466;-20.586231
4192455;82.353271;54.376064;18.120592;-20.893570
4194475;82.174644;54.112137;17.811541;-21.200699
4196462;81.995216;53.847672;17.502312;-21.507614
4198459;81.814972;53.582680;17.192913;-21.814323
4200455;81.633934;53.317177;16.883364;-22.120789
4202459;81.452087;53.051140;16.573631;-22.427052
4204466;81.269424;52.784561;16.263733;-22.733107
4206439;81.085960;52.517467;15.953669;-23.038933
4208434;80.901703;52.249855;15.643451;-23.344532
4210432;80.716637;51.981735;15.333075;-23.649895
4212434;80.530800;51.713108;15.022582;-23.955011
4214434;80.344147;51.443958;14.711899;-24.259911
4216474;80.250511;51.309185;14.556500;-24.412281
4218458;79.968468;50.904148;14.090130;-24.868980
4220456;79.779449;50.633484;13.779029;-25.173155
4222460;79.589630;50.362312;13.467794;-25.477079
4224460;79.399048;50.090675;13.156450;-25.780720
4226472;79.207664;49.818516;12.844944;-26.084148
4228437;79.015503;49.545868;12.533325;-26.387304
4230445;78.822556;49.272732;12.221578;-26.690197
4232437;78.628838;48.999107;11.909712;-26.992836
4234437;78.434341;48.724998;11.597720;-27.295208
4236480;78.239082;48.450428;11.285645;-27.597279
4238437;78.043053;48.175388;10.973456;-27.899086
4240439;77.846237;47.899841;10.661134;-28.200638
4242437;77.648666;47.623837;10.348713;-28.501907
4244433;77.450310;47.347347;10.036182;-28.802904
4246435;77.251205;47.070400;9.723559;-29.103613
4248474;77.051338;46.793003;9.410858;-29.404005
4250457;76.850708;46.515125;9.098044;-29.704136
4252459;76.649315;46.236790;8.785141;-30.003971
4254457;76.447166;45.958000;8.472151;-30.303514
4256458;76.244263;45.678749;8.159068;-30.602753
4258469;76.040604;45.399052;7.845914;-30.901691
4260434;75.836205;45.118923;7.532701;-31.200310
4262434;75.631050;44.838337;7.219398;-31.498632
4264436;75.425148;44.557304;6.906014;-31.796652
4266439;75.218498;44.275829;6.592566;-32.094349
4268434;75.011108;43.993919;6.279051;-32.391739
4270473;74.802986;43.711578;5.965483;-32.688805
4272457;74.594131;43.428822;5.651874;-32.985523
4274455;74.384521;43.145615;5.338177;-33.281940
4276454;74.174179;42.861980;5.024439;-33.578033
4278455;73.963112;42.577927;4.710648;-33.873783
4280473;73.751305;42.293449;4.396805;-34.169216
4282436;73.538780;42.008564;4.082927;-34.464298
4284433;73.325546;41.723282;3.769028;-34.759022
4286431;73.111565;41.437565;3.455070;-35.053429
4288437;72.896866;41.151432;3.141072;-35.347485
4290476;72.681442;40.864899;2.827048;-35.641193
4292435;72.465324;40.577991;2.513024;-35.934528
4294442;72.248474;40.290649;2.198946;-36.227531
4296439;72.030922;40.002934;1.884872;-36.520153
4298437;71.812645;39.714806;1.570749;-36.812435
4300432;71.593658;39.426289;1.256624;-37.104355
4302478;71.373962;39.137371;0.942469;-37.395912
4304435;71.153572;38.848080;0.628319;-37.687092
4306435;70.932480;38.558411;0.314179;-37.977890
4308438;70.710686;38.268360;0.000021;-38.268318
4310437;70.488205;37.977928;-0.314134;-38.558380
4312473;70.265007;37.687115;-0.628302;-38.848061
4314428;70.041122;37.395927;-0.942454;-39.137352
4316439;69.928932;37.250214;-1.099509;-39.281845
4318436;69.591293;36.812477;-1.570705;-39.714764
4320434;69.365349;36.520195;-1.884821;-40.002899
4322433;69.138702;36.227551;-2.198920;-40.290627
4324474;68.911385;35.934551;-2.513000;-40.577961
4326446;68.683395;35.641193;-2.827048;-40.864899
4328441;68.454712;35.347485;-3.141072;-41.151432
4330432;68.225380;35.053452;-3.455046;-41.437538
4332436;67.995354;34.759048;-3.769004;-41.723259
4334442;67.764648;34.464298;-4.082927;-42.008564
4336474;67.533287;34.169216;-4.396805;-42.293449
4338463;67.301247;33.873783;-4.710648;-42.577927
4340456;67.068550;33.578033;-5.024439;-42.861980
4342457;66.835213;33.281963;-5.338153;-43.145592
4344455;66.601196;32.985546;-5.651844;-43.428795
4346470;66.366539;32.688831;-5.965453;-43.711548
4348439;66.131203;32.391762;-6.279027;-43.993896
4350436;65.895226;32.094379;-6.592542;-44.275810
4352435;65.658585;31.796677;-6.905991;-44.557278
4354439;65.421318;31.498680;-7.219350;-44.838291
4356493;65.183395;31.200352;-7.532653;-45.118885
4358469;64.944824;30.901718;-7.845891;-45.399029
4360455;64.705612;30.602779;-8.159044;-45.678722
4362461;64.465759;30.303537;-8.472117;-45.957973
4364455;64.225273;30.003998;-8.785110;-46.236767
4366455;64.104805;29.854128;-8.941561;-46.375977
4368476;63.742416;29.404053;-9.410808;-46.792961
4370440;63.500034;29.103630;-9.723532;-47.070374
4372439;63.257027;28.802925;-10.036159;-47.347328
4374432;63.013393;28.501928;-10.348690;-47.623817
4376438;62.769138;28.200663;-10.661110;-47.899830
4378438;62.524284;27.899132;-10.973414;-48.175350
4380474;62.278790;27.597301;-11.285621;-48.450417
4382460;62.032688;27.295208;-11.597720;-48.724998
4384454;61.785965;26.992836;-11.909712;-48.999107
4386457;61.538635;26.690197;-12.221578;-49.272732
4388460;61.290707;26.387304;-12.533325;-49.545868
4390476;61.042183;26.084164;-12.844926;-49.818497
4392437;60.793037;25.780746;-13.156425;-50.090652
4394432;60.543293;25.477079;-13.467794;-50.362312
4396440;60.292953;25.173155;-13.779029;-50.633484
4398437;60.042034;24.869003;-14.090106;-50.904125
4400433;59.790508;24.564589;-14.401063;-51.174282
4402470;59.538414;24.259958;-14.711854;-51.443916
4404461;59.285706;23.955055;-15.022528;-51.713074
4406455;59.032417;23.649925;-15.333054;-51.981712
4408455;58.778542;23.344555;-15.643424;-52.249836
4410458;58.524086;23.038956;-15.953645;-52.517448
4412476;58.269054;22.733131;-16.263708;-52.784538
4414433;58.013470;22.427105;-16.573584;-53.051090
4416439;57.757290;22.120827;-16.883322;-53.317142
4418435;57.500542;21.814341;-17.192888;-53.582657
4420437;57.243221;21.507639;-17.502293;-53.847652
4422436;56.985344;21.200720;-17.811516;-54.112114
4424469;56.726898;20.893589;-18.120565;-54.376041
4426460;56.467915;20.586285;-18.429419;-54.639404
4428457;56.208355;20.278749;-18.738115;-54.902267
4430455;55.948238;19.971016;-19.046616;-55.164570
4432452;55.687569;19.663080;-19.354939;-55.426334
4434474;55.426353;19.354958;-19.663059;-55.687546
4436438;55.164589;19.046635;-19.970995;-55.948223
4438437;54.902298;18.738152;-20.278704;-56.208313
4440434;54.639446;18.429459;-20.586246;-56.467880
4442435;54.376053;18.120584;-20.893579;-56.726883
4444433;54.112125;17.811531;-21.200708;-56.985329
4446479;53.847664;17.502302;-21.507627;-57.243210
4448462;53.582676;17.192904;-21.814325;-57.500523
4450454;53.317173;16.883356;-22.120792;-57.757252
4452455;53.051144;16.573643;-22.427044;-58.013409
4454458;52.784573;16.263744;-22.733089;-58.269016
4456473;52.517479;15.953681;-23.038923;-58.524059
4458442;52.249874;15.643465;-23.344513;-58.778507
4460437;51.981766;15.333113;-23.649860;-59.032356
4462437;51.713127;15.022593;-23.954996;-59.285652
4464440;51.443977;14.711916;-24.259892;-59.538357
4466602;51.174320;14.401102;-24.564548;-59.790474
4468455;50.904156;14.090138;-24.868971;-60.042007
4470457;50.633492;13.779041;-25.173140;-60.292934
4472454;50.362350;13.467834;-25.477034;-60.543259
4474452;50.090683;13.156462;-25.780710;-60.793007
4476460;49.818527;12.844962;-26.084126;-61.042149
4478471;49.545879;12.533340;-26.387287;-61.290688
4480442;49.272743;12.221586;-26.690191;-61.538624
4482428;48.999119;11.909720;-26.992821;-61.785954
4484431;48.725033;11.597758;-27.295170;-62.032646
4486438;48.450447;11.285657;-27.597269;-62.278759
4488438;48.175381;10.973445;-27.899096;-62.524254
4490479;47.899837;10.661122;-28.200649;-62.769127
4492462;47.623821;10.348699;-28.501923;-63.013382
4494460;47.347336;10.036167;-28.802916;-63.257015
4496460;47.070408;9.723565;-29.103598;-63.500004
4498454;46.792992;9.410840;-29.404020;-63.742386
4500471;46.515114;9.098026;-29.704151;-63.984138
4502460;46.236778;8.785120;-30.003986;-64.225258
4504460;45.957981;8.472127;-30.303530;-64.465752
4506460;45.678757;8.159074;-30.602747;-64.705582
4508453;45.399082;7.845944;-30.901661;-64.944778
4510580;45.118935;7.532710;-31.200302;-65.183350
4512462;44.838341;7.219398;-31.498632;-65.421280
4514452;44.557308;6.906021;-31.796642;-65.658554
4516462;44.416637;6.749320;-31.945524;-65.776947
4518459;43.993927;6.279060;-32.391731;-66.131172
4520454;43.711601;5.965510;-32.688774;-66.366493
4522474;43.428825;5.651879;-32.985516;-66.601166
4524437;43.145622;5.338186;-33.281940;-66.835190
4526439;42.861992;5.024448;-33.578022;-67.068542
4528435;42.577938;4.710653;-33.873783;-67.301239
4530433;42.293461;4.396814;-34.169209;-67.533279
4532581;42.008595;4.082960;-34.464268;-67.764626
4534463;41.723286;3.769034;-34.759018;-67.995323
4536459;41.437569;3.455076;-35.053421;-68.225357
4538459;41.151443;3.141084;-35.347481;-68.454704
4540454;40.864910;2.827060;-35.641186;-68.683388
4542455;40.577976;2.513006;-35.934536;-68.911377
4544467;40.290661;2.198952;-36.227520;-69.138680
4546465;40.002926;1.884854;-36.520164;-69.365318
4548458;39.714794;1.570740;-36.812447;-69.591270
4550453;39.426277;1.256606;-37.104370;-69.816536
4552454;39.137363;0.942460;-37.395924;-70.041122
4554470;38.848068;0.628307;-37.687107;-70.264999
4556445;38.558411;0.314173;-37.977894;-70.488174
4558437;38.268349;0.000003;-38.268337;-70.710670
4560441;37.977936;-0.314134;-38.558376;-70.932457
4562438;37.687119;-0.628296;-38.848057;-71.153549
4564436;37.395935;-0.942451;-39.137356;-71.373947
4566476;37.250214;-1.099512;-39.281841;-71.483871
4568460;36.812485;-1.570702;-39.714760;-71.812607
4570453;36.520203;-1.884821;-40.002888;-72.030891
4572456;36.227558;-2.198917;-40.290623;-72.248444
4574454;35.934555;-2.512994;-40.577961;-72.465302
4576467;35.641201;-2.827045;-40.864895;-72.681442
4578444;35.347488;-3.141069;-41.151432;-72.896858
4580436;35.053455;-3.455037;-41.437531;-73.111542
4582438;34.759052;-3.768998;-41.723251;-73.325523
4584442;34.464306;-4.082921;-42.008560;-73.538773
4586439;34.169220;-4.396802;-42.293449;-73.751305
4588474;33.873795;-4.710641;-42.577927;-73.963104
4590460;33.578037;-5.024433;-42.861973;-74.174171
4592455;33.281975;-5.338147;-43.145584;-74.384499
4594458;32.985558;-5.651837;-43.428791;-74.594101
4596459;32.688812;-5.965474;-43.711567;-74.802971
4598478;32.391747;-6.279048;-43.993919;-75.011108
4600441;32.094360;-6.592563;-44.275822;-75.218491
4602435;31.796658;-6.906009;-44.557301;-75.425133
4604432;31.498665;-7.219368;-44.838310;-75.631035
4606441;31.200336;-7.532674;-45.118904;-75.836182
4608467;30.901703;-7.845905;-45.399048;-76.040596
4610440;30.602762;-8.159065;-45.678745;-76.244255
4612439;30.303522;-8.472138;-45.957989;-76.447159
4614436;30.004025;-8.785087;-46.236748;-76.649277
4616437;29.704189;-9.097987;-46.515083;-76.850670
4618437;29.404058;-9.410808;-46.792953;-77.051308
4620480;29.103638;-9.723529;-47.070374;-77.251183
4622459;28.802931;-10.036156;-47.347324;-77.450294
4624458;28.501940;-10.348683;-47.623806;-77.648636
4626458;28.200689;-10.661083;-47.899803;-77.846207
4628454;27.899137;-10.973406;-48.175343;-78.043022
4630477;27.597309;-11.285618;-48.450409;-78.239067
4632438;27.295212;-11.597720;-48.724998;-78.434334
4634436;26.992840;-11.909707;-48.999107;-78.628838
4636437;26.690207;-12.221572;-49.272728;-78.822556
4638437;26.387331;-12.533298;-49.545849;-79.015488
4640440;26.084169;-12.844925;-49.818493;-79.207649
4642474;25.780756;-13.156420;-50.090645;-79.399025
4644455;25.477085;-13.467787;-50.362309;-79.589630
4646459;25.173161;-13.779023;-50.633476;-79.779442
4648457;24.868990;-14.090122;-50.904137;-79.968468
4650454;24.564596;-14.401060;-51.174282;-80.156693
4652477;24.259939;-14.711875;-51.443939;-80.344131
4654434;23.955040;-15.022551;-51.713093;-80.530785
4656437;23.649906;-15.333073;-51.981735;-80.716637
4658438;23.344538;-15.643446;-52.249863;-80.901703
4660436;23.038939;-15.953666;-52.517475;-81.085968
4662435;22.733135;-16.263700;-52.784538;-81.269402
4664477;22.427086;-16.573605;-53.051113;-81.452065
4666467;22.273966;-16.728504;-53.184212;-81.543106
4668459;21.814348;-17.192888;-53.582661;-81.814957
4670456;21.507641;-17.502291;-53.847660;-81.995201
4672453;21.200726;-17.811514;-54.112114;-82.174637
4674470;20.893621;-18.120544;-54.376019;-82.353241
4676436;20.586288;-18.429419;-54.639412;-82.531052
4678438;20.278751;-18.738110;-54.902260;-82.708046
4680435;19.971016;-19.046616;-55.164574;-82.884224
4682434;19.663082;-19.354937;-55.426342;-83.059586
4684443;19.354956;-19.663063;-55.687557;-83.234123
4686475;19.046659;-19.970972;-55.948204;-83.407822
4688454;18.738153;-20.278708;-56.208317;-83.580727
4690458;18.429462;-20.586243;-56.467880;-83.752792
4692459;18.120588;-20.893579;-56.726883;-83.924042
4694456;17.811537;-21.200703;-56.985329;-84.094452
4696477;17.502310;-21.507622;-57.243217;-84.264038
4698439;17.192932;-21.814304;-57.500511;-84.432777
4700434;16.883362;-22.120792;-57.757259;-84.600700
4702435;16.573624;-22.427063;-58.013432;-84.767784
4704437;16.263723;-22.733116;-58.269035;-84.934029
4706437;15.953663;-23.038940;-58.524071;-85.099449
4708479;15.643445;-23.344540;-58.778530;-85.264015
4710456;15.333096;-23.649883;-59.032379;-85.427734
4712458;15.022570;-23.955019;-59.285675;-85.590622
4714457;14.711897;-24.259918;-59.538376;-85.752663
4716461;14.401080;-24.564575;-59.790497;-85.913864
4718470;14.090120;-24.868992;-60.042023;-86.074203
4720442;13.779022;-25.173164;-60.292965;-86.233704
4722437;13.467834;-25.477039;-60.543262;-86.392319
4724436;13.156466;-25.780708;-60.793007;-86.550117
4726435;12.844968;-26.084126;-61.042149;-86.707054
4728488;12.533342;-26.387287;-61.290688;-86.863136
4730466;12.221595;-26.690186;-61.538624;-87.018364
4732457;11.909726;-26.992821;-61.785950;-87.172737
4734453;11.597764;-27.295166;-62.032654;-87.326225
4736462;11.285663;-27.597263;-62.278759;-87.478874
4738459;10.973451;-27.899092;-62.524246;-87.630653
4740470;10.661130;-28.200644;-62.769127;-87.781570
4742458;10.348703;-28.501919;-63.013382;-87.931625
4744454;10.036177;-28.802908;-63.257008;-88.080803
4746455;9.723573;-29.103596;-63.500000;-88.229111
4748457;9.410850;-29.404015;-63.742382;-88.376549
4750474;9.098034;-29.704147;-63.984138;-88.523117
4752440;8.785129;-30.003983;-64.225258;-88.668823
4754439;8.472136;-30.303522;-64.465752;-88.813644
4756436;8.159060;-30.602764;-64.705597;-88.957588
4758437;7.845928;-30.901682;-64.944786;-89.100639
4760432;7.532693;-31.200317;-65.183357;-89.242828
4762475;7.219385;-31.498644;-65.421288;-89.384132
4764439;6.906006;-31.796661;-65.658577;-89.524559
4766439;6.592558;-32.094364;-65.895203;-89.664101
4768437;6.279069;-32.391727;-66.131172;-89.802750
4770440;5.965495;-32.688789;-66.366501;-89.940521
4772473;5.651861;-32.985531;-66.601181;-90.077393
4774434;5.338172;-33.281952;-66.835197;-90.213394
4776442;5.024454;-33.578022;-67.068542;-90.348488
4778440;4.710662;-33.873775;-67.301239;-90.482697
4780435;4.396848;-34.169178;-67.533249;-90.615997
4782437;4.082967;-34.464264;-67.764626;-90.748428
4784471;3.769045;-34.759010;-67.995323;-90.879951
4786461;3.455086;-35.053410;-68.225342;-91.010582
4788460;3.141093;-35.347469;-68.454697;-91.140312
4790457;2.827068;-35.641174;-68.683372;-91.269150
4792456;2.513040;-35.934509;-68.911354;-91.397072
4794471;2.198963;-36.227512;-69.138680;-91.524109
4796440;1.884865;-36.520157;-69.365318;-91.650238
4798434;1.570747;-36.812439;-69.591263;-91.775452
4800435;1.256615;-37.104359;-69.816528;-91.899773
4802441;0.942470;-37.395916;-70.041107;-92.023178
4804440;0.628339;-37.687077;-70.264977;-92.145668
4806474;0.314179;-37.977890;-70.488167;-92.267265
4808457;0.000015;-38.268326;-70.710663;-92.387947
4810454;-0.314149;-38.558388;-70.932457;-92.507706
4812459;-0.628309;-38.848068;-71.153564;-92.626572
4814453;-0.942463;-39.137367;-71.373955;-92.744514
4816472;-1.099525;-39.281860;-71.483887;-92.803139
4818450;-1.570717;-39.714775;-71.812614;-92.977646
4820433;-1.884835;-40.002903;-72.030899;-93.092834
4822434;-2.198933;-40.290638;-72.248459;-93.207100
4824438;-2.513010;-40.577976;-72.465309;-93.320457
4826493;-2.827062;-40.864910;-72.681442;-93.432892
4828471;-3.141062;-41.151421;-72.896858;-93.544403
4830459;-3.455031;-41.437523;-73.111534;-93.654976
4832461;-3.768990;-41.723244;-73.325516;-93.764641
4834454;-4.082912;-42.008553;-73.538765;-93.873375
4836459;-4.396794;-42.293446;-73.751297;-93.981186
4838471;-4.710632;-42.577915;-73.963097;-94.088074
4840436;-5.024400;-42.861950;-74.174156;-94.194016
4842433;-5.338142;-43.145580;-74.384491;-94.299042
4844439;-5.651831;-43.428783;-74.594101;-94.403137
4846441;-5.965465;-43.711559;-74.802963;-94.506294
4848431;-6.279039;-43.993904;-75.011101;-94.608528
4850470;-6.592552;-44.275818;-75.218491;-94.709824
4852461;-6.905976;-44.557266;-75.425125;-94.810181
4854456;-7.219356;-44.838303;-75.631020;-94.909599
4856456;-7.532664;-45.118896;-75.836182;-95.008095
4858455;-7.845898;-45.399040;-76.040588;-95.105652
4860474;-8.159054;-45.678734;-76.244247;-95.202263
4862437;-8.472131;-45.957985;-76.447151;-95.297935
4864440;-8.785099;-46.236755;-76.649284;-95.392654
4866438;-9.098004;-46.515091;-76.850685;-95.486443
4868437;-9.410820;-46.792969;-77.051315;-95.579300
4870472;-9.723543;-47.070389;-77.251198;-95.671204
4872438;-10.036171;-47.347336;-77.450302;-95.762161
4874439;-10.348699;-47.623825;-77.648651;-95.852180
4876435;-10.661099;-47.899818;-77.846214;-95.941238
4878435;-10.973421;-48.175358;-78.043030;-96.029358
4880433;-11.285633;-48.450424;-78.239075;-96.116547
4882472;-11.597733;-48.725014;-78.434349;-96.202766
4884463;-11.909697;-48.999100;-78.628830;-96.288040
4886453;-12.221565;-49.272720;-78.822556;-96.372368
4888450;-12.533291;-49.545841;-79.015480;-96.455734
4890454;-12.844914;-49.818485;-79.207649;-96.538147
4892481;-13.156412;-50.090641;-79.399025;-96.619621
4894441;-13.467780;-50.362301;-79.589622;-96.700134
4896433;-13.779016;-50.633465;-79.779442;-96.779709
4898438;-14.090115;-50.904129;-79.968460;-96.858307
4900437;-14.401050;-51.174271;-80.156677;-96.935959
4902581;-14.711868;-51.443935;-80.344131;-97.012650
4904462;-15.022542;-51.713085;-80.530777;-97.088394
4906456;-15.333065;-51.981724;-80.716637;-97.163170
4908460;-15.643438;-52.249847;-80.901695;-97.236992
4910456;-15.953633;-52.517437;-81.085945;-97.309845
4912456;-16.263695;-52.784531;-81.269402;-97.381744
4914473;-16.573595;-53.051102;-81.452057;-97.452682
4916460;-16.883331;-53.317154;-81.633911;-97.522659
4918457;-17.192902;-53.582676;-81.814972;-97.591682
4920455;-17.502304;-53.847664;-81.995216;-97.659721
4922459;-17.811506;-54.112106;-82.174622;-97.726807
4924475;-18.120560;-54.376038;-82.353249;-97.792938
4926442;-18.429432;-54.639423;-82.531059;-97.858086
4928440;-18.738123;-54.902275;-82.708054;-97.922279
4930430;-19.046631;-55.164581;-82.884232;-97.985504
4932436;-19.354950;-55.426346;-83.059601;-98.047760
4934434;-19.663054;-55.687546;-83.234116;-98.109047
4936475;-19.970985;-55.948215;-83.407845;-98.169373
4938459;-20.278700;-56.208313;-83.580719;-98.228714
4940463;-20.586235;-56.467880;-83.752785;-98.287109
4942455;-20.893570;-56.726879;-83.924034;-98.344513
4944459;-21.200695;-56.985317;-84.094452;-98.400963
4946477;-21.507589;-57.243179;-84.264023;-98.456421
4948436;-21.814295;-57.500500;-84.432777;-98.510925
4950436;-22.120785;-57.757252;-84.600700;-98.564461
4952439;-22.427057;-58.013428;-84.767784;-98.617004
4954436;-22.733107;-58.269035;-84.934036;-98.668594
4956438;-23.038933;-58.524067;-85.099449;-98.719200
4958479;-23.344507;-58.778500;-85.264000;-98.768829
4960461;-23.649876;-59.032375;-85.427734;-98.817490
4962457;-23.955011;-59.285664;-85.590622;-98.865173
4964452;-24.259909;-59.538376;-85.752655;-98.911880
4966463;-24.412256;-59.664501;-85.833359;-98.934868
4968471;-24.868984;-60.042023;-86.074203;-99.002365
4970435;-25.173134;-60.292934;-86.233688;-99.046143
4972432;-25.477055;-60.543274;-86.392334;-99.088936
4974436;-25.780725;-60.793018;-86.550125;-99.130760
4976431;-26.084143;-61.042168;-86.707069;-99.171600
4978432;-26.387300;-61.290707;-86.863152;-99.211464
4980477;-26.690201;-61.538635;-87.018379;-99.250359
4982458;-26.992813;-61.785950;-87.172737;-99.288254
4984456;-27.295181;-62.032665;-87.326241;-99.325188
4986460;-27.597281;-62.278770;-87.478889;-99.361130
4988461;-27.899107;-62.524258;-87.630669;-99.396095
4990476;-28.200659;-62.769138;-87.781586;-99.430084
4992439;-28.501909;-63.013374;-87.931618;-99.463074
4994434;-28.802877;-63.256992;-88.080803;-99.495102
4996439;-29.103586;-63.500000;-88.229111;-99.526138
4998433;-29.404009;-63.742382;-88.376556;-99.556198
5000440;-29.704138;-63.984131;-88.523117;-99.585266
5002470;-30.003973;-64.225258;-88.668816;-99.613365
5004460;-30.303516;-64.465736;-88.813637;-99.640472
5006455;-30.602736;-64.705574;-88.957573;-99.666580
5008454;-30.901674;-64.944778;-89.100639;-99.691727
5010453;-31.200310;-65.183350;-89.242828;-99.715889
5012475;-31.498638;-65.421280;-89.384140;-99.739059
5014464;-31.796652;-65.658562;-89.524559;-99.761238
5016464;-32.094357;-65.895203;-89.664101;-99.782455
5018454;-32.391720;-66.131165;-89.802742;-99.802673
5020456;-32.688786;-66.366501;-89.940521;-99.821899
5022454;-32.985527;-66.601166;-90.077393;-99.840149
5024472;-33.281944;-66.835190;-90.213387;-99.857414
5026460;-33.578033;-67.068550;-90.348495;-99.873695
5028461;-33.873791;-67.301247;-90.482704;-99.888985
5030456;-34.169189;-67.533264;-90.616013;-99.903290
5032456;-34.464279;-67.764626;-90.748436;-99.916611
5034473;-34.759026;-67.995331;-90.879967;-99.928947
5036434;-35.053425;-68.225357;-91.010597;-99.940285
5038437;-35.347485;-68.454712;-91.140327;-99.950661
5040431;-35.641193;-68.683388;-91.269157;-99.960030
5042436;-35.934525;-68.911377;-91.397079;-99.968422
5044433;-36.227528;-69.138687;-91.524109;-99.975815
5046475;-36.520149;-69.365311;-91.650238;-99.982231
5048464;-36.812435;-69.591263;-91.775452;-99.987671
5050457;-37.104355;-69.816528;-91.899780;-99.992104
5052453;-37.395885;-70.041084;-92.023170;-99.995552
5054455;-37.687073;-70.264969;-92.145668;-99.998024
5056481;-37.977882;-70.488167;-92.267265;-99.999504
5058442;-38.268322;-70.710663;-92.387939;-100.000000
5060437;-38.558380;-70.932457;-92.507713;-99.999504
5062440;-38.848064;-71.153557;-92.626572;-99.998024
5064435;-39.137337;-71.373932;-92.744499;-99.995552
5066438;-39.281853;-71.483871;-92.803131;-99.993950
5068475;-39.714767;-71.812614;-92.977646;-99.987663
5070461;-40.002899;-72.030891;-93.092827;-99.982231
5072454;-40.290634;-72.248459;-93.207108;-99.975822
5074456;-40.577969;-72.465309;-93.320465;-99.968422
5076462;-40.864883;-72.681427;-93.432884;-99.960037
5078479;-41.151417;-72.896851;-93.544395;-99.950653
5080439;-41.437542;-73.111549;-93.654984;-99.940300
5082444;-41.723259;-73.325523;-93.764641;-99.928940
5084441;-42.008568;-73.538780;-93.873375;-99.916611
5086434;-42.293461;-73.751305;-93.981194;-99.903297
5088587;-42.577911;-73.963097;-94.088066;-99.888977
5090462;-42.861965;-74.174164;-94.194016;-99.873688
5092456;-43.145596;-74.384506;-94.299049;-99.857414
5094457;-43.428799;-74.594101;-94.403145;-99.840149
5096456;-43.711575;-74.802979;-94.506302;-99.821907
5098460;-43.993919;-75.011108;-94.608536;-99.802666
5100472;-44.275787;-75.218460;-94.709816;-99.782448
5102458;-44.557262;-75.425110;-94.810173;-99.761253
5104459;-44.838295;-75.631012;-94.909599;-99.739059
5106464;-45.118885;-75.836166;-95.008087;-99.715889
5108454;-45.399033;-76.040581;-95.105644;-99.691727
5110481;-45.678730;-76.244232;-95.202255;-99.666588
5112438;-45.957954;-76.447128;-95.297920;-99.640465
5114433;-46.236752;-76.649277;-95.392654;-99.613358
5116436;-46.375988;-76.750084;-95.439674;-99.599434
5118443;-46.792965;-77.051308;-95.579300;-99.556198
5120483;-47.070381;-77.251183;-95.671204;-99.526138
5122473;-47.347332;-77.450302;-95.762161;-99.495094
5124453;-47.623795;-77.648628;-95.852158;-99.463074
5126459;-47.899811;-77.846214;-95.941231;-99.430069
5128460;-48.175350;-78.043022;-96.029358;-99.396095
5130457;-48.450413;-78.239067;-96.116531;-99.361130
5132470;-48.725002;-78.434334;-96.202759;-99.325180
5134442;-48.999111;-78.628838;-96.288040;-99.288261
5136440;-49.272713;-78.822540;-96.372353;-99.250351
5138441;-49.545849;-79.015488;-96.455734;-99.211464
5140439;-49.818497;-79.207649;-96.538162;-99.171600
5142436;-50.090652;-79.399033;-96.619621;-99.130760
5144480;-50.362312;-79.589630;-96.700142;-99.088936
5146460;-50.633476;-79.779434;-96.779701;-99.046135
5148457;-50.904125;-79.968452;-96.858307;-99.002365
5150458;-51.174290;-80.156693;-96.935951;-98.957611
5152457;-51.443947;-80.344131;-97.012650;-98.911873
5154475;-51.713074;-80.530762;-97.088379;-98.865173
5156433;-51.981712;-80.716621;-97.163162;-98.817482
5158434;-52.249836;-80.901680;-97.236977;-98.768829
5160430;-52.517433;-81.085930;-97.309837;-98.719200
5162431;-52.784519;-81.269394;-97.381737;-98.668602
5164433;-53.051098;-81.452057;-97.452675;-98.617020
5166479;-53.317142;-81.633911;-97.522652;-98.564461
5168459;-53.582661;-81.814957;-97.591667;-98.510925
5170457;-53.847660;-81.995201;-97.659721;-98.456429
5172457;-53.979946;-82.085014;-97.693382;-98.428818
5174455;-54.376022;-82.353233;-97.792923;-98.344513
5176476;-54.639416;-82.531044;-97.858086;-98.287109
5178440;-54.902267;-82.708046;-97.922279;-98.228729
5180436;-55.164574;-82.884232;-97.985497;-98.169373
5182437;-55.426342;-83.059586;-98.047760;-98.109047
5184435;-55.687542;-83.234108;-98.109039;-98.047760
5186438;-55.948212;-83.407829;-98.169365;-97.985504
5188475;-56.208324;-83.580719;-98.228714;-97.922279
5190458;-56.467884;-83.752792;-98.287102;-97.858086
5192454;-56.726891;-83.924042;-98.344513;-97.792931
5194456;-56.985329;-84.094452;-98.400955;-97.726807
5196463;-57.243191;-84.264030;-98.456429;-97.659729
5198473;-57.500511;-84.432777;-98.510933;-97.591675
5200441;-57.757259;-84.600700;-98.564453;-97.522659
5202440;-58.013439;-84.767784;-98.617004;-97.452682
5204434;-58.269047;-84.934044;-98.668594;-97.381744
5206438;-58.524078;-85.099449;-98.719200;-97.309845
5208491;-58.778496;-85.263992;-98.768822;-97.236992
5210473;-59.032368;-85.427727;-98.817482;-97.163185
5212462;-59.285660;-85.590614;-98.865166;-97.088394
5214459;-59.538364;-85.752655;-98.911873;-97.012665
5216462;-59.790482;-85.913841;-98.957603;-96.935966
5218458;-60.041992;-86.074188;-99.002365;-96.858322
5220474;-60.292923;-86.233673;-99.046135;-96.779709
5222434;-60.543270;-86.392326;-99.088943;-96.700157
5224436;-60.793011;-86.550125;-99.130760;-96.619644
5226432;-61.042152;-86.707054;-99.171600;-96.538162
5228435;-61.290695;-86.863152;-99.211464;-96.455750
5230582;-61.538612;-87.018356;-99.250351;-96.372375
5232458;-61.785934;-87.172722;-99.288246;-96.288048
5234458;-62.032658;-87.326225;-99.325188;-96.202782
5236458;-62.278767;-87.478874;-99.361130;-96.116547
5238453;-62.524254;-87.630653;-99.396095;-96.029373
5240453;-62.769127;-87.781570;-99.430069;-95.941246
5242467;-63.013363;-87.931618;-99.463066;-95.852188
5244437;-63.256996;-88.080803;-99.495102;-95.762169
5246438;-63.500004;-88.229111;-99.526131;-95.671211
5248438;-63.742386;-88.376549;-99.556198;-95.579300
5250437;-63.984142;-88.523125;-99.585274;-95.486458
5252587;-64.225266;-88.668823;-99.613358;-95.392670
5254461;-64.465729;-88.813637;-99.640465;-95.297943
5256461;-64.705582;-88.957581;-99.666588;-95.202271
5258459;-64.944801;-89.100647;-99.691734;-95.105659
5260451;-65.183365;-89.242836;-99.715889;-95.008102
5262457;-65.421280;-89.384125;-99.739059;-94.909622
5264477;-65.658554;-89.524551;-99.761246;-94.810196
5266461;-65.776947;-89.594429;-99.771973;-94.760132
5268454;-66.131157;-89.802742;-99.802673;-94.608543
5270456;-66.366493;-89.940514;-99.821907;-94.506325
5272459;-66.601166;-90.077393;-99.840149;-94.403160
5274477;-66.835190;-90.213379;-99.857414;-94.299065
5276443;-67.068550;-90.348488;-99.873695;-94.194038
5278435;-67.301224;-90.482689;-99.888985;-94.088089
5280438;-67.533264;-90.616005;-99.903290;-93.981201
5282432;-67.764626;-90.748428;-99.916611;-93.873390
5284474;-67.995323;-90.879959;-99.928955;-93.764656
5286440;-68.225349;-91.010590;-99.940285;-93.654991
5288435;-68.454704;-91.140320;-99.950653;-93.544403
5290436;-68.683365;-91.269150;-99.960030;-93.432907
5292437;-68.911362;-91.397079;-99.968414;-93.320473
5294434;-69.138680;-91.524109;-99.975822;-93.207123
5296475;-69.365326;-91.650238;-99.982239;-93.092842
5298464;-69.591270;-91.775459;-99.987663;-92.977654
5300451;-69.816536;-91.899773;-99.992104;-92.861542
5302453;-70.041100;-92.023170;-99.995552;-92.744514
5304459;-70.264984;-92.145676;-99.998024;-92.626587
5306475;-70.488174;-92.267265;-99.999496;-92.507713
5308437;-70.710670;-92.387947;-99.999992;-92.387947
5310441;-70.932472;-92.507721;-99.999512;-92.267273
5312436;-71.153572;-92.626572;-99.998024;-92.145683
5314435;-71.373947;-92.744499;-99.995552;-92.023186
5316440;-71.483871;-92.803131;-99.993950;-91.961601
5318479;-71.812607;-92.977631;-99.987663;-91.775467
5320458;-72.030884;-93.092827;-99.982239;-91.650253
5322453;-72.248444;-93.207100;-99.975815;-91.524117
5324457;-72.465302;-93.320450;-99.968422;-91.397095
5326458;-72.681419;-93.432877;-99.960030;-91.269173
5328473;-72.896843;-93.544395;-99.950661;-91.140327
5330439;-73.111549;-93.654976;-99.940300;-91.010605
5332434;-73.325523;-93.764648;-99.928955;-90.879974
5334437;-73.538780;-93.873383;-99.916618;-90.748451
5336435;-73.751305;-93.981186;-99.903297;-90.616020
5338476;-73.963097;-94.088066;-99.888992;-90.482712
5340437;-74.174164;-94.194023;-99.873695;-90.348503
5342439;-74.384499;-94.299042;-99.857422;-90.213409
5344440;-74.594101;-94.403137;-99.840149;-90.077415
5346436;-74.802979;-94.506310;-99.821915;-89.940536
5348440;-75.011101;-94.608536;-99.802673;-89.802757
5350470;-75.218483;-94.709816;-99.782455;-89.664116
5352454;-75.425125;-94.810173;-99.761246;-89.524582
5354450;-75.631035;-94.909615;-99.739067;-89.384148
5356457;-75.836189;-95.008102;-99.715897;-89.242844
5358455;-76.040581;-95.105637;-99.691734;-89.100662
5360478;-76.244255;-95.202263;-99.666588;-88.957581
5362435;-76.447144;-95.297920;-99.640465;-88.813652
5364433;-76.649307;-95.392662;-99.613358;-88.668823
5366434;-76.850685;-95.486458;-99.585274;-88.523140
5368435;-77.051308;-95.579292;-99.556198;-88.376579
5370436;-77.251175;-95.671196;-99.526146;-88.229141
5372473;-77.450302;-95.762161;-99.495110;-88.080826
5374462;-77.648628;-95.852165;-99.463081;-87.931648
5376458;-77.846230;-95.941254;-99.430084;-87.781593
5378457;-78.043022;-96.029358;-99.396095;-87.630684
5380454;-78.239052;-96.116531;-99.361130;-87.478912
5382480;-78.434334;-96.202759;-99.325180;-87.326256
5384439;-78.628822;-96.288025;-99.288261;-87.172760
5386441;-78.822556;-96.372368;-99.250351;-87.018379
5388440;-79.015488;-96.455734;-99.211479;-86.863159
5390435;-79.207634;-96.538147;-99.171616;-86.707092
5392479;-79.399033;-96.619629;-99.130760;-86.550140
5394439;-79.589615;-96.700134;-99.088943;-86.392357
5396438;-79.779442;-96.779701;-99.046150;-86.233696
5398438;-79.968452;-96.858307;-99.002373;-86.074211
5400435;-80.156693;-96.935966;-98.957611;-85.913864
5402432;-80.344131;-97.012650;-98.911873;-85.752663
5404473;-80.530762;-97.088387;-98.865173;-85.590645
5406466;-80.716637;-97.163162;-98.817490;-85.427734
5408457;-80.901680;-97.236984;-98.768845;-85.264030
5410455;-81.085953;-97.309837;-98.719193;-85.099449
5412456;-81.269409;-97.381744;-98.668602;-84.934044
5414473;-81.452049;-97.452675;-98.617020;-84.767807
5416432;-81.543098;-97.487793;-98.590858;-84.684349
5418433;-81.814957;-97.591660;-98.510933;-84.432808
5420435;-81.995216;-97.659721;-98.456429;-84.264038
5422430;-82.174629;-97.726807;-98.400963;-84.094467
5424442;-82.353264;-97.792938;-98.344513;-83.924034
5426475;-82.531059;-97.858086;-98.287109;-83.752800
5428455;-82.708046;-97.922279;-98.228729;-83.580750
5430456;-82.884232;-97.985504;-98.169365;-83.407845
5432457;-83.059578;-98.047752;-98.109047;-83.234131
5434452;-83.234131;-98.109047;-98.047760;-83.059578
5436474;-83.407837;-98.169365;-97.985504;-82.884232
5438456;-83.580719;-98.228714;-97.922279;-82.708069
5440457;-83.752808;-98.287109;-97.858086;-82.531059
5442454;-83.924034;-98.344513;-97.792931;-82.353264
5444455;-84.094467;-98.400963;-97.726807;-82.174629
5446516;-84.264030;-98.456421;-97.659721;-81.995216
5448480;-84.432808;-98.510933;-97.591667;-81.814957
5450458;-84.600685;-98.564445;-97.522667;-81.633949
5452461;-84.767761;-98.616997;-97.452698;-81.452110
5454456;-84.934021;-98.668587;-97.381752;-81.269432
5456461;-85.099419;-98.719185;-97.309860;-81.085983
5458473;-85.264000;-98.768822;-97.236992;-80.901703
5460439;-85.427719;-98.817482;-97.163177;-80.716667
5462439;-85.590591;-98.865158;-97.088409;-80.530823
5464440;-85.752647;-98.911873;-97.012665;-80.344162
5466437;-85.913834;-98.957596;-96.935974;-80.156723
5468436;-86.074188;-99.002357;-96.858307;-79.968475
5470471;-86.233673;-99.046127;-96.779716;-79.779465
5472461;-86.392334;-99.088928;-96.700150;-79.589638
5474460;-86.550117;-99.130753;-96.619637;-79.399055
5476460;-86.707047;-99.171600;-96.538177;-79.207687
5478456;-86.863136;-99.211464;-96.455742;-79.015503
5480466;-87.018356;-99.250343;-96.372375;-78.822586
5482438;-87.172737;-99.288261;-96.288040;-78.628853
5484431;-87.326225;-99.325172;-96.202774;-78.434364
5486439;-87.478867;-99.361122;-96.116554;-78.239105
5488444;-87.630653;-99.396088;-96.029366;-78.043053
5490592;-87.781563;-99.430069;-95.941254;-77.846252
5492459;-87.931618;-99.463066;-95.852180;-77.648659
5494455;-88.080795;-99.495087;-95.762169;-77.450325
5496456;-88.229118;-99.526138;-95.671204;-77.251198
5498456;-88.376549;-99.556190;-95.579300;-77.051338
5500454;-88.523109;-99.585258;-95.486465;-76.850716
5502480;-88.668816;-99.613350;-95.392670;-76.649300
5504457;-88.813629;-99.640457;-95.297935;-76.447174
5506458;-88.957581;-99.666588;-95.202255;-76.244247
5508459;-89.100639;-99.691734;-95.105652;-76.040604
5510454;-89.242813;-99.715881;-95.008110;-75.836220
5512599;-89.384140;-99.739059;-94.909615;-75.631042
5514461;-89.524551;-99.761238;-94.810196;-75.425156
5516462;-89.664101;-99.782448;-94.709824;-75.218491
5518462;-89.802750;-99.802666;-94.608536;-75.011124
5520459;-89.940506;-99.821899;-94.506317;-74.803009
5522455;-90.077400;-99.840149;-94.403145;-74.594116
5524473;-90.213379;-99.857414;-94.299057;-74.384529
5526458;-90.348495;-99.873688;-94.194031;-74.174179
5528458;-90.482697;-99.888977;-94.088089;-73.963127
5530459;-90.616020;-99.903290;-93.981186;-73.751297
5532456;-90.748444;-99.916611;-93.873390;-73.538795
5534475;-90.879959;-99.928947;-93.764664;-73.325554
5536444;-91.010597;-99.940285;-93.654976;-73.111557
5538441;-91.140320;-99.950645;-93.544403;-72.896873
5540445;-91.269165;-99.960030;-93.432892;-72.681442
5542437;-91.397079;-99.968414;-93.320465;-72.465309
5544438;-91.524109;-99.975815;-93.207123;-72.248482
5546471;-91.650238;-99.982231;-93.092834;-72.030899
5548457;-91.775452;-99.987663;-92.977654;-71.812645
5550456;-91.899780;-99.992104;-92.861534;-71.593636
5552453;-92.023178;-99.995552;-92.744514;-71.373962
5554459;-92.145691;-99.998024;-92.626556;-71.153549
5556469;-92.267273;-99.999504;-92.507721;-70.932472
5558435;-92.387924;-99.999992;-92.387978;-70.710716
5560440;-92.507706;-99.999496;-92.267288;-70.488205
5562434;-92.626556;-99.998024;-92.145699;-70.265030
5564435;-92.744507;-99.995552;-92.023193;-70.041130
5566608;-92.803131;-99.993958;-91.961609;-69.928940
5568458;-92.977623;-99.987663;-91.775490;-69.591316
5570454;-93.092827;-99.982239;-91.650261;-69.365349
5572456;-93.207092;-99.975822;-91.524139;-69.138733
5574454;-93.320450;-99.968414;-91.397095;-68.911400
5576457;-93.432877;-99.960030;-91.269180;-68.683418
5578462;-93.544403;-99.950661;-91.140335;-68.454720
5580438;-93.654976;-99.940300;-91.010612;-68.225388
5582438;-93.764633;-99.928947;-90.879990;-67.995377
5584441;-93.873383;-99.916611;-90.748451;-67.764664
5586434;-93.981186;-99.903297;-90.616043;-67.533318
5588595;-94.088074;-99.888985;-90.482712;-67.301262
5590464;-94.194016;-99.873695;-90.348503;-67.068581
5592456;-94.299034;-99.857414;-90.213417;-66.835236
5594453;-94.403145;-99.840157;-90.077415;-66.601204
5596458;-94.506294;-99.821907;-89.940544;-66.366539
5598460;-94.608536;-99.802673;-89.802765;-66.131195
5600472;-94.709824;-99.782455;-89.664124;-65.895233
5602436;-94.810196;-99.761246;-89.524567;-65.658585
5604434;-94.909607;-99.739059;-89.384148;-65.421310
5606434;-95.008095;-99.715897;-89.242859;-65.183403
5608436;-95.105652;-99.691734;-89.100662;-64.944817
5610471;-95.202255;-99.666595;-88.957603;-64.705620
5612440;-95.297935;-99.640472;-88.813652;-64.465752
5614440;-95.392662;-99.613365;-88.668839;-64.225281
5616442;-95.486443;-99.585274;-88.523148;-63.984180
5618434;-95.579300;-99.556198;-88.376572;-63.742413
5620440;-95.671204;-99.526146;-88.229141;-63.500046
5622474;-95.762169;-99.495110;-88.080811;-63.257019
5624465;-95.852180;-99.463081;-87.931648;-63.013405
5626462;-95.941254;-99.430077;-87.781578;-62.769127
5628458;-96.029373;-99.396103;-87.630676;-62.524269
5630454;-96.116539;-99.361130;-87.478905;-62.278801
5632475;-96.202766;-99.325180;-87.326241;-62.032677
5634442;-96.288040;-99.288261;-87.172745;-61.785973
5636437;-96.372375;-99.250351;-87.018372;-61.538631
5638433;-96.455742;-99.211464;-86.863159;-61.290710
5640438;-96.538162;-99.171616;-86.707085;-61.042191
5642434;-96.619637;-99.130760;-86.550133;-60.793030
5644463;-96.700150;-99.088951;-86.392357;-60.543312
5646440;-96.779716;-99.046143;-86.233696;-60.292946
5648431;-96.858315;-99.002365;-86.074211;-60.042030
5650434;-96.935974;-98.957611;-85.913849;-59.790482
5652430;-97.012665;-98.911880;-85.752663;-59.538383
5654468;-97.088394;-98.865181;-85.590637;-59.285702
5656437;-97.163177;-98.817490;-85.427734;-59.032387
5658438;-97.236992;-98.768829;-85.264015;-58.778538
5660434;-97.309860;-98.719200;-85.099434;-58.524059
5662436;-97.381752;-98.668594;-84.934044;-58.269047
5664434;-97.452690;-98.617020;-84.767807;-58.013462
5666477;-97.522659;-98.564468;-84.600739;-57.757301
5668453;-97.591667;-98.510948;-84.432823;-57.500572
5670453;-97.659721;-98.456436;-84.264061;-57.243233
5672450;-97.726807;-98.400970;-84.094475;-56.985371
5674454;-97.792923;-98.344528;-83.924080;-56.726944
5676481;-97.858086;-98.287109;-83.752823;-56.467922
5678436;-97.922272;-98.228729;-83.580765;-56.208385
5680433;-97.985497;-98.169373;-83.407852;-55.948246
5682437;-98.047760;-98.109062;-83.234154;-55.687599
5684434;-98.109047;-98.047760;-83.059601;-55.426361
5686579;-98.169365;-97.985512;-82.884254;-55.164616
5688458;-98.228714;-97.922287;-82.708092;-54.902328
5690456;-98.287109;-97.858093;-82.531075;-54.639458
5692455;-98.344513;-97.792946;-82.353279;-54.376091
5694456;-98.400963;-97.726814;-82.174652;-54.112137
5696458;-98.456429;-97.659737;-81.995232;-53.847694
5698469;-98.510925;-97.591690;-81.815002;-53.582729
5700459;-98.564461;-97.522667;-81.633942;-53.317184
5702456;-98.617012;-97.452698;-81.452103;-53.051155
5704456;-98.668594;-97.381744;-81.269417;-52.784561
5706460;-98.719200;-97.309860;-81.085983;-52.517490
5708476;-98.768837;-97.236992;-80.901703;-52.249863
5710443;-98.817490;-97.163185;-80.716660;-51.981754
5712441;-98.865166;-97.088402;-80.530815;-51.713135
5714437;-98.911880;-97.012665;-80.344147;-51.443966
5716433;-98.934868;-96.974442;-80.250534;-51.309212
5718436;-99.002365;-96.858315;-79.968468;-50.904144
5720474;-99.046143;-96.779716;-79.779457;-50.633503
5722441;-99.088936;-96.700157;-79.589661;-50.362354
5724435;-99.130760;-96.619637;-79.399048;-50.090672
5726444;-99.171600;-96.538170;-79.207680;-49.818539
5728433;-99.211472;-96.455742;-79.015503;-49.545868
5730475;-99.250351;-96.372375;-78.822571;-49.272751
5732445;-99.288261;-96.288040;-78.628838;-48.999111
5734432;-99.325188;-96.202766;-78.434357;-48.725025
5736437;-99.361130;-96.116547;-78.239098;-48.450455
5738433;-99.396095;-96.029366;-78.043045;-48.175369
5740436;-99.430077;-95.941254;-77.846245;-47.899849
5742474;-99.463081;-95.852173;-77.648643;-47.623814
5744459;-99.495102;-95.762161;-77.450310;-47.347347
5746463;-99.526138;-95.671211;-77.251213;-47.070419
5748459;-99.556198;-95.579300;-77.051323;-46.792980
5750454;-99.585274;-95.486458;-76.850716;-46.515129
5752472;-99.613365;-95.392662;-76.649300;-46.236767
5754439;-99.640472;-95.297935;-76.447159;-45.957996
5756439;-99.666595;-95.202255;-76.244232;-45.678726
5758439;-99.691734;-95.105652;-76.040604;-45.399052
5760437;-99.715889;-95.008102;-75.836205;-45.118923
5762487;-99.739059;-94.909607;-75.631027;-44.838314
5764479;-99.761246;-94.810188;-75.425140;-44.557297
5766461;-99.782455;-94.709816;-75.218483;-44.275810
5768460;-99.802673;-94.608536;-75.011108;-43.993916
5770460;-99.821907;-94.506310;-74.802986;-43.711597
5772458;-99.840157;-94.403145;-74.594109;-43.428795
5774470;-99.857414;-94.299072;-74.384552;-43.145657
5776438;-99.873695;-94.194038;-74.174194;-42.862003
5778439;-99.888985;-94.088097;-73.963142;-42.577972
5780431;-99.903290;-93.981201;-73.751328;-42.293476
5782441;-99.916611;-93.873398;-73.538818;-42.008610
5784440;-99.928947;-93.764664;-73.325577;-41.723324
5786475;-99.940292;-93.654991;-73.111572;-41.437584
5788461;-99.950653;-93.544418;-72.896889;-41.151478
5790455;-99.960030;-93.432899;-72.681458;-40.864925
5792454;-99.968414;-93.320473;-72.465340;-40.578007
5794453;-99.975815;-93.207130;-72.248497;-40.290695
5796474;-99.982231;-93.092850;-72.030922;-40.002937
5798442;-99.987663;-92.977669;-71.812660;-39.714832
5800439;-99.992104;-92.861542;-71.593658;-39.426289
5802436;-99.995560;-92.744530;-71.373985;-39.137402
5804437;-99.998024;-92.626595;-71.153603;-38.848125
5806441;-99.999504;-92.507729;-70.932487;-38.558422
5808471;-100.000000;-92.387970;-70.710716;-38.268383
5810457;-99.999504;-92.267273;-70.488197;-37.977921
5812459;-99.998024;-92.145691;-70.265022;-37.687134
5814457;-99.995560;-92.023186;-70.041122;-37.395927
5816461;-99.993958;-91.961601;-69.928925;-37.250210
5818477;-99.987663;-91.775475;-69.591309;-36.812496
5820435;-99.982239;-91.650246;-69.365349;-36.520191
5822433;-99.975815;-91.524132;-69.138718;-36.227570
5824440;-99.968422;-91.397087;-68.911385;-35.934547
5826433;-99.960030;-91.269157;-68.683395;-35.641209
5828441;-99.950661;-91.140343;-68.454750;-35.347527
5830471;-99.940292;-91.010597;-68.225372;-35.053444
5832460;-99.928955;-90.879982;-67.995361;-34.759068
5834461;-99.916611;-90.748444;-67.764648;-34.464298
5836458;-99.903297;-90.616028;-67.533302;-34.169235
5838458;-99.888985;-90.482697;-67.301247;-33.873787
5840475;-99.873695;-90.348503;-67.068565;-33.578053
5842456;-99.857422;-90.213409;-66.835228;-33.281986
5844462;-99.840157;-90.077408;-66.601196;-32.985546
5846460;-99.821907;-89.940529;-66.366531;-32.688828
5848452;-99.802673;-89.802757;-66.131187;-32.391739
5850472;-99.782455;-89.664108;-65.895218;-32.094376
5852436;-99.761253;-89.524582;-65.658600;-31.796694
5854435;-99.739059;-89.384140;-65.421295;-31.498659
5856434;-99.715897;-89.242844;-65.183395;-31.200352
5858432;-99.691734;-89.100647;-64.944801;-30.901695
5860435;-99.666595;-88.957596;-64.705605;-30.602777
5862472;-99.640472;-88.813637;-64.465736;-30.303514
5864453;-99.613365;-88.668831;-64.225266;-30.003994
5866457;-99.599442;-88.596092;-64.104797;-29.854124
5868459;-99.556198;-88.376556;-63.742393;-29.404026
5870459;-99.526146;-88.229134;-63.500031;-29.103628
5872457;-99.495102;-88.080803;-63.257004;-28.802898
5874444;-99.463081;-87.931633;-63.013386;-28.501930
5876441;-99.430084;-87.781593;-62.769150;-28.200680
5878438;-99.396095;-87.630669;-62.524258;-27.899107
5880434;-99.361130;-87.478897;-62.278782;-27.597301
5882595;-99.325195;-87.326256;-62.032707;-27.295225
5884462;-99.288269;-87.172760;-61.786003;-26.992878
5886461;-99.250359;-87.018387;-61.538654;-26.690220
5888455;-99.211479;-86.863174;-61.290733;-26.387346
5890451;-99.171616;-86.707100;-61.042213;-26.084209
5892456;-99.130768;-86.550148;-60.793049;-25.780767
5894476;-99.088951;-86.392365;-60.543327;-25.477118
5896465;-99.046150;-86.233711;-60.292973;-25.173176
5898459;-99.002373;-86.074226;-60.042061;-24.869026
5900458;-98.957619;-85.913887;-59.790546;-24.564634
5902452;-98.911888;-85.752678;-59.538406;-24.259953
5904471;-98.865181;-85.590652;-59.285717;-23.955076
5906435;-98.817497;-85.427757;-59.032410;-23.649921
5908441;-98.768845;-85.264038;-58.778553;-23.344574
5910439;-98.719200;-85.099449;-58.524078;-23.038952
5912441;-98.668602;-84.934052;-58.269073;-22.733149
5914435;-98.617020;-84.767822;-58.013489;-22.427124
5916470;-98.564461;-84.600716;-57.757282;-22.120831
5918459;-98.510941;-84.432808;-57.500553;-21.814363
5920461;-98.456436;-84.264046;-57.243221;-21.507633
5922456;-98.400970;-84.094467;-56.985355;-21.200743
5924457;-98.344528;-83.924065;-56.726933;-20.893635
5926578;-98.287109;-83.752808;-56.467907;-20.586281
5928470;-98.228737;-83.580757;-56.208374;-20.278769
5930457;-98.169373;-83.407852;-55.948235;-19.971006
5932454;-98.109062;-83.234146;-55.687584;-19.663099
5934457;-98.047760;-83.059593;-55.426346;-19.354946
5936462;-97.985512;-82.884247;-55.164604;-19.046652
5938476;-97.922287;-82.708069;-54.902309;-18.738171
5940463;-97.858093;-82.531067;-54.639446;-18.429455
5942456;-97.792938;-82.353279;-54.376072;-18.120605
5944453;-97.726814;-82.174644;-54.112125;-17.811531
5946460;-97.659729;-81.995216;-53.847683;-17.502323
5948473;-97.591690;-81.814995;-53.582710;-17.192945
5950437;-97.522667;-81.633934;-53.317173;-16.883356
5952434;-97.452698;-81.452087;-53.051144;-16.573637
5954436;-97.381752;-81.269417;-52.784550;-16.263716
5956438;-97.309860;-81.085968;-52.517479;-15.953678
5958438;-97.236992;-80.901695;-52.249847;-15.643437
5960470;-97.163177;-80.716644;-51.981743;-15.333086
5962457;-97.088402;-80.530807;-51.713120;-15.022586
5964453;-97.012665;-80.344139;-51.443958;-14.711889
5966457;-96.935974;-80.156708;-51.174320;-14.401096
5968459;-96.858315;-79.968460;-50.904129;-14.090114
5970471;-96.779716;-79.779449;-50.633492;-13.779039
5972438;-96.700165;-79.589653;-50.362350;-13.467829
5974439;-96.619637;-79.399040;-50.090664;-13.156436
5976432;-96.538177;-79.207680;-49.818527;-12.844960
5978439;-96.455742;-79.015495;-49.545860;-12.533312
5980437;-96.372375;-78.822563;-49.272739;-12.221588
5982475;-96.288055;-78.628860;-48.999138;-11.909744
5984458;-96.202766;-78.434349;-48.725010;-11.597732
5986455;-96.116547;-78.239090;-48.450443;-11.285657
5988456;-96.029381;-78.043060;-48.175400;-10.973472
5990457;-95.941261;-77.846268;-47.899879;-10.661170
5992474;-95.852188;-77.648666;-47.623848;-10.348722
5994434;-95.762184;-77.450333;-47.347385;-10.036215
5996437;-95.671227;-77.251228;-47.070450;-9.723613
5998435;-95.579315;-77.051346;-46.793015;-9.410867
6000433;-95.486473;-76.850731;-46.515160;-9.098077
6002492;-95.392677;-76.649323;-46.236801;-8.785147
6004474;-95.297951;-76.447174;-45.958031;-8.472180
6006462;-95.202286;-76.244293;-45.678799;-8.159128
6008459;-95.105667;-76.040619;-45.399082;-7.845944
6010451;-95.008125;-75.836227;-45.118958;-7.532737
6012455;-94.909630;-75.631058;-44.838348;-7.219404
6014474;-94.810204;-75.425163;-44.557335;-6.906047
6016443;-94.760147;-75.321945;-44.416664;-6.749347
6018435;-94.608551;-75.011131;-43.993950;-6.279090
6020430;-94.506332;-74.803017;-43.711628;-5.965540
6022436;-94.403160;-74.594131;-43.428833;-5.651879
6024433;-94.299072;-74.384544;-43.145649;-5.338216
6026472;-94.194038;-74.174187;-42.861992;-5.024445
6028439;-94.088089;-73.963127;-42.577957;-4.710680
6030439;-93.981209;-73.751343;-42.293507;-4.396865
6032437;-93.873390;-73.538795;-42.008591;-4.082957
6034437;-93.764671;-73.325562;-41.723312;-3.769061
6036604;-93.654999;-73.111565;-41.437569;-3.455079
6038461;-93.544418;-72.896889;-41.151470;-3.141111
6040451;-93.432899;-72.681450;-40.864910;-2.827060
6042456;-93.320473;-72.465332;-40.577999;-2.513033
6044458;-93.207130;-72.248489;-40.290680;-2.198979
6046459;-93.092850;-72.030914;-40.002926;-1.884857
6048475;-92.977661;-71.812653;-39.714821;-1.570767
6050437;-92.861542;-71.593651;-39.426277;-1.256609
6052432;-92.744522;-71.373978;-39.137383;-0.942487
6054436;-92.626587;-71.153595;-38.848106;-0.628355
6056437;-92.507729;-70.932480;-38.558407;-0.314173
6058476;-92.387970;-70.710693;-38.268375;-0.000036
6060439;-92.267273;-70.488182;-37.977913;0.314155
6062439;-92.145691;-70.265015;-37.687119;0.628293
6064431;-92.023178;-70.041107;-37.395912;0.942469
6066434;-91.961601;-69.928917;-37.250198;1.099530
6068434;-91.775475;-69.591309;-36.812489;1.570699
6070472;-91.650238;-69.365326;-36.520180;1.884845
6072456;-91.524124;-69.138710;-36.227558;2.198917
6074456;-91.397079;-68.911369;-35.934532;2.513018
6076460;-91.269165;-68.683395;-35.641197;2.827042
6078458;-91.140343;-68.454727;-35.347515;3.141043
6080473;-91.010597;-68.225357;-35.053429;3.455064
6082436;-90.879974;-67.995354;-34.759052;3.768995
6084434;-90.748444;-67.764641;-34.464283;4.082942
6086434;-90.616020;-67.533287;-34.169216;4.396802
6088437;-90.482697;-67.301239;-33.873775;4.710662
6090590;-90.348495;-67.068550;-33.578041;5.024430
6092464;-90.213409;-66.835220;-33.281975;5.338150
6094462;-90.077400;-66.601181;-32.985531;5.651865
6096463;-89.940552;-66.366554;-32.688858;5.965426
6098457;-89.802773;-66.131210;-32.391773;6.279021
6100459;-89.664124;-65.895233;-32.094406;6.592509
6102473;-89.524590;-65.658615;-31.796726;6.905934
6104443;-89.384155;-65.421318;-31.498682;7.219338
6106441;-89.242867;-65.183411;-31.200382;7.532620
6108437;-89.100662;-64.944824;-30.901724;7.845881
6110438;-88.957611;-64.705627;-30.602810;8.159015
6112495;-88.813675;-64.465797;-30.303591;8.472064
6114471;-88.668839;-64.225296;-30.004028;8.785081
6116466;-88.523155;-63.984192;-29.704206;9.097963
6118454;-88.376579;-63.742424;-29.404057;9.410805
6120452;-88.229141;-63.500053;-29.103661;9.723502
6122459;-88.080818;-63.257027;-28.802931;10.036153
6124475;-87.931648;-63.013412;-28.501957;10.348660
6126438;-87.781609;-62.769173;-28.200710;10.661059
6128437;-87.630676;-62.524277;-27.899132;10.973406
6130438;-87.478905;-62.278809;-27.597326;11.285594
6132441;-87.326256;-62.032688;-27.295204;11.597717
6134641;-87.172760;-61.785984;-26.992863;11.909678
6136466;-87.018402;-61.538677;-26.690250;12.221527
6138453;-86.863159;-61.290718;-26.387331;12.533295
6140453;-86.707092;-61.042202;-26.084196;12.844899
6142457;-86.550140;-60.793041;-25.780756;13.156417
6144450;-86.392357;-60.543312;-25.477106;13.467762
6146470;-86.233696;-60.292961;-25.173164;13.779020
6148440;-86.074211;-60.042034;-24.869009;14.090097
6150434;-85.913879;-59.790527;-24.564625;14.401031
6152440;-85.752670;-59.538387;-24.259937;14.711875
6154436;-85.590645;-59.285702;-23.955063;15.022522
6156437;-85.427742;-59.032394;-23.649904;15.333072
6158472;-85.264030;-58.778542;-23.344559;15.643424
6160460;-85.099472;-58.524109;-23.038982;15.953615
6162461;-84.934044;-58.269054;-22.733133;16.263702
6164458;-84.767807;-58.013470;-22.427105;16.573582
6166458;-84.684349;-57.885422;-22.273960;16.728508
6168476;-84.432808;-57.500542;-21.814352;17.192884
6170442;-84.264030;-57.243198;-21.507618;17.502312
6172435;-84.094467;-56.985344;-21.200722;17.811512
6174441;-84.094467;-56.985344;-21.200722;17.811512
6176438;-83.752808;-56.467892;-20.586264;18.429438
6178489;-83.580742;-56.208355;-20.278749;18.738110
6180470;-83.407837;-55.948215;-19.970989;19.046637
6182460;-83.234131;-55.687565;-19.663084;19.354933
6184457;-83.059608;-55.426373;-19.354975;19.663036
6186457;-82.884232;-55.164589;-19.046635;19.970993
6188457;-82.708069;-54.902298;-18.738152;20.278708
6190475;-82.531059;-54.639423;-18.429438;20.586264
6192440;-82.353264;-54.376053;-18.120586;20.893579
6194440;-82.174629;-54.112106;-17.811512;21.200729
6196437;-81.995216;-53.847672;-17.502308;21.507622
6198433;-81.814980;-53.582691;-17.192932;21.814302
6200436;-81.633919;-53.317154;-16.883337;22.120819
6202472;-81.452080;-53.051125;-16.573620;22.427061
6204457;-81.269432;-52.784573;-16.263748;22.733093
6206468;-81.085983;-52.517502;-15.953708;23.038895
6208453;-80.901741;-52.249916;-15.643517;23.344469
6210455;-80.716667;-51.981766;-15.333122;23.649860
6212472;-80.530823;-51.713146;-15.022614;23.954973
6214443;-80.344162;-51.443981;-14.711923;24.259895
6216437;-80.156731;-51.174343;-14.401132;24.564526
6218437;-79.968475;-50.904156;-14.090145;24.868971
6220437;-79.779472;-50.633514;-13.779068;25.173115
6222490;-79.589668;-50.362366;-13.467857;25.477013
6224475;-79.399063;-50.090694;-13.156465;25.780710
6226463;-79.207695;-49.818550;-12.844995;26.084101
6228452;-79.015518;-49.545891;-12.533346;26.387283
6230458;-78.822586;-49.272770;-12.221622;26.690161
6232457;-78.628883;-48.999165;-11.909780;26.992767
6234476;-78.434364;-48.725040;-11.597765;27.295164
6236459;-78.239113;-48.450470;-11.285684;27.597240
6238456;-78.043053;-48.175388;-10.973456;27.899086
6240456;-77.846252;-47.899860;-10.661152;28.200617
6242455;-77.648659;-47.623829;-10.348704;28.501913
6244475;-77.450325;-47.347366;-10.036201;28.802881
6246442;-77.251228;-47.070438;-9.723600;29.103565
6248435;-77.051338;-46.793003;-9.410858;29.404005
6250435;-76.850716;-46.515141;-9.098059;29.704121
6252437;-76.649307;-46.236782;-8.785129;30.003981
6254440;-76.447174;-45.958019;-8.472165;30.303495
6256478;-76.244286;-45.678783;-8.159107;30.602720
6258454;-76.040611;-45.399071;-7.845929;30.901682
6260454;-75.836220;-45.118938;-7.532719;31.200291
6262456;-75.631042;-44.838326;-7.219389;31.498638
6264457;-75.425163;-44.557320;-6.906030;31.796637
6266480;-75.218521;-44.275864;-6.592605;32.094311
6268462;-75.011124;-43.993931;-6.279072;32.391720
6270454;-74.803009;-43.711609;-5.965516;32.688766
6272456;-74.594131;-43.428818;-5.651870;32.985531
6274456;-74.384537;-43.145634;-5.338198;33.281933
6276459;-74.174179;-42.861977;-5.024433;33.578037
6278468;-73.963127;-42.577942;-4.710665;33.873775
6280460;-73.751343;-42.293495;-4.396850;34.169178
6282457;-73.538795;-42.008575;-4.082942;34.464287
6284455;-73.325554;-41.723293;-3.769043;34.759014
6286458;-73.111557;-41.437557;-3.455064;35.053432
6288483;-72.896873;-41.151447;-3.141093;35.347466
6290435;-72.681473;-40.864937;-2.827093;35.641159
6292439;-72.465317;-40.577984;-2.513018;35.934532
6294439;-72.248482;-40.290668;-2.198964;36.227509
6296436;-72.030899;-40.002911;-1.884842;36.520176
6298439;-71.812645;-39.714806;-1.570749;36.812435
6300473;-71.593643;-39.426262;-1.256588;37.104382
6302458;-71.373962;-39.137371;-0.942469;37.395912
6304456;-71.153580;-38.848095;-0.628340;37.687077
6306459;-70.932472;-38.558392;-0.314155;37.977909
6308455;-70.710686;-38.268353;-0.000009;38.268326
6310471;-70.488174;-37.977898;0.314173;38.558407
6312440;-70.265030;-37.687145;0.628260;38.848022
6314435;-70.041168;-37.395988;0.942391;39.137299
6316435;-69.928940;-37.250225;1.099503;39.281837
6318435;-69.591324;-36.812511;1.570672;39.714733
6320436;-69.365349;-36.520203;1.884812;40.002884
6322474;-69.138733;-36.227585;2.198887;40.290596
6324459;-68.911400;-35.934555;2.512991;40.577957
6326463;-68.683418;-35.641228;2.827013;40.864864
6328460;-68.454758;-35.347538;3.141016;41.151379
6330454;-68.225388;-35.053455;3.455034;41.437531
6332472;-67.995377;-34.759079;3.768969;41.723225
6334441;-67.764664;-34.464310;4.082912;42.008556
6336439;-67.533310;-34.169247;4.396770;42.293423
6338435;-67.301300;-33.873852;4.710582;42.577873
6340435;-67.068581;-33.578072;5.024397;42.861946
6342607;-66.835243;-33.282001;5.338120;43.145561
6344458;-66.601204;-32.985561;5.651834;43.428783
6346463;-66.366539;-32.688843;5.965445;43.711540
6348454;-66.131195;-32.391750;6.279045;43.993912
6350458;-65.895233;-32.094391;6.592533;44.275795
6352454;-65.658607;-31.796705;6.905955;44.557251
6354475;-65.421310;-31.498671;7.219359;44.838306
6356461;-65.183403;-31.200361;7.532641;45.118874
6358457;-64.944817;-30.901709;7.845893;45.399036
6360458;-64.705620;-30.602793;8.159029;45.678715
6362458;-64.465782;-30.303570;8.472088;45.957939
6364470;-64.225281;-30.004004;8.785099;46.236759
6366439;-63.984180;-29.704193;9.097984;46.515076
6368436;-63.742405;-29.404037;9.410822;46.792969
6370439;-63.500046;-29.103645;9.723520;47.070366
6372438;-63.257015;-28.802910;10.036180;47.347343
6374437;-63.013405;-28.501945;10.348675;47.623802
6376459;-62.769161;-28.200689;10.661080;47.899796
6378432;-62.524269;-27.899117;10.973424;48.175358
6380438;-62.278801;-27.597317;11.285612;48.450405
6382444;-62.032677;-27.295193;11.597734;48.725010
6384437;-61.785976;-26.992846;11.909697;48.999096
6386474;-61.538666;-26.690233;12.221545;49.272701
6388437;-61.290710;-26.387310;12.533316;49.545853
6390433;-61.042191;-26.084173;12.844917;49.818485
6392436;-60.793030;-25.780737;13.156438;50.090660
6394439;-60.543304;-25.477091;13.467780;50.362301
6396440;-60.292946;-25.173149;13.779032;50.633484
6398474;-60.042030;-24.868996;14.090115;50.904129
6400459;-59.790524;-24.564604;14.401049;51.174278
6402454;-59.538383;-24.259918;14.711893;51.443951
6404456;-59.285694;-23.955044;15.022543;51.713085
6406456;-59.032387;-23.649887;15.333086;51.981743
6408478;-58.778530;-23.344540;15.643438;52.249847
6410441;-58.524097;-23.038971;15.953630;52.517437
6412435;-58.269047;-22.733120;16.263718;52.784550
6414435;-58.013458;-22.427092;16.573593;53.051102
6416434;-57.757259;-22.120794;16.883356;53.317173
6418434;-57.500530;-21.814325;17.192904;53.582668
6420473;-57.243275;-21.507698;17.502230;53.847599
6422463;-56.985371;-21.200758;17.811483;54.112076
6424458;-56.726944;-20.893648;18.120516;54.375996
6426457;-56.467926;-20.586296;18.429411;54.639400
6428457;-56.208385;-20.278782;18.738075;54.902233
6430474;-55.948246;-19.971025;19.046608;55.164562
6432437;-55.687599;-19.663113;19.354900;55.426304
6434436;-55.426399;-19.355007;19.663006;55.687504
6436437;-55.164616;-19.046667;19.970963;55.948185
6438435;-54.902328;-18.738186;20.278671;56.208290
6440435;-54.639454;-18.429466;20.586235;56.467873
6442481;-54.376083;-18.120613;20.893547;56.726856
6444458;-54.112179;-17.811590;21.200645;56.985283
6446459;-53.847694;-17.502338;21.507587;57.243179
6448457;-53.582722;-17.192963;21.814268;57.500477
6450454;-53.317184;-16.883369;22.120783;57.757248
6452478;-53.051155;-16.573656;22.427031;58.013405
6454439;-52.784561;-16.263729;22.733110;58.269035
6456439;-52.517490;-15.953692;23.038908;58.524048
6458436;-52.249901;-15.643498;23.344481;58.778477
6460434;-51.981754;-15.333101;23.649874;59.032368
6462438;-51.713135;-15.022600;23.954985;59.285641
6464472;-51.443966;-14.711907;24.259907;59.538364
6466461;-51.309212;-14.556524;24.412256;59.664494
6468458;-50.904186;-14.090172;24.868938;60.041977
6470453;-50.633503;-13.779053;25.173130;60.292923
6472450;-50.362354;-13.467839;25.477032;60.543251
6474477;-50.090675;-13.156453;25.780722;60.793011
6476438;-49.818539;-12.844976;26.084116;61.042137
6478442;-49.545868;-12.533325;26.387300;61.290695
6480440;-49.272751;-12.221601;26.690174;61.538612
6482442;-48.999153;-11.909756;26.992786;61.785923
6484438;-48.725025;-11.597747;27.295176;62.032658
6486472;-48.450455;-11.285668;27.597258;62.278748
6488458;-48.175369;-10.973433;27.899107;62.524258
6490456;-47.899849;-10.661137;28.200636;62.769115
6492455;-47.623856;-10.348734;28.501888;63.013351
6494457;-47.347351;-10.036185;28.802898;63.256996
6496480;-47.070419;-9.723579;29.103588;63.500000
6498442;-46.792984;-9.410834;29.404026;63.742393
6500437;-46.515125;-9.098042;29.704136;63.984127
6502439;-46.236767;-8.785110;30.003998;64.225266
6504439;-45.957993;-8.472141;30.303514;64.465736
6506493;-45.678772;-8.159092;30.602736;64.705566
6508473;-45.399052;-7.845912;30.901695;64.944801
6510457;-45.118927;-7.532701;31.200308;65.183350
6512459;-44.838314;-7.219371;31.498659;65.421295
6514456;-44.557304;-6.906014;31.796646;65.658554
6516459;-44.275848;-6.592589;32.094334;65.895180
6518471;-43.993916;-6.279051;32.391739;66.131180
6520459;-43.711594;-5.965501;32.688778;66.366493
6522454;-43.428795;-5.651844;32.985550;66.601189
6524456;-43.145615;-5.338180;33.281944;66.835190
6526457;-42.861961;-5.024412;33.578056;67.068573
6528477;-42.577972;-4.710695;33.873745;67.301216
6530462;-42.293518;-4.396873;34.169151;67.533234
6532455;-42.008610;-4.082978;34.464252;67.764610
6534451;-41.723324;-3.769076;34.758980;67.995285
6536458;-41.437584;-3.455093;35.053402;68.225334
6538477;-41.151478;-3.141123;35.347435;68.454674
6540440;-40.864967;-2.827123;35.641121;68.683334
6542442;-40.578011;-2.513048;35.934502;68.911346
6544441;-40.290695;-2.198994;36.227482;69.138649
6546437;-40.002937;-1.884872;36.520149;69.365303
6548434;-39.714832;-1.570779;36.812408;69.591240
6550472;-39.426334;-1.256666;37.104313;69.816498
6552458;-39.137398;-0.942498;37.395885;70.041084
6554454;-38.848125;-0.628370;37.687050;70.264961
6556453;-38.558422;-0.314185;37.977886;70.488167
6558452;-38.268383;-0.000045;38.268307;70.710648
6560471;-37.977924;0.314143;38.558384;70.932457
6562440;-37.687134;0.628278;38.848038;71.153534
6564439;-37.395973;0.942406;39.137314;71.373917
6566439;-37.250210;1.099518;39.281853;71.483871
6568438;-36.812496;1.570687;39.714752;71.812592
6570593;-36.520191;1.884827;40.002899;72.030891
6572461;-36.227570;2.198902;40.290611;72.248436
6574458;-35.934593;2.512956;40.577927;72.465279
6576456;-35.641212;2.827034;40.864883;72.681427
6578455;-35.347527;3.141031;41.151394;72.896828
6580458;-35.053448;3.455049;41.437546;73.111549
6582470;-34.759064;3.768983;41.723240;73.325508
6584434;-34.464298;4.082933;42.008572;73.538780
6586434;-34.169235;4.396787;42.293434;73.751297
6588434;-33.873833;4.710606;42.577888;73.963081
6590439;-33.578053;5.024418;42.861965;74.174164
6592623;-33.281986;5.338135;43.145569;74.384483
6594458;-32.985546;5.651850;43.428802;74.594109
6596463;-32.688828;5.965456;43.711555;74.802956
6598456;-32.391785;6.279006;43.993877;75.011078
6600453;-32.094376;6.592545;44.275810;75.218483
6602457;-31.796694;6.905973;44.557262;75.425117
6604459;-31.498655;7.219374;44.838314;75.631035
6606437;-31.200352;7.532659;45.118893;75.836174
6608438;-30.901695;7.845914;45.399055;76.040596
6610438;-30.602777;8.159050;45.678734;76.244240
6612437;-30.303558;8.472100;45.957958;76.447136
6614475;-30.003994;8.785116;46.236771;76.649300
6616439;-29.854124;8.941570;46.375992;76.750084
6618439;-29.404026;9.410840;46.792992;77.051331
6620440;-29.103630;9.723538;47.070385;77.251190
6622438;-28.802944;10.036140;47.347313;77.450287
6624438;-28.501930;10.348693;47.623817;77.648651
6626472;-28.200680;10.661096;47.899811;77.846214
6628458;-27.899105;10.973435;48.175369;78.043045
6630455;-27.597300;11.285630;48.450417;78.239075
6632449;-27.295177;11.597753;48.725025;78.434357
6634458;-26.992834;11.909713;48.999111;78.628838
6636470;-26.690266;12.221514;49.272675;78.822517
6638442;-26.387346;12.533285;49.545834;79.015472
6640438;-26.084209;12.844883;49.818459;79.207626
6642438;-25.780769;13.156406;50.090633;79.399017
6644439;-25.477119;13.467752;50.362278;79.589607
6646475;-25.173223;13.778962;50.633419;79.779404
6648440;-24.869028;14.090083;50.904114;79.968437
6650437;-24.564634;14.401023;51.174252;80.156670
6652436;-24.259953;14.711862;51.443928;80.344124
6654442;-23.955076;15.022511;51.713062;80.530754
6656440;-23.649920;15.333061;51.981716;80.716637
6658472;-23.344574;15.643409;52.249825;80.901680
6660453;-23.039000;15.953604;52.517414;81.085930
6662456;-22.733150;16.263687;52.784527;81.269394
6664458;-22.427124;16.573566;53.051079;81.452049
6666454;-22.120829;16.883327;53.317154;81.633919
6668480;-21.814363;17.192871;53.582645;81.814949
6670439;-21.507681;17.502251;53.847622;81.995178
6672441;-21.200739;17.811502;54.112099;82.174629
6674436;-20.893637;18.120531;54.376011;82.353233
6676440;-20.586279;18.429426;54.639423;82.531052
6678438;-20.278767;18.738094;54.902256;82.708038
6680459;-19.971006;19.046623;55.164581;82.884232
6682434;-19.663097;19.354919;55.426323;83.059570
6684435;-19.354994;19.663023;55.687523;83.234093
6686435;-19.046650;19.970980;55.948215;83.407837
6688441;-18.738169;20.278694;56.208305;83.580719
6690482;-18.429453;20.586256;56.467892;83.752800
6692456;-18.120604;20.893564;56.726871;83.924034
6694457;-17.811575;21.200665;56.985294;84.094429
6696456;-17.502325;21.507605;57.243198;84.264030
6698450;-17.192945;21.814289;57.500492;84.432770
6700450;-16.883352;22.120800;57.757263;84.600708
6702476;-16.573639;22.427050;58.013420;84.767776
6704460;-16.263714;22.733124;58.269047;84.934044
6706462;-15.953678;23.038925;58.524059;85.099442
6708456;-15.643482;23.344501;58.778500;85.264000
6710454;-15.333086;23.649891;59.032394;85.427734
6712474;-15.022585;23.955006;59.285664;85.590622
6714438;-14.711889;24.259926;59.538383;85.752663
6716435;-14.401094;24.564562;59.790482;85.913849
6718431;-14.090158;24.868956;60.041992;86.074188
6720429;-13.779036;25.173151;60.292946;86.233696
6722434;-13.467825;25.477045;60.543270;86.392326
6724475;-13.156433;25.780743;60.793030;86.550133
6726464;-12.844959;26.084133;61.042152;86.707054
6728455;-12.533358;26.387274;61.290676;86.863129
6730457;-12.221586;26.690193;61.538635;87.018379
6732453;-11.909742;26.992807;61.785942;87.172729
6734477;-11.597732;27.295197;62.032677;87.326248
6736443;-11.285654;27.597273;62.278767;87.478874
6738440;-10.973418;27.899122;62.524269;87.630669
6740436;-10.661121;28.200649;62.769135;87.781570
6742435;-10.348720;28.501904;63.013371;87.931618
6744436;-10.036215;28.802872;63.256981;88.080795
6746474;-9.723612;29.103559;63.499969;88.229095
6748458;-9.410866;29.403999;63.742371;88.376549
6750455;-9.098074;29.704105;63.984108;88.523109
6752455;-8.785192;30.003920;64.225212;88.668793
6754455;-8.472176;30.303484;64.465714;88.813629
6756470;-8.159123;30.602705;64.705551;88.957558
6758439;-7.845943;30.901667;64.944778;89.100632
6760436;-7.532733;31.200281;65.183334;89.242813
6762437;-7.219401;31.498629;65.421280;89.384125
6764438;-6.906045;31.796623;65.658539;89.524544
6766602;-6.592622;32.094303;65.895157;89.664070
6768461;-6.279085;32.391712;66.131165;89.802742
6770454;-5.965534;32.688755;66.366478;89.940491
6772454;-5.651876;32.985516;66.601166;90.077385
6774457;-5.338211;33.281914;66.835175;90.213371
6776455;-5.024493;33.577980;67.068512;90.348465
6778474;-4.710677;33.873760;67.301224;90.482689
6780457;-4.396863;34.169163;67.533241;90.615997
6782454;-4.082958;34.464272;67.764626;90.748428
6784457;-3.769059;34.758995;67.995308;90.879944
6786458;-3.455077;35.053421;68.225349;91.010590
6788477;-3.141107;35.347454;68.454689;91.140312
6790440;-2.827107;35.641140;68.683342;91.269127
6792434;-2.513031;35.934517;68.911362;91.397072
6794432;-2.198978;36.227497;69.138664;91.524101
6796435;-1.884856;36.520164;69.365326;91.650238
6798438;-1.570763;36.812428;69.591255;91.775444
6800474;-1.256654;37.104324;69.816505;91.899750
6802460;-0.942485;37.395901;70.041100;92.023178
6804458;-0.628354;37.687065;70.264969;92.145660
6806463;-0.314170;37.977898;70.488174;92.267265
6808458;0.000000;38.268341;70.710678;92.387947
6810472;0.314159;38.558395;70.932472;92.507713
6812433;0.628314;38.848076;71.153572;92.626572
6814437;0.942464;39.137367;71.373955;92.744514
6816436;1.099535;39.281868;71.483894;92.803139
6818438;1.570732;39.714790;71.812622;92.977646
6820437;1.884844;40.002911;72.030899;93.092842
6822476;2.198937;40.290642;72.248459;93.207108
6824461;2.513010;40.577976;72.465309;93.320457
6826464;2.827056;40.864906;72.681442;93.432884
6828458;3.141076;41.151436;72.896866;93.544395
6830453;3.455064;41.437557;73.111557;93.654984
6832464;3.769018;41.723270;73.325531;93.764648
6834440;4.082935;42.008572;73.538788;93.873383
6836433;4.396812;42.293461;73.751305;93.981186
6838439;4.710645;42.577927;73.963104;94.088074
6840439;5.024432;42.861980;74.174179;94.194031
6842613;5.338169;43.145607;74.384514;94.299057
6844465;5.651853;43.428806;74.594116;94.403145
6846458;5.965482;43.711578;74.802979;94.506302
6848457;6.279051;43.993916;75.011108;94.608536
6850456;6.592560;44.275822;75.218491;94.709824
6852454;6.906002;44.557293;75.425140;94.810188
6854466;7.219377;44.838322;75.631035;94.909607
6856441;7.532680;45.118908;75.836189;95.008095
6858436;7.845909;45.399052;76.040596;95.105652
6860436;8.159060;45.678741;76.244247;95.202263
6862437;8.472132;45.957985;76.447151;95.297935
6864509;8.785120;46.236774;76.649300;95.392670
6866461;9.098021;46.515106;76.850693;95.486450
6868453;9.410830;46.792976;77.051315;95.579300
6870456;9.723549;47.070389;77.251198;95.671204
6872452;10.036171;47.347336;77.450302;95.762161
6874459;10.348695;47.623817;77.648651;95.852180
6876473;10.661115;47.899830;77.846230;95.941238
6878440;10.973431;48.175369;78.043037;96.029366
6880433;11.285637;48.450428;78.239075;96.116547
6882432;11.597733;48.725014;78.434349;96.202766
6884435;11.909716;48.999115;78.628838;96.288040
6886470;12.221580;49.272736;78.822563;96.372375
6888444;12.533322;49.545868;79.015503;96.455742
6890432;12.844942;49.818508;79.207664;96.538162
6892439;13.156436;50.090660;79.399040;96.619629
6894436;13.467797;50.362320;79.589638;96.700142
6896440;13.779028;50.633476;79.779449;96.779716
6898470;14.090122;50.904144;79.968468;96.858315
6900456;14.401078;51.174301;80.156700;96.935966
6902455;14.711891;51.443951;80.344131;97.012657
6904453;15.022558;51.713097;80.530792;97.088394
6906456;15.333078;51.981735;80.716644;97.163170
6908475;15.643446;52.249855;80.901703;97.236992
6910442;15.953660;52.517464;81.085953;97.309853
6912441;16.263714;52.784550;81.269417;97.381744
6914440;16.573612;53.051121;81.452072;97.452690
6916433;16.728498;53.184204;81.543098;97.487793
6918498;17.192907;53.582676;81.814972;97.591675
6920471;17.502306;53.847672;81.995216;97.659729
6922464;17.811527;54.112125;82.174644;97.726807
6924459;18.120577;54.376049;82.353256;97.792938
6926465;18.429445;54.639435;82.531067;97.858086
6928459;18.738131;54.902279;82.708054;97.922287
6930469;19.046633;55.164589;82.884232;97.985504
6932439;19.354946;55.426346;83.059593;98.047760
6934432;19.663071;55.687565;83.234131;98.109047
6936437;19.970997;55.948223;83.407845;98.169365
6938434;20.278728;56.208336;83.580742;98.228722
6940495;20.586262;56.467896;83.752808;98.287109
6942473;20.893587;56.726891;83.924042;98.344513
6944459;21.200710;56.985336;84.094460;98.400963
6946464;21.507624;57.243210;84.264038;98.456429
6948454;21.814323;57.500523;84.432793;98.510933
6950457;22.120808;57.757271;84.600708;98.564461
6952478;22.427074;58.013447;84.767792;98.617004
6954439;22.733122;58.269047;84.934044;98.668594
6956443;23.038942;58.524071;85.099449;98.719200
6958436;23.344534;58.778526;85.264015;98.768837
6960438;23.649900;59.032394;85.427750;98.817490
6962440;23.955029;59.285675;85.590622;98.865173
6964466;24.259922;59.538383;85.752663;98.911880
6966458;24.564575;59.790497;85.913857;98.957611
6968458;24.868988;60.042023;86.074203;99.002365
6970453;25.173155;60.292953;86.233696;99.046150
6972456;25.477072;60.543285;86.392334;99.088936
6974473;25.780737;60.793030;86.550133;99.130760
6976433;26.084152;61.042171;86.707077;99.171608
6978436;26.387304;61.290707;86.863152;99.211472
6980435;26.690197;61.538635;87.018372;99.250351
6982435;26.992828;61.785961;87.172745;99.288261
6984438;27.295193;62.032677;87.326248;99.325188
6986478;27.597290;62.278782;87.478889;99.361130
6988457;27.899107;62.524258;87.630669;99.396095
6990452;28.200657;62.769135;87.781586;99.430077
6992454;28.501928;63.013386;87.931633;99.463081
6994457;28.802910;63.257015;88.080811;99.495102
6996476;29.103617;63.500023;88.229118;99.526146
6998436;29.404032;63.742401;88.376556;99.556198
7000437;29.704157;63.984142;88.523132;99.585274
7002435;30.003988;64.225266;88.668823;99.613365
7004440;30.303526;64.465752;88.813644;99.640472
7006438;30.602762;64.705589;88.957581;99.666588
7008470;30.901697;64.944801;89.100655;99.691734
7010457;31.200329;65.183365;89.242836;99.715889
7012457;31.498650;65.421295;89.384148;99.739059
7014458;31.796661;65.658569;89.524567;99.761246
7016461;32.094360;65.895203;89.664108;99.782455
7018624;32.391743;66.131187;89.802757;99.802673
7020462;32.688801;66.366516;89.940521;99.821899
7022455;32.985538;66.601181;90.077408;99.840149
7024456;33.281952;66.835197;90.213394;99.857414
7026462;33.578037;67.068550;90.348495;99.873695
7028455;33.873787;67.301247;90.482697;99.888985
7030477;34.169209;67.533279;90.616020;99.903290
7032460;34.464294;67.764648;90.748444;99.916611
7034460;34.759029;67.995331;90.879967;99.928947
7036456;35.053429;68.225357;91.010597;99.940285
7038453;35.347485;68.454712;91.140327;99.950661
7040476;35.641186;68.683388;91.269157;99.960030
7042437;35.934536;68.911377;91.397087;99.968422
7044438;36.227535;69.138695;91.524117;99.975815
7046435;36.520176;69.365326;91.650238;99.982239
7048436;36.812454;69.591278;91.775467;99.987663
7050428;37.104370;69.816544;91.899780;99.992104
7052476;37.395920;70.041107;92.023178;99.995552
7054460;37.687099;70.264992;92.145683;99.998024
7056453;37.977905;70.488182;92.267273;99.999496
7058457;38.268341;70.710678;92.387955;100.000000
7060455;38.558399;70.932472;92.507721;99.999504
7062477;38.848072;71.153564;92.626579;99.998024
7064435;39.137363;71.373955;92.744514;99.995552
7066443;39.281864;71.483887;92.803146;99.993958
7068432;39.714787;71.812630;92.977646;99.987663
7070434;40.002911;72.030899;93.092834;99.982231
7072483;40.290646;72.248459;93.207108;99.975822
7074473;40.577976;72.465309;93.320457;99.968414
7076459;40.864906;72.681442;93.432892;99.960030
7078454;41.151436;72.896866;93.544403;99.950653
7080452;41.437557;73.111557;93.654976;99.940285
7082458;41.723270;73.325531;93.764648;99.928947
7084473;42.008572;73.538780;93.873383;99.916611
7086464;42.293461;73.751305;93.981194;99.903297
7088455;42.577927;73.963104;94.088074;99.888977
7090454;42.861973;74.174171;94.194031;99.873688
7092452;43.145603;74.384514;94.299049;99.857414
7094478;43.428806;74.594116;94.403145;99.840149
7096430;43.711575;74.802971;94.506302;99.821899
7098438;43.993916;75.011101;94.608536;99.802666
7100439;44.275822;75.218491;94.709824;99.782448
7102435;44.557289;75.425133;94.810188;99.761246
7104434;44.838318;75.631035;94.909607;99.739052
7106460;45.118908;75.836189;95.008102;99.715889
7108438;45.399048;76.040588;95.105652;99.691727
7110435;45.678741;76.244247;95.202255;99.666588
7112438;45.957985;76.447151;95.297935;99.640465
7114438;46.236774;76.649300;95.392654;99.613358
7116476;46.515102;76.850685;95.486450;99.585266
7118440;46.792980;77.051315;95.579300;99.556190
7120438;47.070389;77.251198;95.671204;99.526138
7122432;47.347336;77.450302;95.762161;99.495102
7124443;47.623817;77.648643;95.852173;99.463074
7126439;47.899826;77.846230;95.941246;99.430069
7128477;48.175365;78.043030;96.029366;99.396095
7130454;48.450424;78.239075;96.116539;99.361130
7132454;48.725014;78.434341;96.202759;99.325180
7134457;48.999115;78.628838;96.288040;99.288254
7136463;49.272736;78.822556;96.372368;99.250343
7138606;49.545868;79.015503;96.455742;99.211464
7140457;49.818508;79.207657;96.538162;99.171600
7142454;50.090660;79.399033;96.619629;99.130753
7144461;50.362320;79.589630;96.700142;99.088928
7146456;50.633476;79.779434;96.779701;99.046135
7148451;50.904137;79.968460;96.858307;99.002357
7150475;51.174294;80.156693;96.935966;98.957603
7152457;51.443951;80.344139;97.012650;98.911873
7154457;51.713097;80.530785;97.088394;98.865166
7156460;51.981728;80.716637;97.163162;98.817490
7158458;52.249855;80.901695;97.236984;98.768829
7160466;52.517464;81.085953;97.309845;98.719193
7162437;52.784550;81.269417;97.381744;98.668587
7164434;53.051121;81.452072;97.452690;98.617004
7166438;53.317158;81.633926;97.522667;98.564461
7168438;53.582676;81.814972;97.591675;98.510925
7170483;53.847664;81.995209;97.659721;98.456421
7172438;54.112125;82.174637;97.726807;98.400948
7174435;54.244156;82.264046;97.759995;98.372856
7176437;54.639435;82.531059;97.858086;98.287102
7178440;54.902279;82.708046;97.922279;98.228714
7180435;55.164581;82.884232;97.985497;98.169365
7182474;55.426346;83.059586;98.047760;98.109039
7184438;55.687557;83.234116;98.109039;98.047752
7186434;55.948223;83.407845;98.169365;97.985504
7188435;56.208336;83.580734;98.228722;97.922279
7190438;56.467896;83.752800;98.287109;97.858086
7192625;56.726891;83.924042;98.344513;97.792931
7194461;56.985329;84.094452;98.400955;97.726807
7196463;57.243210;84.264038;98.456429;97.659721
7198457;57.500523;84.432793;98.510933;97.591675
7200455;57.757271;84.600708;98.564461;97.522659
7202455;58.013447;84.767792;98.617012;97.452690
7204473;58.269047;84.934044;98.668594;97.381744
7206438;58.524071;85.099449;98.719193;97.309837
7208438;58.778526;85.264015;98.768829;97.236984
7210435;59.032394;85.427734;98.817490;97.163177
7212439;59.285683;85.590622;98.865173;97.088394
7214489;59.538383;85.752663;98.911880;97.012657
7216464;59.664516;85.833366;98.934868;96.974426
7218462;60.042023;86.074196;99.002365;96.858307
7220457;60.292953;86.233696;99.046135;96.779709
7222455;60.543285;86.392334;99.088943;96.700142
7224457;60.793026;86.550125;99.130760;96.619629
7226455;61.042168;86.707069;99.171600;96.538162
7228441;61.290707;86.863152;99.211472;96.455742
7230435;61.538635;87.018372;99.250351;96.372368
7232430;61.785961;87.172737;99.288261;96.288040
7234438;62.032669;87.326241;99.325180;96.202766
7236472;62.278770;87.478882;99.361130;96.116539
7238440;62.524265;87.630669;99.396095;96.029366
7240438;62.769135;87.781578;99.430069;95.941246
7242433;63.013386;87.931625;99.463081;95.852180
7244442;63.257015;88.080811;99.495102;95.762169
7246439;63.500015;88.229118;99.526146;95.671204
7248473;63.742393;88.376556;99.556198;95.579300
7250458;63.984142;88.523125;99.585266;95.486450
7252453;64.225266;88.668823;99.613358;95.392670
7254459;64.465744;88.813637;99.640465;95.297935
7256455;64.705597;88.957581;99.666588;95.202263
7258471;64.944801;89.100647;99.691734;95.105652
7260436;65.183365;89.242836;99.715889;95.008102
7262436;65.421295;89.384140;99.739059;94.909622
7264431;65.658569;89.524551;99.761246;94.810188
7266439;65.895203;89.664101;99.782448;94.709824
7268487;66.131187;89.802757;99.802673;94.608536
7270470;66.366508;89.940521;99.821907;94.506310
7272462;66.601189;90.077400;99.840149;94.403145
7274453;66.835197;90.213394;99.857422;94.299057
7276458;67.068550;90.348488;99.873695;94.194023
7278457;67.301247;90.482697;99.888992;94.088074
7280476;67.533279;90.616020;99.903297;93.981194
7282437;67.764648;90.748444;99.916611;93.873390
7284435;67.995331;90.879967;99.928947;93.764648
7286432;68.225357;91.010597;99.940285;93.654991
7288437;68.454704;91.140327;99.950661;93.544403
7290601;68.683380;91.269150;99.960030;93.432892
7292461;68.911377;91.397079;99.968414;93.320465
7294462;69.138695;91.524109;99.975815;93.207108
7296457;69.365326;91.650238;99.982231;93.092834
7298455;69.591278;91.775459;99.987656;92.977646
7300453;69.816536;91.899773;99.992104;92.861542
7302476;70.041107;92.023178;99.995552;92.744514
7304438;70.264992;92.145676;99.998024;92.626572
7306441;70.488182;92.267265;99.999504;92.507713
7308438;70.710678;92.387947;99.999992;92.387947
7310438;70.932472;92.507721;99.999512;92.267273
7312434;71.153572;92.626572;99.998024;92.145683
7314472;71.373955;92.744507;99.995552;92.023178
7316463;71.483887;92.803131;99.993950;91.961586
7318458;71.812630;92.977646;99.987663;91.775467
7320452;72.030899;93.092842;99.982239;91.650238
7322460;72.248459;93.207100;99.975815;91.524117
7324477;72.465309;93.320465;99.968414;91.397079
7326439;72.681450;93.432892;99.960030;91.269157
7328438;72.896866;93.544403;99.950661;91.140335
7330434;73.111557;93.654991;99.940285;91.010597
7332439;73.325539;93.764648;99.928955;90.879967
7334474;73.538788;93.873390;99.916611;90.748444
7336440;73.751320;93.981194;99.903297;90.616020
7338442;73.963112;94.088074;99.888977;90.482697
7340430;74.174179;94.194031;99.873695;90.348495
7342428;74.384514;94.299049;99.857414;90.213387
7344435;74.594116;94.403145;99.840149;90.077400
7346476;74.802986;94.506310;99.821915;89.940521
7348442;75.011108;94.608536;99.802673;89.802757
7350443;75.218498;94.709831;99.782455;89.664101
7352435;75.425140;94.810188;99.761246;89.524567
7354432;75.631042;94.909622;99.739059;89.384148
7356472;75.836197;95.008102;99.715889;89.242844
7358431;76.040596;95.105652;99.691734;89.100655
7360435;76.244255;95.202263;99.666588;88.957581
7362439;76.447151;95.297935;99.640465;88.813637
7364443;76.649300;95.392662;99.613365;88.668831
7366436;76.750092;95.439674;99.599442;88.596085
7368456;77.051323;95.579300;99.556198;88.376572
7370439;77.251198;95.671204;99.526146;88.229126
7372439;77.450302;95.762161;99.495102;88.080811
7374435;77.648651;95.852180;99.463081;87.931625
7376436;77.846230;95.941246;99.430069;87.781586
7378474;78.043045;96.029373;99.396095;87.630676
7380439;78.239082;96.116539;99.361130;87.478889
7382434;78.434349;96.202766;99.325195;87.326256
7384433;78.628838;96.288040;99.288261;87.172745
7386440;78.822556;96.372368;99.250351;87.018372
7388435;79.015503;96.455742;99.211464;86.863152
7390479;79.207657;96.538162;99.171600;86.707077
7392457;79.399040;96.619629;99.130760;86.550125
7394457;79.589638;96.700150;99.088943;86.392342
7396457;79.779442;96.779701;99.046150;86.233696
7398455;79.968468;96.858307;99.002365;86.074196
7400475;80.156693;96.935966;98.957611;85.913864
7402437;80.344131;97.012650;98.911880;85.752663
7404437;80.530785;97.088394;98.865173;85.590622
7406433;80.716637;97.163162;98.817482;85.427734
7408435;80.901695;97.236992;98.768829;85.264015
7410491;81.085953;97.309845;98.719200;85.099449
7412472;81.269417;97.381744;98.668587;84.934036
7414457;81.452065;97.452682;98.617012;84.767792
7416460;81.633926;97.522659;98.564461;84.600708
7418460;81.814972;97.591667;98.510925;84.432793
7420451;81.995209;97.659721;98.456429;84.264038
7422475;82.174637;97.726807;98.400948;84.094452
7424440;82.353249;97.792923;98.344513;83.924042
7426436;82.531059;97.858086;98.287109;83.752800
7428435;82.708054;97.922279;98.228722;83.580734
7430439;82.884232;97.985497;98.169373;83.407845
7432487;83.059586;98.047760;98.109055;83.234131
7434477;83.234123;98.109039;98.047760;83.059586
7436461;83.407837;98.169365;97.985504;82.884232
7438459;83.580734;98.228722;97.922279;82.708054
7440455;83.752800;98.287102;97.858086;82.531059
7442454;83.924042;98.344513;97.792938;82.353256
7444473;84.094452;98.400948;97.726807;82.174637
7446441;84.264038;98.456421;97.659721;81.995209
7448436;84.432785;98.510925;97.591675;81.814972
7450444;84.600708;98.564453;97.522652;81.633919
7452439;84.767792;98.617004;97.452690;81.452080
7454436;84.934029;98.668587;97.381744;81.269409
7456476;85.099449;98.719193;97.309845;81.085953
7458460;85.264008;98.768829;97.236992;80.901703
7460457;85.427734;98.817482;97.163162;80.716637
7462452;85.590622;98.865166;97.088394;80.530785
7464458;85.752663;98.911873;97.012650;80.344131
7466469;85.913857;98.957603;96.935966;80.156693
7468444;86.074203;99.002365;96.858307;79.968468
7470437;86.233688;99.046135;96.779701;79.779449
7472434;86.392334;99.088936;96.700142;79.589638
7474437;86.550125;99.130753;96.619629;79.399040
7476436;86.707062;99.171600;96.538162;79.207657
7478474;86.863152;99.211464;96.455742;79.015503
7480462;87.018372;99.250343;96.372368;78.822556
7482458;87.172737;99.288254;96.288040;78.628838
7484457;87.326241;99.325180;96.202759;78.434341
7486461;87.478882;99.361122;96.116539;78.239082
7488473;87.630669;99.396095;96.029366;78.043045
7490444;87.781578;99.430069;95.941246;77.846230
7492435;87.931625;99.463081;95.852188;77.648651
7494437;88.080803;99.495094;95.762161;77.450302
7496438;88.229111;99.526131;95.671204;77.251198
7498479;88.376549;99.556190;95.579300;77.051331
7500434;88.523125;99.585266;95.486458;76.850700
7502434;88.668823;99.613358;95.392662;76.649300
7504436;88.813637;99.640465;95.297935;76.447159
7506438;88.957581;99.666595;95.202271;76.244263
7508496;89.100647;99.691734;95.105652;76.040596
7510463;89.242828;99.715881;95.008102;75.836197
7512453;89.384140;99.739059;94.909607;75.631035
7514456;89.524559;99.761246;94.810188;75.425133
7516460;89.594444;99.771965;94.760117;75.321907
7518459;89.802757;99.802666;94.608536;75.011108
7520475;89.940521;99.821907;94.506302;74.802979
7522456;90.077400;99.840149;94.403145;74.594116
7524457;90.213387;99.857414;94.299057;74.384514
7526458;90.348495;99.873695;94.194031;74.174187
7528453;90.482697;99.888977;94.088081;73.963120
7530473;90.616020;99.903290;93.981201;73.751320
7532441;90.748444;99.916611;93.873383;73.538795
7534440;90.879967;99.928947;93.764648;73.325539
7536438;91.010597;99.940292;93.654991;73.111565
7538435;91.140327;99.950661;93.544403;72.896866
7540617;91.269150;99.960030;93.432892;72.681450
7542459;91.397087;99.968422;93.320465;72.465309
7544459;91.524117;99.975822;93.207108;72.248459
7546459;91.650238;99.982239;93.092850;72.030899
7548452;91.775467;99.987663;92.977646;71.812630
7550456;91.899780;99.992104;92.861542;71.593651
7552471;92.023178;99.995560;92.744514;71.373978
7554441;92.145683;99.998024;92.626579;71.153572
7556437;92.267273;99.999512;92.507729;70.932480
7558437;92.387947;100.000000;92.387955;70.710686
7560436;92.507721;99.999504;92.267273;70.488190
7562597;92.626572;99.998024;92.145683;70.264992
7564465;92.744514;99.995552;92.023186;70.041122
7566459;92.803139;99.993950;91.961601;69.928917
7568457;92.977646;99.987663;91.775467;69.591278
7570453;93.092834;99.982231;91.650238;69.365334
7572454;93.207108;99.975815;91.524109;69.138695
7574475;93.320465;99.968422;91.397087;68.911377
7576461;93.432892;99.960030;91.269157;68.683388
7578457;93.544403;99.950653;91.140327;68.454720
7580456;93.654991;99.940292;91.010605;68.225365
7582458;93.764648;99.928947;90.879974;67.995346
7584473;93.873383;99.916611;90.748444;67.764648
7586435;93.981194;99.903297;90.616020;67.533287
7588434;94.088074;99.888992;90.482712;67.301262
7590437;94.194031;99.873695;90.348495;67.068558
7592440;94.299057;99.857414;90.213394;66.835197
7594437;94.403145;99.840157;90.077415;66.601196
7596475;94.506310;99.821907;89.940521;66.366516
7598457;94.608536;99.802673;89.802757;66.131187
7600455;94.709831;99.782455;89.664101;65.895210
7602450;94.810196;99.761246;89.524567;65.658577
7604452;94.909615;99.739059;89.384148;65.421310
7606478;95.008102;99.715889;89.242844;65.183380
7608435;95.105652;99.691734;89.100662;64.944817
7610438;95.202271;99.666595;88.957588;64.705597
7612437;95.297935;99.640472;88.813652;64.465752
7614437;95.392670;99.613365;88.668831;64.225266
7616438;95.486458;99.585274;88.523140;63.984142
7618477;95.579300;99.556198;88.376572;63.742405
7620456;95.671204;99.526146;88.229126;63.500023
7622456;95.762169;99.495102;88.080811;63.257015
7624454;95.852180;99.463081;87.931633;63.013393
7626458;95.941254;99.430084;87.781586;62.769138
7628480;96.029373;99.396095;87.630669;62.524258
7630446;96.116547;99.361130;87.478897;62.278790
7632435;96.202766;99.325188;87.326256;62.032688
7634431;96.288040;99.288261;87.172752;61.785973
7636435;96.372368;99.250351;87.018379;61.538651
7638493;96.455742;99.211464;86.863159;61.290710
7640471;96.538162;99.171608;86.707077;61.042179
7642455;96.619637;99.130760;86.550140;60.793041
7644458;96.700150;99.088943;86.392342;60.543293
7646458;96.779709;99.046150;86.233704;60.292961
7648458;96.858315;99.002365;86.074211;60.042030
7650472;96.935966;98.957611;85.913857;59.790497
7652436;97.012665;98.911880;85.752670;59.538387
7654440;97.088394;98.865173;85.590622;59.285683
7656437;97.163177;98.817490;85.427742;59.032394
7658443;97.236992;98.768837;85.264023;58.778538
7660491;97.309853;98.719200;85.099457;58.524086
7662457;97.381752;98.668594;84.934044;58.269054
7664457;97.452690;98.617020;84.767799;58.013458
7666457;97.487793;98.590858;84.684357;57.885437
7668464;97.591682;98.510933;84.432793;57.500530
7670458;97.659721;98.456429;84.264053;57.243221
7672478;97.726814;98.400970;84.094467;56.985344
7674463;97.792938;98.344513;83.924049;56.726898
7676461;97.858086;98.287109;83.752808;56.467903
7678456;97.922287;98.228722;83.580742;56.208344
7680453;97.985504;98.169365;83.407845;55.948223
7682479;98.047760;98.109055;83.234131;55.687569
7684435;98.109055;98.047768;83.059601;55.426361
7686434;98.169373;97.985504;82.884239;55.164593
7688439;98.228722;97.922287;82.708061;54.902290
7690436;98.287109;97.858086;82.531067;54.639442
7692434;98.344521;97.792938;82.353264;54.376053
7694475;98.400963;97.726807;82.174644;54.112137
7696464;98.456436;97.659729;81.995216;53.847675
7698459;98.510933;97.591675;81.814972;53.582680
7700455;98.564461;97.522667;81.633934;53.317173
7702454;98.617020;97.452690;81.452080;53.051125
7704475;98.668602;97.381744;81.269417;52.784550
7706430;98.719200;97.309853;81.085960;52.517467
7708430;98.768837;97.236992;80.901703;52.249863
7710431;98.817490;97.163170;80.716637;51.981728
7712439;98.865173;97.088402;80.530800;51.713108
7714430;98.911880;97.012657;80.344139;51.443966
7716471;98.957611;96.935966;80.156693;51.174309
7718462;99.002365;96.858322;79.968475;50.904156
7720460;99.046143;96.779709;79.779449;50.633492
7722456;99.088943;96.700150;79.589638;50.362324
7724455;99.130760;96.619637;79.399048;50.090672
7726473;99.171608;96.538162;79.207672;49.818516
7728457;99.211472;96.455742;79.015503;49.545868
7730459;99.250359;96.372375;78.822563;49.272743
7732453;99.288261;96.288040;78.628845;48.999119
7734453;99.325188;96.202759;78.434349;48.725010
7736477;99.361130;96.116547;78.239082;48.450436
7738436;99.396095;96.029373;78.043053;48.175381
7740433;99.430077;95.941246;77.846237;47.899837
7742432;99.463081;95.852188;77.648666;47.623833
7744441;99.495102;95.762161;77.450310;47.347347
7746493;99.526146;95.671204;77.251205;47.070396
7748472;99.556198;95.579300;77.051331;46.792992
7750462;99.585274;95.486450;76.850700;46.515114
7752461;99.613365;95.392670;76.649300;46.236778
7754458;99.640472;95.297935;76.447159;45.957993
7756458;99.666595;95.202271;76.244255;45.678745
7758476;99.691734;95.105652;76.040596;45.399052
7760432;99.715889;95.008102;75.836197;45.118912
7762434;99.739059;94.909607;75.631035;44.838322
7764437;99.761253;94.810188;75.425133;44.557289
7766432;99.782455;94.709831;75.218506;44.275837
7768627;99.802673;94.608536;75.011116;43.993927
7770464;99.821907;94.506302;74.802986;43.711582
7772459;99.840149;94.403145;74.594124;43.428814
7774453;99.857422;94.299057;74.384514;43.145611
7776458;99.873695;94.194031;74.174179;42.861980
7778454;99.888985;94.088074;73.963112;42.577938
7780474;99.903290;93.981194;73.751312;42.293461
7782457;99.916611;93.873383;73.538788;42.008572
7784456;99.928947;93.764648;73.325539;41.723274
7786459;99.940292;93.654984;73.111557;41.437557
7788456;99.950653;93.544403;72.896866;41.151443
7790469;99.960030;93.432892;72.681442;40.864910
7792441;99.968422;93.320465;72.465324;40.577988
7794431;99.975815;93.207115;72.248474;40.290661
7796441;99.982239;93.092850;72.030914;40.002926
7798438;99.987663;92.977646;71.812630;39.714794
7800437;99.992104;92.861542;71.593651;39.426285
7802471;99.995560;92.744514;71.373962;39.137375
7804461;99.998024;92.626572;71.153572;38.848080
7806459;99.999504;92.507721;70.932480;38.558407
7808459;100.000000;92.387947;70.710686;38.268349
7810453;99.999504;92.267265;70.488182;37.977909
7812471;99.998024;92.145691;70.264999;37.687111
7814436;99.995560;92.023186;70.041115;37.395924
7816432;99.993958;91.961594;69.928917;37.250195
7818438;99.987663;91.775467;69.591278;36.812462
7820435;99.982239;91.650246;69.365341;36.520187
7822436;99.975815;91.524117;69.138702;36.227547
7824473;99.968422;91.397095;68.911392;35.934555
7826457;99.960030;91.269150;68.683395;35.641197
7828456;99.950661;91.140327;68.454720;35.347488
7830456;99.940292;91.010597;68.225372;35.053444
7832455;99.928947;90.879967;67.995346;34.759037
7834461;99.916611;90.748444;67.764648;34.464298
7836445;99.903290;90.616020;67.533287;34.169220
7838433;99.888985;90.482704;67.301247;33.873795
7840437;99.873695;90.348495;67.068550;33.578041
7842431;99.857422;90.213402;66.835205;33.281963
7844498;99.840157;90.077408;66.601196;32.985542
7846468;99.821907;89.940521;66.366516;32.688816
7848456;99.802673;89.802757;66.131195;32.391758
7850455;99.782455;89.664108;65.895210;32.094372
7852459;99.761253;89.524567;65.658585;31.796669
7854454;99.739059;89.384148;65.421310;31.498665
7856471;99.715889;89.242836;65.183380;31.200336
7858439;99.691734;89.100655;64.944809;30.901707
7860444;99.666595;88.957588;64.705605;30.602774
7862433;99.640472;88.813652;64.465752;30.303532
7864436;99.613365;88.668831;64.225266;30.003992
7866474;99.585274;88.523132;63.984154;29.704166
7868447;99.556198;88.376564;63.742401;29.404036
7870439;99.526146;88.229126;63.500023;29.103617
7872443;99.495102;88.080811;63.257015;28.802916
7874439;99.463081;87.931633;63.013397;28.501940
7876439;99.430077;87.781578;62.769146;28.200665
7878470;99.396095;87.630669;62.524277;27.899126
7880460;99.361130;87.478897;62.278782;27.597300
7882458;99.325188;87.326248;62.032677;27.295198
7884456;99.288261;87.172745;61.785965;26.992842
7886463;99.250359;87.018379;61.538643;26.690208
7888474;99.211472;86.863152;61.290710;26.387306
7890437;99.171608;86.707077;61.042179;26.084160
7892434;99.130768;86.550133;60.793030;25.780743
7894437;99.088943;86.392342;60.543293;25.477072
7896434;99.046150;86.233704;60.292961;25.173161
7898477;99.002365;86.074203;60.042023;24.868990
7900442;98.957619;85.913864;59.790504;24.564585
7902433;98.911888;85.752670;59.538399;24.259939
7904438;98.865173;85.590630;59.285694;23.955040
7906434;98.817497;85.427750;59.032398;23.649906
7908433;98.768837;85.264023;58.778538;23.344549
7910470;98.719200;85.099449;58.524078;23.038950
7912459;98.668602;84.934044;58.269054;22.733126
7914453;98.617020;84.767799;58.013458;22.427086
7916460;98.564461;84.600708;57.757275;22.120817
7918457;98.510933;84.432793;57.500530;21.814325
7920494;98.456436;84.264046;57.243221;21.507629
7922456;98.400970;84.094467;56.985336;21.200716
7924456;98.344521;83.924042;56.726898;20.893587
7926460;98.287109;83.752808;56.467896;20.586267
7928459;98.228729;83.580742;56.208347;20.278742
7930459;98.169380;83.407852;55.948238;19.971018
7932478;98.109055;83.234131;55.687569;19.663084
7934438;98.047768;83.059601;55.426361;19.354956
7936439;97.985512;82.884247;55.164604;19.046650
7938438;97.922287;82.708061;54.902290;18.738142
7940438;97.858093;82.531067;54.639442;18.429453
7942477;97.792938;82.353271;54.376060;18.120592
7944439;97.726814;82.174644;54.112137;17.811539
7946433;97.659729;81.995216;53.847672;17.502310
7948437;97.591682;81.814972;53.582687;17.192921
7950434;97.522667;81.633926;53.317165;16.883350
7952435;97.452690;81.452065;53.051113;16.573614
7954475;97.381760;81.269424;52.784573;16.263739
7956458;97.309860;81.085968;52.517479;15.953675
7958455;97.237000;80.901703;52.249866;15.643456
7960455;97.163185;80.716660;51.981747;15.333097
7962457;97.088402;80.530800;51.713108;15.022573
7964468;97.012665;80.344139;51.443958;14.711899
7966435;96.974442;80.250519;51.309196;14.556509
7968439;96.858322;79.968468;50.904156;14.090136
7970439;96.779716;79.779449;50.633492;13.779037
7972436;96.700157;79.589638;50.362331;13.467813
7974434;96.619637;79.399040;50.090672;13.156446
7976473;96.538170;79.207664;49.818512;12.844947
7978460;96.455750;79.015503;49.545876;12.533334
7980462;96.372375;78.822563;49.272739;12.221585
7982457;96.288048;78.628853;48.999126;11.909729
7984451;96.202774;78.434357;48.725025;11.597755
7986463;96.116547;78.239090;48.450439;11.285654
7988442;96.029373;78.043045;48.175385;10.973442
7990436;95.941254;77.846245;47.899849;10.661134
7992437;95.852188;77.648659;47.623833;10.348704
7994433;95.762169;77.450310;47.347347;10.036180
7996509;95.671211;77.251205;47.070408;9.723562
7998464;95.579308;77.051331;46.792992;9.410843
8000457;95.486458;76.850693;46.515114;9.098026
8002458;95.392670;76.649307;46.236782;8.785131
8004459;95.297935;76.447159;45.957989;8.472138
8006456;95.202271;76.244255;45.678745;8.159065
8008481;95.105659;76.040611;45.399071;7.845932
8010458;95.008110;75.836205;45.118923;7.532695
8012456;94.909622;75.631042;44.838333;7.219386
8014457;94.810196;75.425148;44.557308;6.906024
8016461;94.709839;75.218498;44.275837;6.592572
8018467;94.608536;75.011108;43.993927;6.279058
8020441;94.506317;74.802986;43.711590;5.965498
8022435;94.403152;74.594124;43.428814;5.651865
8024430;94.299057;74.384514;43.145607;5.338177
8026438;94.194038;74.174187;42.861984;5.024442
8028439;94.088081;73.963112;42.577942;4.710653
8030473;93.981201;73.751312;42.293465;4.396817
8032456;93.873390;73.538795;42.008579;4.082945
8034454;93.764648;73.325531;41.723274;3.769022
8036457;93.654999;73.111565;41.437565;3.455079
8038461;93.544411;72.896873;41.151451;3.141096
8040477;93.432907;72.681458;40.864925;2.827072
8042437;93.320465;72.465317;40.577984;2.513018
8044435;93.207123;72.248474;40.290661;2.198956
8046438;93.092850;72.030914;40.002926;1.884857
8048437;92.977646;71.812630;39.714794;1.570734
8050622;92.861542;71.593651;39.426285;1.256618
8052468;92.744514;71.373962;39.137375;0.942472
8054467;92.626579;71.153572;38.848080;0.628316
8056461;92.507729;70.932480;38.558407;0.314170
8058456;92.387955;70.710686;38.268349;0.000003
8060456;92.267273;70.488182;37.977909;-0.314158
8062480;92.145691;70.265015;37.687119;-0.628296
8064432;92.023193;70.041122;37.395935;-0.942451
8066441;91.961601;69.928917;37.250202;-1.099524
8068434;91.775475;69.591293;36.812473;-1.570714
8070437;91.650246;69.365334;36.520187;-1.884833
8072436;91.524117;69.138702;36.227539;-2.198935
8074472;91.397095;68.911392;35.934551;-2.512994
8076462;91.269157;68.683388;35.641197;-2.827048
8078460;91.140327;68.454712;35.347485;-3.141072
8080457;91.010597;68.225365;35.053440;-3.455052
8082452;90.879974;67.995338;34.759037;-3.769013
8084469;90.748444;67.764641;34.464287;-4.082933
8086437;90.616020;67.533279;34.169209;-4.396814
8088436;90.482712;67.301262;33.873806;-4.710629
8090435;90.348503;67.068558;33.578049;-5.024421
8092437;90.213394;66.835197;33.281956;-5.338165
8094437;90.077415;66.601196;32.985558;-5.651832
8096475;89.940529;66.366516;32.688820;-5.965466
8098458;89.802765;66.131195;32.391754;-6.279037
8100459;89.664108;65.895210;32.094372;-6.592551
8102456;89.524567;65.658585;31.796669;-6.906000
8104458;89.384140;65.421288;31.498646;-7.219380
8106481;89.242844;65.183388;31.200344;-7.532662
8108440;89.100662;64.944809;30.901712;-7.845893
8110438;88.957588;64.705605;30.602774;-8.159054
8112443;88.813644;64.465752;30.303530;-8.472127
8114437;88.668823;64.225258;30.003986;-8.785120
8116473;88.596085;64.104782;29.854118;-8.941573
8118434;88.376564;63.742405;29.404041;-9.410816
8120435;88.229126;63.500023;29.103624;-9.723544
8122438;88.080811;63.257015;28.802916;-10.036167
8124434;87.931625;63.013382;28.501923;-10.348699
8126433;87.781578;62.769127;28.200649;-10.661122
8128474;87.630661;62.524254;27.899096;-10.973445
8130457;87.478897;62.278793;27.597311;-11.285609
8132452;87.326256;62.032688;27.295212;-11.597711
8134452;87.172745;61.785973;26.992849;-11.909697
8136454;87.018379;61.538643;26.690207;-12.221569
8138476;86.863152;61.290707;26.387314;-12.533316
8140440;86.707069;61.042168;26.084152;-12.844941
8142436;86.550140;60.793041;25.780758;-13.156411
8144439;86.392349;60.543297;25.477087;-13.467783
8146436;86.233696;60.292961;25.173164;-13.779020
8148627;86.074203;60.042023;24.868988;-14.090117
8150461;85.913857;59.790497;24.564579;-14.401073
8152463;85.752663;59.538376;24.259922;-14.711893
8154458;85.590630;59.285690;23.955044;-15.022543
8156460;85.427750;59.032406;23.649914;-15.333065
8158454;85.264015;58.778526;23.344538;-15.643438
8160474;85.099449;58.524071;23.038942;-15.953657
8162434;84.934029;58.269035;22.733120;-16.263720
8164441;84.767799;58.013458;22.427092;-16.573593
8166438;84.600708;57.757271;22.120815;-16.883335
8168437;84.432793;57.500523;21.814325;-17.192904
8170432;84.264038;57.243210;21.507627;-17.502302
8172474;84.094452;56.985329;21.200708;-17.811531
8174458;83.924034;56.726883;20.893579;-18.120584
8176455;83.924034;56.726883;20.586267;-18.429432
8178458;83.580734;56.208336;20.278728;-18.738127
8180454;83.407845;55.948223;19.970995;-19.046635
8182475;83.234116;55.687546;19.663059;-19.354958
8184437;83.059601;55.426361;19.354959;-19.663054
8186440;82.884232;55.164593;19.046640;-19.970985
8188439;82.708069;54.902302;18.738163;-20.278698
8190435;82.531075;54.639454;18.429466;-20.586231
8192480;82.353271;54.376064;18.120592;-20.893570
8194441;82.174644;54.112137;17.811541;-21.200699
8196432;81.995216;53.847672;17.502312;-21.507614
8198437;81.814972;53.582680;17.192913;-21.814323
8200437;81.633934;53.317177;16.883364;-22.120789
8202431;81.452087;53.051140;16.573631;-22.427052
8204472;81.269424;52.784561;16.263733;-22.733107
8206460;81.085960;52.517467;15.953669;-23.038933
8208450;80.901703;52.249855;15.643451;-23.344532
8210456;80.716637;51.981735;15.333075;-23.649895
8212456;80.530800;51.713108;15.022582;-23.955011
8214473;80.344147;51.443958;14.711899;-24.259911
8216443;80.156700;51.174309;14.401081;-24.564569
8218439;79.968468;50.904148;14.090130;-24.868980
8220442;79.779449;50.633484;13.779029;-25.173155
8222443;79.589630;50.362312;13.467794;-25.477079
8224438;79.399048;50.090675;13.156450;-25.780720
8226472;79.207664;49.818516;12.844944;-26.084148
8228456;79.015503;49.545868;12.533325;-26.387304
8230453;78.822556;49.272732;12.221578;-26.690197
8232454;78.628838;48.999107;11.909712;-26.992836
8234459;78.434341;48.724998;11.597720;-27.295208
8236474;78.239082;48.450428;11.285645;-27.597279
8238457;78.043053;48.175388;10.973456;-27.899086
8240456;77.846237;47.899841;10.661134;-28.200638
8242456;77.648666;47.623837;10.348713;-28.501907
8244459;77.450310;47.347347;10.036182;-28.802904
8246473;77.251205;47.070400;9.723559;-29.103613
8248437;77.051338;46.793003;9.410858;-29.404005
8250442;76.850708;46.515125;9.098044;-29.704136
8252435;76.649315;46.236790;8.785141;-30.003971
8254438;76.447166;45.958000;8.472151;-30.303514
8256436;76.244263;45.678749;8.159068;-30.602753
8258473;76.040604;45.399052;7.845914;-30.901691
8260462;75.836205;45.118923;7.532701;-31.200310
8262453;75.631050;44.838337;7.219398;-31.498632
8264458;75.425148;44.557304;6.906014;-31.796652
8266457;75.321922;44.416630;6.749311;-31.945530
8268481;75.011108;43.993919;6.279051;-32.391739
8270448;74.802986;43.711578;5.965483;-32.688805
8272441;74.594131;43.428822;5.651874;-32.985523
8274438;74.384521;43.145615;5.338177;-33.281940
8276435;74.174179;42.861980;5.024439;-33.578033
8278443;73.963112;42.577927;4.710648;-33.873783
8280474;73.751305;42.293449;4.396805;-34.169216
8282456;73.538780;42.008564;4.082927;-34.464298
8284457;73.325546;41.723282;3.769028;-34.759022
8286452;73.111565;41.437565;3.455070;-35.053429
8288458;72.896866;41.151432;3.141072;-35.347485
8290470;72.681442;40.864899;2.827048;-35.641193
8292433;72.465324;40.577991;2.513024;-35.934528
8294440;72.248474;40.290649;2.198946;-36.227531
8296437;72.030922;40.002934;1.884872;-36.520153
8298435;71.812645;39.714806;1.570749;-36.812435
8300437;71.593658;39.426289;1.256624;-37.104355
8302478;71.373962;39.137371;0.942469;-37.395912
8304459;71.153572;38.848080;0.628319;-37.687092
8306460;70.932480;38.558411;0.314179;-37.977890
8308459;70.710686;38.268360;0.000021;-38.268318
8310455;70.488205;37.977928;-0.314134;-38.558380
8312477;70.265007;37.687115;-0.628302;-38.848061
8314444;70.041122;37.395927;-0.942454;-39.137352
8316436;69.928932;37.250214;-1.099509;-39.281845
8318438;69.591293;36.812477;-1.570705;-39.714764
8320435;69.365349;36.520195;-1.884821;-40.002899
8322489;69.138702;36.227551;-2.198920;-40.290627
8324475;68.911385;35.934551;-2.513000;-40.577961
8326457;68.683395;35.641193;-2.827048;-40.864899
8328457;68.454712;35.347485;-3.141072;-41.151432
8330454;68.225380;35.053452;-3.455046;-41.437538
8332461;67.995354;34.759048;-3.769004;-41.723259
8334474;67.764648;34.464298;-4.082927;-42.008564
8336439;67.533287;34.169216;-4.396805;-42.293449
8338437;67.301247;33.873783;-4.710648;-42.577927
8340438;67.068550;33.578033;-5.024439;-42.861980
8342436;66.835213;33.281963;-5.338153;-43.145592
8344481;66.601196;32.985546;-5.651844;-43.428795
8346440;66.366539;32.688831;-5.965453;-43.711548
8348436;66.131203;32.391762;-6.279027;-43.993896
8350440;65.895226;32.094379;-6.592542;-44.275810
8352435;65.658585;31.796677;-6.905991;-44.557278
8354437;65.421318;31.498680;-7.219350;-44.838291
8356478;65.183395;31.200352;-7.532653;-45.118885
8358460;64.944824;30.901718;-7.845891;-45.399029
8360456;64.705612;30.602779;-8.159044;-45.678722
8362452;64.465759;30.303537;-8.472117;-45.957973
8364457;64.225273;30.003998;-8.785110;-46.236767
8366478;63.984169;29.704184;-9.097994;-46.515087
8368437;63.742416;29.404053;-9.410808;-46.792961
8370437;63.500034;29.103630;-9.723532;-47.070374
8372439;63.257027;28.802925;-10.036159;-47.347328
8374435;63.013393;28.501928;-10.348690;-47.623817
8376437;62.769138;28.200663;-10.661110;-47.899830
8378477;62.524284;27.899132;-10.973414;-48.175350
8380455;62.278790;27.597301;-11.285621;-48.450417
8382457;62.032688;27.295208;-11.597720;-48.724998
8384454;61.785965;26.992836;-11.909712;-48.999107
8386461;61.538635;26.690197;-12.221578;-49.272732
8388475;61.290707;26.387304;-12.533325;-49.545868
8390436;61.042183;26.084164;-12.844926;-49.818497
8392435;60.793037;25.780746;-13.156425;-50.090652
8394436;60.543293;25.477079;-13.467794;-50.362312
8396440;60.292953;25.173155;-13.779029;-50.633484
8398437;60.042034;24.869003;-14.090106;-50.904125
8400481;59.790508;24.564589;-14.401063;-51.174282
8402457;59.538414;24.259958;-14.711854;-51.443916
8404453;59.285706;23.955055;-15.022528;-51.713074
8406459;59.032417;23.649925;-15.333054;-51.981712
8408457;58.778542;23.344555;-15.643424;-52.249836
8410477;58.524086;23.038956;-15.953645;-52.517448
8412435;58.269054;22.733131;-16.263708;-52.784538
8414434;58.013470;22.427105;-16.573584;-53.051090
8416434;57.885437;22.273981;-16.728481;-53.184189
8418435;57.500542;21.814341;-17.192888;-53.582657
8420432;57.243221;21.507639;-17.502293;-53.847652
8422476;56.985344;21.200720;-17.811516;-54.112114
8424455;56.726898;20.893589;-18.120565;-54.376041
8426460;56.467915;20.586285;-18.429419;-54.639404
8428458;56.208355;20.278749;-18.738115;-54.902267
8430456;55.948238;19.971016;-19.046616;-55.164570
8432463;55.687569;19.663080;-19.354939;-55.426334
8434444;55.426353;19.354958;-19.663059;-55.687546
8436433;55.164589;19.046635;-19.970995;-55.948223
8438433;54.902298;18.738152;-20.278704;-56.208313
8440434;54.639446;18.429459;-20.586246;-56.467880
8442480;54.376053;18.120584;-20.893579;-56.726883
8444441;54.112125;17.811531;-21.200708;-56.985329
8446430;53.847664;17.502302;-21.507627;-57.243210
8448433;53.582676;17.192904;-21.814325;-57.500523
8450436;53.317173;16.883356;-22.120792;-57.757252
8452437;53.051144;16.573643;-22.427044;-58.013409
8454475;52.784573;16.263744;-22.733089;-58.269016
8456461;52.517479;15.953681;-23.038923;-58.524059
8458458;52.249874;15.643465;-23.344513;-58.778507
8460454;51.981766;15.333113;-23.649860;-59.032356
8462451;51.713127;15.022593;-23.954996;-59.285652
8464505;51.443977;14.711916;-24.259892;-59.538357
8466465;51.174320;14.401102;-24.564548;-59.790474
8468458;50.904156;14.090138;-24.868971;-60.042007
8470450;50.633492;13.779041;-25.173140;-60.292934
8472458;50.362350;13.467834;-25.477034;-60.543259
8474455;50.090683;13.156462;-25.780710;-60.793007
8476475;49.818527;12.844962;-26.084126;-61.042149
8478462;49.545879;12.533340;-26.387287;-61.290688
8480457;49.272743;12.221586;-26.690191;-61.538624
8482454;48.999119;11.909720;-26.992821;-61.785954
8484454;48.725033;11.597758;-27.295170;-62.032646
8486473;48.450447;11.285657;-27.597269;-62.278759
8488441;48.175381;10.973445;-27.899096;-62.524254
8490440;47.899837;10.661122;-28.200649;-62.769127
8492441;47.623821;10.348699;-28.501923;-63.013382
8494434;47.347336;10.036167;-28.802916;-63.257015
8496616;47.070408;9.723565;-29.103598;-63.500004
8498466;46.792992;9.410840;-29.404020;-63.742386
8500458;46.515114;9.098026;-29.704151;-63.984138
8502456;46.236778;8.785120;-30.003986;-64.225258
8504457;45.957981;8.472127;-30.303530;-64.465752
8506460;45.678757;8.159074;-30.602747;-64.705582
8508472;45.399082;7.845944;-30.901661;-64.944778
8510436;45.118935;7.532710;-31.200302;-65.183350
8512437;44.838341;7.219398;-31.498632;-65.421280
8514431;44.557308;6.906021;-31.796642;-65.658554
8516441;44.275837;6.592572;-32.094345;-65.895195
8518442;43.993927;6.279060;-32.391731;-66.131172
8520474;43.711601;5.965510;-32.688774;-66.366493
8522467;43.428825;5.651879;-32.985516;-66.601166
8524461;43.145622;5.338186;-33.281940;-66.835190
8526460;42.861992;5.024448;-33.578022;-67.068542
8528453;42.577938;4.710653;-33.873783;-67.301239
8530473;42.293461;4.396814;-34.169209;-67.533279
8532442;42.008595;4.082960;-34.464268;-67.764626
8534436;41.723286;3.769034;-34.759018;-67.995323
8536434;41.437569;3.455076;-35.053421;-68.225357
8538439;41.151443;3.141084;-35.347481;-68.454704
8540434;40.864910;2.827060;-35.641186;-68.683388
8542470;40.577976;2.513006;-35.934536;-68.911377
8544454;40.290661;2.198952;-36.227520;-69.138680
8546463;40.002926;1.884854;-36.520164;-69.365318
8548457;39.714794;1.570740;-36.812447;-69.591270
8550457;39.426277;1.256606;-37.104370;-69.816536
8552470;39.137363;0.942460;-37.395924;-70.041122
8554436;38.848068;0.628307;-37.687107;-70.264999
8556437;38.558411;0.314173;-37.977894;-70.488174
8558439;38.268349;0.000003;-38.268337;-70.710670
8560432;37.977936;-0.314134;-38.558376;-70.932457
8562478;37.687119;-0.628296;-38.848057;-71.153549
8564433;37.395935;-0.942451;-39.137356;-71.373947
8566435;37.250214;-1.099512;-39.281841;-71.483871
8568440;36.812485;-1.570702;-39.714760;-71.812607
8570431;36.520203;-1.884821;-40.002888;-72.030891
8572438;36.227558;-2.198917;-40.290623;-72.248444
8574474;35.934555;-2.512994;-40.577961;-72.465302
8576463;35.641201;-2.827045;-40.864895;-72.681442
8578457;35.347488;-3.141069;-41.151432;-72.896858
8580456;35.053455;-3.455037;-41.437531;-73.111542
8582456;34.759052;-3.768998;-41.723251;-73.325523
8584472;34.464306;-4.082921;-42.008560;-73.538773
8586440;34.169220;-4.396802;-42.293449;-73.751305
8588430;33.873795;-4.710641;-42.577927;-73.963104
8590439;33.578037;-5.024433;-42.861973;-74.174171
8592434;33.281975;-5.338147;-43.145584;-74.384499
8594488;32.985558;-5.651837;-43.428791;-74.594101
8596475;32.688812;-5.965474;-43.711567;-74.802971
8598458;32.391747;-6.279048;-43.993919;-75.011108
8600458;32.094360;-6.592563;-44.275822;-75.218491
8602456;31.796658;-6.906009;-44.557301;-75.425133
8604453;31.498665;-7.219368;-44.838310;-75.631035
8606476;31.200336;-7.532674;-45.118904;-75.836182
8608459;30.901703;-7.845905;-45.399048;-76.040596
8610456;30.602762;-8.159065;-45.678745;-76.244255
8612453;30.303522;-8.472138;-45.957989;-76.447159
8614457;30.004025;-8.785087;-46.236748;-76.649277
8616475;29.704189;-9.097987;-46.515083;-76.850670
8618439;29.404058;-9.410808;-46.792953;-77.051308
8620438;29.103638;-9.723529;-47.070374;-77.251183
8622444;28.802931;-10.036156;-47.347324;-77.450294
8624434;28.501940;-10.348683;-47.623806;-77.648636
8626435;28.200689;-10.661083;-47.899803;-77.846207
8628477;27.899137;-10.973406;-48.175343;-78.043022
8630457;27.597309;-11.285618;-48.450409;-78.239067
8632454;27.295212;-11.597720;-48.724998;-78.434334
8634453;26.992840;-11.909707;-48.999107;-78.628838
8636459;26.690207;-12.221572;-49.272728;-78.822556
8638475;26.387331;-12.533298;-49.545849;-79.015488
8640441;26.084169;-12.844925;-49.818493;-79.207649
8642438;25.780756;-13.156420;-50.090645;-79.399025
8644435;25.477085;-13.467787;-50.362309;-79.589630
8646435;25.173161;-13.779023;-50.633476;-79.779442
8648434;24.868990;-14.090122;-50.904137;-79.968468
8650474;24.564596;-14.401060;-51.174282;-80.156693
8652463;24.259939;-14.711875;-51.443939;-80.344131
8654455;23.955040;-15.022551;-51.713093;-80.530785
8656456;23.649906;-15.333073;-51.981735;-80.716637
8658457;23.344538;-15.643446;-52.249863;-80.901703
8660473;23.038939;-15.953666;-52.517475;-81.085968
8662440;22.733135;-16.263700;-52.784538;-81.269402
8664435;22.427086;-16.573605;-53.051113;-81.452065
8666434;22.120813;-16.883341;-53.317158;-81.633926
8668436;21.814348;-17.192888;-53.582661;-81.814957
8670432;21.507641;-17.502291;-53.847660;-81.995201
8672473;21.200726;-17.811514;-54.112114;-82.174637
8674460;20.893621;-18.120544;-54.376019;-82.353241
8676457;20.586288;-18.429419;-54.639412;-82.531052
8678459;20.278751;-18.738110;-54.902260;-82.708046
8680458;19.971016;-19.046616;-55.164574;-82.884224
8682464;19.663082;-19.354937;-55.426342;-83.059586
8684441;19.354956;-19.663063;-55.687557;-83.234123
8686437;19.046659;-19.970972;-55.948204;-83.407822
8688439;18.738153;-20.278708;-56.208317;-83.580727
8690438;18.429462;-20.586243;-56.467880;-83.752792
8692497;18.120588;-20.893579;-56.726883;-83.924042
8694454;17.811537;-21.200703;-56.985329;-84.094452
8696460;17.502310;-21.507622;-57.243217;-84.264038
8698458;17.192932;-21.814304;-57.500511;-84.432777
8700456;16.883362;-22.120792;-57.757259;-84.600700
8702457;16.573624;-22.427063;-58.013432;-84.767784
8704474;16.263723;-22.733116;-58.269035;-84.934029
8706461;15.953663;-23.038940;-58.524071;-85.099449
8708459;15.643445;-23.344540;-58.778530;-85.264015
8710456;15.333096;-23.649883;-59.032379;-85.427734
8712454;15.022570;-23.955019;-59.285675;-85.590622
8714473;14.711897;-24.259918;-59.538376;-85.752663
8716441;14.556519;-24.412268;-59.664505;-85.833366
8718432;14.090120;-24.868992;-60.042023;-86.074203
8720428;13.779022;-25.173164;-60.292965;-86.233704
8722432;13.467834;-25.477039;-60.543262;-86.392319
8724436;13.156466;-25.780708;-60.793007;-86.550117
8726478;12.844968;-26.084126;-61.042149;-86.707054
8728460;12.533342;-26.387287;-61.290688;-86.863136
8730458;12.221595;-26.690186;-61.538624;-87.018364
8732453;11.909726;-26.992821;-61.785950;-87.172737
8734454;11.597764;-27.295166;-62.032654;-87.326225
8736476;11.285663;-27.597263;-62.278759;-87.478874
8738443;10.973451;-27.899092;-62.524246;-87.630653
8740437;10.661130;-28.200644;-62.769127;-87.781570
8742440;10.348703;-28.501919;-63.013382;-87.931625
8744434;10.036177;-28.802908;-63.257008;-88.080803
8746433;9.723573;-29.103596;-63.500000;-88.229111
8748475;9.410850;-29.404015;-63.742382;-88.376549
8750456;9.098034;-29.704147;-63.984138;-88.523117
8752458;8.785129;-30.003983;-64.225258;-88.668823
8754455;8.472136;-30.303522;-64.465752;-88.813644
8756459;8.159060;-30.602764;-64.705597;-88.957588
8758479;7.845928;-30.901682;-64.944786;-89.100639
8760445;7.532693;-31.200317;-65.183357;-89.242828
8762440;7.219385;-31.498644;-65.421288;-89.384132
8764435;6.906006;-31.796661;-65.658577;-89.524559
8766435;6.592558;-32.094364;-65.895203;-89.664101
8768522;6.279069;-32.391727;-66.131172;-89.802750
8770459;5.965495;-32.688789;-66.366501;-89.940521
8772454;5.651861;-32.985531;-66.601181;-90.077393
8774453;5.338172;-33.281952;-66.835197;-90.213394
8776458;5.024454;-33.578022;-67.068542;-90.348488
8778455;4.710662;-33.873775;-67.301239;-90.482697
8780476;4.396848;-34.169178;-67.533249;-90.615997
8782459;4.082967;-34.464264;-67.764626;-90.748428
8784454;3.769045;-34.759010;-67.995323;-90.879951
8786462;3.455086;-35.053410;-68.225342;-91.010582
8788457;3.141093;-35.347469;-68.454697;-91.140312
8790481;2.827068;-35.641174;-68.683372;-91.269150
8792440;2.513040;-35.934509;-68.911354;-91.397072
8794436;2.198963;-36.227512;-69.138680;-91.524109
8796430;1.884865;-36.520157;-69.365318;-91.650238
8798435;1.570747;-36.812439;-69.591263;-91.775452
8800629;1.256615;-37.104359;-69.816528;-91.899773
8802462;0.942470;-37.395916;-70.041107;-92.023178
8804459;0.628339;-37.687077;-70.264977;-92.145668
8806458;0.314179;-37.977890;-70.488167;-92.267265
8808460;0.000015;-38.268326;-70.710663;-92.387947
8810458;-0.314149;-38.558388;-70.932457;-92.507706
8812459;-0.628309;-38.848068;-71.153564;-92.626572
8814439;-0.942463;-39.137367;-71.373955;-92.744514
8816436;-1.099525;-39.281860;-71.483887;-92.803139
8818437;-1.570717;-39.714775;-71.812614;-92.977646
8820433;-1.884835;-40.002903;-72.030899;-93.092834
8822472;-2.198933;-40.290638;-72.248459;-93.207100
8824438;-2.513010;-40.577976;-72.465309;-93.320457
8826431;-2.827062;-40.864910;-72.681442;-93.432892
8828434;-3.141062;-41.151421;-72.896858;-93.544403
8830438;-3.455031;-41.437523;-73.111534;-93.654976
8832436;-3.768990;-41.723244;-73.325516;-93.764641
8834478;-4.082912;-42.008553;-73.538765;-93.873375
8836452;-4.396794;-42.293446;-73.751297;-93.981186
8838457;-4.710632;-42.577915;-73.963097;-94.088074
8840452;-5.024400;-42.861950;-74.174156;-94.194016
8842459;-5.338142;-43.145580;-74.384491;-94.299042
8844477;-5.651831;-43.428783;-74.594101;-94.403137
8846436;-5.965465;-43.711559;-74.802963;-94.506294
8848435;-6.279039;-43.993904;-75.011101;-94.608528
8850442;-6.592552;-44.275818;-75.218491;-94.709824
8852437;-6.905976;-44.557266;-75.425125;-94.810181
8854433;-7.219356;-44.838303;-75.631020;-94.909599
8856477;-7.532664;-45.118896;-75.836182;-95.008095
8858458;-7.845898;-45.399040;-76.040588;-95.105652
8860455;-8.159054;-45.678734;-76.244247;-95.202263
8862456;-8.472131;-45.957985;-76.447151;-95.297935
8864460;-8.785099;-46.236755;-76.649284;-95.392654
8866482;-8.941574;-46.375992;-76.750084;-95.486443
8868440;-9.410820;-46.792969;-77.051315;-95.579300
8870433;-9.723543;-47.070389;-77.251198;-95.671204
8872442;-10.036171;-47.347336;-77.450302;-95.762161
8874438;-10.348699;-47.623825;-77.648651;-95.852180
8876438;-10.661099;-47.899818;-77.846214;-95.941238
8878479;-10.973421;-48.175358;-78.043030;-96.029358
8880454;-11.285633;-48.450424;-78.239075;-96.116547
8882455;-11.597733;-48.725014;-78.434349;-96.202766
8884455;-11.909697;-48.999100;-78.628830;-96.288040
8886457;-12.221565;-49.272720;-78.822556;-96.372368
8888475;-12.533291;-49.545841;-79.015480;-96.455734
8890463;-12.844914;-49.818485;-79.207649;-96.538147
8892466;-13.156412;-50.090641;-79.399025;-96.619621
8894459;-13.467780;-50.362301;-79.589622;-96.700134
8896456;-13.779016;-50.633465;-79.779442;-96.779709
8898473;-14.090115;-50.904129;-79.968460;-96.858307
8900439;-14.401050;-51.174271;-80.156677;-96.935959
8902434;-14.711868;-51.443935;-80.344131;-97.012650
8904441;-15.022542;-51.713085;-80.530777;-97.088394
8906434;-15.333065;-51.981724;-80.716637;-97.163170
8908438;-15.643438;-52.249847;-80.901695;-97.236992
8910474;-15.953633;-52.517437;-81.085945;-97.309845
8912454;-16.263695;-52.784531;-81.269402;-97.381744
8914458;-16.573595;-53.051102;-81.452057;-97.452682
8916461;-16.883331;-53.317154;-81.633911;-97.522659
8918454;-17.192902;-53.582676;-81.814972;-97.591682
8920471;-17.502304;-53.847664;-81.995216;-97.659721
8922440;-17.811506;-54.112106;-82.174622;-97.726807
8924433;-18.120560;-54.376038;-82.353249;-97.792938
8926444;-18.429432;-54.639423;-82.531059;-97.858086
8928434;-18.738123;-54.902275;-82.708054;-97.922279
8930439;-19.046631;-55.164581;-82.884232;-97.985504
8932475;-19.354950;-55.426346;-83.059601;-98.047760
8934440;-19.663054;-55.687546;-83.234116;-98.109047
8936430;-19.970985;-55.948215;-83.407845;-98.169373
8938433;-20.278700;-56.208313;-83.580719;-98.228714
8940433;-20.586235;-56.467880;-83.752785;-98.287109
8942470;-20.893570;-56.726879;-83.924034;-98.344513
8944437;-21.200695;-56.985317;-84.094452;-98.400963
8946439;-21.507589;-57.243179;-84.264023;-98.456421
8948436;-21.814295;-57.500500;-84.432777;-98.510925
8950436;-22.120785;-57.757252;-84.600700;-98.564461
8952473;-22.427057;-58.013428;-84.767784;-98.617004
8954436;-22.733107;-58.269035;-84.934036;-98.668594
8956433;-23.038933;-58.524067;-85.099449;-98.719200
8958436;-23.344507;-58.778500;-85.264000;-98.768829
8960433;-23.649876;-59.032375;-85.427734;-98.817490
8962436;-23.955011;-59.285664;-85.590622;-98.865173
8964471;-24.259909;-59.538376;-85.752655;-98.911880
8966460;-24.564569;-59.790493;-85.913849;-98.957603
8968455;-24.868984;-60.042023;-86.074203;-99.002365
8970456;-25.173134;-60.292934;-86.233688;-99.046143
8972458;-25.477055;-60.543274;-86.392334;-99.088936
8974475;-25.780725;-60.793018;-86.550125;-99.130760
8976444;-26.084143;-61.042168;-86.707069;-99.171600
8978436;-26.387300;-61.290707;-86.863152;-99.211464
8980433;-26.690201;-61.538635;-87.018379;-99.250359
8982430;-26.992813;-61.785950;-87.172737;-99.288254
8984436;-27.295181;-62.032665;-87.326241;-99.325188
8986477;-27.597281;-62.278770;-87.478889;-99.361130
8988461;-27.899107;-62.524258;-87.630669;-99.396095
8990460;-28.200659;-62.769138;-87.781586;-99.430084
8992456;-28.501909;-63.013374;-87.931618;-99.463074
8994454;-28.802877;-63.256992;-88.080803;-99.495102
8996464;-29.103586;-63.500000;-88.229111;-99.526138
8998441;-29.404009;-63.742382;-88.376556;-99.556198
9000442;-29.704138;-63.984131;-88.523117;-99.585266
9002440;-30.003973;-64.225258;-88.668816;-99.613365
9004432;-30.303516;-64.465736;-88.813637;-99.640472
9006639;-30.602736;-64.705574;-88.957573;-99.666580
9008462;-30.901674;-64.944778;-89.100639;-99.691727
9010452;-31.200310;-65.183350;-89.242828;-99.715889
9012457;-31.498638;-65.421280;-89.384140;-99.739059
9014456;-31.796652;-65.658562;-89.524559;-99.761238
9016463;-31.945532;-65.776955;-89.594437;-99.771973
9018472;-32.391720;-66.131165;-89.802742;-99.802673
9020461;-32.688786;-66.366501;-89.940521;-99.821899
9022457;-32.985527;-66.601166;-90.077393;-99.840149
9024453;-33.281944;-66.835190;-90.213387;-99.857414
9026460;-33.578033;-67.068550;-90.348495;-99.873695
9028470;-33.873791;-67.301247;-90.482704;-99.888985
9030443;-34.169189;-67.533264;-90.616013;-99.903290
9032436;-34.464279;-67.764626;-90.748436;-99.916611
9034436;-34.759026;-67.995331;-90.879967;-99.928947
9036437;-35.053425;-68.225357;-91.010597;-99.940285
9038430;-35.347485;-68.454712;-91.140327;-99.950661
9040476;-35.641193;-68.683388;-91.269157;-99.960030
9042454;-35.934525;-68.911377;-91.397079;-99.968422
9044454;-36.227528;-69.138687;-91.524109;-99.975815
9046459;-36.520149;-69.365311;-91.650238;-99.982231
9048459;-36.812435;-69.591263;-91.775452;-99.987671
9050471;-37.104355;-69.816528;-91.899780;-99.992104
9052439;-37.395885;-70.041084;-92.023170;-99.995552
9054437;-37.687073;-70.264969;-92.145668;-99.998024
9056433;-37.977882;-70.488167;-92.267265;-99.999504
9058433;-38.268322;-70.710663;-92.387939;-100.000000
9060438;-38.558380;-70.932457;-92.507713;-99.999504
9062476;-38.848064;-71.153557;-92.626572;-99.998024
9064459;-39.137337;-71.373932;-92.744499;-99.995552
9066458;-39.281853;-71.483871;-92.803131;-99.993950
9068455;-39.714767;-71.812614;-92.977646;-99.987663
9070452;-40.002899;-72.030891;-93.092827;-99.982231
9072476;-40.290634;-72.248459;-93.207108;-99.975822
9074442;-40.577969;-72.465309;-93.320465;-99.968422
9076441;-40.864883;-72.681427;-93.432884;-99.960037
9078438;-41.151417;-72.896851;-93.544395;-99.950653
9080442;-41.437542;-73.111549;-93.654984;-99.940300
9082439;-41.723259;-73.325523;-93.764641;-99.928940
9084473;-42.008568;-73.538780;-93.873375;-99.916611
9086459;-42.293461;-73.751305;-93.981194;-99.903297
9088457;-42.577911;-73.963097;-94.088066;-99.888977
9090457;-42.861965;-74.174164;-94.194016;-99.873688
9092455;-43.145596;-74.384506;-94.299049;-99.857414
9094503;-43.428799;-74.594101;-94.403145;-99.840149
9096464;-43.711575;-74.802979;-94.506302;-99.821907
9098454;-43.993919;-75.011108;-94.608536;-99.802666
9100458;-44.275787;-75.218460;-94.709816;-99.782448
9102456;-44.557262;-75.425110;-94.810173;-99.761253
9104458;-44.838295;-75.631012;-94.909599;-99.739059
9106478;-45.118885;-75.836166;-95.008087;-99.715889
9108463;-45.399033;-76.040581;-95.105644;-99.691727
9110458;-45.678730;-76.244232;-95.202255;-99.666588
9112450;-45.957954;-76.447128;-95.297920;-99.640465
9114458;-46.236752;-76.649277;-95.392654;-99.613358
9116473;-46.515087;-76.850677;-95.486435;-99.585266
9118446;-46.792965;-77.051308;-95.579300;-99.556198
9120439;-47.070381;-77.251183;-95.671204;-99.526138
9122438;-47.347332;-77.450302;-95.762161;-99.495094
9124437;-47.623795;-77.648628;-95.852158;-99.463074
9126638;-47.899811;-77.846214;-95.941231;-99.430069
9128464;-48.175350;-78.043022;-96.029358;-99.396095
9130457;-48.450413;-78.239067;-96.116531;-99.361130
9132456;-48.725002;-78.434334;-96.202759;-99.325180
9134457;-48.999111;-78.628838;-96.288040;-99.288261
9136458;-49.272713;-78.822540;-96.372353;-99.250351
9138479;-49.545849;-79.015488;-96.455734;-99.211464
9140435;-49.818497;-79.207649;-96.538162;-99.171600
9142433;-50.090652;-79.399033;-96.619621;-99.130760
9144436;-50.362312;-79.589630;-96.700142;-99.088936
9146432;-50.633476;-79.779434;-96.779701;-99.046135
9148471;-50.904125;-79.968452;-96.858307;-99.002365
9150440;-51.174290;-80.156693;-96.935951;-98.957611
9152431;-51.443947;-80.344131;-97.012650;-98.911873
9154434;-51.713074;-80.530762;-97.088379;-98.865173
9156440;-51.981712;-80.716621;-97.163162;-98.817482
9158435;-52.249836;-80.901680;-97.236977;-98.768829
9160474;-52.517433;-81.085930;-97.309837;-98.719200
9162443;-52.784519;-81.269394;-97.381737;-98.668602
9164433;-53.051098;-81.452057;-97.452675;-98.617020
9166441;-53.184174;-81.543076;-97.487785;-98.590858
9168436;-53.582661;-81.814957;-97.591667;-98.510925
9170508;-53.847660;-81.995201;-97.659721;-98.456429
9172456;-54.112095;-82.174614;-97.726807;-98.400970
9174455;-54.376022;-82.353233;-97.792923;-98.344513
9176460;-54.507797;-82.442253;-97.825638;-98.315933
9178458;-54.902267;-82.708046;-97.922279;-98.228729
9180452;-55.164574;-82.884232;-97.985497;-98.169373
9182472;-55.426342;-83.059586;-98.047760;-98.109047
9184439;-55.687542;-83.234108;-98.109039;-98.047760
9186436;-55.948212;-83.407829;-98.169365;-97.985504
9188433;-56.208324;-83.580719;-98.228714;-97.922279
9190436;-56.467884;-83.752792;-98.287102;-97.858086
9192510;-56.726891;-83.924042;-98.344513;-97.792931
9194455;-56.985329;-84.094452;-98.400955;-97.726807
9196456;-57.243191;-84.264030;-98.456429;-97.659729
9198454;-57.500511;-84.432777;-98.510933;-97.591675
9200457;-57.757259;-84.600700;-98.564453;-97.522659
9202459;-58.013439;-84.767784;-98.617004;-97.452682
9204474;-58.269047;-84.934044;-98.668594;-97.381744
9206464;-58.524078;-85.099449;-98.719200;-97.309845
9208453;-58.778496;-85.263992;-98.768822;-97.236992
9210456;-59.032368;-85.427727;-98.817482;-97.163185
9212460;-59.285660;-85.590614;-98.865166;-97.088394
9214473;-59.538364;-85.752655;-98.911873;-97.012665
9216432;-59.790482;-85.913841;-98.957603;-96.935966
9218441;-60.041992;-86.074188;-99.002365;-96.858322
9220429;-60.292923;-86.233673;-99.046135;-96.779709
9222437;-60.543270;-86.392326;-99.088943;-96.700157
9224432;-60.793011;-86.550125;-99.130760;-96.619644
9226466;-61.042152;-86.707054;-99.171600;-96.538162
9228439;-61.290695;-86.863152;-99.211464;-96.455750
9230434;-61.538612;-87.018356;-99.250351;-96.372375
9232434;-61.785934;-87.172722;-99.288246;-96.288048
9234439;-62.032658;-87.326225;-99.325188;-96.202782
9236473;-62.278767;-87.478874;-99.361130;-96.116547
9238444;-62.524254;-87.630653;-99.396095;-96.029373
9240436;-62.769127;-87.781570;-99.430069;-95.941246
9242434;-63.013363;-87.931618;-99.463066;-95.852188
9244434;-63.256996;-88.080803;-99.495102;-95.762169
9246436;-63.500004;-88.229111;-99.526131;-95.671211
9248474;-63.742386;-88.376549;-99.556198;-95.579300
9250459;-63.984142;-88.523125;-99.585274;-95.486458
9252455;-64.225266;-88.668823;-99.613358;-95.392670
9254454;-64.465729;-88.813637;-99.640465;-95.297943
9256463;-64.705582;-88.957581;-99.666588;-95.202271
9258466;-64.944801;-89.100647;-99.691734;-95.105659
9260439;-65.183365;-89.242836;-99.715889;-95.008102
9262437;-65.421280;-89.384125;-99.739059;-94.909622
9264440;-65.658554;-89.524551;-99.761246;-94.810196
9266439;-65.895172;-89.664085;-99.782448;-94.709846
9268632;-66.131157;-89.802742;-99.802673;-94.608543
9270468;-66.366493;-89.940514;-99.821907;-94.506325
9272456;-66.601166;-90.077393;-99.840149;-94.403160
9274456;-66.835190;-90.213379;-99.857414;-94.299065
9276460;-67.068550;-90.348488;-99.873695;-94.194038
9278459;-67.301224;-90.482689;-99.888985;-94.088089
9280476;-67.533264;-90.616005;-99.903290;-93.981201
9282441;-67.764626;-90.748428;-99.916611;-93.873390
9284442;-67.995323;-90.879959;-99.928955;-93.764656
9286442;-68.225349;-91.010590;-99.940285;-93.654991
9288431;-68.454704;-91.140320;-99.950653;-93.544403
9290635;-68.683365;-91.269150;-99.960030;-93.432907
9292462;-68.911362;-91.397079;-99.968414;-93.320473
9294459;-69.138680;-91.524109;-99.975822;-93.207123
9296453;-69.365326;-91.650238;-99.982239;-93.092842
9298457;-69.591270;-91.775459;-99.987663;-92.977654
9300454;-69.816536;-91.899773;-99.992104;-92.861542
9302476;-70.041100;-92.023170;-99.995552;-92.744514
9304444;-70.264984;-92.145676;-99.998024;-92.626587
9306442;-70.488174;-92.267265;-99.999496;-92.507713
9308437;-70.710670;-92.387947;-99.999992;-92.387947
9310437;-70.932472;-92.507721;-99.999512;-92.267273
9312432;-71.153572;-92.626572;-99.998024;-92.145683
9314468;-71.373947;-92.744499;-99.995552;-92.023186
9316464;-71.483871;-92.803131;-99.993950;-91.961601
9318452;-71.812607;-92.977631;-99.987663;-91.775467
9320452;-72.030884;-93.092827;-99.982239;-91.650253
9322453;-72.248444;-93.207100;-99.975815;-91.524117
9324474;-72.465302;-93.320450;-99.968422;-91.397095
9326436;-72.681419;-93.432877;-99.960030;-91.269173
9328441;-72.896843;-93.544395;-99.950661;-91.140327
9330440;-73.111549;-93.654976;-99.940300;-91.010605
9332435;-73.325523;-93.764648;-99.928955;-90.879974
9334436;-73.538780;-93.873383;-99.916618;-90.748451
9336474;-73.751305;-93.981186;-99.903297;-90.616020
9338462;-73.963097;-94.088066;-99.888992;-90.482712
9340456;-74.174164;-94.194023;-99.873695;-90.348503
9342456;-74.384499;-94.299042;-99.857422;-90.213409
9344454;-74.594101;-94.403137;-99.840149;-90.077415
9346470;-74.802979;-94.506310;-99.821915;-89.940536
9348439;-75.011101;-94.608536;-99.802673;-89.802757
9350436;-75.218483;-94.709816;-99.782455;-89.664116
9352438;-75.425125;-94.810173;-99.761246;-89.524582
9354438;-75.631035;-94.909615;-99.739067;-89.384148
9356493;-75.836189;-95.008102;-99.715897;-89.242844
9358457;-76.040581;-95.105637;-99.691734;-89.100662
9360456;-76.244255;-95.202263;-99.666588;-88.957581
9362460;-76.447144;-95.297920;-99.640465;-88.813652
9364454;-76.649307;-95.392662;-99.613358;-88.668823
9366456;-76.850685;-95.486458;-99.585274;-88.523140
9368475;-77.051308;-95.579292;-99.556198;-88.376579
9370458;-77.251175;-95.671196;-99.526146;-88.229141
9372455;-77.450302;-95.762161;-99.495110;-88.080826
9374454;-77.648628;-95.852165;-99.463081;-87.931648
9376460;-77.846230;-95.941254;-99.430084;-87.781593
9378474;-78.043022;-96.029358;-99.396095;-87.630684
9380441;-78.239052;-96.116531;-99.361130;-87.478912
9382433;-78.434334;-96.202759;-99.325180;-87.326256
9384435;-78.628822;-96.288025;-99.288261;-87.172760
9386430;-78.822556;-96.372368;-99.250351;-87.018379
9388435;-79.015488;-96.455734;-99.211479;-86.863159
9390472;-79.207634;-96.538147;-99.171616;-86.707092
9392456;-79.399033;-96.619629;-99.130760;-86.550140
9394456;-79.589615;-96.700134;-99.088943;-86.392357
9396457;-79.779442;-96.779701;-99.046150;-86.233696
9398456;-79.968452;-96.858307;-99.002373;-86.074211
9400523;-80.156693;-96.935966;-98.957611;-85.913864
9402458;-80.344131;-97.012650;-98.911873;-85.752663
9404453;-80.530762;-97.088387;-98.865173;-85.590645
9406461;-80.716637;-97.163162;-98.817490;-85.427734
9408456;-80.901680;-97.236984;-98.768845;-85.264030
9410454;-81.085953;-97.309837;-98.719193;-85.099449
9412478;-81.269409;-97.381744;-98.668602;-84.934044
9414441;-81.452049;-97.452675;-98.617020;-84.767807
9416439;-81.633919;-97.522652;-98.564461;-84.600708
9418434;-81.814957;-97.591660;-98.510933;-84.432808
9420435;-81.995216;-97.659721;-98.456429;-84.264038
9422470;-82.174629;-97.726807;-98.400963;-84.094467
9424442;-82.353264;-97.792938;-98.344513;-83.924034
9426434;-82.531059;-97.858086;-98.287109;-83.752800
9428433;-82.708046;-97.922279;-98.228729;-83.580750
9430437;-82.884232;-97.985504;-98.169365;-83.407845
9432437;-83.059578;-98.047752;-98.109047;-83.234131
9434475;-83.234131;-98.109047;-98.047760;-83.059578
9436452;-83.407837;-98.169365;-97.985504;-82.884232
9438457;-83.580719;-98.228714;-97.922279;-82.708069
9440453;-83.752808;-98.287109;-97.858086;-82.531059
9442454;-83.924034;-98.344513;-97.792931;-82.353264
9444475;-84.094467;-98.400963;-97.726807;-82.174629
9446440;-84.264030;-98.456421;-97.659721;-81.995216
9448434;-84.432808;-98.510933;-97.591667;-81.814957
9450435;-84.600685;-98.564445;-97.522667;-81.633949
9452436;-84.767761;-98.616997;-97.452698;-81.452110
9454489;-84.934021;-98.668587;-97.381752;-81.269432
9456473;-85.099419;-98.719185;-97.309860;-81.085983
9458458;-85.264000;-98.768822;-97.236992;-80.901703
9460460;-85.427719;-98.817482;-97.163177;-80.716667
9462457;-85.590591;-98.865158;-97.088409;-80.530823
9464455;-85.752647;-98.911873;-97.012665;-80.344162
9466475;-85.833344;-98.934868;-96.974442;-80.156723
9468443;-86.074188;-99.002357;-96.858307;-79.968475
9470433;-86.233673;-99.046127;-96.779716;-79.779465
9472446;-86.392334;-99.088928;-96.700150;-79.589638
9474441;-86.550117;-99.130753;-96.619637;-79.399055
9476636;-86.707047;-99.171600;-96.538177;-79.207687
9478462;-86.863136;-99.211464;-96.455742;-79.015503
9480457;-87.018356;-99.250343;-96.372375;-78.822586
9482456;-87.172737;-99.288261;-96.288040;-78.628853
9484457;-87.326225;-99.325172;-96.202774;-78.434364
9486455;-87.478867;-99.361122;-96.116554;-78.239105
9488480;-87.630653;-99.396088;-96.029366;-78.043053
9490440;-87.781563;-99.430069;-95.941254;-77.846252
9492432;-87.931618;-99.463066;-95.852180;-77.648659
9494432;-88.080795;-99.495087;-95.762169;-77.450325
9496437;-88.229118;-99.526138;-95.671204;-77.251198
9498438;-88.376549;-99.556190;-95.579300;-77.051338
9500471;-88.523109;-99.585258;-95.486465;-76.850716
9502458;-88.668816;-99.613350;-95.392670;-76.649300
9504455;-88.813629;-99.640457;-95.297935;-76.447174
9506458;-88.957581;-99.666588;-95.202255;-76.244247
9508458;-89.100639;-99.691734;-95.105652;-76.040604
9510479;-89.242813;-99.715881;-95.008110;-75.836220
9512435;-89.384140;-99.739059;-94.909615;-75.631042
9514436;-89.524551;-99.761238;-94.810196;-75.425156
9516437;-89.664101;-99.782448;-94.709824;-75.218491
9518433;-89.802750;-99.802666;-94.608536;-75.011124
9520441;-89.940506;-99.821899;-94.506317;-74.803009
9522473;-90.077400;-99.840149;-94.403145;-74.594116
9524456;-90.213379;-99.857414;-94.299057;-74.384529
9526456;-90.348495;-99.873688;-94.194031;-74.174179
9528456;-90.482697;-99.888977;-94.088089;-73.963127
9530455;-90.616020;-99.903290;-93.981186;-73.751297
9532475;-90.748444;-99.916611;-93.873390;-73.538795
9534438;-90.879959;-99.928947;-93.764664;-73.325554
9536443;-91.010597;-99.940285;-93.654976;-73.111557
9538436;-91.140320;-99.950645;-93.544403;-72.896873
9540436;-91.269165;-99.960030;-93.432892;-72.681442
9542430;-91.397079;-99.968414;-93.320465;-72.465309
9544475;-91.524109;-99.975815;-93.207123;-72.248482
9546459;-91.650238;-99.982231;-93.092834;-72.030899
9548453;-91.775452;-99.987663;-92.977654;-71.812645
9550458;-91.899780;-99.992104;-92.861534;-71.593636
9552460;-92.023178;-99.995552;-92.744514;-71.373962
9554521;-92.145691;-99.998024;-92.626556;-71.153549
9556464;-92.267273;-99.999504;-92.507721;-70.932472
9558452;-92.387924;-99.999992;-92.387978;-70.710716
9560453;-92.507706;-99.999496;-92.267288;-70.488205
9562457;-92.626556;-99.998024;-92.145699;-70.265030
9564454;-92.744507;-99.995552;-92.023193;-70.041130
9566476;-92.803131;-99.993958;-91.961609;-69.928940
9568455;-92.977623;-99.987663;-91.775490;-69.591316
9570451;-93.092827;-99.982239;-91.650261;-69.365349
9572454;-93.207092;-99.975822;-91.524139;-69.138733
9574456;-93.320450;-99.968414;-91.397095;-68.911400
9576477;-93.432877;-99.960030;-91.269180;-68.683418
9578436;-93.544403;-99.950661;-91.140335;-68.454720
9580440;-93.654976;-99.940300;-91.010612;-68.225388
9582441;-93.764633;-99.928947;-90.879990;-67.995377
9584433;-93.873383;-99.916611;-90.748451;-67.764664
9586439;-93.981186;-99.903297;-90.616043;-67.533318
9588478;-94.088074;-99.888985;-90.482712;-67.301262
9590458;-94.194016;-99.873695;-90.348503;-67.068581
9592462;-94.299034;-99.857414;-90.213417;-66.835236
9594452;-94.403145;-99.840157;-90.077415;-66.601204
9596458;-94.506294;-99.821907;-89.940544;-66.366539
9598473;-94.608536;-99.802673;-89.802765;-66.131195
9600440;-94.709824;-99.782455;-89.664124;-65.895233
9602436;-94.810196;-99.761246;-89.524567;-65.658585
9604437;-94.909607;-99.739059;-89.384148;-65.421310
9606437;-95.008095;-99.715897;-89.242859;-65.183403
9608438;-95.105652;-99.691734;-89.100662;-64.944817
9610472;-95.202255;-99.666595;-88.957603;-64.705620
9612460;-95.297935;-99.640472;-88.813652;-64.465752
9614456;-95.392662;-99.613365;-88.668839;-64.225281
9616457;-95.439674;-99.599442;-88.596107;-64.104805
9618459;-95.579300;-99.556198;-88.376572;-63.742413
9620476;-95.671204;-99.526146;-88.229141;-63.500046
9622439;-95.762169;-99.495110;-88.080811;-63.257019
9624439;-95.852180;-99.463081;-87.931648;-63.013405
9626439;-95.941254;-99.430077;-87.781578;-62.769127
9628432;-96.029373;-99.396103;-87.630676;-62.524269
9630435;-96.116539;-99.361130;-87.478905;-62.278801
9632474;-96.202766;-99.325180;-87.326241;-62.032677
9634440;-96.288040;-99.288261;-87.172745;-61.785973
9636439;-96.372375;-99.250351;-87.018372;-61.538631
9638439;-96.455742;-99.211464;-86.863159;-61.290710
9640434;-96.538162;-99.171616;-86.707085;-61.042191
9642548;-96.619637;-99.130760;-86.550133;-60.793030
9644457;-96.700150;-99.088951;-86.392357;-60.543312
9646461;-96.779716;-99.046143;-86.233696;-60.292946
9648455;-96.858315;-99.002365;-86.074211;-60.042030
9650454;-96.935974;-98.957611;-85.913849;-59.790482
9652458;-97.012665;-98.911880;-85.752663;-59.538383
9654465;-97.088394;-98.865181;-85.590637;-59.285702
9656441;-97.163177;-98.817490;-85.427734;-59.032387
9658431;-97.236992;-98.768829;-85.264015;-58.778538
9660438;-97.309860;-98.719200;-85.099434;-58.524059
9662431;-97.381752;-98.668594;-84.934044;-58.269047
9664476;-97.452690;-98.617020;-84.767807;-58.013462
9666438;-97.522659;-98.564468;-84.600739;-57.757301
9668434;-97.591667;-98.510948;-84.432823;-57.500572
9670435;-97.659721;-98.456436;-84.264061;-57.243233
9672436;-97.726807;-98.400970;-84.094475;-56.985371
9674437;-97.792923;-98.344528;-83.924080;-56.726944
9676474;-97.858086;-98.287109;-83.752823;-56.467922
9678460;-97.922272;-98.228729;-83.580765;-56.208385
9680456;-97.985497;-98.169373;-83.407852;-55.948246
9682453;-98.047760;-98.109062;-83.234154;-55.687599
9684451;-98.109047;-98.047760;-83.059601;-55.426361
9686473;-98.169365;-97.985512;-82.884254;-55.164616
9688434;-98.228714;-97.922287;-82.708092;-54.902328
9690444;-98.287109;-97.858093;-82.531075;-54.639458
9692443;-98.344513;-97.792946;-82.353279;-54.376091
9694432;-98.400963;-97.726814;-82.174652;-54.112137
9696516;-98.456429;-97.659737;-81.995232;-53.847694
9698460;-98.510925;-97.591690;-81.815002;-53.582729
9700455;-98.564461;-97.522667;-81.633942;-53.317184
9702454;-98.617012;-97.452698;-81.452103;-53.051155
9704454;-98.668594;-97.381744;-81.269417;-52.784561
9706459;-98.719200;-97.309860;-81.085983;-52.517490
9708473;-98.768837;-97.236992;-80.901703;-52.249863
9710461;-98.817490;-97.163185;-80.716660;-51.981754
9712454;-98.865166;-97.088402;-80.530815;-51.713135
9714453;-98.911880;-97.012665;-80.344147;-51.443966
9716457;-98.957611;-96.935974;-80.156723;-51.174332
9718630;-99.002365;-96.858315;-79.968468;-50.904144
9720464;-99.046143;-96.779716;-79.779457;-50.633503
9722460;-99.088936;-96.700157;-79.589661;-50.362354
9724456;-99.130760;-96.619637;-79.399048;-50.090672
9726464;-99.171600;-96.538170;-79.207680;-49.818539
9728454;-99.211472;-96.455742;-79.015503;-49.545868
9730478;-99.250351;-96.372375;-78.822571;-49.272751
9732461;-99.288261;-96.288040;-78.628838;-48.999111
9734458;-99.325188;-96.202766;-78.434357;-48.725025
9736463;-99.361130;-96.116547;-78.239098;-48.450455
9738455;-99.396095;-96.029366;-78.043045;-48.175369
9740474;-99.430077;-95.941254;-77.846245;-47.899849
9742434;-99.463081;-95.852173;-77.648643;-47.623814
9744439;-99.495102;-95.762161;-77.450310;-47.347347
9746434;-99.526138;-95.671211;-77.251213;-47.070419
9748432;-99.556198;-95.579300;-77.051323;-46.792980
9750430;-99.585274;-95.486458;-76.850716;-46.515129
9752475;-99.613365;-95.392662;-76.649300;-46.236767
9754460;-99.640472;-95.297935;-76.447159;-45.957996
9756460;-99.666595;-95.202255;-76.244232;-45.678726
9758454;-99.691734;-95.105652;-76.040604;-45.399052
9760456;-99.715889;-95.008102;-75.836205;-45.118923
9762474;-99.739059;-94.909607;-75.631027;-44.838314
9764432;-99.761246;-94.810188;-75.425140;-44.557297
9766431;-99.771973;-94.760132;-75.321922;-44.416630
9768436;-99.802673;-94.608536;-75.011108;-43.993916
9770432;-99.821907;-94.506310;-74.802986;-43.711597
9772435;-99.840157;-94.403145;-74.594109;-43.428795
9774475;-99.857414;-94.299072;-74.384552;-43.145657
9776461;-99.873695;-94.194038;-74.174194;-42.862003
9778451;-99.888985;-94.088097;-73.963142;-42.577972
9780458;-99.903290;-93.981201;-73.751328;-42.293476
9782454;-99.916611;-93.873398;-73.538818;-42.008610
9784471;-99.928947;-93.764664;-73.325577;-41.723324
9786438;-99.940292;-93.654991;-73.111572;-41.437584
9788442;-99.950653;-93.544418;-72.896889;-41.151478
9790443;-99.960030;-93.432899;-72.681458;-40.864925
9792445;-99.968414;-93.320473;-72.465340;-40.578007
9794646;-99.975815;-93.207130;-72.248497;-40.290695
9796463;-99.982231;-93.092850;-72.030922;-40.002937
9798456;-99.987663;-92.977669;-71.812660;-39.714832
9800453;-99.992104;-92.861542;-71.593658;-39.426289
9802455;-99.995560;-92.744530;-71.373985;-39.137402
9804456;-99.998024;-92.626595;-71.153603;-38.848125
9806476;-99.999504;-92.507729;-70.932487;-38.558422
9808439;-100.000000;-92.387970;-70.710716;-38.268383
9810440;-99.999504;-92.267273;-70.488197;-37.977921
9812436;-99.998024;-92.145691;-70.265022;-37.687134
9814435;-99.995560;-92.023186;-70.041122;-37.395927
9816630;-99.993958;-91.961601;-69.928925;-37.250210
9818465;-99.987663;-91.775475;-69.591309;-36.812496
9820457;-99.982239;-91.650246;-69.365349;-36.520191
9822451;-99.975815;-91.524132;-69.138718;-36.227570
9824458;-99.968422;-91.397087;-68.911385;-35.934547
9826458;-99.960030;-91.269157;-68.683395;-35.641209
9828480;-99.950661;-91.140343;-68.454750;-35.347527
9830461;-99.940292;-91.010597;-68.225372;-35.053444
9832460;-99.928955;-90.879982;-67.995361;-34.759068
9834456;-99.916611;-90.748444;-67.764648;-34.464298
9836462;-99.903297;-90.616028;-67.533302;-34.169235
9838475;-99.888985;-90.482697;-67.301247;-33.873787
9840439;-99.873695;-90.348503;-67.068565;-33.578053
9842436;-99.857422;-90.213409;-66.835228;-33.281986
9844435;-99.840157;-90.077408;-66.601196;-32.985546
9846440;-99.821907;-89.940529;-66.366531;-32.688828
9848439;-99.802673;-89.802757;-66.131187;-32.391739
9850477;-99.782455;-89.664108;-65.895218;-32.094376
9852462;-99.761253;-89.524582;-65.658600;-31.796694
9854461;-99.739059;-89.384140;-65.421295;-31.498659
9856463;-99.715897;-89.242844;-65.183395;-31.200352
9858458;-99.691734;-89.100647;-64.944801;-30.901695
9860455;-99.666595;-88.957596;-64.705605;-30.602777
9862473;-99.640472;-88.813637;-64.465736;-30.303514
9864458;-99.613365;-88.668831;-64.225266;-30.003994
9866462;-99.585274;-88.523140;-63.984169;-29.704180
9868452;-99.556198;-88.376556;-63.742393;-29.404026
9870453;-99.526146;-88.229134;-63.500031;-29.103628
9872472;-99.495102;-88.080803;-63.257004;-28.802898
9874440;-99.463081;-87.931633;-63.013386;-28.501930
9876431;-99.430084;-87.781593;-62.769150;-28.200680
9878433;-99.396095;-87.630669;-62.524258;-27.899107
9880437;-99.361130;-87.478897;-62.278782;-27.597301
9882472;-99.325195;-87.326256;-62.032707;-27.295225
9884439;-99.288269;-87.172760;-61.786003;-26.992878
9886437;-99.250359;-87.018387;-61.538654;-26.690220
9888440;-99.211479;-86.863174;-61.290733;-26.387346
9890441;-99.171616;-86.707100;-61.042213;-26.084209
9892436;-99.130768;-86.550148;-60.793049;-25.780767
9894477;-99.088951;-86.392365;-60.543327;-25.477118
9896463;-99.046150;-86.233711;-60.292973;-25.173176
9898455;-99.002373;-86.074226;-60.042061;-24.869026
9900456;-98.957619;-85.913887;-59.790546;-24.564634
9902454;-98.911888;-85.752678;-59.538406;-24.259953
9904477;-98.865181;-85.590652;-59.285717;-23.955076
9906435;-98.817497;-85.427757;-59.032410;-23.649921
9908443;-98.768845;-85.264038;-58.778553;-23.344574
9910437;-98.719200;-85.099449;-58.524078;-23.038952
9912438;-98.668602;-84.934052;-58.269073;-22.733149
9914438;-98.617020;-84.767822;-58.013489;-22.427124
9916477;-98.590866;-84.684357;-57.885437;-22.273981
9918462;-98.510941;-84.432808;-57.500553;-21.814363
9920459;-98.456436;-84.264046;-57.243221;-21.507633
9922457;-98.400970;-84.094467;-56.985355;-21.200743
9924453;-98.344528;-83.924065;-56.726933;-20.893635
9926479;-98.287109;-83.752808;-56.467907;-20.586281
9928436;-98.228737;-83.580757;-56.208374;-20.278769
9930436;-98.169373;-83.407852;-55.948235;-19.971006
9932438;-98.109062;-83.234146;-55.687584;-19.663099
9934438;-98.047760;-83.059593;-55.426346;-19.354946
9936478;-97.985512;-82.884247;-55.164604;-19.046652
9938439;-97.922287;-82.708069;-54.902309;-18.738171
9940433;-97.858093;-82.531067;-54.639446;-18.429455
9942437;-97.792938;-82.353279;-54.376072;-18.120605
9944438;-97.726814;-82.174644;-54.112125;-17.811531
9946437;-97.659729;-81.995216;-53.847683;-17.502323
9948465;-97.591690;-81.814995;-53.582710;-17.192945
9950438;-97.522667;-81.633934;-53.317173;-16.883356
9952438;-97.452698;-81.452087;-53.051144;-16.573637
9954436;-97.381752;-81.269417;-52.784550;-16.263716
9956438;-97.309860;-81.085968;-52.517479;-15.953678
9958476;-97.236992;-80.901695;-52.249847;-15.643437
9960440;-97.163177;-80.716644;-51.981743;-15.333086
9962434;-97.088402;-80.530807;-51.713120;-15.022586
9964434;-97.012665;-80.344139;-51.443958;-14.711889
9966436;-96.935974;-80.156708;-51.174320;-14.401096
9968435;-96.858315;-79.968460;-50.904129;-14.090114
9970461;-96.779716;-79.779449;-50.633492;-13.779039
9972441;-96.700165;-79.589653;-50.362350;-13.467829
9974439;-96.619637;-79.399040;-50.090664;-13.156436
9976437;-96.538177;-79.207680;-49.818527;-12.844960
9978431;-96.455742;-79.015495;-49.545860;-12.533312
9980630;-96.372375;-78.822563;-49.272739;-12.221588
9982458;-96.288055;-78.628860;-48.999138;-11.909744
9984457;-96.202766;-78.434349;-48.725010;-11.597732
9986457;-96.116547;-78.239090;-48.450443;-11.285657
9988457;-96.029381;-78.043060;-48.175400;-10.973472
9990455;-95.941261;-77.846268;-47.899879;-10.661170
9992472;-95.852188;-77.648666;-47.623848;-10.348722
9994460;-95.762184;-77.450333;-47.347385;-10.036215
9996456;-95.671227;-77.251228;-47.070450;-9.723613
9998453;-95.579315;-77.051346;-46.793015;-9.410867
10000454;-95.486473;-76.850731;-46.515160;-9.098077
10002475;-95.392677;-76.649323;-46.236801;-8.785147
10004435;-95.297951;-76.447174;-45.958031;-8.472180
10006439;-95.202286;-76.244293;-45.678799;-8.159128
10008431;-95.105667;-76.040619;-45.399082;-7.845944
10010435;-95.008125;-75.836227;-45.118958;-7.532737
10012436;-94.909630;-75.631058;-44.838348;-7.219404
10014475;-94.810204;-75.425163;-44.557335;-6.906047
10016467;-94.709839;-75.218498;-44.275837;-6.592575
10018462;-94.608551;-75.011131;-43.993950;-6.279090
10020459;-94.506332;-74.803017;-43.711628;-5.965540
10022458;-94.403160;-74.594131;-43.428833;-5.651879
10024470;-94.299072;-74.384544;-43.145649;-5.338216
10026443;-94.194038;-74.174187;-42.861992;-5.024445
10028442;-94.088089;-73.963127;-42.577957;-4.710680
10030437;-93.981209;-73.751343;-42.293507;-4.396865
10032430;-93.873390;-73.538795;-42.008591;-4.082957
10034473;-93.764671;-73.325562;-41.723312;-3.769061
10036439;-93.654999;-73.111565;-41.437569;-3.455079
10038435;-93.544418;-72.896889;-41.151470;-3.141111
10040435;-93.432899;-72.681450;-40.864910;-2.827060
10042441;-93.320473;-72.465332;-40.577999;-2.513033
10044435;-93.207130;-72.248489;-40.290680;-2.198979
10046476;-93.092850;-72.030914;-40.002926;-1.884857
10048458;-92.977661;-71.812653;-39.714821;-1.570767
10050457;-92.861542;-71.593651;-39.426277;-1.256609
10052456;-92.744522;-71.373978;-39.137383;-0.942487
10054452;-92.626587;-71.153595;-38.848106;-0.628355
10056643;-92.507729;-70.932480;-38.558407;-0.314173
10058463;-92.387970;-70.710693;-38.268375;-0.000036
10060456;-92.267273;-70.488182;-37.977913;0.314155
10062458;-92.145691;-70.265015;-37.687119;0.628293
10064454;-92.023178;-70.041107;-37.395912;0.942469
10066464;-91.961601;-69.928917;-37.250198;1.099530
10068477;-91.775475;-69.591309;-36.812489;1.570699
10070448;-91.650238;-69.365326;-36.520180;1.884845
10072441;-91.524124;-69.138710;-36.227558;2.198917
10074433;-91.397079;-68.911369;-35.934532;2.513018
10076435;-91.269165;-68.683395;-35.641197;2.827042
10078441;-91.140343;-68.454727;-35.347515;3.141043
10080476;-91.010597;-68.225357;-35.053429;3.455064
10082459;-90.879974;-67.995354;-34.759052;3.768995
10084458;-90.748444;-67.764641;-34.464283;4.082942
10086458;-90.616020;-67.533287;-34.169216;4.396802
10088454;-90.482697;-67.301239;-33.873775;4.710662
10090477;-90.348495;-67.068550;-33.578041;5.024430
10092467;-90.213409;-66.835220;-33.281975;5.338150
10094460;-90.077400;-66.601181;-32.985531;5.651865
10096458;-89.940552;-66.366554;-32.688858;5.965426
10098456;-89.802773;-66.131210;-32.391773;6.279021
10100456;-89.664124;-65.895233;-32.094406;6.592509
10102479;-89.524590;-65.658615;-31.796726;6.905934
10104437;-89.384155;-65.421318;-31.498682;7.219338
10106437;-89.242867;-65.183411;-31.200382;7.532620
10108437;-89.100662;-64.944824;-30.901724;7.845881
10110441;-88.957611;-64.705627;-30.602810;8.159015
10112471;-88.813675;-64.465797;-30.303591;8.472064
10114435;-88.668839;-64.225296;-30.004028;8.785081
10116433;-88.523155;-63.984192;-29.704206;9.097963
10118436;-88.376579;-63.742424;-29.404057;9.410805
10120440;-88.229141;-63.500053;-29.103661;9.723502
10122443;-88.080818;-63.257027;-28.802931;10.036153
10124474;-87.931648;-63.013412;-28.501957;10.348660
10126461;-87.781609;-62.769173;-28.200710;10.661059
10128454;-87.630676;-62.524277;-27.899132;10.973406
10130454;-87.478905;-62.278809;-27.597326;11.285594
10132455;-87.326256;-62.032688;-27.295204;11.597717
10134472;-87.172760;-61.785984;-26.992863;11.909678
10136441;-87.018402;-61.538677;-26.690250;12.221527
10138439;-86.863159;-61.290718;-26.387331;12.533295
10140442;-86.707092;-61.042202;-26.084196;12.844899
10142440;-86.550140;-60.793041;-25.780756;13.156417
10144476;-86.392357;-60.543312;-25.477106;13.467762
10146440;-86.233696;-60.292961;-25.173164;13.779020
10148441;-86.074211;-60.042034;-24.869009;14.090097
10150442;-85.913879;-59.790527;-24.564625;14.401031
10152434;-85.752670;-59.538387;-24.259937;14.711875
10154434;-85.590645;-59.285702;-23.955063;15.022522
10156474;-85.427742;-59.032394;-23.649904;15.333072
10158459;-85.264030;-58.778542;-23.344559;15.643424
10160456;-85.099472;-58.524109;-23.038982;15.953615
10162451;-84.934044;-58.269054;-22.733133;16.263702
10164456;-84.767807;-58.013470;-22.427105;16.573582
10166469;-84.600708;-57.757271;-22.120813;16.883341
10168435;-84.432808;-57.500542;-21.814352;17.192884
10170436;-84.264030;-57.243198;-21.507618;17.502312
10172443;-84.094467;-56.985344;-21.200722;17.811512
10174439;-83.924065;-56.726921;-20.893621;18.120539
10176438;-83.752808;-56.467892;-20.586264;18.429438
10178470;-83.752808;-56.208355;-20.278749;18.738110
10180456;-83.407837;-55.948215;-19.970989;19.046637
10182456;-83.234131;-55.687565;-19.663084;19.354933
10184455;-83.059608;-55.426373;-19.354975;19.663036
10186456;-82.884232;-55.164589;-19.046635;19.970993
10188471;-82.708069;-54.902298;-18.738152;20.278708
10190442;-82.531059;-54.639423;-18.429438;20.586264
10192437;-82.353264;-54.376053;-18.120586;20.893579
10194433;-82.174629;-54.112106;-17.811512;21.200729
10196441;-81.995216;-53.847672;-17.502308;21.507622
10198471;-81.814980;-53.582691;-17.192932;21.814302
10200438;-81.633919;-53.317154;-16.883337;22.120819
10202433;-81.452080;-53.051125;-16.573620;22.427061
10204437;-81.269432;-52.784573;-16.263748;22.733093
10206434;-81.085983;-52.517502;-15.953708;23.038895
10208441;-80.901741;-52.249916;-15.643517;23.344469
10210477;-80.716667;-51.981766;-15.333122;23.649860
10212461;-80.530823;-51.713146;-15.022614;23.954973
10214457;-80.344162;-51.443981;-14.711923;24.259895
10216461;-80.250534;-51.309216;-14.556536;24.412241
10218456;-79.968475;-50.904156;-14.090145;24.868971
10220516;-79.779472;-50.633514;-13.779068;25.173115
10222459;-79.589668;-50.362366;-13.467857;25.477013
10224457;-79.399063;-50.090694;-13.156465;25.780710
10226459;-79.207695;-49.818550;-12.844995;26.084101
10228458;-79.015518;-49.545891;-12.533346;26.387283
10230456;-78.822586;-49.272770;-12.221622;26.690161
10232472;-78.628883;-48.999165;-11.909780;26.992767
10234442;-78.434364;-48.725040;-11.597765;27.295164
10236438;-78.239113;-48.450470;-11.285684;27.597240
10238438;-78.043053;-48.175388;-10.973456;27.899086
10240434;-77.846252;-47.899860;-10.661152;28.200617
10242470;-77.648659;-47.623829;-10.348704;28.501913
10244435;-77.450325;-47.347366;-10.036201;28.802881
10246437;-77.251228;-47.070438;-9.723600;29.103565
10248444;-77.051338;-46.793003;-9.410858;29.404005
10250433;-76.850716;-46.515141;-9.098059;29.704121
10252440;-76.649307;-46.236782;-8.785129;30.003981
10254479;-76.447174;-45.958019;-8.472165;30.303495
10256459;-76.244286;-45.678783;-8.159107;30.602720
10258458;-76.040611;-45.399071;-7.845929;30.901682
10260456;-75.836220;-45.118938;-7.532719;31.200291
10262455;-75.631042;-44.838326;-7.219389;31.498638
10264469;-75.425163;-44.557320;-6.906030;31.796637
10266444;-75.218521;-44.275864;-6.592605;32.094311
10268432;-75.011124;-43.993931;-6.279072;32.391720
10270440;-74.803009;-43.711609;-5.965516;32.688766
10272438;-74.594131;-43.428818;-5.651870;32.985531
10274438;-74.384537;-43.145634;-5.338198;33.281933
10276474;-74.174179;-42.861977;-5.024433;33.578037
10278460;-73.963127;-42.577942;-4.710665;33.873775
10280463;-73.751343;-42.293495;-4.396850;34.169178
10282456;-73.538795;-42.008575;-4.082942;34.464287
10284454;-73.325554;-41.723293;-3.769043;34.759014
10286529;-73.111557;-41.437557;-3.455064;35.053432
10288463;-72.896873;-41.151447;-3.141093;35.347466
10290458;-72.681473;-40.864937;-2.827093;35.641159
10292449;-72.465317;-40.577984;-2.513018;35.934532
10294453;-72.248482;-40.290668;-2.198964;36.227509
10296459;-72.030899;-40.002911;-1.884842;36.520176
10298469;-71.812645;-39.714806;-1.570749;36.812435
10300436;-71.593643;-39.426262;-1.256588;37.104382
10302436;-71.373962;-39.137371;-0.942469;37.395912
10304429;-71.153580;-38.848095;-0.628340;37.687077
10306441;-70.932472;-38.558392;-0.314155;37.977909
10308545;-70.710686;-38.268353;-0.000009;38.268326
10310457;-70.488174;-37.977898;0.314173;38.558407
10312459;-70.265030;-37.687145;0.628260;38.848022
10314456;-70.041168;-37.395988;0.942391;39.137299
10316458;-69.928940;-37.250225;1.099503;39.281837
10318454;-69.591324;-36.812511;1.570672;39.714733
10320461;-69.365349;-36.520203;1.884812;40.002884
10322436;-69.138733;-36.227585;2.198887;40.290596
10324440;-68.911400;-35.934555;2.512991;40.577957
10326439;-68.683418;-35.641228;2.827013;40.864864
10328439;-68.454758;-35.347538;3.141016;41.151379
10330636;-68.225388;-35.053455;3.455034;41.437531
10332465;-67.995377;-34.759079;3.768969;41.723225
10334459;-67.764664;-34.464310;4.082912;42.008556
10336459;-67.533310;-34.169247;4.396770;42.293423
10338455;-67.301300;-33.873852;4.710582;42.577873
10340453;-67.068581;-33.578072;5.024397;42.861946
10342472;-66.835243;-33.282001;5.338120;43.145561
10344446;-66.601204;-32.985561;5.651834;43.428783
10346436;-66.366539;-32.688843;5.965445;43.711540
10348438;-66.131195;-32.391750;6.279045;43.993912
10350437;-65.895233;-32.094391;6.592533;44.275795
10352468;-65.658607;-31.796705;6.905955;44.557251
10354440;-65.421310;-31.498671;7.219359;44.838306
10356441;-65.183403;-31.200361;7.532641;45.118874
10358436;-64.944817;-30.901709;7.845893;45.399036
10360436;-64.705620;-30.602793;8.159029;45.678715
10362434;-64.465782;-30.303570;8.472088;45.957939
10364476;-64.225281;-30.004004;8.785099;46.236759
10366463;-64.104805;-29.854137;8.941558;46.375973
10368457;-63.742405;-29.404037;9.410822;46.792969
10370454;-63.500046;-29.103645;9.723520;47.070366
10372455;-63.257015;-28.802910;10.036180;47.347343
10374474;-63.013405;-28.501945;10.348675;47.623802
10376440;-62.769161;-28.200689;10.661080;47.899796
10378436;-62.524269;-27.899117;10.973424;48.175358
10380438;-62.278801;-27.597317;11.285612;48.450405
10382433;-62.032677;-27.295193;11.597734;48.725010
10384632;-61.785976;-26.992846;11.909697;48.999096
10386471;-61.538666;-26.690233;12.221545;49.272701
10388460;-61.290710;-26.387310;12.533316;49.545853
10390451;-61.042191;-26.084173;12.844917;49.818485
10392457;-60.793030;-25.780737;13.156438;50.090660
10394454;-60.543304;-25.477091;13.467780;50.362301
10396477;-60.292946;-25.173149;13.779032;50.633484
10398454;-60.042030;-24.868996;14.090115;50.904129
10400456;-59.790524;-24.564604;14.401049;51.174278
10402458;-59.538383;-24.259918;14.711893;51.443951
10404456;-59.285694;-23.955044;15.022543;51.713085
10406476;-59.032387;-23.649887;15.333086;51.981743
10408437;-58.778530;-23.344540;15.643438;52.249847
10410435;-58.524097;-23.038971;15.953630;52.517437
10412431;-58.269047;-22.733120;16.263718;52.784550
10414435;-58.013458;-22.427092;16.573593;53.051102
10416437;-57.757259;-22.120794;16.883356;53.317173
10418476;-57.500530;-21.814325;17.192904;53.582668
10420458;-57.243275;-21.507698;17.502230;53.847599
10422457;-56.985371;-21.200758;17.811483;54.112076
10424453;-56.726944;-20.893648;18.120516;54.375996
10426456;-56.467926;-20.586296;18.429411;54.639400
10428477;-56.208385;-20.278782;18.738075;54.902233
10430442;-55.948246;-19.971025;19.046608;55.164562
10432434;-55.687599;-19.663113;19.354900;55.426304
10434437;-55.426399;-19.355007;19.663006;55.687504
10436442;-55.164616;-19.046667;19.970963;55.948185
10438439;-54.902328;-18.738186;20.278671;56.208290
10440473;-54.639454;-18.429466;20.586235;56.467873
10442459;-54.376083;-18.120613;20.893547;56.726856
10444455;-54.112179;-17.811590;21.200645;56.985283
10446452;-53.847694;-17.502338;21.507587;57.243179
10448457;-53.582722;-17.192963;21.814268;57.500477
10450474;-53.317184;-16.883369;22.120783;57.757248
10452441;-53.051155;-16.573656;22.427031;58.013405
10454435;-52.784561;-16.263729;22.733110;58.269035
10456436;-52.517490;-15.953692;23.038908;58.524048
10458436;-52.249901;-15.643498;23.344481;58.778477
10460477;-51.981754;-15.333101;23.649874;59.032368
10462438;-51.713135;-15.022600;23.954985;59.285641
10464431;-51.443966;-14.711907;24.259907;59.538364
10466431;-51.174332;-14.401111;24.564543;59.790466
10468434;-50.904186;-14.090172;24.868938;60.041977
10470436;-50.633503;-13.779053;25.173130;60.292923
10472475;-50.362354;-13.467839;25.477032;60.543251
10474460;-50.090675;-13.156453;25.780722;60.793011
10476458;-49.818539;-12.844976;26.084116;61.042137
10478459;-49.545868;-12.533325;26.387300;61.290695
10480453;-49.272751;-12.221601;26.690174;61.538612
10482471;-48.999153;-11.909756;26.992786;61.785923
10484435;-48.725025;-11.597747;27.295176;62.032658
10486435;-48.450455;-11.285668;27.597258;62.278748
10488436;-48.175369;-10.973433;27.899107;62.524258
10490437;-47.899849;-10.661137;28.200636;62.769115
10492435;-47.623856;-10.348734;28.501888;63.013351
10494472;-47.347351;-10.036185;28.802898;63.256996
10496462;-47.070419;-9.723579;29.103588;63.500000
10498456;-46.792984;-9.410834;29.404026;63.742393
10500453;-46.515125;-9.098042;29.704136;63.984127
10502458;-46.236767;-8.785110;30.003998;64.225266
10504471;-45.957993;-8.472141;30.303514;64.465736
10506438;-45.678772;-8.159092;30.602736;64.705566
10508435;-45.399052;-7.845912;30.901695;64.944801
10510432;-45.118927;-7.532701;31.200308;65.183350
10512439;-44.838314;-7.219371;31.498659;65.421295
10514435;-44.557304;-6.906014;31.796646;65.658554
10516470;-44.416630;-6.749308;31.945530;65.776947
10518464;-43.993916;-6.279051;32.391739;66.131180
10520453;-43.711594;-5.965501;32.688778;66.366493
10522454;-43.428795;-5.651844;32.985550;66.601189
10524455;-43.145615;-5.338180;33.281944;66.835190
10526470;-42.861961;-5.024412;33.578056;67.068573
10528446;-42.577972;-4.710695;33.873745;67.301216
10530439;-42.293518;-4.396873;34.169151;67.533234
10532433;-42.008610;-4.082978;34.464252;67.764610
10534439;-41.723324;-3.769076;34.758980;67.995285
10536434;-41.437584;-3.455093;35.053402;68.225334
10538474;-41.151478;-3.141123;35.347435;68.454674
10540463;-40.864967;-2.827123;35.641121;68.683334
10542459;-40.578011;-2.513048;35.934502;68.911346
10544456;-40.290695;-2.198994;36.227482;69.138649
10546462;-40.002937;-1.884872;36.520149;69.365303
10548477;-39.714832;-1.570779;36.812408;69.591240
10550441;-39.426334;-1.256666;37.104313;69.816498
10552436;-39.137398;-0.942498;37.395885;70.041084
10554439;-38.848125;-0.628370;37.687050;70.264961
10556444;-38.558422;-0.314185;37.977886;70.488167
10558512;-38.268383;-0.000045;38.268307;70.710648
10560460;-37.977924;0.314143;38.558384;70.932457
10562458;-37.687134;0.628278;38.848038;71.153534
10564459;-37.395973;0.942406;39.137314;71.373917
10566462;-37.250210;1.099518;39.281853;71.483871
10568459;-36.812496;1.570687;39.714752;71.812592
10570474;-36.520191;1.884827;40.002899;72.030891
10572444;-36.227570;2.198902;40.290611;72.248436
10574437;-35.934593;2.512956;40.577927;72.465279
10576432;-35.641212;2.827034;40.864883;72.681427
10578437;-35.347527;3.141031;41.151394;72.896828
10580435;-35.053448;3.455049;41.437546;73.111549
10582470;-34.759064;3.768983;41.723240;73.325508
10584457;-34.464298;4.082933;42.008572;73.538780
10586463;-34.169235;4.396787;42.293434;73.751297
10588456;-33.873833;4.710606;42.577888;73.963081
10590454;-33.578053;5.024418;42.861965;74.174164
10592471;-33.281986;5.338135;43.145569;74.384483
10594443;-32.985546;5.651850;43.428802;74.594109
10596437;-32.688828;5.965456;43.711555;74.802956
10598439;-32.391785;6.279006;43.993877;75.011078
10600434;-32.094376;6.592545;44.275810;75.218483
10602614;-31.796694;6.905973;44.557262;75.425117
10604466;-31.498655;7.219374;44.838314;75.631035
10606462;-31.200352;7.532659;45.118893;75.836174
10608455;-30.901695;7.845914;45.399055;76.040596
10610460;-30.602777;8.159050;45.678734;76.244240
10612455;-30.303558;8.472100;45.957958;76.447136
10614473;-30.003994;8.785116;46.236771;76.649300
10616461;-29.704180;9.097997;46.515091;76.850677
10618457;-29.404026;9.410840;46.792992;77.051331
10620460;-29.103630;9.723538;47.070385;77.251190
10622458;-28.802944;10.036140;47.347313;77.450287
10624477;-28.501930;10.348693;47.623817;77.648651
10626437;-28.200680;10.661096;47.899811;77.846214
10628443;-27.899105;10.973435;48.175369;78.043045
10630436;-27.597300;11.285630;48.450417;78.239075
10632437;-27.295177;11.597753;48.725025;78.434357
10634468;-26.992834;11.909713;48.999111;78.628838
10636443;-26.690266;12.221514;49.272675;78.822517
10638433;-26.387346;12.533285;49.545834;79.015472
10640438;-26.084209;12.844883;49.818459;79.207626
10642439;-25.780769;13.156406;50.090633;79.399017
10644433;-25.477119;13.467752;50.362278;79.589607
10646477;-25.173223;13.778962;50.633419;79.779404
10648459;-24.869028;14.090083;50.904114;79.968437
10650454;-24.564634;14.401023;51.174252;80.156670
10652458;-24.259953;14.711862;51.443928;80.344124
10654459;-23.955076;15.022511;51.713062;80.530754
10656473;-23.649920;15.333061;51.981716;80.716637
10658434;-23.344574;15.643409;52.249825;80.901680
10660440;-23.039000;15.953604;52.517414;81.085930
10662440;-22.733150;16.263687;52.784527;81.269394
10664442;-22.427124;16.573566;53.051079;81.452049
10666438;-22.274027;16.728441;53.184158;81.543060
10668475;-21.814363;17.192871;53.582645;81.814949
10670458;-21.507681;17.502251;53.847622;81.995178
10672456;-21.200739;17.811502;54.112099;82.174629
10674455;-20.893637;18.120531;54.376011;82.353233
10676458;-20.586279;18.429426;54.639423;82.531052
10678482;-20.278767;18.738094;54.902256;82.708038
10680434;-19.971006;19.046623;55.164581;82.884232
10682438;-19.663097;19.354919;55.426323;83.059570
10684437;-19.354994;19.663023;55.687523;83.234093
10686441;-19.046650;19.970980;55.948215;83.407837
10688432;-18.738169;20.278694;56.208305;83.580719
10690469;-18.429453;20.586256;56.467892;83.752800
10692457;-18.120604;20.893564;56.726871;83.924034
10694462;-17.811575;21.200665;56.985294;84.094429
10696460;-17.502325;21.507605;57.243198;84.264030
10698452;-17.192945;21.814289;57.500492;84.432770
10700470;-16.883352;22.120800;57.757263;84.600708
10702434;-16.573639;22.427050;58.013420;84.767776
10704432;-16.263714;22.733124;58.269047;84.934044
10706437;-15.953678;23.038925;58.524059;85.099442
10708435;-15.643482;23.344501;58.778500;85.264000
10710439;-15.333086;23.649891;59.032394;85.427734
10712473;-15.022585;23.955006;59.285664;85.590622
10714459;-14.711889;24.259926;59.538383;85.752663
10716459;-14.401094;24.564562;59.790482;85.913849
10718456;-14.090158;24.868956;60.041992;86.074188
10720459;-13.779036;25.173151;60.292946;86.233696
10722466;-13.467825;25.477045;60.543270;86.392326
10724436;-13.156433;25.780743;60.793030;86.550133
10726437;-12.844959;26.084133;61.042152;86.707054
10728439;-12.533358;26.387274;61.290676;86.863129
10730440;-12.221586;26.690193;61.538635;87.018379
10732477;-11.909742;26.992807;61.785942;87.172729
10734446;-11.597732;27.295197;62.032677;87.326248
10736441;-11.285654;27.597273;62.278767;87.478874
10738437;-10.973418;27.899122;62.524269;87.630669
10740439;-10.661121;28.200649;62.769135;87.781570
10742435;-10.348720;28.501904;63.013371;87.931618
10744477;-10.036215;28.802872;63.256981;88.080795
10746460;-9.723612;29.103559;63.499969;88.229095
10748461;-9.410866;29.403999;63.742371;88.376549
10750452;-9.098074;29.704105;63.984108;88.523109
10752459;-8.785192;30.003920;64.225212;88.668793
10754472;-8.472176;30.303484;64.465714;88.813629
10756442;-8.159123;30.602705;64.705551;88.957558
10758441;-7.845943;30.901667;64.944778;89.100632
10760433;-7.532733;31.200281;65.183334;89.242813
10762437;-7.219401;31.498629;65.421280;89.384125
10764438;-6.906045;31.796623;65.658539;89.524544
10766472;-6.592622;32.094303;65.895157;89.664070
10768458;-6.279085;32.391712;66.131165;89.802742
10770462;-5.965534;32.688755;66.366478;89.940491
10772458;-5.651876;32.985516;66.601166;90.077385
10774455;-5.338211;33.281914;66.835175;90.213371
10776469;-5.024493;33.577980;67.068512;90.348465
10778440;-4.710677;33.873760;67.301224;90.482689
10780444;-4.396863;34.169163;67.533241;90.615997
10782438;-4.082958;34.464272;67.764626;90.748428
10784437;-3.769059;34.758995;67.995308;90.879944
10786440;-3.455077;35.053421;68.225349;91.010590
10788477;-3.141107;35.347454;68.454689;91.140312
10790457;-2.827107;35.641140;68.683342;91.269127
10792458;-2.513031;35.934517;68.911362;91.397072
10794457;-2.198978;36.227497;69.138664;91.524101
10796456;-1.884856;36.520164;69.365326;91.650238
10798473;-1.570763;36.812428;69.591255;91.775444
10800438;-1.256654;37.104324;69.816505;91.899750
10802437;-0.942485;37.395901;70.041100;92.023178
10804436;-0.628354;37.687065;70.264969;92.145660
10806440;-0.314170;37.977898;70.488174;92.267265
10808439;0.000000;38.268341;70.710678;92.387947
10810474;0.314159;38.558395;70.932472;92.507713
10812458;0.628314;38.848076;71.153572;92.626572
10814456;0.942464;39.137367;71.373955;92.744514
10816461;1.099535;39.281868;71.483894;92.803139
10818459;1.570732;39.714790;71.812622;92.977646
10820477;1.884844;40.002911;72.030899;93.092842
10822441;2.198937;40.290642;72.248459;93.207108
10824442;2.513010;40.577976;72.465309;93.320457
10826435;2.827056;40.864906;72.681442;93.432884
10828440;3.141076;41.151436;72.896866;93.544395
10830435;3.455064;41.437557;73.111557;93.654984
10832468;3.769018;41.723270;73.325531;93.764648
10834438;4.082935;42.008572;73.538788;93.873383
10836437;4.396812;42.293461;73.751305;93.981186
10838438;4.710645;42.577927;73.963104;94.088074
10840434;5.024432;42.861980;74.174179;94.194031
10842630;5.338169;43.145607;74.384514;94.299057
10844461;5.651853;43.428806;74.594116;94.403145
10846462;5.965482;43.711578;74.802979;94.506302
10848454;6.279051;43.993916;75.011108;94.608536
10850453;6.592560;44.275822;75.218491;94.709824
10852455;6.906002;44.557293;75.425140;94.810188
10854475;7.219377;44.838322;75.631035;94.909607
10856458;7.532680;45.118908;75.836189;95.008095
10858459;7.845909;45.399052;76.040596;95.105652
10860454;8.159060;45.678741;76.244247;95.202263
10862454;8.472132;45.957985;76.447151;95.297935
10864472;8.785120;46.236774;76.649300;95.392670
10866431;9.098021;46.515106;76.850693;95.486450
10868439;9.410830;46.792976;77.051315;95.579300
10870437;9.723549;47.070389;77.251198;95.671204
10872435;10.036171;47.347336;77.450302;95.762161
10874435;10.348695;47.623817;77.648651;95.852180
10876477;10.661115;47.899830;77.846230;95.941238
10878459;10.973431;48.175369;78.043037;96.029366
10880458;11.285637;48.450428;78.239075;96.116547
10882455;11.597733;48.725014;78.434349;96.202766
10884458;11.909716;48.999115;78.628838;96.288040
10886477;12.221580;49.272736;78.822563;96.372375
10888439;12.533322;49.545868;79.015503;96.455742
10890440;12.844942;49.818508;79.207664;96.538162
10892437;13.156436;50.090660;79.399040;96.619629
10894431;13.467797;50.362320;79.589638;96.700142
10896631;13.779028;50.633476;79.779449;96.779716
10898466;14.090122;50.904144;79.968468;96.858315
10900456;14.401078;51.174301;80.156700;96.935966
10902456;14.711891;51.443951;80.344131;97.012657
10904454;15.022558;51.713097;80.530792;97.088394
10906458;15.333078;51.981735;80.716644;97.163170
10908476;15.643446;52.249855;80.901703;97.236992
10910438;15.953660;52.517464;81.085953;97.309853
10912441;16.263714;52.784550;81.269417;97.381744
10914439;16.573612;53.051121;81.452072;97.452690
10916437;16.883343;53.317165;81.633926;97.522667
10918439;17.192907;53.582676;81.814972;97.591675
10920475;17.502306;53.847672;81.995216;97.659729
10922458;17.811527;54.112125;82.174644;97.726807
10924455;18.120577;54.376049;82.353256;97.792938
10926457;18.429445;54.639435;82.531067;97.858086
10928454;18.738131;54.902279;82.708054;97.922287
10930472;19.046633;55.164589;82.884232;97.985504
10932432;19.354946;55.426346;83.059593;98.047760
10934434;19.663071;55.687565;83.234131;98.109047
10936433;19.970997;55.948223;83.407845;98.169365
10938437;20.278728;56.208336;83.580742;98.228722
10940436;20.586262;56.467896;83.752808;98.287109
10942473;20.893587;56.726891;83.924042;98.344513
10944455;21.200710;56.985336;84.094460;98.400963
10946462;21.507624;57.243210;84.264038;98.456429
10948452;21.814323;57.500523;84.432793;98.510933
10950454;22.120808;57.757271;84.600708;98.564461
10952478;22.427074;58.013447;84.767792;98.617004
10954440;22.733122;58.269047;84.934044;98.668594
10956436;23.038942;58.524071;85.099449;98.719200
10958436;23.344534;58.778526;85.264015;98.768837
10960437;23.649900;59.032394;85.427750;98.817490
10962437;23.955029;59.285675;85.590622;98.865173
10964477;24.259922;59.538383;85.752663;98.911880
10966461;24.412279;59.664513;85.833374;98.957611
10968460;24.868988;60.042023;86.074203;99.002365
10970462;25.173155;60.292953;86.233696;99.046150
10972460;25.477072;60.543285;86.392334;99.088936
10974463;25.780737;60.793030;86.550133;99.130760
10976437;26.084152;61.042171;86.707077;99.171608
10978440;26.387304;61.290707;86.863152;99.211472
10980441;26.690197;61.538635;87.018372;99.250351
10982435;26.992828;61.785961;87.172745;99.288261
10984517;27.295193;62.032677;87.326248;99.325188
10986458;27.597290;62.278782;87.478889;99.361130
10988457;27.899107;62.524258;87.630669;99.396095
10990455;28.200657;62.769135;87.781586;99.430077
10992456;28.501928;63.013386;87.931633;99.463081
10994456;28.802910;63.257015;88.080811;99.495102
10996471;29.103617;63.500023;88.229118;99.526146
10998442;29.404032;63.742401;88.376556;99.556198
11000434;29.704157;63.984142;88.523132;99.585274
11002433;30.003988;64.225266;88.668823;99.613365
11004438;30.303526;64.465752;88.813644;99.640472
11006473;30.602762;64.705589;88.957581;99.666588
11008439;30.901697;64.944801;89.100655;99.691734
11010431;31.200329;65.183365;89.242836;99.715889
11012436;31.498650;65.421295;89.384148;99.739059
11014437;31.796661;65.658569;89.524567;99.761246
11016437;32.094360;65.895203;89.664108;99.782455
11018471;32.391743;66.131187;89.802757;99.802673
11020463;32.688801;66.366516;89.940521;99.821899
11022458;32.985538;66.601181;90.077408;99.840149
11024455;33.281952;66.835197;90.213394;99.857414
11026460;33.578037;67.068550;90.348495;99.873695
11028473;33.873787;67.301247;90.482697;99.888985
11030431;34.169209;67.533279;90.616020;99.903290
11032431;34.464294;67.764648;90.748444;99.916611
11034436;34.759029;67.995331;90.879967;99.928947
11036437;35.053429;68.225357;91.010597;99.940285
11038635;35.347485;68.454712;91.140327;99.950661
11040460;35.641186;68.683388;91.269157;99.960030
11042459;35.934536;68.911377;91.397087;99.968422
11044455;36.227535;69.138695;91.524117;99.975815
11046456;36.520176;69.365326;91.650238;99.982239
11048453;36.812454;69.591278;91.775467;99.987663
11050470;37.104370;69.816544;91.899780;99.992104
11052439;37.395920;70.041107;92.023178;99.995552
11054436;37.687099;70.264992;92.145683;99.998024
11056443;37.977905;70.488182;92.267273;99.999496
11058437;38.268341;70.710678;92.387955;100.000000
11060438;38.558399;70.932472;92.507721;99.999504
11062469;38.848072;71.153564;92.626579;99.998024
11064456;39.137363;71.373955;92.744514;99.995552
11066457;39.281864;71.483887;92.803146;99.993958
11068453;39.714787;71.812630;92.977646;99.987663
11070451;40.002911;72.030899;93.092834;99.982231
11072463;40.290646;72.248459;93.207108;99.975822
11074442;40.577976;72.465309;93.320457;99.968414
11076438;40.864906;72.681442;93.432892;99.960030
11078441;41.151436;72.896866;93.544403;99.950653
11080435;41.437557;73.111557;93.654976;99.940285
11082476;41.723270;73.325531;93.764648;99.928947
11084438;42.008572;73.538780;93.873383;99.916611
11086437;42.293461;73.751305;93.981194;99.903297
11088435;42.577927;73.963104;94.088074;99.888977
11090438;42.861973;74.174171;94.194031;99.873688
11092635;43.145603;74.384514;94.299049;99.857414
11094467;43.428806;74.594116;94.403145;99.840149
11096456;43.711575;74.802971;94.506302;99.821899
11098454;43.993916;75.011101;94.608536;99.802666
11100452;44.275822;75.218491;94.709824;99.782448
11102454;44.557289;75.425133;94.810188;99.761246
11104477;44.838318;75.631035;94.909607;99.739052
11106440;45.118908;75.836189;95.008102;99.715889
11108436;45.399048;76.040588;95.105652;99.691727
11110435;45.678741;76.244247;95.202255;99.666588
11112435;45.957985;76.447151;95.297935;99.640465
11114434;46.236774;76.649300;95.392654;99.613358
11116481;46.375996;76.750092;95.439674;99.599434
11118462;46.792980;77.051315;95.579300;99.556190
11120458;47.070389;77.251198;95.671204;99.526138
11122453;47.347336;77.450302;95.762161;99.495102
11124455;47.623817;77.648643;95.852173;99.463074
11126647;47.899826;77.846230;95.941246;99.430069
11128465;48.175365;78.043030;96.029366;99.396095
11130457;48.450424;78.239075;96.116539;99.361130
11132459;48.725014;78.434341;96.202759;99.325180
11134458;48.999115;78.628838;96.288040;99.288254
11136458;49.272736;78.822556;96.372368;99.250343
11138476;49.545868;79.015503;96.455742;99.211464
11140441;49.818508;79.207657;96.538162;99.171600
11142436;50.090660;79.399033;96.619629;99.130753
11144433;50.362320;79.589630;96.700142;99.088928
11146436;50.633476;79.779434;96.779701;99.046135
11148472;50.904137;79.968460;96.858307;99.002357
11150438;51.174294;80.156693;96.935966;98.957603
11152431;51.443951;80.344139;97.012650;98.911873
11154439;51.713097;80.530785;97.088394;98.865166
11156437;51.981728;80.716637;97.163162;98.817490
11158434;52.249855;80.901695;97.236984;98.768829
11160478;52.517464;81.085953;97.309845;98.719193
11162454;52.784550;81.269417;97.381744;98.668587
11164455;53.051121;81.452072;97.452690;98.617004
11166462;53.317158;81.633926;97.522667;98.564461
11168455;53.582676;81.814972;97.591675;98.510925
11170472;53.847664;81.995209;97.659721;98.456421
11172432;54.112125;82.174637;97.726807;98.400948
11174430;54.376041;82.353249;97.792923;98.344513
11176437;54.639435;82.531059;97.858086;98.287102
11178438;54.770924;82.619652;97.890305;98.258034
11180470;55.164581;82.884232;97.985497;98.169365
11182441;55.426346;83.059586;98.047760;98.109039
11184433;55.687557;83.234116;98.109039;98.047752
11186433;55.948223;83.407845;98.169365;97.985504
11188440;56.208336;83.580734;98.228722;97.922279
11190432;56.467896;83.752800;98.287109;97.858086
11192467;56.726891;83.924042;98.344513;97.792931
11194437;56.985329;84.094452;98.400955;97.726807
11196437;57.243210;84.264038;98.456429;97.659721
11198434;57.500523;84.432793;98.510933;97.591675
11200439;57.757271;84.600708;98.564461;97.522659
11202522;58.013447;84.767792;98.617012;97.452690
11204462;58.269047;84.934044;98.668594;97.381744
11206458;58.524071;85.099449;98.719193;97.309837
11208457;58.778526;85.264015;98.768829;97.236984
11210458;59.032394;85.427734;98.817490;97.163177
11212453;59.285683;85.590622;98.865173;97.088394
11214468;59.538383;85.752663;98.911880;97.012657
11216462;59.790497;85.913864;98.957611;96.935966
11218458;60.042023;86.074196;99.002365;96.858307
11220457;60.292953;86.233696;99.046135;96.779709
11222456;60.543285;86.392334;99.088943;96.700142
11224469;60.793026;86.550125;99.130760;96.619629
11226435;61.042168;86.707069;99.171600;96.538162
11228437;61.290707;86.863152;99.211472;96.455742
11230441;61.538635;87.018372;99.250351;96.372368
11232435;61.785961;87.172737;99.288261;96.288040
11234440;62.032669;87.326241;99.325180;96.202766
11236480;62.278770;87.478882;99.361130;96.116539
11238460;62.524265;87.630669;99.396095;96.029366
11240453;62.769135;87.781578;99.430069;95.941246
11242452;63.013386;87.931625;99.463081;95.852180
11244457;63.257015;88.080811;99.495102;95.762169
11246474;63.500015;88.229118;99.526146;95.671204
11248435;63.742393;88.376556;99.556198;95.579300
11250439;63.984142;88.523125;99.585266;95.486450
11252433;64.225266;88.668823;99.613358;95.392670
11254436;64.465744;88.813637;99.640465;95.297935
11256524;64.705597;88.957581;99.666588;95.202263
11258458;64.944801;89.100647;99.691734;95.105652
11260457;65.183365;89.242836;99.715889;95.008102
11262455;65.421295;89.384140;99.739059;94.909622
11264453;65.658569;89.524551;99.761246;94.810188
11266458;65.776978;89.594444;99.771973;94.709824
11268471;66.131187;89.802757;99.802673;94.608536
11270441;66.366508;89.940521;99.821907;94.506310
11272433;66.601189;90.077400;99.840149;94.403145
11274433;66.835197;90.213394;99.857422;94.299057
11276436;67.068550;90.348488;99.873695;94.194023
11278544;67.301247;90.482697;99.888992;94.088074
11280460;67.533279;90.616020;99.903297;93.981194
11282457;67.764648;90.748444;99.916611;93.873390
11284455;67.995331;90.879967;99.928947;93.764648
11286460;68.225357;91.010597;99.940285;93.654991
11288457;68.454704;91.140327;99.950661;93.544403
11290476;68.683380;91.269150;99.960030;93.432892
11292440;68.911377;91.397079;99.968414;93.320465
11294439;69.138695;91.524109;99.975815;93.207108
11296436;69.365326;91.650238;99.982231;93.092834
11298437;69.591278;91.775459;99.987656;92.977646
11300537;69.816536;91.899773;99.992104;92.861542
11302455;70.041107;92.023178;99.995552;92.744514
11304458;70.264992;92.145676;99.998024;92.626572
11306456;70.488182;92.267265;99.999504;92.507713
11308454;70.710678;92.387947;99.999992;92.387947
11310455;70.932472;92.507721;99.999512;92.267273
11312468;71.153572;92.626572;99.998024;92.145683
11314447;71.373955;92.744507;99.995552;92.023178
11316436;71.483887;92.803131;99.993950;91.961586
11318436;71.812630;92.977646;99.987663;91.775467
11320438;72.030899;93.092842;99.982239;91.650238
11322523;72.248459;93.207100;99.975815;91.524117
11324460;72.465309;93.320465;99.968414;91.397079
11326462;72.681450;93.432892;99.960030;91.269157
11328461;72.896866;93.544403;99.950661;91.140335
11330459;73.111557;93.654991;99.940285;91.010597
11332455;73.325539;93.764648;99.928955;90.879967
11334475;73.538788;93.873390;99.916611;90.748444
11336458;73.751320;93.981194;99.903297;90.616020
11338456;73.963112;94.088074;99.888977;90.482697
11340454;74.174179;94.194031;99.873695;90.348495
11342458;74.384514;94.299049;99.857414;90.213387
11344478;74.594116;94.403145;99.840149;90.077400
11346433;74.802986;94.506310;99.821915;89.940521
11348436;75.011108;94.608536;99.802673;89.802757
11350434;75.218498;94.709831;99.782455;89.664101
11352438;75.425140;94.810188;99.761246;89.524567
11354525;75.631042;94.909622;99.739059;89.384148
11356468;75.836197;95.008102;99.715889;89.242844
11358458;76.040596;95.105652;99.691734;89.100655
11360458;76.244255;95.202263;99.666588;88.957581
11362456;76.447151;95.297935;99.640465;88.813637
11364453;76.649300;95.392662;99.613365;88.668831
11366463;76.850693;95.486450;99.585266;88.523125
11368434;77.051323;95.579300;99.556198;88.376572
11370434;77.251198;95.671204;99.526146;88.229126
11372437;77.450302;95.762161;99.495102;88.080811
11374442;77.648651;95.852180;99.463081;87.931625
11376525;77.846230;95.941246;99.430069;87.781586
11378459;78.043045;96.029373;99.396095;87.630676
11380455;78.239082;96.116539;99.361130;87.478889
11382455;78.434349;96.202766;99.325195;87.326256
11384455;78.628838;96.288040;99.288261;87.172745
11386459;78.822556;96.372368;99.250351;87.018372
11388476;79.015503;96.455742;99.211464;86.863152
11390463;79.207657;96.538162;99.171600;86.707077
11392456;79.399040;96.619629;99.130760;86.550125
11394458;79.589638;96.700150;99.088943;86.392342
11396459;79.779442;96.779701;99.046150;86.233696
11398472;79.968468;96.858307;99.002365;86.074196
11400436;80.156693;96.935966;98.957611;85.913864
11402431;80.344131;97.012650;98.911880;85.752663
11404437;80.530785;97.088394;98.865173;85.590622
11406439;80.716637;97.163162;98.817482;85.427734
11408640;80.901695;97.236992;98.768829;85.264015
11410464;81.085953;97.309845;98.719200;85.099449
11412459;81.269417;97.381744;98.668587;84.934036
11414455;81.452065;97.452682;98.617012;84.767792
11416458;81.543091;97.487785;98.590851;84.684357
11418457;81.814972;97.591667;98.510925;84.432793
11420471;81.995209;97.659721;98.456429;84.264038
11422459;82.174637;97.726807;98.400948;84.094452
11424456;82.353249;97.792923;98.344513;83.924042
11426458;82.531059;97.858086;98.287109;83.752800
11428462;82.708054;97.922279;98.228722;83.580734
11430474;82.884232;97.985497;98.169373;83.407845
11432433;83.059586;98.047760;98.109055;83.234131
11434434;83.234123;98.109039;98.047760;83.059586
11436440;83.407837;98.169365;97.985504;82.884232
11438435;83.580734;98.228722;97.922279;82.708054
11440435;83.752800;98.287102;97.858086;82.531059
11442464;83.924042;98.344513;97.792938;82.353256
11444435;84.094452;98.400948;97.726807;82.174637
11446435;84.264038;98.456421;97.659721;81.995209
11448435;84.432785;98.510925;97.591675;81.814972
11450439;84.600708;98.564453;97.522652;81.633919
11452637;84.767792;98.617004;97.452690;81.452080
11454462;84.934029;98.668587;97.381744;81.269409
11456461;85.099449;98.719193;97.309845;81.085953
11458458;85.264008;98.768829;97.236992;80.901703
11460452;85.427734;98.817482;97.163162;80.716637
11462456;85.590622;98.865166;97.088394;80.530785
11464477;85.752663;98.911873;97.012650;80.344131
11466439;85.913857;98.957603;96.935966;80.156693
11468431;86.074203;99.002365;96.858307;79.968468
11470433;86.233688;99.046135;96.779701;79.779449
11472435;86.392334;99.088936;96.700142;79.589638
11474524;86.550125;99.130753;96.619629;79.399040
11476463;86.707062;99.171600;96.538162;79.207657
11478456;86.863152;99.211464;96.455742;79.015503
11480454;87.018372;99.250343;96.372368;78.822556
11482461;87.172737;99.288254;96.288040;78.628838
11484453;87.326241;99.325180;96.202759;78.434341
11486480;87.478882;99.361122;96.116539;78.239082
11488452;87.630669;99.396095;96.029366;78.043045
11490438;87.781578;99.430069;95.941246;77.846230
11492436;87.931625;99.463081;95.852188;77.648651
11494441;88.080803;99.495094;95.762161;77.450302
11496646;88.229111;99.526131;95.671204;77.251198
11498460;88.376549;99.556190;95.579300;77.051331
11500460;88.523125;99.585266;95.486458;76.850700
11502458;88.668823;99.613358;95.392662;76.649300
11504456;88.813637;99.640465;95.297935;76.447159
11506455;88.957581;99.666595;95.202271;76.244263
11508463;89.100647;99.691734;95.105652;76.040596
11510440;89.242828;99.715881;95.008102;75.836197
11512438;89.384140;99.739059;94.909607;75.631035
11514438;89.524559;99.761246;94.810188;75.425133
11516440;89.664093;99.782448;94.709824;75.218498
11518535;89.802757;99.802666;94.608536;75.011108
11520459;89.940521;99.821907;94.506302;74.802979
11522454;90.077400;99.840149;94.403145;74.594116
11524455;90.213387;99.857414;94.299057;74.384514
11526459;90.348495;99.873695;94.194031;74.174187
11528455;90.482697;99.888977;94.088081;73.963120
11530461;90.616020;99.903290;93.981201;73.751320
11532437;90.748444;99.916611;93.873383;73.538795
11534439;90.879967;99.928947;93.764648;73.325539
11536436;91.010597;99.940292;93.654991;73.111565
11538439;91.140327;99.950661;93.544403;72.896866
11540472;91.269150;99.960030;93.432892;72.681450
11542440;91.397087;99.968422;93.320465;72.465309
11544434;91.524117;99.975822;93.207108;72.248459
11546438;91.650238;99.982239;93.092850;72.030899
11548434;91.775467;99.987663;92.977646;71.812630
11550436;91.899780;99.992104;92.861542;71.593651
11552473;92.023178;99.995560;92.744514;71.373978
11554458;92.145683;99.998024;92.626579;71.153572
11556459;92.267273;99.999512;92.507729;70.932480
11558456;92.387947;100.000000;92.387955;70.710686
11560453;92.507721;99.999504;92.267273;70.488190
11562475;92.626572;99.998024;92.145683;70.264992
11564441;92.744514;99.995552;92.023186;70.041122
11566440;92.803139;99.993950;91.961601;69.928917
11568436;92.977646;99.987663;91.775467;69.591278
11570435;93.092834;99.982231;91.650238;69.365334
11572435;93.207108;99.975815;91.524109;69.138695
11574474;93.320465;99.968422;91.397087;68.911377
11576457;93.432892;99.960030;91.269157;68.683388
11578454;93.544403;99.950653;91.140327;68.454720
11580456;93.654991;99.940292;91.010605;68.225365
11582457;93.764648;99.928947;90.879974;67.995346
11584465;93.873383;99.916611;90.748444;67.764648
11586439;93.981194;99.903297;90.616020;67.533287
11588435;94.088074;99.888992;90.482712;67.301262
11590431;94.194031;99.873695;90.348495;67.068558
11592436;94.299057;99.857414;90.213394;66.835197
11594431;94.403145;99.840157;90.077415;66.601196
11596477;94.506310;99.821907;89.940521;66.366516
11598454;94.608536;99.802673;89.802757;66.131187
11600453;94.709831;99.782455;89.664101;65.895210
11602459;94.810196;99.761246;89.524567;65.658577
11604452;94.909615;99.739059;89.384148;65.421310
11606477;95.008102;99.715889;89.242844;65.183380
11608439;95.105652;99.691734;89.100662;64.944817
11610437;95.202271;99.666595;88.957588;64.705597
11612435;95.297935;99.640472;88.813652;64.465752
11614436;95.392670;99.613365;88.668831;64.225266
11616471;95.486458;99.585274;88.523140;63.984142
11618433;95.579300;99.556198;88.376572;63.742405
11620443;95.671204;99.526146;88.229126;63.500023
11622437;95.762169;99.495102;88.080811;63.257015
11624430;95.852180;99.463081;87.931633;63.013393
11626437;95.941254;99.430084;87.781586;62.769138
11628475;96.029373;99.396095;87.630669;62.524258
11630460;96.116547;99.361130;87.478897;62.278790
11632458;96.202766;99.325188;87.326256;62.032688
11634453;96.288040;99.288261;87.172752;61.785973
11636457;96.372368;99.250351;87.018379;61.538651
11638477;96.455742;99.211464;86.863159;61.290710
11640435;96.538162;99.171608;86.707077;61.042179
11642436;96.619637;99.130760;86.550140;60.793041
11644435;96.700150;99.088943;86.392342;60.543293
11646435;96.779709;99.046150;86.233704;60.292961
11648439;96.858315;99.002365;86.074211;60.042030
11650475;96.935966;98.957611;85.913857;59.790497
11652457;97.012665;98.911880;85.752670;59.538387
11654456;97.088394;98.865173;85.590622;59.285683
11656460;97.163177;98.817490;85.427742;59.032394
11658457;97.236992;98.768837;85.264023;58.778538
11660473;97.309853;98.719200;85.099457;58.524086
11662439;97.381752;98.668594;84.934044;58.269054
11664438;97.452690;98.617020;84.767799;58.013458
11666439;97.522667;98.564461;84.600716;57.757275
11668441;97.591682;98.510933;84.432793;57.500530
11670476;97.659721;98.456429;84.264053;57.243221
11672445;97.726814;98.400970;84.094467;56.985344
11674440;97.792938;98.344513;83.924049;56.726898
11676435;97.858086;98.287109;83.752808;56.467903
11678432;97.922287;98.228722;83.580742;56.208344
11680439;97.985504;98.169365;83.407845;55.948223
11682470;98.047760;98.109055;83.234131;55.687569
11684457;98.109055;98.047768;83.059601;55.426361
11686463;98.169373;97.985504;82.884239;55.164593
11688455;98.228722;97.922287;82.708061;54.902290
11690449;98.287109;97.858086;82.531067;54.639442
11692470;98.344521;97.792938;82.353264;54.376053
11694441;98.400963;97.726807;82.174644;54.112137
11696437;98.456436;97.659729;81.995216;53.847675
11698439;98.510933;97.591675;81.814972;53.582680
11700437;98.564461;97.522667;81.633934;53.317173
11702437;98.617020;97.452690;81.452080;53.051125
11704476;98.668602;97.381744;81.269417;52.784550
11706463;98.719200;97.309853;81.085960;52.517467
11708455;98.768837;97.236992;80.901703;52.249863
11710458;98.817490;97.163170;80.716637;51.981728
11712455;98.865173;97.088402;80.530800;51.713108
11714481;98.911880;97.012657;80.344139;51.443966
11716439;98.934868;96.974442;80.250526;51.309196
11718440;99.002365;96.858322;79.968475;50.904156
11720432;99.046143;96.779709;79.779449;50.633492
11722438;99.088943;96.700150;79.589638;50.362324
11724434;99.130760;96.619637;79.399048;50.090672
11726475;99.171608;96.538162;79.207672;49.818516
11728456;99.211472;96.455742;79.015503;49.545868
11730455;99.250359;96.372375;78.822563;49.272743
11732459;99.288261;96.288040;78.628845;48.999119
11734454;99.325188;96.202759;78.434349;48.725010
11736481;99.361130;96.116547;78.239082;48.450436
11738444;99.396095;96.029373;78.043053;48.175381
11740435;99.430077;95.941246;77.846237;47.899837
11742441;99.463081;95.852188;77.648666;47.623833
11744441;99.495102;95.762161;77.450310;47.347347
11746440;99.526146;95.671204;77.251205;47.070396
11748475;99.556198;95.579300;77.051331;46.792992
11750457;99.585274;95.486450;76.850700;46.515114
11752453;99.613365;95.392670;76.649300;46.236778
11754457;99.640472;95.297935;76.447159;45.957993
11756465;99.666595;95.202271;76.244255;45.678745
11758474;99.691734;95.105652;76.040596;45.399052
11760441;99.715889;95.008102;75.836197;45.118912
11762441;99.739059;94.909607;75.631035;44.838322
11764433;99.761253;94.810188;75.425133;44.557289
11766435;99.782455;94.709831;75.218506;44.275837
11768436;99.802673;94.608536;75.011116;43.993927
11770474;99.821907;94.506302;74.802986;43.711582
11772458;99.840149;94.403145;74.594124;43.428814
11774459;99.857422;94.299057;74.384514;43.145611
11776458;99.873695;94.194031;74.174179;42.861980
11778454;99.888985;94.088074;73.963112;42.577938
11780473;99.903290;93.981194;73.751312;42.293461
11782432;99.916611;93.873383;73.538788;42.008572
11784433;99.928947;93.764648;73.325539;41.723274
11786439;99.940292;93.654984;73.111557;41.437557
11788437;99.950653;93.544403;72.896866;41.151443
11790517;99.960030;93.432892;72.681442;40.864910
11792459;99.968422;93.320465;72.465324;40.577988
11794457;99.975815;93.207115;72.248474;40.290661
11796465;99.982239;93.092850;72.030914;40.002926
11798457;99.987663;92.977646;71.812630;39.714794
11800457;99.992104;92.861542;71.593651;39.426285
11802468;99.995560;92.744514;71.373962;39.137375
11804447;99.998024;92.626572;71.153572;38.848080
11806438;99.999504;92.507721;70.932480;38.558407
11808440;100.000000;92.387947;70.710686;38.268349
11810438;99.999504;92.267265;70.488182;37.977909
11812438;99.998024;92.145691;70.264999;37.687111
11814473;99.995560;92.023186;70.041115;37.395924
11816463;99.993958;91.961594;69.928917;37.250195
11818461;99.987663;91.775467;69.591278;36.812462
11820456;99.982239;91.650246;69.365341;36.520187
11822458;99.975815;91.524117;69.138702;36.227547
11824476;99.968422;91.397095;68.911392;35.934555
11826439;99.960030;91.269150;68.683395;35.641197
11828432;99.950661;91.140327;68.454720;35.347488
11830432;99.940292;91.010597;68.225372;35.053444
11832444;99.928947;90.879967;67.995346;34.759037
11834475;99.916611;90.748444;67.764648;34.464298
11836438;99.903290;90.616020;67.533287;34.169220
11838433;99.888985;90.482704;67.301247;33.873795
11840436;99.873695;90.348495;67.068550;33.578041
11842435;99.857422;90.213402;66.835205;33.281963
11844437;99.840157;90.077408;66.601196;32.985542
11846476;99.821907;89.940521;66.366516;32.688816
11848438;99.802673;89.802757;66.131195;32.391758
11850437;99.782455;89.664108;65.895210;32.094372
11852437;99.761253;89.524567;65.658585;31.796669
11854438;99.739059;89.384148;65.421310;31.498665
11856631;99.715889;89.242836;65.183380;31.200336
11858461;99.691734;89.100655;64.944809;30.901707
11860455;99.666595;88.957588;64.705605;30.602774
11862455;99.640472;88.813652;64.465752;30.303532
11864452;99.613365;88.668831;64.225266;30.003992
11866460;99.599442;88.596092;64.104790;29.854122
11868459;99.556198;88.376564;63.742401;29.404036
11870440;99.526146;88.229126;63.500023;29.103617
11872429;99.495102;88.080811;63.257015;28.802916
11874439;99.463081;87.931633;63.013397;28.501940
11876440;99.430077;87.781578;62.769146;28.200665
11878476;99.396095;87.630669;62.524277;27.899126
11880443;99.361130;87.478897;62.278782;27.597300
11882439;99.325188;87.326248;62.032677;27.295198
11884442;99.288261;87.172745;61.785965;26.992842
11886442;99.250359;87.018379;61.538643;26.690208
11888432;99.211472;86.863152;61.290710;26.387306
11890468;99.171608;86.707077;61.042179;26.084160
11892437;99.130768;86.550133;60.793030;25.780743
11894437;99.088943;86.392342;60.543293;25.477072
11896440;99.046150;86.233704;60.292961;25.173161
11898436;99.002365;86.074203;60.042023;24.868990
11900537;98.957619;85.913864;59.790504;24.564585
11902457;98.911888;85.752670;59.538399;24.259939
11904456;98.865173;85.590630;59.285694;23.955040
11906459;98.817497;85.427750;59.032398;23.649906
11908455;98.768837;85.264023;58.778538;23.344549
11910456;98.719200;85.099449;58.524078;23.038950
11912469;98.668602;84.934044;58.269054;22.733126
11914443;98.617020;84.767799;58.013458;22.427086
11916443;98.564461;84.600708;57.757275;22.120817
11918435;98.510933;84.432793;57.500530;21.814325
11920438;98.456436;84.264046;57.243221;21.507629
11922527;98.400970;84.094467;56.985336;21.200716
11924459;98.344521;83.924042;56.726898;20.893587
11926463;98.287109;83.752808;56.467896;20.586267
11928456;98.228729;83.580742;56.208347;20.278742
11930455;98.169380;83.407852;55.948238;19.971018
11932453;98.109055;83.234131;55.687569;19.663084
11934475;98.047768;83.059601;55.426361;19.354956
11936440;97.985512;82.884247;55.164604;19.046650
11938435;97.922287;82.708061;54.902290;18.738142
11940433;97.858093;82.531067;54.639442;18.429453
11942436;97.792938;82.353271;54.376060;18.120592
11944437;97.726814;82.174644;54.112137;17.811539
11946467;97.659729;81.995216;53.847672;17.502310
11948444;97.591682;81.814972;53.582687;17.192921
11950439;97.522667;81.633926;53.317165;16.883350
11952437;97.452690;81.452065;53.051113;16.573614
11954437;97.381760;81.269424;52.784573;16.263739
11956473;97.309860;81.085968;52.517479;15.953675
11958439;97.237000;80.901703;52.249866;15.643456
11960432;97.163185;80.716660;51.981747;15.333097
11962439;97.088402;80.530800;51.713108;15.022573
11964433;97.012665;80.344139;51.443958;14.711899
11966440;96.935974;80.156708;51.174313;14.401093
11968477;96.858322;79.968468;50.904156;14.090136
11970460;96.779716;79.779449;50.633492;13.779037
11972452;96.700157;79.589638;50.362331;13.467813
11974456;96.619637;79.399040;50.090672;13.156446
11976457;96.538170;79.207664;49.818512;12.844947
11978481;96.455750;79.015503;49.545876;12.533334
11980441;96.372375;78.822563;49.272739;12.221585
11982432;96.288048;78.628853;48.999126;11.909729
11984436;96.202774;78.434357;48.725025;11.597755
11986436;96.116547;78.239090;48.450439;11.285654
11988436;96.029373;78.043045;48.175385;10.973442
11990473;95.941254;77.846245;47.899849;10.661134
11992460;95.852188;77.648659;47.623833;10.348704
11994455;95.762169;77.450310;47.347347;10.036180
11996459;95.671211;77.251205;47.070408;9.723562
11998456;95.579308;77.051331;46.792992;9.410843
12000476;95.486458;76.850693;46.515114;9.098026
12002435;95.392670;76.649307;46.236782;8.785131
12004442;95.297935;76.447159;45.957989;8.472138
12006431;95.202271;76.244255;45.678745;8.159065
12008434;95.105659;76.040611;45.399071;7.845932
12010531;95.008110;75.836205;45.118923;7.532695
12012460;94.909622;75.631042;44.838333;7.219386
12014454;94.810196;75.425148;44.557308;6.906024
12016461;94.760132;75.321922;44.416626;6.749305
12018457;94.608536;75.011108;43.993927;6.279058
12020455;94.506317;74.802986;43.711590;5.965498
12022474;94.403152;74.594124;43.428814;5.651865
12024461;94.299057;74.384514;43.145607;5.338177
12026465;94.194038;74.174187;42.861984;5.024442
12028457;94.088081;73.963112;42.577942;4.710653
12030456;93.981201;73.751312;42.293465;4.396817
12032474;93.873390;73.538795;42.008579;4.082945
12034437;93.764648;73.325531;41.723274;3.769022
12036437;93.654999;73.111565;41.437565;3.455079
12038442;93.544411;72.896873;41.151451;3.141096
12040441;93.432907;72.681458;40.864925;2.827072
12042433;93.320465;72.465317;40.577984;2.513018
12044477;93.207123;72.248474;40.290661;2.198956
12046463;93.092850;72.030914;40.002926;1.884857
12048459;92.977646;71.812630;39.714794;1.570734
12050458;92.861542;71.593651;39.426285;1.256618
12052451;92.744514;71.373962;39.137375;0.942472
12054471;92.626579;71.153572;38.848080;0.628316
12056442;92.507729;70.932480;38.558407;0.314170
12058436;92.387955;70.710686;38.268349;0.000003
12060442;92.267273;70.488182;37.977909;-0.314158
12062436;92.145691;70.265015;37.687119;-0.628296
12064435;92.023193;70.041122;37.395935;-0.942451
12066477;91.961601;69.928917;37.250202;-1.099524
12068458;91.775475;69.591293;36.812473;-1.570714
12070455;91.650246;69.365334;36.520187;-1.884833
12072456;91.524117;69.138702;36.227539;-2.198935
12074455;91.397095;68.911392;35.934551;-2.512994
12076477;91.269157;68.683388;35.641197;-2.827048
12078440;91.140327;68.454712;35.347485;-3.141072
12080442;91.010597;68.225365;35.053440;-3.455052
12082432;90.879974;67.995338;34.759037;-3.769013
12084438;90.748444;67.764641;34.464287;-4.082933
12086638;90.616020;67.533279;34.169209;-4.396814
12088460;90.482712;67.301262;33.873806;-4.710629
12090461;90.348503;67.068558;33.578049;-5.024421
12092455;90.213394;66.835197;33.281956;-5.338165
12094455;90.077415;66.601196;32.985558;-5.651832
12096457;89.940529;66.366516;32.688820;-5.965466
12098473;89.802765;66.131195;32.391754;-6.279037
12100459;89.664108;65.895210;32.094372;-6.592551
12102458;89.524567;65.658585;31.796669;-6.906000
12104455;89.384140;65.421288;31.498646;-7.219380
12106454;89.242844;65.183388;31.200344;-7.532662
12108481;89.100662;64.944809;30.901712;-7.845893
12110442;88.957588;64.705605;30.602774;-8.159054
12112441;88.813644;64.465752;30.303530;-8.472127
12114439;88.668823;64.225258;30.003986;-8.785120
12116437;88.523125;63.984138;29.704151;-9.098026
12118436;88.376564;63.742405;29.404041;-9.410816
12120468;88.229126;63.500023;29.103624;-9.723544
12122438;88.080811;63.257015;28.802916;-10.036167
12124438;87.931625;63.013382;28.501923;-10.348699
12126438;87.781578;62.769127;28.200649;-10.661122
12128435;87.630661;62.524254;27.899096;-10.973445
12130643;87.478897;62.278793;27.597311;-11.285609
12132460;87.326256;62.032688;27.295212;-11.597711
12134453;87.172745;61.785973;26.992849;-11.909697
12136464;87.018379;61.538643;26.690207;-12.221569
12138462;86.863152;61.290707;26.387314;-12.533316
12140452;86.707069;61.042168;26.084152;-12.844941
12142476;86.550140;60.793041;25.780758;-13.156411
12144433;86.392349;60.543297;25.477087;-13.467783
12146439;86.233696;60.292961;25.173164;-13.779020
12148437;86.074203;60.042023;24.868988;-14.090117
12150440;85.913857;59.790497;24.564579;-14.401073
12152520;85.752663;59.538376;24.259922;-14.711893
12154457;85.590630;59.285690;23.955044;-15.022543
12156460;85.427750;59.032406;23.649914;-15.333065
12158454;85.264015;58.778526;23.344538;-15.643438
12160455;85.099449;58.524071;23.038942;-15.953657
12162458;84.934029;58.269035;22.733120;-16.263720
12164480;84.767799;58.013458;22.427092;-16.573593
12166442;84.684357;57.885426;22.273970;-16.728500
12168433;84.432793;57.500523;21.814325;-17.192904
12170437;84.264038;57.243210;21.507627;-17.502302
12172437;84.094452;56.985329;21.200708;-17.811531
12174532;83.924034;56.726883;20.893579;-18.120584
12176471;83.752808;56.467896;20.586267;-18.429432
12178456;83.580734;56.208336;20.278728;-18.738127
12180457;83.580734;55.948223;19.970995;-19.046635
12182454;83.234116;55.687546;19.663059;-19.354958
12184456;83.059601;55.426361;19.354959;-19.663054
12186475;82.884232;55.164593;19.046640;-19.970985
12188440;82.708069;54.902302;18.738163;-20.278698
12190441;82.531075;54.639454;18.429466;-20.586231
12192442;82.353271;54.376064;18.120592;-20.893570
12194442;82.174644;54.112137;17.811541;-21.200699
12196509;81.995216;53.847672;17.502312;-21.507614
12198457;81.814972;53.582680;17.192913;-21.814323
12200455;81.633934;53.317177;16.883364;-22.120789
12202456;81.452087;53.051140;16.573631;-22.427052
12204457;81.269424;52.784561;16.263733;-22.733107
12206466;81.085960;52.517467;15.953669;-23.038933
12208474;80.901703;52.249855;15.643451;-23.344532
12210439;80.716637;51.981735;15.333075;-23.649895
12212437;80.530800;51.713108;15.022582;-23.955011
12214438;80.344147;51.443958;14.711899;-24.259911
12216435;80.156700;51.174309;14.401081;-24.564569
12218430;79.968468;50.904148;14.090130;-24.868980
12220476;79.779449;50.633484;13.779029;-25.173155
12222458;79.589630;50.362312;13.467794;-25.477079
12224454;79.399048;50.090675;13.156450;-25.780720
12226462;79.207664;49.818516;12.844944;-26.084148
12228457;79.015503;49.545868;12.533325;-26.387304
12230469;78.822556;49.272732;12.221578;-26.690197
12232440;78.628838;48.999107;11.909712;-26.992836
12234434;78.434341;48.724998;11.597720;-27.295208
12236433;78.239082;48.450428;11.285645;-27.597279
12238441;78.043053;48.175388;10.973456;-27.899086
12240432;77.846237;47.899841;10.661134;-28.200638
12242472;77.648666;47.623837;10.348713;-28.501907
12244457;77.450310;47.347347;10.036182;-28.802904
12246460;77.251205;47.070400;9.723559;-29.103613
12248454;77.051338;46.793003;9.410858;-29.404005
12250456;76.850708;46.515125;9.098044;-29.704136
12252473;76.649315;46.236790;8.785141;-30.003971
12254435;76.447166;45.958000;8.472151;-30.303514
12256438;76.244263;45.678749;8.159068;-30.602753
12258435;76.040604;45.399052;7.845914;-30.901691
12260438;75.836205;45.118923;7.532701;-31.200310
12262435;75.631050;44.838337;7.219398;-31.498632
12264474;75.425148;44.557304;6.906014;-31.796652
12266457;75.218498;44.275829;6.592566;-32.094349
12268451;75.011108;43.993919;6.279051;-32.391739
12270459;74.802986;43.711578;5.965483;-32.688805
12272454;74.594131;43.428822;5.651874;-32.985523
12274475;74.384521;43.145615;5.338177;-33.281940
12276438;74.174179;42.861980;5.024439;-33.578033
12278442;73.963112;42.577927;4.710648;-33.873783
12280441;73.751305;42.293449;4.396805;-34.169216
12282433;73.538780;42.008564;4.082927;-34.464298
12284471;73.325546;41.723282;3.769028;-34.759022
12286439;73.111565;41.437565;3.455070;-35.053429
12288434;72.896866;41.151432;3.141072;-35.347485
12290430;72.681442;40.864899;2.827048;-35.641193
12292437;72.465324;40.577991;2.513024;-35.934528
12294467;72.248474;40.290649;2.198946;-36.227531
12296437;72.030922;40.002934;1.884872;-36.520153
12298436;71.812645;39.714806;1.570749;-36.812435
12300434;71.593658;39.426289;1.256624;-37.104355
12302435;71.373962;39.137371;0.942469;-37.395912
12304435;71.153572;38.848080;0.628319;-37.687092
12306473;70.932480;38.558411;0.314179;-37.977890
12308460;70.710686;38.268360;0.000021;-38.268318
12310454;70.488205;37.977928;-0.314134;-38.558380
12312459;70.265007;37.687115;-0.628302;-38.848061
12314462;70.041122;37.395927;-0.942454;-39.137352
12316475;69.928932;37.250214;-1.099509;-39.281845
12318447;69.591293;36.812477;-1.570705;-39.714764
12320438;69.365349;36.520195;-1.884821;-40.002899
12322436;69.138702;36.227551;-2.198920;-40.290627
12324434;68.911385;35.934551;-2.513000;-40.577961
12326442;68.683395;35.641193;-2.827048;-40.864899
12328476;68.454712;35.347485;-3.141072;-41.151432
12330456;68.225380;35.053452;-3.455046;-41.437538
12332459;67.995354;34.759048;-3.769004;-41.723259
12334460;67.764648;34.464298;-4.082927;-42.008564
12336460;67.533287;34.169216;-4.396805;-42.293449
12338476;67.301247;33.873783;-4.710648;-42.577927
12340440;67.068550;33.578033;-5.024439;-42.861980
12342430;66.835213;33.281963;-5.338153;-43.145592
12344436;66.601196;32.985546;-5.651844;-43.428795
12346437;66.366539;32.688831;-5.965453;-43.711548
12348478;66.131203;32.391762;-6.279027;-43.993896
12350434;65.895226;32.094379;-6.592542;-44.275810
12352435;65.658585;31.796677;-6.905991;-44.557278
12354440;65.421318;31.498680;-7.219350;-44.838291
12356435;65.183395;31.200352;-7.532653;-45.118885
12358434;64.944824;30.901718;-7.845891;-45.399029
12360477;64.705612;30.602779;-8.159044;-45.678722
12362456;64.465759;30.303537;-8.472117;-45.957973
12364456;64.225273;30.003998;-8.785110;-46.236767
12366457;63.984169;29.704184;-9.097994;-46.515087
12368454;63.742416;29.404053;-9.410808;-46.792961
12370469;63.500034;29.103630;-9.723532;-47.070374
12372437;63.257027;28.802925;-10.036159;-47.347328
12374437;63.013393;28.501928;-10.348690;-47.623817
12376436;62.769138;28.200663;-10.661110;-47.899830
12378430;62.524284;27.899132;-10.973414;-48.175350
12380432;62.278790;27.597301;-11.285621;-48.450417
12382475;62.032688;27.295208;-11.597720;-48.724998
12384458;61.785965;26.992836;-11.909712;-48.999107
12386460;61.538635;26.690197;-12.221578;-49.272732
12388455;61.290707;26.387304;-12.533325;-49.545868
12390455;61.042183;26.084164;-12.844926;-49.818497
12392475;60.793037;25.780746;-13.156425;-50.090652
12394439;60.543293;25.477079;-13.467794;-50.362312
12396431;60.292953;25.173155;-13.779029;-50.633484
12398438;60.042034;24.869003;-14.090106;-50.904125
12400442;59.790508;24.564589;-14.401063;-51.174282
12402439;59.538414;24.259958;-14.711854;-51.443916
12404472;59.285706;23.955055;-15.022528;-51.713074
12406461;59.032417;23.649925;-15.333054;-51.981712
12408452;58.778542;23.344555;-15.643424;-52.249836
12410459;58.524086;23.038956;-15.953645;-52.517448
12412452;58.269054;22.733131;-16.263708;-52.784538
12414476;58.013470;22.427105;-16.573584;-53.051090
12416439;57.757290;22.120827;-16.883322;-53.317142
12418436;57.500542;21.814341;-17.192888;-53.582657
12420443;57.243221;21.507639;-17.502293;-53.847652
12422438;56.985344;21.200720;-17.811516;-54.112114
12424436;56.726898;20.893589;-18.120565;-54.376041
12426470;56.467915;20.586285;-18.429419;-54.639404
12428458;56.208355;20.278749;-18.738115;-54.902267
12430456;55.948238;19.971016;-19.046616;-55.164570
12432456;55.687569;19.663080;-19.354939;-55.426334
12434455;55.426353;19.354958;-19.663059;-55.687546
12436472;55.164589;19.046635;-19.970995;-55.948223
12438438;54.902298;18.738152;-20.278704;-56.208313
12440442;54.639446;18.429459;-20.586246;-56.467880
12442437;54.376053;18.120584;-20.893579;-56.726883
12444437;54.112125;17.811531;-21.200708;-56.985329
12446441;53.847664;17.502302;-21.507627;-57.243210
12448471;53.582676;17.192904;-21.814325;-57.500523
12450459;53.317173;16.883356;-22.120792;-57.757252
12452458;53.051144;16.573643;-22.427044;-58.013409
12454459;52.784573;16.263744;-22.733089;-58.269016
12456458;52.517479;15.953681;-23.038923;-58.524059
12458476;52.249874;15.643465;-23.344513;-58.778507
12460443;51.981766;15.333113;-23.649860;-59.032356
12462441;51.713127;15.022593;-23.954996;-59.285652
12464440;51.443977;14.711916;-24.259892;-59.538357
12466440;51.309196;14.556512;-24.412266;-59.664501
12468436;50.904156;14.090138;-24.868971;-60.042007
12470470;50.633492;13.779041;-25.173140;-60.292934
12472456;50.362350;13.467834;-25.477034;-60.543259
12474457;50.090683;13.156462;-25.780710;-60.793007
12476460;49.818527;12.844962;-26.084126;-61.042149
12478456;49.545879;12.533340;-26.387287;-61.290688
12480473;49.272743;12.221586;-26.690191;-61.538624
12482440;48.999119;11.909720;-26.992821;-61.785954
12484439;48.725033;11.597758;-27.295170;-62.032646
12486441;48.450447;11.285657;-27.597269;-62.278759
12488439;48.175381;10.973445;-27.899096;-62.524254
12490442;47.899837;10.661122;-28.200649;-62.769127
12492471;47.623821;10.348699;-28.501923;-63.013382
12494460;47.347336;10.036167;-28.802916;-63.257015
12496458;47.070408;9.723565;-29.103598;-63.500004
12498455;46.792992;9.410840;-29.404020;-63.742386
12500456;46.515114;9.098026;-29.704151;-63.984138
12502476;46.236778;8.785120;-30.003986;-64.225258
12504435;45.957981;8.472127;-30.303530;-64.465752
12506442;45.678757;8.159074;-30.602747;-64.705582
12508436;45.399082;7.845944;-30.901661;-64.944778
12510435;45.118935;7.532710;-31.200302;-65.183350
12512434;44.838341;7.219398;-31.498632;-65.421280
12514476;44.557308;6.906021;-31.796642;-65.658554
12516465;44.275837;6.592572;-32.094345;-65.895195
12518459;43.993927;6.279060;-32.391731;-66.131172
12520455;43.711601;5.965510;-32.688774;-66.366493
12522459;43.428825;5.651879;-32.985516;-66.601166
12524473;43.145622;5.338186;-33.281940;-66.835190
12526432;42.861992;5.024448;-33.578022;-67.068542
12528434;42.577938;4.710653;-33.873783;-67.301239
12530433;42.293461;4.396814;-34.169209;-67.533279
12532432;42.008595;4.082960;-34.464268;-67.764626
12534437;41.723286;3.769034;-34.759018;-67.995323
12536467;41.437569;3.455076;-35.053421;-68.225357
12538457;41.151443;3.141084;-35.347481;-68.454704
12540454;40.864910;2.827060;-35.641186;-68.683388
12542458;40.577976;2.513006;-35.934536;-68.911377
12544460;40.290661;2.198952;-36.227520;-69.138680
12546481;40.002926;1.884854;-36.520164;-69.365318
12548432;39.714794;1.570740;-36.812447;-69.591270
12550437;39.426277;1.256606;-37.104370;-69.816536
12552437;39.137363;0.942460;-37.395924;-70.041122
12554435;38.848068;0.628307;-37.687107;-70.264999
12556537;38.558411;0.314173;-37.977894;-70.488174
12558456;38.268349;0.000003;-38.268337;-70.710670
12560456;37.977936;-0.314134;-38.558376;-70.932457
12562456;37.687119;-0.628296;-38.848057;-71.153549
12564458;37.395935;-0.942451;-39.137356;-71.373947
12566458;37.250214;-1.099512;-39.281841;-71.483871
12568478;36.812485;-1.570702;-39.714760;-71.812607
12570438;36.520203;-1.884821;-40.002888;-72.030891
12572437;36.227558;-2.198917;-40.290623;-72.248444
12574439;35.934555;-2.512994;-40.577961;-72.465302
12576438;35.641201;-2.827045;-40.864895;-72.681442
12578473;35.347488;-3.141069;-41.151432;-72.896858
12580437;35.053455;-3.455037;-41.437531;-73.111542
12582438;34.759052;-3.768998;-41.723251;-73.325523
12584435;34.464306;-4.082921;-42.008560;-73.538773
12586439;34.169220;-4.396802;-42.293449;-73.751305
12588439;33.873795;-4.710641;-42.577927;-73.963104
12590473;33.578037;-5.024433;-42.861973;-74.174171
12592439;33.281975;-5.338147;-43.145584;-74.384499
12594435;32.985558;-5.651837;-43.428791;-74.594101
12596440;32.688812;-5.965474;-43.711567;-74.802971
12598435;32.391747;-6.279048;-43.993919;-75.011108
12600436;32.094360;-6.592563;-44.275822;-75.218491
12602473;31.796658;-6.906009;-44.557301;-75.425133
12604460;31.498665;-7.219368;-44.838310;-75.631035
12606460;31.200336;-7.532674;-45.118904;-75.836182
12608454;30.901703;-7.845905;-45.399048;-76.040596
12610458;30.602762;-8.159065;-45.678745;-76.244255
12612472;30.303522;-8.472138;-45.957989;-76.447159
12614433;30.004025;-8.785087;-46.236748;-76.649277
12616436;29.854134;-8.941558;-46.375977;-76.750069
12618431;29.404058;-9.410808;-46.792953;-77.051308
12620435;29.103638;-9.723529;-47.070374;-77.251183
12622435;28.802931;-10.036156;-47.347324;-77.450294
12624471;28.501940;-10.348683;-47.623806;-77.648636
12626463;28.200689;-10.661083;-47.899803;-77.846207
12628458;27.899137;-10.973406;-48.175343;-78.043022
12630454;27.597309;-11.285618;-48.450409;-78.239067
12632461;27.295212;-11.597720;-48.724998;-78.434334
12634468;26.992840;-11.909707;-48.999107;-78.628838
12636436;26.690207;-12.221572;-49.272728;-78.822556
12638432;26.387331;-12.533298;-49.545849;-79.015488
12640433;26.084169;-12.844925;-49.818493;-79.207649
12642431;25.780756;-13.156420;-50.090645;-79.399025
12644537;25.477085;-13.467787;-50.362309;-79.589630
12646462;25.173161;-13.779023;-50.633476;-79.779442
12648455;24.868990;-14.090122;-50.904137;-79.968468
12650459;24.564596;-14.401060;-51.174282;-80.156693
12652453;24.259939;-14.711875;-51.443939;-80.344131
12654453;23.955040;-15.022551;-51.713093;-80.530785
12656465;23.649906;-15.333073;-51.981735;-80.716637
12658438;23.344538;-15.643446;-52.249863;-80.901703
12660433;23.038939;-15.953666;-52.517475;-81.085968
12662439;22.733135;-16.263700;-52.784538;-81.269402
12664431;22.427086;-16.573605;-53.051113;-81.452065
12666479;22.120813;-16.883341;-53.317158;-81.633926
12668442;21.814348;-17.192888;-53.582661;-81.814957
12670438;21.507641;-17.502291;-53.847660;-81.995201
12672433;21.200726;-17.811514;-54.112114;-82.174637
12674435;20.893621;-18.120544;-54.376019;-82.353241
12676641;20.586288;-18.429419;-54.639412;-82.531052
12678461;20.278751;-18.738110;-54.902260;-82.708046
12680456;19.971016;-19.046616;-55.164574;-82.884224
12682456;19.663082;-19.354937;-55.426342;-83.059586
12684452;19.354956;-19.663063;-55.687557;-83.234123
12686458;19.046659;-19.970972;-55.948204;-83.407822
12688467;18.738153;-20.278708;-56.208317;-83.580727
12690458;18.429462;-20.586243;-56.467880;-83.752792
12692459;18.120588;-20.893579;-56.726883;-83.924042
12694456;17.811537;-21.200703;-56.985329;-84.094452
12696460;17.502310;-21.507622;-57.243217;-84.264038
12698477;17.192932;-21.814304;-57.500511;-84.432777
12700439;16.883362;-22.120792;-57.757259;-84.600700
12702433;16.573624;-22.427063;-58.013432;-84.767784
12704434;16.263723;-22.733116;-58.269035;-84.934029
12706437;15.953663;-23.038940;-58.524071;-85.099449
12708436;15.643445;-23.344540;-58.778530;-85.264015
12710475;15.333096;-23.649883;-59.032379;-85.427734
12712460;15.022570;-23.955019;-59.285675;-85.590622
12714457;14.711897;-24.259918;-59.538376;-85.752663
12716453;14.401080;-24.564575;-59.790497;-85.913864
12718460;14.090120;-24.868992;-60.042023;-86.074203
12720473;13.779022;-25.173164;-60.292965;-86.233704
12722458;13.467834;-25.477039;-60.543262;-86.392319
12724454;13.156466;-25.780708;-60.793007;-86.550117
12726461;12.844968;-26.084126;-61.042149;-86.707054
12728455;12.533342;-26.387287;-61.290688;-86.863136
12730475;12.221595;-26.690186;-61.538624;-87.018364
12732435;11.909726;-26.992821;-61.785950;-87.172737
12734431;11.597764;-27.295166;-62.032654;-87.326225
12736431;11.285663;-27.597263;-62.278759;-87.478874
12738435;10.973451;-27.899092;-62.524246;-87.630653
12740429;10.661130;-28.200644;-62.769127;-87.781570
12742471;10.348703;-28.501919;-63.013382;-87.931625
12744458;10.036177;-28.802908;-63.257008;-88.080803
12746465;9.723573;-29.103596;-63.500000;-88.229111
12748454;9.410850;-29.404015;-63.742382;-88.376549
12750458;9.098034;-29.704147;-63.984138;-88.523117
12752473;8.785129;-30.003983;-64.225258;-88.668823
12754441;8.472136;-30.303522;-64.465752;-88.813644
12756434;8.159060;-30.602764;-64.705597;-88.957588
12758440;7.845928;-30.901682;-64.944786;-89.100639
12760442;7.532693;-31.200317;-65.183357;-89.242828
12762435;7.219385;-31.498644;-65.421288;-89.384132
12764471;6.906006;-31.796661;-65.658577;-89.524559
12766463;6.749302;-31.945538;-65.776962;-89.594437
12768460;6.279069;-32.391727;-66.131172;-89.802750
12770455;5.965495;-32.688789;-66.366501;-89.940521
12772458;5.651861;-32.985531;-66.601181;-90.077393
12774477;5.338172;-33.281952;-66.835197;-90.213394
12776437;5.024454;-33.578022;-67.068542;-90.348488
12778433;4.710662;-33.873775;-67.301239;-90.482697
12780435;4.396848;-34.169178;-67.533249;-90.615997
12782439;4.082967;-34.464264;-67.764626;-90.748428
12784434;3.769045;-34.759010;-67.995323;-90.879951
12786476;3.455086;-35.053410;-68.225342;-91.010582
12788457;3.141093;-35.347469;-68.454697;-91.140312
12790459;2.827068;-35.641174;-68.683372;-91.269150
12792452;2.513040;-35.934509;-68.911354;-91.397072
12794453;2.198963;-36.227512;-69.138680;-91.524109
12796477;1.884865;-36.520157;-69.365318;-91.650238
12798438;1.570747;-36.812439;-69.591263;-91.775452
12800434;1.256615;-37.104359;-69.816528;-91.899773
12802438;0.942470;-37.395916;-70.041107;-92.023178
12804434;0.628339;-37.687077;-70.264977;-92.145668
12806648;0.314179;-37.977890;-70.488167;-92.267265
12808461;0.000015;-38.268326;-70.710663;-92.387947
12810460;-0.314149;-38.558388;-70.932457;-92.507706
12812451;-0.628309;-38.848068;-71.153564;-92.626572
12814456;-0.942463;-39.137367;-71.373955;-92.744514
12816461;-1.099525;-39.281860;-71.483887;-92.803139
12818474;-1.570717;-39.714775;-71.812614;-92.977646
12820437;-1.884835;-40.002903;-72.030899;-93.092834
12822441;-2.198933;-40.290638;-72.248459;-93.207100
12824442;-2.513010;-40.577976;-72.465309;-93.320457
12826432;-2.827062;-40.864910;-72.681442;-93.432892
12828435;-3.141062;-41.151421;-72.896858;-93.544403
12830470;-3.455031;-41.437523;-73.111534;-93.654976
12832456;-3.768990;-41.723244;-73.325516;-93.764641
12834453;-4.082912;-42.008553;-73.538765;-93.873375
12836457;-4.396794;-42.293446;-73.751297;-93.981186
12838454;-4.710632;-42.577915;-73.963097;-94.088074
12840474;-5.024400;-42.861950;-74.174156;-94.194016
12842458;-5.338142;-43.145580;-74.384491;-94.299042
12844456;-5.651831;-43.428783;-74.594101;-94.403137
12846460;-5.965465;-43.711559;-74.802963;-94.506294
12848456;-6.279039;-43.993904;-75.011101;-94.608528
12850481;-6.592552;-44.275818;-75.218491;-94.709824
12852441;-6.905976;-44.557266;-75.425125;-94.810181
12854440;-7.219356;-44.838303;-75.631020;-94.909599
12856442;-7.532664;-45.118896;-75.836182;-95.008095
12858429;-7.845898;-45.399040;-76.040588;-95.105652
12860437;-8.159054;-45.678734;-76.244247;-95.202263
12862476;-8.472131;-45.957985;-76.447151;-95.297935
12864458;-8.785099;-46.236755;-76.649284;-95.392654
12866460;-9.098004;-46.515091;-76.850685;-95.486443
12868457;-9.410820;-46.792969;-77.051315;-95.579300
12870452;-9.723543;-47.070389;-77.251198;-95.671204
12872475;-10.036171;-47.347336;-77.450302;-95.762161
12874437;-10.348699;-47.623825;-77.648651;-95.852180
12876440;-10.661099;-47.899818;-77.846214;-95.941238
12878439;-10.973421;-48.175358;-78.043030;-96.029358
12880441;-11.285633;-48.450424;-78.239075;-96.116547
12882540;-11.597733;-48.725014;-78.434349;-96.202766
12884459;-11.909697;-48.999100;-78.628830;-96.288040
12886457;-12.221565;-49.272720;-78.822556;-96.372368
12888454;-12.533291;-49.545841;-79.015480;-96.455734
12890453;-12.844914;-49.818485;-79.207649;-96.538147
12892457;-13.156412;-50.090641;-79.399025;-96.619621
12894475;-13.467780;-50.362301;-79.589622;-96.700134
12896458;-13.779016;-50.633465;-79.779442;-96.779709
12898452;-14.090115;-50.904129;-79.968460;-96.858307
12900453;-14.401050;-51.174271;-80.156677;-96.935959
12902455;-14.711868;-51.443935;-80.344131;-97.012650
12904473;-15.022542;-51.713085;-80.530777;-97.088394
12906440;-15.333065;-51.981724;-80.716637;-97.163170
12908437;-15.643438;-52.249847;-80.901695;-97.236992
12910439;-15.953633;-52.517437;-81.085945;-97.309845
12912435;-16.263695;-52.784531;-81.269402;-97.381744
12914436;-16.573595;-53.051102;-81.452057;-97.452682
12916473;-16.728497;-53.184204;-81.543098;-97.487793
12918458;-17.192902;-53.582676;-81.814972;-97.591682
12920458;-17.502304;-53.847664;-81.995216;-97.659721
12922452;-17.811506;-54.112106;-82.174622;-97.726807
12924457;-18.120560;-54.376038;-82.353249;-97.792938
12926665;-18.429432;-54.639423;-82.531059;-97.858086
12928462;-18.738123;-54.902275;-82.708054;-97.922279
12930459;-19.046631;-55.164581;-82.884232;-97.985504
12932458;-19.354950;-55.426346;-83.059601;-98.047760
12934456;-19.663054;-55.687546;-83.234116;-98.109047
12936458;-19.970985;-55.948215;-83.407845;-98.169373
12938478;-20.278700;-56.208313;-83.580719;-98.228714
12940438;-20.586235;-56.467880;-83.752785;-98.287109
12942437;-20.893570;-56.726879;-83.924034;-98.344513
12944435;-21.200695;-56.985317;-84.094452;-98.400963
12946436;-21.507589;-57.243179;-84.264023;-98.456421
12948436;-21.814295;-57.500500;-84.432777;-98.510925
12950474;-22.120785;-57.757252;-84.600700;-98.564461
12952459;-22.427057;-58.013428;-84.767784;-98.617004
12954454;-22.733107;-58.269035;-84.934036;-98.668594
12956460;-23.038933;-58.524067;-85.099449;-98.719200
12958457;-23.344507;-58.778500;-85.264000;-98.768829
12960474;-23.649876;-59.032375;-85.427734;-98.817490
12962441;-23.955011;-59.285664;-85.590622;-98.865173
12964440;-24.259909;-59.538376;-85.752655;-98.911880
12966439;-24.564569;-59.790493;-85.913849;-98.957603
12968430;-24.868984;-60.042023;-86.074203;-99.002365
12970436;-25.173134;-60.292934;-86.233688;-99.046143
12972471;-25.477055;-60.543274;-86.392334;-99.088936
12974457;-25.780725;-60.793018;-86.550125;-99.130760
12976459;-26.084143;-61.042168;-86.707069;-99.171600
12978460;-26.387300;-61.290707;-86.863152;-99.211464
12980458;-26.690201;-61.538635;-87.018379;-99.250359
12982477;-26.992813;-61.785950;-87.172737;-99.288254
12984436;-27.295181;-62.032665;-87.326241;-99.325188
12986439;-27.597281;-62.278770;-87.478889;-99.361130
12988434;-27.899107;-62.524258;-87.630669;-99.396095
12990437;-28.200659;-62.769138;-87.781586;-99.430084
12992488;-28.501909;-63.013374;-87.931618;-99.463074
12994474;-28.802877;-63.256992;-88.080803;-99.495102
12996464;-29.103586;-63.500000;-88.229111;-99.526138
12998456;-29.404009;-63.742382;-88.376556;-99.556198
13000454;-29.704138;-63.984131;-88.523117;-99.585266
13002459;-30.003973;-64.225258;-88.668816;-99.613365
13004475;-30.303516;-64.465736;-88.813637;-99.640472
13006438;-30.602736;-64.705574;-88.957573;-99.666580
13008442;-30.901674;-64.944778;-89.100639;-99.691727
13010443;-31.200310;-65.183350;-89.242828;-99.715889
13012440;-31.498638;-65.421280;-89.384140;-99.739059
13014477;-31.796652;-65.658562;-89.524559;-99.761238
13016445;-32.094357;-65.895203;-89.664101;-99.782455
13018435;-32.391720;-66.131165;-89.802742;-99.802673
13020436;-32.688786;-66.366501;-89.940521;-99.821899
13022434;-32.985527;-66.601166;-90.077393;-99.840149
13024432;-33.281944;-66.835190;-90.213387;-99.857414
13026473;-33.578033;-67.068550;-90.348495;-99.873695
13028461;-33.873791;-67.301247;-90.482704;-99.888985
13030452;-34.169189;-67.533264;-90.616013;-99.903290
13032456;-34.464279;-67.764626;-90.748436;-99.916611
13034459;-34.759026;-67.995331;-90.879967;-99.928947
13036475;-35.053425;-68.225357;-91.010597;-99.940285
13038441;-35.347485;-68.454712;-91.140327;-99.950661
13040430;-35.641193;-68.683388;-91.269157;-99.960030
13042430;-35.934525;-68.911377;-91.397079;-99.968422
13044438;-36.227528;-69.138687;-91.524109;-99.975815
13046440;-36.520149;-69.365311;-91.650238;-99.982231
13048477;-36.812435;-69.591263;-91.775452;-99.987671
13050461;-37.104355;-69.816528;-91.899780;-99.992104
13052455;-37.395885;-70.041084;-92.023170;-99.995552
13054453;-37.687073;-70.264969;-92.145668;-99.998024
13056461;-37.977882;-70.488167;-92.267265;-99.999504
13058475;-38.268322;-70.710663;-92.387939;-100.000000
13060437;-38.558380;-70.932457;-92.507713;-99.999504
13062439;-38.848064;-71.153557;-92.626572;-99.998024
13064440;-39.137337;-71.373932;-92.744499;-99.995552
13066443;-39.281853;-71.483871;-92.803131;-99.993950
13068435;-39.714767;-71.812614;-92.977646;-99.987663
13070473;-40.002899;-72.030891;-93.092827;-99.982231
13072464;-40.290634;-72.248459;-93.207108;-99.975822
13074458;-40.577969;-72.465309;-93.320465;-99.968422
13076457;-40.864883;-72.681427;-93.432884;-99.960037
13078455;-41.151417;-72.896851;-93.544395;-99.950653
13080475;-41.437542;-73.111549;-93.654984;-99.940300
13082443;-41.723259;-73.325523;-93.764641;-99.928940
13084435;-42.008568;-73.538780;-93.873375;-99.916611
13086436;-42.293461;-73.751305;-93.981194;-99.903297
13088439;-42.577911;-73.963097;-94.088066;-99.888977
13090432;-42.861965;-74.174164;-94.194016;-99.873688
13092470;-43.145596;-74.384506;-94.299049;-99.857414
13094458;-43.428799;-74.594101;-94.403145;-99.840149
13096462;-43.711575;-74.802979;-94.506302;-99.821907
13098457;-43.993919;-75.011108;-94.608536;-99.802666
13100456;-44.275787;-75.218460;-94.709816;-99.782448
13102474;-44.557262;-75.425110;-94.810173;-99.761253
13104439;-44.838295;-75.631012;-94.909599;-99.739059
13106444;-45.118885;-75.836166;-95.008087;-99.715889
13108441;-45.399033;-76.040581;-95.105644;-99.691727
13110433;-45.678730;-76.244232;-95.202255;-99.666588
13112440;-45.957954;-76.447128;-95.297920;-99.640465
13114469;-46.236752;-76.649277;-95.392654;-99.613358
13116464;-46.515087;-76.850677;-95.486435;-99.585266
13118455;-46.792965;-77.051308;-95.579300;-99.556198
13120461;-47.070381;-77.251183;-95.671204;-99.526138
13122450;-47.347332;-77.450302;-95.762161;-99.495094
13124475;-47.623795;-77.648628;-95.852158;-99.463074
13126444;-47.899811;-77.846214;-95.941231;-99.430069
13128433;-48.175350;-78.043022;-96.029358;-99.396095
13130430;-48.450413;-78.239067;-96.116531;-99.361130
13132437;-48.725002;-78.434334;-96.202759;-99.325180
13134438;-48.999111;-78.628838;-96.288040;-99.288261
13136475;-49.272713;-78.822540;-96.372353;-99.250351
13138440;-49.545849;-79.015488;-96.455734;-99.211464
13140433;-49.818497;-79.207649;-96.538162;-99.171600
13142438;-50.090652;-79.399033;-96.619621;-99.130760
13144439;-50.362312;-79.589630;-96.700142;-99.088936
13146478;-50.633476;-79.779434;-96.779701;-99.046135
13148439;-50.904125;-79.968452;-96.858307;-99.002365
13150439;-51.174290;-80.156693;-96.935951;-98.957611
13152437;-51.443947;-80.344131;-97.012650;-98.911873
13154439;-51.713074;-80.530762;-97.088379;-98.865173
13156438;-51.981712;-80.716621;-97.163162;-98.817482
13158475;-52.249836;-80.901680;-97.236977;-98.768829
13160456;-52.517433;-81.085930;-97.309837;-98.719200
13162454;-52.784519;-81.269394;-97.381737;-98.668602
13164455;-53.051098;-81.452057;-97.452675;-98.617020
13166461;-53.317142;-81.633911;-97.522652;-98.564461
13168474;-53.582661;-81.814957;-97.591667;-98.510925
13170436;-53.847660;-81.995201;-97.659721;-98.456429
13172435;-54.112095;-82.174614;-97.726807;-98.400970
13174433;-54.376022;-82.353233;-97.792923;-98.344513
13176438;-54.639416;-82.531044;-97.858086;-98.287109
13178440;-54.902267;-82.708046;-97.922279;-98.228729
13180475;-55.033482;-82.796227;-97.954010;-98.199173
13182453;-55.426342;-83.059586;-98.047760;-98.109047
13184456;-55.687542;-83.234108;-98.109039;-98.047760
13186463;-55.948212;-83.407829;-98.169365;-97.985504
13188462;-56.208324;-83.580719;-98.228714;-97.922279
13190469;-56.467884;-83.752792;-98.287102;-97.858086
13192442;-56.726891;-83.924042;-98.344513;-97.792931
13194439;-56.985329;-84.094452;-98.400955;-97.726807
13196436;-57.243191;-84.264030;-98.456429;-97.659729
13198438;-57.500511;-84.432777;-98.510933;-97.591675
13200431;-57.757259;-84.600700;-98.564453;-97.522659
13202475;-58.013439;-84.767784;-98.617004;-97.452682
13204461;-58.269047;-84.934044;-98.668594;-97.381744
13206459;-58.524078;-85.099449;-98.719200;-97.309845
13208455;-58.778496;-85.263992;-98.768822;-97.236992
13210457;-59.032368;-85.427727;-98.817482;-97.163185
13212476;-59.285660;-85.590614;-98.865166;-97.088394
13214439;-59.538364;-85.752655;-98.911873;-97.012665
13216433;-59.664490;-85.833344;-98.934860;-96.974434
13218437;-60.041992;-86.074188;-99.002365;-96.858322
13220434;-60.292923;-86.233673;-99.046135;-96.779709
13222436;-60.543270;-86.392326;-99.088943;-96.700157
13224470;-60.793011;-86.550125;-99.130760;-96.619644
13226461;-61.042152;-86.707054;-99.171600;-96.538162
13228454;-61.290695;-86.863152;-99.211464;-96.455750
13230457;-61.538612;-87.018356;-99.250351;-96.372375
13232454;-61.785934;-87.172722;-99.288246;-96.288048
13234465;-62.032658;-87.326225;-99.325188;-96.202782
13236444;-62.278767;-87.478874;-99.361130;-96.116547
13238433;-62.524254;-87.630653;-99.396095;-96.029373
13240437;-62.769127;-87.781570;-99.430069;-95.941246
13242441;-63.013363;-87.931618;-99.463066;-95.852188
13244654;-63.256996;-88.080803;-99.495102;-95.762169
13246466;-63.500004;-88.229111;-99.526131;-95.671211
13248461;-63.742386;-88.376549;-99.556198;-95.579300
13250456;-63.984142;-88.523125;-99.585274;-95.486458
13252453;-64.225266;-88.668823;-99.613358;-95.392670
13254455;-64.465729;-88.813637;-99.640465;-95.297943
13256475;-64.705582;-88.957581;-99.666588;-95.202271
13258434;-64.944801;-89.100647;-99.691734;-95.105659
13260445;-65.183365;-89.242836;-99.715889;-95.008102
13262437;-65.421280;-89.384125;-99.739059;-94.909622
13264434;-65.658554;-89.524551;-99.761246;-94.810196
13266494;-65.895172;-89.664085;-99.782448;-94.709846
13268473;-66.131157;-89.802742;-99.802673;-94.608543
13270458;-66.366493;-89.940514;-99.821907;-94.506325
13272456;-66.601166;-90.077393;-99.840149;-94.403160
13274455;-66.835190;-90.213379;-99.857414;-94.299065
13276454;-67.068550;-90.348488;-99.873695;-94.194038
13278457;-67.301224;-90.482689;-99.888985;-94.088089
13280470;-67.533264;-90.616005;-99.903290;-93.981201
13282460;-67.764626;-90.748428;-99.916611;-93.873390
13284457;-67.995323;-90.879959;-99.928955;-93.764656
13286459;-68.225349;-91.010590;-99.940285;-93.654991
13288455;-68.454704;-91.140320;-99.950653;-93.544403
13290470;-68.683365;-91.269150;-99.960030;-93.432907
13292441;-68.911362;-91.397079;-99.968414;-93.320473
13294438;-69.138680;-91.524109;-99.975822;-93.207123
13296438;-69.365326;-91.650238;-99.982239;-93.092842
13298438;-69.591270;-91.775459;-99.987663;-92.977654
13300438;-69.816536;-91.899773;-99.992104;-92.861542
13302477;-70.041100;-92.023170;-99.995552;-92.744514
13304457;-70.264984;-92.145676;-99.998024;-92.626587
13306460;-70.488174;-92.267265;-99.999496;-92.507713
13308454;-70.710670;-92.387947;-99.999992;-92.387947
13310460;-70.932472;-92.507721;-99.999512;-92.267273
13312466;-71.153572;-92.626572;-99.998024;-92.145683
13314436;-71.373947;-92.744499;-99.995552;-92.023186
13316440;-71.483871;-92.803131;-99.993950;-91.961601
13318438;-71.812607;-92.977631;-99.987663;-91.775467
13320437;-72.030884;-93.092827;-99.982239;-91.650253
13322637;-72.248444;-93.207100;-99.975815;-91.524117
13324466;-72.465302;-93.320450;-99.968422;-91.397095
13326463;-72.681419;-93.432877;-99.960030;-91.269173
13328459;-72.896843;-93.544395;-99.950661;-91.140327
13330458;-73.111549;-93.654976;-99.940300;-91.010605
13332450;-73.325523;-93.764648;-99.928955;-90.879974
13334479;-73.538780;-93.873383;-99.916618;-90.748451
13336435;-73.751305;-93.981186;-99.903297;-90.616020
13338441;-73.963097;-94.088066;-99.888992;-90.482712
13340438;-74.174164;-94.194023;-99.873695;-90.348503
13342436;-74.384499;-94.299042;-99.857422;-90.213409
13344472;-74.594101;-94.403137;-99.840149;-90.077415
13346439;-74.802979;-94.506310;-99.821915;-89.940536
13348434;-75.011101;-94.608536;-99.802673;-89.802757
13350433;-75.218483;-94.709816;-99.782455;-89.664116
13352435;-75.425125;-94.810173;-99.761246;-89.524582
13354434;-75.631035;-94.909615;-99.739067;-89.384148
13356479;-75.836189;-95.008102;-99.715897;-89.242844
13358456;-76.040581;-95.105637;-99.691734;-89.100662
13360456;-76.244255;-95.202263;-99.666588;-88.957581
13362449;-76.447144;-95.297920;-99.640465;-88.813652
13364454;-76.649307;-95.392662;-99.613358;-88.668823
13366474;-76.750092;-95.439674;-99.599442;-88.523140
13368441;-77.051308;-95.579292;-99.556198;-88.376579
13370438;-77.251175;-95.671196;-99.526146;-88.229141
13372437;-77.450302;-95.762161;-99.495110;-88.080826
13374436;-77.648628;-95.852165;-99.463081;-87.931648
13376435;-77.846230;-95.941254;-99.430084;-87.781593
13378473;-78.043022;-96.029358;-99.396095;-87.630684
13380458;-78.239052;-96.116531;-99.361130;-87.478912
13382456;-78.434334;-96.202759;-99.325180;-87.326256
13384458;-78.628822;-96.288025;-99.288261;-87.172760
13386460;-78.822556;-96.372368;-99.250351;-87.018379
13388476;-79.015488;-96.455734;-99.211479;-86.863159
13390442;-79.207634;-96.538147;-99.171616;-86.707092
13392433;-79.399033;-96.619629;-99.130760;-86.550140
13394432;-79.589615;-96.700134;-99.088943;-86.392357
13396439;-79.779442;-96.779701;-99.046150;-86.233696
13398436;-79.968452;-96.858307;-99.002373;-86.074211
13400467;-80.156693;-96.935966;-98.957611;-85.913864
13402454;-80.344131;-97.012650;-98.911873;-85.752663
13404456;-80.530762;-97.088387;-98.865173;-85.590645
13406461;-80.716637;-97.163162;-98.817490;-85.427734
13408460;-80.901680;-97.236984;-98.768845;-85.264030
13410479;-81.085953;-97.309837;-98.719193;-85.099449
13412439;-81.269409;-97.381744;-98.668602;-84.934044
13414432;-81.452049;-97.452675;-98.617020;-84.767807
13416438;-81.633919;-97.522652;-98.564461;-84.600708
13418433;-81.814957;-97.591660;-98.510933;-84.432808
13420435;-81.995216;-97.659721;-98.456429;-84.264038
13422473;-82.174629;-97.726807;-98.400963;-84.094467
13424462;-82.353264;-97.792938;-98.344513;-83.924034
13426458;-82.531059;-97.858086;-98.287109;-83.752800
13428456;-82.708046;-97.922279;-98.228729;-83.580750
13430458;-82.884232;-97.985504;-98.169365;-83.407845
13432476;-83.059578;-98.047752;-98.109047;-83.234131
13434438;-83.234131;-98.109047;-98.047760;-83.059578
13436433;-83.407837;-98.169365;-97.985504;-82.884232
13438434;-83.580719;-98.228714;-97.922279;-82.708069
13440443;-83.752808;-98.287109;-97.858086;-82.531059
13442437;-83.924034;-98.344513;-97.792931;-82.353264
13444473;-84.094467;-98.400963;-97.726807;-82.174629
13446462;-84.264030;-98.456421;-97.659721;-81.995216
13448459;-84.432808;-98.510933;-97.591667;-81.814957
13450457;-84.600685;-98.564445;-97.522667;-81.633949
13452458;-84.767761;-98.616997;-97.452698;-81.452110
13454479;-84.934021;-98.668587;-97.381752;-81.269432
13456438;-85.099419;-98.719185;-97.309860;-81.085983
13458430;-85.264000;-98.768822;-97.236992;-80.901703
13460443;-85.427719;-98.817482;-97.163177;-80.716667
13462435;-85.590591;-98.865158;-97.088409;-80.530823
13464432;-85.752647;-98.911873;-97.012665;-80.344162
13466474;-85.913834;-98.957596;-96.935974;-80.156723
13468460;-86.074188;-99.002357;-96.858307;-79.968475
13470452;-86.233673;-99.046127;-96.779716;-79.779465
13472455;-86.392334;-99.088928;-96.700150;-79.589638
13474457;-86.550117;-99.130753;-96.619637;-79.399055
13476477;-86.707047;-99.171600;-96.538177;-79.207687
13478440;-86.863136;-99.211464;-96.455742;-79.015503
13480434;-87.018356;-99.250343;-96.372375;-78.822586
13482438;-87.172737;-99.288261;-96.288040;-78.628853
13484435;-87.326225;-99.325172;-96.202774;-78.434364
13486435;-87.478867;-99.361122;-96.116554;-78.239105
13488478;-87.630653;-99.396088;-96.029366;-78.043053
13490454;-87.781563;-99.430069;-95.941254;-77.846252
13492456;-87.931618;-99.463066;-95.852180;-77.648659
13494449;-88.080795;-99.495087;-95.762169;-77.450325
13496459;-88.229118;-99.526138;-95.671204;-77.251198
13498486;-88.376549;-99.556190;-95.579300;-77.051338
13500436;-88.523109;-99.585258;-95.486465;-76.850716
13502431;-88.668816;-99.613350;-95.392670;-76.649300
13504434;-88.813629;-99.640457;-95.297935;-76.447174
13506438;-88.957581;-99.666588;-95.202255;-76.244247
13508443;-89.100639;-99.691734;-95.105652;-76.040604
13510475;-89.242813;-99.715881;-95.008110;-75.836220
13512456;-89.384140;-99.739059;-94.909615;-75.631042
13514449;-89.524551;-99.761238;-94.810196;-75.425156
13516456;-89.594421;-99.771973;-94.760132;-75.321930
13518456;-89.802750;-99.802666;-94.608536;-75.011124
13520476;-89.940506;-99.821899;-94.506317;-74.803009
13522458;-90.077400;-99.840149;-94.403145;-74.594116
13524454;-90.213379;-99.857414;-94.299057;-74.384529
13526459;-90.348495;-99.873688;-94.194031;-74.174179
13528460;-90.482697;-99.888977;-94.088089;-73.963127
13530540;-90.616020;-99.903290;-93.981186;-73.751297
13532458;-90.748444;-99.916611;-93.873390;-73.538795
13534455;-90.879959;-99.928947;-93.764664;-73.325554
13536460;-91.010597;-99.940285;-93.654976;-73.111557
13538458;-91.140320;-99.950645;-93.544403;-72.896873
13540454;-91.269165;-99.960030;-93.432892;-72.681442
13542462;-91.397079;-99.968414;-93.320465;-72.465309
13544441;-91.524109;-99.975815;-93.207123;-72.248482
13546432;-91.650238;-99.982231;-93.092834;-72.030899
13548436;-91.775452;-99.987663;-92.977654;-71.812645
13550434;-91.899780;-99.992104;-92.861534;-71.593636
13552477;-92.023178;-99.995552;-92.744514;-71.373962
13554435;-92.145691;-99.998024;-92.626556;-71.153549
13556432;-92.267273;-99.999504;-92.507721;-70.932472
13558436;-92.387924;-99.999992;-92.387978;-70.710716
13560437;-92.507706;-99.999496;-92.267288;-70.488205
13562433;-92.626556;-99.998024;-92.145699;-70.265030
13564473;-92.744507;-99.995552;-92.023193;-70.041130
13566461;-92.803131;-99.993958;-91.961609;-69.928940
13568461;-92.977623;-99.987663;-91.775490;-69.591316
13570455;-93.092827;-99.982239;-91.650261;-69.365349
13572455;-93.207092;-99.975822;-91.524139;-69.138733
13574471;-93.320450;-99.968414;-91.397095;-68.911400
13576439;-93.432877;-99.960030;-91.269180;-68.683418
13578431;-93.544403;-99.950661;-91.140335;-68.454720
13580442;-93.654976;-99.940300;-91.010612;-68.225388
13582435;-93.764633;-99.928947;-90.879990;-67.995377
13584437;-93.873383;-99.916611;-90.748451;-67.764664
13586476;-93.981186;-99.903297;-90.616043;-67.533318
13588461;-94.088074;-99.888985;-90.482712;-67.301262
13590455;-94.194016;-99.873695;-90.348503;-67.068581
13592456;-94.299034;-99.857414;-90.213417;-66.835236
13594458;-94.403145;-99.840157;-90.077415;-66.601204
13596475;-94.506294;-99.821907;-89.940544;-66.366539
13598442;-94.608536;-99.802673;-89.802765;-66.131195
13600435;-94.709824;-99.782455;-89.664124;-65.895233
13602434;-94.810196;-99.761246;-89.524567;-65.658585
13604435;-94.909607;-99.739059;-89.384148;-65.421310
13606441;-95.008095;-99.715897;-89.242859;-65.183403
13608474;-95.105652;-99.691734;-89.100662;-64.944817
13610459;-95.202255;-99.666595;-88.957603;-64.705620
13612457;-95.297935;-99.640472;-88.813652;-64.465752
13614451;-95.392662;-99.613365;-88.668839;-64.225281
13616451;-95.486443;-99.585274;-88.523148;-63.984180
13618470;-95.579300;-99.556198;-88.376572;-63.742413
13620436;-95.671204;-99.526146;-88.229141;-63.500046
13622440;-95.762169;-99.495110;-88.080811;-63.257019
13624436;-95.852180;-99.463081;-87.931648;-63.013405
13626438;-95.941254;-99.430077;-87.781578;-62.769127
13628471;-96.029373;-99.396103;-87.630676;-62.524269
13630440;-96.116539;-99.361130;-87.478905;-62.278801
13632435;-96.202766;-99.325180;-87.326241;-62.032677
13634434;-96.288040;-99.288261;-87.172745;-61.785973
13636440;-96.372375;-99.250351;-87.018372;-61.538631
13638435;-96.455742;-99.211464;-86.863159;-61.290710
13640469;-96.538162;-99.171616;-86.707085;-61.042191
13642461;-96.619637;-99.130760;-86.550133;-60.793030
13644457;-96.700150;-99.088951;-86.392357;-60.543312
13646457;-96.779716;-99.046143;-86.233696;-60.292946
13648457;-96.858315;-99.002365;-86.074211;-60.042030
13650467;-96.935974;-98.957611;-85.913849;-59.790482
13652443;-97.012665;-98.911880;-85.752663;-59.538383
13654435;-97.088394;-98.865181;-85.590637;-59.285702
13656434;-97.163177;-98.817490;-85.427734;-59.032387
13658436;-97.236992;-98.768829;-85.264015;-58.778538
13660542;-97.309860;-98.719200;-85.099434;-58.524059
13662461;-97.381752;-98.668594;-84.934044;-58.269047
13664454;-97.452690;-98.617020;-84.767807;-58.013462
13666460;-97.487793;-98.590866;-84.684372;-57.885456
13668459;-97.591667;-98.510948;-84.432823;-57.500572
13670458;-97.659721;-98.456436;-84.264061;-57.243233
13672465;-97.726807;-98.400970;-84.094475;-56.985371
13674442;-97.792923;-98.344528;-83.924080;-56.726944
13676435;-97.858086;-98.287109;-83.752823;-56.467922
13678432;-97.922272;-98.228729;-83.580765;-56.208385
13680432;-97.985497;-98.169373;-83.407852;-55.948246
13682475;-98.047760;-98.109062;-83.234154;-55.687599
13684442;-98.109047;-98.047760;-83.059601;-55.426361
13686436;-98.169365;-97.985512;-82.884254;-55.164616
13688434;-98.228714;-97.922287;-82.708092;-54.902328
13690435;-98.287109;-97.858093;-82.531075;-54.639458
13692438;-98.344513;-97.792946;-82.353279;-54.376091
13694475;-98.400963;-97.726814;-82.174652;-54.112137
13696462;-98.456429;-97.659737;-81.995232;-53.847694
13698454;-98.510925;-97.591690;-81.815002;-53.582729
13700456;-98.564461;-97.522667;-81.633942;-53.317184
13702451;-98.617012;-97.452698;-81.452103;-53.051155
13704475;-98.668594;-97.381744;-81.269417;-52.784561
13706434;-98.719200;-97.309860;-81.085983;-52.517490
13708438;-98.768837;-97.236992;-80.901703;-52.249863
13710437;-98.817490;-97.163185;-80.716660;-51.981754
13712432;-98.865166;-97.088402;-80.530815;-51.713135
13714432;-98.911880;-97.012665;-80.344147;-51.443966
13716475;-98.957611;-96.935974;-80.156723;-51.174332
13718464;-99.002365;-96.858315;-79.968468;-50.904144
13720458;-99.046143;-96.779716;-79.779457;-50.633503
13722453;-99.088936;-96.700157;-79.589661;-50.362354
13724457;-99.130760;-96.619637;-79.399048;-50.090672
13726471;-99.171600;-96.538170;-79.207680;-49.818539
13728442;-99.211472;-96.455742;-79.015503;-49.545868
13730432;-99.250351;-96.372375;-78.822571;-49.272751
13732437;-99.288261;-96.288040;-78.628838;-48.999111
13734437;-99.325188;-96.202766;-78.434357;-48.725025
13736436;-99.361130;-96.116547;-78.239098;-48.450455
13738474;-99.396095;-96.029366;-78.043045;-48.175369
13740455;-99.430077;-95.941254;-77.846245;-47.899849
13742459;-99.463081;-95.852173;-77.648643;-47.623814
13744457;-99.495102;-95.762161;-77.450310;-47.347347
13746460;-99.526138;-95.671211;-77.251213;-47.070419
13748476;-99.556198;-95.579300;-77.051323;-46.792980
13750438;-99.585274;-95.486458;-76.850716;-46.515129
13752433;-99.613365;-95.392662;-76.649300;-46.236767
13754435;-99.640472;-95.297935;-76.447159;-45.957996
13756437;-99.666595;-95.202255;-76.244232;-45.678726
13758433;-99.691734;-95.105652;-76.040604;-45.399052
13760473;-99.715889;-95.008102;-75.836205;-45.118923
13762455;-99.739059;-94.909607;-75.631027;-44.838314
13764454;-99.761246;-94.810188;-75.425140;-44.557297
13766461;-99.782455;-94.709816;-75.218483;-44.275810
13768459;-99.802673;-94.608536;-75.011108;-43.993916
13770465;-99.821907;-94.506310;-74.802986;-43.711597
13772439;-99.840157;-94.403145;-74.594109;-43.428795
13774436;-99.857414;-94.299072;-74.384552;-43.145657
13776436;-99.873695;-94.194038;-74.174194;-42.862003
13778439;-99.888985;-94.088097;-73.963142;-42.577972
13780478;-99.903290;-93.981201;-73.751328;-42.293476
13782435;-99.916611;-93.873398;-73.538818;-42.008610
13784429;-99.928947;-93.764664;-73.325577;-41.723324
13786439;-99.940292;-93.654991;-73.111572;-41.437584
13788437;-99.950653;-93.544418;-72.896889;-41.151478
13790438;-99.960030;-93.432899;-72.681458;-40.864925
13792475;-99.968414;-93.320473;-72.465340;-40.578007
13794460;-99.975815;-93.207130;-72.248497;-40.290695
13796458;-99.982231;-93.092850;-72.030922;-40.002937
13798460;-99.987663;-92.977669;-71.812660;-39.714832
13800454;-99.992104;-92.861542;-71.593658;-39.426289
13802471;-99.995560;-92.744530;-71.373985;-39.137402
13804435;-99.998024;-92.626595;-71.153603;-38.848125
13806435;-99.999504;-92.507729;-70.932487;-38.558422
13808435;-100.000000;-92.387970;-70.710716;-38.268383
13810437;-99.999504;-92.267273;-70.488197;-37.977921
13812490;-99.998024;-92.145691;-70.265022;-37.687134
13814474;-99.995560;-92.023186;-70.041122;-37.395927
13816461;-99.993958;-91.961601;-69.928925;-37.250210
13818458;-99.987663;-91.775475;-69.591309;-36.812496
13820456;-99.982239;-91.650246;-69.365349;-36.520191
13822456;-99.975815;-91.524132;-69.138718;-36.227570
13824474;-99.968422;-91.397087;-68.911385;-35.934547
13826440;-99.960030;-91.269157;-68.683395;-35.641209
13828436;-99.950661;-91.140343;-68.454750;-35.347527
13830438;-99.940292;-91.010597;-68.225372;-35.053444
13832434;-99.928955;-90.879982;-67.995361;-34.759068
13834476;-99.916611;-90.748444;-67.764648;-34.464298
13836446;-99.903297;-90.616028;-67.533302;-34.169235
13838440;-99.888985;-90.482697;-67.301247;-33.873787
13840442;-99.873695;-90.348503;-67.068565;-33.578053
13842440;-99.857422;-90.213409;-66.835228;-33.281986
13844433;-99.840157;-90.077408;-66.601196;-32.985546
13846479;-99.821907;-89.940529;-66.366531;-32.688828
13848457;-99.802673;-89.802757;-66.131187;-32.391739
13850452;-99.782455;-89.664108;-65.895218;-32.094376
13852450;-99.761253;-89.524582;-65.658600;-31.796694
13854458;-99.739059;-89.384140;-65.421295;-31.498659
13856474;-99.715897;-89.242844;-65.183395;-31.200352
13858442;-99.691734;-89.100647;-64.944801;-30.901695
13860435;-99.666595;-88.957596;-64.705605;-30.602777
13862436;-99.640472;-88.813637;-64.465736;-30.303514
13864442;-99.613365;-88.668831;-64.225266;-30.003994
13866438;-99.585274;-88.523140;-63.984169;-29.704180
13868475;-99.556198;-88.376556;-63.742393;-29.404026
13870462;-99.526146;-88.229134;-63.500031;-29.103628
13872455;-99.495102;-88.080803;-63.257004;-28.802898
13874455;-99.463081;-87.931633;-63.013386;-28.501930
13876462;-99.430084;-87.781593;-62.769150;-28.200680
13878477;-99.396095;-87.630669;-62.524258;-27.899107
13880435;-99.361130;-87.478897;-62.278782;-27.597301
13882438;-99.325195;-87.326256;-62.032707;-27.295225
13884439;-99.288269;-87.172760;-61.786003;-26.992878
13886433;-99.250359;-87.018387;-61.538654;-26.690220
13888469;-99.211479;-86.863174;-61.290733;-26.387346
13890438;-99.171616;-86.707100;-61.042213;-26.084209
13892438;-99.130768;-86.550148;-60.793049;-25.780767
13894441;-99.088951;-86.392365;-60.543327;-25.477118
13896438;-99.046150;-86.233711;-60.292973;-25.173176
13898438;-99.002373;-86.074226;-60.042061;-24.869026
13900479;-98.957619;-85.913887;-59.790546;-24.564634
13902459;-98.911888;-85.752678;-59.538406;-24.259953
13904457;-98.865181;-85.590652;-59.285717;-23.955076
13906462;-98.817497;-85.427757;-59.032410;-23.649921
13908454;-98.768845;-85.264038;-58.778553;-23.344574
13910476;-98.719200;-85.099449;-58.524078;-23.038952
13912443;-98.668602;-84.934052;-58.269073;-22.733149
13914434;-98.617020;-84.767822;-58.013489;-22.427124
13916434;-98.564461;-84.600716;-57.757282;-22.120831
13918440;-98.510941;-84.432808;-57.500553;-21.814363
13920440;-98.456436;-84.264046;-57.243221;-21.507633
13922471;-98.400970;-84.094467;-56.985355;-21.200743
13924443;-98.344528;-83.924065;-56.726933;-20.893635
13926439;-98.287109;-83.752808;-56.467907;-20.586281
13928433;-98.228737;-83.580757;-56.208374;-20.278769
13930436;-98.169373;-83.407852;-55.948235;-19.971006
13932531;-98.109062;-83.234146;-55.687584;-19.663099
13934460;-98.047760;-83.059593;-55.426346;-19.354946
13936460;-97.985512;-82.884247;-55.164604;-19.046652
13938459;-97.922287;-82.708069;-54.902309;-18.738171
13940456;-97.858093;-82.531067;-54.639446;-18.429455
13942455;-97.792938;-82.353279;-54.376072;-18.120605
13944476;-97.726814;-82.174644;-54.112125;-17.811531
13946463;-97.659729;-81.995216;-53.847683;-17.502323
13948457;-97.591690;-81.814995;-53.582710;-17.192945
13950457;-97.522667;-81.633934;-53.317173;-16.883356
13952455;-97.452698;-81.452087;-53.051144;-16.573637
13954477;-97.381752;-81.269417;-52.784550;-16.263716
13956437;-97.309860;-81.085968;-52.517479;-15.953678
13958437;-97.236992;-80.901695;-52.249847;-15.643437
13960432;-97.163177;-80.716644;-51.981743;-15.333086
13962429;-97.088402;-80.530807;-51.713120;-15.022586
13964437;-97.012665;-80.344139;-51.443958;-14.711889
13966473;-96.974442;-80.250526;-51.309196;-14.401096
13968454;-96.858315;-79.968460;-50.904129;-14.090114
13970456;-96.779716;-79.779449;-50.633492;-13.779039
13972453;-96.700165;-79.589653;-50.362350;-13.467829
13974457;-96.619637;-79.399040;-50.090664;-13.156436
13976663;-96.538177;-79.207680;-49.818527;-12.844960
13978464;-96.455742;-79.015495;-49.545860;-12.533312
13980459;-96.372375;-78.822563;-49.272739;-12.221588
13982457;-96.288055;-78.628860;-48.999138;-11.909744
13984457;-96.202766;-78.434349;-48.725010;-11.597732
13986456;-96.116547;-78.239090;-48.450443;-11.285657
13988472;-96.029381;-78.043060;-48.175400;-10.973472
13990457;-95.941261;-77.846268;-47.899879;-10.661170
13992460;-95.852188;-77.648666;-47.623848;-10.348722
13994458;-95.762184;-77.450333;-47.347385;-10.036215
13996462;-95.671227;-77.251228;-47.070450;-9.723613
13998472;-95.579315;-77.051346;-46.793015;-9.410867
14000438;-95.486473;-76.850731;-46.515160;-9.098077
14002430;-95.392677;-76.649323;-46.236801;-8.785147
14004431;-95.297951;-76.447174;-45.958031;-8.472180
14006437;-95.202286;-76.244293;-45.678799;-8.159128
14008438;-95.105667;-76.040619;-45.399082;-7.845944
14010475;-95.008125;-75.836227;-45.118958;-7.532737
14012459;-94.909630;-75.631058;-44.838348;-7.219404
14014455;-94.810204;-75.425163;-44.557335;-6.906047
14016460;-94.709839;-75.218498;-44.275837;-6.592575
14018455;-94.608551;-75.011131;-43.993950;-6.279090
14020475;-94.506332;-74.803017;-43.711628;-5.965540
14022435;-94.403160;-74.594131;-43.428833;-5.651879
14024439;-94.299072;-74.384544;-43.145649;-5.338216
14026438;-94.194038;-74.174187;-42.861992;-5.024445
14028432;-94.088089;-73.963127;-42.577957;-4.710680
14030432;-93.981209;-73.751343;-42.293507;-4.396865
14032473;-93.873390;-73.538795;-42.008591;-4.082957
14034458;-93.764671;-73.325562;-41.723312;-3.769061
14036464;-93.654999;-73.111565;-41.437569;-3.455079
14038458;-93.544418;-72.896889;-41.151470;-3.141111
14040453;-93.432899;-72.681450;-40.864910;-2.827060
14042474;-93.320473;-72.465332;-40.577999;-2.513033
14044435;-93.207130;-72.248489;-40.290680;-2.198979
14046436;-93.092850;-72.030914;-40.002926;-1.884857
14048435;-92.977661;-71.812653;-39.714821;-1.570767
14050435;-92.861542;-71.593651;-39.426277;-1.256609
14052441;-92.744522;-71.373978;-39.137383;-0.942487
14054473;-92.626587;-71.153595;-38.848106;-0.628355
14056465;-92.507729;-70.932480;-38.558407;-0.314173
14058455;-92.387970;-70.710693;-38.268375;-0.000036
14060452;-92.267273;-70.488182;-37.977913;0.314155
14062457;-92.145691;-70.265015;-37.687119;0.628293
14064474;-92.023178;-70.041107;-37.395912;0.942469
14066438;-91.961601;-69.928917;-37.250198;1.099530
14068436;-91.775475;-69.591309;-36.812489;1.570699
14070439;-91.650238;-69.365326;-36.520180;1.884845
14072439;-91.524124;-69.138710;-36.227558;2.198917
14074491;-91.397079;-68.911369;-35.934532;2.513018
14076475;-91.269165;-68.683395;-35.641197;2.827042
14078461;-91.140343;-68.454727;-35.347515;3.141043
14080455;-91.010597;-68.225357;-35.053429;3.455064
14082454;-90.879974;-67.995354;-34.759052;3.768995
14084453;-90.748444;-67.764641;-34.464283;4.082942
14086483;-90.616020;-67.533287;-34.169216;4.396802
14088436;-90.482697;-67.301239;-33.873775;4.710662
14090437;-90.348495;-67.068550;-33.578041;5.024430
14092442;-90.213409;-66.835220;-33.281975;5.338150
14094442;-90.077400;-66.601181;-32.985531;5.651865
14096436;-89.940552;-66.366554;-32.688858;5.965426
14098477;-89.802773;-66.131210;-32.391773;6.279021
14100460;-89.664124;-65.895233;-32.094406;6.592509
14102456;-89.524590;-65.658615;-31.796726;6.905934
14104458;-89.384155;-65.421318;-31.498682;7.219338
14106457;-89.242867;-65.183411;-31.200382;7.532620
14108476;-89.100662;-64.944824;-30.901724;7.845881
14110436;-88.957611;-64.705627;-30.602810;8.159015
14112440;-88.813675;-64.465797;-30.303591;8.472064
14114438;-88.668839;-64.225296;-30.004028;8.785081
14116439;-88.596107;-64.104820;-29.854155;8.941537
14118442;-88.376579;-63.742424;-29.404057;9.410805
14120470;-88.229141;-63.500053;-29.103661;9.723502
14122451;-88.080818;-63.257027;-28.802931;10.036153
14124458;-87.931648;-63.013412;-28.501957;10.348660
14126466;-87.781609;-62.769173;-28.200710;10.661059
14128457;-87.630676;-62.524277;-27.899132;10.973406
14130469;-87.478905;-62.278809;-27.597326;11.285594
14132438;-87.326256;-62.032688;-27.295204;11.597717
14134435;-87.172760;-61.785984;-26.992863;11.909678
14136435;-87.018402;-61.538677;-26.690250;12.221527
14138437;-86.863159;-61.290718;-26.387331;12.533295
14140481;-86.707092;-61.042202;-26.084196;12.844899
14142473;-86.550140;-60.793041;-25.780756;13.156417
14144459;-86.392357;-60.543312;-25.477106;13.467762
14146462;-86.233696;-60.292961;-25.173164;13.779020
14148458;-86.074211;-60.042034;-24.869009;14.090097
14150453;-85.913879;-59.790527;-24.564625;14.401031
14152483;-85.752670;-59.538387;-24.259937;14.711875
14154437;-85.590645;-59.285702;-23.955063;15.022522
14156439;-85.427742;-59.032394;-23.649904;15.333072
14158437;-85.264030;-58.778542;-23.344559;15.643424
14160435;-85.099472;-58.524109;-23.038982;15.953615
14162435;-84.934044;-58.269054;-22.733133;16.263702
14164475;-84.767807;-58.013470;-22.427105;16.573582
14166466;-84.600708;-57.757271;-22.120813;16.883341
14168459;-84.432808;-57.500542;-21.814352;17.192884
14170457;-84.264030;-57.243198;-21.507618;17.502312
14172453;-84.094467;-56.985344;-21.200722;17.811512
14174477;-83.924065;-56.726921;-20.893621;18.120539
14176441;-83.752808;-56.467892;-20.586264;18.429438
14178439;-83.580742;-56.208355;-20.278749;18.738110
14180436;-83.407837;-55.948215;-19.970989;19.046637
14182435;-83.407837;-55.948215;-19.970989;19.354933
14184438;-83.059608;-55.426373;-19.354975;19.663036
14186473;-82.884232;-55.164589;-19.046635;19.970993
14188455;-82.708069;-54.902298;-18.738152;20.278708
14190456;-82.531059;-54.639423;-18.429438;20.586264
14192460;-82.353264;-54.376053;-18.120586;20.893579
14194455;-82.174629;-54.112106;-17.811512;21.200729
14196473;-81.995216;-53.847672;-17.502308;21.507622
14198438;-81.814980;-53.582691;-17.192932;21.814302
14200438;-81.633919;-53.317154;-16.883337;22.120819
14202436;-81.452080;-53.051125;-16.573620;22.427061
14204438;-81.269432;-52.784573;-16.263748;22.733093
14206438;-81.085983;-52.517502;-15.953708;23.038895
14208474;-80.901741;-52.249916;-15.643517;23.344469
14210464;-80.716667;-51.981766;-15.333122;23.649860
14212454;-80.530823;-51.713146;-15.022614;23.954973
14214457;-80.344162;-51.443981;-14.711923;24.259895
14216462;-80.156731;-51.174343;-14.401132;24.564526
14218473;-79.968475;-50.904156;-14.090145;24.868971
14220439;-79.779472;-50.633514;-13.779068;25.173115
14222436;-79.589668;-50.362366;-13.467857;25.477013
14224436;-79.399063;-50.090694;-13.156465;25.780710
14226438;-79.207695;-49.818550;-12.844995;26.084101
14228488;-79.015518;-49.545891;-12.533346;26.387283
14230470;-78.822586;-49.272770;-12.221622;26.690161
14232455;-78.628883;-48.999165;-11.909780;26.992767
14234454;-78.434364;-48.725040;-11.597765;27.295164
14236457;-78.239113;-48.450470;-11.285684;27.597240
14238458;-78.043053;-48.175388;-10.973456;27.899086
14240469;-77.846252;-47.899860;-10.661152;28.200617
14242462;-77.648659;-47.623829;-10.348704;28.501913
14244457;-77.450325;-47.347366;-10.036201;28.802881
14246460;-77.251228;-47.070438;-9.723600;29.103565
14248458;-77.051338;-46.793003;-9.410858;29.404005
14250479;-76.850716;-46.515141;-9.098059;29.704121
14252436;-76.649307;-46.236782;-8.785129;30.003981
14254436;-76.447174;-45.958019;-8.472165;30.303495
14256437;-76.244286;-45.678783;-8.159107;30.602720
14258435;-76.040611;-45.399071;-7.845929;30.901682
14260435;-75.836220;-45.118938;-7.532719;31.200291
14262467;-75.631042;-44.838326;-7.219389;31.498638
14264454;-75.425163;-44.557320;-6.906030;31.796637
14266460;-75.321938;-44.416645;-6.749332;31.945511
14268454;-75.011124;-43.993931;-6.279072;32.391720
14270454;-74.803009;-43.711609;-5.965516;32.688766
14272472;-74.594131;-43.428818;-5.651870;32.985531
14274442;-74.384537;-43.145634;-5.338198;33.281933
14276440;-74.174179;-42.861977;-5.024433;33.578037
14278438;-73.963127;-42.577942;-4.710665;33.873775
14280436;-73.751343;-42.293495;-4.396850;34.169178
14282433;-73.538795;-42.008575;-4.082942;34.464287
14284470;-73.325554;-41.723293;-3.769043;34.759014
14286459;-73.111557;-41.437557;-3.455064;35.053432
14288456;-72.896873;-41.151447;-3.141093;35.347466
14290455;-72.681473;-40.864937;-2.827093;35.641159
14292451;-72.465317;-40.577984;-2.513018;35.934532
14294475;-72.248482;-40.290668;-2.198964;36.227509
14296439;-72.030899;-40.002911;-1.884842;36.520176
14298436;-71.812645;-39.714806;-1.570749;36.812435
14300442;-71.593643;-39.426262;-1.256588;37.104382
14302435;-71.373962;-39.137371;-0.942469;37.395912
14304487;-71.153580;-38.848095;-0.628340;37.687077
14306472;-70.932472;-38.558392;-0.314155;37.977909
14308455;-70.710686;-38.268353;-0.000009;38.268326
14310455;-70.488174;-37.977898;0.314173;38.558407
14312454;-70.265030;-37.687145;0.628260;38.848022
14314452;-70.041168;-37.395988;0.942391;39.137299
14316474;-69.928940;-37.250225;1.099503;39.281837
14318439;-69.591324;-36.812511;1.570672;39.714733
14320436;-69.365349;-36.520203;1.884812;40.002884
14322436;-69.138733;-36.227585;2.198887;40.290596
14324439;-68.911400;-35.934555;2.512991;40.577957
14326494;-68.683418;-35.641228;2.827013;40.864864
14328475;-68.454758;-35.347538;3.141016;41.151379
14330460;-68.225388;-35.053455;3.455034;41.437531
14332455;-67.995377;-34.759079;3.768969;41.723225
14334454;-67.764664;-34.464310;4.082912;42.008556
14336456;-67.533310;-34.169247;4.396770;42.293423
14338471;-67.301300;-33.873852;4.710582;42.577873
14340439;-67.068581;-33.578072;5.024397;42.861946
14342445;-66.835243;-33.282001;5.338120;43.145561
14344435;-66.601204;-32.985561;5.651834;43.428783
14346437;-66.366539;-32.688843;5.965445;43.711540
14348477;-66.131195;-32.391750;6.279045;43.993912
14350437;-65.895233;-32.094391;6.592533;44.275795
14352436;-65.658607;-31.796705;6.905955;44.557251
14354439;-65.421310;-31.498671;7.219359;44.838306
14356434;-65.183403;-31.200361;7.532641;45.118874
14358441;-64.944817;-30.901709;7.845893;45.399036
14360476;-64.705620;-30.602793;8.159029;45.678715
14362438;-64.465782;-30.303570;8.472088;45.957939
14364439;-64.225281;-30.004004;8.785099;46.236759
14366434;-63.984180;-29.704193;9.097984;46.515076
14368439;-63.742405;-29.404037;9.410822;46.792969
14370432;-63.500046;-29.103645;9.723520;47.070366
14372475;-63.257015;-28.802910;10.036180;47.347343
14374458;-63.013405;-28.501945;10.348675;47.623802
14376461;-62.769161;-28.200689;10.661080;47.899796
14378455;-62.524269;-27.899117;10.973424;48.175358
14380454;-62.278801;-27.597317;11.285612;48.450405
14382469;-62.032677;-27.295193;11.597734;48.725010
14384439;-61.785976;-26.992846;11.909697;48.999096
14386440;-61.538666;-26.690233;12.221545;49.272701
14388436;-61.290710;-26.387310;12.533316;49.545853
14390432;-61.042191;-26.084173;12.844917;49.818485
14392437;-60.793030;-25.780737;13.156438;50.090660
14394475;-60.543304;-25.477091;13.467780;50.362301
14396463;-60.292946;-25.173149;13.779032;50.633484
14398457;-60.042030;-24.868996;14.090115;50.904129
14400456;-59.790524;-24.564604;14.401049;51.174278
14402454;-59.538383;-24.259918;14.711893;51.443951
14404472;-59.285694;-23.955044;15.022543;51.713085
14406442;-59.032387;-23.649887;15.333086;51.981743
14408434;-58.778530;-23.344540;15.643438;52.249847
14410431;-58.524097;-23.038971;15.953630;52.517437
14412441;-58.269047;-22.733120;16.263718;52.784550
14414437;-58.013458;-22.427092;16.573593;53.051102
14416474;-57.885448;-22.273996;16.728474;53.184174
14418460;-57.500530;-21.814325;17.192904;53.582668
14420456;-57.243275;-21.507698;17.502230;53.847599
14422458;-56.985371;-21.200758;17.811483;54.112076
14424457;-56.726944;-20.893648;18.120516;54.375996
14426478;-56.467926;-20.586296;18.429411;54.639400
14428436;-56.208385;-20.278782;18.738075;54.902233
14430437;-55.948246;-19.971025;19.046608;55.164562
14432442;-55.687599;-19.663113;19.354900;55.426304
14434439;-55.426399;-19.355007;19.663006;55.687504
14436437;-55.164616;-19.046667;19.970963;55.948185
14438474;-54.902328;-18.738186;20.278671;56.208290
14440461;-54.639454;-18.429466;20.586235;56.467873
14442452;-54.376083;-18.120613;20.893547;56.726856
14444455;-54.112179;-17.811590;21.200645;56.985283
14446458;-53.847694;-17.502338;21.507587;57.243179
14448465;-53.582722;-17.192963;21.814268;57.500477
14450438;-53.317184;-16.883369;22.120783;57.757248
14452438;-53.051155;-16.573656;22.427031;58.013405
14454436;-52.784561;-16.263729;22.733110;58.269035
14456437;-52.517490;-15.953692;23.038908;58.524048
14458440;-52.249901;-15.643498;23.344481;58.778477
14460471;-51.981754;-15.333101;23.649874;59.032368
14462459;-51.713135;-15.022600;23.954985;59.285641
14464457;-51.443966;-14.711907;24.259907;59.538364
14466460;-51.174332;-14.401111;24.564543;59.790466
14468456;-50.904186;-14.090172;24.868938;60.041977
14470473;-50.633503;-13.779053;25.173130;60.292923
14472437;-50.362354;-13.467839;25.477032;60.543251
14474439;-50.090675;-13.156453;25.780722;60.793011
14476436;-49.818539;-12.844976;26.084116;61.042137
14478438;-49.545868;-12.533325;26.387300;61.290695
14480440;-49.272751;-12.221601;26.690174;61.538612
14482473;-48.999153;-11.909756;26.992786;61.785923
14484460;-48.725025;-11.597747;27.295176;62.032658
14486462;-48.450455;-11.285668;27.597258;62.278748
14488457;-48.175369;-10.973433;27.899107;62.524258
14490459;-47.899849;-10.661137;28.200636;62.769115
14492474;-47.623856;-10.348734;28.501888;63.013351
14494460;-47.347351;-10.036185;28.802898;63.256996
14496460;-47.070419;-9.723579;29.103588;63.500000
14498454;-46.792984;-9.410834;29.404026;63.742393
14500452;-46.515125;-9.098042;29.704136;63.984127
14502477;-46.236767;-8.785110;30.003998;64.225266
14504437;-45.957993;-8.472141;30.303514;64.465736
14506441;-45.678772;-8.159092;30.602736;64.705566
14508437;-45.399052;-7.845912;30.901695;64.944801
14510435;-45.118927;-7.532701;31.200308;65.183350
14512472;-44.838314;-7.219371;31.498659;65.421295
14514438;-44.557304;-6.906014;31.796646;65.658554
14516440;-44.275848;-6.592589;32.094334;65.895180
14518435;-43.993916;-6.279051;32.391739;66.131180
14520432;-43.711594;-5.965501;32.688778;66.366493
14522437;-43.428795;-5.651844;32.985550;66.601189
14524471;-43.145615;-5.338180;33.281944;66.835190
14526461;-42.861961;-5.024412;33.578056;67.068573
14528458;-42.577972;-4.710695;33.873745;67.301216
14530456;-42.293518;-4.396873;34.169151;67.533234
14532453;-42.008610;-4.082978;34.464252;67.764610
14534473;-41.723324;-3.769076;34.758980;67.995285
14536437;-41.437584;-3.455093;35.053402;68.225334
14538440;-41.151478;-3.141123;35.347435;68.454674
14540438;-40.864967;-2.827123;35.641121;68.683334
14542438;-40.578011;-2.513048;35.934502;68.911346
14544441;-40.290695;-2.198994;36.227482;69.138649
14546474;-40.002937;-1.884872;36.520149;69.365303
14548457;-39.714832;-1.570779;36.812408;69.591240
14550455;-39.426334;-1.256666;37.104313;69.816498
14552457;-39.137398;-0.942498;37.395885;70.041084
14554454;-38.848125;-0.628370;37.687050;70.264961
14556475;-38.558422;-0.314185;37.977886;70.488167
14558439;-38.268383;-0.000045;38.268307;70.710648
14560441;-37.977924;0.314143;38.558384;70.932457
14562439;-37.687134;0.628278;38.848038;71.153534
14564434;-37.395973;0.942406;39.137314;71.373917
14566438;-37.250210;1.099518;39.281853;71.483871
14568470;-36.812496;1.570687;39.714752;71.812592
14570457;-36.520191;1.884827;40.002899;72.030891
14572457;-36.227570;2.198902;40.290611;72.248436
14574455;-35.934593;2.512956;40.577927;72.465279
14576454;-35.641212;2.827034;40.864883;72.681427
14578479;-35.347527;3.141031;41.151394;72.896828
14580437;-35.053448;3.455049;41.437546;73.111549
14582435;-34.759064;3.768983;41.723240;73.325508
14584438;-34.464298;4.082933;42.008572;73.538780
14586437;-34.169235;4.396787;42.293434;73.751297
14588434;-33.873833;4.710606;42.577888;73.963081
14590475;-33.578053;5.024418;42.861965;74.174164
14592459;-33.281986;5.338135;43.145569;74.384483
14594453;-32.985546;5.651850;43.428802;74.594109
14596462;-32.688828;5.965456;43.711555;74.802956
14598457;-32.391785;6.279006;43.993877;75.011078
14600470;-32.094376;6.592545;44.275810;75.218483
14602452;-31.796694;6.905973;44.557262;75.425117
14604456;-31.498655;7.219374;44.838314;75.631035
14606453;-31.200352;7.532659;45.118893;75.836174
14608453;-30.901695;7.845914;45.399055;76.040596
14610501;-30.602777;8.159050;45.678734;76.244240
14612467;-30.303558;8.472100;45.957958;76.447136
14614461;-30.003994;8.785116;46.236771;76.649300
14616455;-29.704180;9.097997;46.515091;76.850677
14618454;-29.404026;9.410840;46.792992;77.051331
14620458;-29.103630;9.723538;47.070385;77.251190
14622477;-28.802944;10.036140;47.347313;77.450287
14624441;-28.501930;10.348693;47.623817;77.648651
14626440;-28.200680;10.661096;47.899811;77.846214
14628435;-27.899105;10.973435;48.175369;78.043045
14630440;-27.597300;11.285630;48.450417;78.239075
14632475;-27.295177;11.597753;48.725025;78.434357
14634434;-26.992834;11.909713;48.999111;78.628838
14636442;-26.690266;12.221514;49.272675;78.822517
14638437;-26.387346;12.533285;49.545834;79.015472
14640435;-26.084209;12.844883;49.818459;79.207626
14642435;-25.780769;13.156406;50.090633;79.399017
14644466;-25.477119;13.467752;50.362278;79.589607
14646437;-25.173223;13.778962;50.633419;79.779404
14648435;-24.869028;14.090083;50.904114;79.968437
14650439;-24.564634;14.401023;51.174252;80.156670
14652439;-24.259953;14.711862;51.443928;80.344124
14654550;-23.955076;15.022511;51.713062;80.530754
14656467;-23.649920;15.333061;51.981716;80.716637
14658459;-23.344574;15.643409;52.249825;80.901680
14660455;-23.039000;15.953604;52.517414;81.085930
14662456;-22.733150;16.263687;52.784527;81.269394
14664461;-22.427124;16.573566;53.051079;81.452049
14666475;-22.120829;16.883327;53.317154;81.633919
14668460;-21.814363;17.192871;53.582645;81.814949
14670456;-21.507681;17.502251;53.847622;81.995178
14672454;-21.200739;17.811502;54.112099;82.174629
14674455;-20.893637;18.120531;54.376011;82.353233
14676477;-20.586279;18.429426;54.639423;82.531052
14678439;-20.278767;18.738094;54.902256;82.708038
14680438;-19.971006;19.046623;55.164581;82.884232
14682441;-19.663097;19.354919;55.426323;83.059570
14684435;-19.354994;19.663023;55.687523;83.234093
14686441;-19.046650;19.970980;55.948215;83.407837
14688476;-18.738169;20.278694;56.208305;83.580719
14690461;-18.429453;20.586256;56.467892;83.752800
14692457;-18.120604;20.893564;56.726871;83.924034
14694456;-17.811575;21.200665;56.985294;84.094429
14696459;-17.502325;21.507605;57.243198;84.264030
14698475;-17.192945;21.814289;57.500492;84.432770
14700440;-16.883352;22.120800;57.757263;84.600708
14702432;-16.573639;22.427050;58.013420;84.767776
14704437;-16.263714;22.733124;58.269047;84.934044
14706436;-15.953678;23.038925;58.524059;85.099442
14708435;-15.643482;23.344501;58.778500;85.264000
14710470;-15.333086;23.649891;59.032394;85.427734
14712455;-15.022585;23.955006;59.285664;85.590622
14714458;-14.711889;24.259926;59.538383;85.752663
14716457;-14.556509;24.412275;59.664513;85.833366
14718455;-14.090158;24.868956;60.041992;86.074188
14720474;-13.779036;25.173151;60.292946;86.233696
14722458;-13.467825;25.477045;60.543270;86.392326
14724454;-13.156433;25.780743;60.793030;86.550133
14726458;-12.844959;26.084133;61.042152;86.707054
14728449;-12.533358;26.387274;61.290676;86.863129
14730470;-12.221586;26.690193;61.538635;87.018379
14732435;-11.909742;26.992807;61.785942;87.172729
14734437;-11.597732;27.295197;62.032677;87.326248
14736439;-11.285654;27.597273;62.278767;87.478874
14738436;-10.973418;27.899122;62.524269;87.630669
14740435;-10.661121;28.200649;62.769135;87.781570
14742473;-10.348720;28.501904;63.013371;87.931618
14744461;-10.036215;28.802872;63.256981;88.080795
14746459;-9.723612;29.103559;63.499969;88.229095
14748456;-9.410866;29.403999;63.742371;88.376549
14750453;-9.098074;29.704105;63.984108;88.523109
14752472;-8.785192;30.003920;64.225212;88.668793
14754439;-8.472176;30.303484;64.465714;88.813629
14756438;-8.159123;30.602705;64.705551;88.957558
14758436;-7.845943;30.901667;64.944778;89.100632
14760437;-7.532733;31.200281;65.183334;89.242813
14762435;-7.219401;31.498629;65.421280;89.384125
14764473;-6.906045;31.796623;65.658539;89.524544
14766459;-6.592622;32.094303;65.895157;89.664070
14768460;-6.279085;32.391712;66.131165;89.802742
14770455;-5.965534;32.688755;66.366478;89.940491
14772455;-5.651876;32.985516;66.601166;90.077385
14774486;-5.338211;33.281914;66.835175;90.213371
14776437;-5.024493;33.577980;67.068512;90.348465
14778438;-4.710677;33.873760;67.301224;90.482689
14780435;-4.396863;34.169163;67.533241;90.615997
14782439;-4.082958;34.464272;67.764626;90.748428
14784433;-3.769059;34.758995;67.995308;90.879944
14786474;-3.455077;35.053421;68.225349;91.010590
14788456;-3.141107;35.347454;68.454689;91.140312
14790459;-2.827107;35.641140;68.683342;91.269127
14792450;-2.513031;35.934517;68.911362;91.397072
14794456;-2.198978;36.227497;69.138664;91.524101
14796466;-1.884856;36.520164;69.365326;91.650238
14798437;-1.570763;36.812428;69.591255;91.775444
14800438;-1.256654;37.104324;69.816505;91.899750
14802436;-0.942485;37.395901;70.041100;92.023178
14804440;-0.628354;37.687065;70.264969;92.145660
14806490;-0.314170;37.977898;70.488174;92.267265
14808472;0.000000;38.268341;70.710678;92.387947
14810457;0.314159;38.558395;70.932472;92.507713
14812459;0.628314;38.848076;71.153572;92.626572
14814457;0.942464;39.137367;71.373955;92.744514
14816458;1.099535;39.281868;71.483894;92.803139
14818476;1.570732;39.714790;71.812622;92.977646
14820439;1.884844;40.002911;72.030899;93.092842
14822433;2.198937;40.290642;72.248459;93.207108
14824439;2.513010;40.577976;72.465309;93.320457
14826433;2.827056;40.864906;72.681442;93.432884
14828433;3.141076;41.151436;72.896866;93.544395
14830476;3.455064;41.437557;73.111557;93.654984
14832455;3.769018;41.723270;73.325531;93.764648
14834461;4.082935;42.008572;73.538788;93.873383
14836460;4.396812;42.293461;73.751305;93.981186
14838457;4.710645;42.577927;73.963104;94.088074
14840472;5.024432;42.861980;74.174179;94.194031
14842441;5.338169;43.145607;74.384514;94.299057
14844429;5.651853;43.428806;74.594116;94.403145
14846431;5.965482;43.711578;74.802979;94.506302
14848432;6.279051;43.993916;75.011108;94.608536
14850438;6.592560;44.275822;75.218491;94.709824
14852472;6.906002;44.557293;75.425140;94.810188
14854440;7.219377;44.838322;75.631035;94.909607
14856435;7.532680;45.118908;75.836189;95.008095
14858431;7.845909;45.399052;76.040596;95.105652
14860439;8.159060;45.678741;76.244247;95.202263
14862438;8.472132;45.957985;76.447151;95.297935
14864473;8.785120;46.236774;76.649300;95.392670
14866461;8.941581;46.375996;76.750092;95.486450
14868458;9.410830;46.792976;77.051315;95.579300
14870458;9.723549;47.070389;77.251198;95.671204
14872455;10.036171;47.347336;77.450302;95.762161
14874479;10.348695;47.623817;77.648651;95.852180
14876440;10.661115;47.899830;77.846230;95.941238
14878436;10.973431;48.175369;78.043037;96.029366
14880440;11.285637;48.450428;78.239075;96.116547
14882439;11.597733;48.725014;78.434349;96.202766
14884439;11.909716;48.999115;78.628838;96.288040
14886481;12.221580;49.272736;78.822563;96.372375
14888460;12.533322;49.545868;79.015503;96.455742
14890455;12.844942;49.818508;79.207664;96.538162
14892457;13.156436;50.090660;79.399040;96.619629
14894455;13.467797;50.362320;79.589638;96.700142
14896473;13.779028;50.633476;79.779449;96.779716
14898442;14.090122;50.904144;79.968468;96.858315
14900444;14.401078;51.174301;80.156700;96.935966
14902435;14.711891;51.443951;80.344131;97.012657
14904434;15.022558;51.713097;80.530792;97.088394
14906442;15.333078;51.981735;80.716644;97.163170
14908476;15.643446;52.249855;80.901703;97.236992
14910458;15.953660;52.517464;81.085953;97.309853
14912454;16.263714;52.784550;81.269417;97.381744
14914455;16.573612;53.051121;81.452072;97.452690
14916456;16.883343;53.317165;81.633926;97.522667
14918473;17.192907;53.582676;81.814972;97.591675
14920437;17.502306;53.847672;81.995216;97.659729
14922434;17.811527;54.112125;82.174644;97.726807
14924434;18.120577;54.376049;82.353256;97.792938
14926432;18.429445;54.639435;82.531067;97.858086
14928433;18.738131;54.902279;82.708054;97.922287
14930473;19.046633;55.164589;82.884232;97.985504
14932456;19.354946;55.426346;83.059593;98.047760
14934458;19.663071;55.687565;83.234131;98.109047
14936462;19.970997;55.948223;83.407845;98.169365
14938456;20.278728;56.208336;83.580742;98.228722
14940470;20.586262;56.467896;83.752808;98.287109
14942475;20.893587;56.726891;83.924042;98.344513
14944458;21.200710;56.985336;84.094460;98.400963
14946457;21.507624;57.243210;84.264038;98.456429
14948461;21.814323;57.500523;84.432793;98.510933
14950457;22.120808;57.757271;84.600708;98.564461
14952477;22.427074;58.013447;84.767792;98.617004
14954437;22.733122;58.269047;84.934044;98.668594
14956438;23.038942;58.524071;85.099449;98.719200
14958438;23.344534;58.778526;85.264015;98.768837
14960438;23.649900;59.032394;85.427750;98.817490
14962490;23.955029;59.285675;85.590622;98.865173
14964477;24.259922;59.538383;85.752663;98.911880
14966464;24.564575;59.790497;85.913857;98.957611
14968456;24.868988;60.042023;86.074203;99.002365
14970461;25.173155;60.292953;86.233696;99.046150
14972455;25.477072;60.543285;86.392334;99.088936
14974476;25.780737;60.793030;86.550133;99.130760
14976462;26.084152;61.042171;86.707077;99.171608
14978459;26.387304;61.290707;86.863152;99.211472
14980453;26.690197;61.538635;87.018372;99.250351
14982457;26.992828;61.785961;87.172745;99.288261
14984653;27.295193;62.032677;87.326248;99.325188
14986466;27.597290;62.278782;87.478889;99.361130
14988457;27.899107;62.524258;87.630669;99.396095
14990459;28.200657;62.769135;87.781586;99.430077
14992453;28.501928;63.013386;87.931633;99.463081
14994455;28.802910;63.257015;88.080811;99.495102
14996467;29.103617;63.500023;88.229118;99.526146
14998445;29.404032;63.742401;88.376556;99.556198
15000441;29.704157;63.984142;88.523132;99.585274
15002434;30.003988;64.225266;88.668823;99.613365
15004439;30.303526;64.465752;88.813644;99.640472
15006475;30.602762;64.705589;88.957581;99.666588
15008438;30.901697;64.944801;89.100655;99.691734
15010434;31.200329;65.183365;89.242836;99.715889
15012438;31.498650;65.421295;89.384148;99.739059
15014433;31.796661;65.658569;89.524567;99.761246
15016440;31.945551;65.776970;89.594444;99.771973
15018478;32.391743;66.131187;89.802757;99.802673
15020457;32.688801;66.366516;89.940521;99.821899
15022455;32.985538;66.601181;90.077408;99.840149
15024457;33.281952;66.835197;90.213394;99.857414
15026460;33.578037;67.068550;90.348495;99.873695
15028483;33.873787;67.301247;90.482697;99.888985
15030440;34.169209;67.533279;90.616020;99.903290
15032439;34.464294;67.764648;90.748444;99.916611
15034439;34.759029;67.995331;90.879967;99.928947
15036435;35.053429;68.225357;91.010597;99.940285
15038436;35.347485;68.454712;91.140327;99.950661
15040474;35.641186;68.683388;91.269157;99.960030
15042456;35.934536;68.911377;91.397087;99.968422
15044452;36.227535;69.138695;91.524117;99.975815
15046452;36.520176;69.365326;91.650238;99.982239
15048454;36.812454;69.591278;91.775467;99.987663
15050477;37.104370;69.816544;91.899780;99.992104
15052434;37.395920;70.041107;92.023178;99.995552
15054436;37.687099;70.264992;92.145683;99.998024
15056439;37.977905;70.488182;92.267273;99.999496
15058436;38.268341;70.710678;92.387955;100.000000
15060548;38.558399;70.932472;92.507721;99.999504
15062465;38.848072;71.153564;92.626579;99.998024
15064460;39.137363;71.373955;92.744514;99.995552
15066464;39.281864;71.483887;92.803146;99.993958
15068455;39.714787;71.812630;92.977646;99.987663
15070455;40.002911;72.030899;93.092834;99.982231
15072475;40.290646;72.248459;93.207108;99.975822
15074460;40.577976;72.465309;93.320457;99.968414
15076457;40.864906;72.681442;93.432892;99.960030
15078456;41.151436;72.896866;93.544403;99.950653
15080456;41.437557;73.111557;93.654976;99.940285
15082473;41.723270;73.325531;93.764648;99.928947
15084438;42.008572;73.538780;93.873383;99.916611
15086435;42.293461;73.751305;93.981194;99.903297
15088430;42.577927;73.963104;94.088074;99.888977
15090438;42.861973;74.174171;94.194031;99.873688
15092437;43.145603;74.384514;94.299049;99.857414
15094479;43.428806;74.594116;94.403145;99.840149
15096439;43.711575;74.802971;94.506302;99.821899
15098432;43.993916;75.011101;94.608536;99.802666
15100439;44.275822;75.218491;94.709824;99.782448
15102436;44.557289;75.425133;94.810188;99.761246
15104468;44.838318;75.631035;94.909607;99.739052
15106437;45.118908;75.836189;95.008102;99.715889
15108434;45.399048;76.040588;95.105652;99.691727
15110442;45.678741;76.244247;95.202255;99.666588
15112436;45.957985;76.447151;95.297935;99.640465
15114432;46.236774;76.649300;95.392654;99.613358
15116470;46.515102;76.850685;95.486450;99.585266
15118441;46.792980;77.051315;95.579300;99.556190
15120439;47.070389;77.251198;95.671204;99.526138
15122435;47.347336;77.450302;95.762161;99.495102
15124439;47.623817;77.648643;95.852173;99.463074
15126478;47.899826;77.846230;95.941246;99.430069
15128436;48.175365;78.043030;96.029366;99.396095
15130434;48.450424;78.239075;96.116539;99.361130
15132434;48.725014;78.434341;96.202759;99.325180
15134438;48.999115;78.628838;96.288040;99.288254
15136435;49.272736;78.822556;96.372368;99.250343
15138474;49.545868;79.015503;96.455742;99.211464
15140461;49.818508;79.207657;96.538162;99.171600
15142456;50.090660;79.399033;96.619629;99.130753
15144451;50.362320;79.589630;96.700142;99.088928
15146459;50.633476;79.779434;96.779701;99.046135
15148473;50.904137;79.968460;96.858307;99.002357
15150435;51.174294;80.156693;96.935966;98.957603
15152435;51.443951;80.344139;97.012650;98.911873
15154436;51.713097;80.530785;97.088394;98.865166
15156438;51.981728;80.716637;97.163162;98.817490
15158435;52.249855;80.901695;97.236984;98.768829
15160474;52.517464;81.085953;97.309845;98.719193
15162461;52.784550;81.269417;97.381744;98.668587
15164455;53.051121;81.452072;97.452690;98.617004
15166458;53.184204;81.543098;97.487793;98.564461
15168454;53.582676;81.814972;97.591675;98.510925
15170478;53.847664;81.995209;97.659721;98.456421
15172441;54.112125;82.174637;97.726807;98.400948
15174438;54.376041;82.353249;97.792923;98.344513
15176434;54.639435;82.531059;97.858086;98.287102
15178437;54.902279;82.708046;97.922279;98.228714
15180435;55.164581;82.884232;97.985497;98.169365
15182473;55.295532;82.972008;98.016754;98.139336
15184454;55.687557;83.234116;98.109039;98.047752
15186452;55.948223;83.407845;98.169365;97.985504
15188453;56.208336;83.580734;98.228722;97.922279
15190455;56.467896;83.752800;98.287109;97.858086
15192479;56.726891;83.924042;98.344513;97.792931
15194429;56.985329;84.094452;98.400955;97.726807
15196436;57.243210;84.264038;98.456429;97.659721
15198430;57.500523;84.432793;98.510933;97.591675
15200439;57.757271;84.600708;98.564461;97.522659
15202438;58.013447;84.767792;98.617012;97.452690
15204476;58.269047;84.934044;98.668594;97.381744
15206462;58.524071;85.099449;98.719193;97.309837
15208458;58.778526;85.264015;98.768829;97.236984
15210456;59.032394;85.427734;98.817490;97.163177
15212457;59.285683;85.590622;98.865173;97.088394
15214467;59.538383;85.752663;98.911880;97.012657
15216440;59.790497;85.913864;98.957611;96.935966
15218434;60.042023;86.074196;99.002365;96.858307
15220434;60.292953;86.233696;99.046135;96.779709
15222437;60.543285;86.392334;99.088943;96.700142
15224434;60.793026;86.550125;99.130760;96.619629
15226474;61.042168;86.707069;99.171600;96.538162
15228460;61.290707;86.863152;99.211472;96.455742
15230458;61.538635;87.018372;99.250351;96.372368
15232459;61.785961;87.172737;99.288261;96.288040
15234455;62.032669;87.326241;99.325180;96.202766
15236469;62.278770;87.478882;99.361130;96.116539
15238434;62.524265;87.630669;99.396095;96.029366
15240434;62.769135;87.781578;99.430069;95.941246
15242433;63.013386;87.931625;99.463081;95.852180
15244438;63.257015;88.080811;99.495102;95.762169
15246488;63.500015;88.229118;99.526146;95.671204
15248467;63.742393;88.376556;99.556198;95.579300
15250460;63.984142;88.523125;99.585266;95.486450
15252453;64.225266;88.668823;99.613358;95.392670
15254459;64.465744;88.813637;99.640465;95.297935
15256462;64.705597;88.957581;99.666588;95.202263
15258471;64.944801;89.100647;99.691734;95.105652
15260432;65.183365;89.242836;99.715889;95.008102
15262439;65.421295;89.384140;99.739059;94.909622
15264438;65.658569;89.524551;99.761246;94.810188
15266440;65.895203;89.664101;99.782448;94.709824
15268431;66.131187;89.802757;99.802673;94.608536
15270471;66.366508;89.940521;99.821907;94.506310
15272456;66.601189;90.077400;99.840149;94.403145
15274456;66.835197;90.213394;99.857422;94.299057
15276463;67.068550;90.348488;99.873695;94.194023
15278456;67.301247;90.482697;99.888992;94.088074
15280477;67.533279;90.616020;99.903297;93.981194
15282437;67.764648;90.748444;99.916611;93.873390
15284436;67.995331;90.879967;99.928947;93.764648
15286435;68.225357;91.010597;99.940285;93.654991
15288435;68.454704;91.140327;99.950661;93.544403
15290438;68.683380;91.269150;99.960030;93.432892
15292470;68.911377;91.397079;99.968414;93.320465
15294460;69.138695;91.524109;99.975815;93.207108
15296464;69.365326;91.650238;99.982231;93.092834
15298456;69.591278;91.775459;99.987656;92.977646
15300458;69.816536;91.899773;99.992104;92.861542
15302472;70.041107;92.023178;99.995552;92.744514
15304453;70.264992;92.145676;99.998024;92.626572
15306460;70.488182;92.267265;99.999504;92.507713
15308461;70.710678;92.387947;99.999992;92.387947
15310457;70.932472;92.507721;99.999512;92.267273
15312472;71.153572;92.626572;99.998024;92.145683
15314442;71.373955;92.744507;99.995552;92.023178
15316437;71.483887;92.803131;99.993950;91.961586
15318440;71.812630;92.977646;99.987663;91.775467
15320434;72.030899;93.092842;99.982239;91.650238
15322437;72.248459;93.207100;99.975815;91.524117
15324475;72.465309;93.320465;99.968414;91.397079
15326442;72.681450;93.432892;99.960030;91.269157
15328438;72.896866;93.544403;99.950661;91.140335
15330438;73.111557;93.654991;99.940285;91.010597
15332432;73.325539;93.764648;99.928955;90.879967
15334435;73.538788;93.873390;99.916611;90.748444
15336475;73.751320;93.981194;99.903297;90.616020
15338458;73.963112;94.088074;99.888977;90.482697
15340455;74.174179;94.194031;99.873695;90.348495
15342453;74.384514;94.299049;99.857414;90.213387
15344460;74.594116;94.403145;99.840149;90.077400
15346474;74.802986;94.506310;99.821915;89.940521
15348438;75.011108;94.608536;99.802673;89.802757
15350442;75.218498;94.709831;99.782455;89.664101
15352434;75.425140;94.810188;99.761246;89.524567
15354434;75.631042;94.909622;99.739059;89.384148
15356492;75.836197;95.008102;99.715889;89.242844
15358475;76.040596;95.105652;99.691734;89.100655
15360460;76.244255;95.202263;99.666588;88.957581
15362458;76.447151;95.297935;99.640465;88.813637
15364454;76.649300;95.392662;99.613365;88.668831
15366463;76.850693;95.486450;99.585266;88.523125
15368473;77.051323;95.579300;99.556198;88.376572
15370438;77.251198;95.671204;99.526146;88.229126
15372436;77.450302;95.762161;99.495102;88.080811
15374432;77.648651;95.852180;99.463081;87.931625
15376439;77.846230;95.941246;99.430069;87.781586
15378437;78.043045;96.029373;99.396095;87.630676
15380479;78.239082;96.116539;99.361130;87.478889
15382463;78.434349;96.202766;99.325195;87.326256
15384450;78.628838;96.288040;99.288261;87.172745
15386458;78.822556;96.372368;99.250351;87.018372
15388458;79.015503;96.455742;99.211464;86.863152
15390470;79.207657;96.538162;99.171600;86.707077
15392439;79.399040;96.619629;99.130760;86.550125
15394433;79.589638;96.700150;99.088943;86.392342
15396438;79.779442;96.779701;99.046150;86.233696
15398438;79.968468;96.858307;99.002365;86.074196
15400440;80.156693;96.935966;98.957611;85.913864
15402478;80.344131;97.012650;98.911880;85.752663
15404459;80.530785;97.088394;98.865173;85.590622
15406461;80.716637;97.163162;98.817482;85.427734
15408450;80.901695;97.236992;98.768829;85.264015
15410456;81.085953;97.309845;98.719200;85.099449
15412478;81.269417;97.381744;98.668587;84.934036
15414435;81.452065;97.452682;98.617012;84.767792
15416436;81.633926;97.522659;98.564461;84.600708
15418431;81.814972;97.591667;98.510925;84.432793
15420438;81.995209;97.659721;98.456429;84.264038
15422433;82.174637;97.726807;98.400948;84.094452
15424470;82.353249;97.792923;98.344513;83.924042
15426454;82.531059;97.858086;98.287109;83.752800
15428455;82.708054;97.922279;98.228722;83.580734
15430457;82.884232;97.985497;98.169373;83.407845
15432453;83.059586;98.047760;98.109055;83.234131
15434475;83.234123;98.109039;98.047760;83.059586
15436462;83.407837;98.169365;97.985504;82.884232
15438458;83.580734;98.228722;97.922279;82.708054
15440458;83.752800;98.287102;97.858086;82.531059
15442457;83.924042;98.344513;97.792938;82.353256
15444468;84.094452;98.400948;97.726807;82.174637
15446439;84.264038;98.456421;97.659721;81.995209
15448432;84.432785;98.510925;97.591675;81.814972
15450433;84.600708;98.564453;97.522652;81.633919
15452438;84.767792;98.617004;97.452690;81.452080
15454437;84.934029;98.668587;97.381744;81.269409
15456473;85.099449;98.719193;97.309845;81.085953
15458460;85.264008;98.768829;97.236992;80.901703
15460455;85.427734;98.817482;97.163162;80.716637
15462455;85.590622;98.865166;97.088394;80.530785
15464460;85.752663;98.911873;97.012650;80.344131
15466478;85.833366;98.934868;96.974434;80.156693
15468435;86.074203;99.002365;96.858307;79.968468
15470439;86.233688;99.046135;96.779701;79.779449
15472440;86.392334;99.088936;96.700142;79.589638
15474431;86.550125;99.130753;96.619629;79.399040
15476439;86.707062;99.171600;96.538162;79.207657
15478477;86.863152;99.211464;96.455742;79.015503
15480459;87.018372;99.250343;96.372368;78.822556
15482457;87.172737;99.288254;96.288040;78.628838
15484459;87.326241;99.325180;96.202759;78.434341
15486454;87.478882;99.361122;96.116539;78.239082
15488471;87.630669;99.396095;96.029366;78.043045
15490434;87.781578;99.430069;95.941246;77.846230
15492440;87.931625;99.463081;95.852188;77.648651
15494433;88.080803;99.495094;95.762161;77.450302
15496437;88.229111;99.526131;95.671204;77.251198
15498437;88.376549;99.556190;95.579300;77.051331
15500480;88.523125;99.585266;95.486458;76.850700
15502460;88.668823;99.613358;95.392662;76.649300
15504458;88.813637;99.640465;95.297935;76.447159
15506461;88.957581;99.666595;95.202271;76.244263
15508459;89.100647;99.691734;95.105652;76.040596
15510471;89.242828;99.715881;95.008102;75.836197
15512438;89.384140;99.739059;94.909607;75.631035
15514435;89.524559;99.761246;94.810188;75.425133
15516434;89.664093;99.782448;94.709824;75.218498
15518439;89.802757;99.802666;94.608536;75.011108
15520484;89.940521;99.821907;94.506302;74.802979
15522442;90.077400;99.840149;94.403145;74.594116
15524433;90.213387;99.857414;94.299057;74.384514
15526432;90.348495;99.873695;94.194031;74.174187
15528438;90.482697;99.888977;94.088081;73.963120
15530433;90.616020;99.903290;93.981201;73.751320
15532472;90.748444;99.916611;93.873383;73.538795
15534454;90.879967;99.928947;93.764648;73.325539
15536457;91.010597;99.940292;93.654991;73.111565
15538456;91.140327;99.950661;93.544403;72.896866
15540452;91.269150;99.960030;93.432892;72.681450
15542476;91.397087;99.968422;93.320465;72.465309
15544440;91.524117;99.975822;93.207108;72.248459
15546437;91.650238;99.982239;93.092850;72.030899
15548438;91.775467;99.987663;92.977646;71.812630
15550438;91.899780;99.992104;92.861542;71.593651
15552487;92.023178;99.995560;92.744514;71.373978
15554470;92.145683;99.998024;92.626579;71.153572
15556459;92.267273;99.999512;92.507729;70.932480
15558457;92.387947;100.000000;92.387955;70.710686
15560453;92.507721;99.999504;92.267273;70.488190
15562454;92.626572;99.998024;92.145683;70.264992
15564477;92.744514;99.995552;92.023186;70.041122
15566441;92.803139;99.993950;91.961601;69.928917
15568434;92.977646;99.987663;91.775467;69.591278
15570436;93.092834;99.982231;91.650238;69.365334
15572433;93.207108;99.975815;91.524109;69.138695
15574434;93.320465;99.968422;91.397087;68.911377
15576477;93.432892;99.960030;91.269157;68.683388
15578459;93.544403;99.950653;91.140327;68.454720
15580464;93.654991;99.940292;91.010605;68.225365
15582458;93.764648;99.928947;90.879974;67.995346
15584454;93.873383;99.916611;90.748444;67.764648
15586472;93.981194;99.903297;90.616020;67.533287
15588439;94.088074;99.888992;90.482712;67.301262
15590437;94.194031;99.873695;90.348495;67.068558
15592437;94.299057;99.857414;90.213394;66.835197
15594428;94.403145;99.840157;90.077415;66.601196
15596441;94.506310;99.821907;89.940521;66.366516
15598469;94.608536;99.802673;89.802757;66.131187
15600462;94.709831;99.782455;89.664101;65.895210
15602457;94.810196;99.761246;89.524567;65.658577
15604454;94.909615;99.739059;89.384148;65.421310
15606460;95.008102;99.715889;89.242844;65.183380
15608474;95.105652;99.691734;89.100662;64.944817
15610458;95.202271;99.666595;88.957588;64.705597
15612453;95.297935;99.640472;88.813652;64.465752
15614452;95.392670;99.613365;88.668831;64.225266
15616456;95.439682;99.599434;88.596085;64.104790
15618473;95.579300;99.556198;88.376572;63.742405
15620435;95.671204;99.526146;88.229126;63.500023
15622438;95.762169;99.495102;88.080811;63.257015
15624432;95.852180;99.463081;87.931633;63.013393
15626434;95.941254;99.430084;87.781586;62.769138
15628434;96.029373;99.396095;87.630669;62.524258
15630473;96.116547;99.361130;87.478897;62.278790
15632459;96.202766;99.325188;87.326256;62.032688
15634458;96.288040;99.288261;87.172752;61.785973
15636458;96.372368;99.250351;87.018379;61.538651
15638456;96.455742;99.211464;86.863159;61.290710
15640477;96.538162;99.171608;86.707077;61.042179
15642438;96.619637;99.130760;86.550140;60.793041
15644436;96.700150;99.088943;86.392342;60.543293
15646434;96.779709;99.046150;86.233704;60.292961
15648440;96.858315;99.002365;86.074211;60.042030
15650440;96.935966;98.957611;85.913857;59.790497
15652472;97.012665;98.911880;85.752670;59.538387
15654444;97.088394;98.865173;85.590622;59.285683
15656435;97.163177;98.817490;85.427742;59.032394
15658439;97.236992;98.768837;85.264023;58.778538
15660439;97.309853;98.719200;85.099457;58.524086
15662487;97.381752;98.668594;84.934044;58.269054
15664471;97.452690;98.617020;84.767799;58.013458
15666462;97.522667;98.564461;84.600716;57.757275
15668459;97.591682;98.510933;84.432793;57.500530
15670452;97.659721;98.456429;84.264053;57.243221
15672453;97.726814;98.400970;84.094467;56.985344
15674470;97.792938;98.344513;83.924049;56.726898
15676437;97.858086;98.287109;83.752808;56.467903
15678437;97.922287;98.228722;83.580742;56.208344
15680439;97.985504;98.169365;83.407845;55.948223
15682441;98.047760;98.109055;83.234131;55.687569
15684435;98.109055;98.047768;83.059601;55.426361
15686470;98.169373;97.985504;82.884239;55.164593
15688458;98.228722;97.922287;82.708061;54.902290
15690456;98.287109;97.858086;82.531067;54.639442
15692456;98.344521;97.792938;82.353264;54.376053
15694451;98.400963;97.726807;82.174644;54.112137
15696475;98.456436;97.659729;81.995216;53.847675
15698458;98.510933;97.591675;81.814972;53.582680
15700456;98.564461;97.522667;81.633934;53.317173
15702457;98.617020;97.452690;81.452080;53.051125
15704455;98.668602;97.381744;81.269417;52.784550
15706470;98.719200;97.309853;81.085960;52.517467
15708438;98.768837;97.236992;80.901703;52.249863
15710438;98.817490;97.163170;80.716637;51.981728
15712435;98.865173;97.088402;80.530800;51.713108
15714441;98.911880;97.012657;80.344139;51.443966
15716439;98.957611;96.935966;80.156693;51.174309
15718475;99.002365;96.858322;79.968475;50.904156
15720454;99.046143;96.779709;79.779449;50.633492
15722453;99.088943;96.700150;79.589638;50.362324
15724455;99.130760;96.619637;79.399048;50.090672
15726452;99.171608;96.538162;79.207672;49.818516
15728477;99.211472;96.455742;79.015503;49.545868
15730432;99.250359;96.372375;78.822563;49.272743
15732440;99.288261;96.288040;78.628845;48.999119
15734441;99.325188;96.202759;78.434349;48.725010
15736437;99.361130;96.116547;78.239082;48.450436
15738437;99.396095;96.029373;78.043053;48.175381
15740474;99.430077;95.941246;77.846237;47.899837
15742461;99.463081;95.852188;77.648666;47.623833
15744455;99.495102;95.762161;77.450310;47.347347
15746461;99.526146;95.671204;77.251205;47.070396
15748454;99.556198;95.579300;77.051331;46.792992
15750476;99.585274;95.486450;76.850700;46.515114
15752437;99.613365;95.392670;76.649300;46.236778
15754432;99.640472;95.297935;76.447159;45.957993
15756437;99.666595;95.202271;76.244255;45.678745
15758442;99.691734;95.105652;76.040596;45.399052
15760547;99.715889;95.008102;75.836197;45.118912
15762460;99.739059;94.909607;75.631035;44.838322
15764456;99.761253;94.810188;75.425133;44.557289
15766456;99.771973;94.760132;75.321922;44.416626
15768452;99.802673;94.608536;75.011116;43.993927
15770456;99.821907;94.506302;74.802986;43.711582
15772478;99.840149;94.403145;74.594124;43.428814
15774458;99.857422;94.299057;74.384514;43.145611
15776463;99.873695;94.194031;74.174179;42.861980
15778458;99.888985;94.088074;73.963112;42.577938
15780453;99.903290;93.981194;73.751312;42.293461
15782473;99.916611;93.873383;73.538788;42.008572
15784435;99.928947;93.764648;73.325539;41.723274
15786437;99.940292;93.654984;73.111557;41.437557
15788439;99.950653;93.544403;72.896866;41.151443
15790437;99.960030;93.432892;72.681442;40.864910
15792438;99.968422;93.320465;72.465324;40.577988
15794472;99.975815;93.207115;72.248474;40.290661
15796437;99.982239;93.092850;72.030914;40.002926
15798433;99.987663;92.977646;71.812630;39.714794
15800431;99.992104;92.861542;71.593651;39.426285
15802435;99.995560;92.744514;71.373962;39.137375
15804478;99.998024;92.626572;71.153572;38.848080
15806436;99.999504;92.507721;70.932480;38.558407
15808438;100.000000;92.387947;70.710686;38.268349
15810434;99.999504;92.267265;70.488182;37.977909
15812432;99.998024;92.145691;70.264999;37.687111
15814437;99.995560;92.023186;70.041115;37.395924
15816479;99.993958;91.961594;69.928917;37.250195
15818458;99.987663;91.775467;69.591278;36.812462
15820460;99.982239;91.650246;69.365341;36.520187
15822456;99.975815;91.524117;69.138702;36.227547
15824452;99.968422;91.397095;68.911392;35.934555
15826473;99.960030;91.269150;68.683395;35.641197
15828450;99.950661;91.140327;68.454720;35.347488
15830439;99.940292;91.010597;68.225372;35.053444
15832440;99.928947;90.879967;67.995346;34.759037
15834433;99.916611;90.748444;67.764648;34.464298
15836443;99.903290;90.616020;67.533287;34.169220
15838471;99.888985;90.482704;67.301247;33.873795
15840458;99.873695;90.348495;67.068550;33.578041
15842457;99.857422;90.213402;66.835205;33.281963
15844456;99.840157;90.077408;66.601196;32.985542
15846462;99.821907;89.940521;66.366516;32.688816
15848474;99.802673;89.802757;66.131195;32.391758
15850441;99.782455;89.664108;65.895210;32.094372
15852437;99.761253;89.524567;65.658585;31.796669
15854434;99.739059;89.384148;65.421310;31.498665
15856438;99.715889;89.242836;65.183380;31.200336
15858439;99.691734;89.100655;64.944809;30.901707
15860473;99.666595;88.957588;64.705605;30.602774
15862458;99.640472;88.813652;64.465752;30.303532
15864457;99.613365;88.668831;64.225266;30.003992
15866458;99.585274;88.523132;63.984154;29.704166
15868457;99.556198;88.376564;63.742401;29.404036
15870561;99.526146;88.229126;63.500023;29.103617
15872459;99.495102;88.080811;63.257015;28.802916
15874459;99.463081;87.931633;63.013397;28.501940
15876459;99.430077;87.781578;62.769146;28.200665
15878460;99.396095;87.630669;62.524277;27.899126
15880458;99.361130;87.478897;62.278782;27.597300
15882478;99.325188;87.326248;62.032677;27.295198
15884439;99.288261;87.172745;61.785965;26.992842
15886429;99.250359;87.018379;61.538643;26.690208
15888439;99.211472;86.863152;61.290710;26.387306
15890441;99.171608;86.707077;61.042179;26.084160
15892478;99.130768;86.550133;60.793030;25.780743
15894438;99.088943;86.392342;60.543293;25.477072
15896433;99.046150;86.233704;60.292961;25.173161
15898436;99.002365;86.074203;60.042023;24.868990
15900434;98.957619;85.913864;59.790504;24.564585
15902434;98.911888;85.752670;59.538399;24.259939
15904474;98.865173;85.590630;59.285694;23.955040
15906443;98.817497;85.427750;59.032398;23.649906
15908439;98.768837;85.264023;58.778538;23.344549
15910440;98.719200;85.099449;58.524078;23.038950
15912437;98.668602;84.934044;58.269054;22.733126
15914436;98.617020;84.767799;58.013458;22.427086
15916470;98.590866;84.684357;57.885437;22.273979
15918462;98.510933;84.432793;57.500530;21.814325
15920455;98.456436;84.264046;57.243221;21.507629
15922455;98.400970;84.094467;56.985336;21.200716
15924457;98.344521;83.924042;56.726898;20.893587
15926474;98.287109;83.752808;56.467896;20.586267
15928458;98.228729;83.580742;56.208347;20.278742
15930451;98.169380;83.407852;55.948238;19.971018
15932454;98.109055;83.234131;55.687569;19.663084
15934456;98.047768;83.059601;55.426361;19.354956
15936472;97.985512;82.884247;55.164604;19.046650
15938446;97.922287;82.708061;54.902290;18.738142
15940441;97.858093;82.531067;54.639442;18.429453
15942441;97.792938;82.353271;54.376060;18.120592
15944442;97.726814;82.174644;54.112137;17.811539
15946441;97.659729;81.995216;53.847672;17.502310
15948474;97.591682;81.814972;53.582687;17.192921
15950455;97.522667;81.633926;53.317165;16.883350
15952452;97.452690;81.452065;53.051113;16.573614
15954457;97.381760;81.269424;52.784573;16.263739
15956454;97.309860;81.085968;52.517479;15.953675
15958473;97.237000;80.901703;52.249866;15.643456
15960439;97.163185;80.716660;51.981747;15.333097
15962438;97.088402;80.530800;51.713108;15.022573
15964438;97.012665;80.344139;51.443958;14.711899
15966434;96.935974;80.156708;51.174313;14.401093
15968474;96.858322;79.968468;50.904156;14.090136
15970446;96.779716;79.779449;50.633492;13.779037
15972435;96.700157;79.589638;50.362331;13.467813
15974435;96.619637;79.399040;50.090672;13.156446
15976437;96.538170;79.207664;49.818512;12.844947
15978438;96.455750;79.015503;49.545876;12.533334
15980475;96.372375;78.822563;49.272739;12.221585
15982459;96.288048;78.628853;48.999126;11.909729
15984456;96.202774;78.434357;48.725025;11.597755
15986461;96.116547;78.239090;48.450439;11.285654
15988454;96.029373;78.043045;48.175385;10.973442
15990474;95.941254;77.846245;47.899849;10.661134
15992443;95.852188;77.648659;47.623833;10.348704
15994438;95.762169;77.450310;47.347347;10.036180
15996435;95.671211;77.251205;47.070408;9.723562
15998437;95.579308;77.051331;46.792992;9.410843
16000567;95.486458;76.850693;46.515114;9.098026
16002461;95.392670;76.649307;46.236782;8.785131
16004453;95.297935;76.447159;45.957989;8.472138
16006458;95.202271;76.244255;45.678745;8.159065
16008454;95.105659;76.040611;45.399071;7.845932
16010459;95.008110;75.836205;45.118923;7.532695
16012474;94.909622;75.631042;44.838333;7.219386
16014457;94.810196;75.425148;44.557308;6.906024
16016460;94.709839;75.218498;44.275837;6.592572
16018455;94.608536;75.011108;43.993927;6.279058
16020459;94.506317;74.802986;43.711590;5.965498
16022475;94.403152;74.594124;43.428814;5.651865
16024434;94.299057;74.384514;43.145607;5.338177
16026434;94.194038;74.174187;42.861984;5.024442
16028438;94.088081;73.963112;42.577942;4.710653
16030436;93.981201;73.751312;42.293465;4.396817
16032488;93.873390;73.538795;42.008579;4.082945
16034472;93.764648;73.325531;41.723274;3.769022
16036461;93.654999;73.111565;41.437565;3.455079
16038456;93.544411;72.896873;41.151451;3.141096
16040455;93.432907;72.681458;40.864925;2.827072
16042456;93.320465;72.465317;40.577984;2.513018
16044476;93.207123;72.248474;40.290661;2.198956
16046438;93.092850;72.030914;40.002926;1.884857
16048431;92.977646;71.812630;39.714794;1.570734
16050442;92.861542;71.593651;39.426285;1.256618
16052438;92.744514;71.373962;39.137375;0.942472
16054441;92.626579;71.153572;38.848080;0.628316
16056474;92.507729;70.932480;38.558407;0.314170
16058462;92.387955;70.710686;38.268349;0.000003
16060458;92.267273;70.488182;37.977909;-0.314158
16062457;92.145691;70.265015;37.687119;-0.628296
16064459;92.023193;70.041122;37.395935;-0.942451
16066470;91.961601;69.928917;37.250202;-1.099524
16068438;91.775475;69.591293;36.812473;-1.570714
16070436;91.650246;69.365334;36.520187;-1.884833
16072440;91.524117;69.138702;36.227539;-2.198935
16074439;91.397095;68.911392;35.934551;-2.512994
16076438;91.269157;68.683388;35.641197;-2.827048
16078477;91.140327;68.454712;35.347485;-3.141072
16080457;91.010597;68.225365;35.053440;-3.455052
16082455;90.879974;67.995338;34.759037;-3.769013
16084459;90.748444;67.764641;34.464287;-4.082933
16086459;90.616020;67.533279;34.169209;-4.396814
16088473;90.482712;67.301262;33.873806;-4.710629
16090436;90.348503;67.068558;33.578049;-5.024421
16092436;90.213394;66.835197;33.281956;-5.338165
16094432;90.077415;66.601196;32.985558;-5.651832
16096439;89.940529;66.366516;32.688820;-5.965466
16098438;89.802765;66.131195;32.391754;-6.279037
16100471;89.664108;65.895210;32.094372;-6.592551
16102460;89.524567;65.658585;31.796669;-6.906000
16104458;89.384140;65.421288;31.498646;-7.219380
16106462;89.242844;65.183388;31.200344;-7.532662
16108456;89.100662;64.944809;30.901712;-7.845893
16110480;88.957588;64.705605;30.602774;-8.159054
16112433;88.813644;64.465752;30.303530;-8.472127
16114435;88.668823;64.225258;30.003986;-8.785120
16116436;88.523125;63.984138;29.704151;-9.098026
16118430;88.376564;63.742405;29.404041;-9.410816
16120435;88.229126;63.500023;29.103624;-9.723544
16122472;88.080811;63.257015;28.802916;-10.036167
16124455;87.931625;63.013382;28.501923;-10.348699
16126460;87.781578;62.769127;28.200649;-10.661122
16128456;87.630661;62.524254;27.899096;-10.973445
16130454;87.478897;62.278793;27.597311;-11.285609
16132477;87.326256;62.032688;27.295212;-11.597711
16134438;87.172745;61.785973;26.992849;-11.909697
16136438;87.018379;61.538643;26.690207;-12.221569
16138435;86.863152;61.290707;26.387314;-12.533316
16140434;86.707069;61.042168;26.084152;-12.844941
16142436;86.550140;60.793041;25.780758;-13.156411
16144474;86.392349;60.543297;25.477087;-13.467783
16146458;86.233696;60.292961;25.173164;-13.779020
16148454;86.074203;60.042023;24.868988;-14.090117
16150454;85.913857;59.790497;24.564579;-14.401073
16152459;85.752663;59.538376;24.259922;-14.711893
16154565;85.590630;59.285690;23.955044;-15.022543
16156466;85.427750;59.032406;23.649914;-15.333065
16158462;85.264015;58.778526;23.344538;-15.643438
16160452;85.099449;58.524071;23.038942;-15.953657
16162459;84.934029;58.269035;22.733120;-16.263720
16164459;84.767799;58.013458;22.427092;-16.573593
16166479;84.600708;57.757271;22.120815;-16.883335
16168459;84.432793;57.500523;21.814325;-17.192904
16170453;84.264038;57.243210;21.507627;-17.502302
16172456;84.094452;56.985329;21.200708;-17.811531
16174458;83.924034;56.726883;20.893579;-18.120584
16176479;83.752808;56.467896;20.586267;-18.429432
16178442;83.580734;56.208336;20.278728;-18.738127
16180437;83.407845;55.948223;19.970995;-19.046635
16182438;83.234116;55.687546;19.663059;-19.354958
16184440;83.234116;55.687546;19.663059;-19.354958
16186494;82.884232;55.164593;19.046640;-19.970985
16188473;82.708069;54.902302;18.738163;-20.278698
16190443;82.531075;54.639454;18.429466;-20.586231
16192440;82.353271;54.376064;18.120592;-20.893570
16194433;82.174644;54.112137;17.811541;-21.200699
16196441;81.995216;53.847672;17.502312;-21.507614
16198438;81.814972;53.582680;17.192913;-21.814323
16200478;81.633934;53.317177;16.883364;-22.120789
16202460;81.452087;53.051140;16.573631;-22.427052
16204461;81.269424;52.784561;16.263733;-22.733107
16206458;81.085960;52.517467;15.953669;-23.038933
16208452;80.901703;52.249855;15.643451;-23.344532
16210477;80.716637;51.981735;15.333075;-23.649895
16212433;80.530800;51.713108;15.022582;-23.955011
16214439;80.344147;51.443958;14.711899;-24.259911
16216435;80.250511;51.309185;14.556500;-24.412281
16218436;79.968468;50.904148;14.090130;-24.868980
16220485;79.779449;50.633484;13.779029;-25.173155
16222472;79.589630;50.362312;13.467794;-25.477079
16224456;79.399048;50.090675;13.156450;-25.780720
16226462;79.207664;49.818516;12.844944;-26.084148
16228454;79.015503;49.545868;12.533325;-26.387304
16230455;78.822556;49.272732;12.221578;-26.690197
16232472;78.628838;48.999107;11.909712;-26.992836
16234439;78.434341;48.724998;11.597720;-27.295208
16236438;78.239082;48.450428;11.285645;-27.597279
16238438;78.043053;48.175388;10.973456;-27.899086
16240436;77.846237;47.899841;10.661134;-28.200638
16242436;77.648666;47.623837;10.348713;-28.501907
16244472;77.450310;47.347347;10.036182;-28.802904
16246457;77.251205;47.070400;9.723559;-29.103613
16248458;77.051338;46.793003;9.410858;-29.404005
16250452;76.850708;46.515125;9.098044;-29.704136
16252458;76.649315;46.236790;8.785141;-30.003971
16254473;76.447166;45.958000;8.472151;-30.303514
16256440;76.244263;45.678749;8.159068;-30.602753
16258437;76.040604;45.399052;7.845914;-30.901691
16260438;75.836205;45.118923;7.532701;-31.200310
16262431;75.631050;44.838337;7.219398;-31.498632
16264436;75.425148;44.557304;6.906014;-31.796652
16266479;75.218498;44.275829;6.592566;-32.094349
16268456;75.011108;43.993919;6.279051;-32.391739
16270455;74.802986;43.711578;5.965483;-32.688805
16272458;74.594131;43.428822;5.651874;-32.985523
16274459;74.384521;43.145615;5.338177;-33.281940
16276477;74.174179;42.861980;5.024439;-33.578033
16278440;73.963112;42.577927;4.710648;-33.873783
16280435;73.751305;42.293449;4.396805;-34.169216
16282441;73.538780;42.008564;4.082927;-34.464298
16284439;73.325546;41.723282;3.769028;-34.759022
16286441;73.111565;41.437565;3.455070;-35.053429
16288478;72.896866;41.151432;3.141072;-35.347485
16290440;72.681442;40.864899;2.827048;-35.641193
16292441;72.465324;40.577991;2.513024;-35.934528
16294440;72.248474;40.290649;2.198946;-36.227531
16296441;72.030922;40.002934;1.884872;-36.520153
16298473;71.812645;39.714806;1.570749;-36.812435
16300439;71.593658;39.426289;1.256624;-37.104355
16302433;71.373962;39.137371;0.942469;-37.395912
16304437;71.153572;38.848080;0.628319;-37.687092
16306434;70.932480;38.558411;0.314179;-37.977890
16308435;70.710686;38.268360;0.000021;-38.268318
16310476;70.488205;37.977928;-0.314134;-38.558380
16312461;70.265007;37.687115;-0.628302;-38.848061
16314459;70.041122;37.395927;-0.942454;-39.137352
16316461;69.928932;37.250214;-1.099509;-39.281845
16318459;69.591293;36.812477;-1.570705;-39.714764
16320475;69.365349;36.520195;-1.884821;-40.002899
16322438;69.138702;36.227551;-2.198920;-40.290627
16324440;68.911385;35.934551;-2.513000;-40.577961
16326434;68.683395;35.641193;-2.827048;-40.864899
16328438;68.454712;35.347485;-3.141072;-41.151432
16330439;68.225380;35.053452;-3.455046;-41.437538
16332475;67.995354;34.759048;-3.769004;-41.723259
16334458;67.764648;34.464298;-4.082927;-42.008564
16336458;67.533287;34.169216;-4.396805;-42.293449
16338456;67.301247;33.873783;-4.710648;-42.577927
16340457;67.068550;33.578033;-5.024439;-42.861980
16342476;66.835213;33.281963;-5.338153;-43.145592
16344434;66.601196;32.985546;-5.651844;-43.428795
16346434;66.366539;32.688831;-5.965453;-43.711548
16348436;66.131203;32.391762;-6.279027;-43.993896
16350437;65.895226;32.094379;-6.592542;-44.275810
16352488;65.658585;31.796677;-6.905991;-44.557278
16354471;65.421318;31.498680;-7.219350;-44.838291
16356461;65.183395;31.200352;-7.532653;-45.118885
16358461;64.944824;30.901718;-7.845891;-45.399029
16360456;64.705612;30.602779;-8.159044;-45.678722
16362454;64.465759;30.303537;-8.472117;-45.957973
16364479;64.225273;30.003998;-8.785110;-46.236767
16366464;64.104805;29.854128;-8.941561;-46.515087
16368456;63.742416;29.404053;-9.410808;-46.792961
16370455;63.500034;29.103630;-9.723532;-47.070374
16372455;63.257027;28.802925;-10.036159;-47.347328
16374472;63.013393;28.501928;-10.348690;-47.623817
16376438;62.769138;28.200663;-10.661110;-47.899830
16378438;62.524284;27.899132;-10.973414;-48.175350
16380434;62.278790;27.597301;-11.285621;-48.450417
16382432;62.032688;27.295208;-11.597720;-48.724998
16384439;61.785965;26.992836;-11.909712;-48.999107
16386476;61.538635;26.690197;-12.221578;-49.272732
16388459;61.290707;26.387304;-12.533325;-49.545868
16390454;61.042183;26.084164;-12.844926;-49.818497
16392452;60.793037;25.780746;-13.156425;-50.090652
16394455;60.543293;25.477079;-13.467794;-50.362312
16396477;60.292953;25.173155;-13.779029;-50.633484
16398438;60.042034;24.869003;-14.090106;-50.904125
16400442;59.790508;24.564589;-14.401063;-51.174282
16402435;59.538414;24.259958;-14.711854;-51.443916
16404434;59.285706;23.955055;-15.022528;-51.713074
16406433;59.032417;23.649925;-15.333054;-51.981712
16408473;58.778542;23.344555;-15.643424;-52.249836
16410456;58.524086;23.038956;-15.953645;-52.517448
16412457;58.269054;22.733131;-16.263708;-52.784538
16414452;58.013470;22.427105;-16.573584;-53.051090
16416460;57.757290;22.120827;-16.883322;-53.317142
16418476;57.500542;21.814341;-17.192888;-53.582657
16420441;57.243221;21.507639;-17.502293;-53.847652
16422438;56.985344;21.200720;-17.811516;-54.112114
16424437;56.726898;20.893589;-18.120565;-54.376041
16426438;56.467915;20.586285;-18.429419;-54.639404
16428438;56.208355;20.278749;-18.738115;-54.902267
16430477;55.948238;19.971016;-19.046616;-55.164570
16432460;55.687569;19.663080;-19.354939;-55.426334
16434456;55.426353;19.354958;-19.663059;-55.687546
16436458;55.164589;19.046635;-19.970995;-55.948223
16438455;54.902298;18.738152;-20.278704;-56.208313
16440473;54.639446;18.429459;-20.586246;-56.467880
16442440;54.376053;18.120584;-20.893579;-56.726883
16444438;54.112125;17.811531;-21.200708;-56.985329
16446438;53.847664;17.502302;-21.507627;-57.243210
16448432;53.582676;17.192904;-21.814325;-57.500523
16450563;53.317173;16.883356;-22.120792;-57.757252
16452461;53.051144;16.573643;-22.427044;-58.013409
16454454;52.784573;16.263744;-22.733089;-58.269016
16456460;52.517479;15.953681;-23.038923;-58.524059
16458454;52.249874;15.643465;-23.344513;-58.778507
16460454;51.981766;15.333113;-23.649860;-59.032356
16462464;51.713127;15.022593;-23.954996;-59.285652
16464436;51.443977;14.711916;-24.259892;-59.538357
16466428;51.174320;14.401102;-24.564548;-59.790474
16468432;50.904156;14.090138;-24.868971;-60.042007
16470431;50.633492;13.779041;-25.173140;-60.292934
16472477;50.362350;13.467834;-25.477034;-60.543259
16474438;50.090683;13.156462;-25.780710;-60.793007
16476431;49.818527;12.844962;-26.084126;-61.042149
16478439;49.545879;12.533340;-26.387287;-61.290688
16480439;49.272743;12.221586;-26.690191;-61.538624
16482436;48.999119;11.909720;-26.992821;-61.785954
16484479;48.725033;11.597758;-27.295170;-62.032646
16486461;48.450447;11.285657;-27.597269;-62.278759
16488455;48.175381;10.973445;-27.899096;-62.524254
16490454;47.899837;10.661122;-28.200649;-62.769127
16492457;47.623821;10.348699;-28.501923;-63.013382
16494474;47.347336;10.036167;-28.802916;-63.257015
16496444;47.070408;9.723565;-29.103598;-63.500004
16498439;46.792992;9.410840;-29.404020;-63.742386
16500437;46.515114;9.098026;-29.704151;-63.984138
16502432;46.236778;8.785120;-30.003986;-64.225258
16504429;45.957981;8.472127;-30.303530;-64.465752
16506476;45.678757;8.159074;-30.602747;-64.705582
16508462;45.399082;7.845944;-30.901661;-64.944778
16510455;45.118935;7.532710;-31.200302;-65.183350
16512452;44.838341;7.219398;-31.498632;-65.421280
16514452;44.557308;6.906021;-31.796642;-65.658554
16516476;44.416637;6.749320;-31.945524;-65.776947
16518438;43.993927;6.279060;-32.391731;-66.131172
16520435;43.711601;5.965510;-32.688774;-66.366493
16522438;43.428825;5.651879;-32.985516;-66.601166
16524441;43.145622;5.338186;-33.281940;-66.835190
16526440;42.861992;5.024448;-33.578022;-67.068542
16528474;42.577938;4.710653;-33.873783;-67.301239
16530461;42.293461;4.396814;-34.169209;-67.533279
16532456;42.008595;4.082960;-34.464268;-67.764626
16534457;41.723286;3.769034;-34.759018;-67.995323
16536462;41.437569;3.455076;-35.053421;-68.225357
16538473;41.151443;3.141084;-35.347481;-68.454704
16540442;40.864910;2.827060;-35.641186;-68.683388
16542438;40.577976;2.513006;-35.934536;-68.911377
16544442;40.290661;2.198952;-36.227520;-69.138680
16546441;40.002926;1.884854;-36.520164;-69.365318
16548489;39.714794;1.570740;-36.812447;-69.591270
16550467;39.426277;1.256606;-37.104370;-69.816536
16552458;39.137363;0.942460;-37.395924;-70.041122
16554462;38.848068;0.628307;-37.687107;-70.264999
16556459;38.558411;0.314173;-37.977894;-70.488174
16558456;38.268349;0.000003;-38.268337;-70.710670
16560479;37.977936;-0.314134;-38.558376;-70.932457
16562456;37.687119;-0.628296;-38.848057;-71.153549
16564455;37.395935;-0.942451;-39.137356;-71.373947
16566454;37.250214;-1.099512;-39.281841;-71.483871
16568454;36.812485;-1.570702;-39.714760;-71.812607
16570475;36.520203;-1.884821;-40.002888;-72.030891
16572435;36.227558;-2.198917;-40.290623;-72.248444
16574432;35.934555;-2.512994;-40.577961;-72.465302
16576433;35.641201;-2.827045;-40.864895;-72.681442
16578438;35.347488;-3.141069;-41.151432;-72.896858
16580436;35.053455;-3.455037;-41.437531;-73.111542
16582472;34.759052;-3.768998;-41.723251;-73.325523
16584457;34.464306;-4.082921;-42.008560;-73.538773
16586462;34.169220;-4.396802;-42.293449;-73.751305
16588462;33.873795;-4.710641;-42.577927;-73.963104
16590456;33.578037;-5.024433;-42.861973;-74.174171
16592480;33.281975;-5.338147;-43.145584;-74.384499
16594431;32.985558;-5.651837;-43.428791;-74.594101
16596443;32.688812;-5.965474;-43.711567;-74.802971
16598438;32.391747;-6.279048;-43.993919;-75.011108
16600436;32.094360;-6.592563;-44.275822;-75.218491
16602433;31.796658;-6.906009;-44.557301;-75.425133
16604474;31.498665;-7.219368;-44.838310;-75.631035
16606459;31.200336;-7.532674;-45.118904;-75.836182
16608458;30.901703;-7.845905;-45.399048;-76.040596
16610455;30.602762;-8.159065;-45.678745;-76.244255
16612456;30.303522;-8.472138;-45.957989;-76.447159
16614473;30.004025;-8.785087;-46.236748;-76.649277
16616439;29.704189;-9.097987;-46.515083;-76.850670
16618436;29.404058;-9.410808;-46.792953;-77.051308
16620434;29.103638;-9.723529;-47.070374;-77.251183
16622438;28.802931;-10.036156;-47.347324;-77.450294
16624436;28.501940;-10.348683;-47.623806;-77.648636
16626474;28.200689;-10.661083;-47.899803;-77.846207
16628461;27.899137;-10.973406;-48.175343;-78.043022
16630456;27.597309;-11.285618;-48.450409;-78.239067
16632454;27.295212;-11.597720;-48.724998;-78.434334
16634454;26.992840;-11.909707;-48.999107;-78.628838
16636477;26.690207;-12.221572;-49.272728;-78.822556
16638440;26.387331;-12.533298;-49.545849;-79.015488
16640438;26.084169;-12.844925;-49.818493;-79.207649
16642436;25.780756;-13.156420;-50.090645;-79.399025
16644436;25.477085;-13.467787;-50.362309;-79.589630
16646440;25.173161;-13.779023;-50.633476;-79.779442
16648473;24.868990;-14.090122;-50.904137;-79.968468
16650461;24.564596;-14.401060;-51.174282;-80.156693
16652456;24.259939;-14.711875;-51.443939;-80.344131
16654451;23.955040;-15.022551;-51.713093;-80.530785
16656458;23.649906;-15.333073;-51.981735;-80.716637
16658475;23.344538;-15.643446;-52.249863;-80.901703
16660453;23.038939;-15.953666;-52.517475;-81.085968
16662453;22.733135;-16.263700;-52.784538;-81.269402
16664456;22.427086;-16.573605;-53.051113;-81.452065
16666459;22.273966;-16.728504;-53.184212;-81.633926
16668477;21.814348;-17.192888;-53.582661;-81.814957
16670438;21.507641;-17.502291;-53.847660;-81.995201
16672440;21.200726;-17.811514;-54.112114;-82.174637
16674437;20.893621;-18.120544;-54.376019;-82.353241
16676442;20.586288;-18.429419;-54.639412;-82.531052
16678434;20.278751;-18.738110;-54.902260;-82.708046
16680475;19.971016;-19.046616;-55.164574;-82.884224
16682461;19.663082;-19.354937;-55.426342;-83.059586
16684458;19.354956;-19.663063;-55.687557;-83.234123
16686454;19.046659;-19.970972;-55.948204;-83.407822
16688455;18.738153;-20.278708;-56.208317;-83.580727
16690562;18.429462;-20.586243;-56.467880;-83.752792
16692463;18.120588;-20.893579;-56.726883;-83.924042
16694457;17.811537;-21.200703;-56.985329;-84.094452
16696462;17.502310;-21.507622;-57.243217;-84.264038
16698453;17.192932;-21.814304;-57.500511;-84.432777
16700456;16.883362;-22.120792;-57.757259;-84.600700
16702478;16.573624;-22.427063;-58.013432;-84.767784
16704437;16.263723;-22.733116;-58.269035;-84.934029
16706437;15.953663;-23.038940;-58.524071;-85.099449
16708435;15.643445;-23.344540;-58.778530;-85.264015
16710437;15.333096;-23.649883;-59.032379;-85.427734
16712492;15.022570;-23.955019;-59.285675;-85.590622
16714473;14.711897;-24.259918;-59.538376;-85.752663
16716459;14.401080;-24.564575;-59.790497;-85.913864
16718458;14.090120;-24.868992;-60.042023;-86.074203
16720453;13.779022;-25.173164;-60.292965;-86.233704
16722453;13.467834;-25.477039;-60.543262;-86.392319
16724473;13.156466;-25.780708;-60.793007;-86.550117
16726437;12.844968;-26.084126;-61.042149;-86.707054
16728435;12.533342;-26.387287;-61.290688;-86.863136
16730438;12.221595;-26.690186;-61.538624;-87.018364
16732438;11.909726;-26.992821;-61.785950;-87.172737
16734555;11.597764;-27.295166;-62.032654;-87.326225
16736465;11.285663;-27.597263;-62.278759;-87.478874
16738458;10.973451;-27.899092;-62.524246;-87.630653
16740455;10.661130;-28.200644;-62.769127;-87.781570
16742459;10.348703;-28.501919;-63.013382;-87.931625
16744457;10.036177;-28.802908;-63.257008;-88.080803
16746471;9.723573;-29.103596;-63.500000;-88.229111
16748442;9.410850;-29.404015;-63.742382;-88.376549
16750439;9.098034;-29.704147;-63.984138;-88.523117
16752438;8.785129;-30.003983;-64.225258;-88.668823
16754434;8.472136;-30.303522;-64.465752;-88.813644
16756555;8.159060;-30.602764;-64.705597;-88.957588
16758459;7.845928;-30.901682;-64.944786;-89.100639
16760456;7.532693;-31.200317;-65.183357;-89.242828
16762459;7.219385;-31.498644;-65.421288;-89.384132
16764452;6.906006;-31.796661;-65.658577;-89.524559
16766463;6.592558;-32.094364;-65.895203;-89.664101
16768472;6.279069;-32.391727;-66.131172;-89.802750
16770439;5.965495;-32.688789;-66.366501;-89.940521
16772440;5.651861;-32.985531;-66.601181;-90.077393
16774440;5.338172;-33.281952;-66.835197;-90.213394
16776436;5.024454;-33.578022;-67.068542;-90.348488
16778472;4.710662;-33.873775;-67.301239;-90.482697
16780440;4.396848;-34.169178;-67.533249;-90.615997
16782441;4.082967;-34.464264;-67.764626;-90.748428
16784436;3.769045;-34.759010;-67.995323;-90.879951
16786431;3.455086;-35.053410;-68.225342;-91.010582
16788440;3.141093;-35.347469;-68.454697;-91.140312
16790472;2.827068;-35.641174;-68.683372;-91.269150
16792442;2.513040;-35.934509;-68.911354;-91.397072
16794438;2.198963;-36.227512;-69.138680;-91.524109
16796437;1.884865;-36.520157;-69.365318;-91.650238
16798436;1.570747;-36.812439;-69.591263;-91.775452
16800437;1.256615;-37.104359;-69.816528;-91.899773
16802474;0.942470;-37.395916;-70.041107;-92.023178
16804457;0.628339;-37.687077;-70.264977;-92.145668
16806460;0.314179;-37.977890;-70.488167;-92.267265
16808456;0.000015;-38.268326;-70.710663;-92.387947
16810455;-0.314149;-38.558388;-70.932457;-92.507706
16812469;-0.628309;-38.848068;-71.153564;-92.626572
16814446;-0.942463;-39.137367;-71.373955;-92.744514
16816439;-1.099525;-39.281860;-71.483887;-92.803139
16818442;-1.570717;-39.714775;-71.812614;-92.977646
16820439;-1.884835;-40.002903;-72.030899;-93.092834
16822472;-2.198933;-40.290638;-72.248459;-93.207100
16824437;-2.513010;-40.577976;-72.465309;-93.320457
16826436;-2.827062;-40.864910;-72.681442;-93.432892
16828435;-3.141062;-41.151421;-72.896858;-93.544403
16830430;-3.455031;-41.437523;-73.111534;-93.654976
16832568;-3.768990;-41.723244;-73.325516;-93.764641
16834462;-4.082912;-42.008553;-73.538765;-93.873375
16836460;-4.396794;-42.293446;-73.751297;-93.981186
16838454;-4.710632;-42.577915;-73.963097;-94.088074
16840460;-5.024400;-42.861950;-74.174156;-94.194016
16842452;-5.338142;-43.145580;-74.384491;-94.299042
16844478;-5.651831;-43.428783;-74.594101;-94.403137
16846438;-5.965465;-43.711559;-74.802963;-94.506294
16848435;-6.279039;-43.993904;-75.011101;-94.608528
16850436;-6.592552;-44.275818;-75.218491;-94.709824
16852431;-6.905976;-44.557266;-75.425125;-94.810181
16854478;-7.219356;-44.838303;-75.631020;-94.909599
16856437;-7.532664;-45.118896;-75.836182;-95.008095
16858435;-7.845898;-45.399040;-76.040588;-95.105652
16860433;-8.159054;-45.678734;-76.244247;-95.202263
16862434;-8.472131;-45.957985;-76.447151;-95.297935
16864435;-8.785099;-46.236755;-76.649284;-95.392654
16866478;-9.098004;-46.515091;-76.850685;-95.486443
16868459;-9.410820;-46.792969;-77.051315;-95.579300
16870457;-9.723543;-47.070389;-77.251198;-95.671204
16872452;-10.036171;-47.347336;-77.450302;-95.762161
16874459;-10.348699;-47.623825;-77.648651;-95.852180
16876473;-10.661099;-47.899818;-77.846214;-95.941238
16878439;-10.973421;-48.175358;-78.043030;-96.029358
16880438;-11.285633;-48.450424;-78.239075;-96.116547
16882435;-11.597733;-48.725014;-78.434349;-96.202766
16884449;-11.909697;-48.999100;-78.628830;-96.288040
16886436;-12.221565;-49.272720;-78.822556;-96.372368
16888472;-12.533291;-49.545841;-79.015480;-96.455734
16890457;-12.844914;-49.818485;-79.207649;-96.538147
16892454;-13.156412;-50.090641;-79.399025;-96.619621
16894456;-13.467780;-50.362301;-79.589622;-96.700134
16896457;-13.779016;-50.633465;-79.779442;-96.779709
16898477;-14.090115;-50.904129;-79.968460;-96.858307
16900433;-14.401050;-51.174271;-80.156677;-96.935959
16902435;-14.711868;-51.443935;-80.344131;-97.012650
16904438;-15.022542;-51.713085;-80.530777;-97.088394
16906433;-15.333065;-51.981724;-80.716637;-97.163170
16908436;-15.643438;-52.249847;-80.901695;-97.236992
16910476;-15.953633;-52.517437;-81.085945;-97.309845
16912459;-16.263695;-52.784531;-81.269402;-97.381744
16914458;-16.573595;-53.051102;-81.452057;-97.452682
16916455;-16.883331;-53.317154;-81.633911;-97.522659
16918459;-17.192902;-53.582676;-81.814972;-97.591682
16920477;-17.502304;-53.847664;-81.995216;-97.659721
16922437;-17.811506;-54.112106;-82.174622;-97.726807
16924436;-18.120560;-54.376038;-82.353249;-97.792938
16926439;-18.429432;-54.639423;-82.531059;-97.858086
16928435;-18.738123;-54.902275;-82.708054;-97.922279
16930493;-19.046631;-55.164581;-82.884232;-97.985504
16932466;-19.354950;-55.426346;-83.059601;-98.047760
16934461;-19.663054;-55.687546;-83.234116;-98.109047
16936460;-19.970985;-55.948215;-83.407845;-98.169373
16938457;-20.278700;-56.208313;-83.580719;-98.228714
16940455;-20.586235;-56.467880;-83.752785;-98.287109
16942475;-20.893570;-56.726879;-83.924034;-98.344513
16944435;-21.200695;-56.985317;-84.094452;-98.400963
16946434;-21.507589;-57.243179;-84.264023;-98.456421
16948436;-21.814295;-57.500500;-84.432777;-98.510925
16950434;-22.120785;-57.757252;-84.600700;-98.564461
16952437;-22.427057;-58.013428;-84.767784;-98.617004
16954475;-22.733107;-58.269035;-84.934036;-98.668594
16956462;-23.038933;-58.524067;-85.099449;-98.719200
16958458;-23.344507;-58.778500;-85.264000;-98.768829
16960457;-23.649876;-59.032375;-85.427734;-98.817490
16962456;-23.955011;-59.285664;-85.590622;-98.865173
16964475;-24.259909;-59.538376;-85.752655;-98.911880
16966440;-24.412256;-59.664501;-85.833359;-98.934868
16968440;-24.868984;-60.042023;-86.074203;-99.002365
16970433;-25.173134;-60.292934;-86.233688;-99.046143
16972438;-25.477055;-60.543274;-86.392334;-99.088936
16974564;-25.780725;-60.793018;-86.550125;-99.130760
16976466;-26.084143;-61.042168;-86.707069;-99.171600
16978454;-26.387300;-61.290707;-86.863152;-99.211464
16980453;-26.690201;-61.538635;-87.018379;-99.250359
16982454;-26.992813;-61.785950;-87.172737;-99.288254
16984454;-27.295181;-62.032665;-87.326241;-99.325188
16986467;-27.597281;-62.278770;-87.478889;-99.361130
16988437;-27.899107;-62.524258;-87.630669;-99.396095
16990434;-28.200659;-62.769138;-87.781586;-99.430084
16992436;-28.501909;-63.013374;-87.931618;-99.463074
16994439;-28.802877;-63.256992;-88.080803;-99.495102
16996478;-29.103586;-63.500000;-88.229111;-99.526138
16998435;-29.404009;-63.742382;-88.376556;-99.556198
17000438;-29.704138;-63.984131;-88.523117;-99.585266
17002434;-30.003973;-64.225258;-88.668816;-99.613365
17004432;-30.303516;-64.465736;-88.813637;-99.640472
17006435;-30.602736;-64.705574;-88.957573;-99.666580
17008473;-30.901674;-64.944778;-89.100639;-99.691727
17010457;-31.200310;-65.183350;-89.242828;-99.715889
17012455;-31.498638;-65.421280;-89.384140;-99.739059
17014452;-31.796652;-65.658562;-89.524559;-99.761238
17016454;-32.094357;-65.895203;-89.664101;-99.782455
17018468;-32.391720;-66.131165;-89.802742;-99.802673
17020433;-32.688786;-66.366501;-89.940521;-99.821899
17022440;-32.985527;-66.601166;-90.077393;-99.840149
17024435;-33.281944;-66.835190;-90.213387;-99.857414
17026442;-33.578033;-67.068550;-90.348495;-99.873695
17028433;-33.873791;-67.301247;-90.482704;-99.888985
17030474;-34.169189;-67.533264;-90.616013;-99.903290
17032463;-34.464279;-67.764626;-90.748436;-99.916611
17034453;-34.759026;-67.995331;-90.879967;-99.928947
17036461;-35.053425;-68.225357;-91.010597;-99.940285
17038455;-35.347485;-68.454712;-91.140327;-99.950661
17040473;-35.641193;-68.683388;-91.269157;-99.960030
17042439;-35.934525;-68.911377;-91.397079;-99.968422
17044436;-36.227528;-69.138687;-91.524109;-99.975815
17046441;-36.520149;-69.365311;-91.650238;-99.982231
17048437;-36.812435;-69.591263;-91.775452;-99.987671
17050436;-37.104355;-69.816528;-91.899780;-99.992104
17052453;-37.395885;-70.041084;-92.023170;-99.995552
17054440;-37.687073;-70.264969;-92.145668;-99.998024
17056435;-37.977882;-70.488167;-92.267265;-99.999504
17058437;-38.268322;-70.710663;-92.387939;-100.000000
17060442;-38.558380;-70.932457;-92.507713;-99.999504
17062475;-38.848064;-71.153557;-92.626572;-99.998024
17064432;-39.137337;-71.373932;-92.744499;-99.995552
17066437;-39.281853;-71.483871;-92.803131;-99.993950
17068435;-39.714767;-71.812614;-92.977646;-99.987663
17070439;-40.002899;-72.030891;-93.092827;-99.982231
17072441;-40.290634;-72.248459;-93.207108;-99.975822
17074480;-40.577969;-72.465309;-93.320465;-99.968422
17076462;-40.864883;-72.681427;-93.432884;-99.960037
17078454;-41.151417;-72.896851;-93.544395;-99.950653
17080459;-41.437542;-73.111549;-93.654984;-99.940300
17082457;-41.723259;-73.325523;-93.764641;-99.928940
17084475;-42.008568;-73.538780;-93.873375;-99.916611
17086438;-42.293461;-73.751305;-93.981194;-99.903297
17088438;-42.577911;-73.963097;-94.088066;-99.888977
17090435;-42.861965;-74.174164;-94.194016;-99.873688
17092436;-43.145596;-74.384506;-94.299049;-99.857414
17094438;-43.428799;-74.594101;-94.403145;-99.840149
17096473;-43.711575;-74.802979;-94.506302;-99.821907
17098460;-43.993919;-75.011108;-94.608536;-99.802666
17100456;-44.275787;-75.218460;-94.709816;-99.782448
17102457;-44.557262;-75.425110;-94.810173;-99.761253
17104458;-44.838295;-75.631012;-94.909599;-99.739059
17106481;-45.118885;-75.836166;-95.008087;-99.715889
17108440;-45.399033;-76.040581;-95.105644;-99.691727
17110443;-45.678730;-76.244232;-95.202255;-99.666588
17112434;-45.957954;-76.447128;-95.297920;-99.640465
17114436;-46.236752;-76.649277;-95.392654;-99.613358
17116439;-46.375988;-76.750084;-95.439674;-99.599434
17118477;-46.792965;-77.051308;-95.579300;-99.556198
17120457;-47.070381;-77.251183;-95.671204;-99.526138
17122456;-47.347332;-77.450302;-95.762161;-99.495094
17124454;-47.623795;-77.648628;-95.852158;-99.463074
17126459;-47.899811;-77.846214;-95.941231;-99.430069
17128473;-48.175350;-78.043022;-96.029358;-99.396095
17130436;-48.450413;-78.239067;-96.116531;-99.361130
17132435;-48.725002;-78.434334;-96.202759;-99.325180
17134436;-48.999111;-78.628838;-96.288040;-99.288261
17136436;-49.272713;-78.822540;-96.372353;-99.250351
17138437;-49.545849;-79.015488;-96.455734;-99.211464
17140476;-49.818497;-79.207649;-96.538162;-99.171600
17142456;-50.090652;-79.399033;-96.619621;-99.130760
17144460;-50.362312;-79.589630;-96.700142;-99.088936
17146455;-50.633476;-79.779434;-96.779701;-99.046135
17148455;-50.904125;-79.968452;-96.858307;-99.002365
17150472;-51.174290;-80.156693;-96.935951;-98.957611
17152437;-51.443947;-80.344131;-97.012650;-98.911873
17154438;-51.713074;-80.530762;-97.088379;-98.865173
17156432;-51.981712;-80.716621;-97.163162;-98.817482
17158432;-52.249836;-80.901680;-97.236977;-98.768829
17160438;-52.517433;-81.085930;-97.309837;-98.719200
17162472;-52.784519;-81.269394;-97.381737;-98.668602
17164457;-53.051098;-81.452057;-97.452675;-98.617020
17166460;-53.317142;-81.633911;-97.522652;-98.564461
17168454;-53.582661;-81.814957;-97.591667;-98.510925
17170456;-53.847660;-81.995201;-97.659721;-98.456429
17172472;-54.112095;-82.174614;-97.726807;-98.400970
17174441;-54.376022;-82.353233;-97.792923;-98.344513
17176433;-54.639416;-82.531044;-97.858086;-98.287109
17178438;-54.902267;-82.708046;-97.922279;-98.228729
17180439;-55.164574;-82.884232;-97.985497;-98.169373
17182433;-55.426342;-83.059586;-98.047760;-98.109047
17184472;-55.557007;-83.146942;-98.078522;-98.078522
17186459;-55.948212;-83.407829;-98.169365;-97.985504
17188457;-56.208324;-83.580719;-98.228714;-97.922279
17190460;-56.467884;-83.752792;-98.287102;-97.858086
17192459;-56.726891;-83.924042;-98.344513;-97.792931
17194468;-56.985329;-84.094452;-98.400955;-97.726807
17196440;-57.243191;-84.264030;-98.456429;-97.659729
17198435;-57.500511;-84.432777;-98.510933;-97.591675
17200435;-57.757259;-84.600700;-98.564453;-97.522659
17202432;-58.013439;-84.767784;-98.617004;-97.452682
17204434;-58.269047;-84.934044;-98.668594;-97.381744
17206466;-58.524078;-85.099449;-98.719200;-97.309845
17208438;-58.778496;-85.263992;-98.768822;-97.236992
17210435;-59.032368;-85.427727;-98.817482;-97.163185
17212437;-59.285660;-85.590614;-98.865166;-97.088394
17214436;-59.538364;-85.752655;-98.911873;-97.012665
17216475;-59.790482;-85.913841;-98.957603;-96.935966
17218440;-60.041992;-86.074188;-99.002365;-96.858322
17220434;-60.292923;-86.233673;-99.046135;-96.779709
17222432;-60.543270;-86.392326;-99.088943;-96.700157
17224435;-60.793011;-86.550125;-99.130760;-96.619644
17226438;-61.042152;-86.707054;-99.171600;-96.538162
17228468;-61.290695;-86.863152;-99.211464;-96.455750
17230459;-61.538612;-87.018356;-99.250351;-96.372375
17232454;-61.785934;-87.172722;-99.288246;-96.288048
17234454;-62.032658;-87.326225;-99.325188;-96.202782
17236464;-62.278767;-87.478874;-99.361130;-96.116547
17238473;-62.524254;-87.630653;-99.396095;-96.029373
17240438;-62.769127;-87.781570;-99.430069;-95.941246
17242438;-63.013363;-87.931618;-99.463066;-95.852188
17244437;-63.256996;-88.080803;-99.495102;-95.762169
17246439;-63.500004;-88.229111;-99.526131;-95.671211
17248431;-63.742386;-88.376549;-99.556198;-95.579300
17250475;-63.984142;-88.523125;-99.585274;-95.486458
17252454;-64.225266;-88.668823;-99.613358;-95.392670
17254454;-64.465729;-88.813637;-99.640465;-95.297943
17256459;-64.705582;-88.957581;-99.666588;-95.202271
17258458;-64.944801;-89.100647;-99.691734;-95.105659
17260471;-65.183365;-89.242836;-99.715889;-95.008102
17262442;-65.421280;-89.384125;-99.739059;-94.909622
17264437;-65.658554;-89.524551;-99.761246;-94.810196
17266434;-65.776947;-89.594429;-99.771973;-94.760132
17268434;-66.131157;-89.802742;-99.802673;-94.608543
17270488;-66.366493;-89.940514;-99.821907;-94.506325
17272474;-66.601166;-90.077393;-99.840149;-94.403160
17274459;-66.835190;-90.213379;-99.857414;-94.299065
17276460;-67.068550;-90.348488;-99.873695;-94.194038
17278460;-67.301224;-90.482689;-99.888985;-94.088089
17280451;-67.533264;-90.616005;-99.903290;-93.981201
17282474;-67.764626;-90.748428;-99.916611;-93.873390
17284436;-67.995323;-90.879959;-99.928955;-93.764656
17286439;-68.225349;-91.010590;-99.940285;-93.654991
17288432;-68.454704;-91.140320;-99.950653;-93.544403
17290435;-68.683365;-91.269150;-99.960030;-93.432907
17292437;-68.911362;-91.397079;-99.968414;-93.320473
17294477;-69.138680;-91.524109;-99.975822;-93.207123
17296461;-69.365326;-91.650238;-99.982239;-93.092842
17298460;-69.591270;-91.775459;-99.987663;-92.977654
17300452;-69.816536;-91.899773;-99.992104;-92.861542
17302455;-70.041100;-92.023170;-99.995552;-92.744514
17304472;-70.264984;-92.145676;-99.998024;-92.626587
17306443;-70.488174;-92.267265;-99.999496;-92.507713
17308432;-70.710670;-92.387947;-99.999992;-92.387947
17310431;-70.932472;-92.507721;-99.999512;-92.267273
17312433;-71.153572;-92.626572;-99.998024;-92.145683
17314578;-71.373947;-92.744499;-99.995552;-92.023186
17316463;-71.483871;-92.803131;-99.993950;-91.961601
17318455;-71.812607;-92.977631;-99.987663;-91.775467
17320460;-72.030884;-93.092827;-99.982239;-91.650253
17322454;-72.248444;-93.207100;-99.975815;-91.524117
17324456;-72.465302;-93.320450;-99.968422;-91.397095
17326480;-72.681419;-93.432877;-99.960030;-91.269173
17328461;-72.896843;-93.544395;-99.950661;-91.140327
17330458;-73.111549;-93.654976;-99.940300;-91.010605
17332455;-73.325523;-93.764648;-99.928955;-90.879974
17334455;-73.538780;-93.873383;-99.916618;-90.748451
17336473;-73.751305;-93.981186;-99.903297;-90.616020
17338438;-73.963097;-94.088066;-99.888992;-90.482712
17340435;-74.174164;-94.194023;-99.873695;-90.348503
17342434;-74.384499;-94.299042;-99.857422;-90.213409
17344433;-74.594101;-94.403137;-99.840149;-90.077415
17346437;-74.802979;-94.506310;-99.821915;-89.940536
17348477;-75.011101;-94.608536;-99.802673;-89.802757
17350459;-75.218483;-94.709816;-99.782455;-89.664116
17352454;-75.425125;-94.810173;-99.761246;-89.524582
17354454;-75.631035;-94.909615;-99.739067;-89.384148
17356463;-75.836189;-95.008102;-99.715897;-89.242844
17358469;-76.040581;-95.105637;-99.691734;-89.100662
17360433;-76.244255;-95.202263;-99.666588;-88.957581
17362439;-76.447144;-95.297920;-99.640465;-88.813652
17364442;-76.649307;-95.392662;-99.613358;-88.668823
17366432;-76.850685;-95.486458;-99.585274;-88.523140
17368434;-77.051308;-95.579292;-99.556198;-88.376579
17370477;-77.251175;-95.671196;-99.526146;-88.229141
17372456;-77.450302;-95.762161;-99.495110;-88.080826
17374458;-77.648628;-95.852165;-99.463081;-87.931648
17376459;-77.846230;-95.941254;-99.430084;-87.781593
17378456;-78.043022;-96.029358;-99.396095;-87.630684
17380470;-78.239052;-96.116531;-99.361130;-87.478912
17382436;-78.434334;-96.202759;-99.325180;-87.326256
17384442;-78.628822;-96.288025;-99.288261;-87.172760
17386431;-78.822556;-96.372368;-99.250351;-87.018379
17388432;-79.015488;-96.455734;-99.211479;-86.863159
17390436;-79.207634;-96.538147;-99.171616;-86.707092
17392477;-79.399033;-96.619629;-99.130760;-86.550140
17394453;-79.589615;-96.700134;-99.088943;-86.392357
17396463;-79.779442;-96.779701;-99.046150;-86.233696
17398456;-79.968452;-96.858307;-99.002373;-86.074211
17400456;-80.156693;-96.935966;-98.957611;-85.913864
17402472;-80.344131;-97.012650;-98.911873;-85.752663
17404439;-80.530762;-97.088387;-98.865173;-85.590645
17406433;-80.716637;-97.163162;-98.817490;-85.427734
17408434;-80.901680;-97.236984;-98.768845;-85.264030
17410436;-81.085953;-97.309837;-98.719193;-85.099449
17412431;-81.269409;-97.381744;-98.668602;-84.934044
17414471;-81.452049;-97.452675;-98.617020;-84.767807
17416463;-81.543098;-97.487793;-98.590858;-84.684349
17418457;-81.814957;-97.591660;-98.510933;-84.432808
17420455;-81.995216;-97.659721;-98.456429;-84.264038
17422458;-82.174629;-97.726807;-98.400963;-84.094467
17424475;-82.353264;-97.792938;-98.344513;-83.924034
17426436;-82.531059;-97.858086;-98.287109;-83.752800
17428440;-82.708046;-97.922279;-98.228729;-83.580750
17430438;-82.884232;-97.985504;-98.169365;-83.407845
17432438;-83.059578;-98.047752;-98.109047;-83.234131
17434476;-83.234131;-98.109047;-98.047760;-83.059578
17436437;-83.407837;-98.169365;-97.985504;-82.884232
17438440;-83.580719;-98.228714;-97.922279;-82.708069
17440437;-83.752808;-98.287109;-97.858086;-82.531059
17442436;-83.924034;-98.344513;-97.792931;-82.353264
17444433;-84.094467;-98.400963;-97.726807;-82.174629
17446472;-84.264030;-98.456421;-97.659721;-81.995216
17448458;-84.432808;-98.510933;-97.591667;-81.814957
17450455;-84.600685;-98.564445;-97.522667;-81.633949
17452456;-84.767761;-98.616997;-97.452698;-81.452110
17454450;-84.934021;-98.668587;-97.381752;-81.269432
17456476;-85.099419;-98.719185;-97.309860;-81.085983
17458436;-85.264000;-98.768822;-97.236992;-80.901703
17460436;-85.427719;-98.817482;-97.163177;-80.716667
17462442;-85.590591;-98.865158;-97.088409;-80.530823
17464439;-85.752647;-98.911873;-97.012665;-80.344162
17466572;-85.913834;-98.957596;-96.935974;-80.156723
17468462;-86.074188;-99.002357;-96.858307;-79.968475
17470457;-86.233673;-99.046127;-96.779716;-79.779465
17472455;-86.392334;-99.088928;-96.700150;-79.589638
17474458;-86.550117;-99.130753;-96.619637;-79.399055
17476462;-86.707047;-99.171600;-96.538177;-79.207687
17478475;-86.863136;-99.211464;-96.455742;-79.015503
17480441;-87.018356;-99.250343;-96.372375;-78.822586
17482432;-87.172737;-99.288261;-96.288040;-78.628853
17484436;-87.326225;-99.325172;-96.202774;-78.434364
17486438;-87.478867;-99.361122;-96.116554;-78.239105
17488476;-87.630653;-99.396088;-96.029366;-78.043053
17490441;-87.781563;-99.430069;-95.941254;-77.846252
17492437;-87.931618;-99.463066;-95.852180;-77.648659
17494430;-88.080795;-99.495087;-95.762169;-77.450325
17496430;-88.229118;-99.526138;-95.671204;-77.251198
17498437;-88.376549;-99.556190;-95.579300;-77.051338
17500470;-88.523109;-99.585258;-95.486465;-76.850716
17502459;-88.668816;-99.613350;-95.392670;-76.649300
17504457;-88.813629;-99.640457;-95.297935;-76.447174
17506461;-88.957581;-99.666588;-95.202255;-76.244247
17508456;-89.100639;-99.691734;-95.105652;-76.040604
17510478;-89.242813;-99.715881;-95.008110;-75.836220
17512429;-89.384140;-99.739059;-94.909615;-75.631042
17514435;-89.524551;-99.761238;-94.810196;-75.425156
17516437;-89.664101;-99.782448;-94.709824;-75.218491
17518436;-89.802750;-99.802666;-94.608536;-75.011124
17520433;-89.940506;-99.821899;-94.506317;-74.803009
17522471;-90.077400;-99.840149;-94.403145;-74.594116
17524459;-90.213379;-99.857414;-94.299057;-74.384529
17526459;-90.348495;-99.873688;-94.194031;-74.174179
17528453;-90.482697;-99.888977;-94.088089;-73.963127
17530456;-90.616020;-99.903290;-93.981186;-73.751297
17532476;-90.748444;-99.916611;-93.873390;-73.538795
17534447;-90.879959;-99.928947;-93.764664;-73.325554
17536445;-91.010597;-99.940285;-93.654976;-73.111557
17538437;-91.140320;-99.950645;-93.544403;-72.896873
17540435;-91.269165;-99.960030;-93.432892;-72.681442
17542433;-91.397079;-99.968414;-93.320465;-72.465309
17544474;-91.524109;-99.975815;-93.207123;-72.248482
17546464;-91.650238;-99.982231;-93.092834;-72.030899
17548456;-91.775452;-99.987663;-92.977654;-71.812645
17550457;-91.899780;-99.992104;-92.861534;-71.593636
17552456;-92.023178;-99.995552;-92.744514;-71.373962
17554470;-92.145691;-99.998024;-92.626556;-71.153549
17556438;-92.267273;-99.999504;-92.507721;-70.932472
17558436;-92.387924;-99.999992;-92.387978;-70.710716
17560439;-92.507706;-99.999496;-92.267288;-70.488205
17562430;-92.626556;-99.998024;-92.145699;-70.265030
17564472;-92.744507;-99.995552;-92.023193;-70.041130
17566444;-92.803131;-99.993958;-91.961609;-69.928940
17568435;-92.977623;-99.987663;-91.775490;-69.591316
17570440;-93.092827;-99.982239;-91.650261;-69.365349
17572432;-93.207092;-99.975822;-91.524139;-69.138733
17574436;-93.320450;-99.968414;-91.397095;-68.911400
17576473;-93.432877;-99.960030;-91.269180;-68.683418
17578463;-93.544403;-99.950661;-91.140335;-68.454720
17580459;-93.654976;-99.940300;-91.010612;-68.225388
17582458;-93.764633;-99.928947;-90.879990;-67.995377
17584454;-93.873383;-99.916611;-90.748451;-67.764664
17586475;-93.981186;-99.903297;-90.616043;-67.533318
17588436;-94.088074;-99.888985;-90.482712;-67.301262
17590434;-94.194016;-99.873695;-90.348503;-67.068581
17592440;-94.299034;-99.857414;-90.213417;-66.835236
17594435;-94.403145;-99.840157;-90.077415;-66.601204
17596438;-94.506294;-99.821907;-89.940544;-66.366539
17598474;-94.608536;-99.802673;-89.802765;-66.131195
17600457;-94.709824;-99.782455;-89.664124;-65.895233
17602457;-94.810196;-99.761246;-89.524567;-65.658585
17604454;-94.909607;-99.739059;-89.384148;-65.421310
17606461;-95.008095;-99.715897;-89.242859;-65.183403
17608474;-95.105652;-99.691734;-89.100662;-64.944817
17610440;-95.202255;-99.666595;-88.957603;-64.705620
17612439;-95.297935;-99.640472;-88.813652;-64.465752
17614437;-95.392662;-99.613365;-88.668839;-64.225281
17616441;-95.486443;-99.585274;-88.523148;-63.984180
17618586;-95.579300;-99.556198;-88.376572;-63.742413
17620461;-95.671204;-99.526146;-88.229141;-63.500046
17622460;-95.762169;-99.495110;-88.080811;-63.257019
17624454;-95.852180;-99.463081;-87.931648;-63.013405
17626458;-95.941254;-99.430077;-87.781578;-62.769127
17628458;-96.029373;-99.396103;-87.630676;-62.524269
17630477;-96.116539;-99.361130;-87.478905;-62.278801
17632453;-96.202766;-99.325180;-87.326241;-62.032677
17634457;-96.288040;-99.288261;-87.172745;-61.785973
17636462;-96.372375;-99.250351;-87.018372;-61.538631
17638453;-96.455742;-99.211464;-86.863159;-61.290710
17640466;-96.538162;-99.171616;-86.707085;-61.042191
17642440;-96.619637;-99.130760;-86.550133;-60.793030
17644434;-96.700150;-99.088951;-86.392357;-60.543312
17646432;-96.779716;-99.046143;-86.233696;-60.292946
17648434;-96.858315;-99.002365;-86.074211;-60.042030
17650432;-96.935974;-98.957611;-85.913849;-59.790482
17652465;-97.012665;-98.911880;-85.752663;-59.538383
17654441;-97.088394;-98.865181;-85.590637;-59.285702
17656434;-97.163177;-98.817490;-85.427734;-59.032387
17658438;-97.236992;-98.768829;-85.264015;-58.778538
17660438;-97.309860;-98.719200;-85.099434;-58.524059
17662469;-97.381752;-98.668594;-84.934044;-58.269047
17664436;-97.452690;-98.617020;-84.767807;-58.013462
17666432;-97.522659;-98.564468;-84.600739;-57.757301
17668431;-97.591667;-98.510948;-84.432823;-57.500572
17670437;-97.659721;-98.456436;-84.264061;-57.243233
17672433;-97.726807;-98.400970;-84.094475;-56.985371
17674473;-97.792923;-98.344528;-83.924080;-56.726944
17676462;-97.858086;-98.287109;-83.752823;-56.467922
17678458;-97.922272;-98.228729;-83.580765;-56.208385
17680456;-97.985497;-98.169373;-83.407852;-55.948246
17682458;-98.047760;-98.109062;-83.234154;-55.687599
17684507;-98.109047;-98.047760;-83.059601;-55.426361
17686474;-98.169365;-97.985512;-82.884254;-55.164616
17688463;-98.228714;-97.922287;-82.708092;-54.902328
17690457;-98.287109;-97.858093;-82.531075;-54.639458
17692455;-98.344513;-97.792946;-82.353279;-54.376091
17694456;-98.400963;-97.726814;-82.174652;-54.112137
17696472;-98.456429;-97.659737;-81.995232;-53.847694
17698436;-98.510925;-97.591690;-81.815002;-53.582729
17700442;-98.564461;-97.522667;-81.633942;-53.317184
17702437;-98.617012;-97.452698;-81.452103;-53.051155
17704431;-98.668594;-97.381744;-81.269417;-52.784561
17706571;-98.719200;-97.309860;-81.085983;-52.517490
17708462;-98.768837;-97.236992;-80.901703;-52.249863
17710456;-98.817490;-97.163185;-80.716660;-51.981754
17712452;-98.865166;-97.088402;-80.530815;-51.713135
17714455;-98.911880;-97.012665;-80.344147;-51.443966
17716458;-98.934868;-96.974442;-80.250534;-51.309212
17718466;-99.002365;-96.858315;-79.968468;-50.904144
17720435;-99.046143;-96.779716;-79.779457;-50.633503
17722438;-99.088936;-96.700157;-79.589661;-50.362354
17724435;-99.130760;-96.619637;-79.399048;-50.090672
17726433;-99.171600;-96.538170;-79.207680;-49.818539
17728479;-99.211472;-96.455742;-79.015503;-49.545868
17730441;-99.250351;-96.372375;-78.822571;-49.272751
17732434;-99.288261;-96.288040;-78.628838;-48.999111
17734436;-99.325188;-96.202766;-78.434357;-48.725025
17736434;-99.361130;-96.116547;-78.239098;-48.450455
17738436;-99.396095;-96.029366;-78.043045;-48.175369
17740474;-99.430077;-95.941254;-77.846245;-47.899849
17742459;-99.463081;-95.852173;-77.648643;-47.623814
17744457;-99.495102;-95.762161;-77.450310;-47.347347
17746461;-99.526138;-95.671211;-77.251213;-47.070419
17748456;-99.556198;-95.579300;-77.051323;-46.792980
17750486;-99.585274;-95.486458;-76.850716;-46.515129
17752435;-99.613365;-95.392662;-76.649300;-46.236767
17754436;-99.640472;-95.297935;-76.447159;-45.957996
17756435;-99.666595;-95.202255;-76.244232;-45.678726
17758432;-99.691734;-95.105652;-76.040604;-45.399052
17760431;-99.715889;-95.008102;-75.836205;-45.118923
17762472;-99.739059;-94.909607;-75.631027;-44.838314
17764460;-99.761246;-94.810188;-75.425140;-44.557297
17766456;-99.782455;-94.709816;-75.218483;-44.275810
17768462;-99.802673;-94.608536;-75.011108;-43.993916
17770452;-99.821907;-94.506310;-74.802986;-43.711597
17772468;-99.840157;-94.403145;-74.594109;-43.428795
17774441;-99.857414;-94.299072;-74.384552;-43.145657
17776438;-99.873695;-94.194038;-74.174194;-42.862003
17778435;-99.888985;-94.088097;-73.963142;-42.577972
17780437;-99.903290;-93.981201;-73.751328;-42.293476
17782436;-99.916611;-93.873398;-73.538818;-42.008610
17784476;-99.928947;-93.764664;-73.325577;-41.723324
17786459;-99.940292;-93.654991;-73.111572;-41.437584
17788457;-99.950653;-93.544418;-72.896889;-41.151478
17790452;-99.960030;-93.432899;-72.681458;-40.864925
17792451;-99.968414;-93.320473;-72.465340;-40.578007
17794478;-99.975815;-93.207130;-72.248497;-40.290695
17796437;-99.982231;-93.092850;-72.030922;-40.002937
17798439;-99.987663;-92.977669;-71.812660;-39.714832
17800437;-99.992104;-92.861542;-71.593658;-39.426289
17802434;-99.995560;-92.744530;-71.373985;-39.137402
17804434;-99.998024;-92.626595;-71.153603;-38.848125
17806477;-99.999504;-92.507729;-70.932487;-38.558422
17808461;-100.000000;-92.387970;-70.710716;-38.268383
17810459;-99.999504;-92.267273;-70.488197;-37.977921
17812454;-99.998024;-92.145691;-70.265022;-37.687134
17814455;-99.995560;-92.023186;-70.041122;-37.395927
17816474;-99.993958;-91.961601;-69.928925;-37.250210
17818437;-99.987663;-91.775475;-69.591309;-36.812496
17820436;-99.982239;-91.650246;-69.365349;-36.520191
17822434;-99.975815;-91.524132;-69.138718;-36.227570
17824437;-99.968422;-91.397087;-68.911385;-35.934547
17826495;-99.960030;-91.269157;-68.683395;-35.641209
17828472;-99.950661;-91.140343;-68.454750;-35.347527
17830457;-99.940292;-91.010597;-68.225372;-35.053444
17832456;-99.928955;-90.879982;-67.995361;-34.759068
17834451;-99.916611;-90.748444;-67.764648;-34.464298
17836457;-99.903297;-90.616028;-67.533302;-34.169235
17838475;-99.888985;-90.482697;-67.301247;-33.873787
17840438;-99.873695;-90.348503;-67.068565;-33.578053
17842436;-99.857422;-90.213409;-66.835228;-33.281986
17844441;-99.840157;-90.077408;-66.601196;-32.985546
17846430;-99.821907;-89.940529;-66.366531;-32.688828
17848489;-99.802673;-89.802757;-66.131187;-32.391739
17850474;-99.782455;-89.664108;-65.895218;-32.094376
17852458;-99.761253;-89.524582;-65.658600;-31.796694
17854462;-99.739059;-89.384140;-65.421295;-31.498659
17856462;-99.715897;-89.242844;-65.183395;-31.200352
17858456;-99.691734;-89.100647;-64.944801;-30.901695
17860476;-99.666595;-88.957596;-64.705605;-30.602777
17862464;-99.640472;-88.813637;-64.465736;-30.303514
17864454;-99.613365;-88.668831;-64.225266;-30.003994
17866461;-99.599442;-88.596092;-64.104797;-29.704180
17868453;-99.556198;-88.376556;-63.742393;-29.404026
17870471;-99.526146;-88.229134;-63.500031;-29.103628
17872439;-99.495102;-88.080803;-63.257004;-28.802898
17874442;-99.463081;-87.931633;-63.013386;-28.501930
17876436;-99.430084;-87.781593;-62.769150;-28.200680
17878436;-99.396095;-87.630669;-62.524258;-27.899107
17880433;-99.361130;-87.478897;-62.278782;-27.597301
17882473;-99.325195;-87.326256;-62.032707;-27.295225
17884458;-99.288269;-87.172760;-61.786003;-26.992878
17886455;-99.250359;-87.018387;-61.538654;-26.690220
17888458;-99.211479;-86.863174;-61.290733;-26.387346
17890459;-99.171616;-86.707100;-61.042213;-26.084209
17892477;-99.130768;-86.550148;-60.793049;-25.780767
17894437;-99.088951;-86.392365;-60.543327;-25.477118
17896437;-99.046150;-86.233711;-60.292973;-25.173176
17898437;-99.002373;-86.074226;-60.042061;-24.869026
17900438;-98.957619;-85.913887;-59.790546;-24.564634
17902474;-98.911888;-85.752678;-59.538406;-24.259953
17904436;-98.865181;-85.590652;-59.285717;-23.955076
17906441;-98.817497;-85.427757;-59.032410;-23.649921
17908438;-98.768845;-85.264038;-58.778553;-23.344574
17910433;-98.719200;-85.099449;-58.524078;-23.038952
17912437;-98.668602;-84.934052;-58.269073;-22.733149
17914466;-98.617020;-84.767822;-58.013489;-22.427124
17916434;-98.564461;-84.600716;-57.757282;-22.120831
17918433;-98.510941;-84.432808;-57.500553;-21.814363
17920436;-98.456436;-84.264046;-57.243221;-21.507633
17922433;-98.400970;-84.094467;-56.985355;-21.200743
17924582;-98.344528;-83.924065;-56.726933;-20.893635
17926465;-98.287109;-83.752808;-56.467907;-20.586281
17928459;-98.228737;-83.580757;-56.208374;-20.278769
17930459;-98.169373;-83.407852;-55.948235;-19.971006
17932459;-98.109062;-83.234146;-55.687584;-19.663099
17934454;-98.047760;-83.059593;-55.426346;-19.354946
17936473;-97.985512;-82.884247;-55.164604;-19.046652
17938437;-97.922287;-82.708069;-54.902309;-18.738171
17940435;-97.858093;-82.531067;-54.639446;-18.429455
17942437;-97.792938;-82.353279;-54.376072;-18.120605
17944430;-97.726814;-82.174644;-54.112125;-17.811531
17946465;-97.659729;-81.995216;-53.847683;-17.502323
17948477;-97.591690;-81.814995;-53.582710;-17.192945
17950461;-97.522667;-81.633934;-53.317173;-16.883356
17952458;-97.452698;-81.452087;-53.051144;-16.573637
17954457;-97.381752;-81.269417;-52.784550;-16.263716
17956461;-97.309860;-81.085968;-52.517479;-15.953678
17958479;-97.236992;-80.901695;-52.249847;-15.643437
17960436;-97.163177;-80.716644;-51.981743;-15.333086
17962437;-97.088402;-80.530807;-51.713120;-15.022586
17964434;-97.012665;-80.344139;-51.443958;-14.711889
17966434;-96.935974;-80.156708;-51.174320;-14.401096
17968494;-96.858315;-79.968460;-50.904129;-14.090114
17970471;-96.779716;-79.779449;-50.633492;-13.779039
17972455;-96.700165;-79.589653;-50.362350;-13.467829
17974456;-96.619637;-79.399040;-50.090664;-13.156436
17976460;-96.538177;-79.207680;-49.818527;-12.844960
17978452;-96.455742;-79.015495;-49.545860;-12.533312
17980475;-96.372375;-78.822563;-49.272739;-12.221588
17982436;-96.288055;-78.628860;-48.999138;-11.909744
17984435;-96.202766;-78.434349;-48.725010;-11.597732
17986432;-96.116547;-78.239090;-48.450443;-11.285657
17988434;-96.029381;-78.043060;-48.175400;-10.973472
17990439;-95.941261;-77.846268;-47.899879;-10.661170
17992473;-95.852188;-77.648666;-47.623848;-10.348722
17994459;-95.762184;-77.450333;-47.347385;-10.036215
17996458;-95.671227;-77.251228;-47.070450;-9.723613
17998454;-95.579315;-77.051346;-46.793015;-9.410867
18000455;-95.486473;-76.850731;-46.515160;-9.098077
18002469;-95.392677;-76.649323;-46.236801;-8.785147
18004438;-95.297951;-76.447174;-45.958031;-8.472180
18006440;-95.202286;-76.244293;-45.678799;-8.159128
18008436;-95.105667;-76.040619;-45.399082;-7.845944
18010438;-95.008125;-75.836227;-45.118958;-7.532737
18012440;-94.909630;-75.631058;-44.838348;-7.219404
18014475;-94.810204;-75.425163;-44.557335;-6.906047
18016460;-94.760147;-75.321945;-44.416664;-6.749347
18018461;-94.608551;-75.011131;-43.993950;-6.279090
18020455;-94.506332;-74.803017;-43.711628;-5.965540
18022456;-94.403160;-74.594131;-43.428833;-5.651879
18024476;-94.299072;-74.384544;-43.145649;-5.338216
18026440;-94.194038;-74.174187;-42.861992;-5.024445
18028433;-94.088089;-73.963127;-42.577957;-4.710680
18030434;-93.981209;-73.751343;-42.293507;-4.396865
18032437;-93.873390;-73.538795;-42.008591;-4.082957
18034491;-93.764671;-73.325562;-41.723312;-3.769061
18036475;-93.654999;-73.111565;-41.437569;-3.455079
18038456;-93.544418;-72.896889;-41.151470;-3.141111
18040455;-93.432899;-72.681450;-40.864910;-2.827060
18042456;-93.320473;-72.465332;-40.577999;-2.513033
18044458;-93.207130;-72.248489;-40.290680;-2.198979
18046475;-93.092850;-72.030914;-40.002926;-1.884857
18048438;-92.977661;-71.812653;-39.714821;-1.570767
18050437;-92.861542;-71.593651;-39.426277;-1.256609
18052436;-92.744522;-71.373978;-39.137383;-0.942487
18054435;-92.626587;-71.153595;-38.848106;-0.628355
18056436;-92.507729;-70.932480;-38.558407;-0.314173
18058472;-92.387970;-70.710693;-38.268375;-0.000036
18060457;-92.267273;-70.488182;-37.977913;0.314155
18062455;-92.145691;-70.265015;-37.687119;0.628293
18064455;-92.023178;-70.041107;-37.395912;0.942469
18066463;-91.961601;-69.928917;-37.250198;1.099530
18068475;-91.775475;-69.591309;-36.812489;1.570699
18070439;-91.650238;-69.365326;-36.520180;1.884845
18072438;-91.524124;-69.138710;-36.227558;2.198917
18074437;-91.397079;-68.911369;-35.934532;2.513018
18076433;-91.269165;-68.683395;-35.641197;2.827042
18078438;-91.140343;-68.454727;-35.347515;3.141043
18080477;-91.010597;-68.225357;-35.053429;3.455064
18082455;-90.879974;-67.995354;-34.759052;3.768995
18084457;-90.748444;-67.764641;-34.464283;4.082942
18086459;-90.616020;-67.533287;-34.169216;4.396802
18088457;-90.482697;-67.301239;-33.873775;4.710662
18090475;-90.348495;-67.068550;-33.578041;5.024430
18092446;-90.213409;-66.835220;-33.281975;5.338150
18094436;-90.077400;-66.601181;-32.985531;5.651865
18096438;-89.940552;-66.366554;-32.688858;5.965426
18098433;-89.802773;-66.131210;-32.391773;6.279021
18100435;-89.664124;-65.895233;-32.094406;6.592509
18102478;-89.524590;-65.658615;-31.796726;6.905934
18104459;-89.384155;-65.421318;-31.498682;7.219338
18106456;-89.242867;-65.183411;-31.200382;7.532620
18108459;-89.100662;-64.944824;-30.901724;7.845881
18110453;-88.957611;-64.705627;-30.602810;8.159015
18112475;-88.813675;-64.465797;-30.303591;8.472064
18114436;-88.668839;-64.225296;-30.004028;8.785081
18116434;-88.523155;-63.984192;-29.704206;9.097963
18118430;-88.376579;-63.742424;-29.404057;9.410805
18120435;-88.229141;-63.500053;-29.103661;9.723502
18122434;-88.080818;-63.257027;-28.802931;10.036153
18124477;-87.931648;-63.013412;-28.501957;10.348660
18126463;-87.781609;-62.769173;-28.200710;10.661059
18128454;-87.630676;-62.524277;-27.899132;10.973406
18130454;-87.478905;-62.278809;-27.597326;11.285594
18132452;-87.326256;-62.032688;-27.295204;11.597717
18134478;-87.172760;-61.785984;-26.992863;11.909678
18136442;-87.018402;-61.538677;-26.690250;12.221527
18138441;-86.863159;-61.290718;-26.387331;12.533295
18140436;-86.707092;-61.042202;-26.084196;12.844899
18142443;-86.550140;-60.793041;-25.780756;13.156417
18144434;-86.392357;-60.543312;-25.477106;13.467762
18146475;-86.233696;-60.292961;-25.173164;13.779020
18148461;-86.074211;-60.042034;-24.869009;14.090097
18150458;-85.913879;-59.790527;-24.564625;14.401031
18152457;-85.752670;-59.538387;-24.259937;14.711875
18154454;-85.590645;-59.285702;-23.955063;15.022522
18156472;-85.427742;-59.032394;-23.649904;15.333072
18158445;-85.264030;-58.778542;-23.344559;15.643424
18160442;-85.099472;-58.524109;-23.038982;15.953615
18162434;-84.934044;-58.269054;-22.733133;16.263702
18164436;-84.767807;-58.013470;-22.427105;16.573582
18166566;-84.684349;-57.757271;-22.120813;16.883341
18168462;-84.432808;-57.500542;-21.814352;17.192884
18170453;-84.264030;-57.243198;-21.507618;17.502312
18172456;-84.094467;-56.985344;-21.200722;17.811512
18174450;-83.924065;-56.726921;-20.893621;18.120539
18176455;-83.752808;-56.467892;-20.586264;18.429438
18178474;-83.580742;-56.208355;-20.278749;18.738110
18180464;-83.407837;-55.948215;-19.970989;19.046637
18182456;-83.234131;-55.687565;-19.663084;19.354933
18184455;-83.059608;-55.426373;-19.354975;19.663036
18186457;-83.059608;-55.164589;-19.046635;19.970993
18188482;-82.708069;-54.902298;-18.738152;20.278708
18190437;-82.531059;-54.639423;-18.429438;20.586264
18192440;-82.353264;-54.376053;-18.120586;20.893579
18194437;-82.174629;-54.112106;-17.811512;21.200729
18196435;-81.995216;-53.847672;-17.502308;21.507622
18198438;-81.814980;-53.582691;-17.192932;21.814302
18200472;-81.633919;-53.317154;-16.883337;22.120819
18202460;-81.452080;-53.051125;-16.573620;22.427061
18204456;-81.269432;-52.784573;-16.263748;22.733093
18206458;-81.085983;-52.517502;-15.953708;23.038895
18208453;-80.901741;-52.249916;-15.643517;23.344469
18210470;-80.716667;-51.981766;-15.333122;23.649860
18212430;-80.530823;-51.713146;-15.022614;23.954973
18214435;-80.344162;-51.443981;-14.711923;24.259895
18216436;-80.156731;-51.174343;-14.401132;24.564526
18218440;-79.968475;-50.904156;-14.090145;24.868971
18220435;-79.779472;-50.633514;-13.779068;25.173115
18222471;-79.589668;-50.362366;-13.467857;25.477013
18224445;-79.399063;-50.090694;-13.156465;25.780710
18226442;-79.207695;-49.818550;-12.844995;26.084101
18228436;-79.015518;-49.545891;-12.533346;26.387283
18230437;-78.822586;-49.272770;-12.221622;26.690161
18232485;-78.628883;-48.999165;-11.909780;26.992767
18234473;-78.434364;-48.725040;-11.597765;27.295164
18236459;-78.239113;-48.450470;-11.285684;27.597240
18238455;-78.043053;-48.175388;-10.973456;27.899086
18240458;-77.846252;-47.899860;-10.661152;28.200617
18242455;-77.648659;-47.623829;-10.348704;28.501913
18244469;-77.450325;-47.347366;-10.036201;28.802881
18246457;-77.251228;-47.070438;-9.723600;29.103565
18248455;-77.051338;-46.793003;-9.410858;29.404005
18250452;-76.850716;-46.515141;-9.098059;29.704121
18252454;-76.649307;-46.236782;-8.785129;30.003981
18254481;-76.447174;-45.958019;-8.472165;30.303495
18256440;-76.244286;-45.678783;-8.159107;30.602720
18258430;-76.040611;-45.399071;-7.845929;30.901682
18260441;-75.836220;-45.118938;-7.532719;31.200291
18262436;-75.631042;-44.838326;-7.219389;31.498638
18264439;-75.425163;-44.557320;-6.906030;31.796637
18266476;-75.218521;-44.275864;-6.592605;32.094311
18268454;-75.011124;-43.993931;-6.279072;32.391720
18270453;-74.803009;-43.711609;-5.965516;32.688766
18272450;-74.594131;-43.428818;-5.651870;32.985531
18274452;-74.384537;-43.145634;-5.338198;33.281933
18276469;-74.174179;-42.861977;-5.024433;33.578037
18278438;-73.963127;-42.577942;-4.710665;33.873775
18280435;-73.751343;-42.293495;-4.396850;34.169178
18282435;-73.538795;-42.008575;-4.082942;34.464287
18284436;-73.325554;-41.723293;-3.769043;34.759014
18286436;-73.111557;-41.437557;-3.455064;35.053432
18288471;-72.896873;-41.151447;-3.141093;35.347466
18290461;-72.681473;-40.864937;-2.827093;35.641159
18292452;-72.465317;-40.577984;-2.513018;35.934532
18294458;-72.248482;-40.290668;-2.198964;36.227509
18296462;-72.030899;-40.002911;-1.884842;36.520176
18298468;-71.812645;-39.714806;-1.570749;36.812435
18300438;-71.593643;-39.426262;-1.256588;37.104382
18302438;-71.373962;-39.137371;-0.942469;37.395912
18304436;-71.153580;-38.848095;-0.628340;37.687077
18306443;-70.932472;-38.558392;-0.314155;37.977909
18308435;-70.710686;-38.268353;-0.000009;38.268326
18310477;-70.488174;-37.977898;0.314173;38.558407
18312460;-70.265030;-37.687145;0.628260;38.848022
18314456;-70.041168;-37.395988;0.942391;39.137299
18316460;-69.928940;-37.250225;1.099503;39.281837
18318458;-69.591324;-36.812511;1.570672;39.714733
18320471;-69.365349;-36.520203;1.884812;40.002884
18322436;-69.138733;-36.227585;2.198887;40.290596
18324436;-68.911400;-35.934555;2.512991;40.577957
18326435;-68.683418;-35.641228;2.827013;40.864864
18328443;-68.454758;-35.347538;3.141016;41.151379
18330580;-68.225388;-35.053455;3.455034;41.437531
18332457;-67.995377;-34.759079;3.768969;41.723225
18334456;-67.764664;-34.464310;4.082912;42.008556
18336464;-67.533310;-34.169247;4.396770;42.293423
18338461;-67.301300;-33.873852;4.710582;42.577873
18340456;-67.068581;-33.578072;5.024397;42.861946
18342477;-66.835243;-33.282001;5.338120;43.145561
18344460;-66.601204;-32.985561;5.651834;43.428783
18346463;-66.366539;-32.688843;5.965445;43.711540
18348455;-66.131195;-32.391750;6.279045;43.993912
18350460;-65.895233;-32.094391;6.592533;44.275795
18352564;-65.658607;-31.796705;6.905955;44.557251
18354459;-65.421310;-31.498671;7.219359;44.838306
18356465;-65.183403;-31.200361;7.532641;45.118874
18358459;-64.944817;-30.901709;7.845893;45.399036
18360458;-64.705620;-30.602793;8.159029;45.678715
18362450;-64.465782;-30.303570;8.472088;45.957939
18364473;-64.225281;-30.004004;8.785099;46.236759
18366440;-63.984180;-29.704193;9.097984;46.515076
18368435;-63.742405;-29.404037;9.410822;46.792969
18370436;-63.500046;-29.103645;9.723520;47.070366
18372432;-63.257015;-28.802910;10.036180;47.347343
18374432;-63.013405;-28.501945;10.348675;47.623802
18376479;-62.769161;-28.200689;10.661080;47.899796
18378458;-62.524269;-27.899117;10.973424;48.175358
18380455;-62.278801;-27.597317;11.285612;48.450405
18382455;-62.032677;-27.295193;11.597734;48.725010
18384451;-61.785976;-26.992846;11.909697;48.999096
18386469;-61.538666;-26.690233;12.221545;49.272701
18388444;-61.290710;-26.387310;12.533316;49.545853
18390441;-61.042191;-26.084173;12.844917;49.818485
18392437;-60.793030;-25.780737;13.156438;50.090660
18394437;-60.543304;-25.477091;13.467780;50.362301
18396432;-60.292946;-25.173149;13.779032;50.633484
18398477;-60.042030;-24.868996;14.090115;50.904129
18400457;-59.790524;-24.564604;14.401049;51.174278
18402455;-59.538383;-24.259918;14.711893;51.443951
18404452;-59.285694;-23.955044;15.022543;51.713085
18406457;-59.032387;-23.649887;15.333086;51.981743
18408471;-58.778530;-23.344540;15.643438;52.249847
18410441;-58.524097;-23.038971;15.953630;52.517437
18412433;-58.269047;-22.733120;16.263718;52.784550
18414437;-58.013458;-22.427092;16.573593;53.051102
18416437;-57.757259;-22.120794;16.883356;53.317173
18418433;-57.500530;-21.814325;17.192904;53.582668
18420470;-57.243275;-21.507698;17.502230;53.847599
18422459;-56.985371;-21.200758;17.811483;54.112076
18424456;-56.726944;-20.893648;18.120516;54.375996
18426461;-56.467926;-20.586296;18.429411;54.639400
18428453;-56.208385;-20.278782;18.738075;54.902233
18430474;-55.948246;-19.971025;19.046608;55.164562
18432442;-55.687599;-19.663113;19.354900;55.426304
18434444;-55.426399;-19.355007;19.663006;55.687504
18436431;-55.164616;-19.046667;19.970963;55.948185
18438437;-54.902328;-18.738186;20.278671;56.208290
18440593;-54.639454;-18.429466;20.586235;56.467873
18442460;-54.376083;-18.120613;20.893547;56.726856
18444454;-54.112179;-17.811590;21.200645;56.985283
18446458;-53.847694;-17.502338;21.507587;57.243179
18448457;-53.582722;-17.192963;21.814268;57.500477
18450459;-53.317184;-16.883369;22.120783;57.757248
18452471;-53.051155;-16.573656;22.427031;58.013405
18454443;-52.784561;-16.263729;22.733110;58.269035
18456439;-52.517490;-15.953692;23.038908;58.524048
18458431;-52.249901;-15.643498;23.344481;58.778477
18460440;-51.981754;-15.333101;23.649874;59.032368
18462432;-51.713135;-15.022600;23.954985;59.285641
18464468;-51.443966;-14.711907;24.259907;59.538364
18466456;-51.309212;-14.556524;24.412256;59.664494
18468458;-50.904186;-14.090172;24.868938;60.041977
18470458;-50.633503;-13.779053;25.173130;60.292923
18472450;-50.362354;-13.467839;25.477032;60.543251
18474471;-50.090675;-13.156453;25.780722;60.793011
18476440;-49.818539;-12.844976;26.084116;61.042137
18478435;-49.545868;-12.533325;26.387300;61.290695
18480440;-49.272751;-12.221601;26.690174;61.538612
18482433;-48.999153;-11.909756;26.992786;61.785923
18484472;-48.725025;-11.597747;27.295176;62.032658
18486439;-48.450455;-11.285668;27.597258;62.278748
18488433;-48.175369;-10.973433;27.899107;62.524258
18490431;-47.899849;-10.661137;28.200636;62.769115
18492432;-47.623856;-10.348734;28.501888;63.013351
18494443;-47.347351;-10.036185;28.802898;63.256996
18496472;-47.070419;-9.723579;29.103588;63.500000
18498457;-46.792984;-9.410834;29.404026;63.742393
18500457;-46.515125;-9.098042;29.704136;63.984127
18502454;-46.236767;-8.785110;30.003998;64.225266
18504453;-45.957993;-8.472141;30.303514;64.465736
18506475;-45.678772;-8.159092;30.602736;64.705566
18508440;-45.399052;-7.845912;30.901695;64.944801
18510433;-45.118927;-7.532701;31.200308;65.183350
18512437;-44.838314;-7.219371;31.498659;65.421295
18514431;-44.557304;-6.906014;31.796646;65.658554
18516645;-44.275848;-6.592589;32.094334;65.895180
18518462;-43.993916;-6.279051;32.391739;66.131180
18520453;-43.711594;-5.965501;32.688778;66.366493
18522457;-43.428795;-5.651844;32.985550;66.601189
18524454;-43.145615;-5.338180;33.281944;66.835190
18526461;-42.861961;-5.024412;33.578056;67.068573
18528469;-42.577972;-4.710695;33.873745;67.301216
18530454;-42.293518;-4.396873;34.169151;67.533234
18532452;-42.008610;-4.082978;34.464252;67.764610
18534457;-41.723324;-3.769076;34.758980;67.995285
18536459;-41.437584;-3.455093;35.053402;68.225334
18538483;-41.151478;-3.141123;35.347435;68.454674
18540440;-40.864967;-2.827123;35.641121;68.683334
18542432;-40.578011;-2.513048;35.934502;68.911346
18544435;-40.290695;-2.198994;36.227482;69.138649
18546435;-40.002937;-1.884872;36.520149;69.365303
18548434;-39.714832;-1.570779;36.812408;69.591240
18550473;-39.426334;-1.256666;37.104313;69.816498
18552460;-39.137398;-0.942498;37.395885;70.041084
18554451;-38.848125;-0.628370;37.687050;70.264961
18556459;-38.558422;-0.314185;37.977886;70.488167
18558457;-38.268383;-0.000045;38.268307;70.710648
18560475;-37.977924;0.314143;38.558384;70.932457
18562437;-37.687134;0.628278;38.848038;71.153534
18564432;-37.395973;0.942406;39.137314;71.373917
18566439;-37.250210;1.099518;39.281853;71.483871
18568432;-36.812496;1.570687;39.714752;71.812592
18570432;-36.520191;1.884827;40.002899;72.030891
18572480;-36.227570;2.198902;40.290611;72.248436
18574457;-35.934593;2.512956;40.577927;72.465279
18576462;-35.641212;2.827034;40.864883;72.681427
18578456;-35.347527;3.141031;41.151394;72.896828
18580455;-35.053448;3.455049;41.437546;73.111549
18582475;-34.759064;3.768983;41.723240;73.325508
18584441;-34.464298;4.082933;42.008572;73.538780
18586434;-34.169235;4.396787;42.293434;73.751297
18588434;-33.873833;4.710606;42.577888;73.963081
18590433;-33.578053;5.024418;42.861965;74.174164
18592437;-33.281986;5.338135;43.145569;74.384483
18594473;-32.985546;5.651850;43.428802;74.594109
18596467;-32.688828;5.965456;43.711555;74.802956
18598460;-32.391785;6.279006;43.993877;75.011078
18600457;-32.094376;6.592545;44.275810;75.218483
18602456;-31.796694;6.905973;44.557262;75.425117
18604479;-31.498655;7.219374;44.838314;75.631035
18606442;-31.200352;7.532659;45.118893;75.836174
18608438;-30.901695;7.845914;45.399055;76.040596
18610432;-30.602777;8.159050;45.678734;76.244240
18612432;-30.303558;8.472100;45.957958;76.447136
18614433;-30.003994;8.785116;46.236771;76.649300
18616476;-29.854124;8.941570;46.375992;76.750084
18618463;-29.404026;9.410840;46.792992;77.051331
18620457;-29.103630;9.723538;47.070385;77.251190
18622458;-28.802944;10.036140;47.347313;77.450287
18624451;-28.501930;10.348693;47.623817;77.648651
18626467;-28.200680;10.661096;47.899811;77.846214
18628442;-27.899105;10.973435;48.175369;78.043045
18630436;-27.597300;11.285630;48.450417;78.239075
18632437;-27.295177;11.597753;48.725025;78.434357
18634438;-26.992834;11.909713;48.999111;78.628838
18636441;-26.690266;12.221514;49.272675;78.822517
18638478;-26.387346;12.533285;49.545834;79.015472
18640461;-26.084209;12.844883;49.818459;79.207626
18642458;-25.780769;13.156406;50.090633;79.399017
18644451;-25.477119;13.467752;50.362278;79.589607
18646459;-25.173223;13.778962;50.633419;79.779404
18648478;-24.869028;14.090083;50.904114;79.968437
18650437;-24.564634;14.401023;51.174252;80.156670
18652436;-24.259953;14.711862;51.443928;80.344124
18654441;-23.955076;15.022511;51.713062;80.530754
18656431;-23.649920;15.333061;51.981716;80.716637
18658430;-23.344574;15.643409;52.249825;80.901680
18660475;-23.039000;15.953604;52.517414;81.085930
18662457;-22.733150;16.263687;52.784527;81.269394
18664456;-22.427124;16.573566;53.051079;81.452049
18666460;-22.120829;16.883327;53.317154;81.633919
18668460;-21.814363;17.192871;53.582645;81.814949
18670475;-21.507681;17.502251;53.847622;81.995178
18672439;-21.200739;17.811502;54.112099;82.174629
18674431;-20.893637;18.120531;54.376011;82.353233
18676438;-20.586279;18.429426;54.639423;82.531052
18678444;-20.278767;18.738094;54.902256;82.708038
18680439;-19.971006;19.046623;55.164581;82.884232
18682473;-19.663097;19.354919;55.426323;83.059570
18684456;-19.354994;19.663023;55.687523;83.234093
18686463;-19.046650;19.970980;55.948215;83.407837
18688455;-18.738169;20.278694;56.208305;83.580719
18690454;-18.429453;20.586256;56.467892;83.752800
18692477;-18.120604;20.893564;56.726871;83.924034
18694445;-17.811575;21.200665;56.985294;84.094429
18696437;-17.502325;21.507605;57.243198;84.264030
18698436;-17.192945;21.814289;57.500492;84.432770
18700435;-16.883352;22.120800;57.757263;84.600708
18702431;-16.573639;22.427050;58.013420;84.767776
18704476;-16.263714;22.733124;58.269047;84.934044
18706460;-15.953678;23.038925;58.524059;85.099442
18708456;-15.643482;23.344501;58.778500;85.264000
18710460;-15.333086;23.649891;59.032394;85.427734
18712456;-15.022585;23.955006;59.285664;85.590622
18714479;-14.711889;24.259926;59.538383;85.752663
18716435;-14.401094;24.564562;59.790482;85.913849
18718438;-14.090158;24.868956;60.041992;86.074188
18720436;-13.779036;25.173151;60.292946;86.233696
18722439;-13.467825;25.477045;60.543270;86.392326
18724442;-13.156433;25.780743;60.793030;86.550133
18726478;-12.844959;26.084133;61.042152;86.707054
18728456;-12.533358;26.387274;61.290676;86.863129
18730458;-12.221586;26.690193;61.538635;87.018379
18732457;-11.909742;26.992807;61.785942;87.172729
18734457;-11.597732;27.295197;62.032677;87.326248
18736469;-11.285654;27.597273;62.278767;87.478874
18738438;-10.973418;27.899122;62.524269;87.630669
18740439;-10.661121;28.200649;62.769135;87.781570
18742434;-10.348720;28.501904;63.013371;87.931618
18744435;-10.036215;28.802872;63.256981;88.080795
18746583;-9.723612;29.103559;63.499969;88.229095
18748460;-9.410866;29.403999;63.742371;88.376549
18750460;-9.098074;29.704105;63.984108;88.523109
18752455;-8.785192;30.003920;64.225212;88.668793
18754455;-8.472176;30.303484;64.465714;88.813629
18756459;-8.159123;30.602705;64.705551;88.957558
18758474;-7.845943;30.901667;64.944778;89.100632
18760439;-7.532733;31.200281;65.183334;89.242813
18762437;-7.219401;31.498629;65.421280;89.384125
18764436;-6.906045;31.796623;65.658539;89.524544
18766431;-6.749341;31.945499;65.776932;89.594421
18768436;-6.279085;32.391712;66.131165;89.802742
18770473;-5.965534;32.688755;66.366478;89.940491
18772458;-5.651876;32.985516;66.601166;90.077385
18774455;-5.338211;33.281914;66.835175;90.213371
18776462;-5.024493;33.577980;67.068512;90.348465
18778454;-4.710677;33.873760;67.301224;90.482689
18780471;-4.396863;34.169163;67.533241;90.615997
18782440;-4.082958;34.464272;67.764626;90.748428
18784434;-3.769059;34.758995;67.995308;90.879944
18786429;-3.455077;35.053421;68.225349;91.010590
18788435;-3.141107;35.347454;68.454689;91.140312
18790487;-2.827107;35.641140;68.683342;91.269127
18792473;-2.513031;35.934517;68.911362;91.397072
18794456;-2.198978;36.227497;69.138664;91.524101
18796459;-1.884856;36.520164;69.365326;91.650238
18798458;-1.570763;36.812428;69.591255;91.775444
18800459;-1.256654;37.104324;69.816505;91.899750
18802475;-0.942485;37.395901;70.041100;92.023178
18804439;-0.628354;37.687065;70.264969;92.145660
18806439;-0.314170;37.977898;70.488174;92.267265
18808438;0.000000;38.268341;70.710678;92.387947
18810435;0.314159;38.558395;70.932472;92.507713
18812438;0.628314;38.848076;71.153572;92.626572
18814473;0.942464;39.137367;71.373955;92.744514
18816460;1.099535;39.281868;71.483894;92.803139
18818455;1.570732;39.714790;71.812622;92.977646
18820454;1.884844;40.002911;72.030899;93.092842
18822455;2.198937;40.290642;72.248459;93.207108
18824476;2.513010;40.577976;72.465309;93.320457
18826435;2.827056;40.864906;72.681442;93.432884
18828429;3.141076;41.151436;72.896866;93.544395
18830428;3.455064;41.437557;73.111557;93.654984
18832431;3.769018;41.723270;73.325531;93.764648
18834432;4.082935;42.008572;73.538788;93.873383
18836474;4.396812;42.293461;73.751305;93.981186
18838459;4.710645;42.577927;73.963104;94.088074
18840455;5.024432;42.861980;74.174179;94.194031
18842457;5.338169;43.145607;74.384514;94.299057
18844453;5.651853;43.428806;74.594116;94.403145
18846477;5.965482;43.711578;74.802979;94.506302
18848442;6.279051;43.993916;75.011108;94.608536
18850440;6.592560;44.275822;75.218491;94.709824
18852441;6.906002;44.557293;75.425140;94.810188
18854436;7.219377;44.838322;75.631035;94.909607
18856440;7.532680;45.118908;75.836189;95.008095
18858472;7.845909;45.399052;76.040596;95.105652
18860460;8.159060;45.678741;76.244247;95.202263
18862457;8.472132;45.957985;76.447151;95.297935
18864456;8.785120;46.236774;76.649300;95.392670
18866458;9.098021;46.515106;76.850693;95.486450
18868480;9.410830;46.792976;77.051315;95.579300
18870435;9.723549;47.070389;77.251198;95.671204
18872432;10.036171;47.347336;77.450302;95.762161
18874442;10.348695;47.623817;77.648651;95.852180
18876439;10.661115;47.899830;77.846230;95.941238
18878438;10.973431;48.175369;78.043037;96.029366
18880473;11.285637;48.450428;78.239075;96.116547
18882457;11.597733;48.725014;78.434349;96.202766
18884452;11.909716;48.999115;78.628838;96.288040
18886459;12.221580;49.272736;78.822563;96.372375
18888458;12.533322;49.545868;79.015503;96.455742
18890475;12.844942;49.818508;79.207664;96.538162
18892437;13.156436;50.090660;79.399040;96.619629
18894436;13.467797;50.362320;79.589638;96.700142
18896442;13.779028;50.633476;79.779449;96.779716
18898437;14.090122;50.904144;79.968468;96.858315
18900434;14.401078;51.174301;80.156700;96.935966
18902472;14.711891;51.443951;80.344131;97.012657
18904453;15.022558;51.713097;80.530792;97.088394
18906457;15.333078;51.981735;80.716644;97.163170
18908451;15.643446;52.249855;80.901703;97.236992
18910456;15.953660;52.517464;81.085953;97.309853
18912474;16.263714;52.784550;81.269417;97.381744
18914436;16.573612;53.051121;81.452072;97.452690
18916439;16.728498;53.184204;81.543098;97.487793
18918436;17.192907;53.582676;81.814972;97.591675
18920437;17.502306;53.847672;81.995216;97.659729
18922570;17.811527;54.112125;82.174644;97.726807
18924458;18.120577;54.376049;82.353256;97.792938
18926461;18.429445;54.639435;82.531067;97.858086
18928456;18.738131;54.902279;82.708054;97.922287
18930452;19.046633;55.164589;82.884232;97.985504
18932453;19.354946;55.426346;83.059593;98.047760
18934472;19.663071;55.687565;83.234131;98.109047
18936449;19.970997;55.948223;83.407845;98.169365
18938442;20.278728;56.208336;83.580742;98.228722
18940442;20.586262;56.467896;83.752808;98.287109
18942440;20.893587;56.726891;83.924042;98.344513
18944585;21.200710;56.985336;84.094460;98.400963
18946461;21.507624;57.243210;84.264038;98.456429
18948454;21.814323;57.500523;84.432793;98.510933
18950456;22.120808;57.757271;84.600708;98.564461
18952455;22.427074;58.013447;84.767792;98.617004
18954455;22.733122;58.269047;84.934044;98.668594
18956477;23.038942;58.524071;85.099449;98.719200
18958436;23.344534;58.778526;85.264015;98.768837
18960431;23.649900;59.032394;85.427750;98.817490
18962436;23.955029;59.285675;85.590622;98.865173
18964434;24.259922;59.538383;85.752663;98.911880
18966438;24.564575;59.790497;85.913857;98.957611
18968478;24.868988;60.042023;86.074203;99.002365
18970457;25.173155;60.292953;86.233696;99.046150
18972460;25.477072;60.543285;86.392334;99.088936
18974456;25.780737;60.793030;86.550133;99.130760
18976455;26.084152;61.042171;86.707077;99.171608
18978478;26.387304;61.290707;86.863152;99.211472
18980438;26.690197;61.538635;87.018372;99.250351
18982435;26.992828;61.785961;87.172745;99.288261
18984431;27.295193;62.032677;87.326248;99.325188
18986440;27.597290;62.278782;87.478889;99.361130
18988478;27.899107;62.524258;87.630669;99.396095
18990438;28.200657;62.769135;87.781586;99.430077
18992441;28.501928;63.013386;87.931633;99.463081
18994434;28.802910;63.257015;88.080811;99.495102
18996445;29.103617;63.500023;88.229118;99.526146
18998434;29.404032;63.742401;88.376556;99.556198
19000473;29.704157;63.984142;88.523132;99.585274
19002456;30.003988;64.225266;88.668823;99.613365
19004455;30.303526;64.465752;88.813644;99.640472
19006460;30.602762;64.705589;88.957581;99.666588
19008455;30.901697;64.944801;89.100655;99.691734
19010472;31.200329;65.183365;89.242836;99.715889
19012436;31.498650;65.421295;89.384148;99.739059
19014443;31.796661;65.658569;89.524567;99.761246
19016434;32.094360;65.895203;89.664108;99.782455
19018434;32.391743;66.131187;89.802757;99.802673
19020439;32.688801;66.366516;89.940521;99.821899
19022476;32.985538;66.601181;90.077408;99.840149
19024457;33.281952;66.835197;90.213394;99.857414
19026456;33.578037;67.068550;90.348495;99.873695
19028454;33.873787;67.301247;90.482697;99.888985
19030452;34.169209;67.533279;90.616020;99.903290
19032478;34.464294;67.764648;90.748444;99.916611
19034436;34.759029;67.995331;90.879967;99.928947
19036437;35.053429;68.225357;91.010597;99.940285
19038436;35.347485;68.454712;91.140327;99.950661
19040439;35.641186;68.683388;91.269157;99.960030
19042431;35.934536;68.911377;91.397087;99.968422
19044474;36.227535;69.138695;91.524117;99.975815
19046459;36.520176;69.365326;91.650238;99.982239
19048459;36.812454;69.591278;91.775467;99.987663
19050455;37.104370;69.816544;91.899780;99.992104
19052455;37.395920;70.041107;92.023178;99.995552
19054475;37.687099;70.264992;92.145683;99.998024
19056437;37.977905;70.488182;92.267273;99.999496
19058439;38.268341;70.710678;92.387955;100.000000
19060437;38.558399;70.932472;92.507721;99.999504
19062435;38.848072;71.153564;92.626579;99.998024
19064436;39.137363;71.373955;92.744514;99.995552
19066473;39.281864;71.483887;92.803146;99.993958
19068457;39.714787;71.812630;92.977646;99.987663
19070456;40.002911;72.030899;93.092834;99.982231
19072459;40.290646;72.248459;93.207108;99.975822
19074457;40.577976;72.465309;93.320457;99.968414
19076480;40.864906;72.681442;93.432892;99.960030
19078434;41.151436;72.896866;93.544403;99.950653
19080431;41.437557;73.111557;93.654976;99.940285
19082441;41.723270;73.325531;93.764648;99.928947
19084436;42.008572;73.538780;93.873383;99.916611
19086436;42.293461;73.751305;93.981194;99.903297
19088475;42.577927;73.963104;94.088074;99.888977
19090454;42.861973;74.174171;94.194031;99.873688
19092459;43.145603;74.384514;94.299049;99.857414
19094455;43.428806;74.594116;94.403145;99.840149
19096459;43.711575;74.802971;94.506302;99.821899
19098478;43.993916;75.011101;94.608536;99.802666
19100436;44.275822;75.218491;94.709824;99.782448
19102438;44.557289;75.425133;94.810188;99.761246
19104436;44.838318;75.631035;94.909607;99.739052
19106432;45.118908;75.836189;95.008102;99.715889
19108438;45.399048;76.040588;95.105652;99.691727
19110478;45.678741;76.244247;95.202255;99.666588
19112459;45.957985;76.447151;95.297935;99.640465
19114454;46.236774;76.649300;95.392654;99.613358
19116459;46.515102;76.850685;95.486450;99.585266
19118457;46.792980;77.051315;95.579300;99.556190
19120472;47.070389;77.251198;95.671204;99.526138
19122436;47.347336;77.450302;95.762161;99.495102
19124444;47.623817;77.648643;95.852173;99.463074
19126441;47.899826;77.846230;95.941246;99.430069
19128437;48.175365;78.043030;96.029366;99.396095
19130472;48.450424;78.239075;96.116539;99.361130
19132439;48.725014;78.434341;96.202759;99.325180
19134438;48.999115;78.628838;96.288040;99.288254
19136440;49.272736;78.822556;96.372368;99.250343
19138437;49.545868;79.015503;96.455742;99.211464
19140438;49.818508;79.207657;96.538162;99.171600
19142473;50.090660;79.399033;96.619629;99.130753
19144433;50.362320;79.589630;96.700142;99.088928
19146437;50.633476;79.779434;96.779701;99.046135
19148438;50.904137;79.968460;96.858307;99.002357
19150436;51.174294;80.156693;96.935966;98.957603
19152479;51.443951;80.344139;97.012650;98.911873
19154439;51.713097;80.530785;97.088394;98.865166
19156437;51.981728;80.716637;97.163162;98.817490
19158437;52.249855;80.901695;97.236984;98.768829
19160437;52.517464;81.085953;97.309845;98.719193
19162435;52.784550;81.269417;97.381744;98.668587
19164478;53.051121;81.452072;97.452690;98.617004
19166456;53.317158;81.633926;97.522667;98.564461
19168457;53.582676;81.814972;97.591675;98.510925
19170451;53.847664;81.995209;97.659721;98.456421
19172456;54.112125;82.174637;97.726807;98.400948
19174476;54.376041;82.353249;97.792923;98.344513
19176434;54.639435;82.531059;97.858086;98.287102
19178435;54.902279;82.708046;97.922279;98.228714
19180439;55.164581;82.884232;97.985497;98.169365
19182438;55.426346;83.059586;98.047760;98.109039
19184438;55.687557;83.234116;98.109039;98.047752
19186477;55.817963;83.321083;98.139336;98.016754
19188442;56.208336;83.580734;98.228722;97.922279
19190435;56.467896;83.752800;98.287109;97.858086
19192437;56.726891;83.924042;98.344513;97.792931
19194439;56.985329;84.094452;98.400955;97.726807
19196440;57.243210;84.264038;98.456429;97.659721
19198476;57.500523;84.432793;98.510933;97.591675
19200457;57.757271;84.600708;98.564461;97.522659
19202456;58.013447;84.767792;98.617012;97.452690
19204455;58.269047;84.934044;98.668594;97.381744
19206455;58.524071;85.099449;98.719193;97.309837
19208475;58.778526;85.264015;98.768829;97.236984
19210455;59.032394;85.427734;98.817490;97.163177
19212454;59.285683;85.590622;98.865173;97.088394
19214453;59.538383;85.752663;98.911880;97.012657
19216463;59.664516;85.833366;98.934868;96.974426
19218476;60.042023;86.074196;99.002365;96.858307
19220439;60.292953;86.233696;99.046135;96.779709
19222434;60.543285;86.392334;99.088943;96.700142
19224435;60.793026;86.550125;99.130760;96.619629
19226432;61.042168;86.707069;99.171600;96.538162
19228430;61.290707;86.863152;99.211472;96.455742
19230478;61.538635;87.018372;99.250351;96.372368
19232461;61.785961;87.172737;99.288261;96.288040
19234455;62.032669;87.326241;99.325180;96.202766
19236458;62.278770;87.478882;99.361130;96.116539
19238456;62.524265;87.630669;99.396095;96.029366
19240477;62.769135;87.781578;99.430069;95.941246
19242462;63.013386;87.931625;99.463081;95.852180
19244458;63.257015;88.080811;99.495102;95.762169
19246464;63.500015;88.229118;99.526146;95.671204
19248452;63.742393;88.376556;99.556198;95.579300
19250458;63.984142;88.523125;99.585266;95.486450
19252476;64.225266;88.668823;99.613358;95.392670
19254441;64.465744;88.813637;99.640465;95.297935
19256440;64.705597;88.957581;99.666588;95.202263
19258435;64.944801;89.100647;99.691734;95.105652
19260434;65.183365;89.242836;99.715889;95.008102
19262436;65.421295;89.384140;99.739059;94.909622
19264478;65.658569;89.524551;99.761246;94.810188
19266462;65.895203;89.664101;99.782448;94.709824
19268457;66.131187;89.802757;99.802673;94.608536
19270458;66.366508;89.940521;99.821907;94.506310
19272456;66.601189;90.077400;99.840149;94.403145
19274473;66.835197;90.213394;99.857422;94.299057
19276441;67.068550;90.348488;99.873695;94.194023
19278437;67.301247;90.482697;99.888992;94.088074
19280435;67.533279;90.616020;99.903297;93.981194
19282434;67.764648;90.748444;99.916611;93.873390
19284436;67.995331;90.879967;99.928947;93.764648
19286470;68.225357;91.010597;99.940285;93.654991
19288457;68.454704;91.140327;99.950661;93.544403
19290456;68.683380;91.269150;99.960030;93.432892
19292456;68.911377;91.397079;99.968414;93.320465
19294457;69.138695;91.524109;99.975815;93.207108
19296459;69.365326;91.650238;99.982231;93.092834
19298437;69.591278;91.775459;99.987656;92.977646
19300434;69.816536;91.899773;99.992104;92.861542
19302435;70.041107;92.023178;99.995552;92.744514
19304440;70.264992;92.145676;99.998024;92.626572
19306438;70.488182;92.267265;99.999504;92.507713
19308476;70.710678;92.387947;99.999992;92.387947
19310460;70.932472;92.507721;99.999512;92.267273
19312462;71.153572;92.626572;99.998024;92.145683
19314456;71.373955;92.744507;99.995552;92.023178
19316466;71.483887;92.803131;99.993950;91.961586
19318473;71.812630;92.977646;99.987663;91.775467
19320434;72.030899;93.092842;99.982239;91.650238
19322435;72.248459;93.207100;99.975815;91.524117
19324442;72.465309;93.320465;99.968414;91.397079
19326441;72.681450;93.432892;99.960030;91.269157
19328438;72.896866;93.544403;99.950661;91.140335
19330474;73.111557;93.654991;99.940285;91.010597
19332463;73.325539;93.764648;99.928955;90.879967
19334458;73.538788;93.873390;99.916611;90.748444
19336456;73.751320;93.981194;99.903297;90.616020
19338453;73.963112;94.088074;99.888977;90.482697
19340481;74.174179;94.194031;99.873695;90.348495
19342457;74.384514;94.299049;99.857414;90.213387
19344455;74.594116;94.403145;99.840149;90.077400
19346459;74.802986;94.506310;99.821915;89.940521
19348455;75.011108;94.608536;99.802673;89.802757
19350455;75.218498;94.709831;99.782455;89.664101
19352477;75.425140;94.810188;99.761246;89.524567
19354441;75.631042;94.909622;99.739059;89.384148
19356436;75.836197;95.008102;99.715889;89.242844
19358432;76.040596;95.105652;99.691734;89.100655
19360433;76.244255;95.202263;99.666588;88.957581
19362434;76.447151;95.297935;99.640465;88.813637
19364479;76.649300;95.392662;99.613365;88.668831
19366466;76.750092;95.439674;99.599442;88.523125
19368458;77.051323;95.579300;99.556198;88.376572
19370454;77.251198;95.671204;99.526146;88.229126
19372454;77.450302;95.762161;99.495102;88.080811
19374471;77.648651;95.852180;99.463081;87.931625
19376439;77.846230;95.941246;99.430069;87.781586
19378437;78.043045;96.029373;99.396095;87.630676
19380434;78.239082;96.116539;99.361130;87.478889
19382435;78.434349;96.202766;99.325195;87.326256
19384430;78.628838;96.288040;99.288261;87.172745
19386473;78.822556;96.372368;99.250351;87.018372
19388457;79.015503;96.455742;99.211464;86.863152
19390451;79.207657;96.538162;99.171600;86.707077
19392454;79.399040;96.619629;99.130760;86.550125
19394455;79.589638;96.700150;99.088943;86.392342
19396476;79.779442;96.779701;99.046150;86.233696
19398443;79.968468;96.858307;99.002365;86.074196
19400434;80.156693;96.935966;98.957611;85.913864
19402445;80.344131;97.012650;98.911880;85.752663
19404433;80.530785;97.088394;98.865173;85.590622
19406506;80.716637;97.163162;98.817482;85.427734
19408455;80.901695;97.236992;98.768829;85.264015
19410454;81.085953;97.309845;98.719200;85.099449
19412461;81.269417;97.381744;98.668587;84.934036
19414458;81.452065;97.452682;98.617012;84.767792
19416460;81.633926;97.522659;98.564461;84.600708
19418456;81.814972;97.591667;98.510925;84.432793
19420434;81.995209;97.659721;98.456429;84.264038
19422440;82.174637;97.726807;98.400948;84.094452
19424433;82.353249;97.792923;98.344513;83.924042
19426439;82.531059;97.858086;98.287109;83.752800
19428487;82.708054;97.922279;98.228722;83.580734
19430474;82.884232;97.985497;98.169373;83.407845
19432459;83.059586;98.047760;98.109055;83.234131
19434453;83.234123;98.109039;98.047760;83.059586
19436458;83.407837;98.169365;97.985504;82.884232
19438458;83.580734;98.228722;97.922279;82.708054
19440473;83.752800;98.287102;97.858086;82.531059
19442440;83.924042;98.344513;97.792938;82.353256
19444446;84.094452;98.400948;97.726807;82.174637
19446439;84.264038;98.456421;97.659721;81.995209
19448437;84.432785;98.510925;97.591675;81.814972
19450597;84.600708;98.564453;97.522652;81.633919
19452460;84.767792;98.617004;97.452690;81.452080
19454456;84.934029;98.668587;97.381744;81.269409
19456458;85.099449;98.719193;97.309845;81.085953
19458453;85.264008;98.768829;97.236992;80.901703
19460458;85.427734;98.817482;97.163162;80.716637
19462474;85.590622;98.865166;97.088394;80.530785
19464458;85.752663;98.911873;97.012650;80.344131
19466463;85.913857;98.957603;96.935966;80.156693
19468454;86.074203;99.002365;96.858307;79.968468
19470456;86.233688;99.046135;96.779701;79.779449
19472473;86.392334;99.088936;96.700142;79.589638
19474435;86.550125;99.130753;96.619629;79.399040
19476436;86.707062;99.171600;96.538162;79.207657
19478432;86.863152;99.211464;96.455742;79.015503
19480436;87.018372;99.250343;96.372368;78.822556
19482437;87.172737;99.288254;96.288040;78.628838
19484479;87.326241;99.325180;96.202759;78.434341
19486462;87.478882;99.361122;96.116539;78.239082
19488458;87.630669;99.396095;96.029366;78.043045
19490453;87.781578;99.430069;95.941246;77.846230
19492457;87.931625;99.463081;95.852188;77.648651
19494476;88.080803;99.495094;95.762161;77.450302
19496438;88.229111;99.526131;95.671204;77.251198
19498438;88.376549;99.556190;95.579300;77.051331
19500434;88.523125;99.585266;95.486458;76.850700
19502439;88.668823;99.613358;95.392662;76.649300
19504434;88.813637;99.640465;95.297935;76.447159
19506479;88.957581;99.666595;95.202271;76.244263
19508461;89.100647;99.691734;95.105652;76.040596
19510453;89.242828;99.715881;95.008102;75.836197
19512454;89.384140;99.739059;94.909607;75.631035
19514454;89.524559;99.761246;94.810188;75.425133
19516479;89.594444;99.771965;94.760117;75.321907
19518436;89.802757;99.802666;94.608536;75.011108
19520440;89.940521;99.821907;94.506302;74.802979
19522434;90.077400;99.840149;94.403145;74.594116
19524438;90.213387;99.857414;94.299057;74.384514
19526444;90.348495;99.873695;94.194031;74.174187
19528476;90.482697;99.888977;94.088081;73.963120
19530460;90.616020;99.903290;93.981201;73.751320
19532458;90.748444;99.916611;93.873383;73.538795
19534456;90.879967;99.928947;93.764648;73.325539
19536462;91.010597;99.940292;93.654991;73.111565
19538473;91.140327;99.950661;93.544403;72.896866
19540449;91.269150;99.960030;93.432892;72.681450
19542434;91.397087;99.968422;93.320465;72.465309
19544437;91.524117;99.975822;93.207108;72.248459
19546439;91.650238;99.982239;93.092850;72.030899
19548489;91.775467;99.987663;92.977646;71.812630
19550472;91.899780;99.992104;92.861542;71.593651
19552462;92.023178;99.995560;92.744514;71.373978
19554459;92.145683;99.998024;92.626579;71.153572
19556461;92.267273;99.999512;92.507729;70.932480
19558458;92.387947;100.000000;92.387955;70.710686
19560475;92.507721;99.999504;92.267273;70.488190
19562441;92.626572;99.998024;92.145683;70.264992
19564438;92.744514;99.995552;92.023186;70.041122
19566438;92.803139;99.993950;91.961601;69.928917
19568437;92.977646;99.987663;91.775467;69.591278
19570433;93.092834;99.982231;91.650238;69.365334
19572482;93.207108;99.975815;91.524109;69.138695
19574460;93.320465;99.968422;91.397087;68.911377
19576459;93.432892;99.960030;91.269157;68.683388
19578456;93.544403;99.950653;91.140327;68.454720
19580458;93.654991;99.940292;91.010605;68.225365
19582583;93.764648;99.928947;90.879974;67.995346
19584457;93.873383;99.916611;90.748444;67.764648
19586459;93.981194;99.903297;90.616020;67.533287
19588460;94.088074;99.888992;90.482712;67.301262
19590453;94.194031;99.873695;90.348495;67.068558
19592456;94.299057;99.857414;90.213394;66.835197
19594472;94.403145;99.840157;90.077415;66.601196
19596442;94.506310;99.821907;89.940521;66.366516
19598442;94.608536;99.802673;89.802757;66.131187
19600440;94.709831;99.782455;89.664101;65.895210
19602433;94.810196;99.761246;89.524567;65.658577
19604470;94.909615;99.739059;89.384148;65.421310
19606437;95.008102;99.715889;89.242844;65.183380
19608438;95.105652;99.691734;89.100662;64.944817
19610438;95.202271;99.666595;88.957588;64.705597
19612440;95.297935;99.640472;88.813652;64.465752
19614438;95.392670;99.613365;88.668831;64.225266
19616476;95.486458;99.585274;88.523140;63.984142
19618463;95.579300;99.556198;88.376572;63.742405
19620454;95.671204;99.526146;88.229126;63.500023
19622452;95.762169;99.495102;88.080811;63.257015
19624452;95.852180;99.463081;87.931633;63.013393
19626596;95.941254;99.430084;87.781586;62.769138
19628462;96.029373;99.396095;87.630669;62.524258
19630454;96.116547;99.361130;87.478897;62.278790
19632457;96.202766;99.325188;87.326256;62.032688
19634455;96.288040;99.288261;87.172752;61.785973
19636460;96.372368;99.250351;87.018379;61.538651
19638479;96.455742;99.211464;86.863159;61.290710
19640458;96.538162;99.171608;86.707077;61.042179
19642450;96.619637;99.130760;86.550140;60.793041
19644459;96.700150;99.088943;86.392342;60.543293
19646463;96.779709;99.046150;86.233704;60.292961
19648476;96.858315;99.002365;86.074211;60.042030
19650443;96.935966;98.957611;85.913857;59.790497
19652433;97.012665;98.911880;85.752670;59.538387
19654434;97.088394;98.865173;85.590622;59.285683
19656435;97.163177;98.817490;85.427742;59.032394
19658438;97.236992;98.768837;85.264023;58.778538
19660477;97.309853;98.719200;85.099457;58.524086
19662454;97.381752;98.668594;84.934044;58.269054
19664459;97.452690;98.617020;84.767799;58.013458
19666458;97.487793;98.590858;84.684357;57.757275
19668453;97.591682;98.510933;84.432793;57.500530
19670475;97.659721;98.456429;84.264053;57.243221
19672435;97.726814;98.400970;84.094467;56.985344
19674433;97.792938;98.344513;83.924049;56.726898
19676437;97.858086;98.287109;83.752808;56.467903
19678435;97.922287;98.228722;83.580742;56.208344
19680590;97.985504;98.169365;83.407845;55.948223
19682457;98.047760;98.109055;83.234131;55.687569
19684458;98.109055;98.047768;83.059601;55.426361
19686457;98.169373;97.985504;82.884239;55.164593
19688457;98.228722;97.922287;82.708061;54.902290
19690458;98.287109;97.858086;82.531067;54.639442
19692473;98.344521;97.792938;82.353264;54.376053
19694437;98.400963;97.726807;82.174644;54.112137
19696438;98.456436;97.659729;81.995216;53.847675
19698433;98.510933;97.591675;81.814972;53.582680
19700433;98.564461;97.522667;81.633934;53.317173
19702492;98.617020;97.452690;81.452080;53.051125
19704472;98.668602;97.381744;81.269417;52.784550
19706462;98.719200;97.309853;81.085960;52.517467
19708460;98.768837;97.236992;80.901703;52.249863
19710460;98.817490;97.163170;80.716637;51.981728
19712455;98.865173;97.088402;80.530800;51.713108
19714475;98.911880;97.012657;80.344139;51.443966
19716431;98.957611;96.935966;80.156693;51.174309
19718435;99.002365;96.858322;79.968475;50.904156
19720437;99.046143;96.779709;79.779449;50.633492
19722435;99.088943;96.700150;79.589638;50.362324
19724438;99.130760;96.619637;79.399048;50.090672
19726474;99.171608;96.538162;79.207672;49.818516
19728460;99.211472;96.455742;79.015503;49.545868
19730457;99.250359;96.372375;78.822563;49.272743
19732452;99.288261;96.288040;78.628845;48.999119
19734458;99.325188;96.202759;78.434349;48.725010
19736481;99.361130;96.116547;78.239082;48.450436
19738438;99.396095;96.029373;78.043053;48.175381
19740440;99.430077;95.941246;77.846237;47.899837
19742438;99.463081;95.852188;77.648666;47.623833
19744437;99.495102;95.762161;77.450310;47.347347
19746584;99.526146;95.671204;77.251205;47.070396
19748467;99.556198;95.579300;77.051331;46.792992
19750459;99.585274;95.486450;76.850700;46.515114
19752456;99.613365;95.392670;76.649300;46.236778
19754459;99.640472;95.297935;76.447159;45.957993
19756459;99.666595;95.202271;76.244255;45.678745
19758475;99.691734;95.105652;76.040596;45.399052
19760459;99.715889;95.008102;75.836197;45.118912
19762456;99.739059;94.909607;75.631035;44.838322
19764457;99.761253;94.810188;75.425133;44.557289
19766463;99.782455;94.709831;75.218506;44.275837
19768469;99.802673;94.608536;75.011116;43.993927
19770441;99.821907;94.506302;74.802986;43.711582
19772431;99.840149;94.403145;74.594124;43.428814
19774433;99.857422;94.299057;74.384514;43.145611
19776436;99.873695;94.194031;74.174179;42.861980
19778434;99.888985;94.088074;73.963112;42.577938
19780474;99.903290;93.981194;73.751312;42.293461
19782461;99.916611;93.873383;73.538788;42.008572
19784458;99.928947;93.764648;73.325539;41.723274
19786463;99.940292;93.654984;73.111557;41.437557
19788458;99.950653;93.544403;72.896866;41.151443
19790480;99.960030;93.432892;72.681442;40.864910
19792432;99.968422;93.320465;72.465324;40.577988
19794436;99.975815;93.207115;72.248474;40.290661
19796431;99.982239;93.092850;72.030914;40.002926
19798434;99.987663;92.977646;71.812630;39.714794
19800432;99.992104;92.861542;71.593651;39.426285
19802476;99.995560;92.744514;71.373962;39.137375
19804434;99.998024;92.626572;71.153572;38.848080
19806439;99.999504;92.507721;70.932480;38.558407
19808440;100.000000;92.387947;70.710686;38.268349
19810438;99.999504;92.267265;70.488182;37.977909
19812435;99.998024;92.145691;70.264999;37.687111
19814471;99.995560;92.023186;70.041115;37.395924
19816461;99.993958;91.961594;69.928917;37.250195
19818454;99.987663;91.775467;69.591278;36.812462
19820453;99.982239;91.650246;69.365341;36.520187
19822456;99.975815;91.524117;69.138702;36.227547
19824474;99.968422;91.397095;68.911392;35.934555
19826442;99.960030;91.269150;68.683395;35.641197
19828435;99.950661;91.140327;68.454720;35.347488
19830435;99.940292;91.010597;68.225372;35.053444
19832439;99.928947;90.879967;67.995346;34.759037
19834434;99.916611;90.748444;67.764648;34.464298
19836477;99.903290;90.616020;67.533287;34.169220
19838460;99.888985;90.482704;67.301247;33.873795
19840452;99.873695;90.348495;67.068550;33.578041
19842450;99.857422;90.213402;66.835205;33.281963
19844459;99.840157;90.077408;66.601196;32.985542
19846475;99.821907;89.940521;66.366516;32.688816
19848439;99.802673;89.802757;66.131195;32.391758
19850435;99.782455;89.664108;65.895210;32.094372
19852435;99.761253;89.524567;65.658585;31.796669
19854438;99.739059;89.384148;65.421310;31.498665
19856437;99.715889;89.242836;65.183380;31.200336
19858479;99.691734;89.100655;64.944809;30.901707
19860458;99.666595;88.957588;64.705605;30.602774
19862458;99.640472;88.813652;64.465752;30.303532
19864456;99.613365;88.668831;64.225266;30.003992
19866463;99.585274;88.523132;63.984154;29.704166
19868475;99.556198;88.376564;63.742401;29.404036
19870433;99.526146;88.229126;63.500023;29.103617
19872441;99.495102;88.080811;63.257015;28.802916
19874435;99.463081;87.931633;63.013397;28.501940
19876432;99.430077;87.781578;62.769146;28.200665
19878433;99.396095;87.630669;62.524277;27.899126
19880476;99.361130;87.478897;62.278782;27.597300
19882460;99.325188;87.326248;62.032677;27.295198
19884454;99.288261;87.172745;61.785965;26.992842
19886460;99.250359;87.018379;61.538643;26.690208
19888456;99.211472;86.863152;61.290710;26.387306
19890490;99.171608;86.707077;61.042179;26.084160
19892457;99.130768;86.550133;60.793030;25.780743
19894454;99.088943;86.392342;60.543293;25.477072
19896460;99.046150;86.233704;60.292961;25.173161
19898456;99.002365;86.074203;60.042023;24.868990
19900458;98.957619;85.913864;59.790504;24.564585
19902471;98.911888;85.752670;59.538399;24.259939
19904437;98.865173;85.590630;59.285694;23.955040
19906441;98.817497;85.427750;59.032398;23.649906
19908441;98.768837;85.264023;58.778538;23.344549
19910437;98.719200;85.099449;58.524078;23.038950
19912472;98.668602;84.934044;58.269054;22.733126
19914438;98.617020;84.767799;58.013458;22.427086
19916428;98.564461;84.600708;57.757275;22.120817
19918436;98.510933;84.432793;57.500530;21.814325
19920435;98.456436;84.264046;57.243221;21.507629
19922435;98.400970;84.094467;56.985336;21.200716
19924476;98.344521;83.924042;56.726898;20.893587
19926457;98.287109;83.752808;56.467896;20.586267
19928455;98.228729;83.580742;56.208347;20.278742
19930456;98.169380;83.407852;55.948238;19.971018
19932451;98.109055;83.234131;55.687569;19.663084
19934479;98.047768;83.059601;55.426361;19.354956
19936437;97.985512;82.884247;55.164604;19.046650
19938432;97.922287;82.708061;54.902290;18.738142
19940436;97.858093;82.531067;54.639442;18.429453
19942435;97.792938;82.353271;54.376060;18.120592
19944432;97.726814;82.174644;54.112137;17.811539
19946477;97.659729;81.995216;53.847672;17.502310
19948458;97.591682;81.814972;53.582687;17.192921
19950458;97.522667;81.633926;53.317165;16.883350
19952456;97.452690;81.452065;53.051113;16.573614
19954458;97.381760;81.269424;52.784573;16.263739
19956470;97.309860;81.085968;52.517479;15.953675
19958443;97.237000;80.901703;52.249866;15.643456
19960443;97.163185;80.716660;51.981747;15.333097
19962432;97.088402;80.530800;51.713108;15.022573
19964439;97.012665;80.344139;51.443958;14.711899
19966603;96.935974;80.156708;51.174313;14.401093
19968465;96.858322;79.968468;50.904156;14.090136
19970451;96.779716;79.779449;50.633492;13.779037
19972458;96.700157;79.589638;50.362331;13.467813
19974451;96.619637;79.399040;50.090672;13.156446
19976452;96.538170;79.207664;49.818512;12.844947
19978476;96.455750;79.015503;49.545876;12.533334
19980460;96.372375;78.822563;49.272739;12.221585
19982456;96.288048;78.628853;48.999126;11.909729
19984456;96.202774;78.434357;48.725025;11.597755
19986457;96.116547;78.239090;48.450439;11.285654
19988494;96.029373;78.043045;48.175385;10.973442
19990460;95.941254;77.846245;47.899849;10.661134
19992460;95.852188;77.648659;47.623833;10.348704
19994456;95.762169;77.450310;47.347347;10.036180
19996459;95.671211;77.251205;47.070408;9.723562
19998454;95.579308;77.051331;46.792992;9.410843
20000477;95.486458;76.850693;46.515114;9.098026
20002457;95.392670;76.649307;46.236782;8.785131
20004452;95.297935;76.447159;45.957989;8.472138
20006452;95.202271;76.244255;45.678745;8.159065
20008453;95.105659;76.040611;45.399071;7.845932
20010476;95.008110;75.836205;45.118923;7.532695
20012439;94.909622;75.631042;44.838333;7.219386
20014435;94.810196;75.425148;44.557308;6.906024
20016435;94.709839;75.218498;44.275837;6.592572
20018435;94.608536;75.011108;43.993927;6.279058
20020490;94.506317;74.802986;43.711590;5.965498
20022471;94.403152;74.594124;43.428814;5.651865
20024460;94.299057;74.384514;43.145607;5.338177
20026458;94.194038;74.174187;42.861984;5.024442
20028457;94.088081;73.963112;42.577942;4.710653
20030454;93.981201;73.751312;42.293465;4.396817
20032476;93.873390;73.538795;42.008579;4.082945
20034438;93.764648;73.325531;41.723274;3.769022
20036438;93.654999;73.111565;41.437565;3.455079
20038436;93.544411;72.896873;41.151451;3.141096
20040435;93.432907;72.681458;40.864925;2.827072
20042433;93.320465;72.465317;40.577984;2.513018
20044472;93.207123;72.248474;40.290661;2.198956
20046463;93.092850;72.030914;40.002926;1.884857
20048457;92.977646;71.812630;39.714794;1.570734
20050459;92.861542;71.593651;39.426285;1.256618
20052455;92.744514;71.373962;39.137375;0.942472
20054476;92.626579;71.153572;38.848080;0.628316
20056438;92.507729;70.932480;38.558407;0.314170
20058437;92.387955;70.710686;38.268349;0.000003
20060436;92.267273;70.488182;37.977909;-0.314158
20062434;92.145691;70.265015;37.687119;-0.628296
20064476;92.023193;70.041122;37.395935;-0.942451
20066435;91.961601;69.928917;37.250202;-1.099524
20068435;91.775475;69.591293;36.812473;-1.570714
20070437;91.650246;69.365334;36.520187;-1.884833
20072440;91.524117;69.138702;36.227539;-2.198935
20074439;91.397095;68.911392;35.934551;-2.512994
20076486;91.269157;68.683388;35.641197;-2.827048
20078466;91.140327;68.454712;35.347485;-3.141072
20080454;91.010597;68.225365;35.053440;-3.455052
20082451;90.879974;67.995338;34.759037;-3.769013
20084456;90.748444;67.764641;34.464287;-4.082933
20086482;90.616020;67.533279;34.169209;-4.396814
20088439;90.482712;67.301262;33.873806;-4.710629
20090439;90.348503;67.068558;33.578049;-5.024421
20092431;90.213394;66.835197;33.281956;-5.338165
20094434;90.077415;66.601196;32.985558;-5.651832
20096440;89.940529;66.366516;32.688820;-5.965466
20098476;89.802765;66.131195;32.391754;-6.279037
20100439;89.664108;65.895210;32.094372;-6.592551
20102434;89.524567;65.658585;31.796669;-6.906000
20104432;89.384140;65.421288;31.498646;-7.219380
20106438;89.242844;65.183388;31.200344;-7.532662
20108473;89.100662;64.944809;30.901712;-7.845893
20110440;88.957588;64.705605;30.602774;-8.159054
20112441;88.813644;64.465752;30.303530;-8.472127
20114434;88.668823;64.225258;30.003986;-8.785120
20116432;88.596085;64.104782;29.854118;-8.941573
20118479;88.376564;63.742405;29.404041;-9.410816
20120436;88.229126;63.500023;29.103624;-9.723544
20122433;88.080811;63.257015;28.802916;-10.036167
20124431;87.931625;63.013382;28.501923;-10.348699
20126432;87.781578;62.769127;28.200649;-10.661122
20128437;87.630661;62.524254;27.899096;-10.973445
20130452;87.478897;62.278793;27.597311;-11.285609
20132436;87.326256;62.032688;27.295212;-11.597711
20134433;87.172745;61.785973;26.992849;-11.909697
20136440;87.018379;61.538643;26.690207;-12.221569
20138438;86.863152;61.290707;26.387314;-12.533316
20140479;86.707069;61.042168;26.084152;-12.844941
20142434;86.550140;60.793041;25.780758;-13.156411
20144434;86.392349;60.543297;25.477087;-13.467783
20146438;86.233696;60.292961;25.173164;-13.779020
20148436;86.074203;60.042023;24.868988;-14.090117
20150435;85.913857;59.790497;24.564579;-14.401073
20152471;85.752663;59.538376;24.259922;-14.711893
20154457;85.590630;59.285690;23.955044;-15.022543
20156456;85.427750;59.032406;23.649914;-15.333065
20158454;85.264015;58.778526;23.344538;-15.643438
20160458;85.099449;58.524071;23.038942;-15.953657
20162469;84.934029;58.269035;22.733120;-16.263720
20164454;84.767799;58.013458;22.427092;-16.573593
20166435;84.600708;57.757271;22.120815;-16.883335
20168440;84.432793;57.500523;21.814325;-17.192904
20170437;84.264038;57.243210;21.507627;-17.502302
20172491;84.094452;56.985329;21.200708;-17.811531
20174473;83.924034;56.726883;20.893579;-18.120584
20176461;83.752808;56.467896;20.586267;-18.429432
20178454;83.580734;56.208336;20.278728;-18.738127
20180456;83.407845;55.948223;19.970995;-19.046635
20182455;83.234116;55.687546;19.663059;-19.354958
20184459;83.059601;55.426361;19.354959;-19.663054
20186435;82.884232;55.164593;19.046640;-19.970985
20188437;82.884232;55.164593;18.738163;-20.278698
20190441;82.531075;54.639454;18.429466;-20.586231
20192434;82.353271;54.376064;18.120592;-20.893570
20194474;82.174644;54.112137;17.811541;-21.200699
20196436;81.995216;53.847672;17.502312;-21.507614
20198435;81.814972;53.582680;17.192913;-21.814323
20200434;81.633934;53.317177;16.883364;-22.120789
20202434;81.452087;53.051140;16.573631;-22.427052
20204439;81.269424;52.784561;16.263733;-22.733107
20206472;81.085960;52.517467;15.953669;-23.038933
20208458;80.901703;52.249855;15.643451;-23.344532
20210459;80.716637;51.981735;15.333075;-23.649895
20212456;80.530800;51.713108;15.022582;-23.955011
20214455;80.344147;51.443958;14.711899;-24.259911
20216473;80.156700;51.174309;14.401081;-24.564569
20218438;79.968468;50.904148;14.090130;-24.868980
20220437;79.779449;50.633484;13.779029;-25.173155
20222435;79.589630;50.362312;13.467794;-25.477079
20224433;79.399048;50.090675;13.156450;-25.780720
20226441;79.207664;49.818516;12.844944;-26.084148
20228475;79.015503;49.545868;12.533325;-26.387304
20230458;78.822556;49.272732;12.221578;-26.690197
20232456;78.628838;48.999107;11.909712;-26.992836
20234455;78.434341;48.724998;11.597720;-27.295208
20236459;78.239082;48.450428;11.285645;-27.597279
20238479;78.043053;48.175388;10.973456;-27.899086
20240435;77.846237;47.899841;10.661134;-28.200638
20242434;77.648666;47.623837;10.348713;-28.501907
20244436;77.450310;47.347347;10.036182;-28.802904
20246434;77.251205;47.070400;9.723559;-29.103613
20248435;77.051338;46.793003;9.410858;-29.404005
20250472;76.850708;46.515125;9.098044;-29.704136
20252459;76.649315;46.236790;8.785141;-30.003971
20254454;76.447166;45.958000;8.472151;-30.303514
20256458;76.244263;45.678749;8.159068;-30.602753
20258457;76.040604;45.399052;7.845914;-30.901691
20260472;75.836205;45.118923;7.532701;-31.200310
20262466;75.631050;44.838337;7.219398;-31.498632
20264455;75.425148;44.557304;6.906014;-31.796652
20266460;75.321922;44.416630;6.749311;-32.094349
20268456;75.011108;43.993919;6.279051;-32.391739
20270455;74.802986;43.711578;5.965483;-32.688805
20272476;74.594131;43.428822;5.651874;-32.985523
20274462;74.384521;43.145615;5.338177;-33.281940
20276458;74.174179;42.861980;5.024439;-33.578033
20278455;73.963112;42.577927;4.710648;-33.873783
20280453;73.751305;42.293449;4.396805;-34.169216
20282476;73.538780;42.008564;4.082927;-34.464298
20284440;73.325546;41.723282;3.769028;-34.759022
20286442;73.111565;41.437565;3.455070;-35.053429
20288433;72.896866;41.151432;3.141072;-35.347485
20290434;72.681442;40.864899;2.827048;-35.641193
20292435;72.465324;40.577991;2.513024;-35.934528
20294470;72.248474;40.290649;2.198946;-36.227531
20296433;72.030922;40.002934;1.884872;-36.520153
20298436;71.812645;39.714806;1.570749;-36.812435
20300442;71.593658;39.426289;1.256624;-37.104355
20302437;71.373962;39.137371;0.942469;-37.395912
20304481;71.153572;38.848080;0.628319;-37.687092
20306439;70.932480;38.558411;0.314179;-37.977890
20308437;70.710686;38.268360;0.000021;-38.268318
20310437;70.488205;37.977928;-0.314134;-38.558380
20312439;70.265007;37.687115;-0.628302;-38.848061
20314440;70.041122;37.395927;-0.942454;-39.137352
20316474;69.928932;37.250214;-1.099509;-39.281845
20318441;69.591293;36.812477;-1.570705;-39.714764
20320436;69.365349;36.520195;-1.884821;-40.002899
20322434;69.138702;36.227551;-2.198920;-40.290627
20324441;68.911385;35.934551;-2.513000;-40.577961
20326438;68.683395;35.641193;-2.827048;-40.864899
20328478;68.454712;35.347485;-3.141072;-41.151432
20330458;68.225380;35.053452;-3.455046;-41.437538
20332456;67.995354;34.759048;-3.769004;-41.723259
20334450;67.764648;34.464298;-4.082927;-42.008564
20336458;67.533287;34.169216;-4.396805;-42.293449
20338470;67.301247;33.873783;-4.710648;-42.577927
20340438;67.068550;33.578033;-5.024439;-42.861980
20342437;66.835213;33.281963;-5.338153;-43.145592
20344439;66.601196;32.985546;-5.651844;-43.428795
20346435;66.366539;32.688831;-5.965453;-43.711548
20348438;66.131203;32.391762;-6.279027;-43.993896
20350474;65.895226;32.094379;-6.592542;-44.275810
20352458;65.658585;31.796677;-6.905991;-44.557278
20354460;65.421318;31.498680;-7.219350;-44.838291
20356458;65.183395;31.200352;-7.532653;-45.118885
20358458;64.944824;30.901718;-7.845891;-45.399029
20360476;64.705612;30.602779;-8.159044;-45.678722
20362437;64.465759;30.303537;-8.472117;-45.957973
20364437;64.225273;30.003998;-8.785110;-46.236767
20366438;63.984169;29.704184;-9.097994;-46.515087
20368438;63.742416;29.404053;-9.410808;-46.792961
20370436;63.500034;29.103630;-9.723532;-47.070374
20372476;63.257027;28.802925;-10.036159;-47.347328
20374459;63.013393;28.501928;-10.348690;-47.623817
20376463;62.769138;28.200663;-10.661110;-47.899830
20378457;62.524284;27.899132;-10.973414;-48.175350
20380456;62.278790;27.597301;-11.285621;-48.450417
20382470;62.032688;27.295208;-11.597720;-48.724998
20384437;61.785965;26.992836;-11.909712;-48.999107
20386435;61.538635;26.690197;-12.221578;-49.272732
20388436;61.290707;26.387304;-12.533325;-49.545868
20390437;61.042183;26.084164;-12.844926;-49.818497
20392470;60.793037;25.780746;-13.156425;-50.090652
20394441;60.543293;25.477079;-13.467794;-50.362312
20396441;60.292953;25.173155;-13.779029;-50.633484
20398438;60.042034;24.869003;-14.090106;-50.904125
20400433;59.790508;24.564589;-14.401063;-51.174282
20402439;59.538414;24.259958;-14.711854;-51.443916
20404473;59.285706;23.955055;-15.022528;-51.713074
20406463;59.032417;23.649925;-15.333054;-51.981712
20408460;58.778542;23.344555;-15.643424;-52.249836
20410457;58.524086;23.038956;-15.953645;-52.517448
20412454;58.269054;22.733131;-16.263708;-52.784538
20414472;58.013470;22.427105;-16.573584;-53.051090
20416434;57.885437;22.273981;-16.728481;-53.184189
20418436;57.500542;21.814341;-17.192888;-53.582657
20420439;57.243221;21.507639;-17.502293;-53.847652
20422431;56.985344;21.200720;-17.811516;-54.112114
20424439;56.726898;20.893589;-18.120565;-54.376041
20426480;56.467915;20.586285;-18.429419;-54.639404
20428459;56.208355;20.278749;-18.738115;-54.902267
20430458;55.948238;19.971016;-19.046616;-55.164570
20432452;55.687569;19.663080;-19.354939;-55.426334
20434455;55.426353;19.354958;-19.663059;-55.687546
20436478;55.164589;19.046635;-19.970995;-55.948223
20438439;54.902298;18.738152;-20.278704;-56.208313
20440436;54.639446;18.429459;-20.586246;-56.467880
20442440;54.376053;18.120584;-20.893579;-56.726883
20444434;54.112125;17.811531;-21.200708;-56.985329
20446437;53.847664;17.502302;-21.507627;-57.243210
20448471;53.582676;17.192904;-21.814325;-57.500523
20450457;53.317173;16.883356;-22.120792;-57.757252
20452454;53.051144;16.573643;-22.427044;-58.013409
20454450;52.784573;16.263744;-22.733089;-58.269016
20456457;52.517479;15.953681;-23.038923;-58.524059
20458474;52.249874;15.643465;-23.344513;-58.778507
20460436;51.981766;15.333113;-23.649860;-59.032356
20462438;51.713127;15.022593;-23.954996;-59.285652
20464433;51.443977;14.711916;-24.259892;-59.538357
20466437;51.174320;14.401102;-24.564548;-59.790474
20468440;50.904156;14.090138;-24.868971;-60.042007
20470467;50.633492;13.779041;-25.173140;-60.292934
20472457;50.362350;13.467834;-25.477034;-60.543259
20474459;50.090683;13.156462;-25.780710;-60.793007
20476460;49.818527;12.844962;-26.084126;-61.042149
20478455;49.545879;12.533340;-26.387287;-61.290688
20480476;49.272743;12.221586;-26.690191;-61.538624
20482440;48.999119;11.909720;-26.992821;-61.785954
20484438;48.725033;11.597758;-27.295170;-62.032646
20486440;48.450447;11.285657;-27.597269;-62.278759
20488435;48.175381;10.973445;-27.899096;-62.524254
20490490;47.899837;10.661122;-28.200649;-62.769127
20492478;47.623821;10.348699;-28.501923;-63.013382
20494462;47.347336;10.036167;-28.802916;-63.257015
20496457;47.070408;9.723565;-29.103598;-63.500004
20498457;46.792992;9.410840;-29.404020;-63.742386
20500462;46.515114;9.098026;-29.704151;-63.984138
20502476;46.236778;8.785120;-30.003986;-64.225258
20504435;45.957981;8.472127;-30.303530;-64.465752
20506436;45.678757;8.159074;-30.602747;-64.705582
20508438;45.399082;7.845944;-30.901661;-64.944778
20510436;45.118935;7.532710;-31.200302;-65.183350
20512436;44.838341;7.219398;-31.498632;-65.421280
20514477;44.557308;6.906021;-31.796642;-65.658554
20516466;44.275837;6.592572;-32.094345;-65.895195
20518459;43.993927;6.279060;-32.391731;-66.131172
20520452;43.711601;5.965510;-32.688774;-66.366493
20522457;43.428825;5.651879;-32.985516;-66.601166
20524468;43.145622;5.338186;-33.281940;-66.835190
20526440;42.861992;5.024448;-33.578022;-67.068542
20528435;42.577938;4.710653;-33.873783;-67.301239
20530436;42.293461;4.396814;-34.169209;-67.533279
20532434;42.008595;4.082960;-34.464268;-67.764626
20534437;41.723286;3.769034;-34.759018;-67.995323
20536480;41.437569;3.455076;-35.053421;-68.225357
20538461;41.151443;3.141084;-35.347481;-68.454704
20540456;40.864910;2.827060;-35.641186;-68.683388
20542453;40.577976;2.513006;-35.934536;-68.911377
20544454;40.290661;2.198952;-36.227520;-69.138680
20546473;40.002926;1.884854;-36.520164;-69.365318
20548438;39.714794;1.570740;-36.812447;-69.591270
20550444;39.426277;1.256606;-37.104370;-69.816536
20552437;39.137363;0.942460;-37.395924;-70.041122
20554442;38.848068;0.628307;-37.687107;-70.264999
20556599;38.558411;0.314173;-37.977894;-70.488174
20558460;38.268349;0.000003;-38.268337;-70.710670
20560457;37.977936;-0.314134;-38.558376;-70.932457
20562457;37.687119;-0.628296;-38.848057;-71.153549
20564456;37.395935;-0.942451;-39.137356;-71.373947
20566459;37.250214;-1.099512;-39.281841;-71.483871
20568474;36.812485;-1.570702;-39.714760;-71.812607
20570461;36.520203;-1.884821;-40.002888;-72.030891
20572460;36.227558;-2.198917;-40.290623;-72.248444
20574453;35.934555;-2.512994;-40.577961;-72.465302
20576459;35.641201;-2.827045;-40.864895;-72.681442
20578469;35.347488;-3.141069;-41.151432;-72.896858
20580440;35.053455;-3.455037;-41.437531;-73.111542
20582431;34.759052;-3.768998;-41.723251;-73.325523
20584436;34.464306;-4.082921;-42.008560;-73.538773
20586441;34.169220;-4.396802;-42.293449;-73.751305
20588440;33.873795;-4.710641;-42.577927;-73.963104
20590471;33.578037;-5.024433;-42.861973;-74.174171
20592457;33.281975;-5.338147;-43.145584;-74.384499
20594456;32.985558;-5.651837;-43.428791;-74.594101
20596456;32.688812;-5.965474;-43.711567;-74.802971
20598455;32.391747;-6.279048;-43.993919;-75.011108
20600509;32.094360;-6.592563;-44.275822;-75.218491
20602474;31.796658;-6.906009;-44.557301;-75.425133
20604455;31.498665;-7.219368;-44.838310;-75.631035
20606457;31.200336;-7.532674;-45.118904;-75.836182
20608455;30.901703;-7.845905;-45.399048;-76.040596
20610455;30.602762;-8.159065;-45.678745;-76.244255
20612473;30.303522;-8.472138;-45.957989;-76.447159
20614461;30.004025;-8.785087;-46.236748;-76.649277
20616459;29.704189;-9.097987;-46.515083;-76.850670
20618454;29.404058;-9.410808;-46.792953;-77.051308
20620456;29.103638;-9.723529;-47.070374;-77.251183
20622469;28.802931;-10.036156;-47.347324;-77.450294
20624437;28.501940;-10.348683;-47.623806;-77.648636
20626439;28.200689;-10.661083;-47.899803;-77.846207
20628444;27.899137;-10.973406;-48.175343;-78.043022
20630437;27.597309;-11.285618;-48.450409;-78.239067
20632441;27.295212;-11.597720;-48.724998;-78.434334
20634472;26.992840;-11.909707;-48.999107;-78.628838
20636460;26.690207;-12.221572;-49.272728;-78.822556
20638459;26.387331;-12.533298;-49.545849;-79.015488
20640454;26.084169;-12.844925;-49.818493;-79.207649
20642453;25.780756;-13.156420;-50.090645;-79.399025
20644475;25.477085;-13.467787;-50.362309;-79.589630
20646436;25.173161;-13.779023;-50.633476;-79.779442
20648438;24.868990;-14.090122;-50.904137;-79.968468
20650435;24.564596;-14.401060;-51.174282;-80.156693
20652429;24.259939;-14.711875;-51.443939;-80.344131
20654438;23.955040;-15.022551;-51.713093;-80.530785
20656476;23.649906;-15.333073;-51.981735;-80.716637
20658459;23.344538;-15.643446;-52.249863;-80.901703
20660456;23.038939;-15.953666;-52.517475;-81.085968
20662458;22.733135;-16.263700;-52.784538;-81.269402
20664457;22.427086;-16.573605;-53.051113;-81.452065
20666481;22.120813;-16.883341;-53.317158;-81.633926
20668436;21.814348;-17.192888;-53.582661;-81.814957
20670439;21.507641;-17.502291;-53.847660;-81.995201
20672444;21.200726;-17.811514;-54.112114;-82.174637
20674440;20.893621;-18.120544;-54.376019;-82.353241
20676474;20.586288;-18.429419;-54.639412;-82.531052
20678437;20.278751;-18.738110;-54.902260;-82.708046
20680438;19.971016;-19.046616;-55.164574;-82.884224
20682441;19.663082;-19.354937;-55.426342;-83.059586
20684436;19.354956;-19.663063;-55.687557;-83.234123
20686440;19.046659;-19.970972;-55.948204;-83.407822
20688474;18.738153;-20.278708;-56.208317;-83.580727
20690460;18.429462;-20.586243;-56.467880;-83.752792
20692453;18.120588;-20.893579;-56.726883;-83.924042
20694453;17.811537;-21.200703;-56.985329;-84.094452
20696458;17.502310;-21.507622;-57.243217;-84.264038
20698474;17.192932;-21.814304;-57.500511;-84.432777
20700439;16.883362;-22.120792;-57.757259;-84.600700
20702439;16.573624;-22.427063;-58.013432;-84.767784
20704435;16.263723;-22.733116;-58.269035;-84.934029
20706437;15.953663;-23.038940;-58.524071;-85.099449
20708433;15.643445;-23.344540;-58.778530;-85.264015
20710473;15.333096;-23.649883;-59.032379;-85.427734
20712454;15.022570;-23.955019;-59.285675;-85.590622
20714455;14.711897;-24.259918;-59.538376;-85.752663
20716460;14.556519;-24.412268;-59.664505;-85.833366
20718460;14.090120;-24.868992;-60.042023;-86.074203
20720472;13.779022;-25.173164;-60.292965;-86.233704
20722455;13.467834;-25.477039;-60.543262;-86.392319
20724456;13.156466;-25.780708;-60.793007;-86.550117
20726461;12.844968;-26.084126;-61.042149;-86.707054
20728457;12.533342;-26.387287;-61.290688;-86.863136
20730473;12.221595;-26.690186;-61.538624;-87.018364
20732444;11.909726;-26.992821;-61.785950;-87.172737
20734434;11.597764;-27.295166;-62.032654;-87.326225
20736435;11.285663;-27.597263;-62.278759;-87.478874
20738433;10.973451;-27.899092;-62.524246;-87.630653
20740436;10.661130;-28.200644;-62.769127;-87.781570
20742476;10.348703;-28.501919;-63.013382;-87.931625
20744458;10.036177;-28.802908;-63.257008;-88.080803
20746460;9.723573;-29.103596;-63.500000;-88.229111
20748458;9.410850;-29.404015;-63.742382;-88.376549
20750452;9.098034;-29.704147;-63.984138;-88.523117
20752473;8.785129;-30.003983;-64.225258;-88.668823
20754439;8.472136;-30.303522;-64.465752;-88.813644
20756434;8.159060;-30.602764;-64.705597;-88.957588
20758435;7.845928;-30.901682;-64.944786;-89.100639
20760436;7.532693;-31.200317;-65.183357;-89.242828
20762474;7.219385;-31.498644;-65.421288;-89.384132
20764436;6.906006;-31.796661;-65.658577;-89.524559
20766435;6.592558;-32.094364;-65.895203;-89.664101
20768441;6.279069;-32.391727;-66.131172;-89.802750
20770436;5.965495;-32.688789;-66.366501;-89.940521
20772434;5.651861;-32.985531;-66.601181;-90.077393
20774463;5.338172;-33.281952;-66.835197;-90.213394
20776443;5.024454;-33.578022;-67.068542;-90.348488
20778437;4.710662;-33.873775;-67.301239;-90.482697
20780438;4.396848;-34.169178;-67.533249;-90.615997
20782436;4.082967;-34.464264;-67.764626;-90.748428
20784601;3.769045;-34.759010;-67.995323;-90.879951
20786460;3.455086;-35.053410;-68.225342;-91.010582
20788456;3.141093;-35.347469;-68.454697;-91.140312
20790458;2.827068;-35.641174;-68.683372;-91.269150
20792454;2.513040;-35.934509;-68.911354;-91.397072
20794455;2.198963;-36.227512;-69.138680;-91.524109
20796474;1.884865;-36.520157;-69.365318;-91.650238
20798437;1.570747;-36.812439;-69.591263;-91.775452
20800435;1.256615;-37.104359;-69.816528;-91.899773
20802433;0.942470;-37.395916;-70.041107;-92.023178
20804434;0.628339;-37.687077;-70.264977;-92.145668
20806599;0.314179;-37.977890;-70.488167;-92.267265
20808457;0.000015;-38.268326;-70.710663;-92.387947
20810458;-0.314149;-38.558388;-70.932457;-92.507706
20812455;-0.628309;-38.848068;-71.153564;-92.626572
20814457;-0.942463;-39.137367;-71.373955;-92.744514
20816457;-1.099525;-39.281860;-71.483887;-92.803139
20818470;-1.570717;-39.714775;-71.812614;-92.977646
20820440;-1.884835;-40.002903;-72.030899;-93.092834
20822439;-2.198933;-40.290638;-72.248459;-93.207100
20824441;-2.513010;-40.577976;-72.465309;-93.320457
20826442;-2.827062;-40.864910;-72.681442;-93.432892
20828475;-3.141062;-41.151421;-72.896858;-93.544403
20830441;-3.455031;-41.437523;-73.111534;-93.654976
20832439;-3.768990;-41.723244;-73.325516;-93.764641
20834442;-4.082912;-42.008553;-73.538765;-93.873375
20836433;-4.396794;-42.293446;-73.751297;-93.981186
20838438;-4.710632;-42.577915;-73.963097;-94.088074
20840475;-5.024400;-42.861950;-74.174156;-94.194016
20842458;-5.338142;-43.145580;-74.384491;-94.299042
20844455;-5.651831;-43.428783;-74.594101;-94.403137
20846458;-5.965465;-43.711559;-74.802963;-94.506294
20848453;-6.279039;-43.993904;-75.011101;-94.608528
20850473;-6.592552;-44.275818;-75.218491;-94.709824
20852438;-6.905976;-44.557266;-75.425125;-94.810181
20854436;-7.219356;-44.838303;-75.631020;-94.909599
20856434;-7.532664;-45.118896;-75.836182;-95.008095
20858443;-7.845898;-45.399040;-76.040588;-95.105652
20860436;-8.159054;-45.678734;-76.244247;-95.202263
20862477;-8.472131;-45.957985;-76.447151;-95.297935
20864462;-8.785099;-46.236755;-76.649284;-95.392654
20866462;-8.941574;-46.375992;-76.750084;-95.486443
20868457;-9.410820;-46.792969;-77.051315;-95.579300
20870459;-9.723543;-47.070389;-77.251198;-95.671204
20872475;-10.036171;-47.347336;-77.450302;-95.762161
20874443;-10.348699;-47.623825;-77.648651;-95.852180
20876438;-10.661099;-47.899818;-77.846214;-95.941238
20878438;-10.973421;-48.175358;-78.043030;-96.029358
20880438;-11.285633;-48.450424;-78.239075;-96.116547
20882477;-11.597733;-48.725014;-78.434349;-96.202766
20884438;-11.909697;-48.999100;-78.628830;-96.288040
20886436;-12.221565;-49.272720;-78.822556;-96.372368
20888440;-12.533291;-49.545841;-79.015480;-96.455734
20890441;-12.844914;-49.818485;-79.207649;-96.538147
20892443;-13.156412;-50.090641;-79.399025;-96.619621
20894460;-13.467780;-50.362301;-79.589622;-96.700134
20896440;-13.779016;-50.633465;-79.779442;-96.779709
20898436;-14.090115;-50.904129;-79.968460;-96.858307
20900434;-14.401050;-51.174271;-80.156677;-96.935959
20902442;-14.711868;-51.443935;-80.344131;-97.012650
20904488;-15.022542;-51.713085;-80.530777;-97.088394
20906464;-15.333065;-51.981724;-80.716637;-97.163170
20908451;-15.643438;-52.249847;-80.901695;-97.236992
20910451;-15.953633;-52.517437;-81.085945;-97.309845
20912457;-16.263695;-52.784531;-81.269402;-97.381744
20914454;-16.573595;-53.051102;-81.452057;-97.452682
20916462;-16.883331;-53.317154;-81.633911;-97.522659
20918443;-17.192902;-53.582676;-81.814972;-97.591682
20920438;-17.502304;-53.847664;-81.995216;-97.659721
20922440;-17.811506;-54.112106;-82.174622;-97.726807
20924436;-18.120560;-54.376038;-82.353249;-97.792938
20926436;-18.429432;-54.639423;-82.531059;-97.858086
20928477;-18.738123;-54.902275;-82.708054;-97.922279
20930460;-19.046631;-55.164581;-82.884232;-97.985504
20932460;-19.354950;-55.426346;-83.059601;-98.047760
20934459;-19.663054;-55.687546;-83.234116;-98.109047
20936460;-19.970985;-55.948215;-83.407845;-98.169373
20938474;-20.278700;-56.208313;-83.580719;-98.228714
20940456;-20.586235;-56.467880;-83.752785;-98.287109
20942459;-20.893570;-56.726879;-83.924034;-98.344513
20944454;-21.200695;-56.985317;-84.094452;-98.400963
20946464;-21.507589;-57.243179;-84.264023;-98.456421
20948467;-21.814295;-57.500500;-84.432777;-98.510925
20950473;-22.120785;-57.757252;-84.600700;-98.564461
20952458;-22.427057;-58.013428;-84.767784;-98.617004
20954453;-22.733107;-58.269035;-84.934036;-98.668594
20956458;-23.038933;-58.524067;-85.099449;-98.719200
20958457;-23.344507;-58.778500;-85.264000;-98.768829
20960456;-23.649876;-59.032375;-85.427734;-98.817490
20962437;-23.955011;-59.285664;-85.590622;-98.865173
20964434;-24.259909;-59.538376;-85.752655;-98.911880
20966438;-24.564569;-59.790493;-85.913849;-98.957603
20968439;-24.868984;-60.042023;-86.074203;-99.002365
20970473;-25.173134;-60.292934;-86.233688;-99.046143
20972438;-25.477055;-60.543274;-86.392334;-99.088936
20974437;-25.780725;-60.793018;-86.550125;-99.130760
20976435;-26.084143;-61.042168;-86.707069;-99.171600
20978441;-26.387300;-61.290707;-86.863152;-99.211464
20980436;-26.690201;-61.538635;-87.018379;-99.250359
20982478;-26.992813;-61.785950;-87.172737;-99.288254
20984461;-27.295181;-62.032665;-87.326241;-99.325188
20986462;-27.597281;-62.278770;-87.478889;-99.361130
20988455;-27.899107;-62.524258;-87.630669;-99.396095
20990457;-28.200659;-62.769138;-87.781586;-99.430084
20992474;-28.501909;-63.013374;-87.931618;-99.463074
20994440;-28.802877;-63.256992;-88.080803;-99.495102
20996439;-29.103586;-63.500000;-88.229111;-99.526138
20998440;-29.404009;-63.742382;-88.376556;-99.556198
21000432;-29.704138;-63.984131;-88.523117;-99.585266
21002435;-30.003973;-64.225258;-88.668816;-99.613365
21004476;-30.303516;-64.465736;-88.813637;-99.640472
21006456;-30.602736;-64.705574;-88.957573;-99.666580
21008449;-30.901674;-64.944778;-89.100639;-99.691727
21010456;-31.200310;-65.183350;-89.242828;-99.715889
21012457;-31.498638;-65.421280;-89.384140;-99.739059
21014477;-31.796652;-65.658562;-89.524559;-99.761238
21016438;-31.945532;-65.776955;-89.594437;-99.771973
21018431;-32.391720;-66.131165;-89.802742;-99.802673
21020436;-32.688786;-66.366501;-89.940521;-99.821899
21022437;-32.985527;-66.601166;-90.077393;-99.840149
21024437;-33.281944;-66.835190;-90.213387;-99.857414
21026471;-33.578033;-67.068550;-90.348495;-99.873695
21028462;-33.873791;-67.301247;-90.482704;-99.888985
21030453;-34.169189;-67.533264;-90.616013;-99.903290
21032458;-34.464279;-67.764626;-90.748436;-99.916611
21034456;-34.759026;-67.995331;-90.879967;-99.928947
21036471;-35.053425;-68.225357;-91.010597;-99.940285
21038437;-35.347485;-68.454712;-91.140327;-99.950661
21040434;-35.641193;-68.683388;-91.269157;-99.960030
21042436;-35.934525;-68.911377;-91.397079;-99.968422
21044434;-36.227528;-69.138687;-91.524109;-99.975815
21046473;-36.520149;-69.365311;-91.650238;-99.982231
21048440;-36.812435;-69.591263;-91.775452;-99.987671
21050438;-37.104355;-69.816528;-91.899780;-99.992104
21052429;-37.395885;-70.041084;-92.023170;-99.995552
21054437;-37.687073;-70.264969;-92.145668;-99.998024
21056442;-37.977882;-70.488167;-92.267265;-99.999504
21058475;-38.268322;-70.710663;-92.387939;-100.000000
21060461;-38.558380;-70.932457;-92.507713;-99.999504
21062454;-38.848064;-71.153557;-92.626572;-99.998024
21064455;-39.137337;-71.373932;-92.744499;-99.995552
21066464;-39.281853;-71.483871;-92.803131;-99.993950
21068471;-39.714767;-71.812614;-92.977646;-99.987663
21070443;-40.002899;-72.030891;-93.092827;-99.982231
21072431;-40.290634;-72.248459;-93.207108;-99.975822
21074430;-40.577969;-72.465309;-93.320465;-99.968422
21076436;-40.864883;-72.681427;-93.432884;-99.960037
21078434;-41.151417;-72.896851;-93.544395;-99.950653
21080469;-41.437542;-73.111549;-93.654984;-99.940300
21082463;-41.723259;-73.325523;-93.764641;-99.928940
21084468;-42.008568;-73.538780;-93.873375;-99.916611
21086460;-42.293461;-73.751305;-93.981194;-99.903297
21088455;-42.577911;-73.963097;-94.088066;-99.888977
21090473;-42.861965;-74.174164;-94.194016;-99.873688
21092441;-43.145596;-74.384506;-94.299049;-99.857414
21094437;-43.428799;-74.594101;-94.403145;-99.840149
21096433;-43.711575;-74.802979;-94.506302;-99.821907
21098437;-43.993919;-75.011108;-94.608536;-99.802666
21100434;-44.275787;-75.218460;-94.709816;-99.782448
21102482;-44.557262;-75.425110;-94.810173;-99.761253
21104460;-44.838295;-75.631012;-94.909599;-99.739059
21106461;-45.118885;-75.836166;-95.008087;-99.715889
21108453;-45.399033;-76.040581;-95.105644;-99.691727
21110456;-45.678730;-76.244232;-95.202255;-99.666588
21112469;-45.957954;-76.447128;-95.297920;-99.640465
21114436;-46.236752;-76.649277;-95.392654;-99.613358
21116442;-46.515087;-76.850677;-95.486435;-99.585266
21118441;-46.792965;-77.051308;-95.579300;-99.556198
21120435;-47.070381;-77.251183;-95.671204;-99.526138
21122434;-47.347332;-77.450302;-95.762161;-99.495094
21124479;-47.623795;-77.648628;-95.852158;-99.463074
21126460;-47.899811;-77.846214;-95.941231;-99.430069
21128453;-48.175350;-78.043022;-96.029358;-99.396095
21130457;-48.450413;-78.239067;-96.116531;-99.361130
21132456;-48.725002;-78.434334;-96.202759;-99.325180
21134479;-48.999111;-78.628838;-96.288040;-99.288261
21136440;-49.272713;-78.822540;-96.372353;-99.250351
21138438;-49.545849;-79.015488;-96.455734;-99.211464
21140432;-49.818497;-79.207649;-96.538162;-99.171600
21142438;-50.090652;-79.399033;-96.619621;-99.130760
21144487;-50.362312;-79.589630;-96.700142;-99.088936
21146478;-50.633476;-79.779434;-96.779701;-99.046135
21148460;-50.904125;-79.968452;-96.858307;-99.002365
21150452;-51.174290;-80.156693;-96.935951;-98.957611
21152456;-51.443947;-80.344131;-97.012650;-98.911873
21154457;-51.713074;-80.530762;-97.088379;-98.865173
21156479;-51.981712;-80.716621;-97.163162;-98.817482
21158434;-52.249836;-80.901680;-97.236977;-98.768829
21160434;-52.517433;-81.085930;-97.309837;-98.719200
21162437;-52.784519;-81.269394;-97.381737;-98.668602
21164441;-53.051098;-81.452057;-97.452675;-98.617020
21166489;-53.184174;-81.543076;-97.522652;-98.564461
21168472;-53.582661;-81.814957;-97.591667;-98.510925
21170456;-53.847660;-81.995201;-97.659721;-98.456429
21172457;-54.112095;-82.174614;-97.726807;-98.400970
21174454;-54.376022;-82.353233;-97.792923;-98.344513
21176458;-54.639416;-82.531044;-97.858086;-98.287109
21178470;-54.902267;-82.708046;-97.922279;-98.228729
21180441;-55.164574;-82.884232;-97.985497;-98.169373
21182436;-55.426342;-83.059586;-98.047760;-98.109047
21184441;-55.687542;-83.234108;-98.109039;-98.047760
21186433;-55.948212;-83.407829;-98.169365;-97.985504
21188435;-56.078346;-83.494392;-98.199165;-97.954010
21190475;-56.467884;-83.752792;-98.287102;-97.858086
21192464;-56.726891;-83.924042;-98.344513;-97.792931
21194462;-56.985329;-84.094452;-98.400955;-97.726807
21196454;-57.243191;-84.264030;-98.456429;-97.659729
21198456;-57.500511;-84.432777;-98.510933;-97.591675
21200479;-57.757259;-84.600700;-98.564453;-97.522659
21202439;-58.013439;-84.767784;-98.617004;-97.452682
21204444;-58.269047;-84.934044;-98.668594;-97.381744
21206436;-58.524078;-85.099449;-98.719200;-97.309845
21208435;-58.778496;-85.263992;-98.768822;-97.236992
21210600;-59.032368;-85.427727;-98.817482;-97.163185
21212465;-59.285660;-85.590614;-98.865166;-97.088394
21214460;-59.538364;-85.752655;-98.911873;-97.012665
21216458;-59.790482;-85.913841;-98.957603;-96.935966
21218458;-60.041992;-86.074188;-99.002365;-96.858322
21220457;-60.292923;-86.233673;-99.046135;-96.779709
21222475;-60.543270;-86.392326;-99.088943;-96.700157
21224435;-60.793011;-86.550125;-99.130760;-96.619644
21226431;-61.042152;-86.707054;-99.171600;-96.538162
21228433;-61.290695;-86.863152;-99.211464;-96.455750
21230437;-61.538612;-87.018356;-99.250351;-96.372375
21232484;-61.785934;-87.172722;-99.288246;-96.288048
21234474;-62.032658;-87.326225;-99.325188;-96.202782
21236457;-62.278767;-87.478874;-99.361130;-96.116547
21238457;-62.524254;-87.630653;-99.396095;-96.029373
21240453;-62.769127;-87.781570;-99.430069;-95.941246
21242454;-63.013363;-87.931618;-99.463066;-95.852188
21244477;-63.256996;-88.080803;-99.495102;-95.762169
21246444;-63.500004;-88.229111;-99.526131;-95.671211
21248438;-63.742386;-88.376549;-99.556198;-95.579300
21250439;-63.984142;-88.523125;-99.585274;-95.486458
21252440;-64.225266;-88.668823;-99.613358;-95.392670
21254511;-64.465729;-88.813637;-99.640465;-95.297943
21256463;-64.705582;-88.957581;-99.666588;-95.202271
21258456;-64.944801;-89.100647;-99.691734;-95.105659
21260457;-65.183365;-89.242836;-99.715889;-95.008102
21262457;-65.421280;-89.384125;-99.739059;-94.909622
21264450;-65.658554;-89.524551;-99.761246;-94.810196
21266460;-65.895172;-89.664085;-99.782448;-94.709846
21268437;-66.131157;-89.802742;-99.802673;-94.608543
21270433;-66.366493;-89.940514;-99.821907;-94.506325
21272436;-66.601166;-90.077393;-99.840149;-94.403160
21274435;-66.835190;-90.213379;-99.857414;-94.299065
21276596;-67.068550;-90.348488;-99.873695;-94.194038
21278471;-67.301224;-90.482689;-99.888985;-94.088089
21280456;-67.533264;-90.616005;-99.903290;-93.981201
21282456;-67.764626;-90.748428;-99.916611;-93.873390
21284456;-67.995323;-90.879959;-99.928955;-93.764656
21286461;-68.225349;-91.010590;-99.940285;-93.654991
21288479;-68.454704;-91.140320;-99.950653;-93.544403
21290436;-68.683365;-91.269150;-99.960030;-93.432907
21292433;-68.911362;-91.397079;-99.968414;-93.320473
21294438;-69.138680;-91.524109;-99.975822;-93.207123
21296439;-69.365326;-91.650238;-99.982239;-93.092842
21298434;-69.591270;-91.775459;-99.987663;-92.977654
21300474;-69.816536;-91.899773;-99.992104;-92.861542
21302459;-70.041100;-92.023170;-99.995552;-92.744514
21304457;-70.264984;-92.145676;-99.998024;-92.626587
21306462;-70.488174;-92.267265;-99.999496;-92.507713
21308454;-70.710670;-92.387947;-99.999992;-92.387947
21310474;-70.932472;-92.507721;-99.999512;-92.267273
21312439;-71.153572;-92.626572;-99.998024;-92.145683
21314441;-71.373947;-92.744499;-99.995552;-92.023186
21316437;-71.483871;-92.803131;-99.993950;-91.961601
21318437;-71.812607;-92.977631;-99.987663;-91.775467
21320437;-72.030884;-93.092827;-99.982239;-91.650253
21322470;-72.248444;-93.207100;-99.975815;-91.524117
21324458;-72.465302;-93.320450;-99.968422;-91.397095
21326460;-72.681419;-93.432877;-99.960030;-91.269173
21328455;-72.896843;-93.544395;-99.950661;-91.140327
21330454;-73.111549;-93.654976;-99.940300;-91.010605
21332476;-73.325523;-93.764648;-99.928955;-90.879974
21334438;-73.538780;-93.873383;-99.916618;-90.748451
21336433;-73.751305;-93.981186;-99.903297;-90.616020
21338434;-73.963097;-94.088066;-99.888992;-90.482712
21340437;-74.174164;-94.194023;-99.873695;-90.348503
21342627;-74.384499;-94.299042;-99.857422;-90.213409
21344460;-74.594101;-94.403137;-99.840149;-90.077415
21346463;-74.802979;-94.506310;-99.821915;-89.940536
21348454;-75.011101;-94.608536;-99.802673;-89.802757
21350455;-75.218483;-94.709816;-99.782455;-89.664116
21352453;-75.425125;-94.810173;-99.761246;-89.524582
21354459;-75.631035;-94.909615;-99.739067;-89.384148
21356441;-75.836189;-95.008102;-99.715897;-89.242844
21358438;-76.040581;-95.105637;-99.691734;-89.100662
21360435;-76.244255;-95.202263;-99.666588;-88.957581
21362432;-76.447144;-95.297920;-99.640465;-88.813652
21364493;-76.649307;-95.392662;-99.613358;-88.668823
21366456;-76.850685;-95.486458;-99.585274;-88.523140
21368453;-77.051308;-95.579292;-99.556198;-88.376579
21370449;-77.251175;-95.671196;-99.526146;-88.229141
21372455;-77.450302;-95.762161;-99.495110;-88.080826
21374457;-77.648628;-95.852165;-99.463081;-87.931648
21376477;-77.846230;-95.941254;-99.430084;-87.781593
21378464;-78.043022;-96.029358;-99.396095;-87.630684
21380455;-78.239052;-96.116531;-99.361130;-87.478912
21382458;-78.434334;-96.202759;-99.325180;-87.326256
21384458;-78.628822;-96.288025;-99.288261;-87.172760
21386475;-78.822556;-96.372368;-99.250351;-87.018379
21388444;-79.015488;-96.455734;-99.211479;-86.863159
21390433;-79.207634;-96.538147;-99.171616;-86.707092
21392435;-79.399033;-96.619629;-99.130760;-86.550140
21394433;-79.589615;-96.700134;-99.088943;-86.392357
21396600;-79.779442;-96.779701;-99.046150;-86.233696
21398463;-79.968452;-96.858307;-99.002373;-86.074211
21400456;-80.156693;-96.935966;-98.957611;-85.913864
21402456;-80.344131;-97.012650;-98.911873;-85.752663
21404458;-80.530762;-97.088387;-98.865173;-85.590645
21406461;-80.716637;-97.163162;-98.817490;-85.427734
21408462;-80.901680;-97.236984;-98.768845;-85.264030
21410435;-81.085953;-97.309837;-98.719193;-85.099449
21412438;-81.269409;-97.381744;-98.668602;-84.934044
21414434;-81.452049;-97.452675;-98.617020;-84.767807
21416435;-81.633919;-97.522652;-98.564461;-84.600708
21418489;-81.814957;-97.591660;-98.510933;-84.432808
21420468;-81.995216;-97.659721;-98.456429;-84.264038
21422459;-82.174629;-97.726807;-98.400963;-84.094467
21424457;-82.353264;-97.792938;-98.344513;-83.924034
21426460;-82.531059;-97.858086;-98.287109;-83.752800
21428457;-82.708046;-97.922279;-98.228729;-83.580750
21430473;-82.884232;-97.985504;-98.169365;-83.407845
21432443;-83.059578;-98.047752;-98.109047;-83.234131
21434434;-83.234131;-98.109047;-98.047760;-83.059578
21436436;-83.407837;-98.169365;-97.985504;-82.884232
21438437;-83.580719;-98.228714;-97.922279;-82.708069
21440607;-83.752808;-98.287109;-97.858086;-82.531059
21442462;-83.924034;-98.344513;-97.792931;-82.353264
21444459;-84.094467;-98.400963;-97.726807;-82.174629
21446458;-84.264030;-98.456421;-97.659721;-81.995216
21448453;-84.432808;-98.510933;-97.591667;-81.814957
21450457;-84.600685;-98.564445;-97.522667;-81.633949
21452476;-84.767761;-98.616997;-97.452698;-81.452110
21454442;-84.934021;-98.668587;-97.381752;-81.269432
21456434;-85.099419;-98.719185;-97.309860;-81.085983
21458438;-85.264000;-98.768822;-97.236992;-80.901703
21460436;-85.427719;-98.817482;-97.163177;-80.716667
21462438;-85.590591;-98.865158;-97.088409;-80.530823
21464471;-85.752647;-98.911873;-97.012665;-80.344162
21466465;-85.833344;-98.934868;-96.974442;-80.156723
21468453;-86.074188;-99.002357;-96.858307;-79.968475
21470451;-86.233673;-99.046127;-96.779716;-79.779465
21472458;-86.392334;-99.088928;-96.700150;-79.589638
21474470;-86.550117;-99.130753;-96.619637;-79.399055
21476442;-86.707047;-99.171600;-96.538177;-79.207687
21478438;-86.863136;-99.211464;-96.455742;-79.015503
21480437;-87.018356;-99.250343;-96.372375;-78.822586
21482437;-87.172737;-99.288261;-96.288040;-78.628853
21484473;-87.326225;-99.325172;-96.202774;-78.434364
21486442;-87.478867;-99.361122;-96.116554;-78.239105
21488433;-87.630653;-99.396088;-96.029366;-78.043053
21490439;-87.781563;-99.430069;-95.941254;-77.846252
21492438;-87.931618;-99.463066;-95.852180;-77.648659
21494436;-88.080795;-99.495087;-95.762169;-77.450325
21496477;-88.229118;-99.526138;-95.671204;-77.251198
21498462;-88.376549;-99.556190;-95.579300;-77.051338
21500461;-88.523109;-99.585258;-95.486465;-76.850716
21502454;-88.668816;-99.613350;-95.392670;-76.649300
21504458;-88.813629;-99.640457;-95.297935;-76.447174
21506482;-88.957581;-99.666588;-95.202255;-76.244247
21508437;-89.100639;-99.691734;-95.105652;-76.040604
21510443;-89.242813;-99.715881;-95.008110;-75.836220
21512438;-89.384140;-99.739059;-94.909615;-75.631042
21514435;-89.524551;-99.761238;-94.810196;-75.425156
21516436;-89.664101;-99.782448;-94.709824;-75.218491
21518469;-89.802750;-99.802666;-94.608536;-75.011124
21520463;-89.940506;-99.821899;-94.506317;-74.803009
21522458;-90.077400;-99.840149;-94.403145;-74.594116
21524458;-90.213379;-99.857414;-94.299057;-74.384529
21526458;-90.348495;-99.873688;-94.194031;-74.174179
21528473;-90.482697;-99.888977;-94.088089;-73.963127
21530437;-90.616020;-99.903290;-93.981186;-73.751297
21532439;-90.748444;-99.916611;-93.873390;-73.538795
21534437;-90.879959;-99.928947;-93.764664;-73.325554
21536437;-91.010597;-99.940285;-93.654976;-73.111557
21538433;-91.140320;-99.950645;-93.544403;-72.896873
21540475;-91.269165;-99.960030;-93.432892;-72.681442
21542465;-91.397079;-99.968414;-93.320465;-72.465309
21544453;-91.524109;-99.975815;-93.207123;-72.248482
21546460;-91.650238;-99.982231;-93.092834;-72.030899
21548453;-91.775452;-99.987663;-92.977654;-71.812645
21550471;-91.899780;-99.992104;-92.861534;-71.593636
21552441;-92.023178;-99.995552;-92.744514;-71.373962
21554438;-92.145691;-99.998024;-92.626556;-71.153549
21556438;-92.267273;-99.999504;-92.507721;-70.932472
21558436;-92.387924;-99.999992;-92.387978;-70.710716
21560434;-92.507706;-99.999496;-92.267288;-70.488205
21562476;-92.626556;-99.998024;-92.145699;-70.265030
21564461;-92.744507;-99.995552;-92.023193;-70.041130
21566457;-92.803131;-99.993958;-91.961609;-69.928940
21568455;-92.977623;-99.987663;-91.775490;-69.591316
21570458;-93.092827;-99.982239;-91.650261;-69.365349
21572477;-93.207092;-99.975822;-91.524139;-69.138733
21574434;-93.320450;-99.968414;-91.397095;-68.911400
21576440;-93.432877;-99.960030;-91.269180;-68.683418
21578438;-93.544403;-99.950661;-91.140335;-68.454720
21580438;-93.654976;-99.940300;-91.010612;-68.225388
21582432;-93.764633;-99.928947;-90.879990;-67.995377
21584474;-93.873383;-99.916611;-90.748451;-67.764664
21586458;-93.981186;-99.903297;-90.616043;-67.533318
21588457;-94.088074;-99.888985;-90.482712;-67.301262
21590454;-94.194016;-99.873695;-90.348503;-67.068581
21592457;-94.299034;-99.857414;-90.213417;-66.835236
21594492;-94.403145;-99.840157;-90.077415;-66.601204
21596459;-94.506294;-99.821907;-89.940544;-66.366539
21598460;-94.608536;-99.802673;-89.802765;-66.131195
21600459;-94.709824;-99.782455;-89.664124;-65.895233
21602456;-94.810196;-99.761246;-89.524567;-65.658585
21604453;-94.909607;-99.739059;-89.384148;-65.421310
21606473;-95.008095;-99.715897;-89.242859;-65.183403
21608459;-95.105652;-99.691734;-89.100662;-64.944817
21610458;-95.202255;-99.666595;-88.957603;-64.705620
21612456;-95.297935;-99.640472;-88.813652;-64.465752
21614455;-95.392662;-99.613365;-88.668839;-64.225281
21616474;-95.439674;-99.599442;-88.596107;-64.104805
21618445;-95.579300;-99.556198;-88.376572;-63.742413
21620436;-95.671204;-99.526146;-88.229141;-63.500046
21622432;-95.762169;-99.495110;-88.080811;-63.257019
21624438;-95.852180;-99.463081;-87.931648;-63.013405
21626489;-95.941254;-99.430077;-87.781578;-62.769127
21628473;-96.029373;-99.396103;-87.630676;-62.524269
21630459;-96.116539;-99.361130;-87.478905;-62.278801
21632450;-96.202766;-99.325180;-87.326241;-62.032677
21634457;-96.288040;-99.288261;-87.172745;-61.785973
21636458;-96.372375;-99.250351;-87.018372;-61.538631
21638473;-96.455742;-99.211464;-86.863159;-61.290710
21640434;-96.538162;-99.171616;-86.707085;-61.042191
21642433;-96.619637;-99.130760;-86.550133;-60.793030
21644439;-96.700150;-99.088951;-86.392357;-60.543312
21646439;-96.779716;-99.046143;-86.233696;-60.292946
21648434;-96.858315;-99.002365;-86.074211;-60.042030
21650473;-96.935974;-98.957611;-85.913849;-59.790482
21652460;-97.012665;-98.911880;-85.752663;-59.538383
21654457;-97.088394;-98.865181;-85.590637;-59.285702
21656460;-97.163177;-98.817490;-85.427734;-59.032387
21658458;-97.236992;-98.768829;-85.264015;-58.778538
21660476;-97.309860;-98.719200;-85.099434;-58.524059
21662436;-97.381752;-98.668594;-84.934044;-58.269047
21664433;-97.452690;-98.617020;-84.767807;-58.013462
21666439;-97.522659;-98.564468;-84.600739;-57.757301
21668438;-97.591667;-98.510948;-84.432823;-57.500572
21670434;-97.659721;-98.456436;-84.264061;-57.243233
21672476;-97.726807;-98.400970;-84.094475;-56.985371
21674459;-97.792923;-98.344528;-83.924080;-56.726944
21676454;-97.858086;-98.287109;-83.752823;-56.467922
21678451;-97.922272;-98.228729;-83.580765;-56.208385
21680453;-97.985497;-98.169373;-83.407852;-55.948246
21682470;-98.047760;-98.109062;-83.234154;-55.687599
21684442;-98.109047;-98.047760;-83.059601;-55.426361
21686435;-98.169365;-97.985512;-82.884254;-55.164616
21688429;-98.228714;-97.922287;-82.708092;-54.902328
21690431;-98.287109;-97.858093;-82.531075;-54.639458
21692433;-98.344513;-97.792946;-82.353279;-54.376091
21694473;-98.400963;-97.726814;-82.174652;-54.112137
21696434;-98.456429;-97.659737;-81.995232;-53.847694
21698432;-98.510925;-97.591690;-81.815002;-53.582729
21700433;-98.564461;-97.522667;-81.633942;-53.317184
21702434;-98.617012;-97.452698;-81.452103;-53.051155
21704473;-98.668594;-97.381744;-81.269417;-52.784561
21706432;-98.719200;-97.309860;-81.085983;-52.517490
21708438;-98.768837;-97.236992;-80.901703;-52.249863
21710443;-98.817490;-97.163185;-80.716660;-51.981754
21712440;-98.865166;-97.088402;-80.530815;-51.713135
21714433;-98.911880;-97.012665;-80.344147;-51.443966
21716460;-98.957611;-96.935974;-80.156723;-51.174332
21718434;-99.002365;-96.858315;-79.968468;-50.904144
21720433;-99.046143;-96.779716;-79.779457;-50.633503
21722442;-99.088936;-96.700157;-79.589661;-50.362354
21724433;-99.130760;-96.619637;-79.399048;-50.090672
21726472;-99.171600;-96.538170;-79.207680;-49.818539
21728441;-99.211472;-96.455742;-79.015503;-49.545868
21730434;-99.250351;-96.372375;-78.822571;-49.272751
21732441;-99.288261;-96.288040;-78.628838;-48.999111
21734438;-99.325188;-96.202766;-78.434357;-48.725025
21736439;-99.361130;-96.116547;-78.239098;-48.450455
21738473;-99.396095;-96.029366;-78.043045;-48.175369
21740458;-99.430077;-95.941254;-77.846245;-47.899849
21742455;-99.463081;-95.852173;-77.648643;-47.623814
21744458;-99.495102;-95.762161;-77.450310;-47.347347
21746458;-99.526138;-95.671211;-77.251213;-47.070419
21748471;-99.556198;-95.579300;-77.051323;-46.792980
21750444;-99.585274;-95.486458;-76.850716;-46.515129
21752435;-99.613365;-95.392662;-76.649300;-46.236767
21754433;-99.640472;-95.297935;-76.447159;-45.957996
21756438;-99.666595;-95.202255;-76.244232;-45.678726
21758432;-99.691734;-95.105652;-76.040604;-45.399052
21760471;-99.715889;-95.008102;-75.836205;-45.118923
21762459;-99.739059;-94.909607;-75.631027;-44.838314
21764457;-99.761246;-94.810188;-75.425140;-44.557297
21766457;-99.771973;-94.760132;-75.321922;-44.275810
21768456;-99.802673;-94.608536;-75.011108;-43.993916
21770476;-99.821907;-94.506310;-74.802986;-43.711597
21772434;-99.840157;-94.403145;-74.594109;-43.428795
21774434;-99.857414;-94.299072;-74.384552;-43.145657
21776439;-99.873695;-94.194038;-74.174194;-42.862003
21778433;-99.888985;-94.088097;-73.963142;-42.577972
21780496;-99.903290;-93.981201;-73.751328;-42.293476
21782459;-99.916611;-93.873398;-73.538818;-42.008610
21784453;-99.928947;-93.764664;-73.325577;-41.723324
21786457;-99.940292;-93.654991;-73.111572;-41.437584
21788455;-99.950653;-93.544418;-72.896889;-41.151478
21790452;-99.960030;-93.432899;-72.681458;-40.864925
21792477;-99.968414;-93.320473;-72.465340;-40.578007
21794457;-99.975815;-93.207130;-72.248497;-40.290695
21796463;-99.982231;-93.092850;-72.030922;-40.002937
21798458;-99.987663;-92.977669;-71.812660;-39.714832
21800458;-99.992104;-92.861542;-71.593658;-39.426289
21802497;-99.995560;-92.744530;-71.373985;-39.137402
21804455;-99.998024;-92.626595;-71.153603;-38.848125
21806458;-99.999504;-92.507729;-70.932487;-38.558422
21808456;-100.000000;-92.387970;-70.710716;-38.268383
21810456;-99.999504;-92.267273;-70.488197;-37.977921
21812456;-99.998024;-92.145691;-70.265022;-37.687134
21814473;-99.995560;-92.023186;-70.041122;-37.395927
21816461;-99.993958;-91.961601;-69.928925;-37.250210
21818456;-99.987663;-91.775475;-69.591309;-36.812496
21820459;-99.982239;-91.650246;-69.365349;-36.520191
21822460;-99.975815;-91.524132;-69.138718;-36.227570
21824477;-99.968422;-91.397087;-68.911385;-35.934547
21826435;-99.960030;-91.269157;-68.683395;-35.641209
21828436;-99.950661;-91.140343;-68.454750;-35.347527
21830434;-99.940292;-91.010597;-68.225372;-35.053444
21832436;-99.928955;-90.879982;-67.995361;-34.759068
21834435;-99.916611;-90.748444;-67.764648;-34.464298
21836473;-99.903297;-90.616028;-67.533302;-34.169235
21838462;-99.888985;-90.482697;-67.301247;-33.873787
21840456;-99.873695;-90.348503;-67.068565;-33.578053
21842450;-99.857422;-90.213409;-66.835228;-33.281986
21844454;-99.840157;-90.077408;-66.601196;-32.985546
21846472;-99.821907;-89.940529;-66.366531;-32.688828
21848442;-99.802673;-89.802757;-66.131187;-32.391739
21850439;-99.782455;-89.664108;-65.895218;-32.094376
21852435;-99.761253;-89.524582;-65.658600;-31.796694
21854435;-99.739059;-89.384140;-65.421295;-31.498659
21856438;-99.715897;-89.242844;-65.183395;-31.200352
21858479;-99.691734;-89.100647;-64.944801;-30.901695
21860457;-99.666595;-88.957596;-64.705605;-30.602777
21862455;-99.640472;-88.813637;-64.465736;-30.303514
21864452;-99.613365;-88.668831;-64.225266;-30.003994
21866457;-99.585274;-88.523140;-63.984169;-29.704180
21868475;-99.556198;-88.376556;-63.742393;-29.404026
21870440;-99.526146;-88.229134;-63.500031;-29.103628
21872443;-99.495102;-88.080803;-63.257004;-28.802898
21874432;-99.463081;-87.931633;-63.013386;-28.501930
21876439;-99.430084;-87.781593;-62.769150;-28.200680
21878481;-99.396095;-87.630669;-62.524258;-27.899107
21880474;-99.361130;-87.478897;-62.278782;-27.597301
21882463;-99.325195;-87.326256;-62.032707;-27.295225
21884460;-99.288269;-87.172760;-61.786003;-26.992878
21886463;-99.250359;-87.018387;-61.538654;-26.690220
21888460;-99.211479;-86.863174;-61.290733;-26.387346
21890470;-99.171616;-86.707100;-61.042213;-26.084209
21892440;-99.130768;-86.550148;-60.793049;-25.780767
21894433;-99.088951;-86.392365;-60.543327;-25.477118
21896434;-99.046150;-86.233711;-60.292973;-25.173176
21898437;-99.002373;-86.074226;-60.042061;-24.869026
21900524;-98.957619;-85.913887;-59.790546;-24.564634
21902459;-98.911888;-85.752678;-59.538406;-24.259953
21904458;-98.865181;-85.590652;-59.285717;-23.955076
21906452;-98.817497;-85.427757;-59.032410;-23.649921
21908455;-98.768845;-85.264038;-58.778553;-23.344574
21910455;-98.719200;-85.099449;-58.524078;-23.038952
21912470;-98.668602;-84.934052;-58.269073;-22.733149
21914459;-98.617020;-84.767822;-58.013489;-22.427124
21916462;-98.590866;-84.684357;-57.885437;-22.273981
21918459;-98.510941;-84.432808;-57.500553;-21.814363
21920456;-98.456436;-84.264046;-57.243221;-21.507633
21922473;-98.400970;-84.094467;-56.985355;-21.200743
21924440;-98.344528;-83.924065;-56.726933;-20.893635
21926436;-98.287109;-83.752808;-56.467907;-20.586281
21928436;-98.228737;-83.580757;-56.208374;-20.278769
21930439;-98.169373;-83.407852;-55.948235;-19.971006
21932488;-98.109062;-83.234146;-55.687584;-19.663099
21934472;-98.047760;-83.059593;-55.426346;-19.354946
21936465;-97.985512;-82.884247;-55.164604;-19.046652
21938454;-97.922287;-82.708069;-54.902309;-18.738171
21940455;-97.858093;-82.531067;-54.639446;-18.429455
21942457;-97.792938;-82.353279;-54.376072;-18.120605
21944476;-97.726814;-82.174644;-54.112125;-17.811531
21946444;-97.659729;-81.995216;-53.847683;-17.502323
21948434;-97.591690;-81.814995;-53.582710;-17.192945
21950436;-97.522667;-81.633934;-53.317173;-16.883356
21952434;-97.452698;-81.452087;-53.051144;-16.573637
21954500;-97.381752;-81.269417;-52.784550;-16.263716
21956460;-97.309860;-81.085968;-52.517479;-15.953678
21958456;-97.236992;-80.901695;-52.249847;-15.643437
21960456;-97.163177;-80.716644;-51.981743;-15.333086
21962453;-97.088402;-80.530807;-51.713120;-15.022586
21964455;-97.012665;-80.344139;-51.443958;-14.711889
21966475;-96.935974;-80.156708;-51.174320;-14.401096
21968460;-96.858315;-79.968460;-50.904129;-14.090114
21970457;-96.779716;-79.779449;-50.633492;-13.779039
21972455;-96.700165;-79.589653;-50.362350;-13.467829
21974454;-96.619637;-79.399040;-50.090664;-13.156436
21976474;-96.538177;-79.207680;-49.818527;-12.844960
21978442;-96.455742;-79.015495;-49.545860;-12.533312
21980437;-96.372375;-78.822563;-49.272739;-12.221588
21982436;-96.288055;-78.628860;-48.999138;-11.909744
21984437;-96.202766;-78.434349;-48.725010;-11.597732
21986442;-96.116547;-78.239090;-48.450443;-11.285657
21988474;-96.029381;-78.043060;-48.175400;-10.973472
21990459;-95.941261;-77.846268;-47.899879;-10.661170
21992455;-95.852188;-77.648666;-47.623848;-10.348722
21994453;-95.762184;-77.450333;-47.347385;-10.036215
21996463;-95.671227;-77.251228;-47.070450;-9.723613
21998477;-95.579315;-77.051346;-46.793015;-9.410867
22000444;-95.486473;-76.850731;-46.515160;-9.098077
22002432;-95.392677;-76.649323;-46.236801;-8.785147
22004438;-95.297951;-76.447174;-45.958031;-8.472180
22006435;-95.202286;-76.244293;-45.678799;-8.159128
22008436;-95.105667;-76.040619;-45.399082;-7.845944
22010473;-95.008125;-75.836227;-45.118958;-7.532737
22012460;-94.909630;-75.631058;-44.838348;-7.219404
22014457;-94.810204;-75.425163;-44.557335;-6.906047
22016461;-94.709839;-75.218498;-44.275837;-6.592575
22018456;-94.608551;-75.011131;-43.993950;-6.279090
22020483;-94.506332;-74.803017;-43.711628;-5.965540
22022464;-94.403160;-74.594131;-43.428833;-5.651879
22024457;-94.299072;-74.384544;-43.145649;-5.338216
22026454;-94.194038;-74.174187;-42.861992;-5.024445
22028452;-94.088089;-73.963127;-42.577957;-4.710680
22030473;-93.981209;-73.751343;-42.293507;-4.396865
22032436;-93.873390;-73.538795;-42.008591;-4.082957
22034435;-93.764671;-73.325562;-41.723312;-3.769061
22036441;-93.654999;-73.111565;-41.437569;-3.455079
22038433;-93.544418;-72.896889;-41.151470;-3.141111
22040436;-93.432899;-72.681450;-40.864910;-2.827060
22042479;-93.320473;-72.465332;-40.577999;-2.513033
22044459;-93.207130;-72.248489;-40.290680;-2.198979
22046461;-93.092850;-72.030914;-40.002926;-1.884857
22048453;-92.977661;-71.812653;-39.714821;-1.570767
22050455;-92.861542;-71.593651;-39.426277;-1.256609
22052520;-92.744522;-71.373978;-39.137383;-0.942487
22054463;-92.626587;-71.153595;-38.848106;-0.628355
22056462;-92.507729;-70.932480;-38.558407;-0.314173
22058457;-92.387970;-70.710693;-38.268375;-0.000036
22060453;-92.267273;-70.488182;-37.977913;0.314155
22062457;-92.145691;-70.265015;-37.687119;0.628293
22064472;-92.023178;-70.041107;-37.395912;0.942469
22066463;-91.961601;-69.928917;-37.250198;1.099530
22068454;-91.775475;-69.591309;-36.812489;1.570699
22070452;-91.650238;-69.365326;-36.520180;1.884845
22072455;-91.524124;-69.138710;-36.227558;2.198917
22074478;-91.397079;-68.911369;-35.934532;2.513018
22076440;-91.269165;-68.683395;-35.641197;2.827042
22078437;-91.140343;-68.454727;-35.347515;3.141043
22080438;-91.010597;-68.225357;-35.053429;3.455064
22082434;-90.879974;-67.995354;-34.759052;3.768995
22084433;-90.748444;-67.764641;-34.464283;4.082942
22086471;-90.616020;-67.533287;-34.169216;4.396802
22088461;-90.482697;-67.301239;-33.873775;4.710662
22090457;-90.348495;-67.068550;-33.578041;5.024430
22092452;-90.213409;-66.835220;-33.281975;5.338150
22094456;-90.077400;-66.601181;-32.985531;5.651865
22096476;-89.940552;-66.366554;-32.688858;5.965426
22098459;-89.802773;-66.131210;-32.391773;6.279021
22100453;-89.664124;-65.895233;-32.094406;6.592509
22102453;-89.524590;-65.658615;-31.796726;6.905934
22104456;-89.384155;-65.421318;-31.498682;7.219338
22106474;-89.242867;-65.183411;-31.200382;7.532620
22108439;-89.100662;-64.944824;-30.901724;7.845881
22110440;-88.957611;-64.705627;-30.602810;8.159015
22112435;-88.813675;-64.465797;-30.303591;8.472064
22114443;-88.668839;-64.225296;-30.004028;8.785081
22116435;-88.523155;-63.984192;-29.704206;9.097963
22118476;-88.376579;-63.742424;-29.404057;9.410805
22120459;-88.229141;-63.500053;-29.103661;9.723502
22122454;-88.080818;-63.257027;-28.802931;10.036153
22124453;-87.931648;-63.013412;-28.501957;10.348660
22126465;-87.781609;-62.769173;-28.200710;10.661059
22128475;-87.630676;-62.524277;-27.899132;10.973406
22130437;-87.478905;-62.278809;-27.597326;11.285594
22132442;-87.326256;-62.032688;-27.295204;11.597717
22134435;-87.172760;-61.785984;-26.992863;11.909678
22136436;-87.018402;-61.538677;-26.690250;12.221527
22138435;-86.863159;-61.290718;-26.387331;12.533295
22140472;-86.707092;-61.042202;-26.084196;12.844899
22142458;-86.550140;-60.793041;-25.780756;13.156417
22144459;-86.392357;-60.543312;-25.477106;13.467762
22146461;-86.233696;-60.292961;-25.173164;13.779020
22148454;-86.074211;-60.042034;-24.869009;14.090097
22150474;-85.913879;-59.790527;-24.564625;14.401031
22152438;-85.752670;-59.538387;-24.259937;14.711875
22154432;-85.590645;-59.285702;-23.955063;15.022522
22156438;-85.427742;-59.032394;-23.649904;15.333072
22158436;-85.264030;-58.778542;-23.344559;15.643424
22160430;-85.099472;-58.524109;-23.038982;15.953615
22162478;-84.934044;-58.269054;-22.733133;16.263702
22164459;-84.767807;-58.013470;-22.427105;16.573582
22166460;-84.600708;-57.757271;-22.120813;16.883341
22168456;-84.432808;-57.500542;-21.814352;17.192884
22170452;-84.264030;-57.243198;-21.507618;17.502312
22172473;-84.094467;-56.985344;-21.200722;17.811512
22174442;-83.924065;-56.726921;-20.893621;18.120539
22176438;-83.752808;-56.467892;-20.586264;18.429438
22178445;-83.580742;-56.208355;-20.278749;18.738110
22180434;-83.407837;-55.948215;-19.970989;19.046637
22182434;-83.234131;-55.687565;-19.663084;19.354933
22184477;-83.059608;-55.426373;-19.354975;19.663036
22186461;-82.884232;-55.164589;-19.046635;19.970993
22188459;-82.708069;-54.902298;-18.738152;20.278708
22190455;-82.708069;-54.639423;-18.429438;20.586264
22192454;-82.353264;-54.376053;-18.120586;20.893579
22194495;-82.174629;-54.112106;-17.811512;21.200729
22196462;-81.995216;-53.847672;-17.502308;21.507622
22198457;-81.814980;-53.582691;-17.192932;21.814302
22200452;-81.633919;-53.317154;-16.883337;22.120819
22202456;-81.452080;-53.051125;-16.573620;22.427061
22204453;-81.269432;-52.784573;-16.263748;22.733093
22206476;-81.085983;-52.517502;-15.953708;23.038895
22208438;-80.901741;-52.249916;-15.643517;23.344469
22210442;-80.716667;-51.981766;-15.333122;23.649860
22212431;-80.530823;-51.713146;-15.022614;23.954973
22214433;-80.344162;-51.443981;-14.711923;24.259895
22216441;-80.250534;-51.309216;-14.556536;24.412241
22218480;-79.968475;-50.904156;-14.090145;24.868971
22220458;-79.779472;-50.633514;-13.779068;25.173115
22222456;-79.589668;-50.362366;-13.467857;25.477013
22224455;-79.399063;-50.090694;-13.156465;25.780710
22226462;-79.207695;-49.818550;-12.844995;26.084101
22228480;-79.015518;-49.545891;-12.533346;26.387283
22230441;-78.822586;-49.272770;-12.221622;26.690161
22232438;-78.628883;-48.999165;-11.909780;26.992767
22234434;-78.434364;-48.725040;-11.597765;27.295164
22236435;-78.239113;-48.450470;-11.285684;27.597240
22238436;-78.043053;-48.175388;-10.973456;27.899086
22240476;-77.846252;-47.899860;-10.661152;28.200617
22242454;-77.648659;-47.623829;-10.348704;28.501913
22244457;-77.450325;-47.347366;-10.036201;28.802881
22246457;-77.251228;-47.070438;-9.723600;29.103565
22248458;-77.051338;-46.793003;-9.410858;29.404005
22250475;-76.850716;-46.515141;-9.098059;29.704121
22252439;-76.649307;-46.236782;-8.785129;30.003981
22254437;-76.447174;-45.958019;-8.472165;30.303495
22256431;-76.244286;-45.678783;-8.159107;30.602720
22258438;-76.040611;-45.399071;-7.845929;30.901682
22260434;-75.836220;-45.118938;-7.532719;31.200291
22262475;-75.631042;-44.838326;-7.219389;31.498638
22264463;-75.425163;-44.557320;-6.906030;31.796637
22266465;-75.218521;-44.275864;-6.592605;32.094311
22268451;-75.011124;-43.993931;-6.279072;32.391720
22270455;-74.803009;-43.711609;-5.965516;32.688766
22272474;-74.594131;-43.428818;-5.651870;32.985531
22274436;-74.384537;-43.145634;-5.338198;33.281933
22276438;-74.174179;-42.861977;-5.024433;33.578037
22278440;-73.963127;-42.577942;-4.710665;33.873775
22280436;-73.751343;-42.293495;-4.396850;34.169178
22282436;-73.538795;-42.008575;-4.082942;34.464287
22284475;-73.325554;-41.723293;-3.769043;34.759014
22286459;-73.111557;-41.437557;-3.455064;35.053432
22288457;-72.896873;-41.151447;-3.141093;35.347466
22290455;-72.681473;-40.864937;-2.827093;35.641159
22292456;-72.465317;-40.577984;-2.513018;35.934532
22294481;-72.248482;-40.290668;-2.198964;36.227509
22296437;-72.030899;-40.002911;-1.884842;36.520176
22298437;-71.812645;-39.714806;-1.570749;36.812435
22300436;-71.593643;-39.426262;-1.256588;37.104382
22302441;-71.373962;-39.137371;-0.942469;37.395912
22304432;-71.153580;-38.848095;-0.628340;37.687077
22306474;-70.932472;-38.558392;-0.314155;37.977909
22308458;-70.710686;-38.268353;-0.000009;38.268326
22310458;-70.488174;-37.977898;0.314173;38.558407
22312462;-70.265030;-37.687145;0.628260;38.848022
22314457;-70.041168;-37.395988;0.942391;39.137299
22316479;-69.928940;-37.250225;1.099503;39.281837
22318462;-69.591324;-36.812511;1.570672;39.714733
22320458;-69.365349;-36.520203;1.884812;40.002884
22322458;-69.138733;-36.227585;2.198887;40.290596
22324456;-68.911400;-35.934555;2.512991;40.577957
22326473;-68.683418;-35.641228;2.827013;40.864864
22328437;-68.454758;-35.347538;3.141016;41.151379
22330443;-68.225388;-35.053455;3.455034;41.437531
22332439;-67.995377;-34.759079;3.768969;41.723225
22334436;-67.764664;-34.464310;4.082912;42.008556
22336437;-67.533310;-34.169247;4.396770;42.293423
22338474;-67.301300;-33.873852;4.710582;42.577873
22340462;-67.068581;-33.578072;5.024397;42.861946
22342462;-66.835243;-33.282001;5.338120;43.145561
22344459;-66.601204;-32.985561;5.651834;43.428783
22346459;-66.366539;-32.688843;5.965445;43.711540
22348475;-66.131195;-32.391750;6.279045;43.993912
22350438;-65.895233;-32.094391;6.592533;44.275795
22352431;-65.658607;-31.796705;6.905955;44.557251
22354439;-65.421310;-31.498671;7.219359;44.838306
22356433;-65.183403;-31.200361;7.532641;45.118874
22358440;-64.944817;-30.901709;7.845893;45.399036
22360461;-64.705620;-30.602793;8.159029;45.678715
22362440;-64.465782;-30.303570;8.472088;45.957939
22364440;-64.225281;-30.004004;8.785099;46.236759
22366439;-64.104805;-29.854137;8.941558;46.375973
22368437;-63.742405;-29.404037;9.410822;46.792969
22370604;-63.500046;-29.103645;9.723520;47.070366
22372460;-63.257015;-28.802910;10.036180;47.347343
22374457;-63.013405;-28.501945;10.348675;47.623802
22376456;-62.769161;-28.200689;10.661080;47.899796
22378456;-62.524269;-27.899117;10.973424;48.175358
22380458;-62.278801;-27.597317;11.285612;48.450405
22382477;-62.032677;-27.295193;11.597734;48.725010
22384460;-61.785976;-26.992846;11.909697;48.999096
22386459;-61.538666;-26.690233;12.221545;49.272701
22388457;-61.290710;-26.387310;12.533316;49.545853
22390458;-61.042191;-26.084173;12.844917;49.818485
22392477;-60.793030;-25.780737;13.156438;50.090660
22394439;-60.543304;-25.477091;13.467780;50.362301
22396436;-60.292946;-25.173149;13.779032;50.633484
22398437;-60.042030;-24.868996;14.090115;50.904129
22400437;-59.790524;-24.564604;14.401049;51.174278
22402435;-59.538383;-24.259918;14.711893;51.443951
22404476;-59.285694;-23.955044;15.022543;51.713085
22406460;-59.032387;-23.649887;15.333086;51.981743
22408451;-58.778530;-23.344540;15.643438;52.249847
22410452;-58.524097;-23.038971;15.953630;52.517437
22412451;-58.269047;-22.733120;16.263718;52.784550
22414475;-58.013458;-22.427092;16.573593;53.051102
22416437;-57.757259;-22.120794;16.883356;53.317173
22418433;-57.500530;-21.814325;17.192904;53.582668
22420437;-57.243275;-21.507698;17.502230;53.847599
22422430;-56.985371;-21.200758;17.811483;54.112076
22424436;-56.726944;-20.893648;18.120516;54.375996
22426464;-56.467926;-20.586296;18.429411;54.639400
22428436;-56.208385;-20.278782;18.738075;54.902233
22430438;-55.948246;-19.971025;19.046608;55.164562
22432437;-55.687599;-19.663113;19.354900;55.426304
22434438;-55.426399;-19.355007;19.663006;55.687504
22436470;-55.164616;-19.046667;19.970963;55.948185
22438432;-54.902328;-18.738186;20.278671;56.208290
22440439;-54.639454;-18.429466;20.586235;56.467873
22442437;-54.376083;-18.120613;20.893547;56.726856
22444431;-54.112179;-17.811590;21.200645;56.985283
22446436;-53.847694;-17.502338;21.507587;57.243179
22448470;-53.582722;-17.192963;21.814268;57.500477
22450452;-53.317184;-16.883369;22.120783;57.757248
22452454;-53.051155;-16.573656;22.427031;58.013405
22454455;-52.784561;-16.263729;22.733110;58.269035
22456455;-52.517490;-15.953692;23.038908;58.524048
22458467;-52.249901;-15.643498;23.344481;58.778477
22460438;-51.981754;-15.333101;23.649874;59.032368
22462433;-51.713135;-15.022600;23.954985;59.285641
22464434;-51.443966;-14.711907;24.259907;59.538364
22466440;-51.174332;-14.401111;24.564543;59.790466
22468439;-50.904186;-14.090172;24.868938;60.041977
22470475;-50.633503;-13.779053;25.173130;60.292923
22472458;-50.362354;-13.467839;25.477032;60.543251
22474452;-50.090675;-13.156453;25.780722;60.793011
22476461;-49.818539;-12.844976;26.084116;61.042137
22478452;-49.545868;-12.533325;26.387300;61.290695
22480464;-49.272751;-12.221601;26.690174;61.538612
22482438;-48.999153;-11.909756;26.992786;61.785923
22484436;-48.725025;-11.597747;27.295176;62.032658
22486435;-48.450455;-11.285668;27.597258;62.278748
22488442;-48.175369;-10.973433;27.899107;62.524258
22490622;-47.899849;-10.661137;28.200636;62.769115
22492464;-47.623856;-10.348734;28.501888;63.013351
22494458;-47.347351;-10.036185;28.802898;63.256996
22496457;-47.070419;-9.723579;29.103588;63.500000
22498459;-46.792984;-9.410834;29.404026;63.742393
22500455;-46.515125;-9.098042;29.704136;63.984127
22502472;-46.236767;-8.785110;30.003998;64.225266
22504445;-45.957993;-8.472141;30.303514;64.465736
22506439;-45.678772;-8.159092;30.602736;64.705566
22508438;-45.399052;-7.845912;30.901695;64.944801
22510443;-45.118927;-7.532701;31.200308;65.183350
22512437;-44.838314;-7.219371;31.498659;65.421295
22514470;-44.557304;-6.906014;31.796646;65.658554
22516458;-44.416630;-6.749308;31.945530;65.776947
22518459;-43.993916;-6.279051;32.391739;66.131180
22520460;-43.711594;-5.965501;32.688778;66.366493
22522454;-43.428795;-5.651844;32.985550;66.601189
22524474;-43.145615;-5.338180;33.281944;66.835190
22526460;-42.861961;-5.024412;33.578056;67.068573
22528452;-42.577972;-4.710695;33.873745;67.301216
22530454;-42.293518;-4.396873;34.169151;67.533234
22532456;-42.008610;-4.082978;34.464252;67.764610
22534532;-41.723324;-3.769076;34.758980;67.995285
22536462;-41.437584;-3.455093;35.053402;68.225334
22538455;-41.151478;-3.141123;35.347435;68.454674
22540455;-40.864967;-2.827123;35.641121;68.683334
22542452;-40.578011;-2.513048;35.934502;68.911346
22544451;-40.290695;-2.198994;36.227482;69.138649
22546472;-40.002937;-1.884872;36.520149;69.365303
22548443;-39.714832;-1.570779;36.812408;69.591240
22550444;-39.426334;-1.256666;37.104313;69.816498
22552437;-39.137398;-0.942498;37.395885;70.041084
22554441;-38.848125;-0.628370;37.687050;70.264961
22556475;-38.558422;-0.314185;37.977886;70.488167
22558439;-38.268383;-0.000045;38.268307;70.710648
22560435;-37.977924;0.314143;38.558384;70.932457
22562437;-37.687134;0.628278;38.848038;71.153534
22564441;-37.395973;0.942406;39.137314;71.373917
22566436;-37.250210;1.099518;39.281853;71.483871
22568475;-36.812496;1.570687;39.714752;71.812592
22570463;-36.520191;1.884827;40.002899;72.030891
22572457;-36.227570;2.198902;40.290611;72.248436
22574457;-35.934593;2.512956;40.577927;72.465279
22576456;-35.641212;2.827034;40.864883;72.681427
22578476;-35.347527;3.141031;41.151394;72.896828
22580433;-35.053448;3.455049;41.437546;73.111549
22582438;-34.759064;3.768983;41.723240;73.325508
22584434;-34.464298;4.082933;42.008572;73.538780
22586436;-34.169235;4.396787;42.293434;73.751297
22588437;-33.873833;4.710606;42.577888;73.963081
22590475;-33.578053;5.024418;42.861965;74.174164
22592466;-33.281986;5.338135;43.145569;74.384483
22594454;-32.985546;5.651850;43.428802;74.594109
22596453;-32.688828;5.965456;43.711555;74.802956
22598459;-32.391785;6.279006;43.993877;75.011078
22600473;-32.094376;6.592545;44.275810;75.218483
22602439;-31.796694;6.905973;44.557262;75.425117
22604442;-31.498655;7.219374;44.838314;75.631035
22606436;-31.200352;7.532659;45.118893;75.836174
22608433;-30.901695;7.845914;45.399055;76.040596
22610476;-30.602777;8.159050;45.678734;76.244240
22612453;-30.303558;8.472100;45.957958;76.447136
22614450;-30.003994;8.785116;46.236771;76.649300
22616458;-29.704180;9.097997;46.515091;76.850677
22618456;-29.404026;9.410840;46.792992;77.051331
22620457;-29.103630;9.723538;47.070385;77.251190
22622461;-28.802944;10.036140;47.347313;77.450287
22624438;-28.501930;10.348693;47.623817;77.648651
22626436;-28.200680;10.661096;47.899811;77.846214
22628436;-27.899105;10.973435;48.175369;78.043045
22630440;-27.597300;11.285630;48.450417;78.239075
22632510;-27.295177;11.597753;48.725025;78.434357
22634463;-26.992834;11.909713;48.999111;78.628838
22636462;-26.690266;12.221514;49.272675;78.822517
22638458;-26.387346;12.533285;49.545834;79.015472
22640456;-26.084209;12.844883;49.818459;79.207626
22642456;-25.780769;13.156406;50.090633;79.399017
22644462;-25.477119;13.467752;50.362278;79.589607
22646436;-25.173223;13.778962;50.633419;79.779404
22648437;-24.869028;14.090083;50.904114;79.968437
22650439;-24.564634;14.401023;51.174252;80.156670
22652439;-24.259953;14.711862;51.443928;80.344124
22654479;-23.955076;15.022511;51.713062;80.530754
22656445;-23.649920;15.333061;51.981716;80.716637
22658443;-23.344574;15.643409;52.249825;80.901680
22660433;-23.039000;15.953604;52.517414;81.085930
22662440;-22.733150;16.263687;52.784527;81.269394
22664437;-22.427124;16.573566;53.051079;81.452049
22666477;-22.274027;16.728441;53.317154;81.633919
22668458;-21.814363;17.192871;53.582645;81.814949
22670453;-21.507681;17.502251;53.847622;81.995178
22672452;-21.200739;17.811502;54.112099;82.174629
22674451;-20.893637;18.120531;54.376011;82.353233
22676473;-20.586279;18.429426;54.639423;82.531052
22678444;-20.278767;18.738094;54.902256;82.708038
22680433;-19.971006;19.046623;55.164581;82.884232
22682433;-19.663097;19.354919;55.426323;83.059570
22684436;-19.354994;19.663023;55.687523;83.234093
22686438;-19.046650;19.970980;55.948215;83.407837
22688477;-18.738169;20.278694;56.208305;83.580719
22690454;-18.429453;20.586256;56.467892;83.752800
22692450;-18.120604;20.893564;56.726871;83.924034
22694455;-17.811575;21.200665;56.985294;84.094429
22696458;-17.502325;21.507605;57.243198;84.264030
22698476;-17.192945;21.814289;57.500492;84.432770
22700441;-16.883352;22.120800;57.757263;84.600708
22702437;-16.573639;22.427050;58.013420;84.767776
22704440;-16.263714;22.733124;58.269047;84.934044
22706442;-15.953678;23.038925;58.524059;85.099442
22708437;-15.643482;23.344501;58.778500;85.264000
22710478;-15.333086;23.649891;59.032394;85.427734
22712460;-15.022585;23.955006;59.285664;85.590622
22714458;-14.711889;24.259926;59.538383;85.752663
22716456;-14.401094;24.564562;59.790482;85.913849
22718456;-14.090158;24.868956;60.041992;86.074188
22720475;-13.779036;25.173151;60.292946;86.233696
22722436;-13.467825;25.477045;60.543270;86.392326
22724438;-13.156433;25.780743;60.793030;86.550133
22726442;-12.844959;26.084133;61.042152;86.707054
22728438;-12.533358;26.387274;61.290676;86.863129
22730431;-12.221586;26.690193;61.538635;87.018379
22732475;-11.909742;26.992807;61.785942;87.172729
22734461;-11.597732;27.295197;62.032677;87.326248
22736461;-11.285654;27.597273;62.278767;87.478874
22738455;-10.973418;27.899122;62.524269;87.630669
22740457;-10.661121;28.200649;62.769135;87.781570
22742475;-10.348720;28.501904;63.013371;87.931618
22744435;-10.036215;28.802872;63.256981;88.080795
22746439;-9.723612;29.103559;63.499969;88.229095
22748434;-9.410866;29.403999;63.742371;88.376549
22750438;-9.098074;29.704105;63.984108;88.523109
22752610;-8.785192;30.003920;64.225212;88.668793
22754460;-8.472176;30.303484;64.465714;88.813629
22756459;-8.159123;30.602705;64.705551;88.957558
22758458;-7.845943;30.901667;64.944778;89.100632
22760450;-7.532733;31.200281;65.183334;89.242813
22762454;-7.219401;31.498629;65.421280;89.384125
22764472;-6.906045;31.796623;65.658539;89.524544
22766460;-6.592622;32.094303;65.895157;89.664070
22768457;-6.279085;32.391712;66.131165;89.802742
22770451;-5.965534;32.688755;66.366478;89.940491
22772457;-5.651876;32.985516;66.601166;90.077385
22774472;-5.338211;33.281914;66.835175;90.213371
22776433;-5.024493;33.577980;67.068512;90.348465
22778435;-4.710677;33.873760;67.301224;90.482689
22780435;-4.396863;34.169163;67.533241;90.615997
22782435;-4.082958;34.464272;67.764626;90.748428
22784431;-3.769059;34.758995;67.995308;90.879944
22786476;-3.455077;35.053421;68.225349;91.010590
22788457;-3.141107;35.347454;68.454689;91.140312
22790454;-2.827107;35.641140;68.683342;91.269127
22792456;-2.513031;35.934517;68.911362;91.397072
22794456;-2.198978;36.227497;69.138664;91.524101
22796474;-1.884856;36.520164;69.365326;91.650238
22798443;-1.570763;36.812428;69.591255;91.775444
22800437;-1.256654;37.104324;69.816505;91.899750
22802436;-0.942485;37.395901;70.041100;92.023178
22804439;-0.628354;37.687065;70.264969;92.145660
22806443;-0.314170;37.977898;70.488174;92.267265
22808474;0.000000;38.268341;70.710678;92.387947
22810459;0.314159;38.558395;70.932472;92.507713
22812456;0.628314;38.848076;71.153572;92.626572
22814455;0.942464;39.137367;71.373955;92.744514
22816458;1.099535;39.281868;71.483894;92.803139
22818476;1.570732;39.714790;71.812622;92.977646
22820436;1.884844;40.002911;72.030899;93.092842
22822431;2.198937;40.290642;72.248459;93.207108
22824436;2.513010;40.577976;72.465309;93.320457
22826431;2.827056;40.864906;72.681442;93.432884
22828470;3.141076;41.151436;72.896866;93.544395
22830435;3.455064;41.437557;73.111557;93.654984
22832437;3.769018;41.723270;73.325531;93.764648
22834438;4.082935;42.008572;73.538788;93.873383
22836436;4.396812;42.293461;73.751305;93.981186
22838435;4.710645;42.577927;73.963104;94.088074
22840471;5.024432;42.861980;74.174179;94.194031
22842446;5.338169;43.145607;74.384514;94.299057
22844438;5.651853;43.428806;74.594116;94.403145
22846434;5.965482;43.711578;74.802979;94.506302
22848436;6.279051;43.993916;75.011108;94.608536
22850633;6.592560;44.275822;75.218491;94.709824
22852465;6.906002;44.557293;75.425140;94.810188
22854458;7.219377;44.838322;75.631035;94.909607
22856457;7.532680;45.118908;75.836189;95.008095
22858456;7.845909;45.399052;76.040596;95.105652
22860453;8.159060;45.678741;76.244247;95.202263
22862474;8.472132;45.957985;76.447151;95.297935
22864458;8.785120;46.236774;76.649300;95.392670
22866456;9.098021;46.515106;76.850693;95.486450
22868454;9.410830;46.792976;77.051315;95.579300
22870454;9.723549;47.070389;77.251198;95.671204
22872473;10.036171;47.347336;77.450302;95.762161
22874445;10.348695;47.623817;77.648651;95.852180
22876436;10.661115;47.899830;77.846230;95.941238
22878441;10.973431;48.175369;78.043037;96.029366
22880433;11.285637;48.450428;78.239075;96.116547
22882434;11.597733;48.725014;78.434349;96.202766
22884475;11.909716;48.999115;78.628838;96.288040
22886463;12.221580;49.272736;78.822563;96.372375
22888456;12.533322;49.545868;79.015503;96.455742
22890453;12.844942;49.818508;79.207664;96.538162
22892455;13.156436;50.090660;79.399040;96.619629
22894479;13.467797;50.362320;79.589638;96.700142
22896444;13.779028;50.633476;79.779449;96.779716
22898438;14.090122;50.904144;79.968468;96.858315
22900434;14.401078;51.174301;80.156700;96.935966
22902440;14.711891;51.443951;80.344131;97.012657
22904441;15.022558;51.713097;80.530792;97.088394
22906474;15.333078;51.981735;80.716644;97.163170
22908459;15.643446;52.249855;80.901703;97.236992
22910456;15.953660;52.517464;81.085953;97.309853
22912451;16.263714;52.784550;81.269417;97.381744
22914456;16.573612;53.051121;81.452072;97.452690
22916474;16.883343;53.317165;81.633926;97.522667
22918439;17.192907;53.582676;81.814972;97.591675
22920441;17.502306;53.847672;81.995216;97.659729
22922439;17.811527;54.112125;82.174644;97.726807
22924440;18.120577;54.376049;82.353256;97.792938
22926618;18.429445;54.639435;82.531067;97.858086
22928460;18.738131;54.902279;82.708054;97.922287
22930456;19.046633;55.164589;82.884232;97.985504
22932454;19.354946;55.426346;83.059593;98.047760
22934452;19.663071;55.687565;83.234131;98.109047
22936457;19.970997;55.948223;83.407845;98.169365
22938471;20.278728;56.208336;83.580742;98.228722
22940458;20.586262;56.467896;83.752808;98.287109
22942458;20.893587;56.726891;83.924042;98.344513
22944450;21.200710;56.985336;84.094460;98.400963
22946460;21.507624;57.243210;84.264038;98.456429
22948514;21.814323;57.500523;84.432793;98.510933
22950459;22.120808;57.757271;84.600708;98.564461
22952460;22.427074;58.013447;84.767792;98.617004
22954459;22.733122;58.269047;84.934044;98.668594
22956460;23.038942;58.524071;85.099449;98.719200
22958455;23.344534;58.778526;85.264015;98.768837
22960463;23.649900;59.032394;85.427750;98.817490
22962443;23.955029;59.285675;85.590622;98.865173
22964441;24.259922;59.538383;85.752663;98.911880
22966436;24.412279;59.664513;85.833374;98.957611
22968435;24.868988;60.042023;86.074203;99.002365
22970522;25.173155;60.292953;86.233696;99.046150
22972459;25.477072;60.543285;86.392334;99.088936
22974456;25.780737;60.793030;86.550133;99.130760
22976456;26.084152;61.042171;86.707077;99.171608
22978458;26.387304;61.290707;86.863152;99.211472
22980455;26.690197;61.538635;87.018372;99.250351
22982471;26.992828;61.785961;87.172745;99.288261
22984457;27.295193;62.032677;87.326248;99.325188
22986461;27.597290;62.278782;87.478889;99.361130
22988461;27.899107;62.524258;87.630669;99.396095
22990454;28.200657;62.769135;87.781586;99.430077
22992474;28.501928;63.013386;87.931633;99.463081
22994440;28.802910;63.257015;88.080811;99.495102
22996437;29.103617;63.500023;88.229118;99.526146
22998436;29.404032;63.742401;88.376556;99.556198
23000434;29.704157;63.984142;88.523132;99.585274
23002435;30.003988;64.225266;88.668823;99.613365
23004470;30.303526;64.465752;88.813644;99.640472
23006465;30.602762;64.705589;88.957581;99.666588
23008452;30.901697;64.944801;89.100655;99.691734
23010451;31.200329;65.183365;89.242836;99.715889
23012456;31.498650;65.421295;89.384148;99.739059
23014481;31.796661;65.658569;89.524567;99.761246
23016436;32.094360;65.895203;89.664108;99.782455
23018435;32.391743;66.131187;89.802757;99.802673
23020436;32.688801;66.366516;89.940521;99.821899
23022436;32.985538;66.601181;90.077408;99.840149
23024434;33.281952;66.835197;90.213394;99.857414
23026481;33.578037;67.068550;90.348495;99.873695
23028458;33.873787;67.301247;90.482697;99.888985
23030456;34.169209;67.533279;90.616020;99.903290
23032457;34.464294;67.764648;90.748444;99.916611
23034452;34.759029;67.995331;90.879967;99.928947
23036477;35.053429;68.225357;91.010597;99.940285
23038437;35.347485;68.454712;91.140327;99.950661
23040440;35.641186;68.683388;91.269157;99.960030
23042438;35.934536;68.911377;91.397087;99.968422
23044433;36.227535;69.138695;91.524117;99.975815
23046496;36.520176;69.365326;91.650238;99.982239
23048477;36.812454;69.591278;91.775467;99.987663
23050460;37.104370;69.816544;91.899780;99.992104
23052454;37.395920;70.041107;92.023178;99.995552
23054459;37.687099;70.264992;92.145683;99.998024
23056457;37.977905;70.488182;92.267273;99.999496
23058474;38.268341;70.710678;92.387955;100.000000
23060441;38.558399;70.932472;92.507721;99.999504
23062438;38.848072;71.153564;92.626579;99.998024
23064441;39.137363;71.373955;92.744514;99.995552
23066439;39.281864;71.483887;92.803146;99.993958
23068475;39.714787;71.812630;92.977646;99.987663
23070434;40.002911;72.030899;93.092834;99.982231
23072437;40.290646;72.248459;93.207108;99.975822
23074430;40.577976;72.465309;93.320457;99.968414
23076431;40.864906;72.681442;93.432892;99.960030
23078431;41.151436;72.896866;93.544403;99.950653
23080473;41.437557;73.111557;93.654976;99.940285
23082454;41.723270;73.325531;93.764648;99.928947
23084454;42.008572;73.538780;93.873383;99.916611
23086460;42.293461;73.751305;93.981194;99.903297
23088456;42.577927;73.963104;94.088074;99.888977
23090469;42.861973;74.174171;94.194031;99.873688
23092439;43.145603;74.384514;94.299049;99.857414
23094437;43.428806;74.594116;94.403145;99.840149
23096433;43.711575;74.802971;94.506302;99.821899
23098437;43.993916;75.011101;94.608536;99.802666
23100434;44.275822;75.218491;94.709824;99.782448
23102476;44.557289;75.425133;94.810188;99.761246
23104463;44.838318;75.631035;94.909607;99.739052
23106463;45.118908;75.836189;95.008102;99.715889
23108455;45.399048;76.040588;95.105652;99.691727
23110452;45.678741;76.244247;95.202255;99.666588
23112469;45.957985;76.447151;95.297935;99.640465
23114437;46.236774;76.649300;95.392654;99.613358
23116433;46.375996;76.750092;95.439674;99.599434
23118439;46.792980;77.051315;95.579300;99.556190
23120438;47.070389;77.251198;95.671204;99.526138
23122432;47.347336;77.450302;95.762161;99.495102
23124471;47.623817;77.648643;95.852173;99.463074
23126461;47.899826;77.846230;95.941246;99.430069
23128456;48.175365;78.043030;96.029366;99.396095
23130455;48.450424;78.239075;96.116539;99.361130
23132457;48.725014;78.434341;96.202759;99.325180
23134474;48.999115;78.628838;96.288040;99.288254
23136462;49.272736;78.822556;96.372368;99.250343
23138453;49.545868;79.015503;96.455742;99.211464
23140452;49.818508;79.207657;96.538162;99.171600
23142453;50.090660;79.399033;96.619629;99.130753
23144470;50.362320;79.589630;96.700142;99.088928
23146439;50.633476;79.779434;96.779701;99.046135
23148437;50.904137;79.968460;96.858307;99.002357
23150439;51.174294;80.156693;96.935966;98.957603
23152439;51.443951;80.344139;97.012650;98.911873
23154434;51.713097;80.530785;97.088394;98.865166
23156477;51.981728;80.716637;97.163162;98.817490
23158463;52.249855;80.901695;97.236984;98.768829
23160459;52.517464;81.085953;97.309845;98.719193
23162457;52.784550;81.269417;97.381744;98.668587
23164454;53.051121;81.452072;97.452690;98.617004
23166481;53.317158;81.633926;97.522667;98.564461
23168438;53.582676;81.814972;97.591675;98.510925
23170438;53.847664;81.995209;97.659721;98.456421
23172435;54.112125;82.174637;97.726807;98.400948
23174438;54.376041;82.353249;97.792923;98.344513
23176439;54.639435;82.531059;97.858086;98.287102
23178475;54.902279;82.708046;97.922279;98.228714
23180455;55.164581;82.884232;97.985497;98.169365
23182456;55.426346;83.059586;98.047760;98.109039
23184455;55.687557;83.234116;98.109039;98.047752
23186460;55.948223;83.407845;98.169365;97.985504
23188482;56.208336;83.580734;98.228722;97.922279
23190444;56.338184;83.666870;98.258041;97.890305
23192433;56.726891;83.924042;98.344513;97.792931
23194439;56.985329;84.094452;98.400955;97.726807
23196437;57.243210;84.264038;98.456429;97.659721
23198436;57.500523;84.432793;98.510933;97.591675
23200473;57.757271;84.600708;98.564461;97.522659
23202454;58.013447;84.767792;98.617012;97.452690
23204451;58.269047;84.934044;98.668594;97.381744
23206460;58.524071;85.099449;98.719193;97.309837
23208456;58.778526;85.264015;98.768829;97.236984
23210478;59.032394;85.427734;98.817490;97.163177
23212440;59.285683;85.590622;98.865173;97.088394
23214437;59.538383;85.752663;98.911880;97.012657
23216438;59.790497;85.913864;98.957611;96.935966
23218433;60.042023;86.074196;99.002365;96.858307
23220436;60.292953;86.233696;99.046135;96.779709
23222475;60.543285;86.392334;99.088943;96.700142
23224463;60.793026;86.550125;99.130760;96.619629
23226458;61.042168;86.707069;99.171600;96.538162
23228452;61.290707;86.863152;99.211472;96.455742
23230453;61.538635;87.018372;99.250351;96.372368
23232470;61.785961;87.172737;99.288261;96.288040
23234439;62.032669;87.326241;99.325180;96.202766
23236435;62.278770;87.478882;99.361130;96.116539
23238436;62.524265;87.630669;99.396095;96.029366
23240441;62.769135;87.781578;99.430069;95.941246
23242434;63.013386;87.931625;99.463081;95.852180
23244475;63.257015;88.080811;99.495102;95.762169
23246461;63.500015;88.229118;99.526146;95.671204
23248455;63.742393;88.376556;99.556198;95.579300
23250455;63.984142;88.523125;99.585266;95.486450
23252455;64.225266;88.668823;99.613358;95.392670
23254459;64.465744;88.813637;99.640465;95.297935
23256434;64.705597;88.957581;99.666588;95.202263
23258438;64.944801;89.100647;99.691734;95.105652
23260434;65.183365;89.242836;99.715889;95.008102
23262435;65.421295;89.384140;99.739059;94.909622
23264472;65.658569;89.524551;99.761246;94.810188
23266437;65.776978;89.594444;99.771973;94.709824
23268433;66.131187;89.802757;99.802673;94.608536
23270438;66.366508;89.940521;99.821907;94.506310
23272437;66.601189;90.077400;99.840149;94.403145
23274437;66.835197;90.213394;99.857422;94.299057
23276474;67.068550;90.348488;99.873695;94.194023
23278455;67.301247;90.482697;99.888992;94.088074
23280458;67.533279;90.616020;99.903297;93.981194
23282459;67.764648;90.748444;99.916611;93.873390
23284462;67.995331;90.879967;99.928947;93.764648
23286503;68.225357;91.010597;99.940285;93.654991
23288461;68.454704;91.140327;99.950661;93.544403
23290460;68.683380;91.269150;99.960030;93.432892
23292455;68.911377;91.397079;99.968414;93.320465
23294456;69.138695;91.524109;99.975815;93.207108
23296461;69.365326;91.650238;99.982231;93.092834
23298477;69.591278;91.775459;99.987656;92.977646
23300459;69.816536;91.899773;99.992104;92.861542
23302455;70.041107;92.023178;99.995552;92.744514
23304455;70.264992;92.145676;99.998024;92.626572
23306456;70.488182;92.267265;99.999504;92.507713
23308503;70.710678;92.387947;99.999992;92.387947
23310477;70.932472;92.507721;99.999512;92.267273
23312436;71.153572;92.626572;99.998024;92.145683
23314433;71.373955;92.744507;99.995552;92.023178
23316433;71.483887;92.803131;99.993950;91.961586
23318438;71.812630;92.977646;99.987663;91.775467
23320624;72.030899;93.092842;99.982239;91.650238
23322461;72.248459;93.207100;99.975815;91.524117
23324459;72.465309;93.320465;99.968414;91.397079
23326462;72.681450;93.432892;99.960030;91.269157
23328458;72.896866;93.544403;99.950661;91.140335
23330455;73.111557;93.654991;99.940285;91.010597
23332472;73.325539;93.764648;99.928955;90.879967
23334435;73.538788;93.873390;99.916611;90.748444
23336440;73.751320;93.981194;99.903297;90.616020
23338433;73.963112;94.088074;99.888977;90.482697
23340436;74.174179;94.194031;99.873695;90.348495
23342464;74.384514;94.299049;99.857414;90.213387
23344437;74.594116;94.403145;99.840149;90.077400
23346434;74.802986;94.506310;99.821915;89.940521
23348436;75.011108;94.608536;99.802673;89.802757
23350438;75.218498;94.709831;99.782455;89.664101
23352435;75.425140;94.810188;99.761246;89.524567
23354470;75.631042;94.909622;99.739059;89.384148
23356466;75.836197;95.008102;99.715889;89.242844
23358453;76.040596;95.105652;99.691734;89.100655
23360454;76.244255;95.202263;99.666588;88.957581
23362456;76.447151;95.297935;99.640465;88.813637
23364477;76.649300;95.392662;99.613365;88.668831
23366439;76.850693;95.486450;99.585266;88.523125
23368440;77.051323;95.579300;99.556198;88.376572
23370436;77.251198;95.671204;99.526146;88.229126
23372438;77.450302;95.762161;99.495102;88.080811
23374513;77.648651;95.852180;99.463081;87.931625
23376465;77.846230;95.941246;99.430069;87.781586
23378461;78.043045;96.029373;99.396095;87.630676
23380453;78.239082;96.116539;99.361130;87.478889
23382455;78.434349;96.202766;99.325195;87.326256
23384455;78.628838;96.288040;99.288261;87.172745
23386475;78.822556;96.372368;99.250351;87.018372
23388442;79.015503;96.455742;99.211464;86.863152
23390438;79.207657;96.538162;99.171600;86.707077
23392437;79.399040;96.619629;99.130760;86.550125
23394438;79.589638;96.700150;99.088943;86.392342
23396623;79.779442;96.779701;99.046150;86.233696
23398462;79.968468;96.858307;99.002365;86.074196
23400461;80.156693;96.935966;98.957611;85.913864
23402456;80.344131;97.012650;98.911880;85.752663
23404456;80.530785;97.088394;98.865173;85.590622
23406462;80.716637;97.163162;98.817482;85.427734
23408473;80.901695;97.236992;98.768829;85.264015
23410437;81.085953;97.309845;98.719200;85.099449
23412439;81.269417;97.381744;98.668587;84.934036
23414440;81.452065;97.452682;98.617012;84.767792
23416436;81.543091;97.487785;98.590851;84.684357
23418438;81.814972;97.591667;98.510925;84.432793
23420474;81.995209;97.659721;98.456429;84.264038
23422462;82.174637;97.726807;98.400948;84.094452
23424455;82.353249;97.792923;98.344513;83.924042
23426463;82.531059;97.858086;98.287109;83.752800
23428460;82.708054;97.922279;98.228722;83.580734
23430463;82.884232;97.985497;98.169373;83.407845
23432438;83.059586;98.047760;98.109055;83.234131
23434439;83.234123;98.109039;98.047760;83.059586
23436438;83.407837;98.169365;97.985504;82.884232
23438438;83.580734;98.228722;97.922279;82.708054
23440511;83.752800;98.287102;97.858086;82.531059
23442460;83.924042;98.344513;97.792938;82.353256
23444457;84.094452;98.400948;97.726807;82.174637
23446454;84.264038;98.456421;97.659721;81.995209
23448456;84.432785;98.510925;97.591675;81.814972
23450456;84.600708;98.564453;97.522652;81.633919
23452477;84.767792;98.617004;97.452690;81.452080
23454436;84.934029;98.668587;97.381744;81.269409
23456433;85.099449;98.719193;97.309845;81.085953
23458435;85.264008;98.768829;97.236992;80.901703
23460435;85.427734;98.817482;97.163162;80.716637
23462435;85.590622;98.865166;97.088394;80.530785
23464475;85.752663;98.911873;97.012650;80.344131
23466466;85.913857;98.957603;96.935966;80.156693
23468458;86.074203;99.002365;96.858307;79.968468
23470454;86.233688;99.046135;96.779701;79.779449
23472456;86.392334;99.088936;96.700142;79.589638
23474472;86.550125;99.130753;96.619629;79.399040
23476464;86.707062;99.171600;96.538162;79.207657
23478457;86.863152;99.211464;96.455742;79.015503
23480455;87.018372;99.250343;96.372368;78.822556
23482462;87.172737;99.288254;96.288040;78.628838
23484476;87.326241;99.325180;96.202759;78.434341
23486431;87.478882;99.361122;96.116539;78.239082
23488437;87.630669;99.396095;96.029366;78.043045
23490435;87.781578;99.430069;95.941246;77.846230
23492434;87.931625;99.463081;95.852188;77.648651
23494435;88.080803;99.495094;95.762161;77.450302
23496474;88.229111;99.526131;95.671204;77.251198
23498457;88.376549;99.556190;95.579300;77.051331
23500455;88.523125;99.585266;95.486458;76.850700
23502454;88.668823;99.613358;95.392662;76.649300
23504456;88.813637;99.640465;95.297935;76.447159
23506476;88.957581;99.666595;95.202271;76.244263
23508440;89.100647;99.691734;95.105652;76.040596
23510444;89.242828;99.715881;95.008102;75.836197
23512434;89.384140;99.739059;94.909607;75.631035
23514435;89.524559;99.761246;94.810188;75.425133
23516444;89.664093;99.782448;94.709824;75.218498
23518478;89.802757;99.802666;94.608536;75.011108
23520457;89.940521;99.821907;94.506302;74.802979
23522454;90.077400;99.840149;94.403145;74.594116
23524455;90.213387;99.857414;94.299057;74.384514
23526457;90.348495;99.873695;94.194031;74.174187
23528474;90.482697;99.888977;94.088081;73.963120
23530440;90.616020;99.903290;93.981201;73.751320
23532435;90.748444;99.916611;93.873383;73.538795
23534433;90.879967;99.928947;93.764648;73.325539
23536441;91.010597;99.940292;93.654991;73.111565
23538439;91.140327;99.950661;93.544403;72.896866
23540473;91.269150;99.960030;93.432892;72.681450
23542455;91.397087;99.968422;93.320465;72.465309
23544456;91.524117;99.975822;93.207108;72.248459
23546466;91.650238;99.982239;93.092850;72.030899
23548456;91.775467;99.987663;92.977646;71.812630
23550474;91.899780;99.992104;92.861542;71.593651
23552435;92.023178;99.995560;92.744514;71.373978
23554433;92.145683;99.998024;92.626579;71.153572
23556435;92.267273;99.999512;92.507729;70.932480
23558438;92.387947;100.000000;92.387955;70.710686
23560436;92.507721;99.999504;92.267273;70.488190
23562472;92.626572;99.998024;92.145683;70.264992
23564457;92.744514;99.995552;92.023186;70.041122
23566455;92.803139;99.993950;91.961601;69.928917
23568457;92.977646;99.987663;91.775467;69.591278
23570453;93.092834;99.982231;91.650238;69.365334
23572454;93.207108;99.975815;91.524109;69.138695
23574441;93.320465;99.968422;91.397087;68.911377
23576436;93.432892;99.960030;91.269157;68.683388
23578435;93.544403;99.950653;91.140327;68.454720
23580439;93.654991;99.940292;91.010605;68.225365
23582472;93.764648;99.928947;90.879974;67.995346
23584437;93.873383;99.916611;90.748444;67.764648
23586437;93.981194;99.903297;90.616020;67.533287
23588439;94.088074;99.888992;90.482712;67.301262
23590433;94.194031;99.873695;90.348495;67.068558
23592436;94.299057;99.857414;90.213394;66.835197
23594475;94.403145;99.840157;90.077415;66.601196
23596463;94.506310;99.821907;89.940521;66.366516
23598457;94.608536;99.802673;89.802757;66.131187
23600460;94.709831;99.782455;89.664101;65.895210
23602455;94.810196;99.761246;89.524567;65.658577
23604478;94.909615;99.739059;89.384148;65.421310
23606439;95.008102;99.715889;89.242844;65.183380
23608432;95.105652;99.691734;89.100662;64.944817
23610431;95.202271;99.666595;88.957588;64.705597
23612440;95.297935;99.640472;88.813652;64.465752
23614439;95.392670;99.613365;88.668831;64.225266
23616477;95.486458;99.585274;88.523140;63.984142
23618460;95.579300;99.556198;88.376572;63.742405
23620456;95.671204;99.526146;88.229126;63.500023
23622457;95.762169;99.495102;88.080811;63.257015
23624457;95.852180;99.463081;87.931633;63.013393
23626479;95.941254;99.430084;87.781586;62.769138
23628442;96.029373;99.396095;87.630669;62.524258
23630443;96.116547;99.361130;87.478897;62.278790
23632434;96.202766;99.325188;87.326256;62.032688
23634440;96.288040;99.288261;87.172752;61.785973
23636439;96.372368;99.250351;87.018379;61.538651
23638478;96.455742;99.211464;86.863159;61.290710
23640460;96.538162;99.171608;86.707077;61.042179
23642456;96.619637;99.130760;86.550140;60.793041
23644455;96.700150;99.088943;86.392342;60.543293
23646458;96.779709;99.046150;86.233704;60.292961
23648479;96.858315;99.002365;86.074211;60.042030
23650440;96.935966;98.957611;85.913857;59.790497
23652438;97.012665;98.911880;85.752670;59.538387
23654437;97.088394;98.865173;85.590622;59.285683
23656438;97.163177;98.817490;85.427742;59.032394
23658437;97.236992;98.768837;85.264023;58.778538
23660477;97.309853;98.719200;85.099457;58.524086
23662459;97.381752;98.668594;84.934044;58.269054
23664454;97.452690;98.617020;84.767799;58.013458
23666456;97.522667;98.564461;84.600716;57.757275
23668458;97.591682;98.510933;84.432793;57.500530
23670469;97.659721;98.456429;84.264053;57.243221
23672435;97.726814;98.400970;84.094467;56.985344
23674432;97.792938;98.344513;83.924049;56.726898
23676430;97.858086;98.287109;83.752808;56.467903
23678432;97.922287;98.228722;83.580742;56.208344
23680613;97.985504;98.169365;83.407845;55.948223
23682463;98.047760;98.109055;83.234131;55.687569
23684457;98.109055;98.047768;83.059601;55.426361
23686461;98.169373;97.985504;82.884239;55.164593
23688456;98.228722;97.922287;82.708061;54.902290
23690456;98.287109;97.858086;82.531067;54.639442
23692457;98.344521;97.792938;82.353264;54.376053
23694434;98.400963;97.726807;82.174644;54.112137
23696439;98.456436;97.659729;81.995216;53.847675
23698434;98.510933;97.591675;81.814972;53.582680
23700432;98.564461;97.522667;81.633934;53.317173
23702476;98.617020;97.452690;81.452080;53.051125
23704440;98.668602;97.381744;81.269417;52.784550
23706434;98.719200;97.309853;81.085960;52.517467
23708434;98.768837;97.236992;80.901703;52.249863
23710436;98.817490;97.163170;80.716637;51.981728
23712439;98.865173;97.088402;80.530800;51.713108
23714476;98.911880;97.012657;80.344139;51.443966
23716460;98.934868;96.974442;80.250526;51.309196
23718458;99.002365;96.858322;79.968475;50.904156
23720455;99.046143;96.779709;79.779449;50.633492
23722457;99.088943;96.700150;79.589638;50.362324
23724477;99.130760;96.619637;79.399048;50.090672
23726434;99.171608;96.538162;79.207672;49.818516
23728434;99.211472;96.455742;79.015503;49.545868
23730436;99.250359;96.372375;78.822563;49.272743
23732433;99.288261;96.288040;78.628845;48.999119
23734434;99.325188;96.202759;78.434349;48.725010
23736479;99.361130;96.116547;78.239082;48.450436
23738461;99.396095;96.029373;78.043053;48.175381
23740455;99.430077;95.941246;77.846237;47.899837
23742455;99.463081;95.852188;77.648666;47.623833
23744453;99.495102;95.762161;77.450310;47.347347
23746479;99.526146;95.671204;77.251205;47.070396
23748442;99.556198;95.579300;77.051331;46.792992
23750440;99.585274;95.486450;76.850700;46.515114
23752447;99.613365;95.392670;76.649300;46.236778
23754443;99.640472;95.297935;76.447159;45.957993
23756434;99.666595;95.202271;76.244255;45.678745
23758474;99.691734;95.105652;76.040596;45.399052
23760462;99.715889;95.008102;75.836197;45.118912
23762461;99.739059;94.909607;75.631035;44.838322
23764457;99.761253;94.810188;75.425133;44.557289
23766460;99.782455;94.709831;75.218506;44.275837
23768468;99.802673;94.608536;75.011116;43.993927
23770442;99.821907;94.506302;74.802986;43.711582
23772434;99.840149;94.403145;74.594124;43.428814
23774440;99.857422;94.299057;74.384514;43.145611
23776439;99.873695;94.194031;74.174179;42.861980
23778434;99.888985;94.088074;73.963112;42.577938
23780476;99.903290;93.981194;73.751312;42.293461
23782458;99.916611;93.873383;73.538788;42.008572
23784454;99.928947;93.764648;73.325539;41.723274
23786460;99.940292;93.654984;73.111557;41.437557
23788456;99.950653;93.544403;72.896866;41.151443
23790473;99.960030;93.432892;72.681442;40.864910
23792440;99.968422;93.320465;72.465324;40.577988
23794430;99.975815;93.207115;72.248474;40.290661
23796432;99.982239;93.092850;72.030914;40.002926
23798436;99.987663;92.977646;71.812630;39.714794
23800436;99.992104;92.861542;71.593651;39.426285
23802477;99.995560;92.744514;71.373962;39.137375
23804456;99.998024;92.626572;71.153572;38.848080
23806458;99.999504;92.507721;70.932480;38.558407
23808458;100.000000;92.387947;70.710686;38.268349
23810454;99.999504;92.267265;70.488182;37.977909
23812474;99.998024;92.145691;70.264999;37.687111
23814438;99.995560;92.023186;70.041115;37.395924
23816436;99.993958;91.961594;69.928917;37.250195
23818439;99.987663;91.775467;69.591278;36.812462
23820437;99.982239;91.650246;69.365341;36.520187
23822438;99.975815;91.524117;69.138702;36.227547
23824471;99.968422;91.397095;68.911392;35.934555
23826459;99.960030;91.269150;68.683395;35.641197
23828451;99.950661;91.140327;68.454720;35.347488
23830451;99.940292;91.010597;68.225372;35.053444
23832457;99.928947;90.879967;67.995346;34.759037
23834478;99.916611;90.748444;67.764648;34.464298
23836436;99.903290;90.616020;67.533287;34.169220
23838437;99.888985;90.482704;67.301247;33.873795
23840442;99.873695;90.348495;67.068550;33.578041
23842435;99.857422;90.213402;66.835205;33.281963
23844470;99.840157;90.077408;66.601196;32.985542
23846441;99.821907;89.940521;66.366516;32.688816
23848432;99.802673;89.802757;66.131195;32.391758
23850433;99.782455;89.664108;65.895210;32.094372
23852437;99.761253;89.524567;65.658585;31.796669
23854440;99.739059;89.384148;65.421310;31.498665
23856473;99.715889;89.242836;65.183380;31.200336
23858435;99.691734;89.100655;64.944809;30.901707
23860439;99.666595;88.957588;64.705605;30.602774
23862431;99.640472;88.813652;64.465752;30.303532
23864441;99.613365;88.668831;64.225266;30.003992
23866535;99.599442;88.523132;63.984154;29.704166
23868457;99.556198;88.376564;63.742401;29.404036
23870458;99.526146;88.229126;63.500023;29.103617
23872457;99.495102;88.080811;63.257015;28.802916
23874455;99.463081;87.931633;63.013397;28.501940
23876463;99.430077;87.781578;62.769146;28.200665
23878476;99.396095;87.630669;62.524277;27.899126
23880434;99.361130;87.478897;62.278782;27.597300
23882441;99.325188;87.326248;62.032677;27.295198
23884435;99.288261;87.172745;61.785965;26.992842
23886436;99.250359;87.018379;61.538643;26.690208
23888474;99.211472;86.863152;61.290710;26.387306
23890441;99.171608;86.707077;61.042179;26.084160
23892438;99.130768;86.550133;60.793030;25.780743
23894433;99.088943;86.392342;60.543293;25.477072
23896435;99.046150;86.233704;60.292961;25.173161
23898435;99.002365;86.074203;60.042023;24.868990
23900474;98.957619;85.913864;59.790504;24.564585
23902460;98.911888;85.752670;59.538399;24.259939
23904455;98.865173;85.590630;59.285694;23.955040
23906460;98.817497;85.427750;59.032398;23.649906
23908456;98.768837;85.264023;58.778538;23.344549
23910456;98.719200;85.099449;58.524078;23.038950
23912471;98.668602;84.934044;58.269054;22.733126
23914458;98.617020;84.767799;58.013458;22.427086
23916460;98.564461;84.600708;57.757275;22.120817
23918460;98.510933;84.432793;57.500530;21.814325
23920453;98.456436;84.264046;57.243221;21.507629
23922463;98.400970;84.094467;56.985336;21.200716
23924436;98.344521;83.924042;56.726898;20.893587
23926440;98.287109;83.752808;56.467896;20.586267
23928438;98.228729;83.580742;56.208347;20.278742
23930436;98.169380;83.407852;55.948238;19.971018
23932635;98.109055;83.234131;55.687569;19.663084
23934464;98.047768;83.059601;55.426361;19.354956
23936458;97.985512;82.884247;55.164604;19.046650
23938460;97.922287;82.708061;54.902290;18.738142
23940455;97.858093;82.531067;54.639442;18.429453
23942456;97.792938;82.353271;54.376060;18.120592
23944478;97.726814;82.174644;54.112137;17.811539
23946463;97.659729;81.995216;53.847672;17.502310
23948451;97.591682;81.814972;53.582687;17.192921
23950452;97.522667;81.633926;53.317165;16.883350
23952456;97.452690;81.452065;53.051113;16.573614
23954469;97.381760;81.269424;52.784573;16.263739
23956469;97.309860;81.085968;52.517479;15.953675
23958454;97.237000;80.901703;52.249866;15.643456
23960454;97.163185;80.716660;51.981747;15.333097
23962456;97.088402;80.530800;51.713108;15.022573
23964455;97.012665;80.344139;51.443958;14.711899
23966475;96.935974;80.156708;51.174313;14.401093
23968440;96.858322;79.968468;50.904156;14.090136
23970435;96.779716;79.779449;50.633492;13.779037
23972435;96.700157;79.589638;50.362331;13.467813
23974433;96.619637;79.399040;50.090672;13.156446
23976439;96.538170;79.207664;49.818512;12.844947
23978471;96.455750;79.015503;49.545876;12.533334
23980458;96.372375;78.822563;49.272739;12.221585
23982453;96.288048;78.628853;48.999126;11.909729
23984456;96.202774;78.434357;48.725025;11.597755
23986459;96.116547;78.239090;48.450439;11.285654
23988472;96.029373;78.043045;48.175385;10.973442
23990439;95.941254;77.846245;47.899849;10.661134
23992439;95.852188;77.648659;47.623833;10.348704
23994436;95.762169;77.450310;47.347347;10.036180
23996433;95.671211;77.251205;47.070408;9.723562
23998433;95.579308;77.051331;46.792992;9.410843
24000470;95.486458;76.850693;46.515114;9.098026
24002459;95.392670;76.649307;46.236782;8.785131
24004456;95.297935;76.447159;45.957989;8.472138
24006459;95.202271;76.244255;45.678745;8.159065
24008456;95.105659;76.040611;45.399071;7.845932
24010473;95.008110;75.836205;45.118923;7.532695
24012442;94.909622;75.631042;44.838333;7.219386
24014437;94.810196;75.425148;44.557308;6.906024
24016442;94.760132;75.321922;44.416626;6.749305
24018438;94.608536;75.011108;43.993927;6.279058
24020476;94.506317;74.802986;43.711590;5.965498
24022439;94.403152;74.594124;43.428814;5.651865
24024434;94.299057;74.384514;43.145607;5.338177
24026436;94.194038;74.174187;42.861984;5.024442
24028438;94.088081;73.963112;42.577942;4.710653
24030436;93.981201;73.751312;42.293465;4.396817
24032476;93.873390;73.538795;42.008579;4.082945
24034458;93.764648;73.325531;41.723274;3.769022
24036462;93.654999;73.111565;41.437565;3.455079
24038457;93.544411;72.896873;41.151451;3.141096
24040456;93.432907;72.681458;40.864925;2.827072
24042472;93.320465;72.465317;40.577984;2.513018
24044438;93.207123;72.248474;40.290661;2.198956
24046439;93.092850;72.030914;40.002926;1.884857
24048436;92.977646;71.812630;39.714794;1.570734
24050436;92.861542;71.593651;39.426285;1.256618
24052434;92.744514;71.373962;39.137375;0.942472
24054477;92.626579;71.153572;38.848080;0.628316
24056463;92.507729;70.932480;38.558407;0.314170
24058460;92.387955;70.710686;38.268349;0.000003
24060456;92.267273;70.488182;37.977909;-0.314158
24062451;92.145691;70.265015;37.687119;-0.628296
24064474;92.023193;70.041122;37.395935;-0.942451
24066443;91.961601;69.928917;37.250202;-1.099524
24068435;91.775475;69.591293;36.812473;-1.570714
24070437;91.650246;69.365334;36.520187;-1.884833
24072439;91.524117;69.138702;36.227539;-2.198935
24074434;91.397095;68.911392;35.934551;-2.512994
24076478;91.269157;68.683388;35.641197;-2.827048
24078454;91.140327;68.454712;35.347485;-3.141072
24080454;91.010597;68.225365;35.053440;-3.455052
24082454;90.879974;67.995338;34.759037;-3.769013
24084454;90.748444;67.764641;34.464287;-4.082933
24086476;90.616020;67.533279;34.169209;-4.396814
24088448;90.482712;67.301262;33.873806;-4.710629
24090441;90.348503;67.068558;33.578049;-5.024421
24092435;90.213394;66.835197;33.281956;-5.338165
24094435;90.077415;66.601196;32.985558;-5.651832
24096434;89.940529;66.366516;32.688820;-5.965466
24098475;89.802765;66.131195;32.391754;-6.279037
24100458;89.664108;65.895210;32.094372;-6.592551
24102453;89.524567;65.658585;31.796669;-6.906000
24104460;89.384140;65.421288;31.498646;-7.219380
24106460;89.242844;65.183388;31.200344;-7.532662
24108470;89.100662;64.944809;30.901712;-7.845893
24110444;88.957588;64.705605;30.602774;-8.159054
24112440;88.813644;64.465752;30.303530;-8.472127
24114440;88.668823;64.225258;30.003986;-8.785120
24116437;88.523125;63.984138;29.704151;-9.098026
24118436;88.376564;63.742405;29.404041;-9.410816
24120473;88.229126;63.500023;29.103624;-9.723544
24122460;88.080811;63.257015;28.802916;-10.036167
24124456;87.931625;63.013382;28.501923;-10.348699
24126462;87.781578;62.769127;28.200649;-10.661122
24128454;87.630661;62.524254;27.899096;-10.973445
24130475;87.478897;62.278793;27.597311;-11.285609
24132439;87.326256;62.032688;27.295212;-11.597711
24134438;87.172745;61.785973;26.992849;-11.909697
24136438;87.018379;61.538643;26.690207;-12.221569
24138436;86.863152;61.290707;26.387314;-12.533316
24140441;86.707069;61.042168;26.084152;-12.844941
24142473;86.550140;60.793041;25.780758;-13.156411
24144458;86.392349;60.543297;25.477087;-13.467783
24146457;86.233696;60.292961;25.173164;-13.779020
24148456;86.074203;60.042023;24.868988;-14.090117
24150454;85.913857;59.790497;24.564579;-14.401073
24152521;85.752663;59.538376;24.259922;-14.711893
24154464;85.590630;59.285690;23.955044;-15.022543
24156454;85.427750;59.032406;23.649914;-15.333065
24158456;85.264015;58.778526;23.344538;-15.643438
24160454;85.099449;58.524071;23.038942;-15.953657
24162453;84.934029;58.269035;22.733120;-16.263720
24164469;84.767799;58.013458;22.427092;-16.573593
24166461;84.684357;57.885426;22.273970;-16.883335
24168456;84.432793;57.500523;21.814325;-17.192904
24170454;84.264038;57.243210;21.507627;-17.502302
24172452;84.094452;56.985329;21.200708;-17.811531
24174473;83.924034;56.726883;20.893579;-18.120584
24176441;83.752808;56.467896;20.586267;-18.429432
24178438;83.580734;56.208336;20.278728;-18.738127
24180438;83.407845;55.948223;19.970995;-19.046635
24182433;83.234116;55.687546;19.663059;-19.354958
24184436;83.059601;55.426361;19.354959;-19.663054
24186477;82.884232;55.164593;19.046640;-19.970985
24188460;82.708069;54.902302;18.738163;-20.278698
24190453;82.531075;54.639454;18.429466;-20.586231
24192454;82.531075;54.376064;18.120592;-20.893570
24194452;82.174644;54.112137;17.811541;-21.200699
24196474;81.995216;53.847672;17.502312;-21.507614
24198437;81.814972;53.582680;17.192913;-21.814323
24200439;81.633934;53.317177;16.883364;-22.120789
24202431;81.452087;53.051140;16.573631;-22.427052
24204436;81.269424;52.784561;16.263733;-22.733107
24206435;81.085960;52.517467;15.953669;-23.038933
24208475;80.901703;52.249855;15.643451;-23.344532
24210460;80.716637;51.981735;15.333075;-23.649895
24212458;80.530800;51.713108;15.022582;-23.955011
24214455;80.344147;51.443958;14.711899;-24.259911
24216459;80.156700;51.174309;14.401081;-24.564569
24218474;79.968468;50.904148;14.090130;-24.868980
24220437;79.779449;50.633484;13.779029;-25.173155
24222434;79.589630;50.362312;13.467794;-25.477079
24224438;79.399048;50.090675;13.156450;-25.780720
24226433;79.207664;49.818516;12.844944;-26.084148
24228439;79.015503;49.545868;12.533325;-26.387304
24230473;78.822556;49.272732;12.221578;-26.690197
24232460;78.628838;48.999107;11.909712;-26.992836
24234458;78.434341;48.724998;11.597720;-27.295208
24236457;78.239082;48.450428;11.285645;-27.597279
24238459;78.043053;48.175388;10.973456;-27.899086
24240477;77.846237;47.899841;10.661134;-28.200638
24242440;77.648666;47.623837;10.348713;-28.501907
24244436;77.450310;47.347347;10.036182;-28.802904
24246439;77.251205;47.070400;9.723559;-29.103613
24248441;77.051338;46.793003;9.410858;-29.404005
24250434;76.850708;46.515125;9.098044;-29.704136
24252471;76.649315;46.236790;8.785141;-30.003971
24254459;76.447166;45.958000;8.472151;-30.303514
24256460;76.244263;45.678749;8.159068;-30.602753
24258459;76.040604;45.399052;7.845914;-30.901691
24260456;75.836205;45.118923;7.532701;-31.200310
24262471;75.631050;44.838337;7.219398;-31.498632
24264442;75.425148;44.557304;6.906014;-31.796652
24266440;75.218498;44.275829;6.592566;-32.094349
24268432;75.011108;43.993919;6.279051;-32.391739
24270440;74.802986;43.711578;5.965483;-32.688805
24272440;74.594131;43.428822;5.651874;-32.985523
24274473;74.384521;43.145615;5.338177;-33.281940
24276460;74.174179;42.861980;5.024439;-33.578033
24278458;73.963112;42.577927;4.710648;-33.873783
24280455;73.751305;42.293449;4.396805;-34.169216
24282454;73.538780;42.008564;4.082927;-34.464298
24284474;73.325546;41.723282;3.769028;-34.759022
24286439;73.111565;41.437565;3.455070;-35.053429
24288435;72.896866;41.151432;3.141072;-35.347485
24290435;72.681442;40.864899;2.827048;-35.641193
24292433;72.465324;40.577991;2.513024;-35.934528
24294437;72.248474;40.290649;2.198946;-36.227531
24296475;72.030922;40.002934;1.884872;-36.520153
24298459;71.812645;39.714806;1.570749;-36.812435
24300458;71.593658;39.426289;1.256624;-37.104355
24302454;71.373962;39.137371;0.942469;-37.395912
24304454;71.153572;38.848080;0.628319;-37.687092
24306465;70.932480;38.558411;0.314179;-37.977890
24308437;70.710686;38.268360;0.000021;-38.268318
24310438;70.488205;37.977928;-0.314134;-38.558380
24312441;70.265007;37.687115;-0.628302;-38.848061
24314435;70.041122;37.395927;-0.942454;-39.137352
24316637;69.928932;37.250214;-1.099509;-39.281845
24318460;69.591293;36.812477;-1.570705;-39.714764
24320453;69.365349;36.520195;-1.884821;-40.002899
24322455;69.138702;36.227551;-2.198920;-40.290627
24324452;68.911385;35.934551;-2.513000;-40.577961
24326462;68.683395;35.641193;-2.827048;-40.864899
24328470;68.454712;35.347485;-3.141072;-41.151432
24330439;68.225380;35.053452;-3.455046;-41.437538
24332441;67.995354;34.759048;-3.769004;-41.723259
24334435;67.764648;34.464298;-4.082927;-42.008564
24336437;67.533287;34.169216;-4.396805;-42.293449
24338435;67.301247;33.873783;-4.710648;-42.577927
24340475;67.068550;33.578033;-5.024439;-42.861980
24342456;66.835213;33.281963;-5.338153;-43.145592
24344454;66.601196;32.985546;-5.651844;-43.428795
24346458;66.366539;32.688831;-5.965453;-43.711548
24348454;66.131203;32.391762;-6.279027;-43.993896
24350466;65.895226;32.094379;-6.592542;-44.275810
24352436;65.658585;31.796677;-6.905991;-44.557278
24354440;65.421318;31.498680;-7.219350;-44.838291
24356442;65.183395;31.200352;-7.532653;-45.118885
24358436;64.944824;30.901718;-7.845891;-45.399029
24360508;64.705612;30.602779;-8.159044;-45.678722
24362459;64.465759;30.303537;-8.472117;-45.957973
24364460;64.225273;30.003998;-8.785110;-46.236767
24366458;63.984169;29.704184;-9.097994;-46.515087
24368455;63.742416;29.404053;-9.410808;-46.792961
24370457;63.500034;29.103630;-9.723532;-47.070374
24372475;63.257027;28.802925;-10.036159;-47.347328
24374437;63.013393;28.501928;-10.348690;-47.623817
24376440;62.769138;28.200663;-10.661110;-47.899830
24378438;62.524284;27.899132;-10.973414;-48.175350
24380438;62.278790;27.597301;-11.285621;-48.450417
24382435;62.032688;27.295208;-11.597720;-48.724998
24384473;61.785965;26.992836;-11.909712;-48.999107
24386466;61.538635;26.690197;-12.221578;-49.272732
24388457;61.290707;26.387304;-12.533325;-49.545868
24390458;61.042183;26.084164;-12.844926;-49.818497
24392454;60.793037;25.780746;-13.156425;-50.090652
24394468;60.543293;25.477079;-13.467794;-50.362312
24396441;60.292953;25.173155;-13.779029;-50.633484
24398433;60.042034;24.869003;-14.090106;-50.904125
24400431;59.790508;24.564589;-14.401063;-51.174282
24402435;59.538414;24.259958;-14.711854;-51.443916
24404521;59.285706;23.955055;-15.022528;-51.713074
24406466;59.032417;23.649925;-15.333054;-51.981712
24408454;58.778542;23.344555;-15.643424;-52.249836
24410453;58.524086;23.038956;-15.953645;-52.517448
24412450;58.269054;22.733131;-16.263708;-52.784538
24414455;58.013470;22.427105;-16.573584;-53.051090
24416473;57.757290;22.120827;-16.883322;-53.317142
24418458;57.500542;21.814341;-17.192888;-53.582657
24420458;57.243221;21.507639;-17.502293;-53.847652
24422458;56.985344;21.200720;-17.811516;-54.112114
24424456;56.726898;20.893589;-18.120565;-54.376041
24426474;56.467915;20.586285;-18.429419;-54.639404
24428438;56.208355;20.278749;-18.738115;-54.902267
24430437;55.948238;19.971016;-19.046616;-55.164570
24432436;55.687569;19.663080;-19.354939;-55.426334
24434432;55.426353;19.354958;-19.663059;-55.687546
24436438;55.164589;19.046635;-19.970995;-55.948223
24438475;54.902298;18.738152;-20.278704;-56.208313
24440460;54.639446;18.429459;-20.586246;-56.467880
24442456;54.376053;18.120584;-20.893579;-56.726883
24444458;54.112125;17.811531;-21.200708;-56.985329
24446460;53.847664;17.502302;-21.507627;-57.243210
24448475;53.582676;17.192904;-21.814325;-57.500523
24450437;53.317173;16.883356;-22.120792;-57.757252
24452430;53.051144;16.573643;-22.427044;-58.013409
24454440;52.784573;16.263744;-22.733089;-58.269016
24456436;52.517479;15.953681;-23.038923;-58.524059
24458436;52.249874;15.643465;-23.344513;-58.778507
24460470;51.981766;15.333113;-23.649860;-59.032356
24462460;51.713127;15.022593;-23.954996;-59.285652
24464456;51.443977;14.711916;-24.259892;-59.538357
24466464;51.309196;14.556512;-24.412266;-59.790474
24468457;50.904156;14.090138;-24.868971;-60.042007
24470457;50.633492;13.779041;-25.173140;-60.292934
24472437;50.362350;13.467834;-25.477034;-60.543259
24474436;50.090683;13.156462;-25.780710;-60.793007
24476435;49.818527;12.844962;-26.084126;-61.042149
24478437;49.545879;12.533340;-26.387287;-61.290688
24480475;49.272743;12.221586;-26.690191;-61.538624
24482442;48.999119;11.909720;-26.992821;-61.785954
24484441;48.725033;11.597758;-27.295170;-62.032646
24486435;48.450447;11.285657;-27.597269;-62.278759
24488433;48.175381;10.973445;-27.899096;-62.524254
24490631;47.899837;10.661122;-28.200649;-62.769127
24492462;47.623821;10.348699;-28.501923;-63.013382
24494461;47.347336;10.036167;-28.802916;-63.257015
24496462;47.070408;9.723565;-29.103598;-63.500004
24498454;46.792992;9.410840;-29.404020;-63.742386
24500452;46.515114;9.098026;-29.704151;-63.984138
24502469;46.236778;8.785120;-30.003986;-64.225258
24504445;45.957981;8.472127;-30.303530;-64.465752
24506439;45.678757;8.159074;-30.602747;-64.705582
24508433;45.399082;7.845944;-30.901661;-64.944778
24510438;45.118935;7.532710;-31.200302;-65.183350
24512437;44.838341;7.219398;-31.498632;-65.421280
24514477;44.557308;6.906021;-31.796642;-65.658554
24516461;44.275837;6.592572;-32.094345;-65.895195
24518453;43.993927;6.279060;-32.391731;-66.131172
24520457;43.711601;5.965510;-32.688774;-66.366493
24522456;43.428825;5.651879;-32.985516;-66.601166
24524475;43.145622;5.338186;-33.281940;-66.835190
24526442;42.861992;5.024448;-33.578022;-67.068542
24528434;42.577938;4.710653;-33.873783;-67.301239
24530432;42.293461;4.396814;-34.169209;-67.533279
24532440;42.008595;4.082960;-34.464268;-67.764626
24534435;41.723286;3.769034;-34.759018;-67.995323
24536477;41.437569;3.455076;-35.053421;-68.225357
24538457;41.151443;3.141084;-35.347481;-68.454704
24540456;40.864910;2.827060;-35.641186;-68.683388
24542454;40.577976;2.513006;-35.934536;-68.911377
24544458;40.290661;2.198952;-36.227520;-69.138680
24546474;40.002926;1.884854;-36.520164;-69.365318
24548438;39.714794;1.570740;-36.812447;-69.591270
24550443;39.426277;1.256606;-37.104370;-69.816536
24552436;39.137363;0.942460;-37.395924;-70.041122
24554437;38.848068;0.628307;-37.687107;-70.264999
24556440;38.558411;0.314173;-37.977894;-70.488174
24558474;38.268349;0.000003;-38.268337;-70.710670
24560457;37.977936;-0.314134;-38.558376;-70.932457
24562453;37.687119;-0.628296;-38.848057;-71.153549
24564453;37.395935;-0.942451;-39.137356;-71.373947
24566455;37.250214;-1.099512;-39.281841;-71.483871
24568475;36.812485;-1.570702;-39.714760;-71.812607
24570460;36.520203;-1.884821;-40.002888;-72.030891
24572461;36.227558;-2.198917;-40.290623;-72.248444
24574453;35.934555;-2.512994;-40.577961;-72.465302
24576462;35.641201;-2.827045;-40.864895;-72.681442
24578475;35.347488;-3.141069;-41.151432;-72.896858
24580435;35.053455;-3.455037;-41.437531;-73.111542
24582439;34.759052;-3.768998;-41.723251;-73.325523
24584437;34.464306;-4.082921;-42.008560;-73.538773
24586436;34.169220;-4.396802;-42.293449;-73.751305
24588426;33.873795;-4.710641;-42.577927;-73.963104
24590470;33.578037;-5.024433;-42.861973;-74.174171
24592456;33.281975;-5.338147;-43.145584;-74.384499
24594459;32.985558;-5.651837;-43.428791;-74.594101
24596460;32.688812;-5.965474;-43.711567;-74.802971
24598454;32.391747;-6.279048;-43.993919;-75.011108
24600465;32.094360;-6.592563;-44.275822;-75.218491
24602436;31.796658;-6.906009;-44.557301;-75.425133
24604443;31.498665;-7.219368;-44.838310;-75.631035
24606442;31.200336;-7.532674;-45.118904;-75.836182
24608434;30.901703;-7.845905;-45.399048;-76.040596
24610436;30.602762;-8.159065;-45.678745;-76.244255
24612474;30.303522;-8.472138;-45.957989;-76.447159
24614465;30.004025;-8.785087;-46.236748;-76.649277
24616460;29.854134;-8.941558;-46.375977;-76.750069
24618455;29.404058;-9.410808;-46.792953;-77.051308
24620454;29.103638;-9.723529;-47.070374;-77.251183
24622467;28.802931;-10.036156;-47.347324;-77.450294
24624438;28.501940;-10.348683;-47.623806;-77.648636
24626438;28.200689;-10.661083;-47.899803;-77.846207
24628436;27.899137;-10.973406;-48.175343;-78.043022
24630438;27.597309;-11.285618;-48.450409;-78.239067
24632435;27.295212;-11.597720;-48.724998;-78.434334
24634475;26.992840;-11.909707;-48.999107;-78.628838
24636461;26.690207;-12.221572;-49.272728;-78.822556
24638457;26.387331;-12.533298;-49.545849;-79.015488
24640457;26.084169;-12.844925;-49.818493;-79.207649
24642460;25.780756;-13.156420;-50.090645;-79.399025
24644470;25.477085;-13.467787;-50.362309;-79.589630
24646437;25.173161;-13.779023;-50.633476;-79.779442
24648437;24.868990;-14.090122;-50.904137;-79.968468
24650439;24.564596;-14.401060;-51.174282;-80.156693
24652435;24.259939;-14.711875;-51.443939;-80.344131
24654436;23.955040;-15.022551;-51.713093;-80.530785
24656471;23.649906;-15.333073;-51.981735;-80.716637
24658462;23.344538;-15.643446;-52.249863;-80.901703
24660457;23.038939;-15.953666;-52.517475;-81.085968
24662449;22.733135;-16.263700;-52.784538;-81.269402
24664456;22.427086;-16.573605;-53.051113;-81.452065
24666470;22.120813;-16.883341;-53.317158;-81.633926
24668442;21.814348;-17.192888;-53.582661;-81.814957
24670437;21.507641;-17.502291;-53.847660;-81.995201
24672436;21.200726;-17.811514;-54.112114;-82.174637
24674433;20.893621;-18.120544;-54.376019;-82.353241
24676435;20.586288;-18.429419;-54.639412;-82.531052
24678474;20.278751;-18.738110;-54.902260;-82.708046
24680459;19.971016;-19.046616;-55.164574;-82.884224
24682458;19.663082;-19.354937;-55.426342;-83.059586
24684460;19.354956;-19.663063;-55.687557;-83.234123
24686461;19.046659;-19.970972;-55.948204;-83.407822
24688479;18.738153;-20.278708;-56.208317;-83.580727
24690459;18.429462;-20.586243;-56.467880;-83.752792
24692457;18.120588;-20.893579;-56.726883;-83.924042
24694456;17.811537;-21.200703;-56.985329;-84.094452
24696462;17.502310;-21.507622;-57.243217;-84.264038
24698481;17.192932;-21.814304;-57.500511;-84.432777
24700433;16.883362;-22.120792;-57.757259;-84.600700
24702440;16.573624;-22.427063;-58.013432;-84.767784
24704438;16.263723;-22.733116;-58.269035;-84.934029
24706436;15.953663;-23.038940;-58.524071;-85.099449
24708438;15.643445;-23.344540;-58.778530;-85.264015
24710469;15.333096;-23.649883;-59.032379;-85.427734
24712454;15.022570;-23.955019;-59.285675;-85.590622
24714460;14.711897;-24.259918;-59.538376;-85.752663
24716461;14.401080;-24.564575;-59.790497;-85.913864
24718457;14.090120;-24.868992;-60.042023;-86.074203
24720477;13.779022;-25.173164;-60.292965;-86.233704
24722460;13.467834;-25.477039;-60.543262;-86.392319
24724454;13.156466;-25.780708;-60.793007;-86.550117
24726460;12.844968;-26.084126;-61.042149;-86.707054
24728452;12.533342;-26.387287;-61.290688;-86.863136
24730480;12.221595;-26.690186;-61.538624;-87.018364
24732444;11.909726;-26.992821;-61.785950;-87.172737
24734440;11.597764;-27.295166;-62.032654;-87.326225
24736442;11.285663;-27.597263;-62.278759;-87.478874
24738433;10.973451;-27.899092;-62.524246;-87.630653
24740436;10.661130;-28.200644;-62.769127;-87.781570
24742475;10.348703;-28.501919;-63.013382;-87.931625
24744462;10.036177;-28.802908;-63.257008;-88.080803
24746461;9.723573;-29.103596;-63.500000;-88.229111
24748457;9.410850;-29.404015;-63.742382;-88.376549
24750452;9.098034;-29.704147;-63.984138;-88.523117
24752476;8.785129;-30.003983;-64.225258;-88.668823
24754440;8.472136;-30.303522;-64.465752;-88.813644
24756435;8.159060;-30.602764;-64.705597;-88.957588
24758437;7.845928;-30.901682;-64.944786;-89.100639
24760433;7.532693;-31.200317;-65.183357;-89.242828
24762432;7.219385;-31.498644;-65.421288;-89.384132
24764460;6.906006;-31.796661;-65.658577;-89.524559
24766441;6.749302;-31.945538;-65.776962;-89.664101
24768433;6.279069;-32.391727;-66.131172;-89.802750
24770433;5.965495;-32.688789;-66.366501;-89.940521
24772438;5.651861;-32.985531;-66.601181;-90.077393
24774516;5.338172;-33.281952;-66.835197;-90.213394
24776465;5.024454;-33.578022;-67.068542;-90.348488
24778456;4.710662;-33.873775;-67.301239;-90.482697
24780456;4.396848;-34.169178;-67.533249;-90.615997
24782451;4.082967;-34.464264;-67.764626;-90.748428
24784455;3.769045;-34.759010;-67.995323;-90.879951
24786476;3.455086;-35.053410;-68.225342;-91.010582
24788454;3.141093;-35.347469;-68.454697;-91.140312
24790453;2.827068;-35.641174;-68.683372;-91.269150
24792454;2.513040;-35.934509;-68.911354;-91.397072
24794455;2.198963;-36.227512;-69.138680;-91.524109
24796478;1.884865;-36.520157;-69.365318;-91.650238
24798443;1.570747;-36.812439;-69.591263;-91.775452
24800435;1.256615;-37.104359;-69.816528;-91.899773
24802439;0.942470;-37.395916;-70.041107;-92.023178
24804434;0.628339;-37.687077;-70.264977;-92.145668
24806442;0.314179;-37.977890;-70.488167;-92.267265
24808471;0.000015;-38.268326;-70.710663;-92.387947
24810458;-0.314149;-38.558388;-70.932457;-92.507706
24812456;-0.628309;-38.848068;-71.153564;-92.626572
24814454;-0.942463;-39.137367;-71.373955;-92.744514
24816457;-1.099525;-39.281860;-71.483887;-92.803139
24818479;-1.570717;-39.714775;-71.812614;-92.977646
24820435;-1.884835;-40.002903;-72.030899;-93.092834
24822434;-2.198933;-40.290638;-72.248459;-93.207100
24824436;-2.513010;-40.577976;-72.465309;-93.320457
24826437;-2.827062;-40.864910;-72.681442;-93.432892
24828439;-3.141062;-41.151421;-72.896858;-93.544403
24830475;-3.455031;-41.437523;-73.111534;-93.654976
24832457;-3.768990;-41.723244;-73.325516;-93.764641
24834451;-4.082912;-42.008553;-73.538765;-93.873375
24836460;-4.396794;-42.293446;-73.751297;-93.981186
24838455;-4.710632;-42.577915;-73.963097;-94.088074
24840475;-5.024400;-42.861950;-74.174156;-94.194016
24842439;-5.338142;-43.145580;-74.384491;-94.299042
24844438;-5.651831;-43.428783;-74.594101;-94.403137
24846444;-5.965465;-43.711559;-74.802963;-94.506294
24848443;-6.279039;-43.993904;-75.011101;-94.608528
24850620;-6.592552;-44.275818;-75.218491;-94.709824
24852463;-6.905976;-44.557266;-75.425125;-94.810181
24854453;-7.219356;-44.838303;-75.631020;-94.909599
24856460;-7.532664;-45.118896;-75.836182;-95.008095
24858456;-7.845898;-45.399040;-76.040588;-95.105652
24860455;-8.159054;-45.678734;-76.244247;-95.202263
24862468;-8.472131;-45.957985;-76.447151;-95.297935
24864437;-8.785099;-46.236755;-76.649284;-95.392654
24866432;-9.098004;-46.515091;-76.850685;-95.486443
24868437;-9.410820;-46.792969;-77.051315;-95.579300
24870436;-9.723543;-47.070389;-77.251198;-95.671204
24872470;-10.036171;-47.347336;-77.450302;-95.762161
24874433;-10.348699;-47.623825;-77.648651;-95.852180
24876436;-10.661099;-47.899818;-77.846214;-95.941238
24878435;-10.973421;-48.175358;-78.043030;-96.029358
24880434;-11.285633;-48.450424;-78.239075;-96.116547
24882434;-11.597733;-48.725014;-78.434349;-96.202766
24884474;-11.909697;-48.999100;-78.628830;-96.288040
24886438;-12.221565;-49.272720;-78.822556;-96.372368
24888437;-12.533291;-49.545841;-79.015480;-96.455734
24890438;-12.844914;-49.818485;-79.207649;-96.538147
24892436;-13.156412;-50.090641;-79.399025;-96.619621
24894478;-13.467780;-50.362301;-79.589622;-96.700134
24896437;-13.779016;-50.633465;-79.779442;-96.779709
24898435;-14.090115;-50.904129;-79.968460;-96.858307
24900439;-14.401050;-51.174271;-80.156677;-96.935959
24902440;-14.711868;-51.443935;-80.344131;-97.012650
24904434;-15.022542;-51.713085;-80.530777;-97.088394
24906474;-15.333065;-51.981724;-80.716637;-97.163170
24908459;-15.643438;-52.249847;-80.901695;-97.236992
24910455;-15.953633;-52.517437;-81.085945;-97.309845
24912455;-16.263695;-52.784531;-81.269402;-97.381744
24914453;-16.573595;-53.051102;-81.452057;-97.452682
24916471;-16.728497;-53.184204;-81.543098;-97.487793
24918441;-17.192902;-53.582676;-81.814972;-97.591682
24920439;-17.502304;-53.847664;-81.995216;-97.659721
24922434;-17.811506;-54.112106;-82.174622;-97.726807
24924431;-18.120560;-54.376038;-82.353249;-97.792938
24926441;-18.429432;-54.639423;-82.531059;-97.858086
24928479;-18.738123;-54.902275;-82.708054;-97.922279
24930456;-19.046631;-55.164581;-82.884232;-97.985504
24932454;-19.354950;-55.426346;-83.059601;-98.047760
24934454;-19.663054;-55.687546;-83.234116;-98.109047
24936458;-19.970985;-55.948215;-83.407845;-98.169373
24938470;-20.278700;-56.208313;-83.580719;-98.228714
24940439;-20.586235;-56.467880;-83.752785;-98.287109
24942435;-20.893570;-56.726879;-83.924034;-98.344513
24944433;-21.200695;-56.985317;-84.094452;-98.400963
24946441;-21.507589;-57.243179;-84.264023;-98.456421
24948438;-21.814295;-57.500500;-84.432777;-98.510925
24950473;-22.120785;-57.757252;-84.600700;-98.564461
24952457;-22.427057;-58.013428;-84.767784;-98.617004
24954455;-22.733107;-58.269035;-84.934036;-98.668594
24956460;-23.038933;-58.524067;-85.099449;-98.719200
24958457;-23.344507;-58.778500;-85.264000;-98.768829
24960474;-23.649876;-59.032375;-85.427734;-98.817490
24962440;-23.955011;-59.285664;-85.590622;-98.865173
24964436;-24.259909;-59.538376;-85.752655;-98.911880
24966435;-24.564569;-59.790493;-85.913849;-98.957603
24968435;-24.868984;-60.042023;-86.074203;-99.002365
24970438;-25.173134;-60.292934;-86.233688;-99.046143
24972473;-25.477055;-60.543274;-86.392334;-99.088936
24974455;-25.780725;-60.793018;-86.550125;-99.130760
24976459;-26.084143;-61.042168;-86.707069;-99.171600
24978456;-26.387300;-61.290707;-86.863152;-99.211464
24980455;-26.690201;-61.538635;-87.018379;-99.250359
24982471;-26.992813;-61.785950;-87.172737;-99.288254
24984436;-27.295181;-62.032665;-87.326241;-99.325188
24986437;-27.597281;-62.278770;-87.478889;-99.361130
24988435;-27.899107;-62.524258;-87.630669;-99.396095
24990437;-28.200659;-62.769138;-87.781586;-99.430084
24992436;-28.501909;-63.013374;-87.931618;-99.463074
24994473;-28.802877;-63.256992;-88.080803;-99.495102
24996463;-29.103586;-63.500000;-88.229111;-99.526138
24998458;-29.404009;-63.742382;-88.376556;-99.556198
25000461;-29.704138;-63.984131;-88.523117;-99.585266
25002456;-30.003973;-64.225258;-88.668816;-99.613365
25004479;-30.303516;-64.465736;-88.813637;-99.640472
25006443;-30.602736;-64.705574;-88.957573;-99.666580
25008441;-30.901674;-64.944778;-89.100639;-99.691727
25010434;-31.200310;-65.183350;-89.242828;-99.715889
25012436;-31.498638;-65.421280;-89.384140;-99.739059
25014434;-31.796652;-65.658562;-89.524559;-99.761238
25016475;-32.094357;-65.895203;-89.664101;-99.782455
25018458;-32.391720;-66.131165;-89.802742;-99.802673
25020460;-32.688786;-66.366501;-89.940521;-99.821899
25022451;-32.985527;-66.601166;-90.077393;-99.840149
25024454;-33.281944;-66.835190;-90.213387;-99.857414
25026477;-33.578033;-67.068550;-90.348495;-99.873695
25028444;-33.873791;-67.301247;-90.482704;-99.888985
25030435;-34.169189;-67.533264;-90.616013;-99.903290
25032437;-34.464279;-67.764626;-90.748436;-99.916611
25034443;-34.759026;-67.995331;-90.879967;-99.928947
25036641;-35.053425;-68.225357;-91.010597;-99.940285
25038461;-35.347485;-68.454712;-91.140327;-99.950661
25040453;-35.641193;-68.683388;-91.269157;-99.960030
25042453;-35.934525;-68.911377;-91.397079;-99.968422
25044458;-36.227528;-69.138687;-91.524109;-99.975815
25046455;-36.520149;-69.365311;-91.650238;-99.982231
25048474;-36.812435;-69.591263;-91.775452;-99.987671
25050436;-37.104355;-69.816528;-91.899780;-99.992104
25052438;-37.395885;-70.041084;-92.023170;-99.995552
25054440;-37.687073;-70.264969;-92.145668;-99.998024
25056439;-37.977882;-70.488167;-92.267265;-99.999504
25058441;-38.268322;-70.710663;-92.387939;-100.000000
25060474;-38.558380;-70.932457;-92.507713;-99.999504
25062451;-38.848064;-71.153557;-92.626572;-99.998024
25064456;-39.137337;-71.373932;-92.744499;-99.995552
25066458;-39.281853;-71.483871;-92.803131;-99.993950
25068462;-39.714767;-71.812614;-92.977646;-99.987663
25070469;-40.002899;-72.030891;-93.092827;-99.982231
25072458;-40.290634;-72.248459;-93.207108;-99.975822
25074457;-40.577969;-72.465309;-93.320465;-99.968422
25076456;-40.864883;-72.681427;-93.432884;-99.960037
25078458;-41.151417;-72.896851;-93.544395;-99.950653
25080483;-41.437542;-73.111549;-93.654984;-99.940300
25082437;-41.723259;-73.325523;-93.764641;-99.928940
25084437;-42.008568;-73.538780;-93.873375;-99.916611
25086434;-42.293461;-73.751305;-93.981194;-99.903297
25088433;-42.577911;-73.963097;-94.088066;-99.888977
25090435;-42.861965;-74.174164;-94.194016;-99.873688
25092472;-43.145596;-74.384506;-94.299049;-99.857414
25094463;-43.428799;-74.594101;-94.403145;-99.840149
25096462;-43.711575;-74.802979;-94.506302;-99.821907
25098458;-43.993919;-75.011108;-94.608536;-99.802666
25100454;-44.275787;-75.218460;-94.709816;-99.782448
25102473;-44.557262;-75.425110;-94.810173;-99.761253
25104439;-44.838295;-75.631012;-94.909599;-99.739059
25106432;-45.118885;-75.836166;-95.008087;-99.715889
25108435;-45.399033;-76.040581;-95.105644;-99.691727
25110436;-45.678730;-76.244232;-95.202255;-99.666588
25112469;-45.957954;-76.447128;-95.297920;-99.640465
25114436;-46.236752;-76.649277;-95.392654;-99.613358
25116438;-46.515087;-76.850677;-95.486435;-99.585266
25118439;-46.792965;-77.051308;-95.579300;-99.556198
25120438;-47.070381;-77.251183;-95.671204;-99.526138
25122434;-47.347332;-77.450302;-95.762161;-99.495094
25124474;-47.623795;-77.648628;-95.852158;-99.463074
25126464;-47.899811;-77.846214;-95.941231;-99.430069
25128455;-48.175350;-78.043022;-96.029358;-99.396095
25130458;-48.450413;-78.239067;-96.116531;-99.361130
25132456;-48.725002;-78.434334;-96.202759;-99.325180
25134477;-48.999111;-78.628838;-96.288040;-99.288261
25136437;-49.272713;-78.822540;-96.372353;-99.250351
25138435;-49.545849;-79.015488;-96.455734;-99.211464
25140439;-49.818497;-79.207649;-96.538162;-99.171600
25142438;-50.090652;-79.399033;-96.619621;-99.130760
25144437;-50.362312;-79.589630;-96.700142;-99.088936
25146471;-50.633476;-79.779434;-96.779701;-99.046135
25148456;-50.904125;-79.968452;-96.858307;-99.002365
25150460;-51.174290;-80.156693;-96.935951;-98.957611
25152456;-51.443947;-80.344131;-97.012650;-98.911873
25154456;-51.713074;-80.530762;-97.088379;-98.865173
25156473;-51.981712;-80.716621;-97.163162;-98.817482
25158441;-52.249836;-80.901680;-97.236977;-98.768829
25160437;-52.517433;-81.085930;-97.309837;-98.719200
25162439;-52.784519;-81.269394;-97.381737;-98.668602
25164438;-53.051098;-81.452057;-97.452675;-98.617020
25166434;-53.317142;-81.633911;-97.522652;-98.564461
25168472;-53.582661;-81.814957;-97.591667;-98.510925
25170461;-53.847660;-81.995201;-97.659721;-98.456429
25172454;-54.112095;-82.174614;-97.726807;-98.400970
25174455;-54.376022;-82.353233;-97.792923;-98.344513
25176457;-54.639416;-82.531044;-97.858086;-98.287109
25178478;-54.902267;-82.708046;-97.922279;-98.228729
25180440;-55.164574;-82.884232;-97.985497;-98.169373
25182439;-55.426342;-83.059586;-98.047760;-98.109047
25184436;-55.687542;-83.234108;-98.109039;-98.047760
25186433;-55.948212;-83.407829;-98.169365;-97.985504
25188481;-56.208324;-83.580719;-98.228714;-97.922279
25190438;-56.467884;-83.752792;-98.287102;-97.858086
25192435;-56.597446;-83.838509;-98.315933;-97.825630
25194444;-56.985329;-84.094452;-98.400955;-97.726807
25196436;-57.243191;-84.264030;-98.456429;-97.659729
25198433;-57.500511;-84.432777;-98.510933;-97.591675
25200476;-57.757259;-84.600700;-98.564453;-97.522659
25202461;-58.013439;-84.767784;-98.617004;-97.452682
25204456;-58.269047;-84.934044;-98.668594;-97.381744
25206459;-58.524078;-85.099449;-98.719200;-97.309845
25208458;-58.778496;-85.263992;-98.768822;-97.236992
25210476;-59.032368;-85.427727;-98.817482;-97.163185
25212440;-59.285660;-85.590614;-98.865166;-97.088394
25214440;-59.538364;-85.752655;-98.911873;-97.012665
25216443;-59.664490;-85.833344;-98.934860;-96.974434
25218434;-60.041992;-86.074188;-99.002365;-96.858322
25220437;-60.292923;-86.233673;-99.046135;-96.779709
25222478;-60.543270;-86.392326;-99.088943;-96.700157
25224460;-60.793011;-86.550125;-99.130760;-96.619644
25226461;-61.042152;-86.707054;-99.171600;-96.538162
25228458;-61.290695;-86.863152;-99.211464;-96.455750
25230453;-61.538612;-87.018356;-99.250351;-96.372375
25232474;-61.785934;-87.172722;-99.288246;-96.288048
25234438;-62.032658;-87.326225;-99.325188;-96.202782
25236439;-62.278767;-87.478874;-99.361130;-96.116547
25238436;-62.524254;-87.630653;-99.396095;-96.029373
25240441;-62.769127;-87.781570;-99.430069;-95.941246
25242478;-63.013363;-87.931618;-99.463066;-95.852188
25244439;-63.256996;-88.080803;-99.495102;-95.762169
25246436;-63.500004;-88.229111;-99.526131;-95.671211
25248434;-63.742386;-88.376549;-99.556198;-95.579300
25250438;-63.984142;-88.523125;-99.585274;-95.486458
25252438;-64.225266;-88.668823;-99.613358;-95.392670
25254472;-64.465729;-88.813637;-99.640465;-95.297943
25256460;-64.705582;-88.957581;-99.666588;-95.202271
25258458;-64.944801;-89.100647;-99.691734;-95.105659
25260456;-65.183365;-89.242836;-99.715889;-95.008102
25262455;-65.421280;-89.384125;-99.739059;-94.909622
25264479;-65.658554;-89.524551;-99.761246;-94.810196
25266437;-65.895172;-89.664085;-99.782448;-94.709846
25268439;-66.131157;-89.802742;-99.802673;-94.608543
25270436;-66.366493;-89.940514;-99.821907;-94.506325
25272434;-66.601166;-90.077393;-99.840149;-94.403160
25274434;-66.835190;-90.213379;-99.857414;-94.299065
25276477;-67.068550;-90.348488;-99.873695;-94.194038
25278461;-67.301224;-90.482689;-99.888985;-94.088089
25280450;-67.533264;-90.616005;-99.903290;-93.981201
25282456;-67.764626;-90.748428;-99.916611;-93.873390
25284454;-67.995323;-90.879959;-99.928955;-93.764656
25286470;-68.225349;-91.010590;-99.940285;-93.654991
25288436;-68.454704;-91.140320;-99.950653;-93.544403
25290442;-68.683365;-91.269150;-99.960030;-93.432907
25292434;-68.911362;-91.397079;-99.968414;-93.320473
25294437;-69.138680;-91.524109;-99.975822;-93.207123
25296431;-69.365326;-91.650238;-99.982239;-93.092842
25298476;-69.591270;-91.775459;-99.987663;-92.977654
25300460;-69.816536;-91.899773;-99.992104;-92.861542
25302457;-70.041100;-92.023170;-99.995552;-92.744514
25304458;-70.264984;-92.145676;-99.998024;-92.626587
25306466;-70.488174;-92.267265;-99.999496;-92.507713
25308476;-70.710670;-92.387947;-99.999992;-92.387947
25310443;-70.932472;-92.507721;-99.999512;-92.267273
25312436;-71.153572;-92.626572;-99.998024;-92.145683
25314438;-71.373947;-92.744499;-99.995552;-92.023186
25316438;-71.483871;-92.803131;-99.993950;-91.961601
25318439;-71.812607;-92.977631;-99.987663;-91.775467
25320477;-72.030884;-93.092827;-99.982239;-91.650253
25322463;-72.248444;-93.207100;-99.975815;-91.524117
25324453;-72.465302;-93.320450;-99.968422;-91.397095
25326460;-72.681419;-93.432877;-99.960030;-91.269173
25328454;-72.896843;-93.544395;-99.950661;-91.140327
25330460;-73.111549;-93.654976;-99.940300;-91.010605
25332439;-73.325523;-93.764648;-99.928955;-90.879974
25334434;-73.538780;-93.873383;-99.916618;-90.748451
25336437;-73.751305;-93.981186;-99.903297;-90.616020
25338437;-73.963097;-94.088066;-99.888992;-90.482712
25340521;-74.174164;-94.194023;-99.873695;-90.348503
25342466;-74.384499;-94.299042;-99.857422;-90.213409
25344458;-74.594101;-94.403137;-99.840149;-90.077415
25346461;-74.802979;-94.506310;-99.821915;-89.940536
25348454;-75.011101;-94.608536;-99.802673;-89.802757
25350457;-75.218483;-94.709816;-99.782455;-89.664116
25352466;-75.425125;-94.810173;-99.761246;-89.524582
25354435;-75.631035;-94.909615;-99.739067;-89.384148
25356434;-75.836189;-95.008102;-99.715897;-89.242844
25358439;-76.040581;-95.105637;-99.691734;-89.100662
25360434;-76.244255;-95.202263;-99.666588;-88.957581
25362473;-76.447144;-95.297920;-99.640465;-88.813652
25364441;-76.649307;-95.392662;-99.613358;-88.668823
25366432;-76.750092;-95.439674;-99.599442;-88.596085
25368435;-77.051308;-95.579292;-99.556198;-88.376579
25370439;-77.251175;-95.671196;-99.526146;-88.229141
25372434;-77.450302;-95.762161;-99.495110;-88.080826
25374471;-77.648628;-95.852165;-99.463081;-87.931648
25376464;-77.846230;-95.941254;-99.430084;-87.781593
25378455;-78.043022;-96.029358;-99.396095;-87.630684
25380457;-78.239052;-96.116531;-99.361130;-87.478912
25382457;-78.434334;-96.202759;-99.325180;-87.326256
25384472;-78.628822;-96.288025;-99.288261;-87.172760
25386442;-78.822556;-96.372368;-99.250351;-87.018379
25388436;-79.015488;-96.455734;-99.211479;-86.863159
25390436;-79.207634;-96.538147;-99.171616;-86.707092
25392433;-79.399033;-96.619629;-99.130760;-86.550140
25394437;-79.589615;-96.700134;-99.088943;-86.392357
25396478;-79.779442;-96.779701;-99.046150;-86.233696
25398460;-79.968452;-96.858307;-99.002373;-86.074211
25400458;-80.156693;-96.935966;-98.957611;-85.913864
25402457;-80.344131;-97.012650;-98.911873;-85.752663
25404460;-80.530762;-97.088387;-98.865173;-85.590645
25406473;-80.716637;-97.163162;-98.817490;-85.427734
25408434;-80.901680;-97.236984;-98.768845;-85.264030
25410433;-81.085953;-97.309837;-98.719193;-85.099449
25412435;-81.269409;-97.381744;-98.668602;-84.934044
25414432;-81.452049;-97.452675;-98.617020;-84.767807
25416442;-81.633919;-97.522652;-98.564461;-84.600708
25418476;-81.814957;-97.591660;-98.510933;-84.432808
25420462;-81.995216;-97.659721;-98.456429;-84.264038
25422456;-82.174629;-97.726807;-98.400963;-84.094467
25424454;-82.353264;-97.792938;-98.344513;-83.924034
25426457;-82.531059;-97.858086;-98.287109;-83.752800
25428467;-82.708046;-97.922279;-98.228729;-83.580750
25430436;-82.884232;-97.985504;-98.169365;-83.407845
25432438;-83.059578;-98.047752;-98.109047;-83.234131
25434439;-83.234131;-98.109047;-98.047760;-83.059578
25436437;-83.407837;-98.169365;-97.985504;-82.884232
25438532;-83.580719;-98.228714;-97.922279;-82.708069
25440454;-83.752808;-98.287109;-97.858086;-82.531059
25442460;-83.924034;-98.344513;-97.792931;-82.353264
25444460;-84.094467;-98.400963;-97.726807;-82.174629
25446459;-84.264030;-98.456421;-97.659721;-81.995216
25448457;-84.432808;-98.510933;-97.591667;-81.814957
25450465;-84.600685;-98.564445;-97.522667;-81.633949
25452437;-84.767761;-98.616997;-97.452698;-81.452110
25454434;-84.934021;-98.668587;-97.381752;-81.269432
25456439;-85.099419;-98.719185;-97.309860;-81.085983
25458437;-85.264000;-98.768822;-97.236992;-80.901703
25460472;-85.427719;-98.817482;-97.163177;-80.716667
25462442;-85.590591;-98.865158;-97.088409;-80.530823
25464436;-85.752647;-98.911873;-97.012665;-80.344162
25466439;-85.913834;-98.957596;-96.935974;-80.156723
25468439;-86.074188;-99.002357;-96.858307;-79.968475
25470439;-86.233673;-99.046127;-96.779716;-79.779465
25472473;-86.392334;-99.088928;-96.700150;-79.589638
25474462;-86.550117;-99.130753;-96.619637;-79.399055
25476455;-86.707047;-99.171600;-96.538177;-79.207687
25478454;-86.863136;-99.211464;-96.455742;-79.015503
25480454;-87.018356;-99.250343;-96.372375;-78.822586
25482477;-87.172737;-99.288261;-96.288040;-78.628853
25484440;-87.326225;-99.325172;-96.202774;-78.434364
25486438;-87.478867;-99.361122;-96.116554;-78.239105
25488435;-87.630653;-99.396088;-96.029366;-78.043053
25490438;-87.781563;-99.430069;-95.941254;-77.846252
25492435;-87.931618;-99.463066;-95.852180;-77.648659
25494471;-88.080795;-99.495087;-95.762169;-77.450325
25496462;-88.229118;-99.526138;-95.671204;-77.251198
25498457;-88.376549;-99.556190;-95.579300;-77.051338
25500459;-88.523109;-99.585258;-95.486465;-76.850716
25502454;-88.668816;-99.613350;-95.392670;-76.649300
25504474;-88.813629;-99.640457;-95.297935;-76.447174
25506436;-88.957581;-99.666588;-95.202255;-76.244247
25508439;-89.100639;-99.691734;-95.105652;-76.040604
25510439;-89.242813;-99.715881;-95.008110;-75.836220
25512435;-89.384140;-99.739059;-94.909615;-75.631042
25514432;-89.524551;-99.761238;-94.810196;-75.425156
25516477;-89.594421;-99.771973;-94.760132;-75.321930
25518459;-89.802750;-99.802666;-94.608536;-75.011124
25520453;-89.940506;-99.821899;-94.506317;-74.803009
25522451;-90.077400;-99.840149;-94.403145;-74.594116
25524461;-90.213379;-99.857414;-94.299057;-74.384529
25526466;-90.348495;-99.873688;-94.194031;-74.174179
25528440;-90.482697;-99.888977;-94.088089;-73.963127
25530432;-90.616020;-99.903290;-93.981186;-73.751297
25532441;-90.748444;-99.916611;-93.873390;-73.538795
25534435;-90.879959;-99.928947;-93.764664;-73.325554
25536475;-91.010597;-99.940285;-93.654976;-73.111557
25538437;-91.140320;-99.950645;-93.544403;-72.896873
25540441;-91.269165;-99.960030;-93.432892;-72.681442
25542435;-91.397079;-99.968414;-93.320465;-72.465309
25544440;-91.524109;-99.975815;-93.207123;-72.248482
25546433;-91.650238;-99.982231;-93.092834;-72.030899
25548476;-91.775452;-99.987663;-92.977654;-71.812645
25550458;-91.899780;-99.992104;-92.861534;-71.593636
25552455;-92.023178;-99.995552;-92.744514;-71.373962
25554450;-92.145691;-99.998024;-92.626556;-71.153549
25556458;-92.267273;-99.999504;-92.507721;-70.932472
25558477;-92.387924;-99.999992;-92.387978;-70.710716
25560447;-92.507706;-99.999496;-92.267288;-70.488205
25562434;-92.626556;-99.998024;-92.145699;-70.265030
25564432;-92.744507;-99.995552;-92.023193;-70.041130
25566434;-92.803131;-99.993958;-91.961609;-69.928940
25568436;-92.977623;-99.987663;-91.775490;-69.591316
25570470;-93.092827;-99.982239;-91.650261;-69.365349
25572455;-93.207092;-99.975822;-91.524139;-69.138733
25574458;-93.320450;-99.968414;-91.397095;-68.911400
25576464;-93.432877;-99.960030;-91.269180;-68.683418
25578457;-93.544403;-99.950661;-91.140335;-68.454720
25580477;-93.654976;-99.940300;-91.010612;-68.225388
25582437;-93.764633;-99.928947;-90.879990;-67.995377
25584441;-93.873383;-99.916611;-90.748451;-67.764664
25586438;-93.981186;-99.903297;-90.616043;-67.533318
25588436;-94.088074;-99.888985;-90.482712;-67.301262
25590477;-94.194016;-99.873695;-90.348503;-67.068581
25592438;-94.299034;-99.857414;-90.213417;-66.835236
25594436;-94.403145;-99.840157;-90.077415;-66.601204
25596439;-94.506294;-99.821907;-89.940544;-66.366539
25598441;-94.608536;-99.802673;-89.802765;-66.131195
25600433;-94.709824;-99.782455;-89.664124;-65.895233
25602474;-94.810196;-99.761246;-89.524567;-65.658585
25604433;-94.909607;-99.739059;-89.384148;-65.421310
25606435;-95.008095;-99.715897;-89.242859;-65.183403
25608436;-95.105652;-99.691734;-89.100662;-64.944817
25610434;-95.202255;-99.666595;-88.957603;-64.705620
25612439;-95.297935;-99.640472;-88.813652;-64.465752
25614480;-95.392662;-99.613365;-88.668839;-64.225281
25616466;-95.486443;-99.585274;-88.523148;-63.984180
25618451;-95.579300;-99.556198;-88.376572;-63.742413
25620457;-95.671204;-99.526146;-88.229141;-63.500046
25622456;-95.762169;-99.495110;-88.080811;-63.257019
25624474;-95.852180;-99.463081;-87.931648;-63.013405
25626433;-95.941254;-99.430077;-87.781578;-62.769127
25628439;-96.029373;-99.396103;-87.630676;-62.524269
25630441;-96.116539;-99.361130;-87.478905;-62.278801
25632432;-96.202766;-99.325180;-87.326241;-62.032677
25634519;-96.288040;-99.288261;-87.172745;-61.785973
25636462;-96.372375;-99.250351;-87.018372;-61.538631
25638459;-96.455742;-99.211464;-86.863159;-61.290710
25640457;-96.538162;-99.171616;-86.707085;-61.042191
25642458;-96.619637;-99.130760;-86.550133;-60.793030
25644456;-96.700150;-99.088951;-86.392357;-60.543312
25646477;-96.779716;-99.046143;-86.233696;-60.292946
25648433;-96.858315;-99.002365;-86.074211;-60.042030
25650435;-96.935974;-98.957611;-85.913849;-59.790482
25652443;-97.012665;-98.911880;-85.752663;-59.538383
25654434;-97.088394;-98.865181;-85.590637;-59.285702
25656445;-97.163177;-98.817490;-85.427734;-59.032387
25658471;-97.236992;-98.768829;-85.264015;-58.778538
25660459;-97.309860;-98.719200;-85.099434;-58.524059
25662456;-97.381752;-98.668594;-84.934044;-58.269047
25664454;-97.452690;-98.617020;-84.767807;-58.013462
25666459;-97.487793;-98.590866;-84.684372;-57.757301
25668475;-97.591667;-98.510948;-84.432823;-57.500572
25670432;-97.659721;-98.456436;-84.264061;-57.243233
25672434;-97.726807;-98.400970;-84.094475;-56.985371
25674438;-97.792923;-98.344528;-83.924080;-56.726944
25676436;-97.858086;-98.287109;-83.752823;-56.467922
25678437;-97.922272;-98.228729;-83.580765;-56.208385
25680472;-97.985497;-98.169373;-83.407852;-55.948246
25682452;-98.047760;-98.109062;-83.234154;-55.687599
25684455;-98.109047;-98.047760;-83.059601;-55.426361
25686455;-98.169365;-97.985512;-82.884254;-55.164616
25688454;-98.228714;-97.922287;-82.708092;-54.902328
25690472;-98.287109;-97.858093;-82.531075;-54.639458
25692436;-98.344513;-97.792946;-82.353279;-54.376091
25694442;-98.400963;-97.726814;-82.174652;-54.112137
25696433;-98.456429;-97.659737;-81.995232;-53.847694
25698441;-98.510925;-97.591690;-81.815002;-53.582729
25700437;-98.564461;-97.522667;-81.633942;-53.317184
25702473;-98.617012;-97.452698;-81.452103;-53.051155
25704457;-98.668594;-97.381744;-81.269417;-52.784561
25706457;-98.719200;-97.309860;-81.085983;-52.517490
25708456;-98.768837;-97.236992;-80.901703;-52.249863
25710458;-98.817490;-97.163185;-80.716660;-51.981754
25712476;-98.865166;-97.088402;-80.530815;-51.713135
25714457;-98.911880;-97.012665;-80.344147;-51.443966
25716460;-98.957611;-96.935974;-80.156723;-51.174332
25718454;-99.002365;-96.858315;-79.968468;-50.904144
25720455;-99.046143;-96.779716;-79.779457;-50.633503
25722476;-99.088936;-96.700157;-79.589661;-50.362354
25724436;-99.130760;-96.619637;-79.399048;-50.090672
25726438;-99.171600;-96.538170;-79.207680;-49.818539
25728439;-99.211472;-96.455742;-79.015503;-49.545868
25730437;-99.250351;-96.372375;-78.822571;-49.272751
25732433;-99.288261;-96.288040;-78.628838;-48.999111
25734477;-99.325188;-96.202766;-78.434357;-48.725025
25736460;-99.361130;-96.116547;-78.239098;-48.450455
25738457;-99.396095;-96.029366;-78.043045;-48.175369
25740457;-99.430077;-95.941254;-77.846245;-47.899849
25742456;-99.463081;-95.852173;-77.648643;-47.623814
25744473;-99.495102;-95.762161;-77.450310;-47.347347
25746439;-99.526138;-95.671211;-77.251213;-47.070419
25748440;-99.556198;-95.579300;-77.051323;-46.792980
25750440;-99.585274;-95.486458;-76.850716;-46.515129
25752434;-99.613365;-95.392662;-76.649300;-46.236767
25754444;-99.640472;-95.297935;-76.447159;-45.957996
25756474;-99.666595;-95.202255;-76.244232;-45.678726
25758460;-99.691734;-95.105652;-76.040604;-45.399052
25760455;-99.715889;-95.008102;-75.836205;-45.118923
25762455;-99.739059;-94.909607;-75.631027;-44.838314
25764454;-99.761246;-94.810188;-75.425140;-44.557297
25766462;-99.782455;-94.709816;-75.218483;-44.275810
25768438;-99.802673;-94.608536;-75.011108;-43.993916
25770439;-99.821907;-94.506310;-74.802986;-43.711597
25772438;-99.840157;-94.403145;-74.594109;-43.428795
25774440;-99.857414;-94.299072;-74.384552;-43.145657
25776476;-99.873695;-94.194038;-74.174194;-42.862003
25778445;-99.888985;-94.088097;-73.963142;-42.577972
25780444;-99.903290;-93.981201;-73.751328;-42.293476
25782437;-99.916611;-93.873398;-73.538818;-42.008610
25784433;-99.928947;-93.764664;-73.325577;-41.723324
25786431;-99.940292;-93.654991;-73.111572;-41.437584
25788470;-99.950653;-93.544418;-72.896889;-41.151478
25790458;-99.960030;-93.432899;-72.681458;-40.864925
25792455;-99.968414;-93.320473;-72.465340;-40.578007
25794457;-99.975815;-93.207130;-72.248497;-40.290695
25796455;-99.982231;-93.092850;-72.030922;-40.002937
25798478;-99.987663;-92.977669;-71.812660;-39.714832
25800457;-99.992104;-92.861542;-71.593658;-39.426289
25802456;-99.995560;-92.744530;-71.373985;-39.137402
25804454;-99.998024;-92.626595;-71.153603;-38.848125
25806454;-99.999504;-92.507729;-70.932487;-38.558422
25808475;-100.000000;-92.387970;-70.710716;-38.268383
25810434;-99.999504;-92.267273;-70.488197;-37.977921
25812438;-99.998024;-92.145691;-70.265022;-37.687134
25814436;-99.995560;-92.023186;-70.041122;-37.395927
25816436;-99.993958;-91.961601;-69.928925;-37.250210
25818433;-99.987663;-91.775475;-69.591309;-36.812496
25820475;-99.982239;-91.650246;-69.365349;-36.520191
25822463;-99.975815;-91.524132;-69.138718;-36.227570
25824456;-99.968422;-91.397087;-68.911385;-35.934547
25826456;-99.960030;-91.269157;-68.683395;-35.641209
25828455;-99.950661;-91.140343;-68.454750;-35.347527
25830478;-99.940292;-91.010597;-68.225372;-35.053444
25832439;-99.928955;-90.879982;-67.995361;-34.759068
25834437;-99.916611;-90.748444;-67.764648;-34.464298
25836433;-99.903297;-90.616028;-67.533302;-34.169235
25838436;-99.888985;-90.482697;-67.301247;-33.873787
25840642;-99.873695;-90.348503;-67.068565;-33.578053
25842464;-99.857422;-90.213409;-66.835228;-33.281986
25844456;-99.840157;-90.077408;-66.601196;-32.985546
25846462;-99.821907;-89.940529;-66.366531;-32.688828
25848454;-99.802673;-89.802757;-66.131187;-32.391739
25850454;-99.782455;-89.664108;-65.895218;-32.094376
25852479;-99.761253;-89.524582;-65.658600;-31.796694
25854433;-99.739059;-89.384140;-65.421295;-31.498659
25856436;-99.715897;-89.242844;-65.183395;-31.200352
25858439;-99.691734;-89.100647;-64.944801;-30.901695
25860437;-99.666595;-88.957596;-64.705605;-30.602777
25862629;-99.640472;-88.813637;-64.465736;-30.303514
25864460;-99.613365;-88.668831;-64.225266;-30.003994
25866461;-99.585274;-88.523140;-63.984169;-29.704180
25868457;-99.556198;-88.376556;-63.742393;-29.404026
25870454;-99.526146;-88.229134;-63.500031;-29.103628
25872455;-99.495102;-88.080803;-63.257004;-28.802898
25874461;-99.463081;-87.931633;-63.013386;-28.501930
25876437;-99.430084;-87.781593;-62.769150;-28.200680
25878434;-99.396095;-87.630669;-62.524258;-27.899107
25880435;-99.361130;-87.478897;-62.278782;-27.597301
25882431;-99.325195;-87.326256;-62.032707;-27.295225
25884577;-99.288269;-87.172760;-61.786003;-26.992878
25886458;-99.250359;-87.018387;-61.538654;-26.690220
25888458;-99.211479;-86.863174;-61.290733;-26.387346
25890456;-99.171616;-86.707100;-61.042213;-26.084209
25892458;-99.130768;-86.550148;-60.793049;-25.780767
25894455;-99.088951;-86.392365;-60.543327;-25.477118
25896471;-99.046150;-86.233711;-60.292973;-25.173176
25898460;-99.002373;-86.074226;-60.042061;-24.869026
25900456;-98.957619;-85.913887;-59.790546;-24.564634
25902455;-98.911888;-85.752678;-59.538406;-24.259953
25904453;-98.865181;-85.590652;-59.285717;-23.955076
25906478;-98.817497;-85.427757;-59.032410;-23.649921
25908446;-98.768845;-85.264038;-58.778553;-23.344574
25910440;-98.719200;-85.099449;-58.524078;-23.038952
25912439;-98.668602;-84.934052;-58.269073;-22.733149
25914437;-98.617020;-84.767822;-58.013489;-22.427124
25916440;-98.564461;-84.600716;-57.757282;-22.120831
25918477;-98.510941;-84.432808;-57.500553;-21.814363
25920457;-98.456436;-84.264046;-57.243221;-21.507633
25922452;-98.400970;-84.094467;-56.985355;-21.200743
25924462;-98.344528;-83.924065;-56.726933;-20.893635
25926458;-98.287109;-83.752808;-56.467907;-20.586281
25928479;-98.228737;-83.580757;-56.208374;-20.278769
25930437;-98.169373;-83.407852;-55.948235;-19.971006
25932435;-98.109062;-83.234146;-55.687584;-19.663099
25934437;-98.047760;-83.059593;-55.426346;-19.354946
25936439;-97.985512;-82.884247;-55.164604;-19.046652
25938437;-97.922287;-82.708069;-54.902309;-18.738171
25940474;-97.858093;-82.531067;-54.639446;-18.429455
25942460;-97.792938;-82.353279;-54.376072;-18.120605
25944459;-97.726814;-82.174644;-54.112125;-17.811531
25946457;-97.659729;-81.995216;-53.847683;-17.502323
25948458;-97.591690;-81.814995;-53.582710;-17.192945
25950479;-97.522667;-81.633934;-53.317173;-16.883356
25952432;-97.452698;-81.452087;-53.051144;-16.573637
25954433;-97.381752;-81.269417;-52.784550;-16.263716
25956440;-97.309860;-81.085968;-52.517479;-15.953678
25958436;-97.236992;-80.901695;-52.249847;-15.643437
25960467;-97.163177;-80.716644;-51.981743;-15.333086
25962441;-97.088402;-80.530807;-51.713120;-15.022586
25964443;-97.012665;-80.344139;-51.443958;-14.711889
25966437;-96.974442;-80.250526;-51.309196;-14.556512
25968437;-96.858315;-79.968460;-50.904129;-14.090114
25970434;-96.779716;-79.779449;-50.633492;-13.779039
25972474;-96.700165;-79.589653;-50.362350;-13.467829
25974456;-96.619637;-79.399040;-50.090664;-13.156436
25976459;-96.538177;-79.207680;-49.818527;-12.844960
25978456;-96.455742;-79.015495;-49.545860;-12.533312
25980454;-96.372375;-78.822563;-49.272739;-12.221588
25982472;-96.288055;-78.628860;-48.999138;-11.909744
25984433;-96.202766;-78.434349;-48.725010;-11.597732
25986440;-96.116547;-78.239090;-48.450443;-11.285657
25988441;-96.029381;-78.043060;-48.175400;-10.973472
25990434;-95.941261;-77.846268;-47.899879;-10.661170
25992439;-95.852188;-77.648666;-47.623848;-10.348722
25994473;-95.762184;-77.450333;-47.347385;-10.036215
25996464;-95.671227;-77.251228;-47.070450;-9.723613
25998453;-95.579315;-77.051346;-46.793015;-9.410867
26000455;-95.486473;-76.850731;-46.515160;-9.098077
26002457;-95.392677;-76.649323;-46.236801;-8.785147
26004477;-95.297951;-76.447174;-45.958031;-8.472180
26006436;-95.202286;-76.244293;-45.678799;-8.159128
26008437;-95.105667;-76.040619;-45.399082;-7.845944
26010432;-95.008125;-75.836227;-45.118958;-7.532737
26012432;-94.909630;-75.631058;-44.838348;-7.219404
26014633;-94.810204;-75.425163;-44.557335;-6.906047
26016464;-94.709839;-75.218498;-44.275837;-6.592575
26018455;-94.608551;-75.011131;-43.993950;-6.279090
26020457;-94.506332;-74.803017;-43.711628;-5.965540
26022459;-94.403160;-74.594131;-43.428833;-5.651879
26024457;-94.299072;-74.384544;-43.145649;-5.338216
26026478;-94.194038;-74.174187;-42.861992;-5.024445
26028437;-94.088089;-73.963127;-42.577957;-4.710680
26030437;-93.981209;-73.751343;-42.293507;-4.396865
26032441;-93.873390;-73.538795;-42.008591;-4.082957
26034437;-93.764671;-73.325562;-41.723312;-3.769061
26036477;-93.654999;-73.111565;-41.437569;-3.455079
26038439;-93.544418;-72.896889;-41.151470;-3.141111
26040435;-93.432899;-72.681450;-40.864910;-2.827060
26042437;-93.320473;-72.465332;-40.577999;-2.513033
26044438;-93.207130;-72.248489;-40.290680;-2.198979
26046441;-93.092850;-72.030914;-40.002926;-1.884857
26048475;-92.977661;-71.812653;-39.714821;-1.570767
26050461;-92.861542;-71.593651;-39.426277;-1.256609
26052456;-92.744522;-71.373978;-39.137383;-0.942487
26054456;-92.626587;-71.153595;-38.848106;-0.628355
26056456;-92.507729;-70.932480;-38.558407;-0.314173
26058481;-92.387970;-70.710693;-38.268375;-0.000036
26060442;-92.267273;-70.488182;-37.977913;0.314155
26062436;-92.145691;-70.265015;-37.687119;0.628293
26064434;-92.023178;-70.041107;-37.395912;0.942469
26066436;-91.961601;-69.928917;-37.250198;1.099530
26068475;-91.775475;-69.591309;-36.812489;1.570699
26070432;-91.650238;-69.365326;-36.520180;1.884845
26072429;-91.524124;-69.138710;-36.227558;2.198917
26074437;-91.397079;-68.911369;-35.934532;2.513018
26076437;-91.269165;-68.683395;-35.641197;2.827042
26078433;-91.140343;-68.454727;-35.347515;3.141043
26080468;-91.010597;-68.225357;-35.053429;3.455064
26082463;-90.879974;-67.995354;-34.759052;3.768995
26084458;-90.748444;-67.764641;-34.464283;4.082942
26086460;-90.616020;-67.533287;-34.169216;4.396802
26088456;-90.482697;-67.301239;-33.873775;4.710662
26090477;-90.348495;-67.068550;-33.578041;5.024430
26092437;-90.213409;-66.835220;-33.281975;5.338150
26094442;-90.077400;-66.601181;-32.985531;5.651865
26096437;-89.940552;-66.366554;-32.688858;5.965426
26098437;-89.802773;-66.131210;-32.391773;6.279021
26100470;-89.664124;-65.895233;-32.094406;6.592509
26102439;-89.524590;-65.658615;-31.796726;6.905934
26104436;-89.384155;-65.421318;-31.498682;7.219338
26106439;-89.242867;-65.183411;-31.200382;7.532620
26108435;-89.100662;-64.944824;-30.901724;7.845881
26110442;-88.957611;-64.705627;-30.602810;8.159015
26112474;-88.813675;-64.465797;-30.303591;8.472064
26114456;-88.668839;-64.225296;-30.004028;8.785081
26116456;-88.596107;-64.104820;-29.854155;8.941537
26118455;-88.376579;-63.742424;-29.404057;9.410805
26120457;-88.229141;-63.500053;-29.103661;9.723502
26122473;-88.080818;-63.257027;-28.802931;10.036153
26124436;-87.931648;-63.013412;-28.501957;10.348660
26126440;-87.781609;-62.769173;-28.200710;10.661059
26128433;-87.630676;-62.524277;-27.899132;10.973406
26130437;-87.478905;-62.278809;-27.597326;11.285594
26132470;-87.326256;-62.032688;-27.295204;11.597717
26134435;-87.172760;-61.785984;-26.992863;11.909678
26136436;-87.018402;-61.538677;-26.690250;12.221527
26138437;-86.863159;-61.290718;-26.387331;12.533295
26140439;-86.707092;-61.042202;-26.084196;12.844899
26142439;-86.550140;-60.793041;-25.780756;13.156417
26144477;-86.392357;-60.543312;-25.477106;13.467762
26146461;-86.233696;-60.292961;-25.173164;13.779020
26148464;-86.074211;-60.042034;-24.869009;14.090097
26150459;-85.913879;-59.790527;-24.564625;14.401031
26152458;-85.752670;-59.538387;-24.259937;14.711875
26154473;-85.590645;-59.285702;-23.955063;15.022522
26156441;-85.427742;-59.032394;-23.649904;15.333072
26158436;-85.264030;-58.778542;-23.344559;15.643424
26160435;-85.099472;-58.524109;-23.038982;15.953615
26162440;-84.934044;-58.269054;-22.733133;16.263702
26164435;-84.767807;-58.013470;-22.427105;16.573582
26166476;-84.600708;-57.757271;-22.120813;16.883341
26168458;-84.432808;-57.500542;-21.814352;17.192884
26170458;-84.264030;-57.243198;-21.507618;17.502312
26172454;-84.094467;-56.985344;-21.200722;17.811512
26174457;-83.924065;-56.726921;-20.893621;18.120539
26176475;-83.752808;-56.467892;-20.586264;18.429438
26178441;-83.580742;-56.208355;-20.278749;18.738110
26180433;-83.407837;-55.948215;-19.970989;19.046637
26182437;-83.234131;-55.687565;-19.663084;19.354933
26184437;-83.059608;-55.426373;-19.354975;19.663036
26186434;-82.884232;-55.164589;-19.046635;19.970993
26188470;-82.708069;-54.902298;-18.738152;20.278708
26190458;-82.531059;-54.639423;-18.429438;20.586264
26192450;-82.353264;-54.376053;-18.120586;20.893579
26194455;-82.353264;-54.376053;-18.120586;21.200729
26196456;-81.995216;-53.847672;-17.502308;21.507622
26198475;-81.814980;-53.582691;-17.192932;21.814302
26200443;-81.633919;-53.317154;-16.883337;22.120819
26202437;-81.452080;-53.051125;-16.573620;22.427061
26204432;-81.269432;-52.784573;-16.263748;22.733093
26206440;-81.085983;-52.517502;-15.953708;23.038895
26208436;-80.901741;-52.249916;-15.643517;23.344469
26210470;-80.716667;-51.981766;-15.333122;23.649860
26212457;-80.530823;-51.713146;-15.022614;23.954973
26214460;-80.344162;-51.443981;-14.711923;24.259895
26216461;-80.156731;-51.174343;-14.401132;24.564526
26218457;-79.968475;-50.904156;-14.090145;24.868971
26220476;-79.779472;-50.633514;-13.779068;25.173115
26222438;-79.589668;-50.362366;-13.467857;25.477013
26224444;-79.399063;-50.090694;-13.156465;25.780710
26226435;-79.207695;-49.818550;-12.844995;26.084101
26228441;-79.015518;-49.545891;-12.533346;26.387283
26230438;-78.822586;-49.272770;-12.221622;26.690161
26232463;-78.628883;-48.999165;-11.909780;26.992767
26234459;-78.434364;-48.725040;-11.597765;27.295164
26236461;-78.239113;-48.450470;-11.285684;27.597240
26238458;-78.043053;-48.175388;-10.973456;27.899086
26240454;-77.846252;-47.899860;-10.661152;28.200617
26242479;-77.648659;-47.623829;-10.348704;28.501913
26244438;-77.450325;-47.347366;-10.036201;28.802881
26246438;-77.251228;-47.070438;-9.723600;29.103565
26248438;-77.051338;-46.793003;-9.410858;29.404005
26250436;-76.850716;-46.515141;-9.098059;29.704121
26252435;-76.649307;-46.236782;-8.785129;30.003981
26254473;-76.447174;-45.958019;-8.472165;30.303495
26256460;-76.244286;-45.678783;-8.159107;30.602720
26258457;-76.040611;-45.399071;-7.845929;30.901682
26260454;-75.836220;-45.118938;-7.532719;31.200291
26262458;-75.631042;-44.838326;-7.219389;31.498638
26264475;-75.425163;-44.557320;-6.906030;31.796637
26266440;-75.321938;-44.416645;-6.749332;32.094311
26268431;-75.011124;-43.993931;-6.279072;32.391720
26270437;-74.803009;-43.711609;-5.965516;32.688766
26272436;-74.594131;-43.428818;-5.651870;32.985531
26274527;-74.384537;-43.145634;-5.338198;33.281933
26276460;-74.174179;-42.861977;-5.024433;33.578037
26278457;-73.963127;-42.577942;-4.710665;33.873775
26280459;-73.751343;-42.293495;-4.396850;34.169178
26282458;-73.538795;-42.008575;-4.082942;34.464287
26284452;-73.325554;-41.723293;-3.769043;34.759014
26286472;-73.111557;-41.437557;-3.455064;35.053432
26288460;-72.896873;-41.151447;-3.141093;35.347466
26290456;-72.681473;-40.864937;-2.827093;35.641159
26292452;-72.465317;-40.577984;-2.513018;35.934532
26294456;-72.248482;-40.290668;-2.198964;36.227509
26296476;-72.030899;-40.002911;-1.884842;36.520176
26298438;-71.812645;-39.714806;-1.570749;36.812435
26300438;-71.593643;-39.426262;-1.256588;37.104382
26302435;-71.373962;-39.137371;-0.942469;37.395912
26304435;-71.153580;-38.848095;-0.628340;37.687077
26306436;-70.932472;-38.558392;-0.314155;37.977909
26308476;-70.710686;-38.268353;-0.000009;38.268326
26310458;-70.488174;-37.977898;0.314173;38.558407
26312454;-70.265030;-37.687145;0.628260;38.848022
26314456;-70.041168;-37.395988;0.942391;39.137299
26316458;-69.928940;-37.250225;1.099503;39.281837
26318469;-69.591324;-36.812511;1.570672;39.714733
26320434;-69.365349;-36.520203;1.884812;40.002884
26322435;-69.138733;-36.227585;2.198887;40.290596
26324439;-68.911400;-35.934555;2.512991;40.577957
26326439;-68.683418;-35.641228;2.827013;40.864864
26328482;-68.454758;-35.347538;3.141016;41.151379
26330433;-68.225388;-35.053455;3.455034;41.437531
26332436;-67.995377;-34.759079;3.768969;41.723225
26334434;-67.764664;-34.464310;4.082912;42.008556
26336434;-67.533310;-34.169247;4.396770;42.293423
26338436;-67.301300;-33.873852;4.710582;42.577873
26340476;-67.068581;-33.578072;5.024397;42.861946
26342455;-66.835243;-33.282001;5.338120;43.145561
26344455;-66.601204;-32.985561;5.651834;43.428783
26346452;-66.366539;-32.688843;5.965445;43.711540
26348458;-66.131195;-32.391750;6.279045;43.993912
26350464;-65.895233;-32.094391;6.592533;44.275795
26352438;-65.658607;-31.796705;6.905955;44.557251
26354438;-65.421310;-31.498671;7.219359;44.838306
26356432;-65.183403;-31.200361;7.532641;45.118874
26358432;-64.944817;-30.901709;7.845893;45.399036
26360532;-64.705620;-30.602793;8.159029;45.678715
26362458;-64.465782;-30.303570;8.472088;45.957939
26364460;-64.225281;-30.004004;8.785099;46.236759
26366458;-63.984180;-29.704193;9.097984;46.515076
26368458;-63.742405;-29.404037;9.410822;46.792969
26370457;-63.500046;-29.103645;9.723520;47.070366
26372474;-63.257015;-28.802910;10.036180;47.347343
26374439;-63.013405;-28.501945;10.348675;47.623802
26376440;-62.769161;-28.200689;10.661080;47.899796
26378434;-62.524269;-27.899117;10.973424;48.175358
26380438;-62.278801;-27.597317;11.285612;48.450405
26382440;-62.032677;-27.295193;11.597734;48.725010
26384475;-61.785976;-26.992846;11.909697;48.999096
26386461;-61.538666;-26.690233;12.221545;49.272701
26388456;-61.290710;-26.387310;12.533316;49.545853
26390447;-61.042191;-26.084173;12.844917;49.818485
26392451;-60.793030;-25.780737;13.156438;50.090660
26394479;-60.543304;-25.477091;13.467780;50.362301
26396462;-60.292946;-25.173149;13.779032;50.633484
26398460;-60.042030;-24.868996;14.090115;50.904129
26400456;-59.790524;-24.564604;14.401049;51.174278
26402455;-59.538383;-24.259918;14.711893;51.443951
26404473;-59.285694;-23.955044;15.022543;51.713085
26406438;-59.032387;-23.649887;15.333086;51.981743
26408441;-58.778530;-23.344540;15.643438;52.249847
26410441;-58.524097;-23.038971;15.953630;52.517437
26412437;-58.269047;-22.733120;16.263718;52.784550
26414440;-58.013458;-22.427092;16.573593;53.051102
26416473;-57.885448;-22.273996;16.728474;53.184174
26418457;-57.500530;-21.814325;17.192904;53.582668
26420454;-57.243275;-21.507698;17.502230;53.847599
26422457;-56.985371;-21.200758;17.811483;54.112076
26424451;-56.726944;-20.893648;18.120516;54.375996
26426473;-56.467926;-20.586296;18.429411;54.639400
26428435;-56.208385;-20.278782;18.738075;54.902233
26430440;-55.948246;-19.971025;19.046608;55.164562
26432441;-55.687599;-19.663113;19.354900;55.426304
26434435;-55.426399;-19.355007;19.663006;55.687504
26436437;-55.164616;-19.046667;19.970963;55.948185
26438470;-54.902328;-18.738186;20.278671;56.208290
26440458;-54.639454;-18.429466;20.586235;56.467873
26442456;-54.376083;-18.120613;20.893547;56.726856
26444451;-54.112179;-17.811590;21.200645;56.985283
26446457;-53.847694;-17.502338;21.507587;57.243179
26448473;-53.582722;-17.192963;21.814268;57.500477
26450442;-53.317184;-16.883369;22.120783;57.757248
26452439;-53.051155;-16.573656;22.427031;58.013405
26454440;-52.784561;-16.263729;22.733110;58.269035
26456440;-52.517490;-15.953692;23.038908;58.524048
26458436;-52.249901;-15.643498;23.344481;58.778477
26460473;-51.981754;-15.333101;23.649874;59.032368
26462458;-51.713135;-15.022600;23.954985;59.285641
26464456;-51.443966;-14.711907;24.259907;59.538364
26466460;-51.174332;-14.401111;24.564543;59.790466
26468454;-50.904186;-14.090172;24.868938;60.041977
26470470;-50.633503;-13.779053;25.173130;60.292923
26472438;-50.362354;-13.467839;25.477032;60.543251
26474444;-50.090675;-13.156453;25.780722;60.793011
26476436;-49.818539;-12.844976;26.084116;61.042137
26478444;-49.545868;-12.533325;26.387300;61.290695
26480642;-49.272751;-12.221601;26.690174;61.538612
26482461;-48.999153;-11.909756;26.992786;61.785923
26484459;-48.725025;-11.597747;27.295176;62.032658
26486461;-48.450455;-11.285668;27.597258;62.278748
26488460;-48.175369;-10.973433;27.899107;62.524258
26490456;-47.899849;-10.661137;28.200636;62.769115
26492474;-47.623856;-10.348734;28.501888;63.013351
26494457;-47.347351;-10.036185;28.802898;63.256996
26496461;-47.070419;-9.723579;29.103588;63.500000
26498456;-46.792984;-9.410834;29.404026;63.742393
26500459;-46.515125;-9.098042;29.704136;63.984127
26502479;-46.236767;-8.785110;30.003998;64.225266
26504441;-45.957993;-8.472141;30.303514;64.465736
26506437;-45.678772;-8.159092;30.602736;64.705566
26508435;-45.399052;-7.845912;30.901695;64.944801
26510438;-45.118927;-7.532701;31.200308;65.183350
26512438;-44.838314;-7.219371;31.498659;65.421295
26514476;-44.557304;-6.906014;31.796646;65.658554
26516460;-44.275848;-6.592589;32.094334;65.895180
26518460;-43.993916;-6.279051;32.391739;66.131180
26520454;-43.711594;-5.965501;32.688778;66.366493
26522454;-43.428795;-5.651844;32.985550;66.601189
26524472;-43.145615;-5.338180;33.281944;66.835190
26526433;-42.861961;-5.024412;33.578056;67.068573
26528438;-42.577972;-4.710695;33.873745;67.301216
26530432;-42.293518;-4.396873;34.169151;67.533234
26532434;-42.008610;-4.082978;34.464252;67.764610
26534434;-41.723324;-3.769076;34.758980;67.995285
26536463;-41.437584;-3.455093;35.053402;68.225334
26538433;-41.151478;-3.141123;35.347435;68.454674
26540441;-40.864967;-2.827123;35.641121;68.683334
26542435;-40.578011;-2.513048;35.934502;68.911346
26544434;-40.290695;-2.198994;36.227482;69.138649
26546635;-40.002937;-1.884872;36.520149;69.365303
26548462;-39.714832;-1.570779;36.812408;69.591240
26550455;-39.426334;-1.256666;37.104313;69.816498
26552455;-39.137398;-0.942498;37.395885;70.041084
26554454;-38.848125;-0.628370;37.687050;70.264961
26556461;-38.558422;-0.314185;37.977886;70.488167
26558473;-38.268383;-0.000045;38.268307;70.710648
26560439;-37.977924;0.314143;38.558384;70.932457
26562439;-37.687134;0.628278;38.848038;71.153534
26564441;-37.395973;0.942406;39.137314;71.373917
26566435;-37.250210;1.099518;39.281853;71.483871
26568475;-36.812496;1.570687;39.714752;71.812592
26570433;-36.520191;1.884827;40.002899;72.030891
26572439;-36.227570;2.198902;40.290611;72.248436
26574437;-35.934593;2.512956;40.577927;72.465279
26576441;-35.641212;2.827034;40.864883;72.681427
26578440;-35.347527;3.141031;41.151394;72.896828
26580472;-35.053448;3.455049;41.437546;73.111549
26582440;-34.759064;3.768983;41.723240;73.325508
26584438;-34.464298;4.082933;42.008572;73.538780
26586439;-34.169235;4.396787;42.293434;73.751297
26588434;-33.873833;4.710606;42.577888;73.963081
26590527;-33.578053;5.024418;42.861965;74.174164
26592457;-33.281986;5.338135;43.145569;74.384483
26594455;-32.985546;5.651850;43.428802;74.594109
26596463;-32.688828;5.965456;43.711555;74.802956
26598456;-32.391785;6.279006;43.993877;75.011078
26600452;-32.094376;6.592545;44.275810;75.218483
26602461;-31.796694;6.905973;44.557262;75.425117
26604446;-31.498655;7.219374;44.838314;75.631035
26606437;-31.200352;7.532659;45.118893;75.836174
26608437;-30.901695;7.845914;45.399055;76.040596
26610436;-30.602777;8.159050;45.678734;76.244240
26612547;-30.303558;8.472100;45.957958;76.447136
26614459;-30.003994;8.785116;46.236771;76.649300
26616461;-29.704180;9.097997;46.515091;76.850677
26618453;-29.404026;9.410840;46.792992;77.051331
26620460;-29.103630;9.723538;47.070385;77.251190
26622457;-28.802944;10.036140;47.347313;77.450287
26624473;-28.501930;10.348693;47.623817;77.648651
26626463;-28.200680;10.661096;47.899811;77.846214
26628457;-27.899105;10.973435;48.175369;78.043045
26630461;-27.597300;11.285630;48.450417;78.239075
26632456;-27.295177;11.597753;48.725025;78.434357
26634596;-26.992834;11.909713;48.999111;78.628838
26636463;-26.690266;12.221514;49.272675;78.822517
26638459;-26.387346;12.533285;49.545834;79.015472
26640458;-26.084209;12.844883;49.818459;79.207626
26642458;-25.780769;13.156406;50.090633;79.399017
26644457;-25.477119;13.467752;50.362278;79.589607
26646476;-25.173223;13.778962;50.633419;79.779404
26648444;-24.869028;14.090083;50.904114;79.968437
26650445;-24.564634;14.401023;51.174252;80.156670
26652443;-24.259953;14.711862;51.443928;80.344124
26654434;-23.955076;15.022511;51.713062;80.530754
26656645;-23.649920;15.333061;51.981716;80.716637
26658462;-23.344574;15.643409;52.249825;80.901680
26660460;-23.039000;15.953604;52.517414;81.085930
26662457;-22.733150;16.263687;52.784527;81.269394
26664456;-22.427124;16.573566;53.051079;81.452049
26666465;-22.120829;16.883327;53.317154;81.633919
26668473;-21.814363;17.192871;53.582645;81.814949
26670440;-21.507681;17.502251;53.847622;81.995178
26672437;-21.200739;17.811502;54.112099;82.174629
26674441;-20.893637;18.120531;54.376011;82.353233
26676439;-20.586279;18.429426;54.639423;82.531052
26678480;-20.278767;18.738094;54.902256;82.708038
26680442;-19.971006;19.046623;55.164581;82.884232
26682435;-19.663097;19.354919;55.426323;83.059570
26684436;-19.354994;19.663023;55.687523;83.234093
26686434;-19.046650;19.970980;55.948215;83.407837
26688440;-18.738169;20.278694;56.208305;83.580719
26690476;-18.429453;20.586256;56.467892;83.752800
26692461;-18.120604;20.893564;56.726871;83.924034
26694458;-17.811575;21.200665;56.985294;84.094429
26696458;-17.502325;21.507605;57.243198;84.264030
26698457;-17.192945;21.814289;57.500492;84.432770
26700485;-16.883352;22.120800;57.757263;84.600708
26702442;-16.573639;22.427050;58.013420;84.767776
26704437;-16.263714;22.733124;58.269047;84.934044
26706436;-15.953678;23.038925;58.524059;85.099442
26708437;-15.643482;23.344501;58.778500;85.264000
26710437;-15.333086;23.649891;59.032394;85.427734
26712474;-15.022585;23.955006;59.285664;85.590622
26714451;-14.711889;24.259926;59.538383;85.752663
26716455;-14.556509;24.412275;59.664513;85.833366
26718455;-14.090158;24.868956;60.041992;86.074188
26720453;-13.779036;25.173151;60.292946;86.233696
26722478;-13.467825;25.477045;60.543270;86.392326
26724435;-13.156433;25.780743;60.793030;86.550133
26726435;-12.844959;26.084133;61.042152;86.707054
26728434;-12.533358;26.387274;61.290676;86.863129
26730438;-12.221586;26.690193;61.538635;87.018379
26732476;-11.909742;26.992807;61.785942;87.172729
26734439;-11.597732;27.295197;62.032677;87.326248
26736437;-11.285654;27.597273;62.278767;87.478874
26738439;-10.973418;27.899122;62.524269;87.630669
26740438;-10.661121;28.200649;62.769135;87.781570
26742430;-10.348720;28.501904;63.013371;87.931618
26744476;-10.036215;28.802872;63.256981;88.080795
26746462;-9.723612;29.103559;63.499969;88.229095
26748453;-9.410866;29.403999;63.742371;88.376549
26750452;-9.098074;29.704105;63.984108;88.523109
26752458;-8.785192;30.003920;64.225212;88.668793
26754533;-8.472176;30.303484;64.465714;88.813629
26756461;-8.159123;30.602705;64.705551;88.957558
26758456;-7.845943;30.901667;64.944778;89.100632
26760459;-7.532733;31.200281;65.183334;89.242813
26762457;-7.219401;31.498629;65.421280;89.384125
26764453;-6.906045;31.796623;65.658539;89.524544
26766473;-6.592622;32.094303;65.895157;89.664070
26768458;-6.279085;32.391712;66.131165;89.802742
26770459;-5.965534;32.688755;66.366478;89.940491
26772455;-5.651876;32.985516;66.601166;90.077385
26774456;-5.338211;33.281914;66.835175;90.213371
26776641;-5.024493;33.577980;67.068512;90.348465
26778464;-4.710677;33.873760;67.301224;90.482689
26780455;-4.396863;34.169163;67.533241;90.615997
26782457;-4.082958;34.464272;67.764626;90.748428
26784453;-3.769059;34.758995;67.995308;90.879944
26786461;-3.455077;35.053421;68.225349;91.010590
26788473;-3.141107;35.347454;68.454689;91.140312
26790436;-2.827107;35.641140;68.683342;91.269127
26792430;-2.513031;35.934517;68.911362;91.397072
26794433;-2.198978;36.227497;69.138664;91.524101
26796435;-1.884856;36.520164;69.365326;91.650238
26798632;-1.570763;36.812428;69.591255;91.775444
26800464;-1.256654;37.104324;69.816505;91.899750
26802459;-0.942485;37.395901;70.041100;92.023178
26804457;-0.628354;37.687065;70.264969;92.145660
26806463;-0.314170;37.977898;70.488174;92.267265
26808455;0.000000;38.268341;70.710678;92.387947
26810472;0.314159;38.558395;70.932472;92.507713
26812436;0.628314;38.848076;71.153572;92.626572
26814437;0.942464;39.137367;71.373955;92.744514
26816440;1.099535;39.281868;71.483894;92.803139
26818439;1.570732;39.714790;71.812622;92.977646
26820488;1.884844;40.002911;72.030899;93.092842
26822475;2.198937;40.290642;72.248459;93.207108
26824461;2.513010;40.577976;72.465309;93.320457
26826456;2.827056;40.864906;72.681442;93.432884
26828457;3.141076;41.151436;72.896866;93.544395
26830451;3.455064;41.437557;73.111557;93.654984
26832478;3.769018;41.723270;73.325531;93.764648
26834465;4.082935;42.008572;73.538788;93.873383
26836459;4.396812;42.293461;73.751305;93.981186
26838458;4.710645;42.577927;73.963104;94.088074
26840453;5.024432;42.861980;74.174179;94.194031
26842474;5.338169;43.145607;74.384514;94.299057
26844436;5.651853;43.428806;74.594116;94.403145
26846438;5.965482;43.711578;74.802979;94.506302
26848431;6.279051;43.993916;75.011108;94.608536
26850443;6.592560;44.275822;75.218491;94.709824
26852437;6.906002;44.557293;75.425140;94.810188
26854477;7.219377;44.838322;75.631035;94.909607
26856463;7.532680;45.118908;75.836189;95.008095
26858454;7.845909;45.399052;76.040596;95.105652
26860457;8.159060;45.678741;76.244247;95.202263
26862456;8.472132;45.957985;76.447151;95.297935
26864472;8.785120;46.236774;76.649300;95.392670
26866445;8.941581;46.375996;76.850693;95.486450
26868433;9.410830;46.792976;77.051315;95.579300
26870436;9.723549;47.070389;77.251198;95.671204
26872436;10.036171;47.347336;77.450302;95.762161
26874531;10.348695;47.623817;77.648651;95.852180
26876464;10.661115;47.899830;77.846230;95.941238
26878458;10.973431;48.175369;78.043037;96.029366
26880456;11.285637;48.450428;78.239075;96.116547
26882452;11.597733;48.725014;78.434349;96.202766
26884452;11.909716;48.999115;78.628838;96.288040
26886475;12.221580;49.272736;78.822563;96.372375
26888438;12.533322;49.545868;79.015503;96.455742
26890440;12.844942;49.818508;79.207664;96.538162
26892438;13.156436;50.090660;79.399040;96.619629
26894438;13.467797;50.362320;79.589638;96.700142
26896637;13.779028;50.633476;79.779449;96.779716
26898467;14.090122;50.904144;79.968468;96.858315
26900459;14.401078;51.174301;80.156700;96.935966
26902454;14.711891;51.443951;80.344131;97.012657
26904455;15.022558;51.713097;80.530792;97.088394
26906455;15.333078;51.981735;80.716644;97.163170
26908476;15.643446;52.249855;80.901703;97.236992
26910457;15.953660;52.517464;81.085953;97.309853
26912459;16.263714;52.784550;81.269417;97.381744
26914460;16.573612;53.051121;81.452072;97.452690
26916461;16.883343;53.317165;81.633926;97.522667
26918454;17.192907;53.582676;81.814972;97.591675
26920467;17.502306;53.847672;81.995216;97.659729
26922462;17.811527;54.112125;82.174644;97.726807
26924453;18.120577;54.376049;82.353256;97.792938
26926457;18.429445;54.639435;82.531067;97.858086
26928454;18.738131;54.902279;82.708054;97.922287
26930475;19.046633;55.164589;82.884232;97.985504
26932436;19.354946;55.426346;83.059593;98.047760
26934436;19.663071;55.687565;83.234131;98.109047
26936438;19.970997;55.948223;83.407845;98.169365
26938439;20.278728;56.208336;83.580742;98.228722
26940491;20.586262;56.467896;83.752808;98.287109
26942472;20.893587;56.726891;83.924042;98.344513
26944463;21.200710;56.985336;84.094460;98.400963
26946458;21.507624;57.243210;84.264038;98.456429
26948458;21.814323;57.500523;84.432793;98.510933
26950457;22.120808;57.757271;84.600708;98.564461
26952472;22.427074;58.013447;84.767792;98.617004
26954441;22.733122;58.269047;84.934044;98.668594
26956440;23.038942;58.524071;85.099449;98.719200
26958437;23.344534;58.778526;85.264015;98.768837
26960436;23.649900;59.032394;85.427750;98.817490
26962440;23.955029;59.285675;85.590622;98.865173
26964476;24.259922;59.538383;85.752663;98.911880
26966433;24.564575;59.790497;85.913857;98.957611
26968435;24.868988;60.042023;86.074203;99.002365
26970437;25.173155;60.292953;86.233696;99.046150
26972441;25.477072;60.543285;86.392334;99.088936
26974431;25.780737;60.793030;86.550133;99.130760
26976475;26.084152;61.042171;86.707077;99.171608
26978454;26.387304;61.290707;86.863152;99.211472
26980460;26.690197;61.538635;87.018372;99.250351
26982455;26.992828;61.785961;87.172745;99.288261
26984458;27.295193;62.032677;87.326248;99.325188
26986471;27.597290;62.278782;87.478889;99.361130
26988436;27.899107;62.524258;87.630669;99.396095
26990433;28.200657;62.769135;87.781586;99.430077
26992434;28.501928;63.013386;87.931633;99.463081
26994436;28.802910;63.257015;88.080811;99.495102
26996473;29.103617;63.500023;88.229118;99.526146
26998442;29.404032;63.742401;88.376556;99.556198
27000442;29.704157;63.984142;88.523132;99.585274
27002433;30.003988;64.225266;88.668823;99.613365
27004435;30.303526;64.465752;88.813644;99.640472
27006436;30.602762;64.705589;88.957581;99.666588
27008476;30.901697;64.944801;89.100655;99.691734
27010461;31.200329;65.183365;89.242836;99.715889
27012458;31.498650;65.421295;89.384148;99.739059
27014458;31.796661;65.658569;89.524567;99.761246
27016459;31.945551;65.776970;89.594444;99.771973
27018475;32.391743;66.131187;89.802757;99.802673
27020432;32.688801;66.366516;89.940521;99.821899
27022438;32.985538;66.601181;90.077408;99.840149
27024431;33.281952;66.835197;90.213394;99.857414
27026439;33.578037;67.068550;90.348495;99.873695
27028473;33.873787;67.301247;90.482697;99.888985
27030440;34.169209;67.533279;90.616020;99.903290
27032434;34.464294;67.764648;90.748444;99.916611
27034440;34.759029;67.995331;90.879967;99.928947
27036441;35.053429;68.225357;91.010597;99.940285
27038441;35.347485;68.454712;91.140327;99.950661
27040473;35.641186;68.683388;91.269157;99.960030
27042455;35.934536;68.911377;91.397087;99.968422
27044457;36.227535;69.138695;91.524117;99.975815
27046460;36.520176;69.365326;91.650238;99.982239
27048458;36.812454;69.591278;91.775467;99.987663
27050472;37.104370;69.816544;91.899780;99.992104
27052437;37.395920;70.041107;92.023178;99.995552
27054432;37.687099;70.264992;92.145683;99.998024
27056437;37.977905;70.488182;92.267273;99.999496
27058434;38.268341;70.710678;92.387955;100.000000
27060436;38.558399;70.932472;92.507721;99.999504
27062472;38.848072;71.153564;92.626579;99.998024
27064454;39.137363;71.373955;92.744514;99.995552
27066463;39.281864;71.483887;92.803146;99.993958
27068459;39.714787;71.812630;92.977646;99.987663
27070456;40.002911;72.030899;93.092834;99.982231
27072474;40.290646;72.248459;93.207108;99.975822
27074440;40.577976;72.465309;93.320457;99.968414
27076440;40.864906;72.681442;93.432892;99.960030
27078437;41.151436;72.896866;93.544403;99.950653
27080433;41.437557;73.111557;93.654976;99.940285
27082439;41.723270;73.325531;93.764648;99.928947
27084477;42.008572;73.538780;93.873383;99.916611
27086455;42.293461;73.751305;93.981194;99.903297
27088457;42.577927;73.963104;94.088074;99.888977
27090457;42.861973;74.174171;94.194031;99.873688
27092457;43.145603;74.384514;94.299049;99.857414
27094477;43.428806;74.594116;94.403145;99.840149
27096437;43.711575;74.802971;94.506302;99.821899
27098436;43.993916;75.011101;94.608536;99.802666
27100439;44.275822;75.218491;94.709824;99.782448
27102433;44.557289;75.425133;94.810188;99.761246
27104430;44.838318;75.631035;94.909607;99.739052
27106470;45.118908;75.836189;95.008102;99.715889
27108460;45.399048;76.040588;95.105652;99.691727
27110455;45.678741;76.244247;95.202255;99.666588
27112455;45.957985;76.447151;95.297935;99.640465
27114452;46.236774;76.649300;95.392654;99.613358
27116473;46.515102;76.850685;95.486450;99.585266
27118437;46.792980;77.051315;95.579300;99.556190
27120437;47.070389;77.251198;95.671204;99.526138
27122437;47.347336;77.450302;95.762161;99.495102
27124437;47.623817;77.648643;95.852173;99.463074
27126437;47.899826;77.846230;95.941246;99.430069
27128479;48.175365;78.043030;96.029366;99.396095
27130460;48.450424;78.239075;96.116539;99.361130
27132454;48.725014;78.434341;96.202759;99.325180
27134454;48.999115;78.628838;96.288040;99.288254
27136457;49.272736;78.822556;96.372368;99.250343
27138479;49.545868;79.015503;96.455742;99.211464
27140443;49.818508;79.207657;96.538162;99.171600
27142435;50.090660;79.399033;96.619629;99.130753
27144434;50.362320;79.589630;96.700142;99.088928
27146435;50.633476;79.779434;96.779701;99.046135
27148436;50.904137;79.968460;96.858307;99.002357
27150474;51.174294;80.156693;96.935966;98.957603
27152459;51.443951;80.344139;97.012650;98.911873
27154455;51.713097;80.530785;97.088394;98.865166
27156458;51.981728;80.716637;97.163162;98.817490
27158457;52.249855;80.901695;97.236984;98.768829
27160473;52.517464;81.085953;97.309845;98.719193
27162436;52.784550;81.269417;97.381744;98.668587
27164438;53.051121;81.452072;97.452690;98.617004
27166436;53.184204;81.543098;97.487793;98.564461
27168435;53.582676;81.814972;97.591675;98.510925
27170639;53.847664;81.995209;97.659721;98.456421
27172458;54.112125;82.174637;97.726807;98.400948
27174455;54.376041;82.353249;97.792923;98.344513
27176465;54.639435;82.531059;97.858086;98.287102
27178456;54.902279;82.708046;97.922279;98.228714
27180453;55.164581;82.884232;97.985497;98.169365
27182475;55.426346;83.059586;98.047760;98.109039
27184437;55.687557;83.234116;98.109039;98.047752
27186434;55.948223;83.407845;98.169365;97.985504
27188438;56.208336;83.580734;98.228722;97.922279
27190434;56.467896;83.752800;98.287109;97.858086
27192427;56.726891;83.924042;98.344513;97.792931
27194471;56.856178;84.009346;98.372864;97.759995
27196458;57.243210;84.264038;98.456429;97.659721
27198454;57.500523;84.432793;98.510933;97.591675
27200458;57.757271;84.600708;98.564461;97.522659
27202455;58.013447;84.767792;98.617012;97.452690
27204472;58.269047;84.934044;98.668594;97.381744
27206438;58.524071;85.099449;98.719193;97.309837
27208440;58.778526;85.264015;98.768829;97.236984
27210436;59.032394;85.427734;98.817490;97.163177
27212437;59.285683;85.590622;98.865173;97.088394
27214524;59.538383;85.752663;98.911880;97.012657
27216465;59.790497;85.913864;98.957611;96.935966
27218458;60.042023;86.074196;99.002365;96.858307
27220457;60.292953;86.233696;99.046135;96.779709
27222455;60.543285;86.392334;99.088943;96.700142
27224457;60.793026;86.550125;99.130760;96.619629
27226479;61.042168;86.707069;99.171600;96.538162
27228460;61.290707;86.863152;99.211472;96.455742
27230454;61.538635;87.018372;99.250351;96.372368
27232456;61.785961;87.172737;99.288261;96.288040
27234456;62.032669;87.326241;99.325180;96.202766
27236472;62.278770;87.478882;99.361130;96.116539
27238440;62.524265;87.630669;99.396095;96.029366
27240434;62.769135;87.781578;99.430069;95.941246
27242438;63.013386;87.931625;99.463081;95.852180
27244436;63.257015;88.080811;99.495102;95.762169
27246440;63.500015;88.229118;99.526146;95.671204
27248476;63.742393;88.376556;99.556198;95.579300
27250459;63.984142;88.523125;99.585266;95.486450
27252459;64.225266;88.668823;99.613358;95.392670
27254456;64.465744;88.813637;99.640465;95.297935
27256459;64.705597;88.957581;99.666588;95.202263
27258477;64.944801;89.100647;99.691734;95.105652
27260443;65.183365;89.242836;99.715889;95.008102
27262436;65.421295;89.384140;99.739059;94.909622
27264434;65.658569;89.524551;99.761246;94.810188
27266436;65.895203;89.664101;99.782448;94.709824
27268436;66.131187;89.802757;99.802673;94.608536
27270479;66.366508;89.940521;99.821907;94.506310
27272458;66.601189;90.077400;99.840149;94.403145
27274459;66.835197;90.213394;99.857422;94.299057
27276460;67.068550;90.348488;99.873695;94.194023
27278456;67.301247;90.482697;99.888992;94.088074
27280473;67.533279;90.616020;99.903297;93.981194
27282438;67.764648;90.748444;99.916611;93.873390
27284438;67.995331;90.879967;99.928947;93.764648
27286439;68.225357;91.010597;99.940285;93.654991
27288435;68.454704;91.140327;99.950661;93.544403
27290432;68.683380;91.269150;99.960030;93.432892
27292469;68.911377;91.397079;99.968414;93.320465
27294453;69.138695;91.524109;99.975815;93.207108
27296457;69.365326;91.650238;99.982231;93.092834
27298458;69.591278;91.775459;99.987656;92.977646
27300454;69.816536;91.899773;99.992104;92.861542
27302471;70.041107;92.023178;99.995552;92.744514
27304437;70.264992;92.145676;99.998024;92.626572
27306436;70.488182;92.267265;99.999504;92.507713
27308435;70.710678;92.387947;99.999992;92.387947
27310437;70.932472;92.507721;99.999512;92.267273
27312433;71.153572;92.626572;99.998024;92.145683
27314472;71.373955;92.744507;99.995552;92.023178
27316462;71.483887;92.803131;99.993950;91.961586
27318462;71.812630;92.977646;99.987663;91.775467
27320454;72.030899;93.092842;99.982239;91.650238
27322454;72.248459;93.207100;99.975815;91.524117
27324472;72.465309;93.320465;99.968414;91.397079
27326434;72.681450;93.432892;99.960030;91.269157
27328437;72.896866;93.544403;99.950661;91.140335
27330433;73.111557;93.654991;99.940285;91.010597
27332433;73.325539;93.764648;99.928955;90.879967
27334437;73.538788;93.873390;99.916611;90.748444
27336471;73.751320;93.981194;99.903297;90.616020
27338457;73.963112;94.088074;99.888977;90.482697
27340460;74.174179;94.194031;99.873695;90.348495
27342452;74.384514;94.299049;99.857414;90.213387
27344455;74.594116;94.403145;99.840149;90.077400
27346480;74.802986;94.506310;99.821915;89.940521
27348438;75.011108;94.608536;99.802673;89.802757
27350443;75.218498;94.709831;99.782455;89.664101
27352435;75.425140;94.810188;99.761246;89.524567
27354438;75.631042;94.909622;99.739059;89.384148
27356443;75.836197;95.008102;99.715889;89.242844
27358478;76.040596;95.105652;99.691734;89.100655
27360464;76.244255;95.202263;99.666588;88.957581
27362456;76.447151;95.297935;99.640465;88.813637
27364457;76.649300;95.392662;99.613365;88.668831
27366459;76.850693;95.486450;99.585266;88.523125
27368480;77.051323;95.579300;99.556198;88.376572
27370436;77.251198;95.671204;99.526146;88.229126
27372436;77.450302;95.762161;99.495102;88.080811
27374439;77.648651;95.852180;99.463081;87.931625
27376434;77.846230;95.941246;99.430069;87.781586
27378429;78.043045;96.029373;99.396095;87.630676
27380470;78.239082;96.116539;99.361130;87.478889
27382437;78.434349;96.202766;99.325195;87.326256
27384431;78.628838;96.288040;99.288261;87.172745
27386433;78.822556;96.372368;99.250351;87.018372
27388432;79.015503;96.455742;99.211464;86.863152
27390536;79.207657;96.538162;99.171600;86.707077
27392463;79.399040;96.619629;99.130760;86.550125
27394456;79.589638;96.700150;99.088943;86.392342
27396458;79.779442;96.779701;99.046150;86.233696
27398456;79.968468;96.858307;99.002365;86.074196
27400454;80.156693;96.935966;98.957611;85.913864
27402477;80.344131;97.012650;98.911880;85.752663
27404456;80.530785;97.088394;98.865173;85.590622
27406454;80.716637;97.163162;98.817482;85.427734
27408457;80.901695;97.236992;98.768829;85.264015
27410454;81.085953;97.309845;98.719200;85.099449
27412477;81.269417;97.381744;98.668587;84.934036
27414432;81.452065;97.452682;98.617012;84.767792
27416432;81.633926;97.522659;98.564461;84.600708
27418434;81.814972;97.591667;98.510925;84.432793
27420434;81.995209;97.659721;98.456429;84.264038
27422434;82.174637;97.726807;98.400948;84.094452
27424475;82.353249;97.792923;98.344513;83.924042
27426465;82.531059;97.858086;98.287109;83.752800
27428457;82.708054;97.922279;98.228722;83.580734
27430456;82.884232;97.985497;98.169373;83.407845
27432455;83.059586;98.047760;98.109055;83.234131
27434480;83.234123;98.109039;98.047760;83.059586
27436442;83.407837;98.169365;97.985504;82.884232
27438434;83.580734;98.228722;97.922279;82.708054
27440439;83.752800;98.287102;97.858086;82.531059
27442437;83.924042;98.344513;97.792938;82.353256
27444435;84.094452;98.400948;97.726807;82.174637
27446472;84.264038;98.456421;97.659721;81.995209
27448459;84.432785;98.510925;97.591675;81.814972
27450454;84.600708;98.564453;97.522652;81.633919
27452456;84.767792;98.617004;97.452690;81.452080
27454459;84.934029;98.668587;97.381744;81.269409
27456479;85.099449;98.719193;97.309845;81.085953
27458436;85.264008;98.768829;97.236992;80.901703
27460439;85.427734;98.817482;97.163162;80.716637
27462436;85.590622;98.865166;97.088394;80.530785
27464442;85.752663;98.911873;97.012650;80.344131
27466438;85.833366;98.934868;96.935966;80.156693
27468469;86.074203;99.002365;96.858307;79.968468
27470457;86.233688;99.046135;96.779701;79.779449
27472459;86.392334;99.088936;96.700142;79.589638
27474457;86.550125;99.130753;96.619629;79.399040
27476460;86.707062;99.171600;96.538162;79.207657
27478474;86.863152;99.211464;96.455742;79.015503
27480435;87.018372;99.250343;96.372368;78.822556
27482440;87.172737;99.288254;96.288040;78.628838
27484433;87.326241;99.325180;96.202759;78.434341
27486440;87.478882;99.361122;96.116539;78.239082
27488441;87.630669;99.396095;96.029366;78.043045
27490474;87.781578;99.430069;95.941246;77.846230
27492455;87.931625;99.463081;95.852188;77.648651
27494457;88.080803;99.495094;95.762161;77.450302
27496457;88.229111;99.526131;95.671204;77.251198
27498455;88.376549;99.556190;95.579300;77.051331
27500475;88.523125;99.585266;95.486458;76.850700
27502437;88.668823;99.613358;95.392662;76.649300
27504429;88.813637;99.640465;95.297935;76.447159
27506442;88.957581;99.666595;95.202271;76.244263
27508432;89.100647;99.691734;95.105652;76.040596
27510430;89.242828;99.715881;95.008102;75.836197
27512470;89.384140;99.739059;94.909607;75.631035
27514462;89.524559;99.761246;94.810188;75.425133
27516462;89.664093;99.782448;94.709824;75.218498
27518459;89.802757;99.802666;94.608536;75.011108
27520455;89.940521;99.821907;94.506302;74.802979
27522472;90.077400;99.840149;94.403145;74.594116
27524433;90.213387;99.857414;94.299057;74.384514
27526435;90.348495;99.873695;94.194031;74.174187
27528433;90.482697;99.888977;94.088081;73.963120
27530432;90.616020;99.903290;93.981201;73.751320
27532435;90.748444;99.916611;93.873383;73.538795
27534476;90.879967;99.928947;93.764648;73.325539
27536460;91.010597;99.940292;93.654991;73.111565
27538460;91.140327;99.950661;93.544403;72.896866
27540454;91.269150;99.960030;93.432892;72.681450
27542453;91.397087;99.968422;93.320465;72.465309
27544465;91.524117;99.975822;93.207108;72.248459
27546437;91.650238;99.982239;93.092850;72.030899
27548443;91.775467;99.987663;92.977646;71.812630
27550432;91.899780;99.992104;92.861542;71.593651
27552435;92.023178;99.995560;92.744514;71.373978
27554553;92.145683;99.998024;92.626579;71.153572
27556464;92.267273;99.999512;92.507729;70.932480
27558457;92.387947;100.000000;92.387955;70.710686
27560452;92.507721;99.999504;92.267273;70.488190
27562457;92.626572;99.998024;92.145683;70.264992
27564453;92.744514;99.995552;92.023186;70.041122
27566476;92.803139;99.993950;91.961601;69.928917
27568459;92.977646;99.987663;91.775467;69.591278
27570451;93.092834;99.982231;91.650238;69.365334
27572453;93.207108;99.975815;91.524109;69.138695
27574456;93.320465;99.968422;91.397087;68.911377
27576476;93.432892;99.960030;91.269157;68.683388
27578438;93.544403;99.950653;91.140327;68.454720
27580443;93.654991;99.940292;91.010605;68.225365
27582432;93.764648;99.928947;90.879974;67.995346
27584442;93.873383;99.916611;90.748444;67.764648
27586439;93.981194;99.903297;90.616020;67.533287
27588473;94.088074;99.888992;90.482712;67.301262
27590461;94.194031;99.873695;90.348495;67.068558
27592458;94.299057;99.857414;90.213394;66.835197
27594455;94.403145;99.840157;90.077415;66.601196
27596460;94.506310;99.821907;89.940521;66.366516
27598464;94.608536;99.802673;89.802757;66.131187
27600436;94.709831;99.782455;89.664101;65.895210
27602431;94.810196;99.761246;89.524567;65.658577
27604435;94.909615;99.739059;89.384148;65.421310
27606431;95.008102;99.715889;89.242844;65.183380
27608471;95.105652;99.691734;89.100662;64.944817
27610441;95.202271;99.666595;88.957588;64.705597
27612431;95.297935;99.640472;88.813652;64.465752
27614434;95.392670;99.613365;88.668831;64.225266
27616438;95.439682;99.599434;88.596085;64.104790
27618435;95.579300;99.556198;88.376572;63.742405
27620473;95.671204;99.526146;88.229126;63.500023
27622454;95.762169;99.495102;88.080811;63.257015
27624453;95.852180;99.463081;87.931633;63.013393
27626458;95.941254;99.430084;87.781586;62.769138
27628459;96.029373;99.396095;87.630669;62.524258
27630476;96.116547;99.361130;87.478897;62.278790
27632437;96.202766;99.325188;87.326256;62.032688
27634435;96.288040;99.288261;87.172752;61.785973
27636441;96.372368;99.250351;87.018379;61.538651
27638435;96.455742;99.211464;86.863159;61.290710
27640443;96.538162;99.171608;86.707077;61.042179
27642472;96.619637;99.130760;86.550140;60.793041
27644459;96.700150;99.088943;86.392342;60.543293
27646455;96.779709;99.046150;86.233704;60.292961
27648462;96.858315;99.002365;86.074211;60.042030
27650451;96.935966;98.957611;85.913857;59.790497
27652476;97.012665;98.911880;85.752670;59.538387
27654442;97.088394;98.865173;85.590622;59.285683
27656435;97.163177;98.817490;85.427742;59.032394
27658437;97.236992;98.768837;85.264023;58.778538
27660433;97.309853;98.719200;85.099457;58.524086
27662436;97.381752;98.668594;84.934044;58.269054
27664475;97.452690;98.617020;84.767799;58.013458
27666463;97.522667;98.564461;84.600716;57.757275
27668456;97.591682;98.510933;84.432793;57.500530
27670455;97.659721;98.456429;84.264053;57.243221
27672459;97.726814;98.400970;84.094467;56.985344
27674466;97.792938;98.344513;83.924049;56.726898
27676440;97.858086;98.287109;83.752808;56.467903
27678439;97.922287;98.228722;83.580742;56.208344
27680439;97.985504;98.169365;83.407845;55.948223
27682442;98.047760;98.109055;83.234131;55.687569
27684544;98.109055;98.047768;83.059601;55.426361
27686462;98.169373;97.985504;82.884239;55.164593
27688457;98.228722;97.922287;82.708061;54.902290
27690458;98.287109;97.858086;82.531067;54.639442
27692456;98.344521;97.792938;82.353264;54.376053
27694457;98.400963;97.726807;82.174644;54.112137
27696479;98.456436;97.659729;81.995216;53.847675
27698439;98.510933;97.591675;81.814972;53.582680
27700441;98.564461;97.522667;81.633934;53.317173
27702440;98.617020;97.452690;81.452080;53.051125
27704439;98.668602;97.381744;81.269417;52.784550
27706493;98.719200;97.309853;81.085960;52.517467
27708469;98.768837;97.236992;80.901703;52.249863
27710464;98.817490;97.163170;80.716637;51.981728
27712455;98.865173;97.088402;80.530800;51.713108
27714458;98.911880;97.012657;80.344139;51.443966
27716460;98.957611;96.935966;80.156693;51.174309
27718474;99.002365;96.858322;79.968475;50.904156
27720443;99.046143;96.779709;79.779449;50.633492
27722432;99.088943;96.700150;79.589638;50.362324
27724436;99.130760;96.619637;79.399048;50.090672
27726438;99.171608;96.538162;79.207672;49.818516
27728545;99.211472;96.455742;79.015503;49.545868
27730460;99.250359;96.372375;78.822563;49.272743
27732454;99.288261;96.288040;78.628845;48.999119
27734456;99.325188;96.202759;78.434349;48.725010
27736459;99.361130;96.116547;78.239082;48.450436
27738457;99.396095;96.029373;78.043053;48.175381
27740473;99.430077;95.941246;77.846237;47.899837
27742438;99.463081;95.852188;77.648666;47.623833
27744441;99.495102;95.762161;77.450310;47.347347
27746441;99.526146;95.671204;77.251205;47.070396
27748436;99.556198;95.579300;77.051331;46.792992
27750436;99.585274;95.486450;76.850700;46.515114
27752473;99.613365;95.392670;76.649300;46.236778
27754462;99.640472;95.297935;76.447159;45.957993
27756465;99.666595;95.202271;76.244255;45.678745
27758457;99.691734;95.105652;76.040596;45.399052
27760461;99.715889;95.008102;75.836197;45.118912
27762470;99.739059;94.909607;75.631035;44.838322
27764442;99.761253;94.810188;75.425133;44.557289
27766436;99.771973;94.760132;75.321922;44.416626
27768446;99.802673;94.608536;75.011116;43.993927
27770438;99.821907;94.506302;74.802986;43.711582
27772434;99.840149;94.403145;74.594124;43.428814
27774476;99.857422;94.299057;74.384514;43.145611
27776463;99.873695;94.194031;74.174179;42.861980
27778458;99.888985;94.088074;73.963112;42.577938
27780452;99.903290;93.981194;73.751312;42.293461
27782458;99.916611;93.873383;73.538788;42.008572
27784476;99.928947;93.764648;73.325539;41.723274
27786442;99.940292;93.654984;73.111557;41.437557
27788437;99.950653;93.544403;72.896866;41.151443
27790435;99.960030;93.432892;72.681442;40.864910
27792435;99.968422;93.320465;72.465324;40.577988
27794439;99.975815;93.207115;72.248474;40.290661
27796473;99.982239;93.092850;72.030914;40.002926
27798458;99.987663;92.977646;71.812630;39.714794
27800452;99.992104;92.861542;71.593651;39.426285
27802454;99.995560;92.744514;71.373962;39.137375
27804460;99.998024;92.626572;71.153572;38.848080
27806472;99.999504;92.507721;70.932480;38.558407
27808438;100.000000;92.387947;70.710686;38.268349
27810437;99.999504;92.267265;70.488182;37.977909
27812435;99.998024;92.145691;70.264999;37.687111
27814437;99.995560;92.023186;70.041115;37.395924
27816476;99.993958;91.961594;69.928917;37.250195
27818437;99.987663;91.775467;69.591278;36.812462
27820436;99.982239;91.650246;69.365341;36.520187
27822435;99.975815;91.524117;69.138702;36.227547
27824438;99.968422;91.397095;68.911392;35.934555
27826442;99.960030;91.269150;68.683395;35.641197
27828480;99.950661;91.140327;68.454720;35.347488
27830461;99.940292;91.010597;68.225372;35.053444
27832453;99.928947;90.879967;67.995346;34.759037
27834454;99.916611;90.748444;67.764648;34.464298
27836463;99.903290;90.616020;67.533287;34.169220
27838479;99.888985;90.482704;67.301247;33.873795
27840438;99.873695;90.348495;67.068550;33.578041
27842432;99.857422;90.213402;66.835205;33.281963
27844439;99.840157;90.077408;66.601196;32.985542
27846434;99.821907;89.940521;66.366516;32.688816
27848469;99.802673;89.802757;66.131195;32.391758
27850440;99.782455;89.664108;65.895210;32.094372
27852437;99.761253;89.524567;65.658585;31.796669
27854436;99.739059;89.384148;65.421310;31.498665
27856434;99.715889;89.242836;65.183380;31.200336
27858442;99.691734;89.100655;64.944809;30.901707
27860471;99.666595;88.957588;64.705605;30.602774
27862457;99.640472;88.813652;64.465752;30.303532
27864456;99.613365;88.668831;64.225266;30.003992
27866462;99.585274;88.523132;63.984154;29.704166
27868454;99.556198;88.376564;63.742401;29.404036
27870472;99.526146;88.229126;63.500023;29.103617
27872436;99.495102;88.080811;63.257015;28.802916
27874434;99.463081;87.931633;63.013397;28.501940
27876438;99.430077;87.781578;62.769146;28.200665
27878437;99.396095;87.630669;62.524277;27.899126
27880431;99.361130;87.478897;62.278782;27.597300
27882474;99.325188;87.326248;62.032677;27.295198
27884453;99.288261;87.172745;61.785965;26.992842
27886463;99.250359;87.018379;61.538643;26.690208
27888456;99.211472;86.863152;61.290710;26.387306
27890454;99.171608;86.707077;61.042179;26.084160
27892464;99.130768;86.550133;60.793030;25.780743
27894438;99.088943;86.392342;60.543293;25.477072
27896436;99.046150;86.233704;60.292961;25.173161
27898438;99.002365;86.074203;60.042023;24.868990
27900434;98.957619;85.913864;59.790504;24.564585
27902434;98.911888;85.752670;59.538399;24.259939
27904473;98.865173;85.590630;59.285694;23.955040
27906463;98.817497;85.427750;59.032398;23.649906
27908456;98.768837;85.264023;58.778538;23.344549
27910457;98.719200;85.099449;58.524078;23.038950
27912458;98.668602;84.934044;58.269054;22.733126
27914477;98.617020;84.767799;58.013458;22.427086
27916456;98.590866;84.684357;57.885437;22.273979
27918456;98.510933;84.432793;57.500530;21.814325
27920455;98.456436;84.264046;57.243221;21.507629
27922456;98.400970;84.094467;56.985336;21.200716
27924472;98.344521;83.924042;56.726898;20.893587
27926435;98.287109;83.752808;56.467896;20.586267
27928436;98.228729;83.580742;56.208347;20.278742
27930432;98.169380;83.407852;55.948238;19.971018
27932440;98.109055;83.234131;55.687569;19.663084
27934435;98.047768;83.059601;55.426361;19.354956
27936478;97.985512;82.884247;55.164604;19.046650
27938463;97.922287;82.708061;54.902290;18.738142
27940457;97.858093;82.531067;54.639442;18.429453
27942455;97.792938;82.353271;54.376060;18.120592
27944456;97.726814;82.174644;54.112137;17.811539
27946478;97.659729;81.995216;53.847672;17.502310
27948441;97.591682;81.814972;53.582687;17.192921
27950436;97.522667;81.633926;53.317165;16.883350
27952440;97.452690;81.452065;53.051113;16.573614
27954436;97.381760;81.269424;52.784573;16.263739
27956489;97.309860;81.085968;52.517479;15.953675
27958474;97.237000;80.901703;52.249866;15.643456
27960462;97.163185;80.716660;51.981747;15.333097
27962456;97.088402;80.530800;51.713108;15.022573
27964460;97.012665;80.344139;51.443958;14.711899
27966459;96.935974;80.156708;51.174313;14.401093
27968477;96.858322;79.968468;50.904156;14.090136
27970437;96.779716;79.779449;50.633492;13.779037
27972440;96.700157;79.589638;50.362331;13.467813
27974437;96.619637;79.399040;50.090672;13.156446
27976438;96.538170;79.207664;49.818512;12.844947
27978434;96.455750;79.015503;49.545876;12.533334
27980474;96.372375;78.822563;49.272739;12.221585
27982462;96.288048;78.628853;48.999126;11.909729
27984460;96.202774;78.434357;48.725025;11.597755
27986464;96.116547;78.239090;48.450439;11.285654
27988456;96.029373;78.043045;48.175385;10.973442
27990483;95.941254;77.846245;47.899849;10.661134
27992438;95.852188;77.648659;47.623833;10.348704
27994435;95.762169;77.450310;47.347347;10.036180
27996434;95.671211;77.251205;47.070408;9.723562
27998438;95.579308;77.051331;46.792992;9.410843
28000437;95.486458;76.850693;46.515114;9.098026
28002467;95.392670;76.649307;46.236782;8.785131
28004456;95.297935;76.447159;45.957989;8.472138
28006459;95.202271;76.244255;45.678745;8.159065
28008457;95.105659;76.040611;45.399071;7.845932
28010454;95.008110;75.836205;45.118923;7.532695
28012483;94.909622;75.631042;44.838333;7.219386
28014439;94.810196;75.425148;44.557308;6.906024
28016436;94.709839;75.218498;44.275837;6.592572
28018438;94.608536;75.011108;43.993927;6.279058
28020434;94.506317;74.802986;43.711590;5.965498
28022433;94.403152;74.594124;43.428814;5.651865
28024471;94.299057;74.384514;43.145607;5.338177
28026459;94.194038;74.174187;42.861984;5.024442
28028460;94.088081;73.963112;42.577942;4.710653
28030454;93.981201;73.751312;42.293465;4.396817
28032456;93.873390;73.538795;42.008579;4.082945
28034472;93.764648;73.325531;41.723274;3.769022
28036465;93.654999;73.111565;41.437565;3.455079
28038455;93.544411;72.896873;41.151451;3.141096
28040454;93.432907;72.681458;40.864925;2.827072
28042457;93.320465;72.465317;40.577984;2.513018
28044470;93.207123;72.248474;40.290661;2.198956
28046436;93.092850;72.030914;40.002926;1.884857
28048433;92.977646;71.812630;39.714794;1.570734
28050437;92.861542;71.593651;39.426285;1.256618
28052442;92.744514;71.373962;39.137375;0.942472
28054438;92.626579;71.153572;38.848080;0.628316
28056473;92.507729;70.932480;38.558407;0.314170
28058458;92.387955;70.710686;38.268349;0.000003
28060458;92.267273;70.488182;37.977909;-0.314158
28062456;92.145691;70.265015;37.687119;-0.628296
28064455;92.023193;70.041122;37.395935;-0.942451
28066469;91.961601;69.928917;37.250202;-1.099524
28068439;91.775475;69.591293;36.812473;-1.570714
28070441;91.650246;69.365334;36.520187;-1.884833
28072435;91.524117;69.138702;36.227539;-2.198935
28074439;91.397095;68.911392;35.934551;-2.512994
28076442;91.269157;68.683388;35.641197;-2.827048
28078476;91.140327;68.454712;35.347485;-3.141072
28080456;91.010597;68.225365;35.053440;-3.455052
28082454;90.879974;67.995338;34.759037;-3.769013
28084454;90.748444;67.764641;34.464287;-4.082933
28086457;90.616020;67.533279;34.169209;-4.396814
28088477;90.482712;67.301262;33.873806;-4.710629
28090463;90.348503;67.068558;33.578049;-5.024421
28092458;90.213394;66.835197;33.281956;-5.338165
28094454;90.077415;66.601196;32.985558;-5.651832
28096458;89.940529;66.366516;32.688820;-5.965466
28098472;89.802765;66.131195;32.391754;-6.279037
28100444;89.664108;65.895210;32.094372;-6.592551
28102441;89.524567;65.658585;31.796669;-6.906000
28104441;89.384140;65.421288;31.498646;-7.219380
28106435;89.242844;65.183388;31.200344;-7.532662
28108437;89.100662;64.944809;30.901712;-7.845893
28110476;88.957588;64.705605;30.602774;-8.159054
28112460;88.813644;64.465752;30.303530;-8.472127
28114457;88.668823;64.225258;30.003986;-8.785120
28116461;88.523125;63.984138;29.704151;-9.098026
28118456;88.376564;63.742405;29.404041;-9.410816
28120473;88.229126;63.500023;29.103624;-9.723544
28122441;88.080811;63.257015;28.802916;-10.036167
28124432;87.931625;63.013382;28.501923;-10.348699
28126440;87.781578;62.769127;28.200649;-10.661122
28128440;87.630661;62.524254;27.899096;-10.973445
28130436;87.478897;62.278793;27.597311;-11.285609
28132476;87.326256;62.032688;27.295212;-11.597711
28134457;87.172745;61.785973;26.992849;-11.909697
28136462;87.018379;61.538643;26.690207;-12.221569
28138457;86.863152;61.290707;26.387314;-12.533316
28140459;86.707069;61.042168;26.084152;-12.844941
28142469;86.550140;60.793041;25.780758;-13.156411
28144436;86.392349;60.543297;25.477087;-13.467783
28146439;86.233696;60.292961;25.173164;-13.779020
28148438;86.074203;60.042023;24.868988;-14.090117
28150436;85.913857;59.790497;24.564579;-14.401073
28152535;85.752663;59.538376;24.259922;-14.711893
28154460;85.590630;59.285690;23.955044;-15.022543
28156458;85.427750;59.032406;23.649914;-15.333065
28158458;85.264015;58.778526;23.344538;-15.643438
28160455;85.099449;58.524071;23.038942;-15.953657
28162455;84.934029;58.269035;22.733120;-16.263720
28164476;84.767799;58.013458;22.427092;-16.573593
28166465;84.600708;57.757271;22.120815;-16.883335
28168457;84.432793;57.500523;21.814325;-17.192904
28170462;84.264038;57.243210;21.507627;-17.502302
28172456;84.094452;56.985329;21.200708;-17.811531
28174477;83.924034;56.726883;20.893579;-18.120584
28176439;83.752808;56.467896;20.586267;-18.429432
28178438;83.580734;56.208336;20.278728;-18.738127
28180432;83.407845;55.948223;19.970995;-19.046635
28182437;83.234116;55.687546;19.663059;-19.354958
28184435;83.059601;55.426361;19.354959;-19.663054
28186476;82.884232;55.164593;19.046640;-19.970985
28188463;82.708069;54.902302;18.738163;-20.278698
28190460;82.531075;54.639454;18.429466;-20.586231
28192457;82.353271;54.376064;18.120592;-20.893570
28194456;82.174644;54.112137;17.811541;-21.200699
28196654;81.995216;53.847672;17.502312;-21.507614
28198468;81.814972;53.582680;17.192913;-21.814323
28200460;81.633934;53.317177;16.883364;-22.120789
28202458;81.452087;53.051140;16.573631;-22.427052
28204453;81.269424;52.784561;16.263733;-22.733107
28206465;81.085960;52.517467;15.953669;-23.038933
28208483;80.901703;52.249855;15.643451;-23.344532
28210442;80.716637;51.981735;15.333075;-23.649895
28212433;80.530800;51.713108;15.022582;-23.955011
28214435;80.344147;51.443958;14.711899;-24.259911
28216433;80.250511;51.309185;14.556500;-24.412281
28218473;79.968468;50.904148;14.090130;-24.868980
28220441;79.779449;50.633484;13.779029;-25.173155
28222435;79.589630;50.362312;13.467794;-25.477079
28224432;79.399048;50.090675;13.156450;-25.780720
28226441;79.207664;49.818516;12.844944;-26.084148
28228435;79.015503;49.545868;12.533325;-26.387304
28230476;78.822556;49.272732;12.221578;-26.690197
28232461;78.628838;48.999107;11.909712;-26.992836
28234456;78.434341;48.724998;11.597720;-27.295208
28236461;78.239082;48.450428;11.285645;-27.597279
28238460;78.043053;48.175388;10.973456;-27.899086
28240475;77.846237;47.899841;10.661134;-28.200638
28242437;77.648666;47.623837;10.348713;-28.501907
28244438;77.450310;47.347347;10.036182;-28.802904
28246429;77.251205;47.070400;9.723559;-29.103613
28248430;77.051338;46.793003;9.410858;-29.404005
28250487;76.850708;46.515125;9.098044;-29.704136
28252474;76.649315;46.236790;8.785141;-30.003971
28254457;76.447166;45.958000;8.472151;-30.303514
28256458;76.244263;45.678749;8.159068;-30.602753
28258458;76.040604;45.399052;7.845914;-30.901691
28260456;75.836205;45.118923;7.532701;-31.200310
28262478;75.631050;44.838337;7.219398;-31.498632
28264436;75.425148;44.557304;6.906014;-31.796652
28266440;75.218498;44.275829;6.592566;-32.094349
28268442;75.011108;43.993919;6.279051;-32.391739
28270437;74.802986;43.711578;5.965483;-32.688805
28272442;74.594131;43.428822;5.651874;-32.985523
28274473;74.384521;43.145615;5.338177;-33.281940
28276462;74.174179;42.861980;5.024439;-33.578033
28278456;73.963112;42.577927;4.710648;-33.873783
28280451;73.751305;42.293449;4.396805;-34.169216
28282459;73.538780;42.008564;4.082927;-34.464298
28284471;73.325546;41.723282;3.769028;-34.759022
28286457;73.111565;41.437565;3.455070;-35.053429
28288456;72.896866;41.151432;3.141072;-35.347485
28290456;72.681442;40.864899;2.827048;-35.641193
28292456;72.465324;40.577991;2.513024;-35.934528
28294542;72.248474;40.290649;2.198946;-36.227531
28296463;72.030922;40.002934;1.884872;-36.520153
28298457;71.812645;39.714806;1.570749;-36.812435
28300459;71.593658;39.426289;1.256624;-37.104355
28302454;71.373962;39.137371;0.942469;-37.395912
28304455;71.153572;38.848080;0.628319;-37.687092
28306469;70.932480;38.558411;0.314179;-37.977890
28308442;70.710686;38.268360;0.000021;-38.268318
28310438;70.488205;37.977928;-0.314134;-38.558380
28312439;70.265007;37.687115;-0.628302;-38.848061
28314437;70.041122;37.395927;-0.942454;-39.137352
28316432;69.928932;37.250214;-1.099509;-39.281845
28318476;69.591293;36.812477;-1.570705;-39.714764
28320462;69.365349;36.520195;-1.884821;-40.002899
28322456;69.138702;36.227551;-2.198920;-40.290627
28324452;68.911385;35.934551;-2.513000;-40.577961
28326460;68.683395;35.641193;-2.827048;-40.864899
28328469;68.454712;35.347485;-3.141072;-41.151432
28330446;68.225380;35.053452;-3.455046;-41.437538
28332433;67.995354;34.759048;-3.769004;-41.723259
28334432;67.764648;34.464298;-4.082927;-42.008564
28336436;67.533287;34.169216;-4.396805;-42.293449
28338479;67.301247;33.873783;-4.710648;-42.577927
28340436;67.068550;33.578033;-5.024439;-42.861980
28342441;66.835213;33.281963;-5.338153;-43.145592
28344439;66.601196;32.985546;-5.651844;-43.428795
28346439;66.366539;32.688831;-5.965453;-43.711548
28348442;66.131203;32.391762;-6.279027;-43.993896
28350476;65.895226;32.094379;-6.592542;-44.275810
28352458;65.658585;31.796677;-6.905991;-44.557278
28354458;65.421318;31.498680;-7.219350;-44.838291
28356460;65.183395;31.200352;-7.532653;-45.118885
28358455;64.944824;30.901718;-7.845891;-45.399029
28360474;64.705612;30.602779;-8.159044;-45.678722
28362436;64.465759;30.303537;-8.472117;-45.957973
28364438;64.225273;30.003998;-8.785110;-46.236767
28366433;64.104805;29.854128;-8.941561;-46.515087
28368437;63.742416;29.404053;-9.410808;-46.792961
28370472;63.500034;29.103630;-9.723532;-47.070374
28372439;63.257027;28.802925;-10.036159;-47.347328
28374435;63.013393;28.501928;-10.348690;-47.623817
28376432;62.769138;28.200663;-10.661110;-47.899830
28378438;62.524284;27.899132;-10.973414;-48.175350
28380435;62.278790;27.597301;-11.285621;-48.450417
28382474;62.032688;27.295208;-11.597720;-48.724998
28384458;61.785965;26.992836;-11.909712;-48.999107
28386459;61.538635;26.690197;-12.221578;-49.272732
28388461;61.290707;26.387304;-12.533325;-49.545868
28390460;61.042183;26.084164;-12.844926;-49.818497
28392481;60.793037;25.780746;-13.156425;-50.090652
28394442;60.543293;25.477079;-13.467794;-50.362312
28396439;60.292953;25.173155;-13.779029;-50.633484
28398436;60.042034;24.869003;-14.090106;-50.904125
28400441;59.790508;24.564589;-14.401063;-51.174282
28402438;59.538414;24.259958;-14.711854;-51.443916
28404473;59.285706;23.955055;-15.022528;-51.713074
28406468;59.032417;23.649925;-15.333054;-51.981712
28408459;58.778542;23.344555;-15.643424;-52.249836
28410456;58.524086;23.038956;-15.953645;-52.517448
28412454;58.269054;22.733131;-16.263708;-52.784538
28414558;58.013470;22.427105;-16.573584;-53.051090
28416464;57.757290;22.120827;-16.883322;-53.317142
28418461;57.500542;21.814341;-17.192888;-53.582657
28420461;57.243221;21.507639;-17.502293;-53.847652
28422454;56.985344;21.200720;-17.811516;-54.112114
28424460;56.726898;20.893589;-18.120565;-54.376041
28426474;56.467915;20.586285;-18.429419;-54.639404
28428459;56.208355;20.278749;-18.738115;-54.902267
28430454;55.948238;19.971016;-19.046616;-55.164570
28432455;55.687569;19.663080;-19.354939;-55.426334
28434454;55.426353;19.354958;-19.663059;-55.687546
28436474;55.164589;19.046635;-19.970995;-55.948223
28438438;54.902298;18.738152;-20.278704;-56.208313
28440435;54.639446;18.429459;-20.586246;-56.467880
28442440;54.376053;18.120584;-20.893579;-56.726883
28444435;54.112125;17.811531;-21.200708;-56.985329
28446438;53.847664;17.502302;-21.507627;-57.243210
28448473;53.582676;17.192904;-21.814325;-57.500523
28450456;53.317173;16.883356;-22.120792;-57.757252
28452456;53.051144;16.573643;-22.427044;-58.013409
28454459;52.784573;16.263744;-22.733089;-58.269016
28456459;52.517479;15.953681;-23.038923;-58.524059
28458477;52.249874;15.643465;-23.344513;-58.778507
28460444;51.981766;15.333113;-23.649860;-59.032356
28462438;51.713127;15.022593;-23.954996;-59.285652
28464430;51.443977;14.711916;-24.259892;-59.538357
28466436;51.174320;14.401102;-24.564548;-59.790474
28468435;50.904156;14.090138;-24.868971;-60.042007
28470472;50.633492;13.779041;-25.173140;-60.292934
28472462;50.362350;13.467834;-25.477034;-60.543259
28474453;50.090683;13.156462;-25.780710;-60.793007
28476460;49.818527;12.844962;-26.084126;-61.042149
28478455;49.545879;12.533340;-26.387287;-61.290688
28480471;49.272743;12.221586;-26.690191;-61.538624
28482433;48.999119;11.909720;-26.992821;-61.785954
28484435;48.725033;11.597758;-27.295170;-62.032646
28486441;48.450447;11.285657;-27.597269;-62.278759
28488440;48.175381;10.973445;-27.899096;-62.524254
28490435;47.899837;10.661122;-28.200649;-62.769127
28492474;47.623821;10.348699;-28.501923;-63.013382
28494459;47.347336;10.036167;-28.802916;-63.257015
28496460;47.070408;9.723565;-29.103598;-63.500004
28498455;46.792992;9.410840;-29.404020;-63.742386
28500456;46.515114;9.098026;-29.704151;-63.984138
28502476;46.236778;8.785120;-30.003986;-64.225258
28504435;45.957981;8.472127;-30.303530;-64.465752
28506433;45.678757;8.159074;-30.602747;-64.705582
28508434;45.399082;7.845944;-30.901661;-64.944778
28510436;45.118935;7.532710;-31.200302;-65.183350
28512434;44.838341;7.219398;-31.498632;-65.421280
28514474;44.557308;6.906021;-31.796642;-65.658554
28516463;44.416637;6.749320;-31.945524;-65.776947
28518456;43.993927;6.279060;-32.391731;-66.131172
28520457;43.711601;5.965510;-32.688774;-66.366493
28522454;43.428825;5.651879;-32.985516;-66.601166
28524473;43.145622;5.338186;-33.281940;-66.835190
28526443;42.861992;5.024448;-33.578022;-67.068542
28528437;42.577938;4.710653;-33.873783;-67.301239
28530434;42.293461;4.396814;-34.169209;-67.533279
28532441;42.008595;4.082960;-34.464268;-67.764626
28534438;41.723286;3.769034;-34.759018;-67.995323
28536477;41.437569;3.455076;-35.053421;-68.225357
28538456;41.151443;3.141084;-35.347481;-68.454704
28540456;40.864910;2.827060;-35.641186;-68.683388
28542452;40.577976;2.513006;-35.934536;-68.911377
28544451;40.290661;2.198952;-36.227520;-69.138680
28546471;40.002926;1.884854;-36.520164;-69.365318
28548438;39.714794;1.570740;-36.812447;-69.591270
28550439;39.426277;1.256606;-37.104370;-69.816536
28552438;39.137363;0.942460;-37.395924;-70.041122
28554434;38.848068;0.628307;-37.687107;-70.264999
28556497;38.558411;0.314173;-37.977894;-70.488174
28558470;38.268349;0.000003;-38.268337;-70.710670
28560462;37.977936;-0.314134;-38.558376;-70.932457
28562459;37.687119;-0.628296;-38.848057;-71.153549
28564455;37.395935;-0.942451;-39.137356;-71.373947
28566461;37.250214;-1.099512;-39.281841;-71.483871
28568476;36.812485;-1.570702;-39.714760;-71.812607
28570439;36.520203;-1.884821;-40.002888;-72.030891
28572437;36.227558;-2.198917;-40.290623;-72.248444
28574441;35.934555;-2.512994;-40.577961;-72.465302
28576438;35.641201;-2.827045;-40.864895;-72.681442
28578433;35.347488;-3.141069;-41.151432;-72.896858
28580472;35.053455;-3.455037;-41.437531;-73.111542
28582463;34.759052;-3.768998;-41.723251;-73.325523
28584458;34.464306;-4.082921;-42.008560;-73.538773
28586455;34.169220;-4.396802;-42.293449;-73.751305
28588453;33.873795;-4.710641;-42.577927;-73.963104
28590473;33.578037;-5.024433;-42.861973;-74.174171
28592461;33.281975;-5.338147;-43.145584;-74.384499
28594455;32.985558;-5.651837;-43.428791;-74.594101
28596459;32.688812;-5.965474;-43.711567;-74.802971
28598454;32.391747;-6.279048;-43.993919;-75.011108
28600474;32.094360;-6.592563;-44.275822;-75.218491
28602443;31.796658;-6.906009;-44.557301;-75.425133
28604440;31.498665;-7.219368;-44.838310;-75.631035
28606436;31.200336;-7.532674;-45.118904;-75.836182
28608434;30.901703;-7.845905;-45.399048;-76.040596
28610437;30.602762;-8.159065;-45.678745;-76.244255
28612471;30.303522;-8.472138;-45.957989;-76.447159
28614457;30.004025;-8.785087;-46.236748;-76.649277
28616460;29.704189;-9.097987;-46.515083;-76.850670
28618456;29.404058;-9.410808;-46.792953;-77.051308
28620456;29.103638;-9.723529;-47.070374;-77.251183
28622475;28.802931;-10.036156;-47.347324;-77.450294
28624437;28.501940;-10.348683;-47.623806;-77.648636
28626432;28.200689;-10.661083;-47.899803;-77.846207
28628442;27.899137;-10.973406;-48.175343;-78.043022
28630436;27.597309;-11.285618;-48.450409;-78.239067
28632432;27.295212;-11.597720;-48.724998;-78.434334
28634471;26.992840;-11.909707;-48.999107;-78.628838
28636461;26.690207;-12.221572;-49.272728;-78.822556
28638459;26.387331;-12.533298;-49.545849;-79.015488
28640454;26.084169;-12.844925;-49.818493;-79.207649
28642451;25.780756;-13.156420;-50.090645;-79.399025
28644478;25.477085;-13.467787;-50.362309;-79.589630
28646437;25.173161;-13.779023;-50.633476;-79.779442
28648431;24.868990;-14.090122;-50.904137;-79.968468
28650436;24.564596;-14.401060;-51.174282;-80.156693
28652433;24.259939;-14.711875;-51.443939;-80.344131
28654431;23.955040;-15.022551;-51.713093;-80.530785
28656480;23.649906;-15.333073;-51.981735;-80.716637
28658457;23.344538;-15.643446;-52.249863;-80.901703
28660461;23.038939;-15.953666;-52.517475;-81.085968
28662458;22.733135;-16.263700;-52.784538;-81.269402
28664454;22.427086;-16.573605;-53.051113;-81.452065
28666474;22.273966;-16.728504;-53.317158;-81.633926
28668441;21.814348;-17.192888;-53.582661;-81.814957
28670435;21.507641;-17.502291;-53.847660;-81.995201
28672433;21.200726;-17.811514;-54.112114;-82.174637
28674442;20.893621;-18.120544;-54.376019;-82.353241
28676440;20.586288;-18.429419;-54.639412;-82.531052
28678476;20.278751;-18.738110;-54.902260;-82.708046
28680458;19.971016;-19.046616;-55.164574;-82.884224
28682458;19.663082;-19.354937;-55.426342;-83.059586
28684456;19.354956;-19.663063;-55.687557;-83.234123
28686460;19.046659;-19.970972;-55.948204;-83.407822
28688476;18.738153;-20.278708;-56.208317;-83.580727
28690447;18.429462;-20.586243;-56.467880;-83.752792
28692436;18.120588;-20.893579;-56.726883;-83.924042
28694434;17.811537;-21.200703;-56.985329;-84.094452
28696435;17.502310;-21.507622;-57.243217;-84.264038
28698439;17.192932;-21.814304;-57.500511;-84.432777
28700474;16.883362;-22.120792;-57.757259;-84.600700
28702462;16.573624;-22.427063;-58.013432;-84.767784
28704460;16.263723;-22.733116;-58.269035;-84.934029
28706461;15.953663;-23.038940;-58.524071;-85.099449
28708457;15.643445;-23.344540;-58.778530;-85.264015
28710476;15.333096;-23.649883;-59.032379;-85.427734
28712455;15.022570;-23.955019;-59.285675;-85.590622
28714443;14.711897;-24.259918;-59.538376;-85.752663
28716440;14.401080;-24.564575;-59.790497;-85.913864
28718435;14.090120;-24.868992;-60.042023;-86.074203
28720488;13.779022;-25.173164;-60.292965;-86.233704
28722472;13.467834;-25.477039;-60.543262;-86.392319
28724457;13.156466;-25.780708;-60.793007;-86.550117
28726458;12.844968;-26.084126;-61.042149;-86.707054
28728452;12.533342;-26.387287;-61.290688;-86.863136
28730463;12.221595;-26.690186;-61.538624;-87.018364
28732473;11.909726;-26.992821;-61.785950;-87.172737
28734458;11.597764;-27.295166;-62.032654;-87.326225
28736458;11.285663;-27.597263;-62.278759;-87.478874
28738457;10.973451;-27.899092;-62.524246;-87.630653
28740452;10.661130;-28.200644;-62.769127;-87.781570
28742473;10.348703;-28.501919;-63.013382;-87.931625
28744435;10.036177;-28.802908;-63.257008;-88.080803
28746440;9.723573;-29.103596;-63.500000;-88.229111
28748441;9.410850;-29.404015;-63.742382;-88.376549
28750439;9.098034;-29.704147;-63.984138;-88.523117
28752431;8.785129;-30.003983;-64.225258;-88.668823
28754469;8.472136;-30.303522;-64.465752;-88.813644
28756460;8.159060;-30.602764;-64.705597;-88.957588
28758461;7.845928;-30.901682;-64.944786;-89.100639
28760454;7.532693;-31.200317;-65.183357;-89.242828
28762456;7.219385;-31.498644;-65.421288;-89.384132
28764478;6.906006;-31.796661;-65.658577;-89.524559
28766436;6.592558;-32.094364;-65.895203;-89.664101
28768440;6.279069;-32.391727;-66.131172;-89.802750
28770433;5.965495;-32.688789;-66.366501;-89.940521
28772439;5.651861;-32.985531;-66.601181;-90.077393
28774436;5.338172;-33.281952;-66.835197;-90.213394
28776475;5.024454;-33.578022;-67.068542;-90.348488
28778459;4.710662;-33.873775;-67.301239;-90.482697
28780452;4.396848;-34.169178;-67.533249;-90.615997
28782454;4.082967;-34.464264;-67.764626;-90.748428
28784454;3.769045;-34.759010;-67.995323;-90.879951
28786478;3.455086;-35.053410;-68.225342;-91.010582
28788463;3.141093;-35.347469;-68.454697;-91.140312
28790453;2.827068;-35.641174;-68.683372;-91.269150
28792456;2.513040;-35.934509;-68.911354;-91.397072
28794452;2.198963;-36.227512;-69.138680;-91.524109
28796476;1.884865;-36.520157;-69.365318;-91.650238
28798439;1.570747;-36.812439;-69.591263;-91.775452
28800440;1.256615;-37.104359;-69.816528;-91.899773
28802437;0.942470;-37.395916;-70.041107;-92.023178
28804435;0.628339;-37.687077;-70.264977;-92.145668
28806435;0.314179;-37.977890;-70.488167;-92.267265
28808475;0.000015;-38.268326;-70.710663;-92.387947
28810459;-0.314149;-38.558388;-70.932457;-92.507706
28812454;-0.628309;-38.848068;-71.153564;-92.626572
28814462;-0.942463;-39.137367;-71.373955;-92.744514
28816462;-1.099525;-39.281860;-71.483887;-92.803139
28818473;-1.570717;-39.714775;-71.812614;-92.977646
28820437;-1.884835;-40.002903;-72.030899;-93.092834
28822438;-2.198933;-40.290638;-72.248459;-93.207100
28824444;-2.513010;-40.577976;-72.465309;-93.320457
28826442;-2.827062;-40.864910;-72.681442;-93.432892
28828438;-3.141062;-41.151421;-72.896858;-93.544403
28830477;-3.455031;-41.437523;-73.111534;-93.654976
28832459;-3.768990;-41.723244;-73.325516;-93.764641
28834457;-4.082912;-42.008553;-73.538765;-93.873375
28836459;-4.396794;-42.293446;-73.751297;-93.981186
28838463;-4.710632;-42.577915;-73.963097;-94.088074
28840470;-5.024400;-42.861950;-74.174156;-94.194016
28842438;-5.338142;-43.145580;-74.384491;-94.299042
28844433;-5.651831;-43.428783;-74.594101;-94.403137
28846439;-5.965465;-43.711559;-74.802963;-94.506294
28848432;-6.279039;-43.993904;-75.011101;-94.608528
28850493;-6.592552;-44.275818;-75.218491;-94.709824
28852468;-6.905976;-44.557266;-75.425125;-94.810181
28854459;-7.219356;-44.838303;-75.631020;-94.909599
28856464;-7.532664;-45.118896;-75.836182;-95.008095
28858456;-7.845898;-45.399040;-76.040588;-95.105652
28860456;-8.159054;-45.678734;-76.244247;-95.202263
28862475;-8.472131;-45.957985;-76.447151;-95.297935
28864444;-8.785099;-46.236755;-76.649284;-95.392654
28866438;-9.098004;-46.515091;-76.850685;-95.486443
28868433;-9.410820;-46.792969;-77.051315;-95.579300
28870435;-9.723543;-47.070389;-77.251198;-95.671204
28872438;-10.036171;-47.347336;-77.450302;-95.762161
28874472;-10.348699;-47.623825;-77.648651;-95.852180
28876465;-10.661099;-47.899818;-77.846214;-95.941238
28878461;-10.973421;-48.175358;-78.043030;-96.029358
28880454;-11.285633;-48.450424;-78.239075;-96.116547
28882456;-11.597733;-48.725014;-78.434349;-96.202766
28884476;-11.909697;-48.999100;-78.628830;-96.288040
28886441;-12.221565;-49.272720;-78.822556;-96.372368
28888435;-12.533291;-49.545841;-79.015480;-96.455734
28890439;-12.844914;-49.818485;-79.207649;-96.538147
28892440;-13.156412;-50.090641;-79.399025;-96.619621
28894429;-13.467780;-50.362301;-79.589622;-96.700134
28896475;-13.779016;-50.633465;-79.779442;-96.779709
28898460;-14.090115;-50.904129;-79.968460;-96.858307
28900455;-14.401050;-51.174271;-80.156677;-96.935959
28902457;-14.711868;-51.443935;-80.344131;-97.012650
28904456;-15.022542;-51.713085;-80.530777;-97.088394
28906474;-15.333065;-51.981724;-80.716637;-97.163170
28908435;-15.643438;-52.249847;-80.901695;-97.236992
28910440;-15.953633;-52.517437;-81.085945;-97.309845
28912434;-16.263695;-52.784531;-81.269402;-97.381744
28914433;-16.573595;-53.051102;-81.452057;-97.452682
28916434;-16.883331;-53.317154;-81.633911;-97.522659
28918476;-17.192902;-53.582676;-81.814972;-97.591682
28920462;-17.502304;-53.847664;-81.995216;-97.659721
28922454;-17.811506;-54.112106;-82.174622;-97.726807
28924456;-18.120560;-54.376038;-82.353249;-97.792938
28926463;-18.429432;-54.639423;-82.531059;-97.858086
28928473;-18.738123;-54.902275;-82.708054;-97.922279
28930440;-19.046631;-55.164581;-82.884232;-97.985504
28932435;-19.354950;-55.426346;-83.059601;-98.047760
28934431;-19.663054;-55.687546;-83.234116;-98.109047
28936438;-19.970985;-55.948215;-83.407845;-98.169373
28938542;-20.278700;-56.208313;-83.580719;-98.228714
28940459;-20.586235;-56.467880;-83.752785;-98.287109
28942455;-20.893570;-56.726879;-83.924034;-98.344513
28944458;-21.200695;-56.985317;-84.094452;-98.400963
28946458;-21.507589;-57.243179;-84.264023;-98.456421
28948454;-21.814295;-57.500500;-84.432777;-98.510925
28950465;-22.120785;-57.757252;-84.600700;-98.564461
28952441;-22.427057;-58.013428;-84.767784;-98.617004
28954437;-22.733107;-58.269035;-84.934036;-98.668594
28956438;-23.038933;-58.524067;-85.099449;-98.719200
28958441;-23.344507;-58.778500;-85.264000;-98.768829
28960476;-23.649876;-59.032375;-85.427734;-98.817490
28962440;-23.955011;-59.285664;-85.590622;-98.865173
28964443;-24.259909;-59.538376;-85.752655;-98.911880
28966433;-24.412256;-59.664501;-85.833359;-98.934868
28968438;-24.868984;-60.042023;-86.074203;-99.002365
28970438;-25.173134;-60.292934;-86.233688;-99.046143
28972476;-25.477055;-60.543274;-86.392334;-99.088936
28974457;-25.780725;-60.793018;-86.550125;-99.130760
28976458;-26.084143;-61.042168;-86.707069;-99.171600
28978461;-26.387300;-61.290707;-86.863152;-99.211464
28980458;-26.690201;-61.538635;-87.018379;-99.250359
28982477;-26.992813;-61.785950;-87.172737;-99.288254
28984437;-27.295181;-62.032665;-87.326241;-99.325188
28986437;-27.597281;-62.278770;-87.478889;-99.361130
28988436;-27.899107;-62.524258;-87.630669;-99.396095
28990432;-28.200659;-62.769138;-87.781586;-99.430084
28992438;-28.501909;-63.013374;-87.931618;-99.463074
28994477;-28.802877;-63.256992;-88.080803;-99.495102
28996463;-29.103586;-63.500000;-88.229111;-99.526138
28998457;-29.404009;-63.742382;-88.376556;-99.556198
29000457;-29.704138;-63.984131;-88.523117;-99.585266
29002454;-30.003973;-64.225258;-88.668816;-99.613365
29004479;-30.303516;-64.465736;-88.813637;-99.640472
29006435;-30.602736;-64.705574;-88.957573;-99.666580
29008435;-30.901674;-64.944778;-89.100639;-99.691727
29010437;-31.200310;-65.183350;-89.242828;-99.715889
29012432;-31.498638;-65.421280;-89.384140;-99.739059
29014436;-31.796652;-65.658562;-89.524559;-99.761238
29016474;-32.094357;-65.895203;-89.664101;-99.782455
29018457;-32.391720;-66.131165;-89.802742;-99.802673
29020454;-32.688786;-66.366501;-89.940521;-99.821899
29022457;-32.985527;-66.601166;-90.077393;-99.840149
29024458;-33.281944;-66.835190;-90.213387;-99.857414
29026476;-33.578033;-67.068550;-90.348495;-99.873695
29028457;-33.873791;-67.301247;-90.482704;-99.888985
29030459;-34.169189;-67.533264;-90.616013;-99.903290
29032459;-34.464279;-67.764626;-90.748436;-99.916611
29034454;-34.759026;-67.995331;-90.879967;-99.928947
29036473;-35.053425;-68.225357;-91.010597;-99.940285
29038444;-35.347485;-68.454712;-91.140327;-99.950661
29040442;-35.641193;-68.683388;-91.269157;-99.960030
29042434;-35.934525;-68.911377;-91.397079;-99.968422
29044435;-36.227528;-69.138687;-91.524109;-99.975815
29046440;-36.520149;-69.365311;-91.650238;-99.982231
29048480;-36.812435;-69.591263;-91.775452;-99.987671
29050461;-37.104355;-69.816528;-91.899780;-99.992104
29052459;-37.395885;-70.041084;-92.023170;-99.995552
29054454;-37.687073;-70.264969;-92.145668;-99.998024
29056460;-37.977882;-70.488167;-92.267265;-99.999504
29058474;-38.268322;-70.710663;-92.387939;-100.000000
29060435;-38.558380;-70.932457;-92.507713;-99.999504
29062438;-38.848064;-71.153557;-92.626572;-99.998024
29064435;-39.137337;-71.373932;-92.744499;-99.995552
29066442;-39.281853;-71.483871;-92.803131;-99.993950
29068433;-39.714767;-71.812614;-92.977646;-99.987663
29070472;-40.002899;-72.030891;-93.092827;-99.982231
29072461;-40.290634;-72.248459;-93.207108;-99.975822
29074459;-40.577969;-72.465309;-93.320465;-99.968422
29076458;-40.864883;-72.681427;-93.432884;-99.960037
29078458;-41.151417;-72.896851;-93.544395;-99.950653
29080474;-41.437542;-73.111549;-93.654984;-99.940300
29082435;-41.723259;-73.325523;-93.764641;-99.928940
29084436;-42.008568;-73.538780;-93.873375;-99.916611
29086436;-42.293461;-73.751305;-93.981194;-99.903297
29088434;-42.577911;-73.963097;-94.088066;-99.888977
29090436;-42.861965;-74.174164;-94.194016;-99.873688
29092477;-43.145596;-74.384506;-94.299049;-99.857414
29094459;-43.428799;-74.594101;-94.403145;-99.840149
29096455;-43.711575;-74.802979;-94.506302;-99.821907
29098455;-43.993919;-75.011108;-94.608536;-99.802666
29100458;-44.275787;-75.218460;-94.709816;-99.782448
29102476;-44.557262;-75.425110;-94.810173;-99.761253
29104439;-44.838295;-75.631012;-94.909599;-99.739059
29106435;-45.118885;-75.836166;-95.008087;-99.715889
29108434;-45.399033;-76.040581;-95.105644;-99.691727
29110429;-45.678730;-76.244232;-95.202255;-99.666588
29112434;-45.957954;-76.447128;-95.297920;-99.640465
29114475;-46.236752;-76.649277;-95.392654;-99.613358
29116465;-46.375988;-76.750084;-95.439674;-99.599434
29118460;-46.792965;-77.051308;-95.579300;-99.556198
29120453;-47.070381;-77.251183;-95.671204;-99.526138
29122454;-47.347332;-77.450302;-95.762161;-99.495094
29124479;-47.623795;-77.648628;-95.852158;-99.463074
29126447;-47.899811;-77.846214;-95.941231;-99.430069
29128438;-48.175350;-78.043022;-96.029358;-99.396095
29130439;-48.450413;-78.239067;-96.116531;-99.361130
29132432;-48.725002;-78.434334;-96.202759;-99.325180
29134480;-48.999111;-78.628838;-96.288040;-99.288261
29136436;-49.272713;-78.822540;-96.372353;-99.250351
29138432;-49.545849;-79.015488;-96.455734;-99.211464
29140437;-49.818497;-79.207649;-96.538162;-99.171600
29142437;-50.090652;-79.399033;-96.619621;-99.130760
29144490;-50.362312;-79.589630;-96.700142;-99.088936
29146475;-50.633476;-79.779434;-96.779701;-99.046135
29148460;-50.904125;-79.968452;-96.858307;-99.002365
29150458;-51.174290;-80.156693;-96.935951;-98.957611
29152451;-51.443947;-80.344131;-97.012650;-98.911873
29154455;-51.713074;-80.530762;-97.088379;-98.865173
29156471;-51.981712;-80.716621;-97.163162;-98.817482
29158443;-52.249836;-80.901680;-97.236977;-98.768829
29160438;-52.517433;-81.085930;-97.309837;-98.719200
29162439;-52.784519;-81.269394;-97.381737;-98.668602
29164432;-53.051098;-81.452057;-97.452675;-98.617020
29166437;-53.317142;-81.633911;-97.522652;-98.564461
29168475;-53.582661;-81.814957;-97.591667;-98.510925
29170457;-53.847660;-81.995201;-97.659721;-98.456429
29172455;-54.112095;-82.174614;-97.726807;-98.400970
29174455;-54.376022;-82.353233;-97.792923;-98.344513
29176463;-54.639416;-82.531044;-97.858086;-98.287109
29178470;-54.902267;-82.708046;-97.922279;-98.228729
29180444;-55.164574;-82.884232;-97.985497;-98.169373
29182435;-55.426342;-83.059586;-98.047760;-98.109047
29184435;-55.687542;-83.234108;-98.109039;-98.047760
29186434;-55.948212;-83.407829;-98.169365;-97.985504
29188440;-56.208324;-83.580719;-98.228714;-97.922279
29190470;-56.467884;-83.752792;-98.287102;-97.858086
29192457;-56.726891;-83.924042;-98.344513;-97.792931
29194458;-56.985329;-84.094452;-98.400955;-97.726807
29196456;-57.114334;-84.179344;-98.428818;-97.693382
29198452;-57.500511;-84.432777;-98.510933;-97.591675
29200477;-57.757259;-84.600700;-98.564453;-97.522659
29202441;-58.013439;-84.767784;-98.617004;-97.452682
29204436;-58.269047;-84.934044;-98.668594;-97.381744
29206437;-58.524078;-85.099449;-98.719200;-97.309845
29208432;-58.778496;-85.263992;-98.768822;-97.236992
29210541;-59.032368;-85.427727;-98.817482;-97.163185
29212461;-59.285660;-85.590614;-98.865166;-97.088394
29214454;-59.538364;-85.752655;-98.911873;-97.012665
29216461;-59.790482;-85.913841;-98.957603;-96.935966
29218460;-60.041992;-86.074188;-99.002365;-96.858322
29220455;-60.292923;-86.233673;-99.046135;-96.779709
29222475;-60.543270;-86.392326;-99.088943;-96.700157
29224439;-60.793011;-86.550125;-99.130760;-96.619644
29226438;-61.042152;-86.707054;-99.171600;-96.538162
29228433;-61.290695;-86.863152;-99.211464;-96.455750
29230438;-61.538612;-87.018356;-99.250351;-96.372375
29232438;-61.785934;-87.172722;-99.288246;-96.288048
29234475;-62.032658;-87.326225;-99.325188;-96.202782
29236459;-62.278767;-87.478874;-99.361130;-96.116547
29238457;-62.524254;-87.630653;-99.396095;-96.029373
29240456;-62.769127;-87.781570;-99.430069;-95.941246
29242456;-63.013363;-87.931618;-99.463066;-95.852188
29244466;-63.256996;-88.080803;-99.495102;-95.762169
29246438;-63.500004;-88.229111;-99.526131;-95.671211
29248433;-63.742386;-88.376549;-99.556198;-95.579300
29250434;-63.984142;-88.523125;-99.585274;-95.486458
29252437;-64.225266;-88.668823;-99.613358;-95.392670
29254492;-64.465729;-88.813637;-99.640465;-95.297943
29256474;-64.705582;-88.957581;-99.666588;-95.202271
29258459;-64.944801;-89.100647;-99.691734;-95.105659
29260458;-65.183365;-89.242836;-99.715889;-95.008102
29262458;-65.421280;-89.384125;-99.739059;-94.909622
29264451;-65.658554;-89.524551;-99.761246;-94.810196
29266479;-65.776947;-89.594429;-99.782448;-94.709846
29268444;-66.131157;-89.802742;-99.802673;-94.608543
29270437;-66.366493;-89.940514;-99.821907;-94.506325
29272435;-66.601166;-90.077393;-99.840149;-94.403160
29274435;-66.835190;-90.213379;-99.857414;-94.299065
29276438;-67.068550;-90.348488;-99.873695;-94.194038
29278473;-67.301224;-90.482689;-99.888985;-94.088089
29280456;-67.533264;-90.616005;-99.903290;-93.981201
29282455;-67.764626;-90.748428;-99.916611;-93.873390
29284459;-67.995323;-90.879959;-99.928955;-93.764656
29286459;-68.225349;-91.010590;-99.940285;-93.654991
29288474;-68.454704;-91.140320;-99.950653;-93.544403
29290430;-68.683365;-91.269150;-99.960030;-93.432907
29292436;-68.911362;-91.397079;-99.968414;-93.320473
29294439;-69.138680;-91.524109;-99.975822;-93.207123
29296438;-69.365326;-91.650238;-99.982239;-93.092842
29298472;-69.591270;-91.775459;-99.987663;-92.977654
29300441;-69.816536;-91.899773;-99.992104;-92.861542
29302439;-70.041100;-92.023170;-99.995552;-92.744514
29304437;-70.264984;-92.145676;-99.998024;-92.626587
29306443;-70.488174;-92.267265;-99.999496;-92.507713
29308434;-70.710670;-92.387947;-99.999992;-92.387947
29310468;-70.932472;-92.507721;-99.999512;-92.267273
29312433;-71.153572;-92.626572;-99.998024;-92.145683
29314439;-71.373947;-92.744499;-99.995552;-92.023186
29316437;-71.483871;-92.803131;-99.993950;-91.961601
29318434;-71.812607;-92.977631;-99.987663;-91.775467
29320491;-72.030884;-93.092827;-99.982239;-91.650253
29322471;-72.248444;-93.207100;-99.975815;-91.524117
29324459;-72.465302;-93.320450;-99.968422;-91.397095
29326461;-72.681419;-93.432877;-99.960030;-91.269173
29328457;-72.896843;-93.544395;-99.950661;-91.140327
29330458;-73.111549;-93.654976;-99.940300;-91.010605
29332473;-73.325523;-93.764648;-99.928955;-90.879974
29334441;-73.538780;-93.873383;-99.916618;-90.748451
29336436;-73.751305;-93.981186;-99.903297;-90.616020
29338438;-73.963097;-94.088066;-99.888992;-90.482712
29340438;-74.174164;-94.194023;-99.873695;-90.348503
29342474;-74.384499;-94.299042;-99.857422;-90.213409
29344446;-74.594101;-94.403137;-99.840149;-90.077415
29346440;-74.802979;-94.506310;-99.821915;-89.940536
29348439;-75.011101;-94.608536;-99.802673;-89.802757
29350438;-75.218483;-94.709816;-99.782455;-89.664116
29352434;-75.425125;-94.810173;-99.761246;-89.524582
29354475;-75.631035;-94.909615;-99.739067;-89.384148
29356465;-75.836189;-95.008102;-99.715897;-89.242844
29358452;-76.040581;-95.105637;-99.691734;-89.100662
29360458;-76.244255;-95.202263;-99.666588;-88.957581
29362457;-76.447144;-95.297920;-99.640465;-88.813652
29364557;-76.649307;-95.392662;-99.613358;-88.668823
29366463;-76.850685;-95.486458;-99.585274;-88.523140
29368457;-77.051308;-95.579292;-99.556198;-88.376579
29370455;-77.251175;-95.671196;-99.526146;-88.229141
29372453;-77.450302;-95.762161;-99.495110;-88.080826
29374458;-77.648628;-95.852165;-99.463081;-87.931648
29376478;-77.846230;-95.941254;-99.430084;-87.781593
29378460;-78.043022;-96.029358;-99.396095;-87.630684
29380458;-78.239052;-96.116531;-99.361130;-87.478912
29382456;-78.434334;-96.202759;-99.325180;-87.326256
29384457;-78.628822;-96.288025;-99.288261;-87.172760
29386476;-78.822556;-96.372368;-99.250351;-87.018379
29388438;-79.015488;-96.455734;-99.211479;-86.863159
29390438;-79.207634;-96.538147;-99.171616;-86.707092
29392440;-79.399033;-96.619629;-99.130760;-86.550140
29394436;-79.589615;-96.700134;-99.088943;-86.392357
29396489;-79.779442;-96.779701;-99.046150;-86.233696
29398476;-79.968452;-96.858307;-99.002373;-86.074211
29400457;-80.156693;-96.935966;-98.957611;-85.913864
29402455;-80.344131;-97.012650;-98.911873;-85.752663
29404460;-80.530762;-97.088387;-98.865173;-85.590645
29406459;-80.716637;-97.163162;-98.817490;-85.427734
29408476;-80.901680;-97.236984;-98.768845;-85.264030
29410468;-81.085953;-97.309837;-98.719193;-85.099449
29412450;-81.269409;-97.381744;-98.668602;-84.934044
29414455;-81.452049;-97.452675;-98.617020;-84.767807
29416453;-81.543098;-97.487793;-98.590858;-84.684349
29418459;-81.814957;-97.591660;-98.510933;-84.432808
29420476;-81.995216;-97.659721;-98.456429;-84.264038
29422439;-82.174629;-97.726807;-98.400963;-84.094467
29424434;-82.353264;-97.792938;-98.344513;-83.924034
29426443;-82.531059;-97.858086;-98.287109;-83.752800
29428438;-82.708046;-97.922279;-98.228729;-83.580750
29430490;-82.884232;-97.985504;-98.169365;-83.407845
29432472;-83.059578;-98.047752;-98.109047;-83.234131
29434461;-83.234131;-98.109047;-98.047760;-83.059578
29436460;-83.407837;-98.169365;-97.985504;-82.884232
29438455;-83.580719;-98.228714;-97.922279;-82.708069
29440455;-83.752808;-98.287109;-97.858086;-82.531059
29442472;-83.924034;-98.344513;-97.792931;-82.353264
29444438;-84.094467;-98.400963;-97.726807;-82.174629
29446435;-84.264030;-98.456421;-97.659721;-81.995216
29448435;-84.432808;-98.510933;-97.591667;-81.814957
29450442;-84.600685;-98.564445;-97.522667;-81.633949
29452548;-84.767761;-98.616997;-97.452698;-81.452110
29454457;-84.934021;-98.668587;-97.381752;-81.269432
29456460;-85.099419;-98.719185;-97.309860;-81.085983
29458457;-85.264000;-98.768822;-97.236992;-80.901703
29460454;-85.427719;-98.817482;-97.163177;-80.716667
29462453;-85.590591;-98.865158;-97.088409;-80.530823
29464476;-85.752647;-98.911873;-97.012665;-80.344162
29466441;-85.913834;-98.957596;-96.935974;-80.156723
29468436;-86.074188;-99.002357;-96.858307;-79.968475
29470435;-86.233673;-99.046127;-96.779716;-79.779465
29472436;-86.392334;-99.088928;-96.700150;-79.589638
29474440;-86.550117;-99.130753;-96.619637;-79.399055
29476473;-86.707047;-99.171600;-96.538177;-79.207687
29478460;-86.863136;-99.211464;-96.455742;-79.015503
29480457;-87.018356;-99.250343;-96.372375;-78.822586
29482452;-87.172737;-99.288261;-96.288040;-78.628853
29484456;-87.326225;-99.325172;-96.202774;-78.434364
29486466;-87.478867;-99.361122;-96.116554;-78.239105
29488444;-87.630653;-99.396088;-96.029366;-78.043053
29490433;-87.781563;-99.430069;-95.941254;-77.846252
29492434;-87.931618;-99.463066;-95.852180;-77.648659
29494432;-88.080795;-99.495087;-95.762169;-77.450325
29496471;-88.229118;-99.526138;-95.671204;-77.251198
29498442;-88.376549;-99.556190;-95.579300;-77.051338
29500435;-88.523109;-99.585258;-95.486465;-76.850716
29502439;-88.668816;-99.613350;-95.392670;-76.649300
29504435;-88.813629;-99.640457;-95.297935;-76.447174
29506485;-88.957581;-99.666588;-95.202255;-76.244247
29508468;-89.100639;-99.691734;-95.105652;-76.040604
29510458;-89.242813;-99.715881;-95.008110;-75.836220
29512458;-89.384140;-99.739059;-94.909615;-75.631042
29514454;-89.524551;-99.761238;-94.810196;-75.425156
29516462;-89.664101;-99.782448;-94.709824;-75.218491
29518475;-89.802750;-99.802666;-94.608536;-75.011124
29520447;-89.940506;-99.821899;-94.506317;-74.803009
29522434;-90.077400;-99.840149;-94.403145;-74.594116
29524432;-90.213379;-99.857414;-94.299057;-74.384529
29526436;-90.348495;-99.873688;-94.194031;-74.174179
29528559;-90.482697;-99.888977;-94.088089;-73.963127
29530457;-90.616020;-99.903290;-93.981186;-73.751297
29532457;-90.748444;-99.916611;-93.873390;-73.538795
29534456;-90.879959;-99.928947;-93.764664;-73.325554
29536455;-91.010597;-99.940285;-93.654976;-73.111557
29538458;-91.140320;-99.950645;-93.544403;-72.896873
29540475;-91.269165;-99.960030;-93.432892;-72.681442
29542458;-91.397079;-99.968414;-93.320465;-72.465309
29544457;-91.524109;-99.975815;-93.207123;-72.248482
29546460;-91.650238;-99.982231;-93.092834;-72.030899
29548453;-91.775452;-99.987663;-92.977654;-71.812645
29550470;-91.899780;-99.992104;-92.861534;-71.593636
29552447;-92.023178;-99.995552;-92.744514;-71.373962
29554436;-92.145691;-99.998024;-92.626556;-71.153549
29556436;-92.267273;-99.999504;-92.507721;-70.932472
29558429;-92.387924;-99.999992;-92.387978;-70.710716
29560434;-92.507706;-99.999496;-92.267288;-70.488205
29562471;-92.626556;-99.998024;-92.145699;-70.265030
29564455;-92.744507;-99.995552;-92.023193;-70.041130
29566459;-92.803131;-99.993958;-91.961609;-69.928940
29568456;-92.977623;-99.987663;-91.775490;-69.591316
29570456;-93.092827;-99.982239;-91.650261;-69.365349
29572477;-93.207092;-99.975822;-91.524139;-69.138733
29574439;-93.320450;-99.968414;-91.397095;-68.911400
29576436;-93.432877;-99.960030;-91.269180;-68.683418
29578435;-93.544403;-99.950661;-91.140335;-68.454720
29580438;-93.654976;-99.940300;-91.010612;-68.225388
29582487;-93.764633;-99.928947;-90.879990;-67.995377
29584469;-93.873383;-99.916611;-90.748451;-67.764664
29586464;-93.981186;-99.903297;-90.616043;-67.533318
29588462;-94.088074;-99.888985;-90.482712;-67.301262
29590460;-94.194016;-99.873695;-90.348503;-67.068581
29592456;-94.299034;-99.857414;-90.213417;-66.835236
29594472;-94.403145;-99.840157;-90.077415;-66.601204
29596437;-94.506294;-99.821907;-89.940544;-66.366539
29598436;-94.608536;-99.802673;-89.802765;-66.131195
29600438;-94.709824;-99.782455;-89.664124;-65.895233
29602434;-94.810196;-99.761246;-89.524567;-65.658585
29604488;-94.909607;-99.739059;-89.384148;-65.421310
29606476;-95.008095;-99.715897;-89.242859;-65.183403
29608458;-95.105652;-99.691734;-89.100662;-64.944817
29610452;-95.202255;-99.666595;-88.957603;-64.705620
29612455;-95.297935;-99.640472;-88.813652;-64.465752
29614456;-95.392662;-99.613365;-88.668839;-64.225281
29616474;-95.486443;-99.585274;-88.523148;-63.984180
29618444;-95.579300;-99.556198;-88.376572;-63.742413
29620441;-95.671204;-99.526146;-88.229141;-63.500046
29622435;-95.762169;-99.495110;-88.080811;-63.257019
29624438;-95.852180;-99.463081;-87.931648;-63.013405
29626493;-95.941254;-99.430077;-87.781578;-62.769127
29628473;-96.029373;-99.396103;-87.630676;-62.524269
29630458;-96.116539;-99.361130;-87.478905;-62.278801
29632458;-96.202766;-99.325180;-87.326241;-62.032677
29634457;-96.288040;-99.288261;-87.172745;-61.785973
29636461;-96.372375;-99.250351;-87.018372;-61.538631
29638478;-96.455742;-99.211464;-86.863159;-61.290710
29640448;-96.538162;-99.171616;-86.707085;-61.042191
29642440;-96.619637;-99.130760;-86.550133;-60.793030
29644441;-96.700150;-99.088951;-86.392357;-60.543312
29646440;-96.779716;-99.046143;-86.233696;-60.292946
29648432;-96.858315;-99.002365;-86.074211;-60.042030
29650468;-96.935974;-98.957611;-85.913849;-59.790482
29652458;-97.012665;-98.911880;-85.752663;-59.538383
29654459;-97.088394;-98.865181;-85.590637;-59.285702
29656458;-97.163177;-98.817490;-85.427734;-59.032387
29658456;-97.236992;-98.768829;-85.264015;-58.778538
29660474;-97.309860;-98.719200;-85.099434;-58.524059
29662437;-97.381752;-98.668594;-84.934044;-58.269047
29664433;-97.452690;-98.617020;-84.767807;-58.013462
29666435;-97.522659;-98.564468;-84.600739;-57.757301
29668430;-97.591667;-98.510948;-84.432823;-57.500572
