Timestamp;.superwatch_ch00
0;-7.376100
2939;-6.906045
4933;-6.749341
6930;-6.279085
8933;-5.965534
10930;-5.651876
12927;-5.338211
14928;-5.024493
16933;-4.710677
18953;-4.396863
20931;-4.082958
22931;-3.769059
24952;-3.455077
26912;-3.141107
28908;-2.827107
30908;-2.513031
32910;-2.198978
34910;-1.884856
36949;-1.570763
38930;-1.256654
40926;-0.942485
42930;-0.628354
44924;-0.314170
46950;0.000000
48917;0.314159
50908;0.628314
52912;0.942464
54911;1.099535
57039;1.570732
58932;1.884844
60930;2.198937
62925;2.513010
64927;2.670036
66931;3.141076
68948;3.455064
70929;3.769018
72933;4.082935
74928;4.396812
76932;4.710645
79045;5.024432
80940;5.338169
82932;5.651853
84929;5.965482
86934;6.279051
88931;6.592560
90952;6.906002
92928;7.219377
94931;7.532680
96933;7.845909
98925;8.159060
100947;8.472132
102913;8.785120
104909;9.098021
106908;9.410830
108911;9.723549
110916;10.036171
112948;10.348695
114935;10.661115
116935;10.973431
118929;11.285637
120929;11.597733
122951;11.909716
124915;12.221580
126910;12.533322
128910;12.844942
130912;13.156436
132912;13.467797
134948;13.779028
136938;14.090122
138928;14.401078
140927;14.711891
142930;15.022558
144947;15.333078
146915;15.643446
148912;15.953660
150909;16.263714
152909;16.573612
154911;16.728498
156952;17.192907
158933;17.502306
160929;17.811527
162922;18.120577
164925;18.429445
166948;18.738131
168912;19.046633
170905;19.354946
172911;19.663071
174910;19.970997
176915;20.278728
178950;20.586262
180937;20.893587
182931;21.200710
184930;21.507624
186934;21.814323
188943;22.120808
190906;22.427074
192905;22.733122
194913;23.038942
196908;23.344534
199042;23.649900
200939;23.955029
202927;24.259922
204931;24.564575
206933;24.868988
208933;25.173155
210947;25.477072
212913;25.780737
214912;26.084152
216902;26.387304
218908;26.690197
220909;26.992828
222946;27.295193
224931;27.597290
226935;27.899107
228930;28.200657
230926;28.501928
232947;28.802910
234915;29.103617
236907;29.404032
238907;29.704157
240909;30.003988
242905;30.303526
244946;30.602762
246936;30.901697
248927;31.200329
250928;31.498650
252928;31.796661
254947;32.094360
256908;32.391743
258909;32.688801
260914;32.985538
262915;33.281952
264969;33.578037
266946;33.873787
268932;34.169209
270933;34.464294
272927;34.759029
274930;35.053429
276949;35.347485
278935;35.641186
280927;35.934536
282932;36.227535
284928;36.520176
286950;36.812454
288912;37.104370
290911;37.395920
292914;37.687099
294914;37.977905
296913;38.268341
298947;38.558399
300930;38.848072
302928;39.137363
304927;39.281864
306932;39.714787
308947;40.002911
310913;40.290646
312912;40.577976
314911;40.864906
316908;41.151436
318914;41.437557
320952;41.723270
322932;42.008572
324929;42.293461
326935;42.577927
328922;42.861973
330948;43.145603
332911;43.428806
334906;43.711575
336911;43.993916
338910;44.275822
340909;44.557289
342947;44.838318
344929;45.118908
346932;45.399048
348931;45.678741
350929;45.957985
352945;46.236774
354911;46.515102
356908;46.792980
358909;47.070389
360906;47.347336
362943;47.623817
364909;47.899826
366909;48.175365
368916;48.450424
370908;48.725014
372913;48.999115
374938;49.272736
376912;49.545868
378913;49.818508
380912;50.090660
382907;50.362320
385048;50.633476
386937;50.904137
388928;51.174294
390927;51.443951
392931;51.713097
394933;51.981728
396952;52.249855
398929;52.517464
400931;52.784550
402930;53.051121
404932;53.317158
406949;53.582676
408905;53.847664
410910;54.112125
412908;54.376041
414907;54.639435
416914;54.902279
418947;55.164581
420932;55.426346
422929;55.687557
424930;55.948223
426929;56.208336
428949;56.467896
430913;56.726891
432906;56.985329
434913;57.243210
436905;57.500523
438911;57.757271
440950;58.013447
442936;58.269047
444928;58.524071
446929;58.778526
448929;59.032394
450954;59.285683
452918;59.538383
454908;59.664516
456912;60.042023
458904;60.292953
460949;60.543285
462915;60.793026
464911;61.042168
466914;61.290707
468912;61.538635
470911;61.785961
472944;62.032669
474930;62.278770
476929;62.524265
478928;62.769135
480932;63.013386
482943;63.257015
484909;63.500015
486911;63.742393
488910;63.984142
490907;64.225266
492910;64.465744
494947;64.705597
496931;64.944801
498930;65.183365
500924;65.421295
502926;65.658569
504949;65.895203
506914;66.131187
508914;66.366508
510913;66.601189
512909;66.835197
514910;67.068550
516950;67.301247
518939;67.533279
520930;67.764648
522932;67.995331
524930;68.225357
526952;68.454704
528909;68.683380
530912;68.911377
532907;69.138695
534909;69.365326
536917;69.591278
538948;69.816536
540931;70.041107
542931;70.264992
544930;70.488182
546931;70.710678
548950;70.932472
550919;71.153572
552912;71.373955
554911;71.483887
556906;71.812630
558911;72.030899
560945;72.248459
562937;72.465309
564930;72.681450
566935;72.896866
568931;73.111557
570948;73.325539
572909;73.538788
574912;73.751320
576911;73.963112
578914;74.174179
580907;74.384514
582948;74.594116
584933;74.802986
586934;75.011108
588935;75.218498
590930;75.425140
592948;75.631042
594914;75.836197
596912;76.040596
598906;76.244255
600911;76.447151
602907;76.649300
604950;76.750092
606940;77.051323
608931;77.251198
610930;77.450302
612929;77.648651
614945;77.846230
616912;78.043045
618913;78.239082
620914;78.434349
622914;78.628838
624964;78.822556
626948;79.015503
628933;79.207657
630926;79.399040
632927;79.589638
634928;79.779442
636951;79.968468
638910;80.156693
640912;80.344131
642913;80.530785
644912;80.716637
646950;80.901695
648911;81.085953
650912;81.269417
652910;81.452065
654905;81.633926
656908;81.814972
658947;81.995209
660910;82.174637
662909;82.353249
664910;82.531059
666914;82.708054
669034;82.884232
670933;83.059586
672929;83.234123
674927;83.407837
676931;83.580734
678931;83.752800
680948;83.924042
682932;84.094452
684928;84.264038
686933;84.432785
688929;84.600708
690947;84.767792
692912;84.934029
694915;85.099449
696912;85.264008
698911;85.427734
700909;85.590622
702953;85.752663
704933;85.913857
706938;86.074203
708926;86.233688
710927;86.392334
712946;86.550125
714913;86.707062
716908;86.863152
718913;87.018372
720911;87.172737
722914;87.326241
724946;87.478882
726935;87.630669
728931;87.781578
730930;87.931625
732929;88.080803
734951;88.229111
736912;88.376549
738914;88.523125
740914;88.668823
742912;88.813637
744966;88.957581
746946;89.100647
748932;89.242828
750926;89.384140
752929;89.524559
754926;89.594444
756954;89.802757
758914;89.940521
760907;90.077400
762911;90.213387
764908;90.348495
766971;90.482697
768947;90.616020
770931;90.748444
772929;90.879967
774928;91.010597
776930;91.140327
778946;91.269150
780919;91.397087
782908;91.524117
784911;91.650238
786908;91.775467
789039;91.899780
790940;92.023178
792929;92.145683
794927;92.267273
796931;92.387947
798929;92.507721
800949;92.626572
802933;92.744514
804924;92.803139
806931;92.977646
808926;93.092834
810949;93.207108
812910;93.320465
814911;93.432892
816907;93.544403
818908;93.654991
820908;93.764648
822948;93.873383
824932;93.981194
826931;94.088074
828929;94.194031
830929;94.299057
832948;94.403145
834909;94.506310
836909;94.608536
838907;94.709831
840909;94.810196
842947;94.909615
844917;95.008102
846914;95.105652
848909;95.202271
850908;95.297935
852915;95.392670
854944;95.486458
856932;95.579300
858934;95.671204
860927;95.762169
862928;95.852180
864952;95.941254
866912;96.029373
868912;96.116547
870913;96.202766
872909;96.288040
874912;96.372368
876950;96.455742
878927;96.538162
880932;96.619637
882929;96.700150
884926;96.779709
886948;96.858315
888914;96.935966
890916;97.012665
892915;97.088394
894908;97.163177
896910;97.236992
898950;97.309853
900936;97.381752
902929;97.452690
904925;97.487793
906936;97.591682
908951;97.659721
910929;97.726814
912930;97.792938
914926;97.858086
916932;97.922287
919042;97.985504
920940;98.047760
922931;98.109055
924924;98.169373
926932;98.228722
928927;98.287109
930944;98.344521
932927;98.400963
934928;98.456436
936930;98.510933
938931;98.564461
940948;98.617020
942913;98.668602
944907;98.719200
946911;98.768837
948913;98.817490
950909;98.865173
952946;98.911880
954911;98.957611
956911;99.002365
958907;99.046143
960911;99.088943
962911;99.130760
964951;99.171608
966933;99.211472
968928;99.250359
970931;99.288261
972930;99.325188
974949;99.361130
976915;99.396095
978913;99.430077
980910;99.463081
982914;99.495102
984971;99.526146
986947;99.556198
988927;99.585274
990930;99.613365
992930;99.640472
994932;99.666595
996953;99.691734
998914;99.715889
1000906;99.739059
1002914;99.761253
1004911;99.782455
1006968;99.802673
1008950;99.821907
1010934;99.840149
1012931;99.857422
1014925;99.873695
1016929;99.888985
1018948;99.903290
1020913;99.916611
1022909;99.928947
1024915;99.940292
1026912;99.950653
1028953;99.960030
1030910;99.968422
1032908;99.975815
1034910;99.982239
1036915;99.987663
1038907;99.992104
1040949;99.995560
1042933;99.998024
1044927;99.999504
1046935;100.000000
1048932;99.999504
1050948;99.998024
1052912;99.995560
1054910;99.993958
1056916;99.987663
1058908;99.982239
1060913;99.975815
1062950;99.968422
1064930;99.960030
1066931;99.950661
1068929;99.940292
1070929;99.928947
1072947;99.916611
1074911;99.903290
1076909;99.888985
1078905;99.873695
1080909;99.857422
1082911;99.840157
1084947;99.821907
1086936;99.802673
1088930;99.782455
1090931;99.761253
1092927;99.739059
1094951;99.715889
1096915;99.691734
1098915;99.666595
1100908;99.640472
1102908;99.613365
1104908;99.585274
1106949;99.556198
1108932;99.526146
1110926;99.495102
1112925;99.463081
1114931;99.430077
1116948;99.396095
1118915;99.361130
1120912;99.325188
1122910;99.288261
1124912;99.250359
1126946;99.211472
1128914;99.171608
1130906;99.130768
1132905;99.088943
1134904;99.046150
1136906;99.002365
1138948;98.957619
1140932;98.911888
1142932;98.865173
1144929;98.817497
1146934;98.768837
1148954;98.719200
1150914;98.668602
1152912;98.617020
1154910;98.564461
1156909;98.510933
1158910;98.456436
1160949;98.400970
1162936;98.344521
1164929;98.287109
1166934;98.228729
1168930;98.169380
1170950;98.109055
1172908;98.047768
1174917;97.985512
1176912;97.922287
1178906;97.858093
1180959;97.792938
1182938;97.726814
1184929;97.659729
1186926;97.591682
1188928;97.522667
1190929;97.452690
1192941;97.381760
1194912;97.309860
1196913;97.237000
1198910;97.163185
1200907;97.088402
1202908;97.012665
1204952;96.974442
1206935;96.858322
1208932;96.779716
1210930;96.700157
1212930;96.619637
1214951;96.538170
1216916;96.455750
1218905;96.372375
1220912;96.288048
1222907;96.202774
1224913;96.116547
1226950;96.029373
1228934;95.941254
1230932;95.852188
1232928;95.762169
1234926;95.671211
1236949;95.579308
1238915;95.486458
1240911;95.392670
1242913;95.297935
1244911;95.202271
1247052;95.105659
1248935;95.008110
1250931;94.909622
1252933;94.810196
1254928;94.709839
1256937;94.608536
1258951;94.506317
1260930;94.403152
1262930;94.299057
1264926;94.194038
1266932;94.088081
1268949;93.981201
1270916;93.873390
1272908;93.764648
1274909;93.654999
1276910;93.544411
1278908;93.432907
1280947;93.320465
1282931;93.207123
1284925;93.092850
1286928;92.977646
1288929;92.861542
1290943;92.744514
1292913;92.626579
1294913;92.507729
1296914;92.387955
1298906;92.267273
1300913;92.145691
1302952;92.023193
1304933;91.961601
1306929;91.775475
1308929;91.650246
1310928;91.524117
1312981;91.397095
1314945;91.269157
1316933;91.140327
1318930;91.010597
1320928;90.879974
1322927;90.748444
1324946;90.616020
1326914;90.482712
1328916;90.348503
1330911;90.213394
1332914;90.077415
1334912;89.940529
1336954;89.802765
1338933;89.664108
1340932;89.524567
1342929;89.384140
1344928;89.242844
1346948;89.100662
1348918;88.957588
1350907;88.813644
1352906;88.668823
1354911;88.596085
1356909;88.376564
1358948;88.229126
1360937;88.080811
1362931;87.931625
1364924;87.781578
1366930;87.630661
1368950;87.478897
1370914;87.326256
1372912;87.172745
1374905;87.018379
1376909;86.863152
1378904;86.707069
1380952;86.550140
1382927;86.392349
1384930;86.233696
1386931;86.074203
1388930;85.913857
1390944;85.752663
1392914;85.590630
1394909;85.427750
1396910;85.264015
1398910;85.099449
1400908;84.934029
1402951;84.767799
1404932;84.600708
1406930;84.432793
1408930;84.264038
1410927;84.094452
1412947;83.924034
1414908;83.752808
1416912;83.580734
1418907;83.407845
1420908;83.234116
1422911;83.059601
1424949;82.884232
1426935;82.708069
1428926;82.531075
1430925;82.353271
1432933;82.174644
1434947;81.995216
1436909;81.814972
1438909;81.633934
1440907;81.452087
1442906;81.269424
1444909;81.085960
1446951;80.901703
1448932;80.716637
1450930;80.530800
1452928;80.344147
1454924;80.156700
1456950;79.968468
1458907;79.779449
1460906;79.589630
1462909;79.399048
1464908;79.207664
1466919;79.015503
1468947;78.822556
1470935;78.628838
1472929;78.434341
1474927;78.239082
1476932;78.043053
1478952;77.846237
1480911;77.648666
1482911;77.450310
1484917;77.251205
1486908;77.051338
1488911;76.850708
1490943;76.649315
1492913;76.447166
1494914;76.244263
1496910;76.040604
1498910;75.836205
1500906;75.631050
1502949;75.425148
1504931;75.321922
1506931;75.011108
1508928;74.802986
1510930;74.594131
1512955;74.384521
1514915;74.174179
1516915;73.963112
1518907;73.751305
1520912;73.538780
1523034;73.325546
1524935;73.111565
1526933;72.896866
1528933;72.681442
1530934;72.465324
1532934;72.248474
1534949;72.030922
1536937;71.812645
1538925;71.593658
1540925;71.373962
1542928;71.153572
1545060;70.932480
1546935;70.710686
1548929;70.488205
1550934;70.265007
1552926;70.041122
1554928;69.928932
1556951;69.591293
1558913;69.365349
1560909;69.138702
1562910;68.911385
1564917;68.683395
1566966;68.454712
1568945;68.225380
1570935;67.995354
1572929;67.764648
1574932;67.533287
1576933;67.301247
1578945;67.068550
1580913;66.835213
1582909;66.601196
1584912;66.366539
1586912;66.131203
1589041;65.895226
1590941;65.658585
1592931;65.421318
1594930;65.183395
1596933;64.944824
1598925;64.705612
1600945;64.465759
1602910;64.225273
1604910;63.984169
1606907;63.742416
1608906;63.500034
1610910;63.257027
1612947;63.013393
1614931;62.769138
1616934;62.524284
1618931;62.278790
1620931;62.032688
1622948;61.785965
1624915;61.538635
1626908;61.290707
1628906;61.042183
1630916;60.793037
1632910;60.543293
1634950;60.292953
1636935;60.042034
1638926;59.790508
1640926;59.538414
1642930;59.285706
1644948;59.032417
1646934;58.778542
1648929;58.524086
1650924;58.269054
1652928;58.013470
1654947;57.885437
1656912;57.500542
1658914;57.243221
1660910;56.985344
1662912;56.726898
1664913;56.467915
1666951;56.208355
1668931;55.948238
1670930;55.687569
1672930;55.426353
1674933;55.164589
1676944;54.902298
1678919;54.639446
1680915;54.376053
1682906;54.112125
1684915;53.847664
1686916;53.582676
1688948;53.317173
1690933;53.051144
1692926;52.784573
1694926;52.517479
1696934;52.249874
1698943;51.981766
1700915;51.713127
1702913;51.443977
1704912;51.174320
1706908;50.904156
1708906;50.633492
1710945;50.362350
1712932;50.090683
1714928;49.818527
1716932;49.545879
1718927;49.272743
1720946;48.999119
1722905;48.725033
1724910;48.450447
1726910;48.175381
1728905;47.899837
1730909;47.623821
1732951;47.347336
1734929;47.070408
1736928;46.792992
1738928;46.515114
1740928;46.236778
1742946;45.957981
1744917;45.678757
1746911;45.399082
1748915;45.118935
1750908;44.838341
1752903;44.557308
1754949;44.275837
1756927;43.993927
1758929;43.711601
1760929;43.428825
1762929;43.145622
1764948;42.861992
1766910;42.577938
1768909;42.293461
1770908;42.008595
1772911;41.723286
1774908;41.437569
1776950;41.151443
1778930;40.864910
1780924;40.577976
1782929;40.290661
1784930;40.002926
1786954;39.714794
1788919;39.426277
1790910;39.137363
1792915;38.848068
1794911;38.558411
1796917;38.268349
1798946;37.977936
1800932;37.687119
1802926;37.395935
1804927;37.250214
1806933;36.812485
1808947;36.520203
1810913;36.227558
1812912;35.934555
1814909;35.641201
1816913;35.347488
1818913;35.053455
1820949;34.759052
1822934;34.464306
1824925;34.169220
1826931;33.873795
1828928;33.578037
1830958;33.281975
1832916;32.985558
1834913;32.688812
1836918;32.391747
1838908;32.094360
1840910;31.796658
1842948;31.498665
1844936;31.200336
1846941;30.901703
1848928;30.602762
1850928;30.303522
1853053;30.004025
1854933;29.704189
1856934;29.404058
1858930;29.103638
1860925;28.802931
1862926;28.501940
1864944;28.200689
1866914;27.899137
1868909;27.597309
1870907;27.295212
1872910;26.992840
1875054;26.690207
1876938;26.387331
1878928;26.084169
1880927;25.780756
1882930;25.477085
1884932;25.173161
1886946;24.868990
1888928;24.564596
1890925;24.259939
1892926;23.955040
1894932;23.649906
1896954;23.344538
1898911;23.038939
1900909;22.733135
1902907;22.427086
1904912;22.120813
1906913;21.814348
1908952;21.507641
1910931;21.200726
1912931;20.893621
1914927;20.586288
1916929;20.278751
1918949;19.971016
1920917;19.663082
1922910;19.354956
1924908;19.046659
1926912;18.738153
1928958;18.429462
1930943;18.120588
1932930;17.811537
1934930;17.502310
1936927;17.192932
1938926;16.883362
1940948;16.573624
1942908;16.263723
1944908;15.953663
1946911;15.643445
1948914;15.333096
1950907;15.022570
1952945;14.711897
1954925;14.556519
1956931;14.090120
1958925;13.779022
1960929;13.467834
1963001;13.156466
1964932;12.844968
1966933;12.533342
1968925;12.221595
1970929;11.909726
1972927;11.597764
1974947;11.285663
1976938;10.973451
1978930;10.661130
1980927;10.348703
1982928;10.036177
1984947;9.723573
1986914;9.410850
1988909;9.098034
1990909;8.785129
1992908;8.472136
1994914;8.159060
1996949;7.845928
1998935;7.532693
2000930;7.219385
2002928;6.906006
2004925;6.592558
2006947;6.279069
2008909;5.965495
2010909;5.651861
2012910;5.338172
2014911;5.024454
2016912;4.710662
2018950;4.396848
2020934;4.082967
2022925;3.769045
2024926;3.455086
2026931;3.141093
2028944;2.827068
2030907;2.513040
2032911;2.198963
2034912;1.884865
2036914;1.570747
2038915;1.256615
2040953;0.942470
2042932;0.628339
2044931;0.314179
2046936;0.000015
2048927;-0.314149
2050947;-0.628309
2052913;-0.942463
2054907;-1.099525
2056911;-1.570717
2058908;-1.884835
2060909;-2.198933
2062950;-2.513010
2064929;-2.827062
2066932;-2.984066
2068929;-3.455031
2070928;-3.768990
2072945;-4.082912
2074909;-4.396794
2076909;-4.710632
2078912;-5.024400
2080913;-5.338142
2082908;-5.651831
2084948;-5.965465
2086940;-6.279039
2088927;-6.592552
2090928;-6.905976
2092930;-7.219356
2094946;-7.532664
2096915;-7.845898
2098907;-8.159054
2100908;-8.472131
2102912;-8.785099
2104913;-8.941574
2106949;-9.410820
2108928;-9.723543
2110929;-10.036171
2112928;-10.348699
2114929;-10.661099
2116946;-10.973421
2118909;-11.285633
2120910;-11.597733
2122911;-11.909697
2124910;-12.221565
2126911;-12.533291
2128946;-12.844914
2130932;-13.156412
2132927;-13.467780
2134928;-13.779016
2136935;-14.090115
2138950;-14.401050
2140918;-14.711868
2142907;-15.022542
2144909;-15.333065
2146908;-15.643438
2148913;-15.953633
2150949;-16.263695
2152933;-16.573595
2154932;-16.883331
2156936;-17.192902
2158930;-17.502304
2160943;-17.811506
2162913;-18.120560
2164911;-18.429432
2166911;-18.738123
2168909;-19.046631
2170907;-19.354950
2172948;-19.663054
2174936;-19.970985
2176933;-20.278700
2178932;-20.586235
2180926;-20.893570
2182947;-21.200695
2184911;-21.507589
2186908;-21.814295
2188911;-22.120785
2190902;-22.427057
2192962;-22.733107
2194943;-23.038933
2196938;-23.344507
2198933;-23.649876
2200926;-23.955011
2202934;-24.259909
2204948;-24.564569
2206933;-24.868984
2208929;-25.173134
2210922;-25.477055
2212933;-25.780725
2214959;-26.084143
2216932;-26.387300
2218931;-26.690201
2220930;-26.992813
2222931;-27.295181
2224925;-27.597281
2226945;-27.899107
2228916;-28.200659
2230914;-28.501909
2232912;-28.802877
2234914;-29.103586
2236970;-29.404009
2238947;-29.704138
2240934;-30.003973
2242931;-30.303516
2244929;-30.602736
2246932;-30.901674
2248945;-31.200310
2250911;-31.498638
2252908;-31.796652
2254906;-31.945532
2256908;-32.391720
2259065;-32.688786
2260936;-32.985527
2262929;-33.281944
2264931;-33.578033
2266927;-33.873791
2268924;-34.169189
2270952;-34.464279
2272911;-34.759026
2274910;-35.053425
2276909;-35.347485
2278912;-35.641193
2280913;-35.934525
2282949;-36.227528
2284933;-36.520149
2286931;-36.812435
2288928;-37.104355
2290927;-37.395885
2292956;-37.687073
2294904;-37.977882
2296910;-38.268322
2298915;-38.558380
2300910;-38.848064
2302952;-39.137337
2304912;-39.281853
2306913;-39.714767
2308914;-40.002899
2310911;-40.290634
2312910;-40.577969
2314950;-40.864883
2316939;-41.151417
2318934;-41.437542
2320929;-41.723259
2322930;-42.008568
2324944;-42.293461
2326912;-42.577911
2328910;-42.861965
2330910;-43.145596
2332910;-43.428799
2334911;-43.711575
2336951;-43.993919
2338929;-44.275787
2340931;-44.557262
2342928;-44.838295
2344931;-45.118885
2346952;-45.399033
2348918;-45.678730
2350911;-45.957954
2352909;-46.236752
2354907;-46.515087
2356909;-46.792965
2358953;-47.070381
2360936;-47.347332
2362924;-47.623795
2364929;-47.899811
2366930;-48.175350
2368948;-48.450413
2370913;-48.725002
2372911;-48.999111
2374909;-49.272713
2376911;-49.545849
2378905;-49.818497
2380951;-50.090652
2382928;-50.362312
2384924;-50.633476
2386933;-50.904125
2388932;-51.174290
2390948;-51.443947
2392910;-51.713074
2394912;-51.981712
2396916;-52.249836
2398908;-52.517433
2400909;-52.784519
2402947;-53.051098
2404914;-53.184174
2406909;-53.582661
2408916;-53.847660
2410910;-54.112095
2413062;-54.376022
2414931;-54.639416
2416936;-54.902267
2418931;-55.164574
2420930;-55.426342
2422929;-55.687542
2424941;-55.948212
2426916;-56.208324
2428911;-56.467884
2430911;-56.726891
2432910;-56.985329
2434941;-57.243191
2436912;-57.500511
2438916;-57.757259
2440914;-58.013439
2442907;-58.269047
2444913;-58.524078
2446947;-58.778496
2448930;-59.032368
2450927;-59.285660
2452931;-59.538364
2454927;-59.790482
2456946;-60.041992
2458908;-60.292923
2460911;-60.543270
2462913;-60.793011
2464910;-61.042152
2467053;-61.290695
2468936;-61.538612
2470932;-61.785934
2472929;-62.032658
2474931;-62.278767
2476931;-62.524254
2478953;-62.769127
2480932;-63.013363
2482926;-63.256996
2484931;-63.500004
2486933;-63.742386
2488946;-63.984142
2490916;-64.225266
2492912;-64.465729
2494908;-64.705582
2496910;-64.944801
2498909;-65.183365
2500946;-65.421280
2502934;-65.658554
2504920;-65.895172
2506929;-66.131157
2508930;-66.366493
2510952;-66.601166
2512907;-66.835190
2514905;-67.068550
2516906;-67.301224
2518910;-67.533264
2520947;-67.764626
2522916;-67.995323
2524910;-68.225349
2526910;-68.454704
2528908;-68.683365
2530909;-68.911362
2532952;-69.138680
2534936;-69.365326
2536935;-69.591270
2538928;-69.816536
2540928;-70.041100
2542948;-70.264984
2544912;-70.488174
2546912;-70.710670
2548908;-70.932472
2550906;-71.153572
2552952;-71.373947
2554914;-71.483871
2556912;-71.812607
2558912;-72.030884
2560911;-72.248444
2562910;-72.465302
2564946;-72.681419
2566937;-72.896843
2568934;-73.111549
2570928;-73.325523
2572925;-73.538780
2574949;-73.751305
2576913;-73.963097
2578911;-74.174164
2580910;-74.384499
2582916;-74.594101
2584912;-74.802979
2586953;-75.011101
2588934;-75.218483
2590927;-75.425125
2592924;-75.631035
2594926;-75.836189
2596955;-76.040581
2598912;-76.244255
2600907;-76.447144
2602912;-76.649307
2604909;-76.850685
2606908;-77.051308
2608949;-77.251175
2610932;-77.450302
2612930;-77.648628
2614931;-77.846230
2616929;-78.043022
2618942;-78.239052
2620915;-78.434334
2622909;-78.628822
2624913;-78.822556
2626910;-79.015488
2629071;-79.207634
2630931;-79.399033
2632921;-79.589615
2634929;-79.779442
2636934;-79.968452
2638929;-80.156693
2640955;-80.344131
2642912;-80.530762
2644910;-80.716637
2646912;-80.901680
2648906;-81.085953
2650949;-81.269409
2652914;-81.452049
2654907;-81.633919
2656913;-81.814957
2658913;-81.995216
2660909;-82.174629
2662949;-82.353264
2664928;-82.531059
2666936;-82.708046
2668929;-82.884232
2670930;-83.059578
2672950;-83.234131
2674912;-83.407837
2676907;-83.580719
2678912;-83.752808
2680911;-83.924034
2682914;-84.094467
2684948;-84.264030
2686940;-84.432808
2688931;-84.600685
2690927;-84.767761
2692929;-84.934021
2694946;-85.099419
2696910;-85.264000
2698907;-85.427719
2700915;-85.590591
2702910;-85.752647
2704969;-85.913834
2706948;-86.074188
2708935;-86.233673
2710930;-86.392334
2712932;-86.550117
2714928;-86.707047
2716946;-86.863136
2718914;-87.018356
2720908;-87.172737
2722910;-87.326225
2724910;-87.478867
2726952;-87.630653
2728915;-87.781563
2730908;-87.931618
2732910;-88.080795
2734915;-88.229118
2736906;-88.376549
2738945;-88.523109
2740933;-88.668816
2742932;-88.813629
2744929;-88.957581
2746930;-89.100639
2748950;-89.242813
2750912;-89.384140
2752909;-89.524551
2754911;-89.664101
2756914;-89.802750
2758910;-89.940506
2760948;-90.077400
2762933;-90.213379
2764924;-90.348495
2766931;-90.482697
2768928;-90.616020
2770951;-90.748444
2772912;-90.879959
2774905;-91.010597
2776911;-91.140320
2778910;-91.269165
2780904;-91.397079
2782944;-91.524109
2784916;-91.650238
2786914;-91.775452
2788907;-91.899780
2790912;-92.023178
2792961;-92.145691
2794945;-92.267273
2796935;-92.387924
2798932;-92.507706
2800932;-92.626556
2802928;-92.744507
2804954;-92.803131
2806938;-92.977623
2808934;-93.092827
2810924;-93.207092
2812928;-93.320450
2814953;-93.432877
2816919;-93.544403
2818905;-93.654976
2820911;-93.764633
2822909;-93.873383
2824911;-93.981186
2826952;-94.088074
2828931;-94.194016
2830927;-94.299034
2832933;-94.403145
2834929;-94.506294
2836949;-94.608536
2838913;-94.709824
2840909;-94.810196
2842919;-94.909607
2844909;-95.008095
2846915;-95.105652
2848935;-95.202255
2850911;-95.297935
2852916;-95.392662
2854910;-95.439674
2856911;-95.579300
2859058;-95.671204
2860935;-95.762169
2862927;-95.852180
2864931;-95.941254
2866933;-96.029373
2868927;-96.116539
2870948;-96.202766
2872935;-96.288040
2874929;-96.372375
2876933;-96.455742
2878930;-96.538162
2880952;-96.619637
2882918;-96.700150
2884911;-96.779716
2886914;-96.858315
2888908;-96.935974
2890912;-97.012665
2892942;-97.088394
2894933;-97.163177
2896939;-97.236992
2898931;-97.309860
2900924;-97.381752
2902952;-97.452690
2904918;-97.522659
2906907;-97.591667
2908906;-97.659721
2910911;-97.726807
2912905;-97.792923
2914949;-97.858086
2916915;-97.922272
2918912;-97.985497
2920905;-98.047760
2922913;-98.109047
2924906;-98.169365
2926948;-98.228714
2928935;-98.287109
2930930;-98.344513
2932927;-98.400963
2934927;-98.456429
2936946;-98.510925
2938913;-98.564461
2940912;-98.617012
2942913;-98.668594
2944909;-98.719200
2946967;-98.768837
2948945;-98.817490
2950928;-98.865166
2952931;-98.911880
2954932;-98.957611
2956933;-99.002365
2958950;-99.046143
2960911;-99.088936
2962913;-99.130760
2964907;-99.171600
2966905;-99.211472
2969049;-99.250351
2970935;-99.288261
2972927;-99.325188
2974927;-99.361130
2976927;-99.396095
2978928;-99.430077
2980945;-99.463081
2982914;-99.495102
2984906;-99.526138
2986911;-99.556198
2988909;-99.585274
2990909;-99.613365
2992948;-99.640472
2994931;-99.666595
2996925;-99.691734
2998929;-99.715889
3000930;-99.739059
3002945;-99.761246
3004912;-99.771973
3006904;-99.802673
3008908;-99.821907
3010912;-99.840157
3012909;-99.857414
3014950;-99.873695
3016940;-99.888985
3018926;-99.903290
3020929;-99.916611
3022927;-99.928947
3024949;-99.940292
3026914;-99.950653
3028908;-99.960030
3030911;-99.968414
3032910;-99.975815
3035064;-99.982231
3036932;-99.987663
3038927;-99.992104
3040931;-99.995560
3042927;-99.998024
3044928;-99.999504
3046949;-100.000000
3048913;-99.999504
3050908;-99.998024
3052902;-99.995560
3054909;-99.993958
3056954;-99.987663
3058915;-99.982239
3060914;-99.975815
3062902;-99.968422
3064905;-99.960030
3066914;-99.950661
3068951;-99.940292
3070933;-99.928955
3072928;-99.916611
3074929;-99.903297
3076930;-99.888985
3078954;-99.873695
3080917;-99.857422
3082914;-99.840157
3084909;-99.821907
3086910;-99.802673
3088909;-99.782455
3090947;-99.761253
3092925;-99.739059
3094929;-99.715897
3096928;-99.691734
3098926;-99.666595
3100952;-99.640472
3102910;-99.613365
3104912;-99.585274
3106909;-99.556198
3108916;-99.526146
3110901;-99.495102
3112945;-99.463081
3114935;-99.430084
3116938;-99.396095
3118930;-99.361130
3120929;-99.325195
3122953;-99.288269
3124918;-99.250359
3126912;-99.211479
3128907;-99.171616
3130908;-99.130768
3132914;-99.088951
3134946;-99.046150
3136939;-99.002373
3138927;-98.957619
3140931;-98.911888
3142926;-98.865181
3144949;-98.817497
3146909;-98.768845
3148908;-98.719200
3150911;-98.668602
3152915;-98.617020
3154909;-98.590866
3156951;-98.510941
3158932;-98.456436
3160936;-98.400970
3162929;-98.344528
3164931;-98.287109
3166947;-98.228737
3168911;-98.169373
3170908;-98.109062
3172907;-98.047760
3174910;-97.985512
3176906;-97.922287
3178950;-97.858093
3180936;-97.792938
3182926;-97.726814
3184932;-97.659729
3186935;-97.591690
3188947;-97.522667
3190919;-97.452698
3192914;-97.381752
3194914;-97.309860
3196911;-97.236992
3199056;-97.163177
3200934;-97.088402
3202929;-97.012665
3204926;-96.935974
3206929;-96.858315
3208932;-96.779716
3210947;-96.700165
3212932;-96.619637
3214929;-96.538177
3216934;-96.455742
3218928;-96.372375
3220949;-96.288055
3222912;-96.202766
3224910;-96.116547
3226901;-96.029381
3228907;-95.941261
3230910;-95.852188
3232950;-95.762184
3234933;-95.671227
3236930;-95.579315
3238930;-95.486473
3240933;-95.392677
3242948;-95.297951
3244917;-95.202286
3246910;-95.105667
3248905;-95.008125
3250911;-94.909630
3252912;-94.810204
3254944;-94.709839
3256934;-94.608551
3258929;-94.506332
3260929;-94.403160
3262928;-94.299072
3264949;-94.194038
3266912;-94.088089
3268914;-93.981209
3270909;-93.873390
3272909;-93.764671
3274908;-93.654999
3276949;-93.544418
3278932;-93.432899
3280930;-93.320473
3282931;-93.207130
3284927;-93.092850
3286946;-92.977661
3288916;-92.861542
3290906;-92.744522
3292906;-92.626587
3294916;-92.507729
3296911;-92.387970
3298951;-92.267273
3300931;-92.145691
3302929;-92.023178
3304926;-91.961601
3306930;-91.775475
3308950;-91.650238
3310919;-91.524124
3312910;-91.397079
3314913;-91.269165
3316908;-91.140343
3318910;-91.010597
3320947;-90.879974
3322928;-90.748444
3324929;-90.616020
3326934;-90.482697
3328935;-90.348495
3330948;-90.213409
3332915;-90.077400
3334913;-89.940552
3336910;-89.802773
3338910;-89.664124
3340909;-89.524590
3342951;-89.384155
3344934;-89.242867
3346934;-89.100662
3348926;-88.957611
3350932;-88.813675
3352951;-88.668839
3354908;-88.523155
3356909;-88.376579
3358912;-88.229141
3360911;-88.080818
3362908;-87.931648
3364950;-87.781609
3366932;-87.630676
3368932;-87.478905
3370931;-87.326256
3372928;-87.172760
3374948;-87.018402
3376916;-86.863159
3378914;-86.707092
3380914;-86.550140
3382907;-86.392357
3384905;-86.233696
3386954;-86.074211
3388931;-85.913879
3390927;-85.752670
3392925;-85.590645
3394929;-85.427742
3396952;-85.264030
3398913;-85.099472
3400908;-84.934044
3402905;-84.767807
3404915;-84.600708
3406962;-84.432808
3408952;-84.264030
3410937;-84.094467
3412925;-83.924065
3414930;-83.752808
3416929;-83.580742
3418951;-83.407837
3420909;-83.234131
3422911;-83.059608
3424910;-82.884232
3426913;-82.708069
3428959;-82.531059
3430947;-82.353264
3432928;-82.174629
3434929;-81.995216
3436929;-81.814980
3438930;-81.633919
3440948;-81.452080
3442917;-81.269432
3444909;-81.085983
3446912;-80.901741
3448908;-80.716667
3450949;-80.530823
3452912;-80.344162
3454914;-80.250534
3456909;-79.968475
3458910;-79.779472
3460905;-79.589668
3462934;-79.399063
3464909;-79.207695
3466911;-79.015518
3468908;-78.822586
3470907;-78.628883
3472953;-78.434364
3474914;-78.239113
3476915;-78.043053
3478911;-77.846252
3480904;-77.648659
3482906;-77.450325
3484954;-77.251228
3486932;-77.051338
3488929;-76.850716
3490924;-76.649307
3492928;-76.447174
3495074;-76.244286
3496936;-76.040611
3498932;-75.836220
3500925;-75.631042
3502931;-75.425163
3505073;-75.218521
3506939;-75.011124
3508930;-74.803009
3510933;-74.594131
3512928;-74.384537
3514928;-74.174179
3516953;-73.963127
3518911;-73.751343
3520911;-73.538795
3522910;-73.325554
3524913;-73.111557
3526914;-72.896873
3528952;-72.681473
3530930;-72.465317
3532928;-72.248482
3534925;-72.030899
3536935;-71.812645
3538955;-71.593643
3540915;-71.373962
3542909;-71.153580
3544907;-70.932472
3546910;-70.710686
3548964;-70.488174
3550943;-70.265030
3552933;-70.041168
3554928;-69.928940
3556931;-69.591324
3558926;-69.365349
3560948;-69.138733
3562913;-68.911400
3564911;-68.683418
3566912;-68.454758
3568910;-68.225388
3570907;-67.995377
3572947;-67.764664
3574934;-67.533310
3576937;-67.301300
3578929;-67.068581
3580933;-66.835243
3582946;-66.601204
3584908;-66.366539
3586905;-66.131195
3588907;-65.895233
3590904;-65.658607
3592913;-65.421310
3594951;-65.183403
3596939;-64.944817
3598930;-64.705620
3600931;-64.465782
3602925;-64.225281
3604951;-64.104805
3606916;-63.742405
3608909;-63.500046
3610912;-63.257015
3612907;-63.013405
3615075;-62.769161
3616942;-62.524269
3618927;-62.278801
3620927;-62.032677
3622929;-61.785976
3624928;-61.538666
3626953;-61.290710
3628935;-61.042191
3630927;-60.793030
3632927;-60.543304
3634926;-60.292946
3636949;-60.042030
3638910;-59.790524
3640911;-59.538383
3642911;-59.285694
3644910;-59.032387
3646916;-58.778530
3648950;-58.524097
3650930;-58.269047
3652926;-58.013458
3654926;-57.757259
3656934;-57.500530
3658952;-57.243275
3660915;-56.985371
3662912;-56.726944
3664912;-56.467926
3666908;-56.208385
3668910;-55.948246
3670947;-55.687599
3672935;-55.426399
3674929;-55.164616
3676933;-54.902328
3678926;-54.639454
3680946;-54.376083
3682912;-54.112179
3684915;-53.847694
3686908;-53.582722
3688908;-53.317184
3690911;-53.051155
3692951;-52.784561
3694935;-52.517490
3696931;-52.249901
3698931;-51.981754
3700934;-51.713135
3702954;-51.443966
3704911;-51.174332
3706910;-50.904186
3708911;-50.633503
3710907;-50.362354
3712908;-50.090675
3714943;-49.818539
3716939;-49.545868
3718931;-49.272751
3720927;-48.999153
3722931;-48.725025
3724944;-48.450455
3726913;-48.175369
3728908;-47.899849
3730907;-47.623856
3732909;-47.347351
3734911;-47.070419
3736944;-46.792984
3738933;-46.515125
3740927;-46.236767
3742927;-45.957993
3744926;-45.678772
3746957;-45.399052
3748921;-45.118927
3750917;-44.838314
3752911;-44.557304
3754908;-44.416630
3756912;-43.993916
3758949;-43.711594
3760940;-43.428795
3762926;-43.145615
3764933;-42.861961
3766935;-42.577972
3768949;-42.293518
3770914;-42.008610
3772906;-41.723324
3774907;-41.437584
3776914;-41.151478
3778911;-40.864967
3780947;-40.578011
3782930;-40.290695
3784932;-40.002937
3786930;-39.714832
3788931;-39.426334
3790948;-39.137398
3792912;-38.848125
3794907;-38.558422
3796912;-38.268383
3798909;-37.977924
3800909;-37.687134
3802951;-37.395973
3804929;-37.250210
3806936;-36.812496
3808928;-36.520191
3810927;-36.227570
3812953;-35.934593
3814926;-35.641212
3816933;-35.347527
3818932;-35.053448
3820928;-34.759064
3823072;-34.464298
3824938;-34.169235
3826934;-33.873833
3828932;-33.578053
3830930;-33.281986
3832934;-32.985546
3834948;-32.688828
3836934;-32.391785
3838929;-32.094376
3840923;-31.796694
3842926;-31.498655
3844990;-31.200352
3846930;-30.901695
3848930;-30.602777
3850932;-30.303558
3852932;-30.003994
3854928;-29.704180
3856948;-29.404026
3858911;-29.103630
3860911;-28.802944
3862911;-28.501930
3864909;-28.200680
3866952;-27.899105
3868914;-27.597300
3870908;-27.295177
3872909;-26.992834
3874911;-26.690266
3876909;-26.387346
3878948;-26.084209
3880932;-25.780769
3882929;-25.477119
3884925;-25.173223
3886933;-24.869028
3888947;-24.564634
3890909;-24.259953
3892909;-23.955076
3894913;-23.649920
3896914;-23.344574
3898913;-23.039000
3900946;-22.733150
3902930;-22.427124
3904928;-22.274027
3906933;-21.814363
3908928;-21.507681
3910953;-21.200739
3912914;-20.893637
3914907;-20.586279
3916909;-20.278767
3918907;-19.971006
3920908;-19.663097
3922948;-19.354994
3924930;-19.046650
3926931;-18.738169
3928929;-18.429453
3930929;-18.120604
3932945;-17.811575
3934916;-17.502325
3936911;-17.192945
3938909;-16.883352
3940910;-16.573639
3942907;-16.263714
3944946;-15.953678
3946938;-15.643482
3948927;-15.333086
3950928;-15.022585
3952928;-14.711889
3954948;-14.401094
3956909;-14.090158
3958905;-13.779036
3960909;-13.467825
3962908;-13.156433
3964909;-12.844959
3966948;-12.533358
3968931;-12.221586
3970926;-11.909742
3972921;-11.597732
3974925;-11.285654
3976947;-10.973418
3978914;-10.661121
3980913;-10.348720
3982910;-10.036215
3984908;-9.723612
3986967;-9.410866
3988948;-9.098074
3990931;-8.785192
3992927;-8.472176
3994930;-8.159123
3996931;-7.845943
3998946;-7.532733
4000914;-7.219401
4002910;-6.906045
4004916;-6.592622
4006915;-6.279085
4008911;-5.965534
4010947;-5.651876
4012936;-5.338211
4014926;-5.024493
4016927;-4.710677
4018929;-4.396863
4020952;-4.082958
4022916;-3.769059
4024905;-3.455077
4026908;-3.141107
4028909;-2.827107
4030909;-2.513031
4032951;-2.198978
4034930;-1.884856
4036931;-1.570763
4038928;-1.256654
4040932;-0.942485
4042944;-0.628354
4044911;-0.314170
4046911;0.000000
4048906;0.314159
4050908;0.628314
4052967;0.942464
4054936;1.099535
4056929;1.570732
4058927;1.884844
4060929;2.198937
4062929;2.513010
4064947;2.827056
4066935;3.141076
4068928;3.298074
4070927;3.769018
4072932;4.082935
4074969;4.396812
4076934;4.710645
4078934;5.024432
4080929;5.338169
4082926;5.651853
4084928;5.965482
4086941;6.279051
4088914;6.592560
4090906;6.906002
4092909;7.219377
4094912;7.532680
4096916;7.845909
4098948;8.159060
4100930;8.472132
4102927;8.785120
4104927;9.098021
4106931;9.410830
4108954;9.723549
4110914;10.036171
4112917;10.348695
4114910;10.661115
4116919;10.973431
4118910;11.285637
4120950;11.597733
4122936;11.909716
4124931;12.221580
4126929;12.533322
4128928;12.844942
4130951;13.156436
4132917;13.467797
4134909;13.779028
4136912;14.090122
4138911;14.401078
4140913;14.711891
4142952;15.022558
4144934;15.333078
4146935;15.643446
4148928;15.953660
4150929;16.263714
4152949;16.573612
4154918;16.883343
4156913;17.192907
4158909;17.502306
4160913;17.811527
4162958;18.120577
4164931;18.429445
4166930;18.738131
4168929;19.046633
4170930;19.354946
4172930;19.663071
4174950;19.970997
4176913;20.278728
4178915;20.586262
4180909;20.893587
4182916;21.200710
4185065;21.507624
4186936;21.814323
4188932;22.120808
4190930;22.427074
4192927;22.733122
4194927;23.038942
4196951;23.344534
4198932;23.649900
4200926;23.955029
4202929;24.259922
4204930;24.412279
4206949;24.868988
4208915;25.173155
4210906;25.477072
4212912;25.780737
4214912;26.084152
4216964;26.387304
4218949;26.690197
4220926;26.992828
4222925;27.295193
4224929;27.597290
4226928;27.899107
4228949;28.200657
4230914;28.501928
4232907;28.802910
4234915;29.103617
4236907;29.404032
4238962;29.704157
4240911;30.003988
4242910;30.303526
4244907;30.602762
4246909;30.901697
4248908;31.200329
4250937;31.498650
4252908;31.796661
4254912;32.094360
4256913;32.391743
4258906;32.688801
4260947;32.985538
4262915;33.281952
4264913;33.578037
4266907;33.873787
4268904;34.169209
4270909;34.464294
4272945;34.759029
4274935;35.053429
4276933;35.347485
4278927;35.641186
4280930;35.934536
4282950;36.227535
4284913;36.520176
4286908;36.812454
4288913;37.104370
4290916;37.395920
4292965;37.687099
4294951;37.977905
4296933;38.268341
4298931;38.558399
4300927;38.848072
4302930;39.137363
4304936;39.281864
4306916;39.714787
4308908;40.002911
4310905;40.290646
4312909;40.577976
4315074;40.864906
4316938;41.151436
4318933;41.437557
4320930;41.723270
4322928;42.008572
4324923;42.293461
4326948;42.577927
4328907;42.861973
4330913;43.145603
4332915;43.428806
4334903;43.711575
4336952;43.993916
4338915;44.275822
4340908;44.557289
4342908;44.838318
4344909;45.118908
4346911;45.399048
4348948;45.678741
4350934;45.957985
4352926;46.236774
4354930;46.375996
4356931;46.792980
4358947;47.070389
4360913;47.347336
4362910;47.623817
4364911;47.899826
4366910;48.175365
4368957;48.450424
4370950;48.725014
4372932;48.999115
4374929;49.272736
4376932;49.545868
4378925;49.818508
4380942;50.090660
4382914;50.362320
4384914;50.633476
4386913;50.904137
4388911;51.174294
4391088;51.443951
4392927;51.713097
4394932;51.981728
4396930;52.249855
4398927;52.517464
4400926;52.784550
4402927;53.051121
4404918;53.317158
4406912;53.582676
4408906;53.847664
4410911;54.112125
4412946;54.376041
4414912;54.639435
4416912;54.902279
4418910;55.164581
4420908;55.426346
4422914;55.687557
4424947;55.948223
4426937;56.208336
4428928;56.467896
4430933;56.726891
4432931;56.985329
4434948;57.243210
4436916;57.500523
4438911;57.757271
4440908;58.013447
4442910;58.269047
4444913;58.524071
4446950;58.778526
4448933;59.032394
4450927;59.285683
4452927;59.538383
4454931;59.790497
4456947;60.042023
4458914;60.292953
4460904;60.543285
4462910;60.793026
4464912;61.042168
4466914;61.290707
4468936;61.538635
4470916;61.785961
4472917;62.032669
4474915;62.278770
4476909;62.524265
4478973;62.769135
4480935;63.013386
4482929;63.257015
4484929;63.500015
4486927;63.742393
4488928;63.984142
4490927;64.225266
4492913;64.465744
4494912;64.705597
4496912;64.944801
4498910;65.183365
4500984;65.421295
4502938;65.658569
4504932;65.776978
4506930;66.131187
4508928;66.366508
4510929;66.601189
4512956;66.835197
4514935;67.068550
4516933;67.301247
4518929;67.533279
4520931;67.764648
4523091;67.995331
4524935;68.225357
4526931;68.454704
4528933;68.683380
4530926;68.911377
4532931;69.138695
4534951;69.365326
4536918;69.591278
4538909;69.816536
4540913;70.041107
4542907;70.264992
4544957;70.488182
4546951;70.710678
4548932;70.932472
4550924;71.153572
4552929;71.373955
4554926;71.483887
4556935;71.812630
4558918;72.030899
4560912;72.248459
4562907;72.465309
4564907;72.681450
4566946;72.896866
4568908;73.111557
4570915;73.325539
4572914;73.538788
4574909;73.751320
4576911;73.963112
4578948;74.174179
4580933;74.384514
4582926;74.594116
4584928;74.802986
4586929;75.011108
4588945;75.218498
4590910;75.425140
4592908;75.631042
4594908;75.836197
4596916;76.040596
4598913;76.244255
4600952;76.447151
4602930;76.649300
4604925;76.850693
4606933;77.051323
4608931;77.251198
4610943;77.450302
4612905;77.648651
4614907;77.846230
4616912;78.043045
4618905;78.239082
4620907;78.434349
4622945;78.628838
4624928;78.822556
4626931;79.015503
4628932;79.207657
4630929;79.399040
4632949;79.589638
4634915;79.779442
4636912;79.968468
4638904;80.156693
4640909;80.344131
4642905;80.530785
4644952;80.716637
4646933;80.901695
4648931;81.085953
4650930;81.269417
4652930;81.452065
4654943;81.543091
4656910;81.814972
4658907;81.995209
4660904;82.174637
4662906;82.353249
4664911;82.531059
4666952;82.708054
4668925;82.884232
4670931;83.059586
4672932;83.234123
4674930;83.407837
4676931;83.580734
4678953;83.752800
4680937;83.924042
4682937;84.094452
4684929;84.264038
4686936;84.432785
4688950;84.600708
4690910;84.767792
4692909;84.934029
4694906;85.099449
4696904;85.264008
4698910;85.427734
4700950;85.590622
4702933;85.752663
4704930;85.913857
4706939;86.074203
4708929;86.233688
4710948;86.392334
4712906;86.550125
4714909;86.707062
4716911;86.863152
4718911;87.018372
4720910;87.172737
4722944;87.326241
4724932;87.478882
4726930;87.630669
4728928;87.781578
4730930;87.931625
4732952;88.080803
4734908;88.229111
4736910;88.376549
4738908;88.523125
4740911;88.668823
4742910;88.813637
4744948;88.957581
4746937;89.100647
4748935;89.242828
4750927;89.384140
4752925;89.524559
4754949;89.664093
4756912;89.802757
4758910;89.940521
4760910;90.077400
4762913;90.213387
4764911;90.348495
4766950;90.482697
4768936;90.616020
4770932;90.748444
4772929;90.879967
4774929;91.010597
4776948;91.140327
4778917;91.269150
4780909;91.397087
4782913;91.524117
4784914;91.650238
4786906;91.775467
4788953;91.899780
4790933;92.023178
4792930;92.145683
4794930;92.267273
4796933;92.387947
4798951;92.507721
4800911;92.626572
4802909;92.744514
4804908;92.803139
4806912;92.977646
4808906;93.092834
4810946;93.207108
4812933;93.320465
4814929;93.432892
4816932;93.544403
4818930;93.654991
4820937;93.764648
4822910;93.873383
4824907;93.981194
4826909;94.088074
4828912;94.194031
4830948;94.299057
4832911;94.403145
4834911;94.506310
4836913;94.608536
4838907;94.709831
4840906;94.810196
4842949;94.909615
4844929;95.008102
4846935;95.105652
4848934;95.202271
4850929;95.297935
4852947;95.392670
4854909;95.486458
4856908;95.579300
4858909;95.671204
4860907;95.762169
4862912;95.852180
4864951;95.941254
4866933;96.029373
4868927;96.116547
4870930;96.202766
4872925;96.288040
4874948;96.372368
4876905;96.455742
4878904;96.538162
4880906;96.619637
4882909;96.700150
4884962;96.779709
4886947;96.858315
4888935;96.935966
4890934;97.012665
4892932;97.088394
4894921;97.163177
4896947;97.236992
4898916;97.309853
4900915;97.381752
4902915;97.452690
4904912;97.522667
4907071;97.591682
4908929;97.659721
4910923;97.726814
4912925;97.792938
4914925;97.858086
4916938;97.922287
4918942;97.985504
4920910;98.047760
4922912;98.109055
4924915;98.169373
4926908;98.228722
4928911;98.287109
4930948;98.344521
4932934;98.400963
4934928;98.456436
4936933;98.510933
4938932;98.564461
4940953;98.617020
4942914;98.668602
4944914;98.719200
4946912;98.768837
4948914;98.817490
4950912;98.865173
4952945;98.911880
4954933;98.934868
4956933;99.002365
4958930;99.046143
4960934;99.088943
4962946;99.130760
4964916;99.171608
4966910;99.211472
4968907;99.250359
4970911;99.288261
4972962;99.325188
4974945;99.361130
4976934;99.396095
4978933;99.430077
4980932;99.463081
4982927;99.495102
4984954;99.526146
4986912;99.556198
4988908;99.585274
4990908;99.613365
4992907;99.640472
4994909;99.666595
4996952;99.691734
4998925;99.715889
5000930;99.739059
5002929;99.761253
5004925;99.782455
5006949;99.802673
5008921;99.821907
5010908;99.840149
5012909;99.857422
5014910;99.873695
5016944;99.888985
5018941;99.903290
5020930;99.916611
5022922;99.928947
5024928;99.940292
5026931;99.950653
5028947;99.960030
5030917;99.968422
5032909;99.975815
5034911;99.982239
5036912;99.987663
5038956;99.992104
5040936;99.995560
5042926;99.998024
5044934;99.999504
5046931;100.000000
5048928;99.999504
5050934;99.998024
5052919;99.995560
5054911;99.993958
5056908;99.987663
5058905;99.982239
5061100;99.975815
5062937;99.968422
5064932;99.960030
5066931;99.950661
5068929;99.940292
5070926;99.928947
5072955;99.916611
5074915;99.903290
5076906;99.888985
5078909;99.873695
5080915;99.857422
5083070;99.840157
5084932;99.821907
5086932;99.802673
5088931;99.782455
5090932;99.761253
5092927;99.739059
5094948;99.715889
5096915;99.691734
5098906;99.666595
5100905;99.640472
5102909;99.613365
5104950;99.599442
5106909;99.556198
5108907;99.526146
5110911;99.495102
5112910;99.463081
5114909;99.430077
5116949;99.396095
5118932;99.361130
5120931;99.325188
5122930;99.288261
5124927;99.250359
5126949;99.211472
5128907;99.171608
5130910;99.130768
5132909;99.088943
5134918;99.046150
5136915;99.002365
5138948;98.957619
5140933;98.911888
5142929;98.865173
5144924;98.817497
5146929;98.768837
5148952;98.719200
5150910;98.668602
5152907;98.617020
5154911;98.564461
5156911;98.510933
5158913;98.456436
5160949;98.400970
5162930;98.344521
5164929;98.287109
5166930;98.228729
5168932;98.169380
5170944;98.109055
5172908;98.047768
5174907;97.985512
5176913;97.922287
5178904;97.858093
5180968;97.792938
5182932;97.726814
5184930;97.659729
5186933;97.591682
5188932;97.522667
5190928;97.452690
5192949;97.381760
5194933;97.309860
5196929;97.237000
5198931;97.163185
5200927;97.088402
5202945;97.012665
5204917;96.935974
5206909;96.858322
5208905;96.779716
5210907;96.700157
5212913;96.619637
5214949;96.538170
5216936;96.455750
5218925;96.372375
5220928;96.288048
5222928;96.202774
5224950;96.116547
5226919;96.029373
5228912;95.941254
5230913;95.852188
5232913;95.762169
5234914;95.671211
5236950;95.579308
5238935;95.486458
5240930;95.392670
5242927;95.297935
5244929;95.202271
5246951;95.105659
5248916;95.008110
5250912;94.909622
5252908;94.810196
5254908;94.760132
5256971;94.608536
5258946;94.506317
5260934;94.403152
5262930;94.299057
5264930;94.194038
5266928;94.088081
5268947;93.981201
5270939;93.873390
5272929;93.764648
5274929;93.654999
5276933;93.544411
5278951;93.432907
5280916;93.320465
5282913;93.207123
5284908;93.092850
5286911;92.977646
5288915;92.861542
5290948;92.744514
5292932;92.626579
5294927;92.507729
5296932;92.387955
5298927;92.267273
5300947;92.145691
5302911;92.023193
5304904;91.961601
5306913;91.775475
5308911;91.650246
5310970;91.524117
5312947;91.397095
5314932;91.269157
5316934;91.140327
5318928;91.010597
5320928;90.879974
5322952;90.748444
5324931;90.616020
5326928;90.482712
5328928;90.348503
5330930;90.213394
5332943;90.077415
5334913;89.940529
5336916;89.802765
5338908;89.664108
5340911;89.524567
5342912;89.384140
5344948;89.242844
5346938;89.100662
5348934;88.957588
5350928;88.813644
5352929;88.668823
5354942;88.523125
5356913;88.376564
5358904;88.229126
5360914;88.080811
5362906;87.931625
5364912;87.781578
5366953;87.630661
5368931;87.478897
5370928;87.326256
5372926;87.172745
5374931;87.018379
5376948;86.863152
5378916;86.707069
5380907;86.550140
5382911;86.392349
5384910;86.233696
5386919;86.074203
5388953;85.913857
5390933;85.752663
5392927;85.590630
5394929;85.427750
5396928;85.264015
5398949;85.099449
5400910;84.934029
5402908;84.767799
5404911;84.684357
5406911;84.432793
5408909;84.264038
5410952;84.094452
5412931;83.924034
5414931;83.752808
5416928;83.580734
5418929;83.407845
5420944;83.234116
5422907;83.059601
5424909;82.884232
5426909;82.708069
5428905;82.531075
5430937;82.353271
5432914;82.174644
5434911;81.995216
5436908;81.814972
5438911;81.633934
5440910;81.452087
5442949;81.269424
5444931;81.085960
5446929;80.901703
5448931;80.716637
5450925;80.530800
5452956;80.344147
5454930;80.156700
5456926;79.968468
5458930;79.779449
5460929;79.589630
5462929;79.399048
5464932;79.207664
5466915;79.015503
5468912;78.822556
5470908;78.628838
5472909;78.434341
5474946;78.239082
5476917;78.043053
5478913;77.846237
5480908;77.648666
5482910;77.450310
5484907;77.251205
5486951;77.051338
5488929;76.850708
5490930;76.649315
5492928;76.447166
5494930;76.244263
5496982;76.040604
5498937;75.836205
5500931;75.631050
5502930;75.425148
5504929;75.218498
5506935;75.011108
5508935;74.802986
5510910;74.594131
5512909;74.384521
5514905;74.174179
5516915;73.963112
5518948;73.751305
5520910;73.538780
5522912;73.325546
5524908;73.111565
5526914;72.896866
5528910;72.681442
5530950;72.465324
5532933;72.248474
5534928;72.030922
5536930;71.812645
5538936;71.593658
5540950;71.373962
5542914;71.153572
5544905;70.932480
5546911;70.710686
5548905;70.488205
5550904;70.265007
5552949;70.041122
5554934;69.928932
5556933;69.591293
5558931;69.365349
5560925;69.138702
5562948;68.911385
5564913;68.683395
5566914;68.454712
5568909;68.225380
5570913;67.995354
5573087;67.764648
5574937;67.533287
5576932;67.301247
5578931;67.068550
5580929;66.835213
5582930;66.601196
5584951;66.366539
5586911;66.131203
5588905;65.895226
5590908;65.658585
5592914;65.421318
5594956;65.183395
5596950;64.944824
5598933;64.705612
5600925;64.465759
5602931;64.225273
5604926;63.984169
5606947;63.742416
5608913;63.500034
5610910;63.257027
5612911;63.013393
5614909;62.769138
5616912;62.524284
5618954;62.278790
5620931;62.032688
5622923;61.785965
5624928;61.538635
5626930;61.290707
5628946;61.042183
5630913;60.793037
5632906;60.543293
5634905;60.292953
5636909;60.042034
5638908;59.790508
5640949;59.538414
5642930;59.285706
5644930;59.032417
5646935;58.778542
5648928;58.524086
5650944;58.269054
5652919;58.013470
5654913;57.757290
5656914;57.500542
5658912;57.243221
5660914;56.985344
5662950;56.726898
5664937;56.467915
5666929;56.208355
5668925;55.948238
5670932;55.687569
5672955;55.426353
5674911;55.164589
5676907;54.902298
5678913;54.639446
5680913;54.376053
5683075;54.112125
5684934;53.847664
5686935;53.582676
5688930;53.317173
5690929;53.051144
5692927;52.784573
5694950;52.517479
5696934;52.249874
5698927;51.981766
5700930;51.713127
5702929;51.443977
5704947;51.309196
5706914;50.904156
5708907;50.633492
5710908;50.362350
5712906;50.090683
5714911;49.818527
5716946;49.545879
5718928;49.272743
5720928;48.999119
5722926;48.725033
5724931;48.450447
5726951;48.175381
5728906;47.899837
5730917;47.623821
5732908;47.347336
5734914;47.070408
5736962;46.792992
5738949;46.515114
5740928;46.236778
5742927;45.957981
5744923;45.678757
5746932;45.399082
5748942;45.118935
5750913;44.838341
5752907;44.557308
5754916;44.275837
5756911;43.993927
5759086;43.711601
5760935;43.428825
5762929;43.145622
5764928;42.861992
5766926;42.577938
5768930;42.293461
5770950;42.008595
5772913;41.723286
5774910;41.437569
5776907;41.151443
5778908;40.864910
5781098;40.577976
5782934;40.290661
5784926;40.002926
5786933;39.714794
5788930;39.426277
5790924;39.137363
5792948;38.848068
5794913;38.558411
5796909;38.268349
5798909;37.977936
5800906;37.687119
5802960;37.395935
5804928;37.250214
5806931;36.812485
5808926;36.520203
5810928;36.227558
5812930;35.934555
5814930;35.641201
5816914;35.347488
5818908;35.053455
5820905;34.759052
5822908;34.464306
5824978;34.169220
5826941;33.873795
5828928;33.578037
5830930;33.281975
5832932;32.985558
5834929;32.688812
5836952;32.391747
5838935;32.094360
5840929;31.796658
5842924;31.498665
5844928;31.200336
5846949;30.901703
5848913;30.602762
5850910;30.303522
5852910;30.004025
5854908;29.854134
5856909;29.404058
5858949;29.103638
5860933;28.802931
5862931;28.501940
5864930;28.200689
5866933;27.899137
5868943;27.597309
5870915;27.295212
5872908;26.992840
5874913;26.690207
5876910;26.387331
5878910;26.084169
5880949;25.780756
5882934;25.477085
5884931;25.173161
5886935;24.868990
5888932;24.564596
5890946;24.259939
5892915;23.955040
5894907;23.649906
5896911;23.344538
5898908;23.038939
5900913;22.733135
5902951;22.427086
5904929;22.120813
5906934;21.814348
5908930;21.507641
5910926;21.200726
5912942;20.893621
5914912;20.586288
5916912;20.278751
5918914;19.971016
5920909;19.663082
5922949;19.354956
5924942;19.046659
5926930;18.738153
5928929;18.429462
5930931;18.120588
5932929;17.811537
5934930;17.502310
5936912;17.192932
5938911;16.883362
5940913;16.573624
5942909;16.263723
5944906;15.953663
5946948;15.643445
5948936;15.333096
5950926;15.022570
5952930;14.711897
5954930;14.401080
5956946;14.090120
5958906;13.779022
5960909;13.467834
5962911;13.156466
5964913;12.844968
5967090;12.533342
5968936;12.221595
5970931;11.909726
5972931;11.597764
5974933;11.285663
5976930;10.973451
5978952;10.661130
5980934;10.348703
5982926;10.036177
5984929;9.723573
5986933;9.410850
5989084;9.098034
5990935;8.785129
5992929;8.472136
5994928;8.159060
5996930;7.845928
5998923;7.532693
6000946;7.219385
6002907;6.906006
6004910;6.749302
6006908;6.279069
6008907;5.965495
6010943;5.651861
6012916;5.338172
6014909;5.024454
6016909;4.710662
6018911;4.396848
6020907;4.082967
6022950;3.769045
6024926;3.455086
6026931;3.141093
6028929;2.827068
6030928;2.513040
6033092;2.198963
6034932;1.884865
6036927;1.570747
6038928;1.256615
6040928;0.942470
6042929;0.628339
6044946;0.314179
6046913;0.000015
6048910;-0.314149
6050909;-0.628309
6052916;-0.942463
6054918;-1.099525
6056948;-1.570717
6058934;-1.884835
6060932;-2.198933
6062930;-2.513010
6064931;-2.827062
6066942;-3.141062
6068911;-3.455031
6070914;-3.612027
6072914;-4.082912
6074912;-4.396794
6076915;-4.710632
6078952;-5.024400
6080930;-5.338142
6082930;-5.651831
6084925;-5.965465
6086932;-6.279039
6088951;-6.592552
6090911;-6.905976
6092911;-7.219356
6094907;-7.532664
6096915;-7.845898
6098908;-8.159054
6100948;-8.472131
6102929;-8.785099
6104924;-9.098004
6106930;-9.410820
6108928;-9.723543
6110947;-10.036171
6112910;-10.348699
6114917;-10.661099
6116913;-10.973421
6118917;-11.285633
6120917;-11.597733
6122948;-11.909697
6124937;-12.221565
6126931;-12.533291
6128928;-12.844914
6130931;-13.156412
6132952;-13.467780
6134910;-13.779016
6136908;-14.090115
6138911;-14.401050
6140907;-14.711868
6142918;-15.022542
6144951;-15.333065
6146938;-15.643438
6148931;-15.953633
6150927;-16.263695
6152931;-16.573595
6154943;-16.728497
6156921;-17.192902
6158907;-17.502304
6160914;-17.811506
6162911;-18.120560
6164959;-18.429432
6166947;-18.738123
6168933;-19.046631
6170934;-19.354950
6172931;-19.663054
6174925;-19.970985
6176947;-20.278700
6178913;-20.586235
6180915;-20.893570
6182911;-21.200695
6184908;-21.507589
6186914;-21.814295
6188943;-22.120785
6190930;-22.427057
6192934;-22.733107
6194932;-23.038933
6196933;-23.344507
6198951;-23.649876
6200908;-23.955011
6202907;-24.259909
6204910;-24.564569
6206910;-24.868984
6208909;-25.173134
6210947;-25.477055
6212935;-25.780725
6214926;-26.084143
6216936;-26.387300
6218930;-26.690201
6220946;-26.992813
6222914;-27.295181
6224907;-27.597281
6226912;-27.899107
6228912;-28.200659
6230911;-28.501909
6232946;-28.802877
6234931;-29.103586
6236930;-29.404009
6238930;-29.704138
6240931;-30.003973
6242948;-30.303516
6244911;-30.602736
6246915;-30.901674
6248916;-31.200310
6250910;-31.498638
6252919;-31.796652
6254932;-32.094357
6256916;-32.391720
6258911;-32.688786
6260902;-32.985527
6262909;-33.281944
6264947;-33.578033
6266910;-33.873791
6268912;-34.169189
6270907;-34.464279
6272909;-34.759026
6274909;-35.053425
6276949;-35.347485
6278932;-35.641193
6280931;-35.934525
6282934;-36.227528
6284929;-36.520149
6286954;-36.812435
6288931;-37.104355
6290925;-37.395885
6292932;-37.687073
6294931;-37.977882
6296951;-38.268322
6298918;-38.558380
6300916;-38.848064
6302914;-39.137337
6304911;-39.281853
6306909;-39.714767
6308945;-40.002899
6310931;-40.290634
6312931;-40.577969
6314932;-40.864883
6316932;-41.151417
6318946;-41.437542
6320917;-41.723259
6322913;-42.008568
6324907;-42.293461
6326911;-42.577911
6328911;-42.861965
6330948;-43.145596
6332931;-43.428799
6334928;-43.711575
6336933;-43.993919
6338929;-44.275787
6340950;-44.557262
6342915;-44.838295
6344907;-45.118885
6346909;-45.399033
6348906;-45.678730
6350910;-45.957954
6352945;-46.236752
6354932;-46.515087
6356931;-46.792965
6358929;-47.070381
6360928;-47.347332
6362945;-47.623795
6364906;-47.899811
6366912;-48.175350
6368909;-48.450413
6370912;-48.725002
6372904;-48.999111
6374948;-49.272713
6376934;-49.545849
6378929;-49.818497
6380926;-50.090652
6382932;-50.362312
6384953;-50.633476
6386908;-50.904125
6388908;-51.174290
6390911;-51.443947
6392907;-51.713074
6394908;-51.981712
6396950;-52.249836
6398934;-52.517433
6400930;-52.784519
6402928;-53.051098
6404927;-53.317142
6406940;-53.582661
6408923;-53.847660
6410912;-54.112095
6412916;-54.376022
6414906;-54.639416
6416913;-54.902267
6418949;-55.164574
6420929;-55.426342
6422934;-55.687542
6424931;-55.948212
6426934;-56.208324
6428946;-56.467884
6430912;-56.726891
6432906;-56.985329
6434914;-57.243191
6436910;-57.500511
6438909;-57.757259
6440950;-58.013439
6442930;-58.269047
6444931;-58.524078
6446932;-58.778496
6448927;-59.032368
6450950;-59.285660
6452915;-59.538364
6454907;-59.664490
6456910;-60.041992
6458916;-60.292923
6460907;-60.543270
6462950;-60.793011
6464929;-61.042152
6466931;-61.290695
6468926;-61.538612
6470929;-61.785934
6472949;-62.032658
6474911;-62.278767
6476916;-62.524254
6478911;-62.769127
6480908;-63.013363
6482905;-63.256996
6484946;-63.500004
6486939;-63.742386
6488929;-63.984142
6490926;-64.225266
6492926;-64.465729
6494941;-64.705582
6496910;-64.944801
6498906;-65.183365
6500907;-65.421280
6502908;-65.658554
6504986;-65.895172
6506937;-66.131157
6508929;-66.366493
6510932;-66.601166
6512929;-66.835190
6514925;-67.068550
6516935;-67.301224
6518907;-67.533264
6520910;-67.764626
6522914;-67.995323
6524913;-68.225349
6527085;-68.454704
6528939;-68.683365
6530926;-68.911362
6532928;-69.138680
6534924;-69.365326
6536929;-69.591270
6538938;-69.816536
6540915;-70.041100
6542908;-70.264984
6544908;-70.488174
6546908;-70.710670
6548992;-70.932472
6550935;-71.153572
6552934;-71.373947
6554928;-71.483871
6556933;-71.812607
6558927;-72.030884
6560943;-72.248444
6562909;-72.465302
6564907;-72.681419
6566910;-72.896843
6568906;-73.111549
6570910;-73.325523
6572944;-73.538780
6574934;-73.751305
6576931;-73.963097
6578930;-74.174164
6580925;-74.384499
6582953;-74.594101
6584909;-74.802979
6586908;-75.011101
6588908;-75.218483
6590908;-75.425125
6593100;-75.631035
6594934;-75.836189
6596934;-76.040581
6598928;-76.244255
6600930;-76.447144
6602930;-76.649307
6604935;-76.750092
6606913;-77.051308
6608913;-77.251175
6610910;-77.450302
6612910;-77.648628
6614939;-77.846230
6616912;-78.043022
6618914;-78.239052
6620907;-78.434334
6622909;-78.628822
6624912;-78.822556
6626944;-79.015488
6628909;-79.207634
6630914;-79.399033
6632909;-79.589615
6634912;-79.779442
6636987;-79.968452
6638935;-80.156693
6640929;-80.344131
6642928;-80.530762
6644925;-80.716637
6646932;-80.901680
6648948;-81.085953
6650912;-81.269409
6652906;-81.452049
6654910;-81.633919
6656911;-81.814957
6659090;-81.995216
6660931;-82.174629
6662924;-82.353264
6664930;-82.531059
6666929;-82.708046
6668927;-82.884232
6670945;-83.059578
6672908;-83.234131
6674913;-83.407837
6676912;-83.580719
6678914;-83.752808
6680947;-83.924034
6682911;-84.094467
6684907;-84.264030
6686909;-84.432808
6688907;-84.600685
6690915;-84.767761
6692949;-84.934021
6694930;-85.099419
6696932;-85.264000
6698930;-85.427719
6700927;-85.590591
6702948;-85.752647
6704910;-85.913834
6706912;-86.074188
6708906;-86.233673
6710911;-86.392334
6712914;-86.550117
6714951;-86.707047
6716934;-86.863136
6718933;-87.018356
6720925;-87.172737
6722931;-87.326225
6724948;-87.478867
6726918;-87.630653
6728915;-87.781563
6730919;-87.931618
6732908;-88.080795
6734907;-88.229118
6736948;-88.376549
6738932;-88.523109
6740929;-88.668816
6742925;-88.813629
6744928;-88.957581
6746953;-89.100639
6748920;-89.242813
6750914;-89.384140
6752911;-89.524551
6754908;-89.594421
6756913;-89.802750
6758953;-89.940506
6760940;-90.077400
6762928;-90.213379
6764931;-90.348495
6766930;-90.482697
6768996;-90.616020
6770934;-90.748444
6772923;-90.879959
6774925;-91.010597
6776931;-91.140320
6778931;-91.269165
6780938;-91.397079
6782910;-91.524109
6784911;-91.650238
6786908;-91.775452
6788907;-91.899780
6790983;-92.023178
6792928;-92.145691
6794928;-92.267273
6796932;-92.387924
6798930;-92.507706
6800930;-92.626556
6802936;-92.744507
6804911;-92.803131
6806912;-92.977623
6808911;-93.092827
6810906;-93.207092
6812979;-93.320450
6814926;-93.432877
6816931;-93.544403
6818927;-93.654976
6820929;-93.764633
6822929;-93.873383
6824944;-93.981186
6826937;-94.088074
6828928;-94.194016
6830930;-94.299034
6832926;-94.403145
6834948;-94.506294
6836916;-94.608536
6838912;-94.709824
6840913;-94.810196
6842908;-94.909607
6844912;-95.008095
6846950;-95.105652
6848937;-95.202255
6850926;-95.297935
6852929;-95.392662
6854924;-95.486443
6856950;-95.579300
6858918;-95.671204
6860910;-95.762169
6862914;-95.852180
6864912;-95.941254
6866912;-96.029373
6868951;-96.116539
6870933;-96.202766
6872927;-96.288040
6874924;-96.372375
6876927;-96.455742
6878946;-96.538162
6880913;-96.619637
6882910;-96.700150
6884906;-96.779716
6886903;-96.858315
6888909;-96.935974
6890951;-97.012665
6892935;-97.088394
6894928;-97.163177
6896931;-97.236992
6898928;-97.309860
6900948;-97.381752
6902912;-97.452690
6904906;-97.487793
6906912;-97.591667
6908908;-97.659721
6910947;-97.726807
6912911;-97.792923
6914910;-97.858086
6916914;-97.922272
6918904;-97.985497
6920906;-98.047760
6922949;-98.109047
6924928;-98.169365
6926936;-98.228714
6928929;-98.287109
6930931;-98.344513
6932950;-98.400963
6934911;-98.456429
6936911;-98.510925
6938906;-98.564461
6940906;-98.617012
6942906;-98.668594
6944948;-98.719200
6946937;-98.768837
6948931;-98.817490
6950929;-98.865166
6952924;-98.911880
6954945;-98.957611
6956907;-99.002365
6958910;-99.046143
6960911;-99.088936
6962912;-99.130760
6964908;-99.171600
6966948;-99.211472
6968935;-99.250351
6970934;-99.288261
6972931;-99.325188
6974926;-99.361130
6976948;-99.396095
6978913;-99.430077
6980908;-99.463081
6982910;-99.495102
6984912;-99.526138
6986952;-99.556198
6988917;-99.585274
6990910;-99.613365
6992916;-99.640472
6994904;-99.666595
6996911;-99.691734
6998953;-99.715889
7000933;-99.739059
7002936;-99.761246
7004930;-99.782455
7006929;-99.802673
7008949;-99.821907
7010916;-99.840157
7012908;-99.857414
7014915;-99.873695
7016914;-99.888985
7018906;-99.903290
7020948;-99.916611
7022933;-99.928947
7024931;-99.940292
7026933;-99.950653
7028931;-99.960030
7030948;-99.968414
7032919;-99.975815
7034910;-99.982231
7036909;-99.987663
7038915;-99.992104
7040908;-99.995560
7042948;-99.998024
7044927;-99.999504
7046933;-100.000000
7048931;-99.999504
7050927;-99.998024
7052950;-99.995560
7054935;-99.993958
7056932;-99.987663
7058927;-99.982239
7060927;-99.975815
7062925;-99.968422
7064949;-99.960030
7066915;-99.950661
7068909;-99.940292
7070915;-99.928955
7072904;-99.928955
7074908;-99.903297
7076946;-99.888985
7078922;-99.873695
7080925;-99.857422
7082923;-99.840157
7084930;-99.821907
7086936;-99.802673
7088914;-99.782455
7090908;-99.761253
7092908;-99.739059
7094909;-99.715897
7097097;-99.691734
7098938;-99.666595
7100934;-99.640472
7102938;-99.613365
7104934;-99.585274
7106933;-99.556198
7108937;-99.526146
7110919;-99.495102
7112909;-99.463081
7114913;-99.430084
7116905;-99.396095
7118982;-99.361130
7120933;-99.325195
7122927;-99.288269
7124929;-99.250359
7126932;-99.211479
7128932;-99.171616
7130928;-99.130768
7132913;-99.088951
7134913;-99.046150
7136915;-99.002373
7138913;-98.957619
7141097;-98.911888
7142933;-98.865181
7144926;-98.817497
7146930;-98.768845
7148927;-98.719200
7150929;-98.668602
7152945;-98.617020
7154932;-98.564461
7156932;-98.510941
7158928;-98.456436
7160927;-98.400970
7162951;-98.344528
7164912;-98.287109
7166909;-98.228737
7168908;-98.169373
7170908;-98.109062
7172912;-98.047760
7174950;-97.985512
7176934;-97.922287
7178931;-97.858093
7180924;-97.792938
7182927;-97.726814
7184946;-97.659729
7186908;-97.591690
7188912;-97.522667
7190911;-97.452698
7192907;-97.381752
7194907;-97.309860
7196953;-97.236992
7198940;-97.163177
7200930;-97.088402
7202928;-97.012665
7204929;-96.974442
7206941;-96.858315
7208918;-96.779716
7210916;-96.700165
7212907;-96.619637
7214909;-96.538177
7217102;-96.455742
7218939;-96.372375
7220929;-96.288055
7222924;-96.202766
7224929;-96.116547
7226931;-96.029381
7228949;-95.941261
7230911;-95.852188
7232911;-95.762184
7234908;-95.671227
7236909;-95.579315
7238910;-95.486473
7240947;-95.392677
7242924;-95.297951
7244927;-95.202286
7246931;-95.105667
7248926;-95.008125
7250950;-94.909630
7252912;-94.810204
7254908;-94.709839
7256909;-94.608551
7258909;-94.506332
7260945;-94.403160
7262908;-94.299072
7264908;-94.194038
7266911;-94.088089
7268909;-93.981209
7270908;-93.873390
7272947;-93.764671
7274933;-93.654999
7276933;-93.544418
7278928;-93.432899
7280930;-93.320473
7282947;-93.207130
7284914;-93.092850
7286909;-92.977661
7288909;-92.861542
7290910;-92.744522
7292909;-92.626587
7294946;-92.507729
7296938;-92.387970
7298934;-92.267273
7300930;-92.145691
7302922;-92.023178
7304946;-91.961601
7306911;-91.775475
7308912;-91.650238
7310911;-91.524124
7312911;-91.397079
7315090;-91.269165
7316933;-91.140343
7318930;-91.010597
7320929;-90.879974
7322927;-90.748444
7324931;-90.616020
7326954;-90.482697
7328914;-90.348495
7330914;-90.213409
7332910;-90.077400
7334907;-89.940552
7336910;-89.802773
7338947;-89.664124
7340929;-89.524590
7342931;-89.384155
7344924;-89.242867
7346930;-89.100662
7348947;-88.957611
7350914;-88.813675
7352908;-88.668839
7354910;-88.596107
7356918;-88.376579
7358913;-88.229141
7360946;-88.080818
7362931;-87.931648
7364927;-87.781609
7366931;-87.630676
7368924;-87.478905
7370943;-87.326256
7372917;-87.172760
7374913;-87.018402
7376910;-86.863159
7378905;-86.707092
7380909;-86.550140
7382950;-86.392357
7384934;-86.233696
7386933;-86.074211
7388929;-85.913879
7390928;-85.752670
7392940;-85.590645
7394913;-85.427742
7396909;-85.264030
7398912;-85.099472
7400911;-84.934044
7402916;-84.767807
7404944;-84.600708
7406928;-84.432808
7408930;-84.264030
7410928;-84.094467
7412926;-83.924065
7414951;-83.752808
7416919;-83.580742
7418912;-83.407837
7420906;-83.234131
7422902;-83.059608
7424908;-82.884232
7426950;-82.708069
7428932;-82.531059
7430932;-82.353264
7432929;-82.174629
7434930;-81.995216
7436946;-81.814980
7438914;-81.633919
7440910;-81.452080
7442913;-81.269432
7444911;-81.085983
7447102;-80.901741
7448936;-80.716667
7450930;-80.530823
7452929;-80.344162
7454928;-80.156731
7456929;-79.968475
7458952;-79.779472
7460933;-79.589668
7462929;-79.399063
7464924;-79.207695
7466927;-79.015518
7468944;-78.822586
7470916;-78.628883
7472910;-78.434364
7474908;-78.239113
7476903;-78.043053
7478911;-77.846252
7480950;-77.648659
7482933;-77.450325
7484928;-77.251228
7486931;-77.051338
7488927;-76.850716
7490949;-76.649307
7492907;-76.447174
7494907;-76.244286
7496912;-76.040611
7498907;-75.836220
7500908;-75.631042
7502945;-75.425163
7504932;-75.321938
7506932;-75.011124
7508927;-74.803009
7510932;-74.594131
7512935;-74.384537
7514912;-74.174179
7516912;-73.963127
7518912;-73.751343
7520907;-73.538795
7522986;-73.325554
7524936;-73.111557
7526934;-72.896873
7528929;-72.681473
7530929;-72.465317
7532922;-72.248482
7534952;-72.030899
7536916;-71.812645
7538908;-71.593643
7540910;-71.373962
7542907;-71.153580
7544916;-70.932472
7546948;-70.710686
7548934;-70.488174
7550930;-70.265030
7552927;-70.041168
7554925;-69.928940
7556947;-69.591324
7558918;-69.365349
7560913;-69.138733
7562911;-68.911400
7564914;-68.683418
7566911;-68.454758
7568948;-68.225388
7570930;-67.995377
7572925;-67.764664
7574928;-67.533310
7576932;-67.301300
7578944;-67.068581
7580911;-66.835243
7582904;-66.601204
7584911;-66.366539
7586915;-66.131195
7588907;-65.895233
7590949;-65.658607
7592937;-65.421310
7594926;-65.183403
7596934;-64.944817
7598921;-64.705620
7600946;-64.465782
7602913;-64.225281
7604909;-63.984180
7606905;-63.742405
7608905;-63.500046
7610914;-63.257015
7612951;-63.013405
7614926;-62.769161
7616929;-62.524269
7618924;-62.278801
7620927;-62.032677
7622949;-61.785976
7624910;-61.538666
7626906;-61.290710
7628907;-61.042191
7630913;-60.793030
7632910;-60.543304
7634942;-60.292946
7636934;-60.042030
7638928;-59.790524
7640928;-59.538383
7642929;-59.285694
7644951;-59.032387
7646935;-58.778530
7648933;-58.524097
7650932;-58.269047
7652928;-58.013458
7654942;-57.885448
7656910;-57.500530
7658913;-57.243275
7660907;-56.985371
7662912;-56.726944
7664908;-56.467926
7666953;-56.208385
7668933;-55.948246
7670926;-55.687599
7672930;-55.426399
7674930;-55.164616
7676953;-54.902328
7678915;-54.639454
7680910;-54.376083
7682914;-54.112179
7684911;-53.847694
7686910;-53.582722
7688946;-53.317184
7690936;-53.051155
7692932;-52.784561
7694927;-52.517490
7696928;-52.249901
7698946;-51.981754
7700920;-51.713135
7702914;-51.443966
7704915;-51.174332
7706909;-50.904186
7708910;-50.633503
7710946;-50.362354
7712925;-50.090675
7714926;-49.818539
7716927;-49.545868
7718931;-49.272751
7720948;-48.999153
7722905;-48.725025
7724912;-48.450455
7726906;-48.175369
7728911;-47.899849
7730913;-47.623856
7732951;-47.347351
7734927;-47.070419
7736928;-46.792984
7738927;-46.515125
7740925;-46.236767
7742944;-45.957993
7744915;-45.678772
7746910;-45.399052
7748909;-45.118927
7750902;-44.838314
7753080;-44.557304
7754933;-44.275848
7756929;-43.993916
7758934;-43.711594
7760933;-43.428795
7762925;-43.145615
7764945;-42.861961
7766911;-42.577972
7768911;-42.293518
7770904;-42.008610
7772910;-41.723324
7774904;-41.437584
7776946;-41.151478
7778932;-40.864967
7780926;-40.578011
7782927;-40.290695
7784924;-40.002937
7786946;-39.714832
7788913;-39.426334
7790911;-39.137398
7792918;-38.848125
7794910;-38.558422
7796910;-38.268383
7798946;-37.977924
7800931;-37.687134
7802931;-37.395973
7804932;-37.250210
7806934;-36.812496
7808948;-36.520191
7810912;-36.227570
7812917;-35.934593
7814912;-35.641212
7816910;-35.347527
7818969;-35.053448
7820934;-34.759064
7822929;-34.464298
7824927;-34.169235
7826926;-33.873833
7828928;-33.578053
7830935;-33.281986
7832911;-32.985546
7834910;-32.688828
7836907;-32.391785
7838907;-32.094376
7840947;-31.796694
7842913;-31.498655
7844911;-31.200352
7846910;-30.901695
7848913;-30.602777
7850908;-30.303558
7852948;-30.003994
7854933;-29.704180
7856931;-29.404026
7858925;-29.103630
7860928;-28.802944
7862951;-28.501930
7864912;-28.200680
7866911;-27.899105
7868908;-27.597300
7870905;-27.295177
7872907;-26.992834
7874948;-26.690266
7876934;-26.387346
7878931;-26.084209
7880930;-25.780769
7882928;-25.477119
7884947;-25.173223
7886914;-24.869028
7888911;-24.564634
7890913;-24.259953
7892909;-23.955076
7894910;-23.649920
7896947;-23.344574
7898933;-23.039000
7900932;-22.733150
7902928;-22.427124
7904929;-22.120829
7906937;-21.814363
7908911;-21.507681
7910911;-21.200739
7912909;-20.893637
7914909;-20.586279
7916985;-20.278767
7918935;-19.971006
7920930;-19.663097
7922926;-19.354994
7924920;-19.046650
7926933;-18.738169
7928936;-18.429453
7930916;-18.120604
7932909;-17.811575
7934910;-17.502325
7936906;-17.192945
7939088;-16.883352
7940938;-16.573639
7942927;-16.263714
7944929;-15.953678
7946931;-15.643482
7948926;-15.333086
7950932;-15.022585
7952913;-14.711889
7954911;-14.556509
7956910;-14.090158
7958910;-13.779036
7960948;-13.467825
7962911;-13.156433
7964911;-12.844959
7966912;-12.533358
7968907;-12.221586
7970916;-11.909742
7972945;-11.597732
7974929;-11.285654
7976928;-10.973418
7978931;-10.661121
7980929;-10.348720
7982946;-10.036215
7984911;-9.723612
7986912;-9.410866
7988909;-9.098074
7990906;-8.785192
7992906;-8.472176
7994946;-8.159123
7996936;-7.845943
7998930;-7.532733
8000931;-7.219401
8002925;-6.906045
8004953;-6.592622
8006911;-6.279085
8008908;-5.965534
8010907;-5.651876
8012910;-5.338211
8014911;-5.024493
8016950;-4.710677
8018934;-4.396863
8020928;-4.082958
8022929;-3.769059
8024929;-3.455077
8026945;-3.141107
8028910;-2.827107
8030911;-2.513031
8032911;-2.198978
8034918;-1.884856
8036912;-1.570763
8038950;-1.256654
8040934;-0.942485
8042932;-0.628354
8044930;-0.314170
8046930;0.000000
8048946;0.314159
8050910;0.628314
8052908;0.942464
8054911;1.099535
8056913;1.570732
8058911;1.884844
8060946;2.198937
8062940;2.513010
8064934;2.827056
8066935;3.141076
8068931;3.455064
8071064;3.769018
8072932;3.925981
8074923;4.396812
8076934;4.710645
8078930;5.024432
8080928;5.338169
8082949;5.651853
8084929;5.965482
8086930;6.279051
8088932;6.592560
8090927;6.906002
8092946;7.219377
8094911;7.532680
8096908;7.845909
8098904;8.159060
8100907;8.472132
8102906;8.785120
8104946;9.098021
8106935;9.410830
8108931;9.723549
8110927;10.036171
8112931;10.348695
8115111;10.661115
8116939;10.973431
8118927;11.285637
8120930;11.597733
8122929;11.909716
8124928;12.221580
8126950;12.533322
8128918;12.844942
8130913;13.156436
8132913;13.467797
8134908;13.779028
8137107;14.090122
8138934;14.401078
8140932;14.711891
8142928;15.022558
8144934;15.333078
8146935;15.643446
8148951;15.953660
8150913;16.263714
8152904;16.573612
8154905;16.883343
8156913;17.192907
8159117;17.502306
8160937;17.811527
8162933;18.120577
8164929;18.429445
8166929;18.738131
8168928;19.046633
8170945;19.354946
8172908;19.663071
8174916;19.970997
8176911;20.278728
8178906;20.586262
8180988;20.893587
8182932;21.200710
8184931;21.507624
8186931;21.814323
8188932;22.120808
8190928;22.427074
8192952;22.733122
8194910;23.038942
8196906;23.344534
8198906;23.649900
8200906;23.955029
8203016;24.259922
8204931;24.564575
8206937;24.868988
8208927;25.173155
8210928;25.477072
8212926;25.780737
8214951;26.084152
8216936;26.387304
8218933;26.690197
8220932;26.992828
8222928;27.295193
8224946;27.597290
8226911;27.899107
8228910;28.200657
8230908;28.501928
8232915;28.802910
8234904;29.103617
8236945;29.404032
8238935;29.704157
8240935;30.003988
8242925;30.303526
8244927;30.602762
8246943;30.901697
8248912;31.200329
8250905;31.498650
8252907;31.796661
8254910;31.945551
8256914;32.391743
8258945;32.688801
8260932;32.985538
8262932;33.281952
8264929;33.578037
8266930;33.873787
8268951;34.169209
8270910;34.464294
8272905;34.759029
8274908;35.053429
8276906;35.347485
8279115;35.641186
8280934;35.934536
8282933;36.227535
8284932;36.520176
8286929;36.812454
8288930;37.104370
8290950;37.395920
8292931;37.687099
8294931;37.977905
8296931;38.268341
8298930;38.558399
8300954;38.848072
8302913;39.137363
8304906;39.281864
8306909;39.714787
8308910;40.002911
8310907;40.290646
8312948;40.577976
8314929;40.864906
8316935;41.151436
8318932;41.437557
8320928;41.723270
8322929;42.008572
8324942;42.293461
8326932;42.577927
8328929;42.861973
8330927;43.145603
8332927;43.428806
8334943;43.711575
8336913;43.993916
8338909;44.275822
8340911;44.557289
8342904;44.838318
8344906;45.118908
8346946;45.399048
8348929;45.678741
8350923;45.957985
8352925;46.236774
8354927;46.515102
8356946;46.792980
8358911;47.070389
8360911;47.347336
8362907;47.623817
8364905;47.899826
8366914;48.175365
8368951;48.450424
8370932;48.725014
8372933;48.999115
8374927;49.272736
8376931;49.545868
8378943;49.818508
8380911;50.090660
8382910;50.362320
8384903;50.633476
8386906;50.904137
8388905;51.174294
8390949;51.443951
8392940;51.713097
8394923;51.981728
8396929;52.249855
8398925;52.517464
8400946;52.784550
8402915;53.051121
8404911;53.184204
8406911;53.582676
8408908;53.847664
8410916;54.112125
8412949;54.376041
8414930;54.639435
8416927;54.902279
8418926;55.164581
8420928;55.426346
8422952;55.687557
8424916;55.948223
8426912;56.208336
8428909;56.467896
8430911;56.726891
8432907;56.985329
8434950;57.243210
8436937;57.500523
8438930;57.757271
8440931;58.013447
8442927;58.269047
8444945;58.524071
8446906;58.778526
8448907;59.032394
8450911;59.285683
8452908;59.538383
8454910;59.790497
8456949;60.042023
8458932;60.292953
8460930;60.543285
8462932;60.793026
8464929;61.042168
8466950;61.290707
8468908;61.538635
8470912;61.785961
8472914;62.032669
8474913;62.278770
8476913;62.524265
8478947;62.769135
8480935;63.013386
8482927;63.257015
8484927;63.500015
8486931;63.742393
8488951;63.984142
8490910;64.225266
8492910;64.465744
8494906;64.705597
8496908;64.944801
8499114;65.183365
8500935;65.421295
8502928;65.658569
8504929;65.895203
8506929;66.131187
8508930;66.366508
8510934;66.601189
8512913;66.835197
8514912;67.068550
8516908;67.301247
8518909;67.533279
8520993;67.764648
8522933;67.995331
8524929;68.225357
8526935;68.454704
8528924;68.683380
8530925;68.911377
8532953;69.138695
8534936;69.365326
8536935;69.591278
8538928;69.816536
8540929;70.041107
8543017;70.264992
8544934;70.488182
8546934;70.710678
8548931;70.932472
8550929;71.153572
8552928;71.373955
8554945;71.483887
8556933;71.812630
8558928;72.030899
8560929;72.248459
8562928;72.465309
8564948;72.681450
8566912;72.896866
8568907;73.111557
8570915;73.325539
8572913;73.538788
8574904;73.751320
8576945;73.963112
8578912;74.174179
8580912;74.384514
8582910;74.594116
8584908;74.802986
8586915;75.011108
8588949;75.218498
8590930;75.425140
8592929;75.631042
8594930;75.836197
8596930;76.040596
8598950;76.244255
8600908;76.447151
8602906;76.649300
8604918;76.850693
8606907;77.051323
8608912;77.251198
8610951;77.450302
8612931;77.648651
8614927;77.846230
8616929;78.043045
8618932;78.239082
8620948;78.434349
8622912;78.628838
8624906;78.822556
8626911;79.015503
8628907;79.207657
8630904;79.399040
8632949;79.589638
8634931;79.779442
8636930;79.968468
8638929;80.156693
8640927;80.344131
8642951;80.530785
8644910;80.716637
8646907;80.901695
8648908;81.085953
8650904;81.269417
8652908;81.452065
8654948;81.633926
8656938;81.814972
8658928;81.995209
8660927;82.174637
8662929;82.353249
8664934;82.531059
8666915;82.708054
8668908;82.884232
8670910;83.059586
8672910;83.234123
8674995;83.407837
8676932;83.580734
8678928;83.752800
8680929;83.924042
8682926;84.094452
8684924;84.264038
8686954;84.432785
8688934;84.600708
8690928;84.767792
8692931;84.934029
8694922;85.099449
8696946;85.264008
8698911;85.427734
8700913;85.590622
8702907;85.752663
8704910;85.833366
8706913;86.074203
8708956;86.233688
8710931;86.392334
8712928;86.550125
8714926;86.707062
8716931;86.863152
8718941;87.018372
8720914;87.172737
8722908;87.326241
8724914;87.478882
8726912;87.630669
8728907;87.781578
8730951;87.931625
8732930;88.080803
8734929;88.229111
8736929;88.376549
8738925;88.523125
8740948;88.668823
8742913;88.813637
8744911;88.957581
8746911;89.100647
8748909;89.242828
8750963;89.384140
8752946;89.524559
8754931;89.664093
8756933;89.802757
8758926;89.940521
8760931;90.077400
8762948;90.213387
8764915;90.348495
8766910;90.482697
8768910;90.616020
8770910;90.748444
8772994;90.879967
8774930;91.010597
8776936;91.140327
8778928;91.269150
8780927;91.397087
8782931;91.524117
8784950;91.650238
8786915;91.775467
8788912;91.899780
8790909;92.023178
8792911;92.145683
8794906;92.267273
8796947;92.387947
8798931;92.507721
8800931;92.626572
8802930;92.744514
8804928;92.803139
8806951;92.977646
8808929;93.092834
8810933;93.207108
8812927;93.320465
8814932;93.432892
8816949;93.544403
8818912;93.654991
8820913;93.764648
8822912;93.873383
8824910;93.981194
8826911;94.088074
8828945;94.194031
8830933;94.299057
8832926;94.403145
8834929;94.506310
8836931;94.608536
8838945;94.709831
8840917;94.810196
8842911;94.909615
8844910;95.008102
8846909;95.105652
8848904;95.202271
8850947;95.297935
8852933;95.392670
8854929;95.439682
8856932;95.579300
8858931;95.671204
8860943;95.762169
8862908;95.852180
8864912;95.941254
8866913;96.029373
8868910;96.116547
8870910;96.202766
8872948;96.288040
8874936;96.372368
8876929;96.455742
8878930;96.538162
8880927;96.619637
8883001;96.700150
8884930;96.779709
8886930;96.858315
8888928;96.935966
8890924;97.012665
8892928;97.088394
8894933;97.163177
8896917;97.236992
8898912;97.309853
8900903;97.381752
8902905;97.452690
8904980;97.522667
8906933;97.591682
8908932;97.659721
8910929;97.726814
8912928;97.792938
8914928;97.858086
8916946;97.922287
8918928;97.985504
8920929;98.047760
8922926;98.109055
8924931;98.169373
8927098;98.228722
8928942;98.287109
8930934;98.344521
8932930;98.400963
8934927;98.456436
8936932;98.510933
8938945;98.564461
8940935;98.617020
8942928;98.668602
8944929;98.719200
8946934;98.768837
8948951;98.817490
8950913;98.865173
8952910;98.911880
8954910;98.957611
8956907;99.002365
8958911;99.046143
8960948;99.088943
8962938;99.130760
8964928;99.171608
8966928;99.211472
8968930;99.250359
8970946;99.288261
8972913;99.325188
8974903;99.361130
8976912;99.396095
8978908;99.430077
8980910;99.463081
8982947;99.495102
8984930;99.526146
8986928;99.556198
8988930;99.585274
8990928;99.613365
8993005;99.640472
8994938;99.666595
8996932;99.691734
8998926;99.715889
9000931;99.739059
9002931;99.761253
9004944;99.771973
9006906;99.802673
9008910;99.821907
9010914;99.840149
9012908;99.857422
9014948;99.873695
9016910;99.888985
9018910;99.903290
9020912;99.916611
9022910;99.928947
9024914;99.940292
9026952;99.950653
9028928;99.960030
9030929;99.968422
9032926;99.975815
9034926;99.982239
9036947;99.987663
9038913;99.992104
9040910;99.995560
9042910;99.998024
9044907;99.999504
9046912;100.000000
9048947;99.999504
9050929;99.998024
9052927;99.995560
9054930;99.993958
9056929;99.987663
9058942;99.982239
9060909;99.975815
9062911;99.968422
9064914;99.960030
9066910;99.950661
9068909;99.940292
9070951;99.928947
9072931;99.916611
9074925;99.903290
9076930;99.888985
9078927;99.873695
9080998;99.857422
9082938;99.840157
9084930;99.821907
9086932;99.802673
9088926;99.782455
9090926;99.761253
9092942;99.739059
9094915;99.715889
9096905;99.691734
9098904;99.666595
9100911;99.640472
9103094;99.613365
9104932;99.585274
9106933;99.556198
9108928;99.526146
9110929;99.495102
9112929;99.463081
9114941;99.430077
9116913;99.396095
9118906;99.361130
9120905;99.325188
9122910;99.288261
9124955;99.250359
9126910;99.211472
9128910;99.171608
9130908;99.130768
9132908;99.088943
9134909;99.046150
9136946;99.002365
9138926;98.957619
9140926;98.911888
9142931;98.865173
9144928;98.817497
9146951;98.768837
9148913;98.719200
9150912;98.668602
9152917;98.617020
9154909;98.590866
9156910;98.510933
9158951;98.456436
9160930;98.400970
9162925;98.344521
9164926;98.287109
9166927;98.228729
9168947;98.169380
9170911;98.109055
9172905;98.047768
9174905;97.985512
9176905;97.922287
9178911;97.858093
9180951;97.792938
9182928;97.726814
9184927;97.659729
9186934;97.591682
9188928;97.522667
9190951;97.452690
9192914;97.381760
9194909;97.309860
9196907;97.237000
9198911;97.163185
9200913;97.088402
9202948;97.012665
9204934;96.935974
9206927;96.858322
9208932;96.779716
9210927;96.700157
9212950;96.619637
9214907;96.538170
9216911;96.455750
9218909;96.372375
9220911;96.288048
9222992;96.202774
9224928;96.116547
9226930;96.029373
9228929;95.941254
9230926;95.852188
9232928;95.762169
9234947;95.671211
9236917;95.579308
9238911;95.486458
9240905;95.392670
9242908;95.297935
9244946;95.202271
9246912;95.105659
9248911;95.008110
9250914;94.909622
9252911;94.810196
9254911;94.709839
9256954;94.608536
9258930;94.506317
9260931;94.403152
9262931;94.299057
9264927;94.194038
9266949;94.088081
9268915;93.981201
9270908;93.873390
9272914;93.764648
9274912;93.654999
9276917;93.544411
9278946;93.432907
9280931;93.320465
9282927;93.207123
9284925;93.092850
9286935;92.977646
9288950;92.861542
9290908;92.744514
9292907;92.626579
9294906;92.507729
9296906;92.387955
9298943;92.267273
9300912;92.145691
9302910;92.023193
9304904;91.961601
9306907;91.775475
9308908;91.650246
9310945;91.524117
9312929;91.397095
9314927;91.269157
9316929;91.140327
9318928;91.010597
9320950;90.879974
9322913;90.748444
9324908;90.616020
9326909;90.482712
9328910;90.348503
9330905;90.213394
9332950;90.077415
9334931;89.940529
9336930;89.802765
9338931;89.664108
9340929;89.524567
9342946;89.384140
9344913;89.242844
9346912;89.100662
9348909;88.957588
9350904;88.813644
9352908;88.668823
9354948;88.523125
9356939;88.376564
9358933;88.229126
9360925;88.080811
9362927;87.931625
9364947;87.781578
9366917;87.630661
9368906;87.478897
9370910;87.326256
9372905;87.172745
9374908;87.018379
9376948;86.863152
9378932;86.707069
9380930;86.550140
9382928;86.392349
9384927;86.233696
9386944;86.074203
9388913;85.913857
9390911;85.752663
9392914;85.590630
9394911;85.427750
9396910;85.264015
9398950;85.099449
9400931;84.934029
9402931;84.767799
9404929;84.600708
9406929;84.432793
9409002;84.264038
9410930;84.094452
9412929;83.924034
9414928;83.752808
9416933;83.580734
9418935;83.407845
9420947;83.234116
9422927;83.059601
9424931;82.884232
9426933;82.708069
9428921;82.531075
9430946;82.353271
9432915;82.174644
9434909;81.995216
9436908;81.814972
9438904;81.633934
9440909;81.452087
9442953;81.269424
9444929;81.085960
9446931;80.901703
9448932;80.716637
9450928;80.530800
9452943;80.344147
9454908;80.250511
9456915;79.968468
9458909;79.779449
9460910;79.589630
9462911;79.399048
9464949;79.207664
9466934;79.015503
9468934;78.822556
9470927;78.628838
9472929;78.434341
9474949;78.239082
9476909;78.043053
9478904;77.846237
9480904;77.648666
9482911;77.450310
9484906;77.251205
9486949;77.051338
9488931;76.850708
9490927;76.649315
9492930;76.447166
9494928;76.244263
9496953;76.040604
9498915;75.836205
9500909;75.631050
9502913;75.425148
9504906;75.218498
9506908;75.011108
9508945;74.802986
9510934;74.594131
9512932;74.384521
9514928;74.174179
9516934;73.963112
9518950;73.751305
9520913;73.538780
9522915;73.325546
9524912;73.111565
9526913;72.896866
9528999;72.681442
9530930;72.465324
9532927;72.248474
9534929;72.030922
9536928;71.812645
9538926;71.593658
9540946;71.373962
9542917;71.153572
9544914;70.932480
9546916;70.710686
9548908;70.488205
9551112;70.265007
9552935;70.041122
9554936;69.928932
9556928;69.591293
9558922;69.365349
9560929;69.138702
9562948;68.911385
9564934;68.683395
9566924;68.454712
9568929;68.225380
9570926;67.995354
9572947;67.764648
9574909;67.533287
9576911;67.301247
9578905;67.068550
9580913;66.835213
9582909;66.601196
9584947;66.366539
9586936;66.131203
9588927;65.895226
9590924;65.658585
9592924;65.421318
9594950;65.183395
9596916;64.944824
9598913;64.705612
9600909;64.465759
9602902;64.225273
9604913;64.104805
9606945;63.742416
9608937;63.500034
9610923;63.257027
9612925;63.013393
9614926;62.769138
9616942;62.524284
9618913;62.278790
9620916;62.032688
9622906;61.785965
9624908;61.538635
9626911;61.290707
9628945;61.042183
9630933;60.793037
9632931;60.543293
9634929;60.292953
9636937;60.042034
9638949;59.790508
9640920;59.538414
9642905;59.285706
9644916;59.032417
9646913;58.778542
9648907;58.524086
9650942;58.269054
9652937;58.013470
9654933;57.757290
9656930;57.500542
9658929;57.243221
9660944;56.985344
9662912;56.726898
9664912;56.467915
9666910;56.208355
9668904;55.948238
9670907;55.687569
9672942;55.426353
9674935;55.164589
9676931;54.902298
9678930;54.639446
9680929;54.376053
9682947;54.112125
9684913;53.847664
9686907;53.582676
9688909;53.317173
9690904;53.051144
9693004;52.784573
9694933;52.517479
9696934;52.249874
9698928;51.981766
9700929;51.713127
9702928;51.443977
9704949;51.174320
9706935;50.904156
9708930;50.633492
9710930;50.362350
9712929;50.090683
9714946;49.818527
9716912;49.545879
9718908;49.272743
9720909;48.999119
9722913;48.725033
9724907;48.450447
9726948;48.175381
9728934;47.899837
9730928;47.623821
9732926;47.347336
9734931;47.070408
9736945;46.792992
9738929;46.515114
9740925;46.236778
9742926;45.957981
9744924;45.678757
9746944;45.399082
9748913;45.118935
9750910;44.838341
9752908;44.557308
9754909;44.416637
9756914;43.993927
9758948;43.711601
9760934;43.428825
9762928;43.145622
9764931;42.861992
9766930;42.577938
9768985;42.293461
9770936;42.008595
9772931;41.723286
9774925;41.437569
9776938;41.151443
9778928;40.864910
9780942;40.577976
9782916;40.290661
9784907;40.002926
9786909;39.714794
9788908;39.426277
9790945;39.137363
9792917;38.848068
9794907;38.558411
9796909;38.268349
9798909;37.977936
9800913;37.687119
9802947;37.395935
9804931;37.250214
9806932;36.812485
9808930;36.520203
9810927;36.227558
9812942;35.934555
9814906;35.641201
9816908;35.347488
9818904;35.053455
9820910;34.759052
9822912;34.464306
9824946;34.169220
9826937;33.873795
9828928;33.578037
9830928;33.281975
9832930;32.985558
9834951;32.688812
9836916;32.391747
9838910;32.094360
9840904;31.796658
9842913;31.498665
9844908;31.200336
9846950;30.901703
9848934;30.602762
9850929;30.303522
9852926;30.004025
9854927;29.704189
9856946;29.404058
9858920;29.103638
9860916;28.802931
9862910;28.501940
9864914;28.200689
9866906;27.899137
9868950;27.597309
9870927;27.295212
9872928;26.992840
9874928;26.690207
9876928;26.387331
9878938;26.084169
9880908;25.780756
9882908;25.477085
9884908;25.173161
9886911;24.868990
9888953;24.564596
9890912;24.259939
9892914;23.955040
9894912;23.649906
9896911;23.344538
9898905;23.038939
9900945;22.733135
9902932;22.427086
9904928;22.273966
9906936;21.814348
9908931;21.507641
9910951;21.200726
9912904;20.893621
9914912;20.586288
9916911;20.278751
9918913;19.971016
9920905;19.663082
9922947;19.354956
9924933;19.046659
9926926;18.738153
9928927;18.429462
9930932;18.120588
9932950;17.811537
9934932;17.502310
9936931;17.192932
9938927;16.883362
9940927;16.573624
9942950;16.263723
9944917;15.953663
9946908;15.643445
9948905;15.333096
9950910;15.022570
9952909;14.711897
9954949;14.401080
9956939;14.090120
9958931;13.779022
9960928;13.467834
9962929;13.156466
9964947;12.844968
9966914;12.533342
9968908;12.221595
9970915;11.909726
9972912;11.597764
9974910;11.285663
9976951;10.973451
9978924;10.661130
9980928;10.348703
9982927;10.036177
9984923;9.723573
9986948;9.410850
9988914;9.098034
9990912;8.785129
9992912;8.472136
9994911;8.159060
9996910;7.845928
9998950;7.532693
10000933;7.219385
10002927;6.906006
10004932;6.592558
10006929;6.279069
10008940;5.965495
10010908;5.651861
10012902;5.338172
10014915;5.024454
10016911;4.710662
10018948;4.396848
10020911;4.082967
10022914;3.769045
10024907;3.455086
10026906;3.141093
10028913;2.827068
10030945;2.513040
10032935;2.198963
10034925;1.884865
10036931;1.570747
10038927;1.256615
10040950;0.942470
10042911;0.628339
10044907;0.314179
10046910;0.000015
10048908;-0.314149
10050912;-0.628309
10052947;-0.942463
10054927;-1.099525
10056930;-1.570717
10058932;-1.884835
10060926;-2.198933
10062947;-2.513010
10064910;-2.827062
10066910;-3.141062
10068904;-3.455031
10070909;-3.768990
10072910;-4.082912
10074947;-4.239846
10076936;-4.710632
10078927;-5.024400
10080929;-5.338142
10082925;-5.651831
10084947;-5.965465
10086913;-6.279039
10088913;-6.592552
10090911;-6.905976
10092905;-7.219356
10094907;-7.532664
10096945;-7.845898
10098910;-8.159054
10100911;-8.472131
10102905;-8.785099
10104913;-9.098004
10106907;-9.410820
10108947;-9.723543
10110932;-10.036171
10112929;-10.348699
10114927;-10.661099
10116933;-10.973421
10119117;-11.285633
10120929;-11.597733
10122927;-11.909697
10124927;-12.221565
10126927;-12.533291
10128929;-12.844914
10130947;-13.156412
10132933;-13.467780
10134924;-13.779016
10136931;-14.090115
10138932;-14.401050
10140954;-14.711868
10142904;-15.022542
10144908;-15.333065
10146911;-15.643438
10148915;-15.953633
10150908;-16.263695
10152945;-16.573595
10154929;-16.883331
10156936;-17.192902
10158932;-17.502304
10160928;-17.811506
10162945;-18.120560
10164909;-18.429432
10166909;-18.738123
10168906;-19.046631
10170907;-19.354950
10172909;-19.663054
10174947;-19.970985
10176943;-20.278700
10178923;-20.586235
10180929;-20.893570
10182929;-21.200695
10184943;-21.507589
10186917;-21.814295
10188912;-22.120785
10190912;-22.427057
10192908;-22.733107
10194909;-23.038933
10196947;-23.344507
10198930;-23.649876
10200929;-23.955011
10202928;-24.259909
10204925;-24.412256
10206952;-24.868984
10208912;-25.173134
10210905;-25.477055
10212906;-25.780725
10214908;-26.084143
10216908;-26.387300
10218954;-26.690201
10220936;-26.992813
10222926;-27.295181
10224928;-27.597281
10226929;-27.899107
10228945;-28.200659
10230916;-28.501909
10232908;-28.802877
10234912;-29.103586
10236915;-29.404009
10238946;-29.704138
10240918;-30.003973
10242910;-30.303516
10244904;-30.602736
10246909;-30.901674
10248905;-31.200310
10250946;-31.498638
10252935;-31.796652
10254931;-32.094357
10256934;-32.391720
10258930;-32.688786
10260948;-32.985527
10262909;-33.281944
10264906;-33.578033
10266910;-33.873791
10268909;-34.169189
10270910;-34.464279
10272949;-34.759026
10274934;-35.053425
10276929;-35.347485
10278923;-35.641193
10280921;-35.934525
10283014;-36.227528
10284932;-36.520149
10286927;-36.812435
10288928;-37.104355
10290930;-37.395885
10292924;-37.687073
10294946;-37.977882
10296911;-38.268322
10298906;-38.558380
10300912;-38.848064
10302908;-39.137337
10304909;-39.281853
10306948;-39.714767
10308932;-40.002899
10310929;-40.290634
10312928;-40.577969
10314926;-40.864883
10316951;-41.151417
10318910;-41.437542
10320908;-41.723259
10322912;-42.008568
10324906;-42.293461
10326948;-42.577911
10328914;-42.861965
10330911;-43.145596
10332909;-43.428799
10334908;-43.711575
10336911;-43.993919
10338937;-44.275787
10340911;-44.557262
10342906;-44.838295
10344905;-45.118885
10346910;-45.399033
10348947;-45.678730
10350911;-45.957954
10352911;-46.236752
10354908;-46.375988
10356911;-46.792965
10358903;-47.070381
10360946;-47.347332
10362928;-47.623795
10364931;-47.899811
10366936;-48.175350
10368931;-48.450413
10370951;-48.725002
10372915;-48.999111
10374908;-49.272713
10376912;-49.545849
10378908;-49.818497
10381020;-50.090652
10382932;-50.362312
10384924;-50.633476
10386933;-50.904125
10388929;-51.174290
10390924;-51.443947
10392932;-51.713074
10394911;-51.981712
10396913;-52.249836
10398908;-52.517433
10400908;-52.784519
10403003;-53.051098
10404932;-53.317142
10406935;-53.582661
10408928;-53.847660
10410925;-54.112095
10412926;-54.376022
10414943;-54.639416
10416909;-54.902267
10418909;-55.164574
10420910;-55.426342
10422910;-55.687542
10424901;-55.948212
10426944;-56.208324
10428928;-56.467884
10430924;-56.726891
10432929;-56.985329
10434926;-57.243191
10436947;-57.500511
10438914;-57.757259
10440908;-58.013439
10442916;-58.269047
10444913;-58.524078
10447017;-58.778496
10448932;-59.032368
10450932;-59.285660
10452932;-59.538364
10454931;-59.790482
10456935;-60.041992
10458944;-60.292923
10460933;-60.543270
10462925;-60.793011
10464927;-61.042152
10466933;-61.290695
10468947;-61.538612
10470921;-61.785934
10472912;-62.032658
10474909;-62.278767
10476913;-62.524254
10478907;-62.769127
10480945;-63.013363
10482932;-63.256996
10484928;-63.500004
10486932;-63.742386
10488927;-63.984142
10490947;-64.225266
10492913;-64.465729
10494909;-64.705582
10496910;-64.944801
10498904;-65.183365
10501127;-65.421280
10502936;-65.658554
10504929;-65.776947
10506932;-66.131157
10508930;-66.366493
10510929;-66.601166
10512948;-66.835190
10514931;-67.068550
10516936;-67.301224
10518928;-67.533264
10520927;-67.764626
10522942;-67.995323
10524911;-68.225349
10526912;-68.454704
10528911;-68.683365
10530913;-68.911362
10532909;-69.138680
10534946;-69.365326
10536939;-69.591270
10538931;-69.816536
10540929;-70.041100
10542931;-70.264984
10544950;-70.488174
10546915;-70.710670
10548912;-70.932472
10550914;-71.153572
10552905;-71.373947
10554912;-71.483871
10556947;-71.812607
10558928;-72.030884
10560928;-72.248444
10562925;-72.465302
10564923;-72.681419
10566944;-72.896843
10568915;-73.111549
10570914;-73.325523
10572909;-73.538780
10574908;-73.751305
10576915;-73.963097
10578944;-74.174164
10580931;-74.384499
10582929;-74.594101
10584930;-74.802979
10586929;-75.011101
10588942;-75.218483
10590929;-75.425125
10592928;-75.631035
10594928;-75.836189
10596930;-76.040581
10599007;-76.244255
10600931;-76.447144
10602925;-76.649307
10604927;-76.850685
10606932;-77.051308
10608932;-77.251175
10610950;-77.450302
10612911;-77.648628
10614905;-77.846230
10616911;-78.043022
10618912;-78.239052
10620907;-78.434334
10622943;-78.628822
10624930;-78.822556
10626931;-79.015488
10628926;-79.207634
10630932;-79.399033
10632943;-79.589615
10634911;-79.779442
10636907;-79.968452
10638911;-80.156693
10640913;-80.344131
10643011;-80.530762
10644936;-80.716637
10646936;-80.901680
10648930;-81.085953
10650927;-81.269409
10652927;-81.452049
10654946;-81.543098
10656910;-81.814957
10658910;-81.995216
10660908;-82.174629
10662905;-82.353264
10664911;-82.531059
10666949;-82.708046
10668933;-82.884232
10670926;-83.059578
10672923;-83.234131
10674928;-83.407837
10676949;-83.580719
10678909;-83.752808
10680914;-83.924034
10682910;-84.094467
10684911;-84.264030
10686909;-84.432808
10688951;-84.600685
10690935;-84.767761
10692931;-84.934021
10694923;-85.099419
10696937;-85.264000
10698942;-85.427719
10700913;-85.590591
10702912;-85.752647
10704911;-85.913834
10706913;-86.074188
10708913;-86.233673
10710942;-86.392334
10712930;-86.550117
10714929;-86.707047
10716927;-86.863136
10718929;-87.018356
10720946;-87.172737
10722915;-87.326225
10724914;-87.478867
10726912;-87.630653
10728913;-87.781563
10730911;-87.931618
10732953;-88.080795
10734938;-88.229118
10736935;-88.376549
10738933;-88.523109
10740929;-88.668816
10742938;-88.813629
10744908;-88.957581
10746911;-89.100639
10748908;-89.242813
10750904;-89.384140
10752908;-89.524551
10754951;-89.664101
10756937;-89.802750
10758930;-89.940506
10760932;-90.077400
10762925;-90.213379
10764944;-90.348495
10766908;-90.482697
10768903;-90.616020
10770909;-90.748444
10772909;-90.879959
10774908;-91.010597
10776950;-91.140320
10778931;-91.269165
10780927;-91.397079
10782929;-91.524109
10784928;-91.650238
10786944;-91.775452
10788912;-91.899780
10790904;-92.023178
10792909;-92.145691
10794907;-92.267273
10796960;-92.387924
10798949;-92.507706
10800926;-92.626556
10802926;-92.744507
10804928;-92.803131
10806927;-92.977623
10808941;-93.092827
10810913;-93.207092
10812913;-93.320450
10814918;-93.432877
10816913;-93.544403
10818998;-93.654976
10820938;-93.764633
10822931;-93.873383
10824929;-93.981186
10826929;-94.088074
10828928;-94.194016
10830950;-94.299034
10832932;-94.403145
10834930;-94.506294
10836932;-94.608536
10838931;-94.709824
10840952;-94.810196
10842913;-94.909607
10844912;-95.008095
10846909;-95.105652
10848910;-95.202255
10850968;-95.297935
10852945;-95.392662
10854933;-95.486443
10856931;-95.579300
10858926;-95.671204
10860927;-95.762169
10862951;-95.852180
10864912;-95.941254
10866909;-96.029373
10868911;-96.116539
10870910;-96.202766
10872914;-96.288040
10874944;-96.372375
10876938;-96.455742
10878925;-96.538162
10880928;-96.619637
10882928;-96.700150
10884951;-96.779716
10886913;-96.858315
10888915;-96.935974
10890912;-97.012665
10892906;-97.088394
10894907;-97.163177
10896953;-97.236992
10898933;-97.309860
10900931;-97.381752
10902929;-97.452690
10904931;-97.522659
10906952;-97.591667
10908917;-97.659721
10910912;-97.726807
10912912;-97.792923
10914913;-97.858086
10916915;-97.922272
10918948;-97.985497
10920929;-98.047760
10922933;-98.109047
10924931;-98.169365
10926936;-98.228714
10928934;-98.287109
10930911;-98.344513
10932915;-98.400963
10934914;-98.456429
10936911;-98.510925
10939019;-98.564461
10940940;-98.617012
10942932;-98.668594
10944927;-98.719200
10946929;-98.768837
10948927;-98.817490
10950950;-98.865166
10952932;-98.911880
10954930;-98.934868
10956933;-99.002365
10958924;-99.046143
10960946;-99.088936
10962905;-99.130760
10964911;-99.171600
10966903;-99.211472
10968910;-99.250351
10970907;-99.288261
10972948;-99.325188
10974933;-99.361130
10976929;-99.396095
10978930;-99.430077
10980927;-99.463081
10982945;-99.495102
10984912;-99.526138
10986916;-99.556198
10988906;-99.585274
10990908;-99.613365
10992962;-99.640472
10994947;-99.666595
10996933;-99.691734
10998931;-99.715889
11000930;-99.739059
11002927;-99.761246
11004946;-99.782455
11006915;-99.802673
11008910;-99.821907
11010913;-99.840157
11012908;-99.857414
11015118;-99.873695
11016935;-99.888985
11018932;-99.903290
11020926;-99.916611
11022925;-99.928947
11024929;-99.940292
11026944;-99.950653
11028930;-99.960030
11030929;-99.968414
11032927;-99.975815
11034931;-99.982231
11036951;-99.987663
11038933;-99.992104
11040925;-99.995560
11042921;-99.998024
11044931;-99.999504
11046949;-100.000000
11048916;-99.999504
11050904;-99.998024
11052907;-99.995560
11054909;-99.993958
11056915;-99.987663
11058947;-99.982239
11060930;-99.975815
11062925;-99.968422
11064928;-99.960030
11066928;-99.950661
11068951;-99.940292
11070906;-99.928955
11072910;-99.916611
11074910;-99.903297
11076909;-99.888985
11078911;-99.873695
11080951;-99.857422
11082929;-99.840157
11084925;-99.821907
11086930;-99.802673
11088929;-99.782455
11090944;-99.761253
11092915;-99.739059
11094910;-99.715897
11096919;-99.691734
11098911;-99.666595
11100911;-99.640472
11102945;-99.613365
11104937;-99.599442
11106929;-99.556198
11108929;-99.526146
11110927;-99.495102
11112948;-99.463081
11114936;-99.430084
11116931;-99.396095
11118930;-99.361130
11120926;-99.325195
11122927;-99.288269
11124950;-99.250359
11126916;-99.211479
11128907;-99.171616
11130914;-99.130768
11132907;-99.088951
11134958;-99.046150
11136947;-99.002373
11138931;-98.957619
11140931;-98.911888
11142929;-98.865181
11144928;-98.817497
11146950;-98.768845
11148908;-98.719200
11150911;-98.668602
11152909;-98.617020
11154909;-98.564461
11156913;-98.510941
11158948;-98.456436
11160932;-98.400970
11162925;-98.344528
11164925;-98.287109
11166929;-98.228737
11168938;-98.169373
11170914;-98.109062
11172907;-98.047760
11174912;-97.985512
11176909;-97.922287
11179019;-97.858093
11180933;-97.792938
11182928;-97.726814
11184923;-97.659729
11186930;-97.591690
11188931;-97.522667
11190943;-97.452698
11192926;-97.381752
11194923;-97.309860
11196928;-97.236992
11198925;-97.163177
11200949;-97.088402
11202914;-97.012665
11204907;-96.935974
11206909;-96.858315
11208905;-96.779716
11210908;-96.700165
11212947;-96.619637
11214932;-96.538177
11216936;-96.455742
11218929;-96.372375
11220925;-96.288055
11223015;-96.202766
11224931;-96.116547
11226926;-96.029381
11228925;-95.941261
11230927;-95.852188
11232928;-95.762184
11234945;-95.671227
11236934;-95.579315
11238926;-95.486473
11240932;-95.392677
11242927;-95.297951
11244945;-95.202286
11246911;-95.105667
11248909;-95.008125
11250908;-94.909630
11252907;-94.810204
11255104;-94.709839
11256936;-94.608551
11258929;-94.506332
11260929;-94.403160
11262932;-94.299072
11264922;-94.194038
11266943;-94.088089
11268915;-93.981209
11270906;-93.873390
11272908;-93.764671
11274909;-93.654999
11276959;-93.544418
11278950;-93.432899
11280930;-93.320473
11282928;-93.207130
11284928;-93.092850
11286931;-92.977661
11288950;-92.861542
11290912;-92.744522
11292914;-92.626587
11294909;-92.507729
11296913;-92.387970
11299018;-92.267273
11300936;-92.145691
11302930;-92.023178
11304928;-91.961601
11306932;-91.775475
11308930;-91.650238
11310949;-91.524124
11312907;-91.397079
11314903;-91.269165
11316906;-91.140343
11318903;-91.010597
11321022;-90.879974
11322933;-90.748444
11324927;-90.616020
11326937;-90.482697
11328925;-90.348495
11330927;-90.213409
11332948;-90.077400
11334937;-89.940552
11336930;-89.802773
11338927;-89.664124
11340929;-89.524590
11343028;-89.384155
11344940;-89.242867
11346933;-89.100662
11348928;-88.957611
11350927;-88.813675
11352929;-88.668839
11354941;-88.523155
11356913;-88.376579
11358910;-88.229141
11360911;-88.080818
11362906;-87.931648
11365026;-87.781609
11366937;-87.630676
11368926;-87.478905
11370931;-87.326256
11372920;-87.172760
11374926;-87.018402
11376947;-86.863159
11378918;-86.707092
11380913;-86.550140
11382909;-86.392357
11384912;-86.233696
11386964;-86.074211
11388945;-85.913879
11390937;-85.752670
11392928;-85.590645
11394929;-85.427742
11396932;-85.264030
11398946;-85.099472
11400912;-84.934044
11402912;-84.767807
11404910;-84.684349
11406911;-84.432808
11408944;-84.264030
11410910;-84.094467
11412913;-83.924065
11414907;-83.752808
11416907;-83.580742
11418914;-83.407837
11420948;-83.234131
11422936;-83.059608
11424929;-82.884232
11426929;-82.708069
11428931;-82.531059
11430941;-82.353264
11432907;-82.174629
11434908;-81.995216
11436910;-81.814980
11438908;-81.633919
11440910;-81.452080
11442948;-81.269432
11444934;-81.085983
11446932;-80.901741
11448924;-80.716667
11450926;-80.530823
11452946;-80.344162
11454911;-80.156731
11456915;-79.968475
11458903;-79.779472
11460905;-79.589668
11462903;-79.399063
11464944;-79.207695
11466942;-79.015518
11468929;-78.822586
11470925;-78.628883
11472929;-78.434364
11474944;-78.239113
11476906;-78.043053
11478906;-77.846252
11480906;-77.648659
11482904;-77.450325
11484961;-77.251228
11486950;-77.051338
11488927;-76.850716
11490926;-76.649307
11492926;-76.447174
11494923;-76.244286
11496953;-76.040611
11498929;-75.836220
11500931;-75.631042
11502928;-75.425163
11504926;-75.218521
11506952;-75.011124
11508913;-74.803009
11510912;-74.594131
11512912;-74.384537
11514911;-74.174179
11516908;-73.963127
11518949;-73.751343
11520939;-73.538795
11522932;-73.325554
11524931;-73.111557
11526935;-72.896873
11528949;-72.681473
11530906;-72.465317
11532906;-72.248482
11534902;-72.030899
11536909;-71.812645
11538906;-71.593643
11540948;-71.373962
11542929;-71.153580
11544928;-70.932472
11546935;-70.710686
11548927;-70.488174
11550948;-70.265030
11552910;-70.041168
11554907;-69.928940
11556909;-69.591324
11558910;-69.365349
11560911;-69.138733
11562946;-68.911400
11564932;-68.683418
11566931;-68.454758
11568930;-68.225388
11570927;-67.995377
11572945;-67.764664
11574910;-67.533310
11576908;-67.301300
11578911;-67.068581
11580910;-66.835243
11582911;-66.601204
11584943;-66.366539
11586938;-66.131195
11588929;-65.895233
11590931;-65.658607
11592927;-65.421310
11594947;-65.183403
11596932;-64.944817
11598928;-64.705620
11600927;-64.465782
11602930;-64.225281
11604945;-63.984180
11606924;-63.742405
11608908;-63.500046
11610914;-63.257015
11612907;-63.013405
11614905;-62.769161
11616948;-62.524269
11618929;-62.278801
11620932;-62.032677
11622930;-61.785976
11624921;-61.538666
11626943;-61.290710
11628909;-61.042191
11630909;-60.793030
11632909;-60.543304
11634916;-60.292946
11636906;-60.042030
11638949;-59.790524
11640931;-59.538383
11642923;-59.285694
11644926;-59.032387
11646929;-58.778530
11648955;-58.524097
11650916;-58.269047
11652904;-58.013458
11654909;-57.757259
11656913;-57.500530
11658907;-57.243275
11660949;-56.985371
11662929;-56.726944
11664932;-56.467926
11666935;-56.208385
11668926;-55.948246
11670948;-55.687599
11672911;-55.426399
11674907;-55.164616
11676910;-54.902328
11678909;-54.639454
11680962;-54.376083
11682948;-54.112179
11684928;-53.847694
11686930;-53.582722
11688928;-53.317184
11690927;-53.051155
11692945;-52.784561
11694938;-52.517490
11696934;-52.249901
11698928;-51.981754
11700927;-51.713135
11702953;-51.443966
11704916;-51.309212
11706916;-50.904186
11708908;-50.633503
11710909;-50.362354
11712961;-50.090675
11714943;-49.818539
11716932;-49.545868
11718926;-49.272751
11720927;-48.999153
11722931;-48.725025
11724949;-48.450455
11726932;-48.175369
11728930;-47.899849
11730924;-47.623856
11732923;-47.347351
11734951;-47.070419
11736904;-46.792984
11738907;-46.515125
11740906;-46.236767
11742909;-45.957993
11744908;-45.678772
11746949;-45.399052
11748935;-45.118927
11750928;-44.838314
11752927;-44.557304
11754929;-44.275848
11756938;-43.993916
11758916;-43.711594
11760908;-43.428795
11762914;-43.145615
11764911;-42.861961
11767028;-42.577972
11768938;-42.293518
11770934;-42.008610
11772929;-41.723324
11774925;-41.437584
11776934;-41.151478
11778937;-40.864967
11780913;-40.578011
11782906;-40.290695
11784912;-40.002937
11786913;-39.714832
11789030;-39.426334
11790927;-39.137398
11792928;-38.848125
11794928;-38.558422
11796931;-38.268383
11798929;-37.977924
11800941;-37.687134
11802910;-37.395973
11804909;-37.250210
11806912;-36.812496
11808913;-36.520191
11810944;-36.227570
11812910;-35.934593
11814912;-35.641212
11816913;-35.347527
11818904;-35.053448
11820910;-34.759064
11822949;-34.464298
11824935;-34.169235
11826931;-33.873833
11828928;-33.578053
11830926;-33.281986
11832948;-32.985546
11834911;-32.688828
11836908;-32.391785
11838911;-32.094376
11840908;-31.796694
11842912;-31.498655
11844948;-31.200352
11846935;-30.901695
11848933;-30.602777
11850928;-30.303558
11852934;-30.003994
11854943;-29.854124
11856909;-29.404026
11858909;-29.103630
11860910;-28.802944
11862909;-28.501930
11864915;-28.200680
11866953;-27.899105
11868934;-27.597300
11870928;-27.295177
11872933;-26.992834
11874931;-26.690266
11876949;-26.387346
11878912;-26.084209
11880906;-25.780769
11882909;-25.477119
11884908;-25.173223
11886961;-24.869028
11888945;-24.564634
11890931;-24.259953
11892925;-23.955076
11894924;-23.649920
11896929;-23.344574
11898948;-23.039000
11900916;-22.733150
11902910;-22.427124
11904915;-22.120829
11906910;-21.814363
11909017;-21.507681
11910930;-21.200739
11912928;-20.893637
11914932;-20.586279
11916930;-20.278767
11918923;-19.971006
11920942;-19.663097
11922914;-19.354994
11924908;-19.046650
11926908;-18.738169
11928910;-18.429453
11930967;-18.120604
11932941;-17.811575
11934910;-17.502325
11936909;-17.192945
11938914;-16.883352
11940910;-16.573639
11942912;-16.263714
11944950;-15.953678
11946936;-15.643482
11948932;-15.333086
11950927;-15.022585
11952929;-14.711889
11954949;-14.401094
11956915;-14.090158
11958913;-13.779036
11960904;-13.467825
11962910;-13.156433
11964909;-12.844959
11966949;-12.533358
11968925;-12.221586
11970925;-11.909742
11972924;-11.597732
11974932;-11.285654
11976948;-10.973418
11978926;-10.661121
11980923;-10.348720
11982929;-10.036215
11984928;-9.723612
11987031;-9.410866
11988942;-9.098074
11990932;-8.785192
11992930;-8.472176
11994926;-8.159123
11996930;-7.845943
11998946;-7.532733
12000917;-7.219401
12002910;-6.906045
12004906;-6.749341
12006911;-6.279085
12008912;-5.965534
12010948;-5.651876
12012929;-5.338211
12014929;-5.024493
12016926;-4.710677
12018926;-4.396863
12020940;-4.082958
12022913;-3.769059
12024911;-3.455077
12026904;-3.141107
12028907;-2.827107
12030951;-2.513031
12032909;-2.198978
12034906;-1.884856
12036914;-1.570763
12038910;-1.256654
12040908;-0.942485
12042952;-0.628354
12044933;-0.314170
12046930;0.000000
12048933;0.314159
12050925;0.628314
12052949;0.942464
12054911;1.099535
12056915;1.570732
12058910;1.884844
12060910;2.198937
12062911;2.513010
12064950;2.827056
12066935;3.141076
12068928;3.455064
12070927;3.769018
12072926;4.082935
12074948;4.396812
12076913;4.553734
12078906;5.024432
12080909;5.338169
12082908;5.651853
12084950;5.965482
12086915;6.279051
12088915;6.592560
12090906;6.906002
12092905;7.219377
12094906;7.532680
12096949;7.845909
12098928;8.159060
12100932;8.472132
12102929;8.785120
12104926;9.098021
12106952;9.410830
12108911;9.723549
12110906;10.036171
12112910;10.348695
12114910;10.661115
12116908;10.973431
12118948;11.285637
12120937;11.597733
12122925;11.909716
12124926;12.221580
12126931;12.533322
12128971;12.844942
12130933;13.156436
12132931;13.467797
12134929;13.779028
12136929;14.090122
12138928;14.401078
12140945;14.711891
12142925;15.022558
12144924;15.333078
12146932;15.643446
12148930;15.953660
12150951;16.263714
12152910;16.573612
12154903;16.728498
12156906;17.192907
12158913;17.502306
12160910;17.811527
12162947;18.120577
12164929;18.429445
12166928;18.738131
12168926;19.046633
12170926;19.354946
12172948;19.663071
12174909;19.970997
12176904;20.278728
12178914;20.586262
12180905;20.893587
12182907;21.200710
12184947;21.507624
12186936;21.814323
12188930;22.120808
12190926;22.427074
12192928;22.733122
12194944;23.038942
12196914;23.344534
12198912;23.649900
12200915;23.955029
12202912;24.259922
12205020;24.564575
12206941;24.868988
12208934;25.173155
12210928;25.477072
12212927;25.780737
12214931;26.084152
12216947;26.387304
12218910;26.690197
12220909;26.992828
12222904;27.295193
12224908;27.597290
12226966;27.899107
12228942;28.200657
12230933;28.501928
12232926;28.802910
12234921;29.103617
12236931;29.404032
12238946;29.704157
12240908;30.003988
12242902;30.303526
12244907;30.602762
12246916;30.901697
12249029;31.200329
12250937;31.498650
12252925;31.796661
12254926;32.094360
12256930;32.391743
12258929;32.688801
12260949;32.985538
12262936;33.281952
12264931;33.578037
12266932;33.873787
12268929;34.169209
12270950;34.464294
12272914;34.759029
12274913;35.053429
12276906;35.347485
12278909;35.641186
12280907;35.934536
12282941;36.227535
12284933;36.520176
12286929;36.812454
12288924;37.104370
12290926;37.395920
12292946;37.687099
12294918;37.977905
12296906;38.268341
12298911;38.558399
12300911;38.848072
12302911;39.137363
12304950;39.281864
12306934;39.714787
12308929;40.002911
12310928;40.290646
12312925;40.577976
12314948;40.864906
12316915;41.151436
12318907;41.437557
12320915;41.723270
12322910;42.008572
12324906;42.293461
12326947;42.577927
12328931;42.861973
12330923;43.145603
12332926;43.428806
12334927;43.711575
12336949;43.993916
12338907;44.275822
12340908;44.557289
12342909;44.838318
12344908;45.118908
12346912;45.399048
12348947;45.678741
12350933;45.957985
12352929;46.236774
12354922;46.515102
12356936;46.792980
12358949;47.070389
12360927;47.347336
12362930;47.623817
12364930;47.899826
12366934;48.175365
12368948;48.450424
12370920;48.725014
12372908;48.999115
12374908;49.272736
12376912;49.545868
12378910;49.818508
12380951;50.090660
12382934;50.362320
12384927;50.633476
12386932;50.904137
12388933;51.174294
12390949;51.443951
12392910;51.713097
12394909;51.981728
12396912;52.249855
12398909;52.517464
12400906;52.784550
12402946;53.051121
12404927;53.317158
12406933;53.582676
12408931;53.847664
12410932;54.112125
12412948;54.376041
12414912;54.639435
12416908;54.902279
12418907;55.164581
12420908;55.426346
12422912;55.687557
12424948;55.948223
12426938;56.208336
12428928;56.467896
12430925;56.726891
12432926;56.985329
12434949;57.243210
12436909;57.500523
12438909;57.757271
12440907;58.013447
12442910;58.269047
12444914;58.524071
12446952;58.778526
12448936;59.032394
12450930;59.285683
12452924;59.538383
12454930;59.664516
12456947;60.042023
12458915;60.292953
12460910;60.543285
12462912;60.793026
12464909;61.042168
12466914;61.290707
12468945;61.538635
12470913;61.785961
12472905;62.032669
12474909;62.278770
12476909;62.524265
12479023;62.769135
12480935;63.013386
12482927;63.257015
12484929;63.500015
12486935;63.742393
12488928;63.984142
12490940;64.225266
12492904;64.465744
12494909;64.705597
12496905;64.944801
12498907;65.183365
12501022;65.421295
12502933;65.658569
12504930;65.895203
12506936;66.131187
12508929;66.366508
12510932;66.601189
12512948;66.835197
12514929;67.068550
12516927;67.301247
12518923;67.533279
12520930;67.764648
12522946;67.995331
12524911;68.225357
12526906;68.454704
12528906;68.683380
12530909;68.911377
12532904;69.138695
12534949;69.365326
12536937;69.591278
12538929;69.816536
12540932;70.041107
12542925;70.264992
12544944;70.488182
12546906;70.710678
12548905;70.932472
12550908;71.153572
12552909;71.373955
12554914;71.483887
12556949;71.812630
12558930;72.030899
12560927;72.248459
12562929;72.465309
12564926;72.681450
12566948;72.896866
12568911;73.111557
12570912;73.325539
12572910;73.538788
12574904;73.751320
12576908;73.963112
12578942;74.174179
12580913;74.384514
12582911;74.594116
12584903;74.802986
12586914;75.011108
12588947;75.218498
12590915;75.425140
12592909;75.631042
12594907;75.836197
12596912;76.040596
12598907;76.244255
12600949;76.447151
12602932;76.649300
12604925;76.750092
12606933;77.051323
12608925;77.251198
12611029;77.450302
12612931;77.648651
12614928;77.846230
12616931;78.043045
12618927;78.239082
12620929;78.434349
12622948;78.628838
12624930;78.822556
12626934;79.015503
12628931;79.207657
12630928;79.399040
12632951;79.589638
12634909;79.779442
12636909;79.968468
12638907;80.156693
12640911;80.344131
12642906;80.530785
12644947;80.716637
12646932;80.901695
12648928;81.085953
12650927;81.269417
12652927;81.452065
12654952;81.633926
12656914;81.814972
12658908;81.995209
12660908;82.174637
12662906;82.353249
12664914;82.531059
12666948;82.708054
12668934;82.884232
12670934;83.059586
12672931;83.234123
12674929;83.407837
12676944;83.580734
12678913;83.752800
12680909;83.924042
12682909;84.094452
12684910;84.264038
12686908;84.432785
12688949;84.600708
12690932;84.767792
12692925;84.934029
12694929;85.099449
12696936;85.264008
12698945;85.427734
12700920;85.590622
12702907;85.752663
12704908;85.913857
12706914;86.074203
12708917;86.233688
12710947;86.392334
12712931;86.550125
12714930;86.707062
12716931;86.863152
12718926;87.018372
12720948;87.172737
12722913;87.326241
12724910;87.478882
12726909;87.630669
12728907;87.781578
12730910;87.931625
12732945;88.080803
12734929;88.229111
12736932;88.376549
12738927;88.523125
12740926;88.668823
12742948;88.813637
12744912;88.957581
12746911;89.100647
12748907;89.242828
12750913;89.384140
12752910;89.524559
12754950;89.594444
12756932;89.802757
12758930;89.940521
12760929;90.077400
12762930;90.213387
12764949;90.348495
12766912;90.482697
12768905;90.616020
12770904;90.748444
12772909;90.879967
12774908;91.010597
12776952;91.140327
12778929;91.269150
12780927;91.397087
12782930;91.524117
12784929;91.650238
12786948;91.775467
12788910;91.899780
12790911;92.023178
12792912;92.145683
12794909;92.267273
12796909;92.387947
12798951;92.507721
12800931;92.626572
12802928;92.744514
12804929;92.803139
12806931;92.977646
12808948;93.092834
12810912;93.207108
12812910;93.320465
12814911;93.432892
12816910;93.544403
12818907;93.654991
12820945;93.764648
12822937;93.873383
12824933;93.981194
12826933;94.088074
12828928;94.194031
12830945;94.299057
12832914;94.403145
12834912;94.506310
12836906;94.608536
12838908;94.709831
12840912;94.810196
12842947;94.909615
12844932;95.008102
12846930;95.105652
12848928;95.202271
12850924;95.297935
12852949;95.392670
12854908;95.486458
12856911;95.579300
12858905;95.671204
12860907;95.762169
12862945;95.852180
12864911;95.941254
12866910;96.029373
12868906;96.116547
12870912;96.202766
12872913;96.288040
12874947;96.372368
12876930;96.455742
12878932;96.538162
12880926;96.619637
12882928;96.700150
12884949;96.779709
12886920;96.858315
12888909;96.935966
12890908;97.012665
12892911;97.088394
12894910;97.163177
12896953;97.236992
12898935;97.309853
12900927;97.381752
12902927;97.452690
12904928;97.487793
12906948;97.591682
12908914;97.659721
12910910;97.726814
12912908;97.792938
12914910;97.858086
12916967;97.922287
12918948;97.985504
12920930;98.047760
12922932;98.109055
12924929;98.169373
12926934;98.228722
12928938;98.287109
12930912;98.344521
12932908;98.400963
12934911;98.456436
12936910;98.510933
12938969;98.564461
12940948;98.617020
12942937;98.668602
12944931;98.719200
12946931;98.768837
12948928;98.817490
12950950;98.865173
12952913;98.911880
12954912;98.957611
12956910;99.002365
12958912;99.046143
12960913;99.088943
12962951;99.130760
12964924;99.171608
12966933;99.211472
12968930;99.250359
12970929;99.288261
12972949;99.325188
12974927;99.361130
12976936;99.396095
12978926;99.430077
12980925;99.463081
12982949;99.495102
12984911;99.526146
12986908;99.556198
12988913;99.585274
12990908;99.613365
12992909;99.640472
12994947;99.666595
12996945;99.691734
12998933;99.715889
13000932;99.739059
13002928;99.761253
13004944;99.782455
13006914;99.802673
13008907;99.821907
13010905;99.840149
13012908;99.857422
13014911;99.873695
13016948;99.888985
13018932;99.903290
13020929;99.916611
13022924;99.928947
13024926;99.940292
13026948;99.950653
13028913;99.960030
13030908;99.968422
13032911;99.975815
13034910;99.982239
13036942;99.987663
13038908;99.992104
13040914;99.995560
13042915;99.998024
13044909;99.999504
13046907;100.000000
13048948;99.999504
13050931;99.998024
13052932;99.995560
13054926;99.993958
13056928;99.987663
13058949;99.982239
13060912;99.975815
13062906;99.968422
13064912;99.960030
13066910;99.950661
13068962;99.940292
13070941;99.928947
13072928;99.916611
13074930;99.903290
13076928;99.888985
13078928;99.873695
13080942;99.857422
13082913;99.840157
13084909;99.821907
13086911;99.802673
13088913;99.782455
13091034;99.761253
13092936;99.739059
13094932;99.715889
13096926;99.691734
13098929;99.666595
13100921;99.640472
13102948;99.613365
13104927;99.585274
13106929;99.556198
13108928;99.526146
13110925;99.495102
13112947;99.463081
13114909;99.430077
13116911;99.396095
13118909;99.361130
13120905;99.325188
13122908;99.288261
13124944;99.250359
13126934;99.211472
13128931;99.171608
13130927;99.130768
13132931;99.088943
13134946;99.046150
13136910;99.002365
13138906;98.957619
13140902;98.911888
13142909;98.865173
13144910;98.817497
13146946;98.768837
13148911;98.719200
13150909;98.668602
13152911;98.617020
13154909;98.564461
13156968;98.510933
13158941;98.456436
13160932;98.400970
13162930;98.344521
13164926;98.287109
13166925;98.228729
13168945;98.169380
13170903;98.109055
13172904;98.047768
13174908;97.985512
13176911;97.922287
13178905;97.858093
13180951;97.792938
13182933;97.726814
13184930;97.659729
13186931;97.591682
13188926;97.522667
13190945;97.452690
13192911;97.381760
13194903;97.309860
13196911;97.237000
13198910;97.163185
13200967;97.088402
13202943;97.012665
13204929;96.974442
13206929;96.858322
13208927;96.779716
13210933;96.700157
13212943;96.619637
13214911;96.538170
13216911;96.455750
13218908;96.372375
13220912;96.288048
13222910;96.202774
13224947;96.116547
13226932;96.029373
13228932;95.941254
13230930;95.852188
13232929;95.762169
13234946;95.671211
13236912;95.579308
13238911;95.486458
13240909;95.392670
13242905;95.297935
13244909;95.202271
13246952;95.105659
13248939;95.008110
13250926;94.909622
13252927;94.810196
13254924;94.709839
13256944;94.608536
13258912;94.506317
13260914;94.403152
13262912;94.299057
13264905;94.194038
13266918;94.088081
13268948;93.981201
13270928;93.873390
13272929;93.764648
13274930;93.654999
13276934;93.544411
13278948;93.432907
13280908;93.320465
13282904;93.207123
13284911;93.092850
13286915;92.977646
13288906;92.861542
13290948;92.744514
13292929;92.626579
13294925;92.507729
13296929;92.387955
13298929;92.267273
13300952;92.145691
13302911;92.023193
13304905;91.961601
13306901;91.775475
13308910;91.650246
13310911;91.524117
13312945;91.397095
13314936;91.269157
13316931;91.140327
13318924;91.010597
13320931;90.879974
13322947;90.748444
13324915;90.616020
13326909;90.482712
13328910;90.348503
13330911;90.213394
13332908;90.077415
13334946;89.940529
13336934;89.802765
13338926;89.664108
13340927;89.524567
13342928;89.384140
13344946;89.242844
13346915;89.100662
13348909;88.957588
13350903;88.813644
13352906;88.668823
13355037;88.523125
13356935;88.376564
13358933;88.229126
13360932;88.080811
13362926;87.931625
13364927;87.781578
13366945;87.630661
13368933;87.478897
13370924;87.326256
13372927;87.172745
13374930;87.018379
13376944;86.863152
13378914;86.707069
13380908;86.550140
13382915;86.392349
13384912;86.233696
13386914;86.074203
13388948;85.913857
13390930;85.752663
13392927;85.590630
13394929;85.427750
13396931;85.264015
13398948;85.099449
13400913;84.934029
13402910;84.767799
13404912;84.600708
13406909;84.432793
13408905;84.264038
13410941;84.094452
13412914;83.924034
13414911;83.752808
13416906;83.580734
13418901;83.407845
13420963;83.234116
13422946;83.059601
13424933;82.884232
13426933;82.708069
13428930;82.531075
13430924;82.353271
13432953;82.174644
13434915;81.995216
13436909;81.814972
13438905;81.633934
13440911;81.452087
13442949;81.269424
13444909;81.085960
13446907;80.901703
13448907;80.716637
13450911;80.530800
13452911;80.344147
13454947;80.156700
13456935;79.968468
13458928;79.779449
13460927;79.589630
13462924;79.399048
13464943;79.207664
13466915;79.015503
13468913;78.822556
13470910;78.628838
13472908;78.434341
13474964;78.239082
13476948;78.043053
13478928;77.846237
13480924;77.648666
13482930;77.450310
13484932;77.251205
13486949;77.051338
13488906;76.850708
13490908;76.649315
13492904;76.447166
13494907;76.244263
13496917;76.040604
13498949;75.836205
13500929;75.631050
13502925;75.425148
13504926;75.321922
13506931;75.011108
13508945;74.802986
13510907;74.594131
13512911;74.384521
13514907;74.174179
13516904;73.963112
13518909;73.751305
13520948;73.538780
13522932;73.325546
13524926;73.111565
13526933;72.896866
13528927;72.681442
13530942;72.465324
13532913;72.248474
13534906;72.030922
13536911;71.812645
13538903;71.593658
13541036;71.373962
13542936;71.153572
13544930;70.932480
13546933;70.710686
13548931;70.488205
13550926;70.265007
13552949;70.041122
13554912;69.928932
13556907;69.591293
13558912;69.365349
13560911;69.138702
13562947;68.911385
13564913;68.683395
13566914;68.454712
13568906;68.225380
13570910;67.995354
13572911;67.764648
13574945;67.533287
13576930;67.301247
13578931;67.068550
13580929;66.835213
13582930;66.601196
13585046;66.366539
13586933;66.131203
13588929;65.895226
13590928;65.658585
13592925;65.421318
13594929;65.183395
13596948;64.944824
13598918;64.705612
13600913;64.465759
13602908;64.225273
13604909;63.984169
13606948;63.742416
13608910;63.500034
13610910;63.257027
13612902;63.013393
13614908;62.769138
13616907;62.524284
13618949;62.278790
13620935;62.032688
13622928;61.785965
13624928;61.538635
13626932;61.290707
13628950;61.042183
13630906;60.793037
13632906;60.543293
13634907;60.292953
13636912;60.042034
13638962;59.790508
13640947;59.538414
13642928;59.285706
13644932;59.032417
13646932;58.778542
13648925;58.524086
13650944;58.269054
13652911;58.013470
13654910;57.885437
13656911;57.500542
13658909;57.243221
13660961;56.985344
13662945;56.726898
13664930;56.467915
13666932;56.208355
13668927;55.948238
13670927;55.687569
13672944;55.426353
13674915;55.164589
13676912;54.902298
13678906;54.639446
13680912;54.376053
13682947;54.112125
13684919;53.847664
13686915;53.582676
13688910;53.317173
13690905;53.051144
13692907;52.784573
13694947;52.517479
13696930;52.249874
13698930;51.981766
13700925;51.713127
13702928;51.443977
13704943;51.174320
13706916;50.904156
13708909;50.633492
13710909;50.362350
13712907;50.090683
13714910;49.818527
13716948;49.545879
13718934;49.272743
13720929;48.999119
13722928;48.725033
13724928;48.450447
13726949;48.175381
13728912;47.899837
13730915;47.623821
13732906;47.347336
13734913;47.070408
13736916;46.792992
13738948;46.515114
13740934;46.236778
13742930;45.957981
13744932;45.678757
13746931;45.399082
13748942;45.118935
13750914;44.838341
13752914;44.557308
13754909;44.275837
13756911;43.993927
13758909;43.711601
13760947;43.428825
13762932;43.145622
13764925;42.861992
13766933;42.577938
13768931;42.293461
13770953;42.008595
13772912;41.723286
13774906;41.437569
13776914;41.151443
13778912;40.864910
13780904;40.577976
13782953;40.290661
13784933;40.002926
13786934;39.714794
13788931;39.426277
13790928;39.137363
13792950;38.848068
13794912;38.558411
13796907;38.268349
13798907;37.977936
13800912;37.687119
13802911;37.395935
13804951;37.250214
13806935;36.812485
13808931;36.520203
13810929;36.227558
13812926;35.934555
13814948;35.641201
13816910;35.347488
13818906;35.053455
13820907;34.759052
13822910;34.464306
13824951;34.169220
13826909;33.873795
13828908;33.578037
13830910;33.281975
13832901;32.985558
13834910;32.688812
13836950;32.391747
13838932;32.094360
13840927;31.796658
13842929;31.498665
13844924;31.200336
13846946;30.901703
13848910;30.602762
13850911;30.303522
13852910;30.004025
13854905;29.704189
13856912;29.404058
13858947;29.103638
13860927;28.802931
13862926;28.501940
13864927;28.200689
13866932;27.899137
13868948;27.597309
13870910;27.295212
13872912;26.992840
13874906;26.690207
13876916;26.387331
13878908;26.084169
13880949;25.780756
13882932;25.477085
13884930;25.173161
13886927;24.868990
13888928;24.564596
13890947;24.259939
13892912;23.955040
13894910;23.649906
13896911;23.344538
13898908;23.038939
13900910;22.733135
13902944;22.427086
13904930;22.120813
13906927;21.814348
13908924;21.507641
13910927;21.200726
13912942;20.893621
13914916;20.586288
13916915;20.278751
13918911;19.971016
13920907;19.663082
13922965;19.354956
13924948;19.046659
13926934;18.738153
13928928;18.429462
13930925;18.120588
13932931;17.811537
13934945;17.502310
13936938;17.192932
13938930;16.883362
13940929;16.573624
13942931;16.263723
13944948;15.953663
13946910;15.643445
13948912;15.333096
13950906;15.022570
13952900;14.711897
13954958;14.556519
13956946;14.090120
13958932;13.779022
13960927;13.467834
13962931;13.156466
13964929;12.844968
13966947;12.533342
13968911;12.221595
13970908;11.909726
13972916;11.597764
13974909;11.285663
13976950;10.973451
13978916;10.661130
13980914;10.348703
13982909;10.036177
13984911;9.723573
13986912;9.410850
13988948;9.098034
13990929;8.785129
13992930;8.472136
13994929;8.159060
13996929;7.845928
13998944;7.532693
14000908;7.219385
14002908;6.906006
14004912;6.592558
14006906;6.279069
14008911;5.965495
14010951;5.651861
14012930;5.338172
14014928;5.024454
14016934;4.710662
14018926;4.396848
14020939;4.082967
14022916;3.769045
14024907;3.455086
14026900;3.141093
14028907;2.827068
14031027;2.513040
14032933;2.198963
14034923;1.884865
14036928;1.570747
14038927;1.256615
14040929;0.942470
14042946;0.628339
14044914;0.314179
14046915;0.000015
14048912;-0.314149
14050908;-0.628309
14052965;-0.942463
14054947;-1.099525
14056931;-1.570717
14058930;-1.884835
14060931;-2.198933
14062929;-2.513010
14064949;-2.827062
14066936;-3.141062
14068930;-3.455031
14070929;-3.768990
14072927;-4.082912
14074940;-4.396794
14076912;-4.710632
14078911;-4.867522
14080915;-5.338142
14082910;-5.651831
14084905;-5.965465
14086950;-6.279039
14088931;-6.592552
14090929;-6.905976
14092929;-7.219356
14094930;-7.532664
14096945;-7.845898
14098916;-8.159054
14100908;-8.472131
14102909;-8.785099
14104913;-8.941574
14106910;-9.410820
14108946;-9.723543
14110934;-10.036171
14112930;-10.348699
14114927;-10.661099
14116938;-10.973421
14118941;-11.285633
14120910;-11.597733
14122906;-11.909697
14124909;-12.221565
14126911;-12.533291
14128909;-12.844914
14130950;-13.156412
14132932;-13.467780
14134927;-13.779016
14136932;-14.090115
14138929;-14.401050
14140945;-14.711868
14142913;-15.022542
14144905;-15.333065
14146905;-15.643438
14148910;-15.953633
14151031;-16.263695
14152934;-16.573595
14154927;-16.883331
14156933;-17.192902
14158928;-17.502304
14160932;-17.811506
14162938;-18.120560
14164911;-18.429432
14166912;-18.738123
14168906;-19.046631
14170913;-19.354950
14172950;-19.663054
14174904;-19.970985
14176906;-20.278700
14178903;-20.586235
14180907;-20.893570
14182906;-21.200695
14184944;-21.507589
14186915;-21.814295
14188910;-22.120785
14190914;-22.427057
14192907;-22.733107
14194950;-23.038933
14196917;-23.344507
14198908;-23.649876
14200907;-23.955011
14202908;-24.259909
14204908;-24.564569
14206950;-24.868984
14208936;-25.173134
14210928;-25.477055
14212929;-25.780725
14214928;-26.084143
14216949;-26.387300
14218912;-26.690201
14220912;-26.992813
14222907;-27.295181
14224915;-27.597281
14226912;-27.899107
14228950;-28.200659
14230934;-28.501909
14232931;-28.802877
14234927;-29.103586
14236930;-29.404009
14238953;-29.704138
14240915;-30.003973
14242910;-30.303516
14244911;-30.602736
14246907;-30.901674
14248911;-31.200310
14250945;-31.498638
14252934;-31.796652
14254929;-31.945532
14256933;-32.391720
14258925;-32.688786
14260941;-32.985527
14262911;-33.281944
14264909;-33.578033
14266910;-33.873791
14268904;-34.169189
14270962;-34.464279
14272943;-34.759026
14274937;-35.053425
14276932;-35.347485
14278928;-35.641193
14280926;-35.934525
14282953;-36.227528
14284912;-36.520149
14286903;-36.812435
14288908;-37.104355
14290907;-37.395885
14292967;-37.687073
14294948;-37.977882
14296931;-38.268322
14298927;-38.558380
14300927;-38.848064
14302928;-39.137337
14304936;-39.281853
14306910;-39.714767
14308905;-40.002899
14310908;-40.290634
14312909;-40.577969
14314910;-40.864883
14316950;-41.151417
14318932;-41.437542
14320929;-41.723259
14322924;-42.008568
14324927;-42.293461
14326949;-42.577911
14328912;-42.861965
14330907;-43.145596
14332910;-43.428799
14334908;-43.711575
14336945;-43.993919
14338916;-44.275787
14340907;-44.557262
14342909;-44.838295
14344907;-45.118885
14346909;-45.399033
14348949;-45.678730
14350931;-45.957954
14352931;-46.236752
14354931;-46.515087
14356928;-46.792965
14358951;-47.070381
14360912;-47.347332
14362908;-47.623795
14364907;-47.899811
14366911;-48.175350
14368966;-48.450413
14370945;-48.725002
14372931;-48.999111
14374926;-49.272713
14376930;-49.545849
14378925;-49.818497
14380948;-50.090652
14382907;-50.362312
14384907;-50.633476
14386914;-50.904125
14388908;-51.174290
14390943;-51.443947
14392912;-51.713074
14394907;-51.981712
14396912;-52.249836
14398906;-52.517433
14400914;-52.784519
14402948;-53.051098
14404934;-53.184174
14406933;-53.582661
14408930;-53.847660
14410926;-54.112095
14412950;-54.376022
14414909;-54.639416
14416909;-54.902267
14418910;-55.164574
14420906;-55.426342
14422914;-55.687542
14424953;-55.948212
14426940;-56.208324
14428929;-56.467884
14430929;-56.726891
14432925;-56.985329
14434949;-57.243191
14436916;-57.500511
14438910;-57.757259
14440910;-58.013439
14442914;-58.269047
14444907;-58.524078
14446949;-58.778496
14448927;-59.032368
14450931;-59.285660
14452927;-59.538364
14454931;-59.790482
14456945;-60.041992
14458911;-60.292923
14460908;-60.543270
14462907;-60.793011
14464906;-61.042152
14466908;-61.290695
14468950;-61.538612
14470928;-61.785934
14472927;-62.032658
14474930;-62.278767
14476929;-62.524254
14478950;-62.769127
14480908;-63.013363
14482911;-63.256996
14484900;-63.500004
14486913;-63.742386
14488905;-63.984142
14490948;-64.225266
14492931;-64.465729
14494931;-64.705582
14496932;-64.944801
14498928;-65.183365
14500951;-65.421280
14502910;-65.658554
14504907;-65.895172
14506911;-66.131157
14508909;-66.366493
14510908;-66.601166
14512950;-66.835190
14514936;-67.068550
14516934;-67.301224
14518930;-67.533264
14520929;-67.764626
14522945;-67.995323
14524912;-68.225349
14526910;-68.454704
14528910;-68.683365
14530907;-68.911362
14532964;-69.138680
14534947;-69.365326
14536939;-69.591270
14538926;-69.816536
14540928;-70.041100
14542927;-70.264984
14544947;-70.488174
14546916;-70.710670
14548905;-70.932472
14550912;-71.153572
14552913;-71.373947
14555046;-71.483871
14556938;-71.812607
14558931;-72.030884
14560932;-72.248444
14562932;-72.465302
14564928;-72.681419
14566948;-72.896843
14568911;-73.111549
14570907;-73.325523
14572910;-73.538780
14574910;-73.751305
14576950;-73.963097
14578911;-74.174164
14580907;-74.384499
14582906;-74.594101
14584909;-74.802979
14586913;-75.011101
14588947;-75.218483
14590926;-75.425125
14592927;-75.631035
14594928;-75.836189
14596924;-76.040581
14598946;-76.244255
14600916;-76.447144
14602911;-76.649307
14604905;-76.850685
14606904;-77.051308
14608913;-77.251175
14610945;-77.450302
14612911;-77.648628
14614910;-77.846230
14616915;-78.043022
14618909;-78.239052
14620947;-78.434334
14622911;-78.628822
14624913;-78.822556
14626906;-79.015488
14628913;-79.207634
14630907;-79.399033
14632946;-79.589615
14634933;-79.779442
14636932;-79.968452
14638926;-80.156693
14640924;-80.344131
14642945;-80.530762
14644908;-80.716637
14646903;-80.901680
14648907;-81.085953
14650907;-81.269409
14652909;-81.452049
14654944;-81.633919
14656937;-81.814957
14658928;-81.995216
14660925;-82.174629
14662930;-82.353264
14664946;-82.531059
14666911;-82.708046
14668912;-82.884232
14670912;-83.059578
14672919;-83.234131
14675054;-83.407837
14676939;-83.580719
14678930;-83.752808
14680927;-83.924034
14682929;-84.094467
14684926;-84.264030
14686945;-84.432808
14688928;-84.600685
14690927;-84.767761
14692923;-84.934021
14694927;-85.099419
14696948;-85.264000
14698918;-85.427719
14700921;-85.590591
14702908;-85.752647
14704907;-85.833344
14706911;-86.074188
14708950;-86.233673
14710934;-86.392334
14712926;-86.550117
14714926;-86.707047
14716934;-86.863136
14718952;-87.018356
14720910;-87.172737
14722908;-87.326225
14724910;-87.478867
14726912;-87.630653
14728907;-87.781563
14730948;-87.931618
14732931;-88.080795
14734933;-88.229118
14736930;-88.376549
14738928;-88.523109
14740946;-88.668816
14742932;-88.813629
14744930;-88.957581
14746935;-89.100639
14748923;-89.242813
14751074;-89.384140
14752935;-89.524551
14754930;-89.664101
14756932;-89.802750
14758926;-89.940506
14760926;-90.077400
14762946;-90.213379
14764931;-90.348495
14766934;-90.482697
14768929;-90.616020
14770927;-90.748444
14772946;-90.879959
14774907;-91.010597
14776911;-91.140320
14778908;-91.269165
14780906;-91.397079
14782905;-91.524109
14784946;-91.650238
14786934;-91.775452
14788929;-91.899780
14790929;-92.023178
14792930;-92.145691
14794976;-92.267273
14796946;-92.387924
14798935;-92.507706
14800936;-92.626556
14802934;-92.744507
14804929;-92.803131
14806947;-92.977623
14808929;-93.092827
14810930;-93.207092
14812933;-93.320450
14814928;-93.432877
14817060;-93.544403
14818939;-93.654976
14820933;-93.764633
14822926;-93.873383
14824931;-93.981186
14826934;-94.088074
14828944;-94.194016
14830912;-94.299034
14832907;-94.403145
14834905;-94.506294
14836908;-94.608536
14838909;-94.709824
14840951;-94.810196
14842927;-94.909607
14844931;-95.008095
14846930;-95.105652
14848934;-95.202255
14850947;-95.297935
14852910;-95.392662
14854914;-95.439674
14856904;-95.579300
14858906;-95.671204
14860907;-95.762169
14862952;-95.852180
14864932;-95.941254
14866933;-96.029373
14868924;-96.116539
14870928;-96.202766
14872945;-96.288040
14874912;-96.372375
14876913;-96.455742
14878912;-96.538162
14880909;-96.619637
14882915;-96.700150
14884946;-96.779716
14886935;-96.858315
14888929;-96.935974
14890929;-97.012665
14892926;-97.088394
14894944;-97.163177
14896907;-97.236992
14898912;-97.309860
14900907;-97.381752
14902907;-97.452690
14904908;-97.522659
14906949;-97.591667
14908910;-97.659721
14910907;-97.726807
14912913;-97.792923
14914907;-97.858086
14916947;-97.922272
14918919;-97.985497
14920910;-98.047760
14922911;-98.109047
14924909;-98.169365
14926911;-98.228714
14928952;-98.287109
14930938;-98.344513
14932930;-98.400963
14934926;-98.456429
14936930;-98.510925
14938953;-98.564461
14940913;-98.617012
14942910;-98.668594
14944911;-98.719200
14946907;-98.768837
14948905;-98.817490
14950947;-98.865166
14952928;-98.911880
14954936;-98.957611
14956934;-99.002365
14958926;-99.046143
14960947;-99.088936
14962907;-99.130760
14964908;-99.171600
14966910;-99.211472
14968911;-99.250351
14970913;-99.288261
14972946;-99.325188
14974933;-99.361130
14976934;-99.396095
14978930;-99.430077
14980930;-99.463081
14982947;-99.495102
14984911;-99.526138
14986907;-99.556198
14988903;-99.585274
14990905;-99.613365
14992908;-99.640472
14994951;-99.666595
14996940;-99.691734
14998929;-99.715889
15000925;-99.739059
15002928;-99.761246
15004949;-99.782455
15006917;-99.802673
15008913;-99.821907
15010905;-99.840157
15012908;-99.857414
15014959;-99.873695
15016945;-99.888985
15018931;-99.903290
15020925;-99.916611
15022924;-99.928947
15024930;-99.940292
15026942;-99.950653
15028908;-99.960030
15030908;-99.968414
15032905;-99.975815
15034904;-99.982231
15036951;-99.987663
15038907;-99.992104
15040915;-99.995560
15042908;-99.998024
15044908;-99.999504
15046914;-100.000000
15048951;-99.999504
15050930;-99.998024
15052930;-99.995560
15054927;-99.993958
15056938;-99.987663
15058949;-99.982239
15060908;-99.975815
15062912;-99.968422
15064907;-99.960030
15066906;-99.950661
15068911;-99.940292
15070946;-99.928955
15072929;-99.916611
15074931;-99.903297
15076933;-99.888985
15078933;-99.873695
15080951;-99.873695
15082920;-99.840157
15084915;-99.821907
15086905;-99.802673
15088906;-99.782455
15090908;-99.761253
15092951;-99.739059
15094931;-99.715897
15096934;-99.691734
15098930;-99.666595
15100929;-99.640472
15102950;-99.613365
15104914;-99.585274
15106911;-99.556198
15108906;-99.526146
15110911;-99.495102
15112908;-99.463081
15114949;-99.430084
15116935;-99.396095
15118926;-99.361130
15120928;-99.325195
15122929;-99.288269
15124950;-99.250359
15126917;-99.211479
15128907;-99.171616
15130911;-99.130768
15132908;-99.088951
15134963;-99.046150
15136947;-99.002373
15138932;-98.957619
15140930;-98.911888
15142932;-98.865181
15144930;-98.817497
15146946;-98.768845
15148915;-98.719200
15150913;-98.668602
15152914;-98.617020
15154909;-98.590866
15156949;-98.510941
15158920;-98.456436
15160911;-98.400970
15162905;-98.344528
15164909;-98.287109
15166906;-98.228737
15168943;-98.169373
15170911;-98.109062
15172904;-98.047760
15174912;-97.985512
15176914;-97.922287
15179045;-97.858093
15180943;-97.792938
15182929;-97.726814
15184928;-97.659729
15186940;-97.591690
15188927;-97.522667
15190944;-97.452698
15192912;-97.381752
15194911;-97.309860
15196911;-97.236992
15198907;-97.163177
15200963;-97.088402
15202948;-97.012665
15204934;-96.935974
15206933;-96.858315
15208932;-96.779716
15210930;-96.700165
15212942;-96.619637
15214910;-96.538177
15216911;-96.455742
15218907;-96.372375
15220909;-96.288055
15222913;-96.202766
15224945;-96.116547
15226929;-96.029381
15228930;-95.941261
15230931;-95.852188
15232931;-95.762184
15234941;-95.671227
15236916;-95.579315
15238908;-95.486473
15240913;-95.392677
15242908;-95.297951
15245045;-95.202286
15246934;-95.105667
15248928;-95.008125
15250927;-94.909630
15252930;-94.810204
15254932;-94.709839
15256946;-94.608551
15258930;-94.506332
15260929;-94.403160
15262929;-94.299072
15264928;-94.194038
15266950;-94.088089
15268914;-93.981209
15270911;-93.873390
15272910;-93.764671
15274914;-93.654999
15276907;-93.544418
15278949;-93.432899
15280931;-93.320473
15282932;-93.207130
15284929;-93.092850
15286934;-92.977661
15288949;-92.861542
15290907;-92.744522
15292910;-92.626587
15294912;-92.507729
15296913;-92.387970
15298909;-92.267273
15300946;-92.145691
15302936;-92.023178
15304927;-91.961601
15306934;-91.775475
15308928;-91.650238
15310948;-91.524124
15312906;-91.397079
15314905;-91.269165
15316906;-91.140343
15318905;-91.010597
15320907;-90.879974
15322946;-90.748444
15324930;-90.616020
15326932;-90.482697
15328932;-90.348495
15330927;-90.213409
15332952;-90.077400
15334914;-89.940552
15336910;-89.802773
15338907;-89.664124
15340908;-89.524590
15342906;-89.384155
15344950;-89.242867
15346936;-89.100662
15348926;-88.957611
15350925;-88.813675
15352923;-88.668839
15354950;-88.523155
15356915;-88.376579
15358909;-88.229141
15360904;-88.080818
15362908;-87.931648
15364950;-87.781609
15366911;-87.630676
15368917;-87.478905
15370911;-87.326256
15372913;-87.172760
15374907;-87.018402
15376951;-86.863159
15378934;-86.707092
15380926;-86.550140
15382927;-86.392357
15384926;-86.233696
15386947;-86.074211
15388923;-85.913879
15390915;-85.752670
15392916;-85.590645
15394905;-85.427742
15396908;-85.264030
15398949;-85.099472
15400931;-84.934044
15402924;-84.767807
15404927;-84.600708
15406933;-84.432808
15408951;-84.264030
15410909;-84.094467
15412906;-83.924065
15414909;-83.752808
15416915;-83.580742
15418907;-83.407837
15420949;-83.234131
15422930;-83.059608
15424926;-82.884232
15426930;-82.708069
15428931;-82.531059
15430941;-82.353264
15432907;-82.174629
15434911;-81.995216
15436913;-81.814980
15438908;-81.633919
15441042;-81.452080
15442935;-81.269432
15444924;-81.085983
15446929;-80.901741
15448929;-80.716667
15450926;-80.530823
15452949;-80.344162
15454931;-80.250534
15456937;-79.968475
15458930;-79.779472
15460927;-79.589668
15462946;-79.399063
15464913;-79.207695
15466909;-79.015518
15468910;-78.822586
15470909;-78.628883
15472906;-78.434364
15474951;-78.239113
15476934;-78.043053
15478925;-77.846252
15480925;-77.648659
15482931;-77.450325
15484944;-77.251228
15486921;-77.051338
15488910;-76.850716
15490906;-76.649307
15492916;-76.447174
15494906;-76.244286
15496950;-76.040611
15498933;-75.836220
15500931;-75.631042
15502927;-75.425163
15504929;-75.218521
15506947;-75.011124
15508907;-74.803009
15510910;-74.594131
15512916;-74.384537
15514912;-74.174179
15516969;-73.963127
15518951;-73.751343
15520929;-73.538795
15522931;-73.325554
15524927;-73.111557
15526936;-72.896873
15528945;-72.681473
15530909;-72.465317
15532915;-72.248482
15534906;-72.030899
15536911;-71.812645
15538946;-71.593643
15540912;-71.373962
15542908;-71.153580
15544908;-70.932472
15546904;-70.710686
15548910;-70.488174
15550946;-70.265030
15552933;-70.041168
15554926;-69.928940
15556930;-69.591324
15558924;-69.365349
15560959;-69.138733
15562937;-68.911400
15564929;-68.683418
15566931;-68.454758
15568932;-68.225388
15570931;-67.995377
15572947;-67.764664
15574909;-67.533310
15576909;-67.301300
15578904;-67.068581
15580911;-66.835243
15582960;-66.601204
15584945;-66.366539
15586936;-66.131195
15588930;-65.895233
15590925;-65.658607
15592930;-65.421310
15594940;-65.183403
15596913;-64.944817
15598914;-64.705620
15600915;-64.465782
15602911;-64.225281
15604961;-63.984180
15606948;-63.742405
15608929;-63.500046
15610928;-63.257015
15612928;-63.013405
15614929;-62.769161
15616939;-62.524269
15618913;-62.278801
15620907;-62.032677
15622908;-61.785976
15624907;-61.538666
15626948;-61.290710
15628911;-61.042191
15630915;-60.793030
15632914;-60.543304
15634906;-60.292946
15636905;-60.042030
15638942;-59.790524
15640932;-59.538383
15642929;-59.285694
15644929;-59.032387
15646933;-58.778530
15648951;-58.524097
15650917;-58.269047
15652914;-58.013458
15654912;-57.757259
15656910;-57.500530
15658912;-57.243275
15660949;-56.985371
15662933;-56.726944
15664930;-56.467926
15666931;-56.208385
15668930;-55.948246
15670950;-55.687599
15672909;-55.426399
15674915;-55.164616
15676903;-54.902328
15678907;-54.639454
15680908;-54.376083
15682947;-54.112179
15684933;-53.847694
15686928;-53.582722
15688931;-53.317184
15690926;-53.051155
15692947;-52.784561
15694909;-52.517490
15696915;-52.249901
15698908;-51.981754
15700907;-51.713135
15702903;-51.443966
15704948;-51.174332
15706936;-50.904186
15708931;-50.633503
15710926;-50.362354
15712923;-50.090675
15714947;-49.818539
15716915;-49.545868
15718912;-49.272751
15720912;-48.999153
15722904;-48.725025
15724908;-48.450455
15726952;-48.175369
15728935;-47.899849
15730929;-47.623856
15732934;-47.347351
15734928;-47.070419
15736957;-46.792984
15738917;-46.515125
15740911;-46.236767
15742910;-45.957993
15744915;-45.678772
15746914;-45.399052
15748949;-45.118927
15750935;-44.838314
15752926;-44.557304
15754921;-44.416630
15756931;-43.993916
15758952;-43.711594
15760912;-43.428795
15762918;-43.145615
15764911;-42.861961
15766912;-42.577972
15768948;-42.293518
15770918;-42.008610
15772908;-41.723324
15774909;-41.437584
15776910;-41.151478
15778907;-40.864967
15780946;-40.578011
15782932;-40.290695
15784926;-40.002937
15786931;-39.714832
15788926;-39.426334
15790947;-39.137398
15792911;-38.848125
15794908;-38.558422
15796910;-38.268383
15798906;-37.977924
15800909;-37.687134
15802942;-37.395973
15804927;-37.250210
15806933;-36.812496
15808928;-36.520191
15810929;-36.227570
15812951;-35.934593
15814906;-35.641212
15816909;-35.347527
15818903;-35.053448
15820910;-34.759064
15822907;-34.464298
15824947;-34.169235
15826938;-33.873833
15828930;-33.578053
15830929;-33.281986
15832930;-32.985546
15834943;-32.688828
15836914;-32.391785
15838904;-32.094376
15840905;-31.796694
15842909;-31.498655
15844906;-31.200352
15846952;-30.901695
15848933;-30.602777
15850925;-30.303558
15852931;-30.003994
15854930;-29.704180
15856953;-29.404026
15858911;-29.103630
15860909;-28.802944
15862910;-28.501930
15864905;-28.200680
15866909;-27.899105
15868943;-27.597300
15870930;-27.295177
15872929;-26.992834
15874931;-26.690266
15876929;-26.387346
15878944;-26.084209
15880913;-25.780769
15882918;-25.477119
15884912;-25.173223
15886911;-24.869028
15889051;-24.564634
15890940;-24.259953
15892935;-23.955076
15894933;-23.649920
15896932;-23.344574
15898934;-23.039000
15900947;-22.733150
15902930;-22.427124
15904927;-22.274027
15906929;-21.814363
15908929;-21.507681
15911044;-21.200739
15912936;-20.893637
15914926;-20.586279
15916929;-20.278767
15918931;-19.971006
15920926;-19.663097
15922948;-19.354994
15924934;-19.046650
15926929;-18.738169
15928926;-18.429453
15930924;-18.120604
15932948;-17.811575
15934914;-17.502325
15936913;-17.192945
15938908;-16.883352
15940903;-16.573639
15942908;-16.263714
15944945;-15.953678
15946937;-15.643482
15948933;-15.333086
15950926;-15.022585
15952931;-14.711889
15954950;-14.401094
15956910;-14.090158
15958909;-13.779036
15960906;-13.467825
15962909;-13.156433
15964911;-12.844959
15966947;-12.533358
15968937;-12.221586
15970931;-11.909742
15972929;-11.597732
15974927;-11.285654
15976948;-10.973418
15978909;-10.661121
15980912;-10.348720
15982910;-10.036215
15984911;-9.723612
15986967;-9.410866
15988947;-9.098074
15990932;-8.785192
15992932;-8.472176
15994927;-8.159123
15996929;-7.845943
15998946;-7.532733
16000913;-7.219401
16002908;-6.906045
16004907;-6.592622
16006916;-6.279085
16008949;-5.965534
16010917;-5.651876
16012914;-5.338211
16014909;-5.024493
16016910;-4.710677
16018912;-4.396863
16020946;-4.082958
16022934;-3.769059
16024932;-3.455077
16026933;-3.141107
16028925;-2.827107
16030943;-2.513031
16032921;-2.198978
16034909;-1.884856
16036911;-1.570763
16038909;-1.256654
16040908;-0.942485
16042950;-0.628354
16044928;-0.314170
16046928;0.000000
16048926;0.314159
16050928;0.628314
16052943;0.942464
16054917;1.099535
16056906;1.570732
16058910;1.884844
16060909;2.198937
16062912;2.513010
16064951;2.827056
16066930;3.141076
16068931;3.455064
16070927;3.769018
16072925;4.082935
16074948;4.396812
16076912;4.710645
16078908;5.024432
16080908;5.181307
16082910;5.651853
16084908;5.965482
16086945;6.279051
16088931;6.592560
16090934;6.906002
16092923;7.219377
16094929;7.532680
16096949;7.845909
16098913;8.159060
16100907;8.472132
16102910;8.785120
16104908;9.098021
16106912;9.410830
16108948;9.723549
16110933;10.036171
16112930;10.348695
16114926;10.661115
16116930;10.973431
16118952;11.285637
16120907;11.597733
16122909;11.909716
16124908;12.221580
16126915;12.533322
16128910;12.844942
16130947;13.156436
16132929;13.467797
16134927;13.779028
16136929;14.090122
16138932;14.401078
16140943;14.711891
16142912;15.022558
16144909;15.333078
16146905;15.643446
16148905;15.953660
16150905;16.263714
16152950;16.573612
16154932;16.883343
16156931;17.192907
16158926;17.502306
16160926;17.811527
16162943;18.120577
16164909;18.429445
16166908;18.738131
16168911;19.046633
16170913;19.354946
16172911;19.663071
16174945;19.970997
16176934;20.278728
16178930;20.586262
16180935;20.893587
16182930;21.200710
16184948;21.507624
16186914;21.814323
16188905;22.120808
16190910;22.427074
16192909;22.733122
16194902;23.038942
16196955;23.344534
16198918;23.649900
16200916;23.955029
16202908;24.259922
16204911;24.412279
16206951;24.868988
16208916;25.173155
16210905;25.477072
16212906;25.780737
16214912;26.084152
16216909;26.387304
16218951;26.690197
16220935;26.992828
16222927;27.295193
16224927;27.597290
16226933;27.899107
16228946;28.200657
16230911;28.501928
16232904;28.802910
16234905;29.103617
16236914;29.404032
16238910;29.704157
16240948;30.003988
16242930;30.303526
16244927;30.602762
16246934;30.901697
16248924;31.200329
16250951;31.498650
16252912;31.796661
16254914;32.094360
16256910;32.391743
16258912;32.688801
16260905;32.985538
16262948;33.281952
16264929;33.578037
16266934;33.873787
16268927;34.169209
16270927;34.464294
16272946;34.759029
16274907;35.053429
16276912;35.347485
16278903;35.641186
16280911;35.934536
16282908;36.227535
16284946;36.520176
16286939;36.812454
16288926;37.104370
16290929;37.395920
16292930;37.687099
16294948;37.977905
16296913;38.268341
16298911;38.558399
16300904;38.848072
16302906;39.137363
16304909;39.281864
16306945;39.714787
16308934;40.002911
16310928;40.290646
16312931;40.577976
16314929;40.864906
16316950;41.151436
16318920;41.437557
16320913;41.723270
16322910;42.008572
16324913;42.293461
16326970;42.577927
16328926;42.861973
16330926;43.145603
16332928;43.428806
16334930;43.711575
16336929;43.993916
16338947;44.275822
16340926;44.557289
16342923;44.838318
16344930;45.118908
16346929;45.399048
16348949;45.678741
16350911;45.957985
16352907;46.236774
16354904;46.375996
16356908;46.792980
16358908;47.070389
16360951;47.347336
16362928;47.623817
16364927;47.899826
16366937;48.175365
16368928;48.450424
16370951;48.725014
16372912;48.999115
16374911;49.272736
16376914;49.545868
16378908;49.818508
16380912;50.090660
16382942;50.362320
16384907;50.633476
16386911;50.904137
16388910;51.174294
16390906;51.443951
16393058;51.713097
16394930;51.981728
16396932;52.249855
16398927;52.517464
16400927;52.784550
16402932;53.051121
16404950;53.317158
16406915;53.582676
16408904;53.847664
16410908;54.112125
16412909;54.376041
16415053;54.639435
16416942;54.902279
16418934;55.164581
16420929;55.426346
16422927;55.687557
16424926;55.948223
16426949;56.208336
16428931;56.467896
16430927;56.726891
16432925;56.985329
16434929;57.243210
16436948;57.500523
16438911;57.757271
16440908;58.013447
16442905;58.269047
16444907;58.524071
16446909;58.778526
16448945;59.032394
16450931;59.285683
16452932;59.538383
16454920;59.790497
16456929;60.042023
16458949;60.292953
16460911;60.543285
16462911;60.793026
16464909;61.042168
16466914;61.290707
16468906;61.538635
16470949;61.785961
16472930;62.032669
16474929;62.278770
16476930;62.524265
16478932;62.769135
16480944;63.013386
16482912;63.257015
16484913;63.500015
16486913;63.742393
16488904;63.984142
16490906;64.225266
16492949;64.465744
16494931;64.705597
16496932;64.944801
16498930;65.183365
16500924;65.421295
16502951;65.658569
16504909;65.776978
16506910;66.131187
16508906;66.366508
16510912;66.601189
16513043;66.835197
16514933;67.068550
16516931;67.301247
16518924;67.533279
16520929;67.764648
16522930;67.995331
16524951;68.225357
16526934;68.454704
16528929;68.683380
16530924;68.911377
16532928;69.138695
16534951;69.365326
16536915;69.591278
16538913;69.816536
16540910;70.041107
16542909;70.264992
16544904;70.488182
16546947;70.710678
16548930;70.932472
16550926;71.153572
16552923;71.373955
16554927;71.483887
16556951;71.812630
16558911;72.030899
16560908;72.248459
16562908;72.465309
16564912;72.681450
16566969;72.896866
16568948;73.111557
16570931;73.325539
16572925;73.538788
16574929;73.751320
16576931;73.963112
16578943;74.174179
16580909;74.384514
16582912;74.594116
16584914;74.802986
16586910;75.011108
16588909;75.218498
16590945;75.425140
16592931;75.631042
16594926;75.836197
16596934;76.040596
16598925;76.244255
16600948;76.447151
16602914;76.649300
16604910;76.850693
16606913;77.051323
16608910;77.251198
16610909;77.450302
16612945;77.648651
16614928;77.846230
16616937;78.043045
16618927;78.239082
16620927;78.434349
16622945;78.628838
16624916;78.822556
16626907;79.015503
16628907;79.207657
16630903;79.399040
16632908;79.589638
16634936;79.779442
16636914;79.968468
16638908;80.156693
16640907;80.344131
16642905;80.530785
16644952;80.716637
16646917;80.901695
16648907;81.085953
16650905;81.269417
16652909;81.452065
16654904;81.543091
16656952;81.814972
16658930;81.995209
16660927;82.174637
16662927;82.353249
16664926;82.531059
16666947;82.708054
16668908;82.884232
16670909;83.059586
16672906;83.234123
16674912;83.407837
16676911;83.580734
16678948;83.752800
16680929;83.924042
16682923;84.094452
16684927;84.264038
16686929;84.432785
16688950;84.600708
16690914;84.767792
16692911;84.934029
16694912;85.099449
16696914;85.264008
16698906;85.427734
16700945;85.590622
16702932;85.752663
16704934;85.913857
16706932;86.074203
16708929;86.233688
16710953;86.392334
16712912;86.550125
16714906;86.707062
16716903;86.863152
16718906;87.018372
16721049;87.172737
16722937;87.326241
16724932;87.478882
16726933;87.630669
16728928;87.781578
16730929;87.931625
16732950;88.080803
16734912;88.229111
16736912;88.376549
16738910;88.523125
16740910;88.668823
16742948;88.813637
16744916;88.957581
16746911;89.100647
16748907;89.242828
16750907;89.384140
16752913;89.524559
16754946;89.664093
16756930;89.802757
16758928;89.940521
16760930;90.077400
16762926;90.213387
16764950;90.348495
16766917;90.482697
16768905;90.616020
16770909;90.748444
16772907;90.879967
16774915;91.010597
16776950;91.140327
16778933;91.269150
16780928;91.397087
16782923;91.524117
16784925;91.650238
16786947;91.775467
16788910;91.899780
16790917;92.023178
16792913;92.145683
16794911;92.267273
16796920;92.387947
16798946;92.507721
16800927;92.626572
16802928;92.744514
16804924;92.803139
16806933;92.977646
16808953;93.092834
16810912;93.207108
16812906;93.320465
16814912;93.432892
16816906;93.544403
16819059;93.654991
16820935;93.764648
16822930;93.873383
16824929;93.981194
16826932;94.088074
16828930;94.194031
16830944;94.299057
16832931;94.403145
16834926;94.506310
16836935;94.608536
16838931;94.709831
16840953;94.810196
16842911;94.909615
16844909;95.008102
16846906;95.105652
16848909;95.202271
16850944;95.297935
16852914;95.392670
16854907;95.486458
16856912;95.579300
16858920;95.671204
16860912;95.762169
16862950;95.852180
16864932;95.941254
16866931;96.029373
16868927;96.116547
16870927;96.202766
16872950;96.288040
16874915;96.372368
16876908;96.455742
16878908;96.538162
16880904;96.619637
16882907;96.700150
16884945;96.779709
16886938;96.858315
16888928;96.935966
16890925;97.012665
16892926;97.088394
16894944;97.163177
16896913;97.236992
16898905;97.309853
16900913;97.381752
16902909;97.452690
16904906;97.522667
16906949;97.591682
16908932;97.659721
16910933;97.726814
16912928;97.792938
16914930;97.858086
16916951;97.922287
16918920;97.985504
16920912;98.047760
16922912;98.109055
16924915;98.169373
16926950;98.228722
16928910;98.287109
16930912;98.344521
16932912;98.400963
16934917;98.456436
16936916;98.510933
16938945;98.564461
16940934;98.617020
16942923;98.668602
16944927;98.719200
16946927;98.768837
16948946;98.817490
16950910;98.865173
16952912;98.911880
16954910;98.934868
16956909;99.002365
16958908;99.046143
16960949;99.088943
16962933;99.130760
16964927;99.171608
16966936;99.211472
16968930;99.250359
16970948;99.288261
16972913;99.325188
16974911;99.361130
16976908;99.396095
16978912;99.430077
16980948;99.463081
16982908;99.495102
16984911;99.526146
16986909;99.556198
16988912;99.585274
16990908;99.613365
16992948;99.640472
16994929;99.666595
16996925;99.691734
16998926;99.715889
17000927;99.739059
17002944;99.761253
17004914;99.782455
17006914;99.802673
17008910;99.821907
17010910;99.840149
17012913;99.857422
17014951;99.873695
17016938;99.888985
17018930;99.903290
17020925;99.916611
17022930;99.928947
17024943;99.940292
17026910;99.950653
17028911;99.960030
17030904;99.968422
17032905;99.975815
17034909;99.982239
17036949;99.987663
17038929;99.992104
17040924;99.995560
17042922;99.998024
17044926;99.999504
17046943;100.000000
17048913;99.999504
17050911;99.998024
17052911;99.995560
17054910;99.993958
17056908;99.987663
17058947;99.982239
17060933;99.975815
17062932;99.968422
17064928;99.960030
17066930;99.950661
17068949;99.940292
17070909;99.928947
17072908;99.916611
17074913;99.903290
17076905;99.888985
17078911;99.873695
17080945;99.857422
17082932;99.857422
17084927;99.821907
17086936;99.802673
17088929;99.782455
17090947;99.761253
17092909;99.739059
17094909;99.715889
17096906;99.691734
17098913;99.666595
17100966;99.640472
17102944;99.613365
17104931;99.599442
17106930;99.556198
17108929;99.526146
17110930;99.495102
17112946;99.463081
17114912;99.430077
17116910;99.396095
17118910;99.361130
17120909;99.325188
17123067;99.288261
17124927;99.250359
17126933;99.211472
17128928;99.171608
17130928;99.130768
17132924;99.088943
17134945;99.046150
17136936;99.002365
17138931;98.957619
17140931;98.911888
17142923;98.865173
17144944;98.817497
17146907;98.768837
17148906;98.719200
17150909;98.668602
17152909;98.617020
17154907;98.564461
17156953;98.510933
17158936;98.456436
17160929;98.400970
17162928;98.344521
17164930;98.287109
17166948;98.228729
17168908;98.169380
17170911;98.109055
17172909;98.047768
17174908;97.985512
17176910;97.922287
17178946;97.858093
17180929;97.792938
17182925;97.726814
17184928;97.659729
17186931;97.591682
17188952;97.522667
17190905;97.452690
17192911;97.381760
17194909;97.309860
17196910;97.237000
17198908;97.163185
17200948;97.088402
17202930;97.012665
17204928;96.935974
17206928;96.858322
17208922;96.779716
17210995;96.700157
17212933;96.619637
17214931;96.538170
17216933;96.455750
17218925;96.372375
17220928;96.288048
17222943;96.202774
17224908;96.116547
17226915;96.029373
17228917;95.941254
17230908;95.852188
17232958;95.762169
17234948;95.671211
17236932;95.579308
17238926;95.486458
17240921;95.392670
17242929;95.297935
17244941;95.202271
17246912;95.105659
17248907;95.008110
17250905;94.909622
17252904;94.810196
17254956;94.760132
17256945;94.608536
17258929;94.506317
17260929;94.403152
17262929;94.299057
17264929;94.194038
17266950;94.088081
17268917;93.981201
17270912;93.873390
17272910;93.764648
17274911;93.654999
17276909;93.544411
17278947;93.432907
17280932;93.320465
17282930;93.207123
17284928;93.092850
17286934;92.977646
17288953;92.861542
17290911;92.744514
17292905;92.626579
17294907;92.507729
17296910;92.387955
17298906;92.267273
17300951;92.145691
17302934;92.023193
17304929;91.961601
17306936;91.775475
17308929;91.650246
17310947;91.524117
17312913;91.397095
17314908;91.269157
17316910;91.140327
17318908;91.010597
17320912;90.879974
17322946;90.748444
17324929;90.616020
17326924;90.482712
17328927;90.348503
17330925;90.213394
17332944;90.077415
17334915;89.940529
17336906;89.802765
17338906;89.664108
17340905;89.524567
17342908;89.384140
17344947;89.242844
17346935;89.100662
17348933;88.957588
17350930;88.813644
17352927;88.668823
17354949;88.523125
17356908;88.376564
17358911;88.229126
17360903;88.080811
17362905;87.931625
17364955;87.781578
17366912;87.630661
17368912;87.478897
17370904;87.326256
17372908;87.172745
17374987;87.018379
17376937;86.863152
17378933;86.707069
17380931;86.550140
17382925;86.392349
17384929;86.233696
17386930;86.074203
17388911;85.913857
17390913;85.752663
17392909;85.590630
17394905;85.427750
17396960;85.264015
17398937;85.099449
17400930;84.934029
17402931;84.767799
17404925;84.684357
17406935;84.432793
17408928;84.264038
17410908;84.094452
17412905;83.924034
17414911;83.752808
17416915;83.580734
17418948;83.407845
17420911;83.234116
17422908;83.059601
17424904;82.884232
17426912;82.708069
17428906;82.531075
17430951;82.353271
17432924;82.174644
17434929;81.995216
17436925;81.814972
17438928;81.633934
17440943;81.452087
17442909;81.269424
17444907;81.085960
17446914;80.901703
17448910;80.716637
17450917;80.530800
17452949;80.344147
17454935;80.156700
17456929;79.968468
17458928;79.779449
17460924;79.589630
17462941;79.399048
17464910;79.207664
17466915;79.015503
17468913;78.822556
17470914;78.628838
17473056;78.434341
17474937;78.239082
17476930;78.043053
17478928;77.846237
17480926;77.648666
17482927;77.450310
17484946;77.251205
17486931;77.051338
17488931;76.850708
17490928;76.649315
17492929;76.447166
17494946;76.244263
17496908;76.040604
17498908;75.836205
17500905;75.631050
17502909;75.425148
17504903;75.218498
17506948;75.011108
17508932;74.802986
17510933;74.594131
17512927;74.384521
17514928;74.174179
17516948;73.963112
17518906;73.751305
17520909;73.538780
17522908;73.325546
17524910;73.111565
17526911;72.896866
17528948;72.681442
17530923;72.465324
17532924;72.248474
17534929;72.030922
17536932;71.812645
17538946;71.593658
17540909;71.373962
17542908;71.153572
17544909;70.932480
17546909;70.710686
17548909;70.488205
17550950;70.265007
17552928;70.041122
17554925;69.928932
17556936;69.591293
17558927;69.365349
17560945;69.138702
17562909;68.911385
17564908;68.683395
17566911;68.454712
17568908;68.225380
17570913;67.995354
17572950;67.764648
17574933;67.533287
17576934;67.301247
17578929;67.068550
17580929;66.835213
17582941;66.601196
17584908;66.366539
17586911;66.131203
17588913;65.895226
17590913;65.658585
17593072;65.421318
17594932;65.183395
17596931;64.944824
17598933;64.705612
17600931;64.465759
17602928;64.225273
17604949;63.984169
17606936;63.742416
17608929;63.500034
17610928;63.257027
17612925;63.013393
17614948;62.769138
17616912;62.524284
17618911;62.278790
17620910;62.032688
17622913;61.785965
17624911;61.538635
17626953;61.290707
17628931;61.042183
17630929;60.793037
17632928;60.543293
17634927;60.292953
17636945;60.042034
17638905;59.790508
17640905;59.538414
17642912;59.285706
17644909;59.032417
17646912;58.778542
17648944;58.524086
17650933;58.269054
17652924;58.013470
17654924;57.757290
17656934;57.500542
17658946;57.243221
17660928;56.985344
17662935;56.726898
17664929;56.467915
17666934;56.208355
17668947;55.948238
17670914;55.687569
17672910;55.426353
17674905;55.164589
17676911;54.902298
17678912;54.639446
17680948;54.376053
17682933;54.112125
17684925;53.847664
17686933;53.582676
17688926;53.317173
17690948;53.051144
17692909;52.784573
17694904;52.517479
17696912;52.249874
17698906;51.981766
17700906;51.713127
17702949;51.443977
17704933;51.174320
17706930;50.904156
17708929;50.633492
17710928;50.362350
17712942;50.090683
17714912;49.818527
17716914;49.545879
17718908;49.272743
17720912;48.999119
17722909;48.725033
17724945;48.450447
17726935;48.175381
17728929;47.899837
17730930;47.623821
17732927;47.347336
17734958;47.070408
17736933;46.792992
17738929;46.515114
17740927;46.236778
17742926;45.957981
17744926;45.678757
17746949;45.399082
17748932;45.118935
17750928;44.838341
17752927;44.557308
17754924;44.275837
17756960;43.993927
17758914;43.711601
17760909;43.428825
17762917;43.145622
17764912;42.861992
17766910;42.577938
17768948;42.293461
17770915;42.008595
17772907;41.723286
17774913;41.437569
17776911;41.151443
17778966;40.864910
17780950;40.577976
17782933;40.290661
17784927;40.002926
17786930;39.714794
17788928;39.426277
17790951;39.137363
17792913;38.848068
17794911;38.558411
17796915;38.268349
17798910;37.977936
17800904;37.687119
17802950;37.395935
17804933;37.250214
17806932;36.812485
17808929;36.520203
17810929;36.227558
17812944;35.934555
17814910;35.641201
17816915;35.347488
17818913;35.053455
17820914;34.759052
17822959;34.464306
17824934;34.169220
17826933;33.873795
17828929;33.578037
17830924;33.281975
17832927;32.985558
17834948;32.688812
17836910;32.391747
17838909;32.094360
17840910;31.796658
17842904;31.498665
17844910;31.200336
17846951;30.901703
17848932;30.602762
17850929;30.303522
17852930;30.004025
17854932;29.854134
17856949;29.404058
17858914;29.103638
17860912;28.802931
17862918;28.501940
17864911;28.200689
17867109;27.899137
17868934;27.597309
17870926;27.295212
17872924;26.992840
17874928;26.690207
17876928;26.387331
17878949;26.084169
17880911;25.780756
17882912;25.477085
17884910;25.173161
17886911;24.868990
17888959;24.564596
17890945;24.259939
17892930;23.955040
17894931;23.649906
17896931;23.344538
17898931;23.038939
17900945;22.733135
17902912;22.427086
17904905;22.120813
17906905;21.814348
17908907;21.507641
17910951;21.200726
17912913;20.893621
17914907;20.586288
17916905;20.278751
17918910;19.971016
17920908;19.663082
17922944;19.354956
17924935;19.046659
17926933;18.738153
17928927;18.429462
17930930;18.120588
17932952;17.811537
17934915;17.502310
17936911;17.192932
17938905;16.883362
17940909;16.573624
17942905;16.263723
17944950;15.953663
17946910;15.643445
17948910;15.333096
17950905;15.022570
17952904;14.711897
17954957;14.401080
17956945;14.090120
17958930;13.779022
17960931;13.467834
17962923;13.156466
17964932;12.844968
17966948;12.533342
17968910;12.221595
17970910;11.909726
17972909;11.597764
17974914;11.285663
17976948;10.973451
17978909;10.661130
17980908;10.348703
17982910;10.036177
17984911;9.723573
17986910;9.410850
17988933;9.098034
17990909;8.785129
17992905;8.472136
17994912;8.159060
17996913;7.845928
17999078;7.532693
18000936;7.219385
18002931;6.906006
18004926;6.749302
18006930;6.279069
18008927;5.965495
18010950;5.651861
18012934;5.338172
18014930;5.024454
18016925;4.710662
18018928;4.396848
18020947;4.082967
18022914;3.769045
18024914;3.455086
18026911;3.141093
18028905;2.827068
18030905;2.513040
18032951;2.198963
18034931;1.884865
18036932;1.570747
18038926;1.256615
18040926;0.942470
18042942;0.628339
18044931;0.314179
18046925;0.000015
18048924;-0.314149
18050928;-0.628309
18052959;-0.942463
18054933;-1.099525
18056933;-1.570717
18058921;-1.884835
18060931;-2.198933
18062926;-2.513010
18064945;-2.827062
18066917;-3.141062
18068910;-3.455031
18070907;-3.768990
18072907;-4.082912
18075109;-4.396794
18076940;-4.710632
18078931;-5.024400
18080927;-5.338142
18082923;-5.495005
18084931;-5.965465
18086949;-6.279039
18088932;-6.592552
18090921;-6.905976
18092924;-7.219356
18094928;-7.532664
18096951;-7.845898
18098913;-8.159054
18100911;-8.472131
18102907;-8.785099
18104909;-9.098004
18106911;-9.410820
18108950;-9.723543
18110929;-10.036171
18112926;-10.348699
18114927;-10.661099
18116930;-10.973421
18118943;-11.285633
18120908;-11.597733
18122915;-11.909697
18124907;-12.221565
18126912;-12.533291
18128961;-12.844914
18130948;-13.156412
18132926;-13.467780
18134925;-13.779016
18136935;-14.090115
18138929;-14.401050
18140942;-14.711868
18142915;-15.022542
18144907;-15.333065
18146911;-15.643438
18148911;-15.953633
18151057;-16.263695
18152935;-16.573595
18154931;-16.728497
18156934;-17.192902
18158930;-17.502304
18160926;-17.811506
18162943;-18.120560
18164909;-18.429432
18166908;-18.738123
18168906;-19.046631
18170908;-19.354950
18173072;-19.663054
18174934;-19.970985
18176931;-20.278700
18178931;-20.586235
18180930;-20.893570
18182927;-21.200695
18184947;-21.507589
18186915;-21.814295
18188913;-22.120785
18190911;-22.427057
18192909;-22.733107
18194947;-23.038933
18196914;-23.344507
18198909;-23.649876
18200904;-23.955011
18202910;-24.259909
18204907;-24.564569
18206954;-24.868984
18208933;-25.173134
18210926;-25.477055
18212925;-25.780725
18214928;-26.084143
18216947;-26.387300
18218908;-26.690201
18220911;-26.992813
18222910;-27.295181
18224908;-27.597281
18226912;-27.899107
18228943;-28.200659
18230912;-28.501909
18232909;-28.802877
18234914;-29.103586
18236909;-29.404009
18238957;-29.704138
18240938;-30.003973
18242927;-30.303516
18244927;-30.602736
18246926;-30.901674
18248927;-31.200310
18250944;-31.498638
18252911;-31.796652
18254912;-32.094357
18256905;-32.391720
18258907;-32.688786
18260948;-32.985527
18262915;-33.281944
18264912;-33.578033
18266906;-33.873791
18268908;-34.169189
18270910;-34.464279
18272928;-34.759026
18274913;-35.053425
18276912;-35.347485
18278908;-35.641193
18280913;-35.934525
18282953;-36.227528
18284908;-36.520149
18286912;-36.812435
18288906;-37.104355
18290902;-37.395885
18292909;-37.687073
18294949;-37.977882
18296937;-38.268322
18298929;-38.558380
18300927;-38.848064
18302926;-39.137337
18304951;-39.281853
18306912;-39.714767
18308908;-40.002899
18310907;-40.290634
18312909;-40.577969
18314914;-40.864883
18316951;-41.151417
18318926;-41.437542
18320926;-41.723259
18322930;-42.008568
18324928;-42.293461
18326947;-42.577911
18328915;-42.861965
18330909;-43.145596
18332914;-43.428799
18334910;-43.711575
18336914;-43.993919
18338949;-44.275787
18340927;-44.557262
18342932;-44.838295
18344928;-45.118885
18346930;-45.399033
18348952;-45.678730
18350934;-45.957954
18352928;-46.236752
18354932;-46.515087
18356930;-46.792965
18359073;-47.070381
18360931;-47.347332
18362926;-47.623795
18364923;-47.899811
18366927;-48.175350
18368925;-48.450413
18370950;-48.725002
18372931;-48.999111
18374927;-49.272713
18376932;-49.545849
18378928;-49.818497
18380952;-50.090652
18382909;-50.362312
18384910;-50.633476
18386912;-50.904125
18388909;-51.174290
18391097;-51.443947
18392937;-51.713074
18394932;-51.981712
18396931;-52.249836
18398925;-52.517433
18400929;-52.784519
18402936;-53.051098
18404913;-53.317142
18406912;-53.582661
18408906;-53.847660
18410909;-54.112095
18412941;-54.376022
18414910;-54.639416
18416910;-54.902267
18418909;-55.164574
18420912;-55.426342
18422906;-55.687542
18424946;-55.948212
18426936;-56.208324
18428934;-56.467884
18430926;-56.726891
18432930;-56.985329
18434945;-57.243191
18436911;-57.500511
18438912;-57.757259
18440908;-58.013439
18442910;-58.269047
18444960;-58.524078
18446950;-58.778496
18448934;-59.032368
18450924;-59.285660
18452924;-59.538364
18454925;-59.664490
18456943;-60.041992
18458920;-60.292923
18460917;-60.543270
18462909;-60.793011
18464908;-61.042152
18466915;-61.290695
18468944;-61.538612
18470934;-61.785934
18472929;-62.032658
18474929;-62.278767
18476932;-62.524254
18478947;-62.769127
18480914;-63.013363
18482917;-63.256996
18484907;-63.500004
18486908;-63.742386
18488946;-63.984142
18490914;-64.225266
18492911;-64.465729
18494909;-64.705582
18496912;-64.944801
18498914;-65.183365
18500954;-65.421280
18502932;-65.658554
18504927;-65.895172
18506928;-66.131157
18508925;-66.366493
18510950;-66.601166
18512917;-66.835190
18514911;-67.068550
18516913;-67.301224
18518906;-67.533264
18520908;-67.764626
18522946;-67.995323
18524932;-68.225349
18526929;-68.454704
18528926;-68.683365
18530921;-68.911362
18532936;-69.138680
18534918;-69.365326
18536912;-69.591270
18538909;-69.816536
18540904;-70.041100
18542910;-70.264984
18544942;-70.488174
18546938;-70.710670
18548930;-70.932472
18550927;-71.153572
18552927;-71.373947
18554941;-71.483871
18556918;-71.812607
18558909;-72.030884
18560910;-72.248444
18562913;-72.465302
18564945;-72.681419
18566912;-72.896843
18568909;-73.111549
18570907;-73.325523
18572911;-73.538780
18574908;-73.751305
18576953;-73.963097
18578937;-74.174164
18580924;-74.384499
18582928;-74.594101
18584929;-74.802979
18586951;-75.011101
18588916;-75.218483
18590907;-75.425125
18592908;-75.631035
18594909;-75.836189
18597069;-76.040581
18598932;-76.244255
18600929;-76.447144
18602923;-76.649307
18604926;-76.750092
18606928;-77.051308
18608954;-77.251175
18610916;-77.450302
18612911;-77.648628
18614906;-77.846230
18616914;-78.043022
18618961;-78.239052
18620944;-78.434334
18622935;-78.628822
18624928;-78.822556
18626931;-79.015488
18628928;-79.207634
18630948;-79.399033
18632935;-79.589615
18634925;-79.779442
18636928;-79.968452
18638928;-80.156693
18640952;-80.344131
18642910;-80.530762
18644910;-80.716637
18646913;-80.901680
18648908;-81.085953
18650909;-81.269409
18652938;-81.452049
18654918;-81.633919
18656909;-81.814957
18658909;-81.995216
18660906;-82.174629
18662947;-82.353264
18664908;-82.531059
18666914;-82.708046
18668913;-82.884232
18670907;-83.059578
18673083;-83.234131
18674934;-83.407837
18676932;-83.580719
18678928;-83.752808
18680932;-83.924034
18682927;-84.094467
18684950;-84.264030
18686918;-84.432808
18688911;-84.600685
18690911;-84.767761
18692905;-84.934021
18694943;-85.099419
18696911;-85.264000
18698910;-85.427719
18700906;-85.590591
18702910;-85.752647
18704910;-85.913834
18706950;-86.074188
18708935;-86.233673
18710927;-86.392334
18712924;-86.550117
18714929;-86.707047
18716950;-86.863136
18718912;-87.018356
18720908;-87.172737
18722908;-87.326225
18724912;-87.478867
18726910;-87.630653
18728946;-87.781563
18730927;-87.931618
18732928;-88.080795
18734926;-88.229118
18736931;-88.376549
18738927;-88.523109
18740950;-88.668816
18742927;-88.813629
18744929;-88.957581
18746933;-89.100639
18748927;-89.242813
18750953;-89.384140
18752914;-89.524551
18754904;-89.594421
18756904;-89.802750
18758912;-89.940506
18760907;-90.077400
18762948;-90.213379
18764940;-90.348495
18766935;-90.482697
18768927;-90.616020
18770923;-90.748444
18772945;-90.879959
18774915;-91.010597
18776913;-91.140320
18778909;-91.269165
18780906;-91.397079
18782906;-91.524109
18784949;-91.650238
18786906;-91.775452
18788908;-91.899780
18790908;-92.023178
18792909;-92.145691
18794912;-92.267273
18796948;-92.387924
18798933;-92.507706
18800927;-92.626556
18802929;-92.744507
18804928;-92.803131
18806948;-92.977623
18808910;-93.092827
18810908;-93.207092
18812917;-93.320450
18814911;-93.432877
18817104;-93.544403
18818938;-93.654976
18820928;-93.764633
18822928;-93.873383
18824928;-93.981186
18826934;-94.088074
18828951;-94.194016
18830927;-94.299034
18832930;-94.403145
18834923;-94.506294
18836937;-94.608536
18838947;-94.709824
18840907;-94.810196
18842911;-94.909607
18844912;-95.008095
18846914;-95.105652
18849071;-95.202255
18850936;-95.297935
18852929;-95.392662
18854929;-95.486443
18856931;-95.579300
18858930;-95.671204
18860948;-95.762169
18862932;-95.852180
18864926;-95.941254
18866929;-96.029373
18868926;-96.116539
18870982;-96.202766
18872942;-96.288040
18874934;-96.372375
18876936;-96.455742
18878926;-96.538162
18880927;-96.619637
18882936;-96.700150
18884912;-96.779716
18886909;-96.858315
18888914;-96.935974
18890905;-97.012665
18892950;-97.088394
18894910;-97.163177
18896904;-97.236992
18898904;-97.309860
18900903;-97.381752
18902911;-97.452690
18904949;-97.522659
18906933;-97.591667
18908925;-97.659721
18910926;-97.726807
18912928;-97.792923
18914947;-97.858086
18916915;-97.922272
18918907;-97.985497
18920905;-98.047760
18922909;-98.109047
18924907;-98.169365
18926948;-98.228714
18928936;-98.287109
18930931;-98.344513
18932928;-98.400963
18934926;-98.456429
18936946;-98.510925
18938908;-98.564461
18940913;-98.617012
18942915;-98.668594
18944905;-98.719200
18946969;-98.768837
18948926;-98.817490
18950928;-98.865166
18952931;-98.911880
18954928;-98.957611
18956933;-99.002365
18958931;-99.046143
18960911;-99.088936
18962906;-99.130760
18964907;-99.171600
18966905;-99.211472
18969076;-99.250351
18970934;-99.288261
18972931;-99.325188
18974929;-99.361130
18976932;-99.396095
18978928;-99.430077
18980944;-99.463081
18982914;-99.495102
18984903;-99.526138
18986908;-99.556198
18988906;-99.585274
18990910;-99.613365
18992942;-99.640472
18994928;-99.666595
18996933;-99.691734
18998926;-99.715889
19000927;-99.739059
19002946;-99.761246
19004913;-99.782455
19006912;-99.802673
19008905;-99.821907
19010908;-99.840157
19013080;-99.857414
19014933;-99.873695
19016931;-99.888985
19018930;-99.903290
19020926;-99.916611
19022929;-99.928947
19024949;-99.940292
19026913;-99.950653
19028908;-99.960030
19030909;-99.968414
19032907;-99.975815
19034956;-99.982231
19036949;-99.987663
19038933;-99.992104
19040928;-99.995560
19042929;-99.998024
19044926;-99.999504
19046932;-100.000000
19048912;-99.999504
19050913;-99.998024
19052915;-99.995560
19054907;-99.993958
19056950;-99.987663
19058916;-99.982239
19060910;-99.975815
19062911;-99.968422
19064909;-99.960030
19066905;-99.950661
19068931;-99.940292
19070913;-99.928955
19072908;-99.916611
19074907;-99.903297
19076910;-99.888985
19078944;-99.873695
19080911;-99.857422
19082915;-99.840157
19084910;-99.821907
19086911;-99.802673
19088912;-99.782455
19090946;-99.761253
19092927;-99.739059
19094930;-99.715897
19096932;-99.691734
19098925;-99.666595
19100948;-99.640472
19102913;-99.613365
19104909;-99.585274
19106910;-99.556198
19108910;-99.526146
19110949;-99.495102
19112906;-99.463081
19114908;-99.430084
19116908;-99.396095
19118906;-99.361130
19120912;-99.325195
19122949;-99.288269
19124933;-99.250359
19126933;-99.211479
19128926;-99.171616
19130928;-99.130768
19132945;-99.088951
19134911;-99.046150
19136905;-99.002373
19138911;-98.957619
19140915;-98.911888
19142916;-98.865181
19144947;-98.817497
19146938;-98.768845
19148928;-98.719200
19150927;-98.668602
19152928;-98.617020
19154947;-98.564461
19156912;-98.510941
19158909;-98.456436
19160908;-98.400970
19162906;-98.344528
19164907;-98.287109
19166946;-98.228737
19168930;-98.169373
19170926;-98.109062
19172924;-98.047760
19174931;-97.985512
19176949;-97.922287
19178933;-97.858093
19180928;-97.792938
19182930;-97.726814
19184930;-97.659729
19186948;-97.591690
19188910;-97.522667
19190912;-97.452698
19192910;-97.381752
19194914;-97.309860
19196915;-97.236992
19198946;-97.163177
19200932;-97.088402
19202925;-97.012665
19204926;-96.974442
19206930;-96.858315
19208947;-96.779716
19210908;-96.700165
19212913;-96.619637
19214905;-96.538177
19216912;-96.455742
19218961;-96.372375
19220941;-96.288055
19222933;-96.202766
19224927;-96.116547
19226932;-96.029381
19228929;-95.941261
19230944;-95.852188
19232913;-95.762184
19234909;-95.671227
19236909;-95.579315
19238903;-95.486473
19240914;-95.392677
19242939;-95.297951
19244908;-95.202286
19246912;-95.105667
19248912;-95.008125
19250913;-94.909630
19252949;-94.810204
19254909;-94.709839
19256911;-94.608551
19258906;-94.506332
19260909;-94.403160
19262903;-94.299072
19264949;-94.194038
19266928;-94.088089
19268933;-93.981209
19270929;-93.873390
19272932;-93.764671
19274946;-93.654999
19276908;-93.544418
19278912;-93.432899
19280910;-93.320473
19282909;-93.207130
19285083;-93.092850
19286935;-92.977661
19288926;-92.861542
19290927;-92.744522
19292927;-92.626587
19294930;-92.507729
19296949;-92.387970
19298930;-92.267273
19300929;-92.145691
19302929;-92.023178
19304931;-91.961601
19306949;-91.775475
19308914;-91.650238
19310906;-91.524124
19312911;-91.397079
19314912;-91.269165
19316907;-91.140343
19318948;-91.010597
19320935;-90.879974
19322930;-90.748444
19324929;-90.616020
19326929;-90.482697
19328947;-90.348495
19330924;-90.213409
19332916;-90.077400
19334904;-89.940552
19336911;-89.802773
19338909;-89.664124
19340944;-89.524590
19342929;-89.384155
19344926;-89.242867
19346931;-89.100662
19348929;-88.957611
19350943;-88.813675
19352910;-88.668839
19354908;-88.596107
19356913;-88.376579
19358905;-88.229141
19360945;-88.080818
19362909;-87.931648
19364909;-87.781609
19366910;-87.630676
19368905;-87.478905
19370911;-87.326256
19372944;-87.172760
19374935;-87.018402
19376928;-86.863159
19378925;-86.707092
19380928;-86.550140
19382946;-86.392357
19384911;-86.233696
19386905;-86.074211
19388905;-85.913879
19390909;-85.752670
19392906;-85.590645
19394949;-85.427742
19396933;-85.264030
19398929;-85.099472
19400928;-84.934044
19402923;-84.767807
19404950;-84.600708
19406910;-84.432808
19408907;-84.264030
19410906;-84.094467
19412906;-83.924065
19414910;-83.752808
19416948;-83.580742
19418934;-83.407837
19420927;-83.234131
19422925;-83.059608
19424927;-82.884232
19426953;-82.708069
19428910;-82.531059
19430909;-82.353264
19432907;-82.174629
19434907;-81.995216
19437090;-81.814980
19438940;-81.633919
19440925;-81.452080
19442930;-81.269432
19444926;-81.085983
19446932;-80.901741
19448944;-80.716667
19450907;-80.530823
19452903;-80.344162
19454907;-80.156731
19456912;-79.968475
19458951;-79.779472
19460910;-79.589668
19462908;-79.399063
19464909;-79.207695
19466909;-79.015518
19468907;-78.822586
19470942;-78.628883
19472905;-78.434364
19474914;-78.239113
19476913;-78.043053
19478907;-77.846252
19480915;-77.648659
19482946;-77.450325
19484932;-77.251228
19486933;-77.051338
19488928;-76.850716
19490931;-76.649307
19492928;-76.447174
19494911;-76.244286
19496910;-76.040611
19498905;-75.836220
19500908;-75.631042
19502944;-75.425163
19504911;-75.321938
19506909;-75.011124
19508912;-74.803009
19510908;-74.594131
19512910;-74.384537
19514947;-74.174179
19516935;-73.963127
19518934;-73.751343
19520926;-73.538795
19522928;-73.325554
19524948;-73.111557
19526904;-72.896873
19528911;-72.681473
19530909;-72.465317
19532913;-72.248482
19534910;-72.030899
19536949;-71.812645
19538932;-71.593643
19540923;-71.373962
19542934;-71.153580
19544928;-70.932472
19546949;-70.710686
19548910;-70.488174
19550912;-70.265030
19552909;-70.041168
19554910;-69.928940
19556910;-69.591324
19558949;-69.365349
19560931;-69.138733
19562926;-68.911400
19564927;-68.683418
19566931;-68.454758
19568946;-68.225388
19570907;-67.995377
19572910;-67.764664
19574912;-67.533310
19576906;-67.301300
19578904;-67.068581
19580955;-66.835243
19582932;-66.601204
19584925;-66.366539
19586930;-66.131195
19588929;-65.895233
19590938;-65.658607
19592911;-65.421310
19594907;-65.183403
19596910;-64.944817
19598904;-64.705620
19600908;-64.465782
19602952;-64.225281
19604928;-63.984180
19606929;-63.742405
19608929;-63.500046
19610928;-63.257015
19612951;-63.013405
19614910;-62.769161
19616914;-62.524269
19618913;-62.278801
19620907;-62.032677
19622908;-61.785976
19624946;-61.538666
19626934;-61.290710
19628927;-61.042191
19630929;-60.793030
19632932;-60.543304
19634951;-60.292946
19636913;-60.042030
19638907;-59.790524
19640905;-59.538383
19642910;-59.285694
19644946;-59.032387
19646913;-58.778530
19648907;-58.524097
19650910;-58.269047
19652909;-58.013458
19654909;-57.885448
19656950;-57.500530
19658935;-57.243275
19660935;-56.985371
19662929;-56.726944
19664928;-56.467926
19666975;-56.208385
19668931;-55.948246
19670936;-55.687599
19672934;-55.426399
19674927;-55.164616
19676938;-54.902328
19678939;-54.639454
19680913;-54.376083
19682909;-54.112179
19684907;-53.847694
19686912;-53.582722
19688988;-53.317184
19690936;-53.051155
19692927;-52.784561
19694930;-52.517490
19696932;-52.249901
19698930;-51.981754
19700947;-51.713135
19702929;-51.443966
19704929;-51.174332
19706931;-50.904186
19708931;-50.633503
19710948;-50.362354
19712911;-50.090675
19714911;-49.818539
19716911;-49.545868
19718912;-49.272751
19720912;-48.999153
19722949;-48.725025
19724930;-48.450455
19726931;-48.175369
19728930;-47.899849
19730928;-47.623856
19732943;-47.347351
19734910;-47.070419
19736913;-46.792984
19738909;-46.515125
19740906;-46.236767
19743098;-45.957993
19744938;-45.678772
19746932;-45.399052
19748928;-45.118927
19750925;-44.838314
19752927;-44.557304
19754948;-44.275848
19756934;-43.993916
19758931;-43.711594
19760926;-43.428795
19762927;-43.145615
19764944;-42.861961
19766913;-42.577972
19768907;-42.293518
19770907;-42.008610
19772906;-41.723324
19774905;-41.437584
19776946;-41.151478
19778912;-40.864967
19780905;-40.578011
19782905;-40.290695
19784909;-40.002937
19786957;-39.714832
19788934;-39.426334
19790933;-39.137398
19792930;-38.848125
19794926;-38.558422
19796929;-38.268383
19798946;-37.977924
19800930;-37.687134
19802926;-37.395973
19804927;-37.250210
19806933;-36.812496
19808949;-36.520191
19810916;-36.227570
19812915;-35.934593
19814909;-35.641212
19816914;-35.347527
19818905;-35.053448
19820947;-34.759064
19822931;-34.464298
19824926;-34.169235
19826934;-33.873833
19828928;-33.578053
19830946;-33.281986
19832913;-32.985546
19834913;-32.688828
19836910;-32.391785
19838904;-32.094376
19840912;-31.796694
19842949;-31.498655
19844932;-31.200352
19846930;-30.901695
19848931;-30.602777
19850928;-30.303558
19852945;-30.003994
19854907;-29.704180
19856910;-29.404026
19858909;-29.103630
19860908;-28.802944
19862909;-28.501930
19864947;-28.200680
19866931;-27.899105
19868933;-27.597300
19870930;-27.295177
19872930;-26.992834
19874943;-26.690266
19876912;-26.387346
19878904;-26.084209
19880913;-25.780769
19882909;-25.477119
19884911;-25.173223
19886949;-24.869028
19888927;-24.564634
19890931;-24.259953
19892930;-23.955076
19894929;-23.649920
19896947;-23.344574
19898916;-23.039000
19900908;-22.733150
19902907;-22.427124
19904904;-22.120829
19906961;-21.814363
19908949;-21.507681
19910934;-21.200739
19912930;-20.893637
19914927;-20.586279
19916930;-20.278767
19918942;-19.971006
19920910;-19.663097
19922908;-19.354994
19924907;-19.046650
19926915;-18.738169
19928906;-18.429453
19930950;-18.120604
19932930;-17.811575
19934924;-17.502325
19936926;-17.192945
19938928;-16.883352
19940947;-16.573639
19942915;-16.263714
19944910;-15.953678
19946915;-15.643482
19948915;-15.333086
19950905;-15.022585
19952948;-14.711889
19954933;-14.556509
19956935;-14.090158
19958927;-13.779036
19960927;-13.467825
19962949;-13.156433
19964909;-12.844959
19966909;-12.533358
19968906;-12.221586
19970907;-11.909742
19972906;-11.597732
19974951;-11.285654
19976936;-10.973418
19978924;-10.661121
19980929;-10.348720
19982927;-10.036215
19984947;-9.723612
19986910;-9.410866
19988909;-9.098074
19990912;-8.785192
19992912;-8.472176
19994962;-8.159123
19996947;-7.845943
19998934;-7.532733
20000933;-7.219401
20002930;-6.906045
20004926;-6.592622
20006950;-6.279085
20008913;-5.965534
20010915;-5.651876
20012913;-5.338211
20014912;-5.024493
20016965;-4.710677
20018952;-4.396863
20020931;-4.082958
20022923;-3.769059
20024924;-3.455077
20026927;-3.141107
20028948;-2.827107
20030911;-2.513031
20032907;-2.198978
20034912;-1.884856
20036910;-1.570763
20038903;-1.256654
20040949;-0.942485
20042933;-0.628354
20044932;-0.314170
20046936;0.000000
20048927;0.314159
20050943;0.628314
20052909;0.942464
20054908;1.099535
20056909;1.570732
20058910;1.884844
20061072;2.198937
20062939;2.513010
20064928;2.827056
20066929;3.141076
20068928;3.455064
20070925;3.769018
20072943;4.082935
20074909;4.396812
20076913;4.710645
20078910;5.024432
20080907;5.338169
20082950;5.651853
20084913;5.808674
20086911;6.279051
20088911;6.592560
20090907;6.906002
20092908;7.219377
20094947;7.532680
20096940;7.845909
20098932;8.159060
20100927;8.472132
20102931;8.785120
20104951;9.098021
20106912;9.410830
20108909;9.723549
20110907;10.036171
20112908;10.348695
20114904;10.661115
20116947;10.973431
20118933;11.285637
20120931;11.597733
20122932;11.909716
20124931;12.221580
20126947;12.533322
20128918;12.844942
20130908;13.156436
20132909;13.467797
20134913;13.779028
20136909;14.090122
20138936;14.401078
20140914;14.711891
20142910;15.022558
20144913;15.333078
20146907;15.643446
20148948;15.953660
20150910;16.263714
20152914;16.573612
20154910;16.883343
20156907;17.192907
20158911;17.502306
20160948;17.811527
20162913;18.120577
20164911;18.429445
20166911;18.738131
20168912;19.046633
20170945;19.354946
20172914;19.663071
20174908;19.970997
20176909;20.278728
20178903;20.586262
20180911;20.893587
20182942;21.200710
20184931;21.507624
20186936;21.814323
20188931;22.120808
20190930;22.427074
20192945;22.733122
20194912;23.038942
20196910;23.344534
20198912;23.649900
20200908;23.955029
20202907;24.259922
20204947;24.564575
20206936;24.868988
20208926;25.173155
20210928;25.477072
20212925;25.780737
20214944;26.084152
20216917;26.387304
20218913;26.690197
20220911;26.992828
20222903;27.295193
20224912;27.597290
20226950;27.899107
20228935;28.200657
20230929;28.501928
20232930;28.802910
20234924;29.103617
20236935;29.404032
20238915;29.704157
20240915;30.003988
20242907;30.303526
20244908;30.602762
20246946;30.901697
20248919;31.200329
20250910;31.498650
20252912;31.796661
20254910;31.945551
20256916;32.391743
20258951;32.688801
20260908;32.985538
20262909;33.281952
20264906;33.578037
20266908;33.873787
20268982;34.169209
20270928;34.464294
20272929;34.759029
20274927;35.053429
20276934;35.347485
20278929;35.641186
20280944;35.934536
20282934;36.227535
20284927;36.520176
20286932;36.812454
20288927;37.104370
20290943;37.395920
20292908;37.687099
20294909;37.977905
20296904;38.268341
20298910;38.558399
20300907;38.848072
20302944;39.137363
20304928;39.281864
20306928;39.714787
20308928;40.002911
20310928;40.290646
20312949;40.577976
20314906;40.864906
20316915;41.151436
20318911;41.437557
20320910;41.723270
20322950;42.008572
20324914;42.293461
20326909;42.577927
20328909;42.861973
20330912;43.145603
20332906;43.428806
20334947;43.711575
20336933;43.993916
20338925;44.275822
20340927;44.557289
20342926;44.838318
20344949;45.118908
20346934;45.399048
20348929;45.678741
20350927;45.957985
20352930;46.236774
20354944;46.515102
20356908;46.792980
20358908;47.070389
20360909;47.347336
20362910;47.623817
20364909;47.899826
20366950;48.175365
20368930;48.450424
20370924;48.725014
20372927;48.999115
20374927;49.272736
20376945;49.545868
20378908;49.818508
20380911;50.090660
20382909;50.362320
20384911;50.633476
20386912;50.904137
20388947;51.174294
20390932;51.443951
20392930;51.713097
20394925;51.981728
20396936;52.249855
20398949;52.517464
20400909;52.784550
20402907;53.051121
20404905;53.184204
20406914;53.582676
20408911;53.847664
20410930;54.112125
20412909;54.376041
20414906;54.639435
20416916;54.902279
20418906;55.164581
20420945;55.426346
20422914;55.687557
20424911;55.948223
20426914;56.208336
20428909;56.467896
20430908;56.726891
20432947;56.985329
20434931;57.243210
20436930;57.500523
20438926;57.757271
20440925;58.013447
20442932;58.269047
20444911;58.524071
20446909;58.778526
20448908;59.032394
20450913;59.285683
20452976;59.538383
20454932;59.790497
20456931;60.042023
20458928;60.292953
20460926;60.543285
20462930;60.793026
20464950;61.042168
20466930;61.290707
20468928;61.538635
20470927;61.785961
20472929;62.032669
20474950;62.278770
20476916;62.524265
20478908;62.769135
20480906;63.013386
20482912;63.257015
20484911;63.500015
20486950;63.742393
20488929;63.984142
20490931;64.225266
20492930;64.465744
20494927;64.705597
20496948;64.944801
20498910;65.183365
20500913;65.421295
20502913;65.658569
20504907;65.895203
20506909;66.131187
20508947;66.366508
20510936;66.601189
20512931;66.835197
20514929;67.068550
20516933;67.301247
20518947;67.533279
20520915;67.764648
20522912;67.995331
20524911;68.225357
20526909;68.454704
20528915;68.683380
20530948;68.911377
20532934;69.138695
20534932;69.365326
20536932;69.591278
20538930;69.816536
20540943;70.041107
20542914;70.264992
20544910;70.488182
20546911;70.710678
20548910;70.932472
20550909;71.153572
20552947;71.373955
20554931;71.483887
20556931;71.812630
20558928;72.030899
20560923;72.248459
20562946;72.465309
20564912;72.681450
20566911;72.896866
20568902;73.111557
20570916;73.325539
20572907;73.538788
20574946;73.751320
20576930;73.963112
20578928;74.174179
20580928;74.384514
20582928;74.594116
20584950;74.802986
20586908;75.011108
20588908;75.218498
20590910;75.425140
20592913;75.631042
20594908;75.836197
20596949;76.040596
20598932;76.244255
20600925;76.447151
20602927;76.649300
20604927;76.850693
20606948;77.051323
20608915;77.251198
20610913;77.450302
20612908;77.648651
20614912;77.846230
20616914;78.043045
20618948;78.239082
20620937;78.434349
20622931;78.628838
20624928;78.822556
20626934;79.015503
20628947;79.207657
20630930;79.399040
20632927;79.589638
20634927;79.779442
20636931;79.968468
20639001;80.156693
20640931;80.344131
20642927;80.530785
20644927;80.716637
20646930;80.901695
20648927;81.085953
20650950;81.269417
20652928;81.452065
20654931;81.633926
20656931;81.814972
20658932;81.995209
20660946;82.174637
20662911;82.353249
20664908;82.531059
20666910;82.708054
20668908;82.884232
20670960;83.059586
20672925;83.234123
20674931;83.407837
20676932;83.580734
20678926;83.752800
20680924;83.924042
20682946;84.094452
20684908;84.264038
20686910;84.432785
20688915;84.600708
20690910;84.767792
20693102;84.934029
20694934;85.099449
20696934;85.264008
20698930;85.427734
20700926;85.590622
20702928;85.752663
20704943;85.913857
20706913;86.074203
20708901;86.233688
20710909;86.392334
20712908;86.550125
20715090;86.707062
20716934;86.863152
20718928;87.018372
20720928;87.172737
20722926;87.326241
20724928;87.478882
20726946;87.630669
20728933;87.781578
20730930;87.931625
20732929;88.080803
20734929;88.229111
20736979;88.376549
20738934;88.523125
20740931;88.668823
20742929;88.813637
20744932;88.957581
20746932;89.100647
20748949;89.242828
20750934;89.384140
20752929;89.524559
20754924;89.664093
20756930;89.802757
20758950;89.940521
20760908;90.077400
20762909;90.213387
20764907;90.348495
20766910;90.482697
20768911;90.616020
20770948;90.748444
20772933;90.879967
20774924;91.010597
20776930;91.140327
20778931;91.269150
20780948;91.397087
20782908;91.524117
20784910;91.650238
20786915;91.775467
20788904;91.899780
20790910;92.023178
20792949;92.145683
20794933;92.267273
20796931;92.387947
20798933;92.507721
20800930;92.626572
20802951;92.744514
20804915;92.803139
20806915;92.977646
20808908;93.092834
20810913;93.207108
20812909;93.320465
20814949;93.432892
20816933;93.544403
20818933;93.654991
20820927;93.764648
20822928;93.873383
20824940;93.981194
20826908;94.088074
20828905;94.194031
20830911;94.299057
20832908;94.403145
20834909;94.506310
20836949;94.608536
20838926;94.709831
20840929;94.810196
20842929;94.909615
20844926;95.008102
20846935;95.105652
20848908;95.202271
20850910;95.297935
20852909;95.392670
20854903;95.439682
20856980;95.579300
20858929;95.671204
20860925;95.762169
20862932;95.852180
20864926;95.941254
20866934;96.029373
20868948;96.116547
20870915;96.202766
20872908;96.288040
20874910;96.372368
20876914;96.455742
20878950;96.538162
20880913;96.619637
20882914;96.700150
20884914;96.779709
20886915;96.858315
20888909;96.935966
20890935;97.012665
20892913;97.088394
20894907;97.163177
20896914;97.236992
20898908;97.309853
20900947;97.381752
20902916;97.452690
20904911;97.522667
20906907;97.591682
20908909;97.659721
20910914;97.726814
20912948;97.792938
20914934;97.858086
20916930;97.922287
20918934;97.985504
20920929;98.047760
20922946;98.109055
20924911;98.169373
20926913;98.228722
20928905;98.287109
20930911;98.344521
20932908;98.400963
20934948;98.456436
20936937;98.510933
20938929;98.564461
20940931;98.617020
20942931;98.668602
20944963;98.719200
20946915;98.768837
20948910;98.817490
20950909;98.865173
20952909;98.911880
20954904;98.957611
20956948;99.002365
20958928;99.046143
20960934;99.088943
20962929;99.130760
20964927;99.171608
20966952;99.211472
20968920;99.250359
20970906;99.288261
20972910;99.325188
20974911;99.361130
20976910;99.396095
20978947;99.430077
20980926;99.463081
20982925;99.495102
20984928;99.526146
20986929;99.556198
20988949;99.585274
20990912;99.613365
20992911;99.640472
20994907;99.666595
20996909;99.691734
20998909;99.715889
21000944;99.739059
21002922;99.761253
21004926;99.771973
21006933;99.802673
21008927;99.821907
21010945;99.840149
21012916;99.857422
21014904;99.873695
21016909;99.888985
21018913;99.903290
21020945;99.916611
21022916;99.928947
21024911;99.940292
21026912;99.950653
21028909;99.960030
21030910;99.968422
21032948;99.975815
21034931;99.982239
21036929;99.987663
21038929;99.992104
21040931;99.995560
21042948;99.998024
21044910;99.999504
21046912;100.000000
21048908;99.999504
21050909;99.998024
21052907;99.995560
21054947;99.993958
21056930;99.987663
21058928;99.982239
21060924;99.975815
21062933;99.968422
21064946;99.960030
21066916;99.950661
21068909;99.940292
21070907;99.928947
21072911;99.916611
21074953;99.903290
21076911;99.888985
21078909;99.873695
21080911;99.857422
21082913;99.840157
21084905;99.821907
21086948;99.802673
21088931;99.782455
21090928;99.761253
21092925;99.739059
21094928;99.715889
21096949;99.691734
21098912;99.666595
21100906;99.640472
21102910;99.613365
21104907;99.585274
21106904;99.556198
21108948;99.526146
21110933;99.495102
21112927;99.463081
21114928;99.430077
21116928;99.396095
21118947;99.361130
21120916;99.325188
21122907;99.288261
21124909;99.250359
21126915;99.211472
21128914;99.171608
21130951;99.130768
21132936;99.088943
21134930;99.046150
21136936;99.002365
21138931;98.957619
21140946;98.911888
21142913;98.865173
21144910;98.817497
21146912;98.768837
21148909;98.719200
21150972;98.668602
21152934;98.617020
21154930;98.590866
21156931;98.510933
21158929;98.456436
21160924;98.400970
21162940;98.344521
21164907;98.287109
21166908;98.228729
21168908;98.169380
21170910;98.109055
21172910;98.047768
21174948;97.985512
21176936;97.922287
21178924;97.858093
21180927;97.792938
21182930;97.726814
21184952;97.659729
21186913;97.591682
21188909;97.522667
21190907;97.452690
21192907;97.381760
21194949;97.309860
21196912;97.237000
21198908;97.163185
21200907;97.088402
21202909;97.012665
21204915;96.935974
21206947;96.858322
21208936;96.779716
21210928;96.700157
21212926;96.619637
21214931;96.538170
21216945;96.455750
21218915;96.372375
21220910;96.288048
21222910;96.202774
21224902;96.116547
21227084;96.029373
21228935;95.941254
21230932;95.852188
21232925;95.762169
21234928;95.671211
21236930;95.579308
21238935;95.486458
21240912;95.392670
21242911;95.297935
21244909;95.202271
21246912;95.105659
21248992;95.008110
21250930;94.909622
21252933;94.810196
21254928;94.709839
21256929;94.608536
21258925;94.506317
21260946;94.403152
21262931;94.299057
21264929;94.194038
21266932;94.088081
21268931;93.981201
21270947;93.873390
21272939;93.764648
21274930;93.654999
21276930;93.544411
21278928;93.432907
21280930;93.320465
21282947;93.207123
21284910;93.092850
21286906;92.977646
21288906;92.861542
21290908;92.744514
21292907;92.626579
21294950;92.507729
21296935;92.387955
21298929;92.267273
21300926;92.145691
21302926;92.023193
21304946;91.961601
21306937;91.775475
21308929;91.650246
21310926;91.524117
21312930;91.397095
21314949;91.269157
21316912;91.140327
21318910;91.010597
21320909;90.879974
21322910;90.748444
21324908;90.616020
21326947;90.482712
21328932;90.348503
21330926;90.213394
21332931;90.077415
21334928;89.940529
21336950;89.802765
21338934;89.664108
21340934;89.524567
21342926;89.384140
21344930;89.242844
21346950;89.100662
21348910;88.957588
21350915;88.813644
21352911;88.668823
21354913;88.523125
21356911;88.376564
21358945;88.229126
21360929;88.080811
21362929;87.931625
21364925;87.781578
21366935;87.630661
21368945;87.478897
21370909;87.326256
21372912;87.172745
21374911;87.018379
21376912;86.863152
21378908;86.707069
21380949;86.550140
21382935;86.392349
21384932;86.233696
21386936;86.074203
21388931;85.913857
21390947;85.752663
21392906;85.590630
21394907;85.427750
21396908;85.264015
21398910;85.099449
21400912;84.934029
21402952;84.767799
21404935;84.600708
21406928;84.432793
21408932;84.264038
21410926;84.094452
21413104;83.924034
21414934;83.752808
21416930;83.580734
21418925;83.407845
21420926;83.234116
21422922;83.059601
21424950;82.884232
21426911;82.708069
21428905;82.531075
21430907;82.353271
21432915;82.174644
21434905;81.995216
21436947;81.814972
21438934;81.633934
21440926;81.452087
21442927;81.269424
21444929;81.085960
21446951;80.901703
21448911;80.716637
21450910;80.530800
21452912;80.344147
21454906;80.250511
21456938;79.968468
21458913;79.779449
21460910;79.589630
21462908;79.399048
21464913;79.207664
21466905;79.015503
21468948;78.822556
21470934;78.628838
21472931;78.434341
21474928;78.239082
21476930;78.043053
21478947;77.846237
21480908;77.648666
21482909;77.450310
21484912;77.251205
21486911;77.051338
21489103;76.850708
21490934;76.649315
21492929;76.447166
21494922;76.244263
21496929;76.040604
21498931;75.836205
21500943;75.631050
21502914;75.425148
21504909;75.218498
21506907;75.011108
21508913;74.802986
21510950;74.594131
21512918;74.384521
21514905;74.174179
21516908;73.963112
21518906;73.751305
21520910;73.538780
21522934;73.325546
21524913;73.111565
21526909;72.896866
21528908;72.681442
21530907;72.465324
21532992;72.248474
21534934;72.030922
21536928;71.812645
21538924;71.593658
21540932;71.373962
21542925;71.153572
21544949;70.932480
21546911;70.710686
21548905;70.488205
21550905;70.265007
21552909;70.041122
21554946;69.928932
21556910;69.591293
21558910;69.365349
21560910;69.138702
21562918;68.911385
21564913;68.683395
21566951;68.454712
21568937;68.225380
21570933;67.995354
21572932;67.764648
21574931;67.533287
21576950;67.301247
21578915;67.068550
21580909;66.835213
21582910;66.601196
21584907;66.366539
21587101;66.131203
21588937;65.895226
21590921;65.658585
21592925;65.421318
21594930;65.183395
21596932;64.944824
21598945;64.705612
21600909;64.465759
21602907;64.225273
21604909;64.104805
21606909;63.742416
21608905;63.500034
21610943;63.257027
21612931;63.013393
21614929;62.769138
21616936;62.524284
21618932;62.278790
21620946;62.032688
21622912;61.785965
21624908;61.538635
21626913;61.290707
21628909;61.042183
21630908;60.793037
21632948;60.543293
21634927;60.292953
21636933;60.042034
21638928;59.790508
21640932;59.538414
21642936;59.285706
21644907;59.032417
21646911;58.778542
21648904;58.524086
21650907;58.269054
21652986;58.013470
21654931;57.757290
21656932;57.500542
21658927;57.243221
21660929;56.985344
21662926;56.726898
21664948;56.467915
21666934;56.208355
21668935;55.948238
21670932;55.687569
21672928;55.426353
21674952;55.164589
21676913;54.902298
21678912;54.639446
21680909;54.376053
21682907;54.112125
21684910;53.847664
21686950;53.582676
21688934;53.317173
21690927;53.051144
21692928;52.784573
21694933;52.517479
21696945;52.249874
21698911;51.981766
21700914;51.713127
21702909;51.443977
21704912;51.174320
21706912;50.904156
21708946;50.633492
21710928;50.362350
21712929;50.090683
21714930;49.818527
21716927;49.545879
21718947;49.272743
21720915;48.999119
21722910;48.725033
21724905;48.450447
21726905;48.175381
21728906;47.899837
21730947;47.623821
21732932;47.347336
21734929;47.070408
21736928;46.792992
21738927;46.515114
21740946;46.236778
21742906;45.957981
21744910;45.678757
21746914;45.399082
21748911;45.118935
21750910;44.838341
21752953;44.557308
21754936;44.416637
21756929;43.993927
21758927;43.711601
21760932;43.428825
21762950;43.145622
21764913;42.861992
21766909;42.577938
21768901;42.293461
21770910;42.008595
21772913;41.723286
21774951;41.437569
21776932;41.151443
21778928;40.864910
21780923;40.577976
21782930;40.290661
21784943;40.002926
21786911;39.714794
21788913;39.426277
21790915;39.137363
21792910;38.848068
21794912;38.558411
21796943;38.268349
21798930;37.977936
21800929;37.687119
21802928;37.395935
21804925;37.250214
21806950;36.812485
21808918;36.520203
21810905;36.227558
21812908;35.934555
21814906;35.641201
21817123;35.347488
21818936;35.053455
21820931;34.759052
21822927;34.464306
21824923;34.169220
21826934;33.873795
21828949;33.578037
21830930;33.281975
21832926;32.985558
21834927;32.688812
21836936;32.391747
21838948;32.094360
21840914;31.796658
21842907;31.498665
21844910;31.200336
21846909;30.901703
21848914;30.602762
21850947;30.303522
21852932;30.004025
21854928;29.704189
21856934;29.404058
21858931;29.103638
21860948;28.802931
21862913;28.501940
21864905;28.200689
21866915;27.899137
21868907;27.597309
21870905;27.295212
21872945;26.992840
21874928;26.690207
21876925;26.387331
21878928;26.084169
21880929;25.780756
21882947;25.477085
21884912;25.173161
21886909;24.868990
21888908;24.564596
21890911;24.259939
21892907;23.955040
21894950;23.649906
21896935;23.344538
21898931;23.038939
21900926;22.733135
21902930;22.427086
21904953;22.120813
21906907;21.814348
21908909;21.507641
21910911;21.200726
21912914;20.893621
21914946;20.586288
21916911;20.278751
21918907;19.971016
21920908;19.663082
21922914;19.354956
21924911;19.046659
21926951;18.738153
21928928;18.429462
21930927;18.120588
21932928;17.811537
21934926;17.502310
21936952;17.192932
21938914;16.883362
21940907;16.573624
21942910;16.263723
21944915;15.953663
21946910;15.643445
21948948;15.333096
21950932;15.022570
21952930;14.711897
21954932;14.401080
21956933;14.090120
21958950;13.779022
21960936;13.467834
21962928;13.156466
21964928;12.844968
21966931;12.533342
21968947;12.221595
21970915;11.909726
21972906;11.597764
21974910;11.285663
21976906;10.973451
21978908;10.661130
21980951;10.348703
21982933;10.036177
21984931;9.723573
21986929;9.410850
21988932;9.098034
21990947;8.785129
21992914;8.472136
21994907;8.159060
21996911;7.845928
21998906;7.532693
22000910;7.219385
22002946;6.906006
22004932;6.592558
22006924;6.279069
22008927;5.965495
22010923;5.651861
22012943;5.338172
22014914;5.024454
22016910;4.710662
22018908;4.396848
22020912;4.082967
22022907;3.769045
22024948;3.455086
22026932;3.141093
22028925;2.827068
22030929;2.513040
22032926;2.198963
22034951;1.884865
22036913;1.570747
22038907;1.256615
22040909;0.942470
22042912;0.628339
22044903;0.314179
22046952;0.000015
22048928;-0.314149
22050929;-0.628309
22052927;-0.942463
22054925;-1.099525
22056952;-1.570717
22058911;-1.884835
22060910;-2.198933
22062912;-2.513010
22064911;-2.827062
22066909;-3.141062
22068952;-3.455031
22070932;-3.768990
22072934;-4.082912
22074928;-4.396794
22076936;-4.710632
22078952;-5.024400
22080912;-5.338142
22082914;-5.651831
22084908;-5.965465
22086912;-6.122248
22088912;-6.592552
22090948;-6.905976
22092928;-7.219356
22094930;-7.532664
22096930;-7.845898
22098928;-8.159054
22100951;-8.472131
22102930;-8.785099
22104929;-9.098004
22106930;-9.410820
22108931;-9.723543
22110951;-10.036171
22112911;-10.348699
22114913;-10.661099
22116913;-10.973421
22118914;-11.285633
22120911;-11.597733
22122949;-11.909697
22124939;-12.221565
22126930;-12.533291
22128929;-12.844914
22130928;-13.156412
22132948;-13.467780
22134912;-13.779016
22136912;-14.090115
22138907;-14.401050
22140906;-14.711868
22142908;-15.022542
22144951;-15.333065
22146932;-15.643438
22148926;-15.953633
22150930;-16.263695
22152928;-16.573595
22155126;-16.883331
22156940;-17.192902
22158931;-17.502304
22160926;-17.811506
22162933;-18.120560
22164929;-18.429432
22166938;-18.738123
22168912;-19.046631
22170910;-19.354950
22172905;-19.663054
22174904;-19.970985
22177013;-20.278700
22178931;-20.586235
22180930;-20.893570
22182924;-21.200695
22184927;-21.507589
22186932;-21.814295
22188947;-22.120785
22190935;-22.427057
22192928;-22.733107
22194931;-23.038933
22196931;-23.344507
22199116;-23.649876
22200935;-23.955011
22202927;-24.259909
22204928;-24.412256
22206930;-24.868984
22208931;-25.173134
22210950;-25.477055
22212925;-25.780725
22214927;-26.084143
22216933;-26.387300
22218924;-26.690201
22220947;-26.992813
22222911;-27.295181
22224907;-27.597281
22226902;-27.899107
22228902;-28.200659
22230913;-28.501909
22232951;-28.802877
22234936;-29.103586
22236928;-29.404009
22238923;-29.704138
22240929;-30.003973
22242949;-30.303516
22244912;-30.602736
22246914;-30.901674
22248907;-31.200310
22250903;-31.498638
22252906;-31.796652
22254951;-32.094357
22256941;-32.391720
22258929;-32.688786
22260928;-32.985527
22262927;-33.281944
22264954;-33.578033
22266907;-33.873791
22268907;-34.169189
22270907;-34.464279
22272909;-34.759026
22274910;-35.053425
22276948;-35.347485
22278933;-35.641193
22280927;-35.934525
22282927;-36.227528
22284926;-36.520149
22287064;-36.812435
22288940;-37.104355
22290930;-37.395885
22292932;-37.687073
22294929;-37.977882
22296933;-38.268322
22298947;-38.558380
22300907;-38.848064
22302908;-39.137337
22304912;-39.281853
22306910;-39.714767
22308945;-40.002899
22310917;-40.290634
22312909;-40.577969
22314910;-40.864883
22316905;-41.151417
22318910;-41.437542
22320948;-41.723259
22322932;-42.008568
22324926;-42.293461
22326934;-42.577911
22328924;-42.861965
22330947;-43.145596
22332912;-43.428799
22334910;-43.711575
22336915;-43.993919
22338912;-44.275787
22340912;-44.557262
22342946;-44.838295
22344933;-45.118885
22346931;-45.399033
22348925;-45.678730
22350931;-45.957954
22352947;-46.236752
22354911;-46.375988
22356911;-46.792965
22358912;-47.070381
22360912;-47.347332
22362907;-47.623795
22364946;-47.899811
22366937;-48.175350
22368929;-48.450413
22370927;-48.725002
22372928;-48.999111
22374948;-49.272713
22376913;-49.545849
22378910;-49.818497
22380916;-50.090652
22382907;-50.362312
22384905;-50.633476
22386952;-50.904125
22388932;-51.174290
22390926;-51.443947
22392928;-51.713074
22394925;-51.981712
22396942;-52.249836
22398917;-52.517433
22400909;-52.784519
22402915;-53.051098
22404909;-53.317142
22406997;-53.582661
22408931;-53.847660
22410930;-54.112095
22412929;-54.376022
22414929;-54.639416
22416931;-54.902267
22418948;-55.164574
22420907;-55.426342
22422904;-55.687542
22424905;-55.948212
22426913;-56.208324
22428911;-56.467884
22430946;-56.726891
22432928;-56.985329
22434923;-57.243191
22436929;-57.500511
22438931;-57.757259
22440953;-58.013439
22442914;-58.269047
22444908;-58.524078
22446907;-58.778496
22448911;-59.032368
22450911;-59.285660
22452948;-59.538364
22454929;-59.790482
22456935;-60.041992
22458927;-60.292923
22460928;-60.543270
22462944;-60.793011
22464916;-61.042152
22466908;-61.290695
22468906;-61.538612
22470902;-61.785934
22473109;-62.032658
22474928;-62.278767
22476936;-62.524254
22478926;-62.769127
22480924;-63.013363
22482925;-63.256996
22484949;-63.500004
22486934;-63.742386
22488929;-63.984142
22490926;-64.225266
22492922;-64.465729
22494945;-64.705582
22496915;-64.944801
22498910;-65.183365
22500909;-65.421280
22502910;-65.658554
22504907;-65.776947
22506952;-66.131157
22508936;-66.366493
22510928;-66.601166
22512932;-66.835190
22514930;-67.068550
22516941;-67.301224
22518912;-67.533264
22520907;-67.764626
22522907;-67.995323
22524912;-68.225349
22526945;-68.454704
22528911;-68.683365
22530912;-68.911362
22532907;-69.138680
22534908;-69.365326
22536917;-69.591270
22538951;-69.816536
22540926;-70.041100
22542928;-70.264984
22544929;-70.488174
22546934;-70.710670
22548944;-70.932472
22550915;-71.153572
22552912;-71.373947
22554910;-71.483871
22556911;-71.812607
22558964;-72.030884
22560948;-72.248444
22562930;-72.465302
22564931;-72.681419
22566931;-72.896843
22568930;-73.111549
22570947;-73.325523
22572909;-73.538780
22574908;-73.751305
22576905;-73.963097
22578913;-74.174164
22580909;-74.384499
22582947;-74.594101
22584933;-74.802979
22586928;-75.011101
22588933;-75.218483
22590926;-75.425125
22592948;-75.631035
22594909;-75.836189
22596913;-76.040581
22598907;-76.244255
22600914;-76.447144
22602909;-76.649307
22604949;-76.850685
22606939;-77.051308
22608928;-77.251175
22610928;-77.450302
22612926;-77.648628
22614945;-77.846230
22616912;-78.043022
22618909;-78.239052
22620911;-78.434334
22622913;-78.628822
22624914;-78.822556
22626952;-79.015488
22628938;-79.207634
22630931;-79.399033
22632927;-79.589615
22634929;-79.779442
22636948;-79.968452
22638907;-80.156693
22640909;-80.344131
22642909;-80.530762
22644910;-80.716637
22646916;-80.901680
22648949;-81.085953
22650933;-81.269409
22652935;-81.452049
22654923;-81.543098
22656932;-81.814957
22658949;-81.995216
22660908;-82.174629
22662911;-82.353264
22664908;-82.531059
22666907;-82.708046
22668906;-82.884232
22670942;-83.059578
22672932;-83.234131
22674933;-83.407837
22676934;-83.580719
22678931;-83.752808
22680953;-83.924034
22682910;-84.094467
22684906;-84.264030
22686909;-84.432808
22688909;-84.600685
22690914;-84.767761
22692945;-84.934021
22694929;-85.099419
22696932;-85.264000
22698929;-85.427719
22700928;-85.590591
22702943;-85.752647
22704912;-85.913834
22706907;-86.074188
22708910;-86.233673
22710910;-86.392334
22712951;-86.550117
22714908;-86.707047
22716913;-86.863136
22718910;-87.018356
22720907;-87.172737
22722910;-87.326225
22724944;-87.478867
22726943;-87.630653
22728928;-87.781563
22730928;-87.931618
22732930;-88.080795
22734948;-88.229118
22736917;-88.376549
22738915;-88.523109
22740909;-88.668816
22742913;-88.813629
22744904;-88.957581
22746945;-89.100639
22748934;-89.242813
22750932;-89.384140
22752929;-89.524551
22754924;-89.664101
22756947;-89.802750
22758913;-89.940506
22760911;-90.077400
22762908;-90.213379
22764910;-90.348495
22767117;-90.482697
22768933;-90.616020
22770931;-90.748444
22772929;-90.879959
22774930;-91.010597
22776933;-91.140320
22778950;-91.269165
22780934;-91.397079
22782926;-91.524109
22784929;-91.650238
22786926;-91.775452
22788946;-91.899780
22790911;-92.023178
22792911;-92.145691
22794906;-92.267273
22796905;-92.387924
22798909;-92.507706
22800946;-92.626556
22802932;-92.744507
22804929;-92.803131
22806929;-92.977623
22808925;-93.092827
22810953;-93.207092
22812909;-93.320450
22814917;-93.432877
22816908;-93.544403
22818909;-93.654976
22820905;-93.764633
22822946;-93.873383
22824934;-93.981186
22826940;-94.088074
22828927;-94.194016
22830929;-94.299034
22832946;-94.403145
22834910;-94.506294
22836909;-94.608536
22838910;-94.709824
22840907;-94.810196
22843108;-94.909607
22844932;-95.008095
22846934;-95.105652
22848931;-95.202255
22850928;-95.297935
22852931;-95.392662
22854941;-95.486443
22856914;-95.579300
22858911;-95.671204
22860907;-95.762169
22862910;-95.852180
22864950;-95.941254
22866915;-96.029373
22868906;-96.116539
22870902;-96.202766
22872902;-96.288040
22874911;-96.372375
22876951;-96.455742
22878932;-96.538162
22880928;-96.619637
22882929;-96.700150
22884932;-96.779716
22887137;-96.858315
22888935;-96.935974
22890928;-97.012665
22892933;-97.088394
22894928;-97.163177
22896932;-97.236992
22898951;-97.309860
22900910;-97.381752
22902904;-97.452690
22904917;-97.522659
22906907;-97.591667
22908945;-97.659721
22910914;-97.726807
22912914;-97.792923
22914909;-97.858086
22916915;-97.922272
22919123;-97.985497
22920935;-98.047760
22922932;-98.109047
22924927;-98.169365
22926929;-98.228714
22928929;-98.287109
22930946;-98.344513
22932929;-98.400963
22934923;-98.456429
22936935;-98.510925
22938927;-98.564461
22940946;-98.617012
22942908;-98.668594
22944909;-98.719200
22946910;-98.768837
22948909;-98.817490
22950910;-98.865166
22952951;-98.911880
22954933;-98.934868
22956932;-99.002365
22958931;-99.046143
22960923;-99.088936
22962949;-99.130760
22964912;-99.171600
22966914;-99.211472
22968907;-99.250351
22970906;-99.288261
22972916;-99.325188
22974945;-99.361130
22976932;-99.396095
22978927;-99.430077
22980927;-99.463081
22982925;-99.495102
22984945;-99.526138
22986908;-99.556198
22988909;-99.585274
22990913;-99.613365
22992908;-99.640472
22994911;-99.666595
22996948;-99.691734
22998930;-99.715889
23000928;-99.739059
23002926;-99.761246
23004925;-99.782455
23006947;-99.802673
23008914;-99.821907
23010907;-99.840157
23012912;-99.857414
23014910;-99.873695
23017109;-99.888985
23018942;-99.903290
23020930;-99.916611
23022927;-99.928947
23024926;-99.940292
23026932;-99.950653
23028946;-99.960030
23030914;-99.968414
23032911;-99.975815
23034912;-99.982231
23036911;-99.987663
23038911;-99.992104
23040950;-99.995560
23042928;-99.998024
23044925;-99.999504
23046931;-100.000000
23048928;-99.999504
23050943;-99.998024
23052910;-99.995560
23054910;-99.993958
23056910;-99.987663
23058908;-99.982239
23060951;-99.975815
23062913;-99.968422
23064906;-99.960030
23066911;-99.950661
23068909;-99.940292
23070908;-99.928955
23072950;-99.916611
23074936;-99.903297
23076934;-99.888985
23078931;-99.873695
23080928;-99.857422
23082953;-99.840157
23084912;-99.821907
23086914;-99.802673
23088907;-99.782455
23090908;-99.761253
23092906;-99.739059
23094946;-99.715897
23096934;-99.691734
23098927;-99.666595
23100927;-99.640472
23102926;-99.613365
23104952;-99.585274
23106921;-99.556198
23108911;-99.526146
23110914;-99.495102
23112905;-99.463081
23114906;-99.430084
23116953;-99.396095
23118930;-99.361130
23120928;-99.325195
23122927;-99.288269
23124926;-99.250359
23126949;-99.211479
23128912;-99.171616
23130910;-99.130768
23132916;-99.088951
23134909;-99.046150
23137003;-99.002373
23138931;-98.957619
23140929;-98.911888
23142929;-98.865181
23144926;-98.817497
23146938;-98.768845
23148937;-98.719200
23150914;-98.668602
23152912;-98.617020
23154909;-98.564461
23156906;-98.510941
23158949;-98.456436
23160910;-98.400970
23162908;-98.344528
23164906;-98.287109
23166909;-98.228737
23168902;-98.169373
23170951;-98.109062
23172908;-98.047760
23174910;-97.985512
23176906;-97.922287
23178910;-97.858093
23180949;-97.792938
23182906;-97.726814
23184906;-97.659729
23186912;-97.591690
23188905;-97.522667
23190912;-97.452698
23192950;-97.381752
23194936;-97.309860
23196928;-97.236992
23198924;-97.163177
23200929;-97.088402
23202953;-97.012665
23204924;-96.935974
23206906;-96.858315
23208912;-96.779716
23210912;-96.700165
23212909;-96.619637
23214945;-96.538177
23216937;-96.455742
23218924;-96.372375
23220927;-96.288055
23222927;-96.202766
23224951;-96.116547
23226915;-96.029381
23228909;-95.941261
23230907;-95.852188
23232905;-95.762184
23234907;-95.671227
23236947;-95.579315
23238932;-95.486473
23240933;-95.392677
23242929;-95.297951
23244928;-95.202286
23246952;-95.105667
23248913;-95.008125
23250911;-94.909630
23252914;-94.810204
23254913;-94.760147
23256916;-94.608551
23258949;-94.506332
23260932;-94.403160
23262925;-94.299072
23264930;-94.194038
23266932;-94.088089
23268949;-93.981209
23270915;-93.873390
23272916;-93.764671
23274909;-93.654999
23276914;-93.544418
23278910;-93.432899
23280946;-93.320473
23282929;-93.207130
23284928;-93.092850
23286934;-92.977661
23288926;-92.861542
23290949;-92.744522
23292912;-92.626587
23294905;-92.507729
23296913;-92.387970
23298913;-92.267273
23300904;-92.145691
23302945;-92.023178
23304913;-91.961601
23306915;-91.775475
23308911;-91.650238
23310905;-91.524124
23312912;-91.397079
23314948;-91.269165
23316938;-91.140343
23318928;-91.010597
23320928;-90.879974
23322931;-90.748444
23324952;-90.616020
23326918;-90.482697
23328911;-90.348495
23330913;-90.213409
23332911;-90.077400
23334917;-89.940552
23336955;-89.802773
23338932;-89.664124
23340936;-89.524590
23342929;-89.384155
23344925;-89.242867
23346948;-89.100662
23348915;-88.957611
23350908;-88.813675
23352905;-88.668839
23354908;-88.523155
23356915;-88.376579
23358951;-88.229141
23360932;-88.080818
23362926;-87.931648
23364928;-87.781609
23366926;-87.630676
23368947;-87.478905
23370913;-87.326256
23372906;-87.172760
23374906;-87.018402
23376909;-86.863159
23378912;-86.707092
23380947;-86.550140
23382929;-86.392357
23384930;-86.233696
23386939;-86.074211
23388925;-85.913879
23390946;-85.752670
23392916;-85.590645
23394908;-85.427742
23396911;-85.264030
23398912;-85.099472
23400914;-84.934044
23402946;-84.767807
23404931;-84.600708
23406930;-84.432808
23408929;-84.264030
23410929;-84.094467
23412937;-83.924065
23414909;-83.752808
23416911;-83.580742
23418914;-83.407837
23420910;-83.234131
23422948;-83.059608
23424911;-82.884232
23426909;-82.708069
23428912;-82.531059
23430915;-82.353264
23432908;-82.174629
23434940;-81.995216
23436932;-81.814980
23438932;-81.633919
23440927;-81.452080
23442928;-81.269432
23444942;-81.085983
23446912;-80.901741
23448900;-80.716667
23450908;-80.530823
23452915;-80.344162
23454910;-80.156731
23456943;-79.968475
23458935;-79.779472
23460929;-79.589668
23462929;-79.399063
23464925;-79.207695
23466953;-79.015518
23468910;-78.822586
23470909;-78.628883
23472906;-78.434364
23474911;-78.239113
23476992;-78.043053
23478930;-77.846252
23480927;-77.648659
23482933;-77.450325
23484925;-77.251228
23486928;-77.051338
23488946;-76.850716
23490931;-76.649307
23492926;-76.447174
23494926;-76.244286
23496930;-76.040611
23498947;-75.836220
23500905;-75.631042
23502905;-75.425163
23504906;-75.218521
23506915;-75.011124
23508960;-74.803009
23510939;-74.594131
23512927;-74.384537
23514928;-74.174179
23516927;-73.963127
23518929;-73.751343
23520945;-73.538795
23522928;-73.325554
23524928;-73.111557
23526932;-72.896873
23528927;-72.681473
23530943;-72.465317
23532906;-72.248482
23534908;-72.030899
23536905;-71.812645
23538910;-71.593643
23540908;-71.373962
23542950;-71.153580
23544927;-70.932472
23546931;-70.710686
23548930;-70.488174
23550924;-70.265030
23553115;-70.041168
23554931;-69.928940
23556929;-69.591324
23558929;-69.365349
23560926;-69.138733
23562931;-68.911400
23564949;-68.683418
23566936;-68.454758
23568928;-68.225388
23570925;-67.995377
23572925;-67.764664
23574949;-67.533310
23576914;-67.301300
23578908;-67.068581
23580908;-66.835243
23582907;-66.601204
23584906;-66.366539
23586951;-66.131195
23588933;-65.895233
23590929;-65.658607
23592930;-65.421310
23594925;-65.183403
23596952;-64.944817
23598913;-64.705620
23600912;-64.465782
23602914;-64.225281
23604910;-63.984180
23606909;-63.742405
23608948;-63.500046
23610933;-63.257015
23612931;-63.013405
23614931;-62.769161
23616932;-62.524269
23619013;-62.278801
23620931;-62.032677
23622931;-61.785976
23624931;-61.538666
23626930;-61.290710
23628929;-61.042191
23630954;-60.793030
23632936;-60.543304
23634929;-60.292946
23636932;-60.042030
23638925;-59.790524
23640943;-59.538383
23642911;-59.285694
23644907;-59.032387
23646912;-58.778530
23648908;-58.524097
23650913;-58.269047
23652947;-58.013458
23654929;-57.757259
23656927;-57.500530
23658930;-57.243275
23660931;-56.985371
23662947;-56.726944
23664908;-56.467926
23666910;-56.208385
23668904;-55.948246
23670905;-55.687599
23672908;-55.426399
23674943;-55.164616
23676932;-54.902328
23678931;-54.639454
23680928;-54.376083
23682931;-54.112179
23684951;-53.847694
23686913;-53.582722
23688911;-53.317184
23690906;-53.051155
23692913;-52.784561
23694910;-52.517490
23696945;-52.249901
23698928;-51.981754
23700930;-51.713135
23702928;-51.443966
23704927;-51.309212
23706936;-50.904186
23708906;-50.633503
23710911;-50.362354
23712906;-50.090675
23714912;-49.818539
23716944;-49.545868
23718914;-49.272751
23720912;-48.999153
23722910;-48.725025
23724907;-48.450455
23726913;-48.175369
23728949;-47.899849
23730933;-47.623856
23732930;-47.347351
23734929;-47.070419
23736932;-46.792984
23738943;-46.515125
23740912;-46.236767
23742914;-45.957993
23744910;-45.678772
23746908;-45.399052
23748911;-45.118927
23750947;-44.838314
23752931;-44.557304
23754930;-44.275848
23756932;-43.993916
23758927;-43.711594
23760951;-43.428795
23762911;-43.145615
23764912;-42.861961
23766910;-42.577972
23768910;-42.293518
23770907;-42.008610
23772952;-41.723324
23774933;-41.437584
23776929;-41.151478
23778926;-40.864967
23780928;-40.578011
23782941;-40.290695
23784910;-40.002937
23786909;-39.714832
23788912;-39.426334
23790904;-39.137398
23793108;-38.848125
23794934;-38.558422
23796936;-38.268383
23798929;-37.977924
23800929;-37.687134
23802925;-37.395973
23804952;-37.250210
23806912;-36.812496
23808905;-36.520191
23810907;-36.227570
23812909;-35.934593
23814908;-35.641212
23816944;-35.347527
23818933;-35.053448
23820929;-34.759064
23822936;-34.464298
23824929;-34.169235
23826953;-33.873833
23828908;-33.578053
23830911;-33.281986
23832910;-32.985546
23834909;-32.688828
23836910;-32.391785
23838946;-32.094376
23840932;-31.796694
23842929;-31.498655
23844927;-31.200352
23846933;-30.901695
23848936;-30.602777
23850916;-30.303558
23852907;-30.003994
23854914;-29.854124
23856908;-29.404026
23859022;-29.103630
23860926;-28.802944
23862929;-28.501930
23864927;-28.200680
23866932;-27.899105
23868927;-27.597300
23870953;-27.295177
23872913;-26.992834
23874911;-26.690266
23876913;-26.387346
23878907;-26.084209
23880948;-25.780769
23882910;-25.477119
23884907;-25.173223
23886913;-24.869028
23888905;-24.564634
23891110;-24.259953
23892934;-23.955076
23894937;-23.649920
23896931;-23.344574
23898933;-23.039000
23900928;-22.733150
23902949;-22.427124
23904910;-22.120829
23906909;-21.814363
23908905;-21.507681
23910911;-21.200739
23913111;-20.893637
23914933;-20.586279
23916930;-20.278767
23918933;-19.971006
23920930;-19.663097
23922929;-19.354994
23924947;-19.046650
23926916;-18.738169
23928909;-18.429453
23930907;-18.120604
23932911;-17.811575
23934907;-17.502325
23936951;-17.192945
23938931;-16.883352
23940932;-16.573639
23942930;-16.263714
23944929;-15.953678
23947100;-15.643482
23948939;-15.333086
23950932;-15.022585
23952933;-14.711889
23954932;-14.401094
23956931;-14.090158
23958948;-13.779036
23960934;-13.467825
23962934;-13.156433
23964928;-12.844959
23966929;-12.533358
23968949;-12.221586
23970909;-11.909742
23972910;-11.597732
23974902;-11.285654
23976906;-10.973418
23978910;-10.661121
23980945;-10.348720
23982932;-10.036215
23984937;-9.723612
23986926;-9.410866
23988930;-9.098074
23990949;-8.785192
23992904;-8.472176
23994908;-8.159123
23996907;-7.845943
23998911;-7.532733
24000905;-7.219401
24002950;-6.906045
24004930;-6.592622
24006932;-6.279085
24008929;-5.965534
24010929;-5.651876
24012948;-5.338211
24014916;-5.024493
24016911;-4.710677
24018912;-4.396863
24020907;-4.082958
24022909;-3.769059
24024950;-3.455077
24026934;-3.141107
24028931;-2.827107
24030932;-2.513031
24032930;-2.198978
24034950;-1.884856
24036910;-1.570763
24038906;-1.256654
24040906;-0.942485
24042911;-0.628354
24044963;-0.314170
24046947;0.000000
24048930;0.314159
24050926;0.628314
24052926;0.942464
24054927;1.099535
24056945;1.570732
24058910;1.884844
24060910;2.198937
24062909;2.513010
24064909;2.827056
24066947;3.141076
24068904;3.455064
24070908;3.769018
24072908;4.082935
24074905;4.396812
24076910;4.710645
24078949;5.024432
24080928;5.338169
24082923;5.651853
24084929;5.965482
24086930;6.279051
24088947;6.435814
24090910;6.906002
24092911;7.219377
24094904;7.532680
24096912;7.845909
24099120;8.159060
24100936;8.472132
24102928;8.785120
24104931;9.098021
24106934;9.410830
24108928;9.723549
24110946;10.036171
24112927;10.348695
24114927;10.661115
24116935;10.973431
24118925;11.285637
24121029;11.597733
24122935;11.909716
24124926;12.221580
24126929;12.533322
24128931;12.844942
24130928;13.156436
24132948;13.467797
24134934;13.779028
24136931;14.090122
24138926;14.401078
24140930;14.711891
24142951;15.022558
24144913;15.333078
24146908;15.643446
24148908;15.953660
24150906;16.263714
24152908;16.573612
24154946;16.728498
24156939;17.192907
24158931;17.502306
24160924;17.811527
24162925;18.120577
24164950;18.429445
24166911;18.738131
24168910;19.046633
24170911;19.354946
24172906;19.663071
24174941;19.970997
24176911;20.278728
24178909;20.586262
24180911;20.893587
24182907;21.200710
24184913;21.507624
24186946;21.814323
24188936;22.120808
24190926;22.427074
24192923;22.733122
24194928;23.038942
24196945;23.344534
24198915;23.649900
24200909;23.955029
24202911;24.259922
24204916;24.564575
24207106;24.868988
24208939;25.173155
24210927;25.477072
24212928;25.780737
24214927;26.084152
24216930;26.387304
24218952;26.690197
24220915;26.992828
24222904;27.295193
24224911;27.597290
24226906;27.899107
24228910;28.200657
24230952;28.501928
24232931;28.802910
24234932;29.103617
24236927;29.404032
24238924;29.704157
24240947;30.003988
24242910;30.303526
24244904;30.602762
24246913;30.901697
24248912;31.200329
24250915;31.498650
24252944;31.796661
24254932;32.094360
24256931;32.391743
24258925;32.688801
24260930;32.985538
24262950;33.281952
24264911;33.578037
24266906;33.873787
24268909;34.169209
24270907;34.464294
24272908;34.759029
24274948;35.053429
24276931;35.347485
24278930;35.641186
24280926;35.934536
24282925;36.227535
24285119;36.520176
24286938;36.812454
24288929;37.104370
24290928;37.395920
24292930;37.687099
24294923;37.977905
24296952;38.268341
24298914;38.558399
24300910;38.848072
24302908;39.137363
24304909;39.281864
24307118;39.714787
24308936;40.002911
24310932;40.290646
24312931;40.577976
24314928;40.864906
24316933;41.151436
24318951;41.437557
24320916;41.723270
24322909;42.008572
24324908;42.293461
24326906;42.577927
24328909;42.861973
24330945;43.145603
24332932;43.428806
24334925;43.711575
24336932;43.993916
24338931;44.275822
24340949;44.557289
24342911;44.838318
24344913;45.118908
24346911;45.399048
24348911;45.678741
24350907;45.957985
24352950;46.236774
24354933;46.515102
24356933;46.792980
24358928;47.070389
24360930;47.347336
24362947;47.623817
24364910;47.899826
24366913;48.175365
24368910;48.450424
24370913;48.725014
24372910;48.999115
24374949;49.272736
24376935;49.545868
24378924;49.818508
24380929;50.090660
24382930;50.362320
24384944;50.633476
24386912;50.904137
24388904;51.174294
24390902;51.443951
24392912;51.713097
24394910;51.981728
24396953;52.249855
24398929;52.517464
24400928;52.784550
24402928;53.051121
24404928;53.317158
24406949;53.582676
24408915;53.847664
24410908;54.112125
24412907;54.376041
24414908;54.639435
24416961;54.902279
24418947;55.164581
24420928;55.426346
24422929;55.687557
24424932;55.948223
24426935;56.208336
24428948;56.467896
24430935;56.726891
24432929;56.985329
24434929;57.243210
24436931;57.500523
24438946;57.757271
24440909;58.013447
24442914;58.269047
24444908;58.524071
24446915;58.778526
24448908;59.032394
24450952;59.285683
24452930;59.538383
24454929;59.664516
24456936;60.042023
24458931;60.292953
24460950;60.543285
24462911;60.793026
24464908;61.042168
24466909;61.290707
24468913;61.538635
24470907;61.785961
24472944;62.032669
24474931;62.278770
24476927;62.524265
24478929;62.769135
24480932;63.013386
24482942;63.257015
24484908;63.500015
24486910;63.742393
24488907;63.984142
24490904;64.225266
24492909;64.465744
24494945;64.705597
24496929;64.944801
24498930;65.183365
24500930;65.421295
24502928;65.658569
24504952;65.895203
24506909;66.131187
24508908;66.366508
24510906;66.601189
24512911;66.835197
24514909;67.068550
24516948;67.301247
24518932;67.533279
24520930;67.764648
24522929;67.995331
24524932;68.225357
24526947;68.454704
24528920;68.683380
24530917;68.911377
24532908;69.138695
24534907;69.365326
24536966;69.591278
24538946;69.816536
24540934;70.041107
24542929;70.264992
24544924;70.488182
24546935;70.710678
24548950;70.932472
24550913;71.153572
24552904;71.373955
24554913;71.483887
24556913;71.812630
24559032;72.030899
24560936;72.248459
24562929;72.465309
24564926;72.681450
24566928;72.896866
24568925;73.111557
24570945;73.325539
24572929;73.538788
24574931;73.751320
24576929;73.963112
24578926;74.174179
24580948;74.384514
24582915;74.594116
24584906;74.802986
24586913;75.011108
24588906;75.218498
24590909;75.425140
24592948;75.631042
24594929;75.836197
24596930;76.040596
24598924;76.244255
24600927;76.447151
24602950;76.649300
24604909;76.750092
24606910;77.051323
24608911;77.251198
24610913;77.450302
24612912;77.648651
24614948;77.846230
24616940;78.043045
24618930;78.239082
24620933;78.434349
24622926;78.628838
24624946;78.822556
24626917;79.015503
24628913;79.207657
24630907;79.399040
24632911;79.589638
24634911;79.779442
24636949;79.968468
24638935;80.156693
24640934;80.344131
24642930;80.530785
24644931;80.716637
24646954;80.901695
24648938;81.085953
24650924;81.269417
24652930;81.452065
24654928;81.633926
24657026;81.814972
24658934;81.995209
24660927;82.174637
24662926;82.353249
24664934;82.531059
24666937;82.708054
24668950;82.884232
24670912;83.059586
24672913;83.234123
24674908;83.407837
24676911;83.580734
24678910;83.752800
24680951;83.924042
24682934;84.094452
24684931;84.264038
24686931;84.432785
24688927;84.600708
24690954;84.767792
24692914;84.934029
24694908;85.099449
24696907;85.264008
24698912;85.427734
24700912;85.590622
24702953;85.752663
24704931;85.913857
24706937;86.074203
24708929;86.233688
24710925;86.392334
24712946;86.550125
24714908;86.707062
24716909;86.863152
24718910;87.018372
24720914;87.172737
24722913;87.326241
24724948;87.478882
24726938;87.630669
24728930;87.781578
24730930;87.931625
24732927;88.080803
24734944;88.229111
24736914;88.376549
24738910;88.523125
24740905;88.668823
24742901;88.813637
24744905;88.957581
24746950;89.100647
24748928;89.242828
24750929;89.384140
24752927;89.524559
24754931;89.594444
24756941;89.802757
24758909;89.940521
24760913;90.077400
24762908;90.213387
24764908;90.348495
24766911;90.482697
24768941;90.616020
24770913;90.748444
24772915;90.879967
24774913;91.010597
24776907;91.140327
24778959;91.269150
24780943;91.397087
24782933;91.524117
24784927;91.650238
24786929;91.775467
24788929;91.899780
24790947;92.023178
24792936;92.145683
24794927;92.267273
24796932;92.387947
24798930;92.507721
24801018;92.626572
24802933;92.744514
24804930;92.803139
24806931;92.977646
24808928;93.092834
24810932;93.207108
24812939;93.320465
24814910;93.432892
24816906;93.544403
24818905;93.654991
24820908;93.764648
24822967;93.873383
24824948;93.981194
24826933;94.088074
24828929;94.194031
24830929;94.299057
24832929;94.403145
24834951;94.506310
24836911;94.608536
24838911;94.709831
24840912;94.810196
24842908;94.909615
24844964;95.008102
24846943;95.105652
24848932;95.202271
24850928;95.297935
24852929;95.392670
24854927;95.486458
24856946;95.579300
24858913;95.671204
24860910;95.762169
24862914;95.852180
24864906;95.941254
24866946;96.029373
24868915;96.116547
24870912;96.202766
24872907;96.288040
24874911;96.372368
24876963;96.455742
24878948;96.538162
24880931;96.619637
24882925;96.700150
24884927;96.779709
24886933;96.858315
24888946;96.935966
24890913;97.012665
24892911;97.088394
24894914;97.163177
24896907;97.236992
24898962;97.309853
24900944;97.381752
24902929;97.452690
24904927;97.522667
24906931;97.591682
24908925;97.659721
24910942;97.726814
24912911;97.792938
24914904;97.858086
24916913;97.922287
24918906;97.985504
24921115;98.047760
24922933;98.109055
24924925;98.169373
24926928;98.228722
24928928;98.287109
24930930;98.344521
24932944;98.400963
24934909;98.456436
24936907;98.510933
24938910;98.564461
24940912;98.617020
24942910;98.668602
24944945;98.719200
24946933;98.768837
24948932;98.817490
24950934;98.865173
24952929;98.911880
24954945;98.957611
24956914;99.002365
24958914;99.046143
24960905;99.088943
24962910;99.130760
24965013;99.171608
24966932;99.211472
24968932;99.250359
24970927;99.288261
24972929;99.325188
24974924;99.361130
24976949;99.396095
24978935;99.430077
24980928;99.463081
24982928;99.495102
24984928;99.526146
24986947;99.556198
24988911;99.585274
24990909;99.613365
24992910;99.640472
24994911;99.666595
24996911;99.691734
24998953;99.715889
25000930;99.739059
25002926;99.761253
25004929;99.782455
25006928;99.802673
25008950;99.821907
25010911;99.840149
25012902;99.857422
25014905;99.873695
25016905;99.888985
25019117;99.903290
25020930;99.916611
25022927;99.928947
25024929;99.940292
25026930;99.950653
25028928;99.960030
25030945;99.968422
25032931;99.975815
25034930;99.982239
25036929;99.987663
25038927;99.992104
25040950;99.995560
25042913;99.998024
25044909;99.999504
25046906;100.000000
25048906;99.999504
25050907;99.998024
25052941;99.995560
25054906;99.993958
25056910;99.987663
25058912;99.982239
25060914;99.975815
25063013;99.968422
25064932;99.960030
25066933;99.950661
25068932;99.940292
25070927;99.928947
25072926;99.916611
25074949;99.903290
25076914;99.888985
25078905;99.873695
25080911;99.857422
25082909;99.840157
25084950;99.821907
25086912;99.802673
25088910;99.782455
25090906;99.761253
25092907;99.739059
25094911;99.715889
25096936;99.691734
25098910;99.666595
25100908;99.640472
25102907;99.613365
25104909;99.585274
25107022;99.556198
25108932;99.526146
25110925;99.495102
25112928;99.463081
25114926;99.430077
25116930;99.396095
25118942;99.361130
25120910;99.325188
25122904;99.288261
25124908;99.250359
25126908;99.211472
25128907;99.171608
25130947;99.130768
25132928;99.088943
25134929;99.046150
25136931;99.002365
25138928;98.957619
25140948;98.911888
25142917;98.865173
25144911;98.817497
25146906;98.768837
25148905;98.719200
25151088;98.668602
25152937;98.617020
25154934;98.564461
25156930;98.510933
25158933;98.456436
25160926;98.400970
25162945;98.344521
25164934;98.287109
25166929;98.228729
25168929;98.169380
25170924;98.109055
25173019;98.047768
25174940;97.985512
25176937;97.922287
25178934;97.858093
25180929;97.792938
25182927;97.726814
25184947;97.659729
25186909;97.591682
25188903;97.522667
25190908;97.452690
25192914;97.381760
25194950;97.309860
25196906;97.237000
25198903;97.163185
25200910;97.088402
25202904;97.012665
25204908;96.974442
25206949;96.858322
25208935;96.779716
25210935;96.700157
25212932;96.619637
25214927;96.538170
25216949;96.455750
25218916;96.372375
25220909;96.288048
25222914;96.202774
25224910;96.116547
25226913;96.029373
25228952;95.941254
25230932;95.852188
25232927;95.762169
25234929;95.671211
25236932;95.579308
25238949;95.486458
25240913;95.392670
25242910;95.297935
25244907;95.202271
25246911;95.105659
25248908;95.008110
25250943;94.909622
25252932;94.810196
25254931;94.709839
25256937;94.608536
25258928;94.506317
25260950;94.403152
25262912;94.299057
25264910;94.194038
25266911;94.088081
25268911;93.981201
25270910;93.873390
25272951;93.764648
25274929;93.654999
25276932;93.544411
25278928;93.432907
25280928;93.320465
25282945;93.207123
25284914;93.092850
25286906;92.977646
25288908;92.861542
25290904;92.744514
25292957;92.626579
25294948;92.507729
25296932;92.387955
25298926;92.267273
25300928;92.145691
25302930;92.023193
25304946;91.961601
25306917;91.775475
25308907;91.650246
25310911;91.524117
25312910;91.397095
25314907;91.269157
25316948;91.140327
25318928;91.010597
25320933;90.879974
25322929;90.748444
25324931;90.616020
25326944;90.482712
25328912;90.348503
25330907;90.213394
25332912;90.077415
25334909;89.940529
25337020;89.802765
25338937;89.664108
25340932;89.524567
25342927;89.384140
25344929;89.242844
25346932;89.100662
25348940;88.957588
25350910;88.813644
25352909;88.668823
25354913;88.596085
25356908;88.376564
25358964;88.229126
25360950;88.080811
25362930;87.931625
25364930;87.781578
25366928;87.630661
25368932;87.478897
25370950;87.326256
25372934;87.172745
25374927;87.018379
25376937;86.863152
25378929;86.707069
25380949;86.550140
25382915;86.392349
25384904;86.233696
25386913;86.074203
25388907;85.913857
25390901;85.752663
25392947;85.590630
25394931;85.427750
25396939;85.264015
25398929;85.099449
25400922;84.934029
25402943;84.767799
25404919;84.600708
25406908;84.432793
25408908;84.264038
25410910;84.094452
25412948;83.924034
25414908;83.752808
25416903;83.580734
25418904;83.407845
25420906;83.234116
25422970;83.059601
25424947;82.884232
25426935;82.708069
25428929;82.531075
25430922;82.353271
25432928;82.174644
25434948;81.995216
25436908;81.814972
25438910;81.633934
25440908;81.452087
25442907;81.269424
25444944;81.085960
25446913;80.901703
25448905;80.716637
25450913;80.530800
25452908;80.344147
25454912;80.156700
25456944;79.968468
25458909;79.779449
25460910;79.589630
25462911;79.399048
25464909;79.207664
25466940;79.015503
25468910;78.822556
25470907;78.628838
25472905;78.434341
25474914;78.239082
25476912;78.043053
25478945;77.846237
25480932;77.648666
25482930;77.450310
25484929;77.251205
25486934;77.051338
25489024;76.850708
25490938;76.649315
25492932;76.447166
25494931;76.244263
25496933;76.040604
25498930;75.836205
25500948;75.631050
25502934;75.425148
25504926;75.321922
25506930;75.011108
25508928;74.802986
25510947;74.594131
25512910;74.384521
25514906;74.174179
25516911;73.963112
25518907;73.751305
25520914;73.538780
25522953;73.325546
25524933;73.111565
25526928;72.896866
25528933;72.681442
25530926;72.465324
25532944;72.248474
25534913;72.030922
25536908;71.812645
25538904;71.593658
25540904;71.373962
25542908;71.153572
25544947;70.932480
25546933;70.710686
25548929;70.488205
25550928;70.265007
25552926;70.041122
25554944;69.928932
25556911;69.591293
25558910;69.365349
25560906;69.138702
25562908;68.911385
25564904;68.683395
25566951;68.454712
25568934;68.225380
25570929;67.995354
25572929;67.764648
25574927;67.533287
25576956;67.301247
25578909;67.068550
25580911;66.835213
25582906;66.601196
25584907;66.366539
25586912;66.131203
25588947;65.895226
25590927;65.658585
25592924;65.421318
25594929;65.183395
25596934;64.944824
25598946;64.705612
25600913;64.465759
25602907;64.225273
25604906;63.984169
25606910;63.742416
25608904;63.500034
25610950;63.257027
25612931;63.013393
25614928;62.769138
25616932;62.524284
25618924;62.278790
25620950;62.032688
25622910;61.785965
25624913;61.538635
25626914;61.290707
25628905;61.042183
25630908;60.793037
25632949;60.543293
25634933;60.292953
25636933;60.042034
25638928;59.790508
25640929;59.538414
25642948;59.285706
25644911;59.032417
25646909;58.778542
25648908;58.524086
25650908;58.269054
25652908;58.013470
25654947;57.885437
25656933;57.500542
25658926;57.243221
25660927;56.985344
25662928;56.726898
25664942;56.467915
25666912;56.208355
25668912;55.948238
25670910;55.687569
25672907;55.426353
25674906;55.164589
25676952;54.902298
25678935;54.639446
25680927;54.376053
25682925;54.112125
25684923;53.847664
25686948;53.582676
25688912;53.317173
25690906;53.051144
25692913;52.784573
25694911;52.517479
25697021;52.249874
25698934;51.981766
25700928;51.713127
25702924;51.443977
25704930;51.174320
25706934;50.904156
25708945;50.633492
25710914;50.362350
25712910;50.090683
25714912;49.818527
25716910;49.545879
25718945;49.272743
25720918;48.999119
25722912;48.725033
25724908;48.450447
25726912;48.175381
25728907;47.899837
25730948;47.623821
25732927;47.347336
25734927;47.070408
25736934;46.792992
25738926;46.515114
25740945;46.236778
25742910;45.957981
25744905;45.678757
25746910;45.399082
25748907;45.118935
25750904;44.838341
25752948;44.557308
25754929;44.275837
25756929;43.993927
25758928;43.711601
25760930;43.428825
25762939;43.145622
25764915;42.861992
25766911;42.577938
25768911;42.293461
25770904;42.008595
25772910;41.723286
25774943;41.437569
25776933;41.151443
25778930;40.864910
25780928;40.577976
25782924;40.290661
25784946;40.002926
25786908;39.714794
25788909;39.426277
25790910;39.137363
25792911;38.848068
25794906;38.558411
25796940;38.268349
25798914;37.977936
25800909;37.687119
25802910;37.395935
25804910;37.250214
25807019;36.812485
25808935;36.520203
25810927;36.227558
25812933;35.934555
25814929;35.641201
25816928;35.347488
25818951;35.053455
25820917;34.759052
25822903;34.464306
25824910;34.169220
25826913;33.873795
25828950;33.578037
25830914;33.281975
25832911;32.985558
25834907;32.688812
25836910;32.391747
25838902;32.094360
25840950;31.796658
25842924;31.498665
25844930;31.200336
25846928;30.901703
25848927;30.602762
25850998;30.303522
25852929;30.004025
25854927;29.704189
25856929;29.404058
25858925;29.103638
25860927;28.802931
25862946;28.501940
25864928;28.200689
25866930;27.899137
25868925;27.597309
25870930;27.295212
25872944;26.992840
25874909;26.690207
25876909;26.387331
25878905;26.084169
25880910;25.780756
25882907;25.477085
25884942;25.173161
25886930;24.868990
25888931;24.564596
25890920;24.259939
25892928;23.955040
25894936;23.649906
25896918;23.344538
25898908;23.038939
25900909;22.733135
25902908;22.427086
25904948;22.120813
25906909;21.814348
25908908;21.507641
25910907;21.200726
25912905;20.893621
25914960;20.586288
25916946;20.278751
25918928;19.971016
25920928;19.663082
25922932;19.354956
25924926;19.046659
25926948;18.738153
25928929;18.429462
25930925;18.120588
25932926;17.811537
25934929;17.502310
25936948;17.192932
25938913;16.883362
25940912;16.573624
25942908;16.263723
25944907;15.953663
25946910;15.643445
25948948;15.333096
25950930;15.022570
25952930;14.711897
25954932;14.556519
25956930;14.090120
25958946;13.779022
25960908;13.467834
25962909;13.156466
25964904;12.844968
25966914;12.533342
25968907;12.221595
25970943;11.909726
25972930;11.597764
25974929;11.285663
25976928;10.973451
25978928;10.661130
25980952;10.348703
25982912;10.036177
25984912;9.723573
25986909;9.410850
25988911;9.098034
25991017;8.785129
25992932;8.472136
25994931;8.159060
25996933;7.845928
25998924;7.532693
26000929;7.219385
26002948;6.906006
26004930;6.592558
26006932;6.279069
26008926;5.965495
26010927;5.651861
26012951;5.338172
26014911;5.024454
26016911;4.710662
26018911;4.396848
26020912;4.082967
26022968;3.769045
26024947;3.455086
26026935;3.141093
26028927;2.827068
26030932;2.513040
26032930;2.198963
26034949;1.884865
26036907;1.570747
26038910;1.256615
26040908;0.942470
26042908;0.628339
26044907;0.314179
26046949;0.000015
26048933;-0.314149
26050927;-0.628309
26052930;-0.942463
26054929;-1.099525
26056948;-1.570717
26058913;-1.884835
26060912;-2.198933
26062908;-2.513010
26064908;-2.827062
26067018;-3.141062
26068937;-3.455031
26070927;-3.768990
26072926;-4.082912
26074926;-4.396794
26076932;-4.710632
26078953;-5.024400
26080912;-5.338142
26082910;-5.651831
26084918;-5.965465
26086914;-6.279039
26088963;-6.592552
26090944;-6.749272
26092928;-7.219356
26094930;-7.532664
26096930;-7.845898
26098928;-8.159054
26100941;-8.472131
26102910;-8.785099
26104907;-8.941574
26106913;-9.410820
26108910;-9.723543
26111011;-10.036171
26112936;-10.348699
26114931;-10.661099
26116929;-10.973421
26118932;-11.285633
26120930;-11.597733
26122948;-11.909697
26124936;-12.221565
26126936;-12.533291
26128932;-12.844914
26130930;-13.156412
26132948;-13.467780
26134912;-13.779016
26136917;-14.090115
26138908;-14.401050
26140916;-14.711868
26142914;-15.022542
26144946;-15.333065
26146931;-15.643438
26148926;-15.953633
26150928;-16.263695
26152930;-16.573595
26154943;-16.883331
26156915;-17.192902
26158908;-17.502304
26160904;-17.811506
26162907;-18.120560
26164908;-18.429432
26166951;-18.738123
26168928;-19.046631
26170929;-19.354950
26172929;-19.663054
26174927;-19.970985
26176948;-20.278700
26178917;-20.586235
26180910;-20.893570
26182904;-21.200695
26184912;-21.507589
26186911;-21.814295
26188949;-22.120785
26190927;-22.427057
26192931;-22.733107
26194928;-23.038933
26196929;-23.344507
26198949;-23.649876
26200907;-23.955011
26202903;-24.259909
26204908;-24.564569
26206909;-24.868984
26208908;-25.173134
26210943;-25.477055
26212917;-25.780725
26214907;-26.084143
26216909;-26.387300
26218910;-26.690201
26221023;-26.992813
26222935;-27.295181
26224929;-27.597281
26226933;-27.899107
26228930;-28.200659
26230926;-28.501909
26232944;-28.802877
26234912;-29.103586
26236913;-29.404009
26238910;-29.704138
26240905;-30.003973
26242946;-30.303516
26244913;-30.602736
26246908;-30.901674
26248904;-31.200310
26250908;-31.498638
26252912;-31.796652
26254951;-31.945532
26256936;-32.391720
26258931;-32.688786
26260927;-32.985527
26262927;-33.281944
26264942;-33.578033
26266904;-33.873791
26268907;-34.169189
26270911;-34.464279
26272911;-34.759026
26274905;-35.053425
26276947;-35.347485
26278938;-35.641193
26280931;-35.934525
26282925;-36.227528
26284926;-36.520149
26286953;-36.812435
26288914;-37.104355
26290910;-37.395885
26292909;-37.687073
26294913;-37.977882
26296912;-38.268322
26298951;-38.558380
26300931;-38.848064
26302930;-39.137337
26304923;-39.281853
26306929;-39.714767
26308942;-40.002899
26310910;-40.290634
26312904;-40.577969
26314910;-40.864883
26316914;-41.151417
26318909;-41.437542
26320945;-41.723259
26322930;-42.008568
26324932;-42.293461
26326932;-42.577911
26328926;-42.861965
26330947;-43.145596
26332910;-43.428799
26334909;-43.711575
26336912;-43.993919
26338909;-44.275787
26340912;-44.557262
26342945;-44.838295
26344928;-45.118885
26346925;-45.399033
26348925;-45.678730
26350922;-45.957954
26352948;-46.236752
26354910;-46.515087
26356908;-46.792965
26358910;-47.070381
26360914;-47.347332
26362912;-47.623795
26364950;-47.899811
26366931;-48.175350
26368929;-48.450413
26370928;-48.725002
26372927;-48.999111
26374946;-49.272713
26376905;-49.545849
26378910;-49.818497
26380911;-50.090652
26382907;-50.362312
26384907;-50.633476
26386948;-50.904125
26388936;-51.174290
26390926;-51.443947
26392925;-51.713074
26394931;-51.981712
26396949;-52.249836
26398917;-52.517433
26400915;-52.784519
26402917;-53.051098
26404910;-53.184174
26407032;-53.582661
26408933;-53.847660
26410930;-54.112095
26412926;-54.376022
26414928;-54.639416
26416936;-54.902267
26418943;-55.164574
26420915;-55.426342
26422907;-55.687542
26424910;-55.948212
26426910;-56.208324
26428908;-56.467884
26430942;-56.726891
26432934;-56.985329
26434927;-57.243191
26436932;-57.500511
26438926;-57.757259
26440950;-58.013439
26442908;-58.269047
26444905;-58.524078
26446905;-58.778496
26448909;-59.032368
26450911;-59.285660
26452948;-59.538364
26454931;-59.790482
26456932;-60.041992
26458925;-60.292923
26460931;-60.543270
26462947;-60.793011
26464913;-61.042152
26466910;-61.290695
26468914;-61.538612
26470913;-61.785934
26472908;-62.032658
26474948;-62.278767
26476935;-62.524254
26478928;-62.769127
26480928;-63.013363
26482929;-63.256996
26484944;-63.500004
26486910;-63.742386
26488911;-63.984142
26490912;-64.225266
26492909;-64.465729
26494907;-64.705582
26496949;-64.944801
26498936;-65.183365
26500927;-65.421280
26502929;-65.658554
26504926;-65.895172
26506945;-66.131157
26508914;-66.366493
26510908;-66.601166
26512909;-66.835190
26514910;-67.068550
26516953;-67.301224
26518913;-67.533264
26520907;-67.764626
26522904;-67.995323
26524908;-68.225349
26526909;-68.454704
26528947;-68.683365
26530934;-68.911362
26532927;-69.138680
26534925;-69.365326
26536930;-69.591270
26538940;-69.816536
26540908;-70.041100
26542906;-70.264984
26544907;-70.488174
26546906;-70.710670
26548913;-70.932472
26550942;-71.153572
26552932;-71.373947
26554933;-71.483871
26556932;-71.812607
26558930;-72.030884
26560942;-72.248444
26562912;-72.465302
26564912;-72.681419
26566908;-72.896843
26568904;-73.111549
26570908;-73.325523
26572952;-73.538780
26574930;-73.751305
26576934;-73.963097
26578931;-74.174164
26580930;-74.384499
26582951;-74.594101
26584915;-74.802979
26586915;-75.011101
26588906;-75.218483
26590911;-75.425125
26592908;-75.631035
26594948;-75.836189
26596935;-76.040581
26598930;-76.244255
26600929;-76.447144
26602931;-76.649307
26604945;-76.850685
26606914;-77.051308
26608909;-77.251175
26610911;-77.450302
26612910;-77.648628
26614914;-77.846230
26616951;-78.043022
26618934;-78.239052
26620929;-78.434334
26622927;-78.628822
26624926;-78.822556
26626948;-79.015488
26628912;-79.207634
26630911;-79.399033
26632907;-79.589615
26634909;-79.779442
26636911;-79.968452
26638947;-80.156693
26640926;-80.344131
26642925;-80.530762
26644931;-80.716637
26646929;-80.901680
26648948;-81.085953
26650914;-81.269409
26652904;-81.452049
26654906;-81.633919
26656909;-81.814957
26658908;-81.995216
26660946;-82.174629
26662927;-82.353264
26664927;-82.531059
26666931;-82.708046
26668929;-82.884232
26670940;-83.059578
26672909;-83.234131
26674910;-83.407837
26676909;-83.580719
26678909;-83.752808
26680911;-83.924034
26682948;-84.094467
26684930;-84.264030
26686929;-84.432808
26688929;-84.600685
26690929;-84.767761
26692951;-84.934021
26694914;-85.099419
26696914;-85.264000
26698912;-85.427719
26700907;-85.590591
26702908;-85.752647
26704949;-85.913834
26706936;-86.074188
26708928;-86.233673
26710926;-86.392334
26712925;-86.550117
26714948;-86.707047
26716907;-86.863136
26718908;-87.018356
26720910;-87.172737
26722907;-87.326225
26724908;-87.478867
26726945;-87.630653
26728935;-87.781563
26730928;-87.931618
26732931;-88.080795
26734932;-88.229118
26736941;-88.376549
26738906;-88.523109
26740909;-88.668816
26742911;-88.813629
26744913;-88.957581
26747015;-89.100639
26748934;-89.242813
26750924;-89.384140
26752931;-89.524551
26754933;-89.664101
26756933;-89.802750
26758951;-89.940506
26760916;-90.077400
26762912;-90.213379
26764906;-90.348495
26766908;-90.482697
26768947;-90.616020
26770916;-90.748444
26772911;-90.879959
26774908;-91.010597
26776905;-91.140320
26778908;-91.269165
26780952;-91.397079
26782933;-91.524109
26784923;-91.650238
26786928;-91.775452
26788929;-91.899780
26790946;-92.023178
26792916;-92.145691
26794911;-92.267273
26796911;-92.387924
26798908;-92.507706
26800907;-92.626556
26802947;-92.744507
26804932;-92.803131
26806929;-92.977623
26808928;-93.092827
26810926;-93.207092
26812947;-93.320450
26814912;-93.432877
26816909;-93.544403
26818912;-93.654976
26820917;-93.764633
26822908;-93.873383
26824942;-93.981186
26826938;-94.088074
26828932;-94.194016
26830929;-94.299034
26832929;-94.403145
26834948;-94.506294
26836909;-94.608536
26838910;-94.709824
26840909;-94.810196
26842915;-94.909607
26844904;-95.008095
26846944;-95.105652
26848931;-95.202255
26850925;-95.297935
26852929;-95.392662
26854931;-95.439674
26856943;-95.579300
26858910;-95.671204
26860909;-95.762169
26862910;-95.852180
26864912;-95.941254
26866908;-96.029373
26868950;-96.116539
26870932;-96.202766
26872931;-96.288040
26874926;-96.372375
26876934;-96.455742
26878947;-96.538162
26880905;-96.619637
26882910;-96.700150
26884910;-96.779716
26886907;-96.858315
26888910;-96.935974
26890951;-97.012665
26892932;-97.088394
26894928;-97.163177
26896929;-97.236992
26898930;-97.309860
26900951;-97.381752
26902910;-97.452690
26904907;-97.522659
26906906;-97.591667
26908909;-97.659721
26910908;-97.726807
26912947;-97.792923
26914928;-97.858086
26916932;-97.922272
26918927;-97.985497
26920929;-98.047760
26922950;-98.109047
26924904;-98.169365
26926908;-98.228714
26928908;-98.287109
26930906;-98.344513
26932960;-98.400963
26934947;-98.456429
26936933;-98.510925
26938928;-98.564461
26940925;-98.617012
26942926;-98.668594
26944948;-98.719200
26946906;-98.768837
26948910;-98.817490
26950905;-98.865166
26952910;-98.911880
26954938;-98.957611
26956944;-99.002365
26958932;-99.046143
26960928;-99.088936
26962928;-99.130760
26964930;-99.171600
26966948;-99.211472
26968912;-99.250351
26970910;-99.288261
26972915;-99.325188
26974911;-99.361130
26976945;-99.396095
26978913;-99.430077
26980905;-99.463081
26982907;-99.495102
26984912;-99.526138
26986912;-99.556198
26988950;-99.585274
26990909;-99.613365
26992910;-99.640472
26994908;-99.666595
26996905;-99.691734
26998946;-99.715889
27000912;-99.739059
27002909;-99.761246
27004909;-99.771973
27006906;-99.802673
27008914;-99.821907
27010949;-99.840157
27012931;-99.857414
27014926;-99.873695
27016932;-99.888985
27018929;-99.903290
27020951;-99.916611
27022909;-99.928947
27024914;-99.940292
27026916;-99.950653
27028911;-99.960030
