Timestamp;.superwatch_ch00
0;96.538170
2620;96.414177
4599;96.330330
6594;96.288048
8598;96.159782
10621;96.073082
12595;95.985428
14594;95.941254
16596;95.852188
18597;95.716812
20599;95.625374
22593;95.533005
24630;95.439682
26582;95.392670
28578;95.250221
30577;95.154076
32572;95.105659
34636;94.958984
36619;94.909622
38602;94.760132
40596;94.659302
42598;94.557549
44592;94.454849
46626;94.403152
48600;94.246666
50602;94.141174
52594;94.034752
54597;93.927414
56625;93.873390
58584;93.709938
60575;93.654999
62578;93.488770
64576;93.376801
66575;93.320465
68627;93.150101
70599;93.035362
72597;92.919716
74597;92.803146
76596;92.744514
78624;92.567268
80586;92.447952
82582;92.327728
84577;92.206596
86575;92.145691
88579;91.961601
90626;91.899780
92600;91.712967
94596;91.587296
96598;91.524117
98600;91.333237
100627;91.204857
102590;91.075584
104573;91.010597
106577;90.879974
108575;90.682343
110578;90.549477
112619;90.415726
114600;90.281067
116601;90.213394
118600;90.009079
120595;89.871750
122620;89.733551
124579;89.594452
126578;89.524567
128573;89.313599
130577;89.171860
132634;89.029228
134622;88.885727
136594;88.813644
138599;88.596085
140597;88.449951
142595;88.302948
144624;88.155067
146598;88.080811
148595;87.856712
150597;87.706230
152597;87.554893
154623;87.402679
156581;87.326256
158574;87.095680
160581;86.940880
162570;86.863152
164576;86.707069
166622;86.550140
168602;86.313126
170596;86.154068
172599;85.994141
174596;85.833374
176626;85.752663
178574;85.509285
180574;85.345985
182580;85.181847
184579;85.016853
186581;84.934029
188620;84.684357
190596;84.516853
192598;84.348511
194598;84.179352
196599;84.094452
198615;83.838524
200579;83.666870
202574;83.494385
204579;83.321075
206578;83.234116
208625;82.972023
210581;82.796249
212576;82.619667
214575;82.442268
216579;82.353271
218579;82.085037
220625;81.905197
222599;81.724556
224597;81.543098
226593;81.452087
228595;81.177780
230620;80.993942
232585;80.809280
234570;80.716637
236576;80.530800
238580;80.250511
240577;80.062675
242617;79.874062
244602;79.684647
246600;79.589630
248599;79.303452
250599;79.111679
252622;78.919128
254575;78.725800
256578;78.628838
258578;78.336807
260574;78.239082
262624;77.944740
264580;77.747559
266574;77.648666
268579;77.350861
270573;77.251205
272578;76.951111
274620;76.750099
276601;76.649315
278598;76.345810
280594;76.142532
282594;75.938499
284624;75.733719
286581;75.631050
288575;75.321922
290580;75.114906
292582;74.907150
294581;74.698647
296624;74.594131
298603;74.279442
300596;74.068748
302595;73.857307
304596;73.645142
306629;73.538780
308586;73.218636
310577;73.004295
312574;72.789253
314581;72.681442
316574;72.465324
318624;72.139786
320602;71.921860
322601;71.703232
324597;71.483910
326596;71.373962
328619;71.043121
330585;70.821671
332578;70.599525
334579;70.376678
336578;70.265007
338579;69.928932
340625;69.704010
342597;69.478401
344596;69.252106
346591;69.138702
348597;68.797478
350615;68.569145
352578;68.340126
354571;68.225380
356577;67.995354
358581;67.649040
360626;67.417358
362578;67.184998
364576;67.068550
366581;66.835213
368582;66.483948
370576;66.248940
372621;66.013298
374601;65.776993
376593;65.658585
378595;65.302429
380590;65.064178
382743;64.825287
384602;64.585777
386602;64.465759
388603;64.104805
390596;63.863361
392598;63.621296
394620;63.378597
396601;63.257027
398598;62.891354
400594;62.646790
402597;62.401604
404620;62.155807
406577;62.032688
408582;61.662388
410579;61.414753
412579;61.166519
414576;60.917675
416623;60.793037
418596;60.418213
420594;60.167568
422600;59.916359
424598;59.664536
426623;59.538414
428573;59.159122
430578;58.905560
432576;58.651394
434580;58.396656
436582;58.269054
438626;57.885437
440595;57.628979
442600;57.371964
444593;57.114365
446594;56.985344
448621;56.597477
450578;56.338192
452573;56.078358
454578;55.817978
456577;55.687569
458574;55.295544
460622;55.033512
462599;54.770927
464596;54.639446
466601;54.376053
468601;53.979977
470617;53.715248
472580;53.449989
474578;53.184204
476579;53.051144
478571;52.651100
480621;52.383751
482577;52.115883
484576;51.847500
486576;51.713127
488584;51.309196
490578;51.039307
492625;50.768894
494599;50.497978
496593;50.362350
498599;49.954655
500597;49.682255
502732;49.409382
504601;49.136005
506597;48.999119
508599;48.587791
510596;48.312962
512595;48.037659
514625;47.761898
516597;47.623821
518605;47.208931
520595;46.931747
522598;46.654099
524716;46.375992
526602;46.236778
528596;45.818428
530596;45.538975
532590;45.259052
534595;44.978683
536624;44.838341
538603;44.416637
540598;44.134945
542596;43.852818
544595;43.570255
546625;43.428825
548584;43.003849
550577;42.720028
552584;42.435760
554583;42.151081
556573;42.008595
558623;41.580467
560602;41.294567
562597;41.008240
564596;40.721504
566595;40.577976
568623;40.146832
570602;39.858898
572598;39.570599
574598;39.281879
576597;39.137363
578726;38.703285
580605;38.413418
582601;38.123165
584598;37.832584
586595;37.687119
588605;37.250214
590623;36.958477
592601;36.666374
594594;36.373913
596596;36.227558
598601;35.787930
600626;35.494400
602578;35.200516
604577;34.906284
606575;34.759052
608577;34.316818
610620;34.021561
612580;33.725971
614571;33.578037
616574;33.281975
618576;32.837212
620574;32.540329
622622;32.243107
624578;31.945559
626576;31.796658
628573;31.349527
630579;31.051048
632577;30.752283
634621;30.453190
636594;30.303522
638599;29.854134
640595;29.554150
642596;29.253874
644627;28.953331
646577;28.802931
648580;28.351349
650581;28.049934
652574;27.748245
654576;27.597309
656624;27.295212
658608;26.841568
660598;26.538801
662595;26.235771
664594;25.932482
666619;25.780756
668576;25.325165
670571;25.021118
672577;24.716824
674578;24.412287
676622;24.259939
678581;23.802490
680576;23.497261
682572;23.191778
684579;22.886066
686635;22.733135
688621;22.273966
690602;21.967585
692596;21.661034
694595;21.354221
696596;21.200726
698624;20.739969
700588;20.432533
702576;20.124922
704576;19.817085
706576;19.663082
708733;19.200832
710600;18.892418
712593;18.583818
714600;18.275061
716601;18.120588
718597;17.656956
720626;17.347641
722598;17.038157
724600;16.728500
726594;16.573624
728599;16.108725
730620;15.798585
732573;15.488288
734575;15.177840
736574;15.022570
738577;14.556519
740579;14.245629
742622;13.934599
744602;13.623433
746597;13.467834
748601;13.000721
750597;12.689183
752627;12.377496
754581;12.065687
756577;11.909726
758578;11.441715
760579;11.129559
762574;10.817315
764628;10.661130
766602;10.348703
768601;9.879887
770593;9.567211
772595;9.254441
774623;8.941605
776583;8.785129
778581;8.315620
780574;8.002504
782582;7.689308
784628;7.376037
786580;7.219385
788577;6.749302
790579;6.435822
792577;6.122278
794572;5.808673
796626;5.651861
798609;5.181319
800592;4.867576
802593;4.553761
804595;4.239901
806624;4.082967
808579;3.612057
810579;3.298105
812582;2.984096
814574;2.670057
816579;2.513040
818627;2.041904
820599;1.727796
822599;1.413695
824598;1.099556
826596;0.942470
828627;0.471248
830581;0.157085
832578;-0.157079
834574;-0.471218
836578;-0.628309
838633;-1.099525
840620;-1.256585
842597;-1.727790
844596;-2.041898
846598;-2.198933
848600;-2.670027
850622;-2.984066
852602;-3.298074
854601;-3.612027
856595;-3.768990
858597;-4.239846
860630;-4.553706
862580;-4.867522
864580;-5.181289
866574;-5.338142
868578;-5.808643
870579;-6.122248
872619;-6.435792
874600;-6.749272
876598;-6.905976
878600;-7.376031
880590;-7.689279
882628;-8.002474
884582;-8.315591
886580;-8.472131
888573;-8.941574
890580;-9.254436
892574;-9.567182
894623;-9.879857
896599;-10.036171
898601;-10.504911
900595;-10.817286
902594;-11.129552
904731;-11.441686
906600;-11.597733
908601;-12.065634
910600;-12.377443
912595;-12.689130
914596;-12.844914
916626;-13.156412
918606;-13.623403
920590;-13.934570
922598;-14.245600
924596;-14.556490
926627;-14.711868
928582;-15.177811
930582;-15.488259
932574;-15.798555
934577;-16.108694
936621;-16.263695
938585;-16.728497
940582;-17.038126
942578;-17.347612
944580;-17.656927
946581;-17.811506
948623;-18.275030
950575;-18.583813
952578;-18.892389
954577;-19.200802
956573;-19.354950
958737;-19.817057
960604;-20.124868
962596;-20.432505
964600;-20.739916
966597;-20.893570
968602;-21.354168
970622;-21.660980
972580;-21.967579
974575;-22.273960
976582;-22.427057
978582;-22.886036
980624;-23.191748
982589;-23.497232
984581;-23.802485
986578;-23.955011
988571;-24.412256
990575;-24.716795
992612;-25.021088
994580;-25.325138
996575;-25.477055
998583;-25.932476
1000577;-26.235741
1002625;-26.538771
1004579;-26.841539
1006577;-26.992813
1008574;-27.446276
1010575;-27.748240
1012577;-28.049908
1014624;-28.351297
1016603;-28.501909
1018603;-28.953281
1020601;-29.253843
1022594;-29.554098
1024627;-29.854084
1026574;-30.003973
1028579;-30.453163
1030572;-30.602736
1032575;-30.901674
1034577;-31.349501
1036620;-31.498638
1038602;-31.945532
1040600;-32.243076
1042591;-32.540302
1044597;-32.837208
1046622;-32.985527
1048580;-33.430019
1050580;-33.725945
1052586;-34.021534
1054574;-34.316792
1056576;-34.464279
1058625;-34.906258
1060598;-35.200489
1062596;-35.494373
1064595;-35.641193
1066598;-35.934525
1068623;-36.373882
1070581;-36.666325
1072580;-36.958427
1074578;-37.250168
1076578;-37.395885
1078579;-37.832535
1080622;-38.123161
1082607;-38.413387
1084595;-38.703259
1086593;-38.848064
1088595;-39.281853
1090623;-39.570568
1092575;-39.858894
1094571;-40.146805
1096577;-40.290634
1098578;-40.721478
1100577;-41.008209
1102619;-41.294540
1104598;-41.580467
1106601;-41.723259
1108596;-42.151054
1110592;-42.435734
1112622;-42.720001
1114571;-42.861965
1116573;-43.145596
1118577;-43.570229
1120581;-43.852791
1122581;-44.134895
1124625;-44.416592
1126596;-44.557262
1128601;-44.978657
1130594;-45.259007
1132598;-45.538925
1134624;-45.818401
1136580;-45.957954
1138581;-46.375988
1140576;-46.654095
1142580;-46.931721
1144720;-47.208904
1146608;-47.347332
1148600;-47.761871
1150594;-48.037647
1152601;-48.312950
1154597;-48.587757
1156622;-48.725002
1158604;-49.135971
1160595;-49.409351
1162590;-49.682243
1164598;-49.954624
1166616;-50.090652
1168580;-50.497948
1170572;-50.768864
1172576;-51.039280
1174581;-51.309193
1176577;-51.443947
1178626;-51.847446
1180598;-52.115829
1182599;-52.383698
1184598;-52.651054
1186595;-52.784519
1188622;-53.184174
1190583;-53.449959
1192576;-53.715218
1194583;-53.979946
1196581;-54.112095
1198580;-54.507797
1200623;-54.770897
1202597;-55.033482
1204595;-55.295517
1206599;-55.426342
1208595;-55.817951
1210624;-56.078346
1212583;-56.338161
1214575;-56.467884
1216574;-56.726891
1218573;-57.114334
1220569;-57.243191
1222628;-57.628967
1224599;-57.885414
1226598;-58.013439
1228597;-58.396626
1230598;-58.651344
1232622;-58.905514
1234577;-59.159096
1236576;-59.285660
1238576;-59.664490
1240572;-59.916313
1242624;-60.167545
1244579;-60.418182
1246573;-60.543270
1248573;-60.917645
1250575;-61.166489
1252577;-61.414730
1254623;-61.662357
1256602;-61.785934
1258599;-62.155796
1260597;-62.401573
1262595;-62.646759
1264622;-62.891323
1266584;-63.013363
1268578;-63.378590
1270574;-63.621284
1272575;-63.863338
1274575;-64.104774
1276625;-64.225266
1278600;-64.585747
1280601;-64.825279
1282596;-65.064171
1284597;-65.302383
1286629;-65.421280
1288585;-65.776947
1290577;-66.013260
1292570;-66.248917
1294574;-66.483917
1296573;-66.601166
1298617;-66.951942
1300579;-67.184967
1302574;-67.417336
1304573;-67.649033
1306578;-67.764626
1308736;-68.110413
1310607;-68.340096
1312598;-68.569115
1314597;-68.797455
1316600;-68.911362
1318596;-69.252083
1320614;-69.478378
1322582;-69.703987
1324576;-69.928902
1326577;-70.041100
1328579;-70.376678
1330627;-70.599503
1332621;-70.821648
1334598;-71.043098
1336595;-71.153572
1338599;-71.483871
1340600;-71.703209
1342617;-71.921829
1344584;-72.139755
1346572;-72.248444
1348581;-72.573456
1350576;-72.789230
1352575;-73.004295
1354621;-73.218613
1356596;-73.325523
1358606;-73.645126
1360593;-73.857292
1362590;-74.068726
1364629;-74.174164
1366577;-74.384499
1368576;-74.698624
1370575;-74.907127
1372580;-75.114883
1374633;-75.321899
1376619;-75.425125
1378603;-75.733711
1380596;-75.938477
1382595;-76.142525
1384596;-76.345787
1386625;-76.447144
1388576;-76.750092
1390581;-76.951096
1392580;-77.151337
1394580;-77.350845
1396581;-77.450302
1398625;-77.747513
1400600;-77.944717
1402598;-78.141136
1404593;-78.336807
1406595;-78.434334
1408619;-78.725777
1410587;-78.919121
1412576;-79.111656
1414574;-79.303444
1416576;-79.399033
1418577;-79.684639
1420628;-79.874046
1422596;-80.062660
1424596;-80.250511
1426597;-80.344131
1428601;-80.623817
1430623;-80.809258
1432580;-80.993912
1434572;-81.177780
1436573;-81.269409
1438571;-81.543098
1440623;-81.724533
1442581;-81.905197
1444573;-82.085022
1446579;-82.174629
1448580;-82.442261
1450577;-82.619652
1452622;-82.796249
1454596;-82.972008
1456591;-83.059578
1458599;-83.321091
1460598;-83.494377
1462625;-83.666878
1464573;-83.838524
1466572;-83.924034
1468576;-84.179352
1470572;-84.348511
1472578;-84.516838
1474623;-84.684326
1476595;-84.767761
1478603;-85.016823
1480598;-85.181801
1482600;-85.345963
1484625;-85.509262
1486579;-85.590591
1488575;-85.833344
1490575;-85.994102
1492577;-86.154037
1494579;-86.313095
1496615;-86.392334
1498607;-86.628685
1500600;-86.785210
1502598;-86.940849
1504595;-87.095634
1506619;-87.172737
1508577;-87.402657
1510578;-87.554878
1512577;-87.706215
1514581;-87.781563
1516628;-87.931618
1518623;-88.006317
1520597;-88.302948
1522594;-88.449944
1524595;-88.596085
1526600;-88.668816
1528623;-88.885704
1530581;-89.029221
1532580;-89.171837
1534582;-89.313599
1536582;-89.384140
1538624;-89.594421
1540578;-89.733536
1542577;-89.871742
1544570;-89.940506
1546576;-90.077400
1548580;-90.281067
1550622;-90.415703
1552597;-90.549461
1554600;-90.682343
1556591;-90.748444
1558595;-90.945396
1560623;-91.075569
1562584;-91.204849
1564576;-91.333237
1566574;-91.397079
1568582;-91.587296
1570575;-91.712967
1572623;-91.837738
1574596;-91.961601
1576593;-92.023178
1578599;-92.206596
1580592;-92.327705
1582621;-92.447945
1584583;-92.567245
1586583;-92.626556
1588576;-92.803131
1590582;-92.861526
1592628;-93.035355
1594588;-93.150070
1596577;-93.207092
1598580;-93.320450
1600574;-93.488747
1602575;-93.599800
1604629;-93.709923
1606592;-93.764633
1608601;-93.927399
1610597;-94.034737
1612595;-94.141159
1614624;-94.246643
1616583;-94.299034
1618579;-94.403145
1620574;-94.506294
1622576;-94.659294
1624576;-94.760117
1626621;-94.810196
1628605;-94.958969
1630596;-95.056999
1632593;-95.154068
1634595;-95.250206
1636617;-95.297935
1638581;-95.392662
1640573;-95.486443
1642578;-95.625374
1644577;-95.716789
1646581;-95.762169
1648624;-95.896828
1650602;-95.985428
1652598;-96.073074
1654598;-96.159782
1656593;-96.202766
1658622;-96.330322
1660578;-96.414177
1662578;-96.497070
1664577;-96.538162
1666577;-96.619637
1668574;-96.740044
1670620;-96.819138
1672602;-96.897255
1674596;-96.974442
1676598;-97.012665
1678599;-97.125916
1680625;-97.200203
1682579;-97.273544
1684580;-97.345924
1686577;-97.381752
1688582;-97.487793
1690582;-97.557281
1692621;-97.625809
1694605;-97.693382
1696597;-97.726807
1698599;-97.825630
1700593;-97.890297
1702621;-97.954010
1704579;-98.016754
1706577;-98.047760
1708579;-98.139336
1710580;-98.199165
1712577;-98.258034
1714623;-98.315933
1716601;-98.344513
1718596;-98.428818
1720597;-98.483803
1722598;-98.537811
1724625;-98.590858
1726580;-98.617012
1728586;-98.694023
1730579;-98.744133
1732582;-98.793289
1734618;-98.841454
1736578;-98.865166
1738581;-98.911880
1740580;-98.980103
1742580;-99.024376
1744576;-99.067665
1746622;-99.088936
1748599;-99.151306
1750600;-99.191666
1752596;-99.231033
1754600;-99.269424
1756622;-99.288261
1758575;-99.325188
1760575;-99.378738
1762582;-99.413208
1764579;-99.446701
1766584;-99.463081
1768620;-99.510742
1770595;-99.541298
1772595;-99.570862
1774593;-99.599442
1776592;-99.613365
1778620;-99.653656
1780580;-99.679283
1782576;-99.703934
1784576;-99.727600
1786572;-99.739059
1788585;-99.771973
1790620;-99.792686
1792604;-99.812408
1794600;-99.831161
1796598;-99.840157
1798599;-99.865677
1800627;-99.881462
1802582;-99.896263
1804579;-99.910072
1806575;-99.916611
1808580;-99.934746
1810577;-99.945602
1812623;-99.955460
1814597;-99.960030
1816595;-99.968414
1818594;-99.979149
1820598;-99.985069
1822624;-99.990005
1824602;-99.993958
1826593;-99.995560
1828598;-99.998894
1830598;-99.999878
1832623;-99.999878
1834580;-99.998894
1836579;-99.998024
1838577;-99.995560
1840574;-99.990013
1842579;-99.985077
1844625;-99.979149
1846601;-99.975815
1848598;-99.964348
1850596;-99.955467
1852594;-99.945602
1854631;-99.934746
1856583;-99.928955
1858573;-99.916611
1860577;-99.896263
1862577;-99.881462
1864576;-99.865685
1866628;-99.857422
1868602;-99.831161
1870594;-99.812416
1872591;-99.792686
1874597;-99.771973
1876624;-99.761253
1878579;-99.739059
1880577;-99.703934
1882574;-99.679283
1884577;-99.653656
1886572;-99.640472
1888622;-99.599442
1890600;-99.570862
1892598;-99.541298
1894598;-99.510750
1896596;-99.495102
1898620;-99.446709
1900580;-99.413208
1902581;-99.378738
1904574;-99.343285
1906580;-99.325195
1908577;-99.269440
1910624;-99.231041
1912601;-99.191666
1914595;-99.151314
1916597;-99.130768
1918597;-99.067673
1920619;-99.024384
1922585;-98.980118
1924577;-98.934868
1926575;-98.911888
1928576;-98.841461
1930736;-98.793289
1932603;-98.744148
1934596;-98.694023
1936594;-98.668602
1938601;-98.590866
1940599;-98.537827
1942621;-98.483810
1944595;-98.428825
1946592;-98.400970
1948600;-98.315941
1950595;-98.258049
1952619;-98.199181
1954582;-98.139343
1956580;-98.109062
1958582;-98.047760
1960571;-97.985512
1962577;-97.890312
1964622;-97.858093
1966578;-97.792938
1968576;-97.693398
1970579;-97.625824
1972576;-97.557297
1974573;-97.487801
1976620;-97.452698
1978602;-97.345924
1980592;-97.273552
1982596;-97.200203
1984598;-97.125916
1986625;-97.088402
1988605;-96.974442
1990598;-96.897270
1992594;-96.819138
1994595;-96.740051
1996622;-96.700165
1998580;-96.619637
2000578;-96.497086
2002575;-96.414177
2004575;-96.330330
2006580;-96.288055
2008624;-96.159782
2010603;-96.073074
2012598;-95.985443
2014599;-95.896851
2016596;-95.852188
2018627;-95.716820
2020576;-95.671227
2022579;-95.533012
2024574;-95.439697
2026575;-95.392677
2028573;-95.250237
2030625;-95.154083
2032598;-95.057007
2034596;-94.958984
2036596;-94.909630
2038600;-94.760147
2040624;-94.659309
2042600;-94.557556
2044596;-94.454849
2046593;-94.403160
2048602;-94.246681
2050621;-94.141182
2052583;-94.034767
2054571;-93.927414
2056572;-93.873390
2058582;-93.709961
2060575;-93.599823
2062622;-93.488785
2064599;-93.376801
2066594;-93.320473
2068603;-93.150093
2070596;-93.035370
2072621;-92.919724
2074581;-92.803154
2076585;-92.744522
2078587;-92.567268
2080576;-92.447960
2082578;-92.327744
2084626;-92.206596
2086596;-92.145691
2088601;-91.961601
2090593;-91.837738
2092595;-91.712967
2094624;-91.587296
2096579;-91.524124
2098582;-91.333237
2100575;-91.204865
2102573;-91.075569
2104575;-90.945396
2106621;-90.879974
2108602;-90.682343
2110596;-90.549484
2112590;-90.415703
2114598;-90.348495
2116624;-90.213409
2118578;-90.009079
2120575;-89.871780
2122575;-89.733559
2124574;-89.594475
2126577;-89.524590
2128623;-89.313622
2130600;-89.171890
2132599;-89.029243
2134594;-88.885750
2136601;-88.813675
2138621;-88.596107
2140579;-88.449959
2142578;-88.302971
2144575;-88.155106
2146578;-88.080818
2148575;-87.856735
2150623;-87.706238
2152599;-87.554901
2154601;-87.402702
2156595;-87.326256
2158602;-87.095680
2160618;-86.940872
2162582;-86.785233
2164576;-86.628708
2166578;-86.550140
2168583;-86.313148
2170637;-86.154060
2172618;-85.994148
2174595;-85.833374
2176595;-85.752670
2178597;-85.509315
2180599;-85.345993
2182623;-85.181847
2184579;-85.016846
2186576;-84.934044
2188581;-84.684349
2190576;-84.516861
2192579;-84.348534
2194622;-84.179352
2196598;-84.094467
2198603;-83.838524
2200597;-83.666878
2202590;-83.494408
2204623;-83.321091
2206605;-83.234131
2208604;-82.972008
2210603;-82.796249
2212595;-82.619652
2214621;-82.442261
2216575;-82.353264
2218577;-82.174629
2220582;-81.905197
2222582;-81.724533
2224574;-81.543098
2226627;-81.452080
2228603;-81.177811
2230595;-80.993965
2232598;-80.809288
2234597;-80.623840
2236623;-80.530823
2238584;-80.344162
2240574;-80.062714
2242575;-79.874077
2244575;-79.684669
2246575;-79.589668
2248627;-79.303474
2250599;-79.111710
2252596;-78.919151
2254595;-78.725830
2256596;-78.628883
2258626;-78.336838
2260575;-78.141197
2262583;-77.944756
2264578;-77.846252
2266577;-77.648659
2268575;-77.350876
2270622;-77.151367
2272604;-76.951126
2274598;-76.750122
2276598;-76.649307
2278602;-76.345825
2280624;-76.142525
2282577;-75.938507
2284577;-75.733742
2286571;-75.631042
2288583;-75.321938
2290576;-75.114906
2292624;-74.907158
2294601;-74.698639
2296596;-74.594131
2298600;-74.279465
2300598;-74.068741
2302628;-73.857323
2304581;-73.645142
2306578;-73.538795
2308582;-73.218666
2310581;-73.004303
2312576;-72.789261
2314623;-72.573471
2316597;-72.465317
2318597;-72.139763
2320590;-71.921860
2322599;-71.703247
2324627;-71.483887
2326585;-71.373962
2328578;-71.043098
2330578;-70.821671
2332581;-70.599533
2334576;-70.376678
2336627;-70.265030
2338607;-69.928940
2340600;-69.816574
2342592;-69.478439
2344594;-69.252129
2346621;-69.138733
2348585;-68.797493
2350580;-68.569168
2352577;-68.340134
2354577;-68.110466
2356582;-67.995377
2358623;-67.649063
2360597;-67.417389
2362593;-67.185005
2364590;-66.951988
2366595;-66.835243
2368622;-66.483955
2370577;-66.248970
2372579;-66.013298
2374582;-65.777000
2376575;-65.658607
2378637;-65.302437
2380624;-65.064201
2382601;-64.825294
2384593;-64.585785
2386601;-64.465782
2388599;-64.104805
2390620;-63.863392
2392576;-63.621307
2394581;-63.378628
2396579;-63.257015
2398576;-63.013405
2400579;-62.646778
2402615;-62.401615
2404598;-62.155830
2406594;-62.032677
2408599;-61.662399
2410595;-61.414749
2412619;-61.166527
2414579;-61.042191
2416584;-60.793030
2418581;-60.543304
2420577;-60.167564
2422628;-59.916348
2424581;-59.664505
2426574;-59.538383
2428574;-59.159134
2430570;-59.032387
2432574;-58.651386
2434625;-58.396626
2436600;-58.269047
2438604;-57.885448
2440593;-57.628967
2442594;-57.371990
2444616;-57.114376
2446578;-56.985371
2448581;-56.597485
2450580;-56.338223
2452577;-56.078403
2454577;-55.817993
2456625;-55.687599
2458602;-55.295555
2460594;-55.033539
2462594;-54.770977
2464592;-54.507839
2466626;-54.376083
2468587;-53.979980
2470575;-53.715279
2472576;-53.450001
2474575;-53.184235
2476575;-53.051155
2478623;-52.651096
2480606;-52.383762
2482598;-52.115868
2484598;-51.847504
2486598;-51.713135
2488626;-51.309212
2490579;-51.039322
2492580;-50.768887
2494576;-50.497990
2496576;-50.362354
2498576;-50.090675
2500605;-49.682285
2502577;-49.409370
2504579;-49.136013
2506579;-48.999153
2508576;-48.587799
2510628;-48.312996
2512584;-48.037670
2514572;-47.899849
2516583;-47.623856
2518576;-47.347351
2520582;-46.931778
2522621;-46.654110
2524599;-46.376026
2526596;-46.236767
2528596;-45.818439
2530598;-45.538944
2532621;-45.259045
2534583;-44.978695
2536577;-44.838314
2538577;-44.416630
2540576;-44.134918
2542580;-43.852810
2544625;-43.570271
2546600;-43.428795
2548599;-43.003864
2550598;-42.720039
2552595;-42.435799
2554623;-42.151093
2556579;-42.008610
2558581;-41.580528
2560581;-41.294582
2562577;-41.008274
2564582;-40.864967
2566623;-40.578011
2568604;-40.146889
2570599;-39.858932
2572600;-39.570629
2574595;-39.281891
2576623;-39.137398
2578579;-38.703300
2580572;-38.413452
2582578;-38.123226
2584578;-37.832577
2586636;-37.687134
2588621;-37.250210
2590598;-36.958492
2592593;-36.666412
2594594;-36.373924
2596596;-36.227570
2598628;-35.787922
2600578;-35.494415
2602579;-35.200508
2604580;-34.906300
2606575;-34.759064
2608635;-34.316807
2610623;-34.021576
2612598;-33.725964
2614596;-33.430061
2616598;-33.281986
2618594;-32.837227
2620624;-32.540344
2622579;-32.243095
2624574;-31.945574
2626574;-31.796694
2628580;-31.349543
2630577;-31.051085
2632622;-30.752274
2634602;-30.453205
2636600;-30.303558
2638598;-29.854124
2640595;-29.554165
2642625;-29.253864
2644583;-28.953323
2646576;-28.802944
2648588;-28.351339
2650573;-28.049904
2652579;-27.748236
2654625;-27.446297
2656604;-27.295177
2658598;-26.841604
2660594;-26.538816
2662593;-26.235809
2664621;-25.932545
2666579;-25.780769
2668577;-25.325203
2670576;-25.021133
2672572;-24.716862
2674577;-24.412348
2676623;-24.259953
2678602;-23.802551
2680595;-23.497276
2682598;-23.191816
2684595;-22.886080
2686620;-22.733150
2688584;-22.274027
2690574;-21.967623
2692581;-21.661047
2694585;-21.354214
2696622;-21.200739
2698580;-20.740007
2700575;-20.432549
2702573;-20.124935
2704576;-19.817076
2706575;-19.663097
2708625;-19.200823
2710599;-18.892433
2712597;-18.583858
2714593;-18.429453
2716597;-18.120604
2718628;-17.656948
2720582;-17.347656
2722573;-17.038193
2724580;-16.728516
2726575;-16.573639
2728735;-16.108715
2730602;-15.798600
2732596;-15.488279
2734595;-15.177855
2736595;-15.022585
2738599;-14.556509
2740624;-14.245645
2742599;-13.934591
2744595;-13.623447
2746595;-13.467825
2748596;-13.000711
2750621;-12.689175
2752578;-12.377464
2754576;-12.065679
2756574;-11.909742
2758583;-11.441707
2760579;-11.129574
2762624;-10.817284
2764600;-10.504933
2766600;-10.348720
2768604;-9.879926
2770594;-9.567274
2772624;-9.254481
2774581;-8.941644
2776577;-8.785192
2778575;-8.315660
2780579;-8.002520
2782573;-7.689348
2784624;-7.376100
2786601;-7.219401
2788596;-6.749341
2790597;-6.435838
2792599;-6.122317
2794624;-5.808736
2796576;-5.651876
2798577;-5.181358
2800574;-4.867567
2802576;-4.553775
2804577;-4.239939
2806624;-4.082958
2808600;-3.612096
2810597;-3.298096
2812598;-2.984111
2814598;-2.670048
2816621;-2.513031
2818577;-2.041943
2820576;-1.727811
2822578;-1.413710
2824579;-1.099547
2826576;-0.942485
2828630;-0.471287
2830606;-0.157100
2832597;0.157080
2834593;0.471237
2836597;0.628314
2838626;1.099535
2840585;1.413669
2842576;1.727790
2844575;2.041893
2846574;2.198937
2848575;2.670036
2850611;2.984070
2852577;3.298074
2854574;3.612046
2856583;3.769018
2858578;4.239879
2860626;4.553734
2862576;4.867544
2864575;5.024432
2866578;5.338169
2868578;5.808674
2870576;6.122274
2872623;6.435814
2874601;6.749289
2876599;6.906002
2878594;7.376038
2880598;7.689305
2882621;8.002495
2884578;8.315607
2886573;8.472132
2888573;8.941581
2890574;9.254436
2892579;9.567202
2894608;9.879873
2896580;10.036171
2898575;10.504917
2900574;10.817286
2902577;11.129548
2904622;11.441700
2906584;11.597733
2908582;12.065662
2910573;12.377467
2912576;12.689150
2914575;13.000705
2916612;13.312133
2918583;13.623430
2920574;13.934594
2922578;14.245617
2924575;14.556500
2926627;14.711891
2928579;15.177837
2930576;15.488280
2932581;15.798573
2934575;16.108707
2936572;16.263714
2938627;16.728498
2940599;17.038149
2942597;17.347628
2944595;17.656937
2946593;17.811527
2948607;18.275032
2950628;18.583811
2952602;18.892406
2954603;19.200811
2956601;19.354946
2958606;19.817057
2960619;20.124889
2962579;20.432520
2964572;20.739950
2966569;20.893587
2968578;21.354193
2970734;21.660999
2972601;21.967592
2974600;22.273970
2976596;22.427074
2978598;22.886059
2980593;23.191769
2982623;23.497246
2984581;23.802494
2986575;23.955029
2988578;24.412279
2990580;24.716812
2992579;25.021099
2994625;25.325144
2996594;25.477072
2998599;25.932476
3000590;26.235760
3002594;26.538784
3004620;26.841545
3006588;26.992828
3008575;27.446274
3010576;27.748230
3012580;28.049919
3014578;28.200657
3016620;28.501928
3018602;28.953299
3020591;29.253859
3022595;29.554132
3024594;29.854111
3026625;30.003988
3028581;30.453184
3030584;30.752268
3032576;31.051052
3034579;31.349527
3036746;31.647697
3038603;31.945551
3040603;32.243092
3042596;32.540310
3044598;32.837208
3046596;32.985538
3048622;33.430038
3050582;33.725952
3052575;34.021542
3054579;34.316792
3056577;34.464294
3058743;34.906273
3060602;35.200500
3062596;35.494377
3064593;35.787907
3066596;35.934536
3068596;36.373901
3070624;36.666363
3072595;36.958458
3074595;37.250191
3076596;37.395920
3078597;37.832550
3080621;38.123173
3082585;38.413418
3084573;38.703281
3086580;38.848072
3088575;39.281864
3090577;39.426273
3092621;39.858898
3094599;40.146824
3096594;40.290646
3098605;40.721493
3100603;41.008221
3102624;41.294548
3104577;41.580467
3106574;41.723270
3108576;42.151066
3110576;42.435749
3112745;42.720005
3114600;43.003841
3116594;43.145603
3118602;43.570240
3120595;43.852798
3122598;44.134922
3124615;44.416611
3126583;44.557289
3128577;44.978668
3130578;45.259033
3132579;45.538948
3134620;45.818417
3136575;45.957985
3138580;46.375996
3140574;46.654099
3142576;46.931744
3144578;47.208927
3146625;47.347336
3148584;47.761883
3150581;48.037659
3152573;48.312958
3154578;48.587780
3156750;48.862122
3158606;49.135986
3160599;49.409363
3162600;49.682243
3164597;49.818508
3166596;50.090660
3168629;50.497963
3170600;50.768871
3172594;51.039284
3174597;51.309193
3176594;51.443951
3178641;51.847477
3180601;52.115856
3182593;52.383720
3184590;52.651070
3186599;52.784550
3188599;53.184204
3190609;53.449982
3192577;53.715237
3194576;53.979958
3196580;54.112125
3198578;54.507809
3200622;54.770924
3202583;55.033501
3204580;55.295532
3206576;55.426346
3208575;55.817963
3210577;56.078350
3212626;56.338184
3214598;56.597466
3216594;56.726891
3218598;57.114338
3220598;57.371937
3222620;57.628967
3224582;57.885426
3226575;58.013447
3228579;58.396633
3230581;58.651371
3232572;58.905529
3234620;59.159111
3236601;59.285683
3238597;59.664516
3240599;59.916336
3242590;60.167557
3244614;60.418190
3246582;60.543285
3248578;60.917671
3250577;61.166508
3252575;61.414749
3254741;61.662376
3256603;61.785961
3258603;62.155800
3260597;62.401592
3262598;62.646778
3264594;62.891342
3266621;63.013386
3268602;63.378597
3270600;63.621284
3272598;63.863350
3274595;64.104782
3276625;64.345589
3278581;64.585754
3280578;64.825279
3282577;65.064171
3284576;65.302414
3286632;65.421295
3288623;65.776978
3290603;66.013275
3292596;66.248932
3294596;66.483932
3296593;66.601189
3298622;66.951958
3300585;67.184982
3302578;67.417351
3304582;67.649040
3306579;67.764648
3308639;68.110428
3310620;68.340118
3312594;68.569130
3314595;68.683380
3316596;68.911377
3318599;69.252098
3320626;69.478394
3322586;69.703995
3324580;69.928909
3326576;70.041107
3328584;70.376678
3330574;70.599518
3332622;70.821655
3334602;71.043106
3336596;71.153572
3338601;71.483887
3340593;71.703224
3342619;71.921852
3344602;72.139778
3346593;72.248459
3348599;72.573471
3350595;72.789238
3352620;73.004303
3354578;73.218636
3356575;73.325539
3358573;73.645142
3360570;73.857300
3362580;74.068741
3364624;74.279442
3366600;74.384514
3368604;74.698639
3370595;74.907135
3372596;75.114891
3374623;75.321915
3376585;75.425140
3378580;75.733711
3380578;75.938484
3382576;76.142517
3384578;76.345795
3386620;76.447151
3388602;76.750092
3390598;76.951103
3392596;77.151352
3394596;77.350845
3396627;77.450302
3398578;77.747536
3400579;77.944733
3402579;78.141159
3404578;78.336807
3406576;78.434349
3408623;78.725800
3410600;78.919128
3412594;79.111679
3414594;79.303452
3416597;79.399040
3418625;79.684631
3420586;79.874054
3422578;80.062675
3424580;80.250511
3426578;80.344131
3428580;80.623810
3430610;80.809273
3432581;80.993927
3434578;81.177780
3436580;81.269417
3438580;81.543091
3440622;81.724548
3442579;81.905190
3444575;82.085022
3446576;82.174637
3448575;82.442261
3450573;82.619659
3452621;82.796242
3454602;82.972015
3456597;83.059586
3458599;83.321083
3460592;83.494392
3462616;83.666870
3464582;83.752800
3466577;83.924042
3468575;84.179352
3470578;84.348526
3472576;84.516853
3474623;84.684349
3476601;84.767792
3478604;85.016846
3480600;85.181831
3482596;85.345985
3484619;85.509285
3486578;85.590622
3488576;85.833366
3490577;85.994133
3492577;86.154045
3494624;86.313118
3496588;86.392334
3498580;86.628700
3500576;86.785210
3502575;86.940865
3504573;87.095657
3506618;87.172737
3508601;87.402672
3510597;87.554886
3512593;87.706230
3514599;87.856712
3516621;87.931625
3518578;88.155075
3520578;88.155075
3522576;88.449944
3524576;88.596085
3526576;88.668823
3528622;88.885719
3530599;89.029221
3532595;89.171852
3534597;89.313599
3536597;89.384140
3538618;89.594444
3540582;89.664093
3542581;89.871750
3544576;90.009079
3546573;90.077400
3548577;90.281052
3550616;90.415710
3552602;90.549469
3554593;90.682343
3556595;90.748444
3558599;90.945389
3560627;91.075569
3562579;91.204857
3564571;91.333237
3566574;91.397087
3568578;91.587296
3570636;91.712967
3572622;91.837730
3574599;91.961594
3576599;92.023178
3578596;92.206589
3580593;92.327728
3582615;92.447952
3584578;92.567261
3586579;92.626572
3588581;92.803139
3590573;92.919708
3592737;93.035355
3594604;93.150093
3596598;93.207108
3598603;93.376793
3600596;93.488762
3602594;93.599808
3604617;93.709930
3606602;93.764648
3608603;93.927406
3610595;94.034752
3612595;94.141167
3614622;94.194031
3616579;94.299057
3618578;94.454842
3620577;94.506310
3622581;94.659302
3624577;94.760132
3626620;94.810196
3628605;94.958969
3630599;95.056992
3632601;95.154076
3634595;95.250214
3636619;95.297935
3638586;95.439682
3640582;95.532997
3642580;95.625374
3644573;95.716805
3646583;95.762169
3648626;95.896835
3650601;95.985428
3652601;96.073074
3654594;96.159775
3656593;96.202766
3658625;96.330322
3660587;96.414169
3662580;96.497070
3664580;96.579018
3666582;96.619637
3668579;96.740051
3670626;96.819130
3672596;96.897263
3674595;96.974442
3676593;97.012665
3678603;97.125908
3680622;97.200203
3682588;97.273544
3684581;97.345917
3686578;97.381752
3688582;97.487793
3690581;97.557297
3692622;97.625824
3694600;97.693390
3696598;97.726814
3698599;97.825638
3700597;97.890305
3702624;97.954018
3704579;98.016754
3706578;98.047760
3708574;98.139336
3710579;98.199173
3712574;98.258034
3714611;98.315933
3716583;98.344521
3718579;98.428818
3720577;98.483810
3722573;98.537819
3724622;98.590858
3726581;98.617020
3728573;98.694023
3730574;98.744141
3732581;98.793289
3734740;98.841454
3736604;98.865173
3738603;98.934868
3740597;98.980110
3742594;99.024376
3744593;99.067665
3746622;99.088943
3748603;99.151306
3750596;99.191658
3752597;99.231033
3754596;99.269432
3756623;99.288261
3758581;99.343285
3760580;99.361130
3762575;99.413208
3764575;99.430077
3766579;99.463081
3768625;99.510742
3770592;99.541290
3772599;99.570862
3774593;99.599442
3776597;99.613365
3778627;99.653656
3780581;99.666595
3782579;99.703934
3784576;99.727600
3786577;99.739059
3788578;99.771973
3790624;99.792686
3792594;99.812408
3794596;99.831154
3796599;99.840149
3798603;99.865685
3800617;99.881462
3802583;99.896263
3804579;99.910072
3806582;99.916611
3808581;99.934746
3810574;99.945602
3812622;99.955467
3814601;99.964348
3816594;99.968422
3818599;99.979149
3820597;99.985077
3822624;99.990005
3824587;99.993958
3826582;99.995560
3828575;99.998894
3830581;99.999878
3832576;99.999878
3834607;99.998894
3836576;99.998024
3838581;99.993958
3840576;99.992104
3842583;99.985077
3844620;99.979149
3846581;99.975815
3848575;99.964348
3850575;99.955467
3852578;99.945602
3854578;99.934746
3856621;99.928947
3858601;99.910072
3860597;99.896263
3862594;99.881462
3864598;99.865685
3866680;99.857422
3868606;99.831154
3870602;99.812408
3872599;99.792686
3874597;99.771973
3876595;99.761253
3878623;99.727600
3880599;99.703941
3882594;99.679283
3884595;99.653656
3886591;99.640472
3888625;99.599442
3890578;99.570862
3892584;99.541298
3894574;99.510750
3896578;99.495102
3898580;99.446701
3900605;99.413208
3902581;99.378738
3904579;99.343285
3906576;99.325188
3908577;99.269432
3910618;99.231033
3912576;99.191666
3914571;99.171608
3916573;99.130768
3918582;99.067673
3920575;99.046150
3922623;98.980110
3924602;98.934868
3926594;98.911888
3928603;98.841461
3930595;98.793289
3932619;98.744141
3934580;98.694023
3936581;98.668602
3938577;98.590866
3940575;98.564461
3942576;98.483810
3944621;98.428818
3946601;98.400970
3948598;98.315941
3950596;98.258041
3952596;98.199173
3954625;98.139343
3956576;98.109055
3958582;98.016754
3960580;97.985512
3962573;97.890312
3964576;97.825638
3966623;97.792938
3968601;97.693398
3970595;97.625824
3972594;97.557297
3974595;97.487801
3976623;97.452690
3978575;97.345932
3980572;97.309860
3982574;97.200211
3984573;97.125916
3986571;97.088402
3988622;96.974442
3990600;96.897270
3992600;96.819138
3994598;96.740051
3996594;96.700157
3998671;96.579018
4000604;96.497078
4002605;96.414177
4004602;96.330330
4006596;96.288048
4008598;96.159782
4010616;96.073082
4012583;95.985428
4014574;95.896843
4016575;95.852188
4018580;95.716812
4020632;95.625374
4022621;95.533005
4024597;95.439682
4026597;95.392670
4028600;95.250221
4030593;95.154076
4032622;95.057007
4034587;94.958984
4036576;94.909622
4038577;94.760132
4040578;94.709839
4042634;94.557549
4044618;94.454849
4046597;94.403152
4048600;94.246666
4050596;94.141174
4052599;94.034752
4054620;93.927414
4056580;93.873390
4058577;93.709938
4060577;93.654999
4062581;93.488770
4064632;93.432907
4066621;93.320465
4068601;93.150101
4070603;93.035362
4072594;92.919716
4074594;92.803146
4076624;92.744514
4078580;92.567268
4080578;92.507729
4082580;92.327728
4084579;92.206596
4086575;92.145691
4088628;91.961601
4090604;91.837738
4092596;91.712967
4094595;91.587296
4096594;91.524117
4098621;91.333237
4100584;91.269157
4102575;91.075584
4104580;90.945396
4106578;90.879974
4108646;90.682343
4110604;90.549477
4112595;90.415726
4114596;90.281067
4116597;90.213394
4118600;90.009079
4120612;89.871750
4122575;89.733551
4124574;89.594452
4126582;89.524567
4128580;89.313599
4130644;89.171860
4132599;89.029228
4134601;88.885727
4136593;88.813644
4138598;88.596085
4140592;88.449951
4142625;88.302948
4144603;88.155067
4146596;88.080811
4148598;87.856712
4150596;87.706230
4152627;87.554893
4154576;87.402679
4156579;87.326256
4158578;87.095680
4160574;87.018379
4162571;86.785217
4164616;86.628708
4166599;86.550140
4168601;86.313126
4170596;86.154068
4172595;85.994141
4174622;85.833374
4176582;85.752663
4178579;85.509285
4180573;85.427750
4182572;85.181847
4184577;85.016853
4186623;84.934029
4188608;84.684357
4190597;84.516853
4192596;84.348511
4194594;84.179352
4196628;84.094452
4198582;83.838524
4200578;83.752808
4202575;83.494385
4204575;83.321075
4206575;83.234116
4208626;82.972023
4210604;82.796249
4212598;82.619667
4214600;82.531075
4216598;82.353271
4218620;82.085037
4220578;81.995216
4222580;81.724556
4224583;81.543098
4226581;81.452087
4228578;81.177780
4230619;80.993942
4232603;80.809280
4234595;80.623817
4236595;80.530800
4238600;80.250511
4240627;80.062675
4242578;79.874062
4244576;79.684647
4246574;79.589630
4248575;79.303452
4250576;79.111679
4252625;78.919128
4254600;78.725800
4256600;78.628838
4258601;78.336807
4260595;78.141167
4262625;77.944740
4264581;77.747559
4266575;77.648666
4268579;77.350861
4270578;77.151367
4272575;76.951111
4274625;76.750099
4276600;76.649315
4278598;76.345810
4280591;76.142532
4282591;75.938499
4284625;75.733719
4286583;75.631050
4288574;75.321922
4290575;75.114906
4292576;74.907150
4294578;74.698647
4296622;74.594131
4298603;74.279442
4300602;74.068748
4302601;73.857307
4304600;73.645142
4306625;73.538780
4308580;73.218636
4310577;73.004295
4312578;72.789253
4314576;72.573486
4316630;72.465324
4318620;72.139786
4320600;71.921860
4322599;71.703232
4324595;71.483910
4326592;71.373962
4328617;71.043121
4330577;70.821671
4332582;70.599525
4334576;70.376678
4336576;70.265007
4338581;69.928932
4340623;69.704010
4342603;69.478401
4344597;69.252106
4346594;69.138702
4348594;68.797478
4350629;68.569145
4352579;68.340126
4354576;68.110435
4356577;67.995354
4358579;67.649040
4360580;67.533287
4362619;67.184998
4364600;67.068550
4366596;66.835213
4368602;66.483948
4370599;66.248940
4372623;66.013298
4374585;65.776993
4376578;65.658585
4378584;65.302429
4380573;65.183395
4382582;64.825287
4384621;64.585777
4386595;64.465759
4388597;64.104805
4390598;63.863361
4392596;63.621296
4394621;63.378597
4396575;63.257027
4398577;62.891354
4400577;62.769138
4402577;62.401604
4404626;62.155807
4406622;62.032688
4408607;61.662388
4410600;61.414753
4412596;61.166519
4414593;60.917675
4416617;60.793037
4418581;60.418213
4420579;60.292953
4422578;59.916359
4424578;59.664536
4426623;59.538414
4428578;59.159122
4430575;58.905560
4432574;58.651394
4434579;58.396656
4436576;58.269054
4438623;57.885437
4440604;57.628979
4442600;57.371964
4444593;57.114365
4446593;56.985344
4448624;56.597477
4450579;56.338192
4452573;56.078358
4454575;55.817978
4456578;55.687569
4458576;55.295544
4460619;55.033512
4462601;54.770927
4464595;54.507809
4466596;54.376053
4468599;53.979977
4470616;53.715248
4472573;53.449989
4474581;53.184204
4476577;53.051144
4478579;52.651100
4480765;52.383751
4482604;52.115883
4484600;51.847500
4486597;51.713127
4488599;51.309196
4490590;51.039307
4492624;50.768894
4494604;50.497978
4496598;50.362350
4498599;49.954655
4500597;49.682255
4502697;49.409382
4504608;49.136005
4506599;48.999119
4508603;48.587791
4510593;48.312962
4512598;48.037659
4514622;47.899837
4516578;47.623821
4518574;47.208931
4520577;47.070408
4522580;46.654099
4524763;46.375992
4526604;46.236778
4528602;45.818428
4530596;45.538975
4532595;45.259052
4534596;44.978683
4536608;44.838341
4538578;44.416637
4540578;44.134945
4542578;43.852818
4544578;43.570255
4546643;43.428825
4548602;43.003849
4550596;42.720028
4552596;42.435760
4554595;42.151081
4556590;42.008595
4558625;41.580467
4560599;41.294567
4562596;41.008240
4564599;40.721504
4566596;40.577976
4568631;40.146832
4570583;39.858898
4572579;39.570599
4574572;39.281879
4576579;39.137363
4578581;38.703285
4580623;38.413418
4582604;38.123165
4584596;37.832584
4586592;37.687119
4588595;37.250214
4590624;37.104382
4592584;36.666374
4594576;36.373913
4596575;36.227558
4598575;35.787930
4600754;35.494400
4602601;35.200516
4604599;34.906284
4606598;34.759052
4608597;34.316818
4610598;34.021561
4612621;33.725971
4614584;33.430046
4616577;33.281975
4618573;32.837212
4620573;32.540329
4622629;32.243107
4624624;31.945559
4626601;31.796658
4628598;31.349527
4630596;31.051048
4632595;30.752283
4634623;30.453190
4636597;30.303522
4638598;29.854134
4640596;29.554150
4642591;29.253874
4644625;28.953331
4646577;28.802931
4648575;28.351349
4650572;28.049934
4652579;27.748245
4654575;27.446281
4656624;27.295212
4658604;26.841568
4660603;26.538801
4662596;26.235771
4664598;26.084169
4666621;25.780756
4668575;25.325165
4670576;25.021118
4672573;24.716824
4674577;24.412287
4676576;24.259939
4678623;23.802490
4680598;23.497261
4682593;23.191778
4684595;22.886066
4686593;22.733135
4688627;22.273966
4690584;21.967585
4692578;21.661034
4694577;21.354221
4696583;21.200726
4698579;20.739969
4700623;20.432533
4702602;20.124922
4704597;19.817085
4706596;19.663082
4708602;19.200832
4710643;18.892418
4712596;18.583818
4714597;18.275061
4716596;18.120588
4718600;17.656956
4720597;17.347641
4722623;17.038157
4724597;16.728500
4726591;16.573624
4728598;16.108725
4730596;15.798585
4732619;15.488288
4734578;15.177840
4736580;15.022570
4738580;14.556519
4740573;14.245629
4742576;13.934599
4744622;13.623433
4746603;13.467834
4748600;13.000721
4750595;12.689183
4752597;12.377496
4754620;12.065687
4756581;11.909726
4758579;11.441715
4760578;11.129559
4762579;10.817315
4764634;10.504942
4766620;10.348703
4768598;9.879887
4770602;9.567211
4772598;9.254441
4774596;8.941605
4776627;8.785129
4778600;8.315620
4780594;8.002504
4782596;7.689308
4784591;7.376037
4786622;7.219385
4788581;6.749302
4790575;6.435822
4792573;6.122278
4794582;5.808673
4796578;5.651861
4798622;5.181319
4800602;4.867576
4802590;4.553761
4804593;4.239901
4806592;4.082967
4808625;3.612057
4810579;3.298105
4812575;2.984096
4814578;2.827068
4816578;2.513040
4818586;2.041904
4820613;1.727796
4822579;1.413695
4824573;1.099556
4826575;0.942470
4828579;0.471248
4830623;0.157085
4832581;-0.157079
4834575;-0.471218
4836577;-0.628309
4838583;-1.099525
4840578;-1.413665
4842622;-1.727790
4844599;-2.041898
4846595;-2.198933
4848598;-2.670027
4850595;-2.984066
4852624;-3.298074
4854579;-3.612027
4856574;-3.768990
4858573;-4.239846
4860574;-4.553706
4862578;-4.867522
4864622;-5.181289
4866599;-5.338142
4868601;-5.808643
4870593;-6.122248
4872594;-6.435792
4874624;-6.749272
4876574;-6.905976
4878578;-7.376031
4880578;-7.689279
4882575;-8.002474
4884628;-8.315591
4886582;-8.472131
4888584;-8.941574
4890579;-9.254436
4892577;-9.567182
4894578;-9.879857
4896617;-10.036171
4898581;-10.504911
4900577;-10.817286
4902575;-11.129552
4904580;-11.441686
4906772;-11.753706
4908607;-12.065634
4910595;-12.377443
4912596;-12.689130
4914594;-13.000690
4916597;-13.156412
4918623;-13.623403
4920593;-13.934570
4922592;-14.245600
4924599;-14.556490
4926596;-14.711868
4928623;-15.177811
4930581;-15.488259
4932582;-15.798555
4934579;-16.108694
4936578;-16.263695
4938576;-16.728497
4940621;-17.038126
4942599;-17.347612
4944599;-17.656927
4946591;-17.811506
4948596;-18.275030
4950627;-18.583813
4952580;-18.892389
4954576;-19.200802
4956575;-19.354950
4958578;-19.817057
4960577;-20.124868
4962626;-20.432505
4964595;-20.586235
4966597;-20.893570
4968598;-21.354168
4970596;-21.660980
4972618;-21.967579
4974575;-22.273960
4976575;-22.427057
4978578;-22.886036
4980578;-23.191748
4982580;-23.497232
4984622;-23.802485
4986602;-23.955011
4988598;-24.412256
4990591;-24.716795
4992594;-25.021088
4994617;-25.325138
4996576;-25.477055
4998581;-25.932476
5000574;-26.235741
5002575;-26.538771
5004582;-26.841539
5006623;-26.992813
5008600;-27.446276
5010599;-27.748240
5012598;-28.049908
5014599;-28.351297
5016630;-28.501909
5018583;-28.953281
5020584;-29.253843
5022571;-29.554098
5024575;-29.854084
5026583;-30.003973
5028624;-30.453163
5030595;-30.752254
5032595;-31.051043
5034593;-31.349501
5036591;-31.498638
5038618;-31.945532
5040577;-32.243076
5042576;-32.540302
5044580;-32.837208
5046581;-32.985527
5048575;-33.430019
5050618;-33.725945
5052602;-34.021534
5054597;-34.316792
5056598;-34.464279
5058598;-34.906258
5060622;-35.200489
5062581;-35.494373
5064578;-35.787903
5066575;-35.934525
5068581;-36.373882
5070576;-36.666325
5072623;-36.958427
5074599;-37.250168
5076602;-37.395885
5078600;-37.832535
5080597;-38.123161
5082620;-38.413387
5084583;-38.703259
5086578;-38.848064
5088580;-39.281853
5090575;-39.570568
5092749;-39.858894
5094602;-40.146805
5096600;-40.290634
5098606;-40.721478
5100594;-41.008209
5102596;-41.294540
5104599;-41.580467
5106581;-41.723259
5108573;-42.151054
5110574;-42.435734
5112578;-42.720001
5114662;-42.861965
5116599;-43.145596
5118601;-43.570229
5120593;-43.852791
5122594;-44.134895
5124594;-44.416592
5126610;-44.557262
5128583;-44.978657
5130575;-45.259007
5132573;-45.538925
5134575;-45.818401
5136641;-45.957954
5138605;-46.375988
5140596;-46.654095
5142595;-46.931721
5144594;-47.208904
5146600;-47.347332
5148624;-47.761871
5150608;-48.037647
5152596;-48.312950
5154594;-48.587757
5156599;-48.725002
5158680;-49.135971
5160604;-49.409351
5162602;-49.682243
5164598;-49.954624
5166597;-50.090652
5168604;-50.497948
5170609;-50.768864
5172577;-51.039280
5174575;-51.309193
5176573;-51.443947
5178579;-51.847446
5180624;-52.115829
5182577;-52.383698
5184573;-52.651054
5186585;-52.784519
5188576;-53.184174
5190578;-53.449959
5192624;-53.715218
5194596;-53.979946
5196597;-54.112095
5198598;-54.507797
5200596;-54.770897
5202648;-55.033482
5204600;-55.295517
5206599;-55.426342
5208599;-55.817951
5210595;-56.078346
5212595;-56.338161
5214620;-56.597446
5216596;-56.726891
5218598;-57.114334
5220596;-57.371933
5222595;-57.628967
5224626;-57.885414
5226582;-58.013439
5228582;-58.396626
5230577;-58.651344
5232570;-58.905514
5234578;-59.159096
5236624;-59.285660
5238604;-59.664490
5240600;-59.916313
5242593;-60.167545
5244599;-60.418182
5246624;-60.543270
5248580;-60.917645
5250578;-61.166489
5252577;-61.414730
5254573;-61.662357
5256580;-61.785934
5258625;-62.155796
5260600;-62.401573
5262600;-62.646759
5264593;-62.769127
5266593;-63.013363
5268625;-63.378590
5270579;-63.621284
5272578;-63.863338
5274577;-64.104774
5276582;-64.225266
5278759;-64.585747
5280606;-64.825279
5282603;-65.064171
5284595;-65.302383
5286594;-65.421280
5288600;-65.776947
5290624;-66.013260
5292578;-66.248917
5294578;-66.483917
5296578;-66.601166
5298576;-66.951942
5300761;-67.184967
5302606;-67.417336
5304599;-67.649033
5306598;-67.764626
5308602;-68.110413
5310593;-68.340096
5312621;-68.569115
5314603;-68.797455
5316596;-68.911362
5318603;-69.252083
5320597;-69.478378
5322622;-69.703987
5324584;-69.928902
5326578;-70.041100
5328577;-70.376678
5330576;-70.599503
5332581;-70.821648
5334620;-71.043098
5336605;-71.153572
5338599;-71.483871
5340597;-71.593620
5342598;-71.921829
5344624;-72.139755
5346578;-72.248444
5348575;-72.573456
5350574;-72.789230
5352577;-73.004295
5354656;-73.218613
5356600;-73.325523
5358599;-73.645126
5360595;-73.857292
5362595;-74.068726
5364595;-74.279434
5366615;-74.384499
5368578;-74.698624
5370576;-74.907127
5372576;-75.114883
5374580;-75.321899
5376631;-75.425125
5378578;-75.733711
5380575;-75.938477
5382577;-76.142525
5384578;-76.345787
5386578;-76.447144
5388612;-76.750092
5390573;-76.951096
5392582;-77.151337
5394576;-77.350845
5396575;-77.450302
5398652;-77.747513
5400598;-77.944717
5402595;-78.141136
5404593;-78.336807
5406591;-78.434334
5408594;-78.725777
5410623;-78.919121
5412594;-79.111656
5414594;-79.207634
5416598;-79.399033
5418601;-79.684639
5420624;-79.874046
5422585;-80.062660
5424574;-80.250511
5426575;-80.344131
5428575;-80.623817
5430577;-80.809258
5432624;-80.993912
5434602;-81.177780
5436593;-81.269409
5438594;-81.543098
5440597;-81.724533
5442623;-81.905197
5444578;-82.085022
5446579;-82.174629
5448581;-82.442261
5450575;-82.619652
5452580;-82.796249
5454621;-82.972008
5456604;-83.059578
5458597;-83.321091
5460597;-83.494377
5462591;-83.666878
5464623;-83.838524
5466576;-83.924034
5468573;-84.179352
5470575;-84.348511
5472578;-84.516838
5474762;-84.684326
5476603;-84.767761
5478595;-85.016823
5480596;-85.181801
5482597;-85.345963
5484598;-85.509262
5486625;-85.590591
5488582;-85.833344
5490579;-85.994102
5492576;-86.154037
5494579;-86.313095
5496765;-86.471329
5498604;-86.628685
5500601;-86.785210
5502598;-86.940849
5504594;-87.095634
5506592;-87.172737
5508622;-87.402657
5510599;-87.554878
5512598;-87.706215
5514597;-87.856689
5516599;-87.931618
5518620;-88.155052
5520578;-88.302948
5522580;-88.302948
5524575;-88.596085
5526577;-88.668816
5528576;-88.885704
5530628;-89.029221
5532602;-89.171837
5534596;-89.313599
5536596;-89.384140
5538594;-89.594421
5540623;-89.733536
5542581;-89.802750
5544573;-90.009079
5546575;-90.077400
5548578;-90.281067
5550632;-90.415703
5552620;-90.549461
5554602;-90.682343
5556597;-90.748444
5558601;-90.945396
5560593;-91.075569
5562622;-91.204849
5564578;-91.269165
5566579;-91.397079
5568578;-91.587296
5570576;-91.712967
5572625;-91.837738
5574621;-91.961601
5576602;-92.023178
5578602;-92.206596
5580598;-92.327705
5582598;-92.447945
5584623;-92.567245
5586597;-92.626556
5588602;-92.803131
5590593;-92.919693
5592597;-93.035355
5594622;-93.150070
5596584;-93.207092
5598582;-93.376785
5600576;-93.488747
5602576;-93.544403
5604574;-93.709923
5606613;-93.764633
5608580;-93.927399
5610580;-94.034737
5612575;-94.141159
5614573;-94.246643
5616645;-94.351212
5618603;-94.454834
5620599;-94.557526
5622596;-94.659294
5624592;-94.760117
5626598;-94.810196
5628619;-94.958969
5630582;-95.056999
5632573;-95.154068
5634583;-95.250206
5636576;-95.297935
5638634;-95.439674
5640627;-95.532997
5642604;-95.625374
5644598;-95.716789
5646594;-95.762169
5648600;-95.896828
5650603;-95.985428
5652581;-96.073074
5654576;-96.159782
5656571;-96.202766
5658579;-96.330322
5660652;-96.414177
5662600;-96.497070
5664600;-96.579018
5666595;-96.619637
5668595;-96.740044
5670593;-96.819138
5672606;-96.897255
5674585;-96.974442
5676578;-97.012665
5678578;-97.125916
5680575;-97.200203
5682760;-97.273544
5684605;-97.345924
5686597;-97.381752
5688600;-97.487793
5690596;-97.557281
5692598;-97.625809
5694610;-97.693382
5696577;-97.726807
5698571;-97.825630
5700574;-97.890297
5702577;-97.922272
5704623;-98.016754
5706576;-98.047760
5708579;-98.139336
5710577;-98.199165
5712577;-98.258034
5714575;-98.287109
5716624;-98.344513
5718601;-98.428818
5720595;-98.483803
5722595;-98.537811
5724598;-98.590858
5726619;-98.617012
5728585;-98.694023
5730579;-98.744133
5732578;-98.793289
5734577;-98.841454
5736578;-98.865166
5738626;-98.934868
5740598;-98.980103
5742598;-99.024376
5744593;-99.067665
5746593;-99.088936
5748624;-99.151306
5750585;-99.191666
5752582;-99.231033
5754579;-99.269424
5756575;-99.288261
5758627;-99.343285
5760581;-99.378738
5762576;-99.396095
5764573;-99.446701
5766577;-99.463081
5768583;-99.510742
5770623;-99.541298
5772600;-99.570862
5774592;-99.599442
5776595;-99.613365
5778600;-99.653656
5780620;-99.679283
5782576;-99.691734
5784581;-99.727600
5786582;-99.739059
5788578;-99.771973
5790578;-99.792686
5792626;-99.812408
5794600;-99.831161
5796595;-99.840157
5798598;-99.865677
5800596;-99.881462
5802763;-99.896263
5804608;-99.910072
5806601;-99.916611
5808600;-99.934746
5810599;-99.945602
5812598;-99.955460
5814616;-99.964348
5816581;-99.968414
5818580;-99.979149
5820574;-99.985069
5822579;-99.987663
5824630;-99.993958
5826618;-99.995560
5828603;-99.998894
5830596;-99.999878
5832597;-99.999878
5834596;-99.998894
5836626;-99.998024
5838582;-99.993958
5840577;-99.990013
5842577;-99.987663
5844576;-99.979149
5846654;-99.975815
5848606;-99.964348
5850600;-99.955467
5852598;-99.945602
5854595;-99.934746
5856597;-99.928955
5858624;-99.910080
5860599;-99.896263
5862600;-99.881462
5864600;-99.873695
5866597;-99.857422
5868626;-99.831161
5870581;-99.812416
5872576;-99.792686
5874578;-99.771973
5876572;-99.761253
5878577;-99.727600
5880621;-99.703934
5882601;-99.679283
5884595;-99.653656
5886595;-99.640472
5888601;-99.599442
5890622;-99.570862
5892584;-99.541298
5894575;-99.510750
5896579;-99.495102
5898578;-99.446709
5900574;-99.413208
5902621;-99.378738
5904600;-99.343285
5906597;-99.325195
5908601;-99.269440
5910600;-99.231041
5912622;-99.191666
5914576;-99.151314
5916575;-99.130768
5918577;-99.067673
5920574;-99.024384
5922622;-98.980118
5924580;-98.934868
5926575;-98.911888
5928578;-98.841461
5930574;-98.793289
5932579;-98.744148
5934621;-98.694023
5936597;-98.668602
5938600;-98.590866
5940600;-98.537827
5942594;-98.483810
5944613;-98.428825
5946581;-98.400970
5948573;-98.315941
5950575;-98.258049
5952574;-98.199181
5954751;-98.139343
5956625;-98.109062
5958600;-98.016754
5960598;-97.954025
5962595;-97.890312
5964596;-97.825638
5966615;-97.792938
5968581;-97.693398
5970575;-97.625824
5972575;-97.557297
5974574;-97.487801
5976578;-97.452698
5978625;-97.345924
5980600;-97.273552
5982593;-97.200203
5984599;-97.125916
5986595;-97.088402
5988625;-96.974442
5990575;-96.897270
5992574;-96.819138
5994578;-96.740051
5996581;-96.700165
5998577;-96.579018
6000605;-96.497086
6002578;-96.455742
6004579;-96.330330
6006580;-96.288055
6008576;-96.159782
6010648;-96.073074
6012595;-95.985443
6014595;-95.941261
6016596;-95.852188
6018599;-95.716820
6020596;-95.625381
6022612;-95.533012
6024579;-95.439697
6026574;-95.392677
6028583;-95.250237
6030571;-95.154083
6032661;-95.057007
6034609;-94.958984
6036597;-94.909630
6038598;-94.760147
6040594;-94.659309
6042600;-94.557556
6044674;-94.454849
6046599;-94.403160
6048600;-94.246681
6050597;-94.141182
6052592;-94.034767
6054597;-93.927414
6056623;-93.873390
6058603;-93.709961
6060595;-93.599823
6062595;-93.488785
6064597;-93.376801
6066620;-93.320473
6068581;-93.150093
6070578;-93.035370
6072573;-92.919724
6074578;-92.803154
6076584;-92.744522
6078622;-92.567268
6080602;-92.447960
6082604;-92.327744
6084591;-92.206596
6086593;-92.145691
6088622;-91.961601
6090585;-91.899780
6092584;-91.712967
6094579;-91.587296
6096576;-91.524124
6098637;-91.333237
6100623;-91.204865
6102599;-91.075569
6104596;-90.945396
6106598;-90.879974
6108597;-90.682343
6110623;-90.549484
6112580;-90.415703
6114577;-90.281067
6116579;-90.213409
6118574;-90.009079
6120578;-89.871780
6122623;-89.733559
6124599;-89.594475
6126598;-89.524590
6128601;-89.313622
6130594;-89.171890
6132618;-89.029243
6134586;-88.885750
6136578;-88.813675
6138579;-88.596107
6140584;-88.449959
6142625;-88.302971
6144620;-88.155106
6146601;-88.080818
6148604;-87.856735
6150597;-87.706238
6152599;-87.554901
6154618;-87.402702
6156578;-87.326256
6158579;-87.095680
6160578;-86.940872
6162575;-86.863159
6164575;-86.707092
6166623;-86.550140
6168600;-86.313148
6170595;-86.154060
6172596;-85.994148
6174595;-85.833374
6176622;-85.752670
6178583;-85.509315
6180575;-85.345993
6182574;-85.264030
6184579;-85.016846
6186631;-84.934044
6188624;-84.684349
6190599;-84.516861
6192595;-84.348534
6194594;-84.179352
6196596;-84.094467
6198619;-83.838524
6200581;-83.666878
6202579;-83.580742
6204576;-83.321091
6206574;-83.234131
6208623;-82.972008
6210621;-82.796249
6212603;-82.619652
6214596;-82.442261
6216595;-82.353264
6218600;-82.085022
6220611;-81.905197
6222580;-81.724533
6224581;-81.543098
6226577;-81.452080
6228579;-81.177811
6230657;-80.993965
6232602;-80.809288
6234596;-80.623840
6236598;-80.530823
6238602;-80.250534
6240600;-80.062714
6242610;-79.874077
6244580;-79.684669
6246575;-79.589668
6248576;-79.303474
6250571;-79.111710
6252626;-78.919151
6254622;-78.725830
6256601;-78.628883
6258609;-78.336838
6260601;-78.141197
6262593;-77.944756
6264618;-77.747574
6266599;-77.648659
6268599;-77.350876
6270591;-77.151367
6272590;-76.951126
6274623;-76.750122
6276583;-76.649307
6278582;-76.345825
6280576;-76.142525
6282573;-76.040611
6284632;-75.733742
6286620;-75.631042
6288601;-75.321938
6290599;-75.114906
6292594;-74.907158
6294600;-74.698639
6296618;-74.594131
6298579;-74.279465
6300573;-74.068741
6302574;-73.963127
6304574;-73.645142
6306578;-73.538795
6308626;-73.218666
6310595;-73.004303
6312595;-72.789261
6314599;-72.681473
6316598;-72.465317
6318609;-72.139763
6320580;-71.921860
6322577;-71.812645
6324577;-71.483887
6326579;-71.373962
6328639;-71.043098
6330604;-70.821671
6332597;-70.599533
6334595;-70.376678
6336599;-70.265030
6338606;-69.928940
6340621;-69.704033
6342601;-69.478439
6344596;-69.252129
6346597;-69.138733
6348597;-68.797493
6350669;-68.569168
6352602;-68.340134
6354594;-68.110466
6356593;-67.995377
6358593;-67.649063
6360598;-67.417389
6362602;-67.185005
6364580;-66.951988
6366573;-66.835243
6368572;-66.483955
6370577;-66.248970
6372659;-66.013298
6374604;-65.777000
6376596;-65.658607
6378599;-65.302437
6380594;-65.064201
6382590;-64.825294
6384626;-64.585785
6386603;-64.465782
6388605;-64.104805
6390595;-63.863392
6392594;-63.621307
6394616;-63.378628
6396580;-63.257015
6398577;-62.891365
6400577;-62.646778
6402577;-62.524269
6404626;-62.155830
6406621;-62.032677
6408602;-61.662399
6410599;-61.414749
6412597;-61.166527
6414597;-60.917706
6416615;-60.793030
6418579;-60.418217
6420577;-60.167564
6422577;-60.042030
6424575;-59.664505
6426625;-59.538383
6428585;-59.159134
6430578;-58.905529
6432575;-58.651386
6434577;-58.396626
6436580;-58.269047
6438619;-57.885448
6440600;-57.628967
6442593;-57.371990
6444595;-57.114376
6446595;-56.985371
6448624;-56.597485
6450575;-56.338223
6452577;-56.078403
6454573;-55.817993
6456578;-55.687599
6458579;-55.295555
6460616;-55.033539
6462602;-54.770977
6464601;-54.639454
6466598;-54.376083
6468600;-53.979980
6470622;-53.715279
6472576;-53.450001
6474575;-53.184235
6476577;-53.051155
6478578;-52.651096
6480624;-52.383762
6482620;-52.115868
6484597;-51.847504
6486600;-51.713135
6488602;-51.309212
6490597;-51.039322
6492619;-50.768887
6494582;-50.497990
6496572;-50.362354
6498577;-49.954666
6500577;-49.682285
6502576;-49.545868
6504615;-49.136013
6506601;-48.999153
6508599;-48.587799
6510596;-48.312996
6512598;-48.037670
6514621;-47.761909
6516575;-47.623856
6518580;-47.208942
6520576;-46.931778
6522574;-46.792984
6524628;-46.376026
6526623;-46.236767
6528602;-45.818439
6530599;-45.538944
6532592;-45.259045
6534596;-44.978695
6536610;-44.838314
6538582;-44.416630
6540574;-44.134918
6542574;-43.852810
6544575;-43.570271
6546658;-43.428795
6548602;-43.003864
6550600;-42.720039
6552598;-42.435799
6554597;-42.151093
6556599;-42.008610
6558613;-41.580528
6560581;-41.294582
6562576;-41.008274
6564576;-40.721519
6566574;-40.578011
6568802;-40.146889
6570601;-39.858932
6572595;-39.570629
6574594;-39.281891
6576596;-39.137398
6578595;-38.703300
6580622;-38.413452
6582577;-38.123226
6584577;-37.832577
6586577;-37.687134
6588576;-37.250210
6590632;-36.958492
6592624;-36.666412
6594598;-36.373924
6596599;-36.227570
6598602;-35.787922
6600596;-35.494415
6602624;-35.200508
6604582;-34.906300
6606581;-34.759064
6608581;-34.316807
6610574;-34.021576
6612575;-33.725964
6614618;-33.578053
6616598;-33.281986
6618599;-32.837227
6620596;-32.540344
6622595;-32.243095
6624623;-31.945574
6626578;-31.796694
6628577;-31.349543
6630573;-31.051085
6632582;-30.752274
6634581;-30.453205
6636618;-30.303558
6638603;-29.854124
6640598;-29.554165
6642594;-29.253864
6644592;-28.953323
6646630;-28.802944
6648581;-28.351339
6650578;-28.049904
6652576;-27.748236
6654582;-27.446297
6656624;-27.295177
6658622;-26.841604
6660595;-26.538816
6662597;-26.235809
6664597;-25.932545
6666598;-25.780769
6668622;-25.325203
6670583;-25.021133
6672573;-24.716862
6674576;-24.412348
6676573;-24.259953
6678579;-23.802551
6680625;-23.497276
6682594;-23.191816
6684597;-22.886080
6686596;-22.733150
6688604;-22.274027
6690622;-21.967623
6692580;-21.661047
6694576;-21.354214
6696576;-21.200739
6698576;-20.740007
6700581;-20.432549
6702609;-20.124935
6704578;-19.817076
6706576;-19.663097
6708573;-19.200823
6710573;-18.892433
6712662;-18.583858
6714598;-18.275051
6716599;-18.120604
6718598;-17.656948
6720596;-17.347656
6722599;-17.038193
6724621;-16.728516
6726599;-16.573639
6728600;-16.108715
6730596;-15.798600
6732591;-15.488279
6734623;-15.177855
6736579;-15.022585
6738580;-14.556509
6740575;-14.245645
6742576;-13.934591
6744627;-13.623447
6746621;-13.467825
6748602;-13.000711
6750595;-12.689175
6752592;-12.377464
6754599;-12.065679
6756624;-11.909742
6758580;-11.441707
6760578;-11.129574
6762574;-10.817284
6764581;-10.661121
6766577;-10.348720
6768623;-9.879926
6770601;-9.567274
6772598;-9.254481
6774592;-8.941644
6776600;-8.785192
6778630;-8.315660
6780583;-8.002520
6782583;-7.689348
6784579;-7.376100
6786572;-7.219401
6788581;-6.749341
6790625;-6.435838
6792602;-6.122317
6794598;-5.808736
6796598;-5.651876
6798604;-5.181358
6800621;-4.867567
6802584;-4.553775
6804581;-4.239939
6806577;-4.082958
6808581;-3.612096
6810579;-3.298096
6812623;-2.984111
6814599;-2.670048
6816593;-2.513031
6818601;-2.041943
6820597;-1.727811
6822622;-1.413710
6824581;-1.099547
6826578;-0.942485
6828578;-0.471287
6830579;-0.157100
6832580;0.157080
6834625;0.471237
6836604;0.628314
6838602;1.099535
6840596;1.256604
6842591;1.727790
6844625;2.041893
6846574;2.198937
6848574;2.670036
6850578;2.984070
6852580;3.298074
6854572;3.612046
6856624;3.925981
6858599;4.239879
6860595;4.553734
6862593;4.867544
6864596;5.181307
6866618;5.338169
6868579;5.808674
6870579;6.122274
6872577;6.435814
6874577;6.749289
6876636;7.062697
6878622;7.376038
6880601;7.689305
6882599;8.002495
6884595;8.315607
6886593;8.472132
6888621;8.941581
6890580;9.254436
6892582;9.567202
6894576;9.879873
6896582;10.036171
6898798;10.504917
6900602;10.817286
6902594;11.129548
6904593;11.441700
6906595;11.597733
6908597;12.065662
6910624;12.377467
6912596;12.689150
6914596;12.844942
6916593;13.156436
6918601;13.623430
6920625;13.934594
6922574;14.245617
6924579;14.556500
6926573;14.711891
6928574;15.177837
6930660;15.488280
6932595;15.798573
6934596;16.108707
6936599;16.263714
6938592;16.728498
6940599;17.038149
6942622;17.347628
6944600;17.656937
6946596;17.811527
6948598;18.275032
6950594;18.583811
6952621;18.892406
6954585;19.200811
6956582;19.354946
6958572;19.817057
6960580;20.124889
6962576;20.432520
6964625;20.739950
6966603;20.893587
6968600;21.354193
6970599;21.660999
6972596;21.967592
6974619;22.273970
6976578;22.427074
6978575;22.886059
6980577;23.191769
6982579;23.497246
6984580;23.802494
6986619;23.955029
6988604;24.412279
6990593;24.716812
6992594;25.021099
6994596;25.325144
6996618;25.628939
6998586;25.932476
7000581;26.235760
7002572;26.538784
7004575;26.841545
7006573;26.992828
7008621;27.446274
7010606;27.748230
7012595;28.049919
7014598;28.351324
7016592;28.501928
7018621;28.953299
7020581;29.253859
7022574;29.554132
7024573;29.854111
7026582;30.003988
7028579;30.453184
7030623;30.752268
7032604;31.051052
7034597;31.349527
7036595;31.498650
7038597;31.945551
7040618;32.243092
7042582;32.540310
7044580;32.837208
7046578;32.985538
7048577;33.430038
7050781;33.725952
7052608;34.021542
7054603;34.316792
7056592;34.464294
7058601;34.906273
7060596;35.200500
7062621;35.494377
7064574;35.641186
7066574;35.934536
7068577;36.373901
7070575;36.666363
7072579;36.958458
7074626;37.250191
7076597;37.395920
7078598;37.832550
7080598;38.123173
7082593;38.413418
7084624;38.703281
7086581;38.848072
7088578;39.281864
7090573;39.570580
7092573;39.858898
7094575;40.146824
7096621;40.434357
7098606;40.721493
7100598;41.008221
7102592;41.294548
7104597;41.580467
7106624;41.723270
7108584;42.151066
7110576;42.435749
7112576;42.720005
7114574;43.003841
7116576;43.145603
7118622;43.570240
7120597;43.852798
7122593;44.134922
7124599;44.416611
7126596;44.557289
7128625;44.978668
7130580;45.259033
7132581;45.538948
7134577;45.818417
7136578;45.957985
7138577;46.375996
7140617;46.654099
7142601;46.931744
7144596;47.208927
7146596;47.347336
7148595;47.761883
7150619;48.037659
7152586;48.312958
7154577;48.587780
7156578;48.725014
7158573;49.135986
7160633;49.409363
7162612;49.682243
7164606;49.954647
7166595;50.090660
7168599;50.497963
7170598;50.768871
7172625;51.039284
7174579;51.309193
7176581;51.443951
7178579;51.847477
7180573;52.115856
7182778;52.383720
7184601;52.651070
7186596;52.784550
7188594;53.184204
7190597;53.449982
7192598;53.715237
7194621;53.979958
7196586;54.112125
7198575;54.507809
7200576;54.770924
7202572;55.033501
7204656;55.295532
7206599;55.426346
7208604;55.817963
7210594;56.078350
7212599;56.338184
7214595;56.467896
7216618;56.726891
7218578;57.114338
7220573;57.371937
7222578;57.628967
7224573;57.885426
7226759;58.141319
7228610;58.396633
7230599;58.651371
7232597;58.905529
7234594;59.159111
7236597;59.285683
7238618;59.664516
7240578;59.916336
7242576;60.167557
7244578;60.418190
7246584;60.543285
7248806;60.917671
7250610;61.166508
7252598;61.414749
7254592;61.662376
7256598;61.785961
7258605;62.155800
7260623;62.401592
7262580;62.646778
7264576;62.891342
7266575;63.013386
7268579;63.378597
7270772;63.621284
7272600;63.863350
7274595;64.104782
7276591;64.225266
7278596;64.585754
7280594;64.825279
7282625;65.064171
7284577;65.302414
7286576;65.421295
7288576;65.776978
7290580;66.013275
7292620;66.248932
7294624;66.483932
7296600;66.601189
7298599;66.951958
7300595;67.184982
7302596;67.417351
7304609;67.649040
7306574;67.764648
7308580;68.110428
7310572;68.340118
7312577;68.569130
7314624;68.797462
7316580;68.911377
7318582;69.252098
7320580;69.478394
7322576;69.703995
7324578;69.928909
7326607;70.041107
7328584;70.376678
7330576;70.599518
7332575;70.821655
7334573;71.043106
7336658;71.263847
7338597;71.483887
7340597;71.703224
7342601;71.921852
7344598;72.139778
7346593;72.248459
7348622;72.573471
7350580;72.789238
7352581;73.004303
7354578;73.218636
7356583;73.325539
7358666;73.645142
7360604;73.857300
7362599;74.068741
7364596;74.174179
7366599;74.384514
7368602;74.698639
7370623;74.907135
7372601;75.114891
7374595;75.321915
7376593;75.425140
7378600;75.733711
7380625;75.938484
7382585;76.142517
7384575;76.345795
7386577;76.447151
7388582;76.750092
7390579;76.951103
7392624;77.151352
7394600;77.350845
7396595;77.450302
7398600;77.747536
7400594;77.944733
7402619;78.141159
7404581;78.336807
7406580;78.434349
7408578;78.725800
7410574;78.919128
7412575;79.111679
7414624;79.303452
7416598;79.399040
7418606;79.684631
7420596;79.874054
7422596;80.062675
7424628;80.250511
7426575;80.344131
7428576;80.623810
7430578;80.809273
7432576;80.993927
7434578;81.177780
7436622;81.269417
7438599;81.543091
7440599;81.724548
7442597;81.905190
7444593;82.085022
7446628;82.174637
7448581;82.442261
7450578;82.619659
7452578;82.796242
7454574;82.972015
7456577;83.059586
7458623;83.321083
7460594;83.494392
7462594;83.666870
7464595;83.838524
7466594;83.924042
7468625;84.179352
7470584;84.348526
7472583;84.516853
7474579;84.684349
7476576;84.767792
7478578;85.016846
7480624;85.181831
7482605;85.345985
7484597;85.509285
7486596;85.590622
7488595;85.833366
7490625;85.994133
7492580;86.154045
7494579;86.313118
7496582;86.392334
7498573;86.628700
7500581;86.785210
7502619;86.940865
7504602;87.095657
7506594;87.172737
7508596;87.402672
7510600;87.554886
7512610;87.706230
7514580;87.781578
7516577;87.931625
7518580;88.155075
7520579;88.302948
7522624;88.449944
7524580;88.449944
7526579;88.668823
7528582;88.885719
7530579;89.029221
7532574;89.171852
7534618;89.313599
7536597;89.384140
7538601;89.594444
7540597;89.733536
7542595;89.871750
7544618;90.009079
7546583;90.077400
7548581;90.281052
7550571;90.415710
7552570;90.549469
7554574;90.682343
7556620;90.748444
7558602;90.945389
7560598;91.075569
7562597;91.204857
7564594;91.333237
7566624;91.397087
7568578;91.587296
7570578;91.712967
7572569;91.837730
7574580;91.961594
7576775;92.084541
7578608;92.206589
7580595;92.327728
7582598;92.447952
7584593;92.567261
7586595;92.626572
7588623;92.803139
7590604;92.861542
7592599;93.035355
7594594;93.150093
7596595;93.207108
7598624;93.376793
7600591;93.488762
7602576;93.599808
7604577;93.654991
7606579;93.764648
7608572;93.927406
7610622;94.034752
7612601;94.141167
7614596;94.246658
7616594;94.299057
7618604;94.454842
7620623;94.557541
7622576;94.659302
7624575;94.709831
7626574;94.810196
7628572;94.958969
7630577;95.056992
7632624;95.154076
7634601;95.250214
7636594;95.297935
7638599;95.439682
7640600;95.532997
7642621;95.625374
7644574;95.671204
7646574;95.762169
7648583;95.896835
7650577;95.985428
7652572;96.073074
7654623;96.159775
7656596;96.202766
7658595;96.330322
7660595;96.414169
7662596;96.497070
7664615;96.538162
7666583;96.619637
7668577;96.740051
7670576;96.819130
7672579;96.897263
7674573;96.974442
7676617;97.012665
7678606;97.125908
7680596;97.200203
7682598;97.273544
7684596;97.345917
7686611;97.381752
7688576;97.487793
7690575;97.557297
7692579;97.625824
7694578;97.693390
7696622;97.726814
7698581;97.825638
7700579;97.890305
7702576;97.954018
7704577;98.016754
7706574;98.047760
7708625;98.139336
7710578;98.199173
7712574;98.258034
7714581;98.315933
7716574;98.344521
7718625;98.428818
7720578;98.483810
7722575;98.537819
7724577;98.590858
7726576;98.617020
7728573;98.694023
7730624;98.744141
7732599;98.793289
7734600;98.841454
7736598;98.865173
7738595;98.934868
7740621;98.980110
7742581;99.024376
7744574;99.067665
7746576;99.088943
7748580;99.151306
7750577;99.191658
7752620;99.231033
7754603;99.269432
7756597;99.288261
7758601;99.343285
7760593;99.378738
7762621;99.413208
7764575;99.430077
7766575;99.463081
7768576;99.510742
7770577;99.541290
7772578;99.570862
7774624;99.599442
7776600;99.613365
7778600;99.653656
7780600;99.679283
7782598;99.703934
7784623;99.727600
7786575;99.739059
7788574;99.771973
7790578;99.792686
7792577;99.812408
7794581;99.831154
7796622;99.840149
7798601;99.865685
7800596;99.881462
7802597;99.896263
7804598;99.910072
7806626;99.916611
7808580;99.934746
7810579;99.945602
7812577;99.955467
7814581;99.960030
7816638;99.972244
7818624;99.979149
7820601;99.985077
7822598;99.990005
7824598;99.993958
7826595;99.995560
7828613;99.998894
7830577;99.999878
7832581;99.999878
7834581;99.998894
7836574;99.998024
7838659;99.993958
7840603;99.990005
7842594;99.985077
7844595;99.979149
7846592;99.975815
7848600;99.964348
7850621;99.955467
7852598;99.945602
7854597;99.934746
7856598;99.928947
7858599;99.910072
7860622;99.896263
7862580;99.881462
7864577;99.873695
7866574;99.857422
7868576;99.831154
7870573;99.812408
7872625;99.792686
7874597;99.771973
7876592;99.761253
7878600;99.727600
7880597;99.703941
7882623;99.679283
7884586;99.653656
7886581;99.640472
7888582;99.599442
7890576;99.570862
7892579;99.541298
7894620;99.510750
7896601;99.495102
7898600;99.446701
7900600;99.413208
7902596;99.378738
7904622;99.343285
7906581;99.325188
7908581;99.269432
7910578;99.231033
7912576;99.191666
7914576;99.151306
7916624;99.130768
7918608;99.067673
7920601;99.024376
7922595;98.980110
7924600;98.934868
7926621;98.911888
7928578;98.841461
7930573;98.793289
7932580;98.744141
7934576;98.694023
7936804;98.642929
7938608;98.590866
7940592;98.537819
7942598;98.483810
7944595;98.428818
7946595;98.400970
7948623;98.315941
7950583;98.258041
7952580;98.199173
7954578;98.139343
7956583;98.109055
7958578;98.016754
7960626;97.954018
7962581;97.890312
7964578;97.858093
7966575;97.792938
7968575;97.693398
7970784;97.625824
7972604;97.557297
7974600;97.487801
7976596;97.452690
7978597;97.345932
7980594;97.273544
7982624;97.200211
7984598;97.125916
7986599;97.088402
7988599;96.974442
7990593;96.897270
7992659;96.819138
7994600;96.740051
7996598;96.700157
7998600;96.579018
8000597;96.497078
8002598;96.414177
8004622;96.330330
8006596;96.288048
8008600;96.159782
8010597;96.073082
8012596;95.985428
8014618;95.896843
8016579;95.852188
8018577;95.716812
8020574;95.625374
8022579;95.533005
8024576;95.486458
8026624;95.392670
8028601;95.250221
8030596;95.154076
8032596;95.057007
8034596;94.958984
8036623;94.909622
8038582;94.760132
8040576;94.659302
8042572;94.557549
8044575;94.506317
8046578;94.403152
8048625;94.246666
8050605;94.141174
8052598;94.034752
8054596;93.927414
8056597;93.873390
8058621;93.709938
8060582;93.599823
8062573;93.488770
8064577;93.432907
8066575;93.320465
8068578;93.150101
8070627;93.035362
8072581;92.919716
8074571;92.803146
8076573;92.744514
8078577;92.567268
8080576;92.447952
8082617;92.327728
8084601;92.206596
8086599;92.145691
8088599;91.961601
8090597;91.837738
8092624;91.712967
8094572;91.587296
8096573;91.524117
8098582;91.333237
8100576;91.204857
8102617;91.075584
8104581;90.945396
8106577;90.879974
8108578;90.682343
8110574;90.549477
8112582;90.415726
8114628;90.348503
8116603;90.213394
8118602;90.009079
8120595;89.871750
8122596;89.733551
8124676;89.594452
8126603;89.524567
8128603;89.313599
8130602;89.171860
8132595;89.029228
8134597;88.885727
8136618;88.813644
8138602;88.596085
8140599;88.449951
8142594;88.302948
8144592;88.155067
8146620;88.080811
8148580;87.856712
8150583;87.706230
8152578;87.554893
8154576;87.402679
8156629;87.326256
8158624;87.095680
8160597;86.940880
8162595;86.785217
8164598;86.628708
8166594;86.550140
8168623;86.313126
8170580;86.154068
8172575;85.994141
8174574;85.833374
8176577;85.752663
8178782;85.509285
8180600;85.345985
8182596;85.181847
8184597;85.016853
8186594;84.934029
8188598;84.684357
8190621;84.516853
8192582;84.348511
8194584;84.179352
8196580;84.094452
8198576;83.838524
8200632;83.666870
8202619;83.494385
8204598;83.321075
8206597;83.234116
8208603;82.972023
8210597;82.796249
8212620;82.619667
8214601;82.442268
8216593;82.353271
8218601;82.085037
8220597;81.905197
8222622;81.724556
8224573;81.633934
8226576;81.452087
8228583;81.177780
8230575;80.993942
8232576;80.809280
8234622;80.623817
8236596;80.530800
8238603;80.250511
8240596;80.062675
8242597;79.874062
8244626;79.684647
8246576;79.589630
8248575;79.303452
8250576;79.111679
8252575;78.919128
8254576;78.725800
8256617;78.628838
8258602;78.336807
8260595;78.141167
8262592;77.944740
8264600;77.846237
8266624;77.648666
8268584;77.350861
8270575;77.151367
8272579;76.951111
8274579;76.750099
8276577;76.649315
8278622;76.345810
8280601;76.142532
8282598;75.938499
8284596;75.733719
8286598;75.631050
8288624;75.321922
8290586;75.114906
8292575;74.907150
8294578;74.698647
8296584;74.594131
8298576;74.279442
8300625;74.068748
8302598;73.857307
8304594;73.645142
8306594;73.538780
8308601;73.218636
8310622;73.004295
8312582;72.789253
8314579;72.573486
8316577;72.465324
8318575;72.139786
8320622;71.921860
8322580;71.703232
8324579;71.593658
8326573;71.373962
8328583;71.043121
8330578;70.821671
8332614;70.599525
8334581;70.376678
8336577;70.265007
8338577;69.928932
8340580;69.816551
8342625;69.478401
8344585;69.252106
8346578;69.138702
8348585;68.797478
8350578;68.569145
8352583;68.340126
8354624;68.110435
8356596;67.995354
8358596;67.649040
8360592;67.417358
8362598;67.184998
8364623;66.951965
8366583;66.835213
8368576;66.483948
8370578;66.248940
8372579;66.013298
8374581;65.776993
8376624;65.658585
8378608;65.302429
8380595;65.064178
8382592;64.825287
8384596;64.585777
8386623;64.465759
8388579;64.104805
8390576;63.863361
8392585;63.621296
8394580;63.378597
8396577;63.257027
8398624;62.891354
8400599;62.646790
8402601;62.401604
8404596;62.155807
8406595;62.032688
8408622;61.662388
8410583;61.414753
8412579;61.166519
8414582;61.042183
8416581;60.793037
8418585;60.418213
8420623;60.167568
8422601;59.916359
8424596;59.664536
8426592;59.538414
8428596;59.159122
8430627;58.905560
8432579;58.651394
8434575;58.396656
8436578;58.269054
8438577;57.885437
8440808;57.628979
8442598;57.371964
8444595;57.114365
8446601;56.985344
8448602;56.597477
8450599;56.338192
8452604;56.078358
8454580;55.817978
8456576;55.687569
8458581;55.295544
8460580;55.033512
8462618;54.770927
8464577;54.507809
8466578;54.376053
8468573;53.979977
8470573;53.715248
8472577;53.449989
8474624;53.184204
8476600;53.051144
8478602;52.651100
8480595;52.383751
8482600;52.115883
8484614;51.847500
8486576;51.713127
8488577;51.309196
8490575;51.039307
8492579;50.768894
8494678;50.497978
8496597;50.362350
8498597;49.954655
8500597;49.682255
8502594;49.409382
8504594;49.136005
8506624;48.999119
8508595;48.587791
8510592;48.312962
8512594;48.037659
8514594;47.761898
8516677;47.485649
8518596;47.208931
8520592;46.931747
8522593;46.654099
8524595;46.515114
8526594;46.236778
8528622;45.818428
8530598;45.538975
8532591;45.259052
8534597;44.978683
8536591;44.838341
8538618;44.416637
8540581;44.134945
8542578;43.852818
8544575;43.570255
8546575;43.428825
8548579;43.003849
8550626;42.720028
8552598;42.435760
8554593;42.151081
8556596;42.008595
8558595;41.580467
8560625;41.294567
8562582;41.008240
8564581;40.864910
8566576;40.577976
8568573;40.146832
8570572;39.858898
8572627;39.570599
8574598;39.281879
8576597;39.137363
8578600;38.703285
8580590;38.413418
8582627;38.123165
8584581;37.832584
8586574;37.687119
8588573;37.250214
8590574;36.958477
8592577;36.666374
8594624;36.373913
8596594;36.227558
8598599;35.787930
8600595;35.494400
8602593;35.200516
8604693;34.906284
8606602;34.759052
8608603;34.316818
8610595;34.021561
8612590;33.725971
8614599;33.430046
8616622;33.281975
8618601;32.837212
8620600;32.540329
8622597;32.243107
8624596;31.945559
8626624;31.796658
8628580;31.349527
8630573;31.051048
8632582;30.752283
8634578;30.453190
8636580;30.303522
8638620;29.854134
8640603;29.554150
8642591;29.253874
8644595;28.953331
8646598;28.802931
8648618;28.351349
8650571;28.049934
8652579;27.748245
8654574;27.446281
8656576;27.295212
8658583;26.841568
8660617;26.538801
8662601;26.235771
8664597;25.932482
8666595;25.780756
8668599;25.325165
8670621;25.021118
8672582;24.716824
8674578;24.412287
8676573;24.259939
8678579;23.802490
8680582;23.497261
8682622;23.191778
8684597;22.886066
8686597;22.733135
8688599;22.273966
8690594;21.967585
8692618;21.661034
8694582;21.354221
8696579;21.200726
8698578;20.739969
8700579;20.432533
8702580;20.124922
8704625;19.817085
8706599;19.663082
8708602;19.200832
8710598;18.892418
8712596;18.583818
8714618;18.429462
8716578;18.120588
8718577;17.656956
8720579;17.347641
8722574;17.038157
8724574;16.728500
8726623;16.573624
8728607;16.108725
8730595;15.798585
8732592;15.488288
8734594;15.177840
8736784;14.867240
8738596;14.556519
8740601;14.245629
8742592;13.934599
8744597;13.623433
8746595;13.467834
8748618;13.000721
8750579;12.689183
8752576;12.377496
8754572;12.065687
8756574;11.909726
8758684;11.441715
8760606;11.129559
8762596;10.817315
8764596;10.504942
8766595;10.348703
8768600;9.879887
8770631;9.567211
8772601;9.254441
8774595;8.941605
8776594;8.785129
8778601;8.315620
8780619;8.002504
8782586;7.689308
8784575;7.376037
8786573;7.219385
8788577;6.749302
8790576;6.435822
8792612;6.122278
8794574;5.808673
8796577;5.651861
8798576;5.181319
8800573;4.867576
8802619;4.553761
8804581;4.239901
8806578;4.082967
8808576;3.612057
8810580;3.298105
8812581;2.984096
8814621;2.670057
8816600;2.513040
8818603;2.041904
8820593;1.727796
8822594;1.413695
8824625;1.099556
8826574;0.942470
8828579;0.471248
8830578;0.157085
8832580;-0.157079
8834576;-0.471218
8836624;-0.628309
8838603;-1.099525
8840597;-1.413665
8842598;-1.727790
8844593;-2.041898
8846619;-2.198933
8848580;-2.670027
8850582;-2.984066
8852576;-3.298074
8854576;-3.612027
8856578;-3.768990
8858624;-4.239846
8860597;-4.553706
8862596;-4.867522
8864593;-5.024400
8866597;-5.338142
8868613;-5.808643
8870583;-6.122248
8872579;-6.435792
8874578;-6.749272
8876574;-6.905976
8878780;-7.376031
8880607;-7.689279
8882595;-8.002474
8884596;-8.315591
8886592;-8.472131
8888597;-8.941574
8890610;-9.254436
8892579;-9.567182
8894573;-9.879857
8896577;-10.036171
8898577;-10.504911
8900800;-10.817286
8902603;-11.129552
8904594;-11.441686
8906591;-11.597733
8908599;-12.065634
8910597;-12.377443
8912617;-12.689130
8914578;-13.000690
8916572;-13.156412
8918582;-13.623403
8920577;-13.934570
8922625;-14.245600
8924577;-14.556490
8926576;-14.711868
8928573;-15.177811
8930582;-15.488259
8932580;-15.798555
8934621;-16.108694
8936595;-16.263695
8938604;-16.728497
8940593;-17.038126
8942595;-17.347612
8944630;-17.656927
8946581;-17.811506
8948580;-18.275030
8950576;-18.583813
8952579;-18.892389
8954624;-19.200802
8956616;-19.354950
8958582;-19.817057
8960578;-20.124868
8962580;-20.432505
8964579;-20.739916
8966625;-20.893570
8968577;-21.354168
8970579;-21.660980
8972576;-21.967579
8974577;-22.273960
8976574;-22.427057
8978614;-22.886036
8980581;-23.191748
8982575;-23.497232
8984574;-23.802485
8986573;-23.955011
8988669;-24.412256
8990598;-24.716795
8992594;-25.021088
8994597;-25.325138
8996599;-25.477055
8998597;-25.932476
9000624;-26.235741
9002579;-26.538771
9004580;-26.841539
9006573;-26.992813
9008581;-27.446276
9010676;-27.748240
9012600;-28.049908
9014599;-28.200659
9016594;-28.501909
9018598;-28.953281
9020599;-29.253843
9022609;-29.554098
9024576;-29.854084
9026579;-30.003973
9028581;-30.453163
9030580;-30.752254
9032630;-31.051043
9034624;-31.349501
9036595;-31.498638
9038597;-31.945532
9040593;-32.243076
9042595;-32.540302
9044617;-32.837208
9046581;-32.985527
9048578;-33.430019
9050580;-33.725945
9052578;-34.021534
9054629;-34.316792
9056621;-34.464279
9058603;-34.906258
9060592;-35.200489
9062596;-35.494373
9064597;-35.787903
9066624;-35.934525
9068582;-36.373882
9070572;-36.666325
9072573;-36.958427
9074580;-37.250168
9076635;-37.395885
9078623;-37.832535
9080594;-38.123161
9082596;-38.413387
9084595;-38.703259
9086592;-38.848064
9088620;-39.281853
9090583;-39.426250
9092576;-39.858894
9094576;-40.146805
9096576;-40.290634
9098579;-40.721478
9100623;-41.008209
9102602;-41.294540
9104594;-41.580467
9106595;-41.723259
9108601;-42.151054
9110623;-42.435734
9112580;-42.720001
9114577;-43.003841
9116579;-43.145596
9118580;-43.570229
9120580;-43.852791
9122620;-44.134895
9124598;-44.416592
9126595;-44.557262
9128596;-44.978657
9130595;-45.259007
9132625;-45.538925
9134572;-45.818401
9136574;-45.957954
9138578;-46.375988
9140575;-46.654095
9142578;-46.931721
9144626;-47.208904
9146600;-47.347332
9148600;-47.761871
9150596;-48.037647
9152595;-48.312950
9154624;-48.587757
9156579;-48.725002
9158571;-49.135971
9160574;-49.409351
9162582;-49.682243
9164577;-49.818497
9166624;-50.090652
9168601;-50.497948
9170599;-50.768864
9172594;-51.039280
9174593;-51.309193
9176623;-51.443947
9178581;-51.847446
9180577;-52.115829
9182575;-52.383698
9184574;-52.651054
9186635;-52.784519
9188624;-53.184174
9190598;-53.449959
9192596;-53.715218
9194596;-53.979946
9196598;-54.112095
9198622;-54.507797
9200583;-54.770897
9202575;-55.033482
9204574;-55.295517
9206582;-55.426342
9208635;-55.817951
9210620;-56.078346
9212595;-56.338161
9214595;-56.597446
9216596;-56.726891
9218597;-57.114334
9220611;-57.371933
9222580;-57.628967
9224580;-57.885414
9226576;-58.013439
9228579;-58.396626
9230696;-58.651344
9232601;-58.905514
9234600;-59.159096
9236593;-59.285660
9238595;-59.664490
9240597;-59.916313
9242608;-60.167545
9244584;-60.418182
9246574;-60.543270
9248573;-60.917645
9250577;-61.166489
9252695;-61.414730
9254602;-61.662357
9256597;-61.785934
9258596;-62.155796
9260595;-62.401573
9262594;-62.646759
9264622;-62.891323
9266600;-63.013363
9268607;-63.378590
9270597;-63.621284
9272599;-63.863338
9274620;-64.104774
9276584;-64.225266
9278576;-64.585747
9280572;-64.825279
9282579;-65.064171
9284577;-65.302383
9286625;-65.421280
9288605;-65.776947
9290593;-66.013260
9292594;-66.248917
9294599;-66.483917
9296621;-66.601166
9298584;-66.951942
9300579;-67.184967
9302581;-67.417336
9304571;-67.649033
9306579;-67.764626
9308624;-68.110413
9310597;-68.340096
9312598;-68.569115
9314597;-68.683365
9316595;-68.911362
9318624;-69.252083
9320578;-69.478378
9322580;-69.703987
9324577;-69.928902
9326580;-70.041100
9328573;-70.376678
9330620;-70.599503
9332602;-70.821648
9334594;-71.043098
9336595;-71.153572
9338596;-71.483871
9340623;-71.703209
9342583;-71.921829
9344573;-72.139755
9346582;-72.248444
9348571;-72.573456
9350575;-72.789230
9352610;-73.004295
9354578;-73.218613
9356583;-73.325523
9358579;-73.645126
9360579;-73.857292
9362628;-74.068726
9364579;-74.279434
9366572;-74.384499
9368572;-74.698624
9370574;-74.907127
9372577;-75.114883
9374623;-75.321899
9376600;-75.425125
9378597;-75.733711
9380595;-75.938477
9382599;-76.142525
9384626;-76.345787
9386579;-76.447144
9388571;-76.750092
9390573;-76.951096
9392573;-77.151337
9394575;-77.350845
9396621;-77.450302
9398597;-77.747513
9400597;-77.944717
9402594;-78.141136
9404596;-78.336807
9406622;-78.434334
9408579;-78.725777
9410575;-78.919121
9412578;-79.111656
9414573;-79.303444
9416576;-79.399033
9418621;-79.684639
9420602;-79.874046
9422596;-80.062660
9424598;-80.250511
9426597;-80.344131
9428630;-80.623817
9430583;-80.809258
9432581;-80.993912
9434572;-81.177780
9436575;-81.269409
9438579;-81.543098
9440622;-81.724533
9442600;-81.905197
9444594;-82.085022
9446598;-82.174629
9448601;-82.442261
9450627;-82.619652
9452575;-82.796249
9454574;-82.972008
9456578;-83.059578
9458578;-83.321091
9460671;-83.494377
9462602;-83.666878
9464597;-83.752808
9466596;-83.924034
9468599;-84.179352
9470596;-84.348511
9472625;-84.516838
9474599;-84.684326
9476598;-84.767761
9478597;-85.016823
9480595;-85.181801
9482618;-85.345963
9484574;-85.509262
9486578;-85.590591
9488577;-85.833344
9490582;-85.994102
9492580;-86.154037
9494623;-86.313095
9496599;-86.392334
9498599;-86.628685
9500594;-86.785210
9502598;-86.940849
9504621;-87.095634
9506582;-87.172737
9508579;-87.402657
9510577;-87.554878
9512576;-87.706215
9514578;-87.856689
9516622;-87.931618
9518601;-88.155052
9520598;-88.302948
9522598;-88.449944
9524599;-88.596085
9526616;-88.596085
9528574;-88.885704
9530577;-89.029221
9532578;-89.171837
9534574;-89.313599
9536579;-89.384140
9538625;-89.594421
9540604;-89.733536
9542597;-89.871742
9544593;-90.009079
9546596;-90.077400
9548623;-90.281067
9550579;-90.415703
9552582;-90.549461
9554581;-90.682343
9556572;-90.748444
9558583;-90.945396
9560620;-91.075569
9562603;-91.204849
9564593;-91.333237
9566592;-91.397079
9568599;-91.587296
9570624;-91.712967
9572578;-91.837738
9574574;-91.961601
9576574;-92.023178
9578576;-92.206596
9580576;-92.327705
9582625;-92.447945
9584601;-92.567245
9586598;-92.626556
9588596;-92.803131
9590595;-92.919693
9592627;-93.035355
9594585;-93.150070
9596574;-93.207092
9598577;-93.376785
9600578;-93.488747
9602581;-93.599800
9604618;-93.709923
9606600;-93.764633
9608597;-93.927399
9610600;-94.034737
9612599;-94.141159
9614619;-94.194016
9616577;-94.299034
9618575;-94.454834
9620578;-94.557526
9622572;-94.659294
9624576;-94.760117
9626620;-94.810196
9628605;-94.958969
9630602;-95.056999
9632598;-95.154068
9634597;-95.250206
9636627;-95.297935
9638583;-95.439674
9640576;-95.532997
9642577;-95.625374
9644574;-95.716789
9646572;-95.762169
9648624;-95.896828
9650600;-95.985428
9652602;-96.073074
9654590;-96.159782
9656594;-96.202766
9658623;-96.330322
9660580;-96.414177
9662573;-96.497070
9664576;-96.579018
9666577;-96.619637
9668576;-96.740044
9670624;-96.819138
9672598;-96.897255
9674595;-96.974442
9676596;-97.012665
9678600;-97.125916
9680624;-97.200203
9682577;-97.273544
9684582;-97.345924
9686577;-97.381752
9688583;-97.487793
9690802;-97.557281
9692597;-97.625809
9694594;-97.693382
9696594;-97.726807
9698595;-97.825630
9700595;-97.890297
9702627;-97.954010
9704577;-98.016754
9706573;-98.047760
9708577;-98.139336
9710578;-98.199165
9712793;-98.258034
9714604;-98.315933
9716597;-98.344513
9718598;-98.428818
9720599;-98.483803
9722599;-98.537811
9724618;-98.590858
9726592;-98.617012
9728600;-98.694023
9730594;-98.744133
9732594;-98.793289
9734622;-98.841454
9736587;-98.865166
9738579;-98.934868
9740576;-98.980103
9742580;-99.024376
9744574;-99.067665
9746625;-99.088936
9748604;-99.151306
9750600;-99.191666
9752596;-99.231033
9754595;-99.269424
9756615;-99.288261
9758577;-99.343285
9760578;-99.378738
9762572;-99.413208
9764576;-99.430077
9766805;-99.479218
9768602;-99.510742
9770596;-99.541298
9772602;-99.570862
9774595;-99.599442
9776594;-99.613365
9778625;-99.653656
9780581;-99.679283
9782587;-99.703934
9784578;-99.727600
9786585;-99.739059
9788792;-99.771973
9790601;-99.792686
9792600;-99.812408
9794596;-99.831161
9796594;-99.840157
9798594;-99.865677
9800622;-99.881462
9802579;-99.896263
9804576;-99.910072
9806580;-99.916611
9808573;-99.934746
9810787;-99.945602
9812599;-99.955460
9814596;-99.964348
9816594;-99.968414
9818595;-99.979149
9820593;-99.985069
9822607;-99.990005
9824577;-99.993958
9826578;-99.995560
9828572;-99.998894
9830583;-99.999878
9832578;-99.999878
9834620;-99.998894
9836592;-99.998024
9838597;-99.993958
9840598;-99.992104
9842594;-99.985077
9844627;-99.979149
9846581;-99.975815
9848582;-99.964348
9850581;-99.955467
9852577;-99.945602
9854797;-99.934746
9856603;-99.928955
9858602;-99.910080
9860597;-99.896263
9862597;-99.881462
9864592;-99.865685
9866621;-99.857422
9868573;-99.831161
9870577;-99.812416
9872576;-99.792686
9874577;-99.771973
9876627;-99.761253
9878622;-99.727600
9880604;-99.703934
9882600;-99.679283
9884599;-99.653656
9886596;-99.640472
9888622;-99.599442
9890584;-99.570862
9892580;-99.541298
9894575;-99.510750
9896574;-99.495102
9898582;-99.446709
9900621;-99.413208
9902596;-99.378738
9904599;-99.343285
9906595;-99.325195
9908600;-99.269440
9910617;-99.231041
9912582;-99.191666
9914578;-99.171616
9916587;-99.130768
9918579;-99.067673
9920576;-99.024384
9922617;-98.980118
9924593;-98.934868
9926596;-98.911888
9928598;-98.841461
9930592;-98.793289
9932621;-98.744148
9934577;-98.694023
9936581;-98.668602
9938578;-98.590866
9940579;-98.537827
9942578;-98.483810
9944620;-98.428825
9946598;-98.400970
9948599;-98.315941
9950599;-98.258049
9952599;-98.199181
9954626;-98.139343
9956580;-98.109062
9958575;-98.016754
9960581;-97.954025
9962578;-97.890312
9964792;-97.825638
9966601;-97.792938
9968600;-97.693398
9970596;-97.625824
9972597;-97.557297
9974597;-97.487801
9976620;-97.452698
9978602;-97.345924
9980600;-97.273552
9982593;-97.200203
9984595;-97.125916
9986622;-97.088402
9988579;-96.974442
9990573;-96.897270
9992586;-96.819138
9994578;-96.740051
9996578;-96.700165
9998625;-96.579018
10000601;-96.497086
10002593;-96.414177
10004595;-96.330330
10006596;-96.288055
10008624;-96.159782
10010586;-96.073074
10012580;-95.985443
10014576;-95.896851
10016577;-95.852188
10018584;-95.716820
10020625;-95.625381
10022597;-95.533012
10024593;-95.439697
10026594;-95.392677
10028597;-95.250237
10030624;-95.154083
10032585;-95.057007
10034576;-94.958984
10036573;-94.909630
10038575;-94.760147
10040614;-94.659309
10042580;-94.557556
10044578;-94.454849
10046572;-94.403160
10048579;-94.246681
10050573;-94.141182
10052616;-94.034767
10054578;-93.927414
10056576;-93.873390
10058581;-93.709961
10060577;-93.599823
10062625;-93.488785
10064578;-93.432899
10066580;-93.320473
10068582;-93.150093
10070579;-93.035370
10072580;-92.919724
10074624;-92.803154
10076598;-92.744522
10078597;-92.567268
10080597;-92.447960
10082592;-92.327744
10084623;-92.206596
10086574;-92.145691
10088575;-91.961601
10090580;-91.837738
10092577;-91.712967
10094574;-91.587296
10096621;-91.524124
10098601;-91.333237
10100596;-91.204865
10102594;-91.075569
10104599;-90.945396
10106619;-90.879974
10108609;-90.682343
10110600;-90.549484
10112595;-90.415703
10114593;-90.281067
10116595;-90.213409
10118620;-90.009079
10120583;-89.871780
10122581;-89.733559
10124583;-89.594475
10126576;-89.524590
10128800;-89.313622
10130600;-89.171890
10132596;-89.029243
10134594;-88.885750
10136596;-88.813675
10138599;-88.596107
10140624;-88.449959
10142583;-88.302971
10144579;-88.155106
10146574;-88.080818
10148581;-87.856735
10150793;-87.706238
10152601;-87.554901
10154597;-87.402702
10156595;-87.326256
10158598;-87.095680
10160597;-86.940872
10162623;-86.785233
10164578;-86.628708
10166580;-86.550140
10168575;-86.313148
10170575;-86.154060
10172793;-85.994148
10174602;-85.833374
10176595;-85.752670
10178600;-85.509315
10180597;-85.345993
10182595;-85.181847
10184618;-85.016846
10186599;-84.934044
10188599;-84.684349
10190599;-84.516861
10192596;-84.348534
10194623;-84.179352
10196587;-84.094467
10198573;-83.838524
10200575;-83.666878
10202575;-83.494408
10204578;-83.321091
10206624;-83.234131
10208599;-82.972008
10210595;-82.796249
10212595;-82.619652
10214598;-82.531059
10216623;-82.353264
10218578;-82.085022
10220576;-81.905197
10222577;-81.724533
10224575;-81.543098
10226576;-81.452080
10228629;-81.177811
10230602;-80.993965
10232596;-80.809288
10234593;-80.623840
10236595;-80.530823
10238623;-80.250534
10240582;-80.062714
10242586;-79.874077
10244578;-79.684669
10246574;-79.589668
10248574;-79.303474
10250626;-79.111710
10252600;-78.919151
10254593;-78.725830
10256593;-78.628883
10258598;-78.336838
10260621;-78.141197
10262573;-77.944756
10264577;-77.747574
10266577;-77.648659
10268575;-77.350876
10270576;-77.151367
10272623;-76.951126
10274595;-76.750122
10276594;-76.649307
10278600;-76.345825
10280597;-76.142525
10282620;-75.938507
10284576;-75.733742
10286578;-75.631042
10288578;-75.321938
10290574;-75.114906
10292574;-74.907158
10294623;-74.698639
10296597;-74.594131
10298598;-74.279465
10300597;-74.068741
10302595;-73.857323
10304620;-73.645142
10306600;-73.538795
10308598;-73.218666
10310597;-73.004303
10312596;-72.789261
10314624;-72.573471
10316582;-72.465317
10318576;-72.139763
10320581;-71.921860
10322581;-71.703247
10324580;-71.483887
10326624;-71.373962
10328601;-71.043098
10330601;-70.821671
10332590;-70.599533
10334598;-70.376678
10336625;-70.265030
10338582;-69.928940
10340572;-69.704033
10342577;-69.478439
10344576;-69.252129
10346576;-69.138733
10348627;-68.797493
10350599;-68.569168
10352598;-68.340134
10354595;-68.110466
10356595;-67.995377
10358623;-67.649063
10360577;-67.417389
10362582;-67.185005
10364580;-67.068581
10366576;-66.835243
10368580;-66.483955
10370620;-66.248970
10372596;-66.013298
10374593;-65.777000
10376590;-65.658607
10378596;-65.302437
10380625;-65.064201
10382588;-64.825294
10384578;-64.585785
10386575;-64.465782
10388571;-64.104805
10390576;-63.863392
10392621;-63.621307
10394598;-63.378628
10396592;-63.257015
10398596;-62.891365
10400602;-62.646778
10402620;-62.401615
10404579;-62.155830
10406572;-62.032677
10408576;-61.662399
10410574;-61.414749
10412573;-61.166527
10414625;-60.917706
10416600;-60.793030
10418597;-60.418217
10420596;-60.167564
10422597;-59.916348
10424625;-59.664505
10426583;-59.538383
10428571;-59.159134
10430576;-58.905529
10432577;-58.651386
10434799;-58.396626
10436601;-58.269047
10438604;-57.885448
10440596;-57.628967
10442594;-57.371990
10444594;-57.114376
10446621;-56.985371
10448579;-56.597485
10450575;-56.338223
10452576;-56.078403
10454577;-55.817993
10456581;-55.687599
10458629;-55.295555
10460594;-55.033539
10462596;-54.770977
10464593;-54.507839
10466598;-54.376083
10468616;-53.979980
10470580;-53.715279
10472580;-53.450001
10474579;-53.184235
10476573;-53.051155
10478682;-52.651096
10480599;-52.383762
10482599;-52.115868
10484600;-51.847504
10486593;-51.713135
10488603;-51.309212
10490615;-51.039322
10492583;-50.768887
10494579;-50.497990
10496578;-50.362354
10498576;-49.954666
10500795;-49.682285
10502604;-49.409370
10504602;-49.136013
10506596;-48.999153
10508599;-48.587799
10510596;-48.312996
10512626;-48.037670
10514600;-47.899849
10516596;-47.623856
10518602;-47.208942
10520595;-46.931778
10522622;-46.654110
10524579;-46.376026
10526578;-46.236767
10528574;-45.818439
10530581;-45.538944
10532576;-45.259045
10534626;-44.978695
10536597;-44.838314
10538602;-44.416630
10540592;-44.134918
10542593;-43.852810
10544623;-43.570271
10546583;-43.428795
10548579;-43.003864
10550576;-42.720039
10552574;-42.435799
10554626;-42.151093
10556620;-42.008610
10558608;-41.580528
10560596;-41.294582
10562598;-41.008274
10564594;-40.721519
10566631;-40.578011
10568579;-40.146889
10570576;-39.858932
10572582;-39.570629
10574580;-39.281891
10576782;-38.992809
10578600;-38.703300
10580591;-38.413452
10582592;-38.123226
10584595;-37.832577
10586594;-37.687134
10588622;-37.250210
10590577;-37.104397
10592576;-36.666412
10594580;-36.373924
10596581;-36.227570
10598633;-35.787922
10600626;-35.494415
10602597;-35.200508
10604598;-34.906300
10606595;-34.759064
10608598;-34.316807
10610626;-34.021576
10612602;-33.725964
10614596;-33.430061
10616597;-33.281986
10618603;-32.837227
10620627;-32.540344
10622579;-32.243095
10624571;-31.945574
10626574;-31.796694
10628578;-31.349543
10630579;-31.051085
10632623;-30.752274
10634595;-30.453205
10636596;-30.303558
10638600;-29.854124
10640600;-29.554165
10642621;-29.253864
10644577;-28.953323
10646583;-28.802944
10648579;-28.351339
10650578;-28.049904
10652622;-27.748236
10654575;-27.446297
10656581;-27.295177
10658582;-26.841604
10660572;-26.538816
10662579;-26.235809
10664624;-26.084209
10666606;-25.780769
10668603;-25.325203
10670600;-25.021133
10672597;-24.716862
10674621;-24.412348
10676578;-24.259953
10678576;-23.802551
10680581;-23.497276
10682577;-23.191816
10684574;-22.886080
10686621;-22.733150
10688601;-22.274027
10690597;-21.967623
10692598;-21.661047
10694595;-21.354214
10696625;-21.200739
10698578;-20.740007
10700576;-20.432549
10702573;-20.124935
10704571;-19.817076
10706582;-19.663097
10708624;-19.200823
10710597;-18.892433
10712598;-18.583858
10714597;-18.275051
10716596;-18.120604
10718623;-17.656948
10720577;-17.347656
10722580;-17.038193
10724582;-16.728516
10726574;-16.573639
10728578;-16.108715
10730622;-15.798600
10732600;-15.488279
10734594;-15.177855
10736595;-15.022585
10738602;-14.556509
10740621;-14.245645
10742579;-13.934591
10744578;-13.623447
10746577;-13.467825
10748577;-13.000711
10750628;-12.689175
10752619;-12.377464
10754597;-12.065679
10756598;-11.909742
10758597;-11.441707
10760593;-11.129574
10762622;-10.817284
10764583;-10.504933
10766581;-10.348720
10768581;-9.879926
10770577;-9.567274
10772701;-9.254481
10774602;-8.941644
10776596;-8.785192
10778602;-8.315660
10780599;-8.002520
10782598;-7.689348
10784621;-7.376100
10786582;-7.219401
10788578;-6.749341
10790572;-6.435838
10792579;-6.122317
10794622;-5.808736
10796577;-5.651876
10798578;-5.181358
10800575;-4.867567
10802573;-4.553775
10804577;-4.239939
10806622;-4.082958
10808601;-3.612096
10810598;-3.298096
10812596;-2.984111
10814594;-2.827107
10816621;-2.513031
10818582;-2.041943
10820578;-1.727811
10822572;-1.413710
10824576;-1.099547
10826576;-0.942485
10828621;-0.471287
10830603;-0.157100
10832595;0.157080
10834597;0.471237
10836595;0.628314
10838628;1.099535
10840575;1.413669
10842579;1.727790
10844580;2.041893
10846582;2.198937
10848631;2.670036
10850621;2.984070
10852604;3.298074
10854601;3.612046
10856602;3.769018
10858597;4.239879
10860623;4.553734
10862597;4.867544
10864599;5.181307
10866595;5.338169
10868601;5.808674
10870622;6.122274
10872581;6.435814
10874578;6.749289
10876578;6.906002
10878577;7.376038
10880576;7.689305
10882625;8.002495
10884598;8.315607
10886593;8.472132
10888600;8.941581
10890598;9.254436
10892623;9.567202
10894581;9.879873
10896577;10.036171
10898576;10.504917
10900577;10.817286
10902575;11.129548
10904625;11.441700
10906598;11.597733
10908599;12.065662
10910598;12.377467
10912591;12.689150
10914620;13.000705
10916580;13.156436
10918581;13.623430
10920581;13.934594
10922579;14.245617
10924576;14.556500
10926624;14.711891
10928603;15.177837
10930597;15.488280
10932594;15.798573
10934597;16.108707
10936625;16.418684
10938581;16.728498
10940577;17.038149
10942581;17.347628
10944580;17.656937
10946574;17.811527
10948623;18.275032
10950601;18.583811
10952600;18.892406
10954597;19.200811
10956593;19.354946
10958625;19.817057
10960583;20.124889
10962581;20.432520
10964579;20.586262
10966575;20.893587
10968625;21.354193
10970581;21.660999
10972577;21.967592
10974577;22.273970
10976572;22.427074
10978577;22.886059
10980621;23.191769
10982601;23.497246
10984593;23.802494
10986592;23.955029
10988604;24.412279
10990626;24.716812
10992577;25.021099
10994576;25.325144
10996577;25.477072
10998571;25.932476
11000576;26.235760
11002628;26.538784
11004596;26.841545
11006599;26.992828
11008597;27.446274
11010593;27.748230
11012627;28.049919
11014583;28.351324
11016575;28.501928
11018572;28.953299
11020570;29.253859
11022570;29.554132
11024622;29.854111
11026601;30.003988
11028603;30.453184
11030598;30.752268
11032597;31.051052
11034621;31.349527
11036581;31.498650
11038577;31.945551
11040579;32.243092
11042573;32.540310
11044581;32.837208
11046624;32.985538
11048609;33.430038
11050602;33.725952
11052594;34.021542
11054597;34.316792
11056621;34.611706
11058579;34.906273
11060580;35.200500
11062583;35.494377
11064577;35.787907
11066795;36.081081
11068597;36.373901
11070599;36.666363
11072594;36.958458
11074594;37.250191
11076593;37.395920
11078627;37.832550
11080586;38.123173
11082578;38.413418
11084579;38.703281
11086578;38.848072
11088572;39.281864
11090623;39.570580
11092599;39.858898
11094598;40.146824
11096596;40.290646
11098597;40.721493
11100618;41.008221
11102580;41.294548
11104580;41.580467
11106577;41.723270
11108574;42.151066
11110618;42.435749
11112593;42.720005
11114577;42.861973
11116577;43.145603
11118583;43.570240
11120573;43.852798
11122618;44.134922
11124573;44.416611
11126578;44.557289
11128569;44.978668
11130576;45.259033
11132717;45.538948
11134600;45.818417
11136594;45.957985
11138595;46.375996
11140595;46.654099
11142595;46.931744
11144614;47.208927
11146578;47.347336
11148579;47.761883
11150579;48.037659
11152577;48.312958
11154618;48.587780
11156580;48.725014
11158578;49.135986
11160577;49.409363
11162573;49.682243
11164576;49.954647
11166619;50.090660
11168599;50.497963
11170601;50.768871
11172596;51.039284
11174597;51.309193
11176623;51.578583
11178580;51.847477
11180572;52.115856
11182580;52.383720
11184578;52.651070
11186685;52.784550
11188603;53.184204
11190598;53.449982
11192597;53.715237
11194594;53.979958
11196592;54.112125
11198621;54.507809
11200602;54.770924
11202597;55.033501
11204597;55.295532
11206596;55.426346
11208621;55.817963
11210584;56.078350
11212578;56.338184
11214580;56.597466
11216580;56.726891
11218584;57.114338
11220629;57.371937
11222601;57.628967
11224596;57.885426
11226598;58.013447
11228597;58.396633
11230623;58.651371
11232581;58.905529
11234573;59.159111
11236575;59.285683
11238577;59.664516
11240576;59.916336
11242622;60.167557
11244600;60.418190
11246594;60.543285
11248600;60.917671
11250598;61.166508
11252612;61.414749
11254582;61.662376
11256581;61.785961
11258582;62.155800
11260575;62.401592
11262624;62.646778
11264582;62.769135
11266574;63.013386
11268574;63.378597
11270576;63.621284
11272582;63.863350
11274625;64.104782
11276605;64.225266
11278603;64.585754
11280595;64.825279
11282599;65.064171
11284623;65.302414
11286582;65.421295
11288584;65.776978
11290578;66.013275
11292580;66.248932
11294629;66.483932
11296619;66.601189
11298605;66.951958
11300589;67.184982
11302594;67.417351
11304596;67.649040
11306626;67.764648
11308603;68.110428
11310600;68.340118
11312593;68.569130
11314593;68.797462
11316716;69.025124
11318600;69.252098
11320596;69.478394
11322593;69.703995
11324597;69.928909
11326597;70.041107
11328624;70.376678
11330599;70.599518
11332596;70.821655
11334595;71.043106
11336596;71.153572
11338633;71.483887
11340580;71.593643
11342577;71.921852
11344579;72.139778
11346578;72.248459
11348575;72.573471
11350623;72.789238
11352600;73.004303
11354597;73.218636
11356596;73.325539
11358600;73.645142
11360621;73.857300
11362583;74.068741
11364581;74.279442
11366576;74.384514
11368578;74.698639
11370637;74.907135
11372615;75.114891
11374598;75.321915
11376594;75.425140
11378597;75.733711
11380596;75.938484
11382626;76.142517
11384577;76.345795
11386574;76.447151
11388582;76.750092
11390573;76.951103
11392578;77.151352
11394625;77.350845
11396607;77.450302
11398598;77.747536
11400594;77.944733
11402595;78.141159
11404622;78.336807
11406579;78.434349
11408573;78.725800
11410574;78.919128
11412572;79.111679
11414575;79.207657
11416624;79.399040
11418604;79.684631
11420598;79.874054
11422594;80.062675
11424597;80.250511
11426625;80.344131
11428583;80.623810
11430575;80.809273
11432577;80.993927
11434574;81.177780
11436575;81.269417
11438625;81.543091
11440604;81.724548
11442599;81.905190
11444601;82.085022
11446593;82.174637
11448623;82.442261
11450577;82.619659
11452578;82.796242
11454571;82.972015
11456576;83.059586
11458704;83.321083
11460600;83.494392
11462595;83.666870
11464591;83.838524
11466594;83.924042
11468603;84.179352
11470619;84.348526
11472577;84.516853
11474572;84.684349
11476573;84.767792
11478583;85.016846
11480696;85.181831
11482602;85.345985
11484596;85.509285
11486594;85.590622
11488601;85.833366
11490598;85.994133
11492626;86.154045
11494585;86.313118
11496576;86.392334
11498571;86.628700
11500576;86.785210
11502800;86.940865
11504603;87.095657
11506598;87.172737
11508604;87.402672
11510599;87.554886
11512594;87.706230
11514626;87.856712
11516601;87.931625
11518600;88.155075
11520594;88.302948
11522595;88.449944
11524623;88.596085
11526582;88.668823
11528579;88.741341
11530577;89.029221
11532575;89.171852
11534579;89.313599
11536620;89.384140
11538600;89.594444
11540596;89.733536
11542597;89.871750
11544590;90.009079
11546624;90.077400
11548579;90.281052
11550576;90.415710
11552570;90.549469
11554579;90.682343
11556577;90.748444
11558624;90.945389
11560600;91.075569
11562598;91.204857
11564595;91.269150
11566597;91.397087
11568625;91.587296
11570586;91.712967
11572578;91.837730
11574576;91.961594
11576578;92.023178
11578810;92.206589
11580608;92.327728
11582599;92.447952
11584598;92.567261
11586596;92.626572
11588594;92.803139
11590626;92.919708
11592600;93.035355
11594596;93.150093
11596595;93.207108
11598594;93.376793
11600627;93.488762
11602579;93.599808
11604582;93.709930
11606579;93.764648
11608577;93.927406
11610582;94.034752
11612621;94.141167
11614596;94.246658
11616594;94.299057
11618600;94.454842
11620595;94.557541
11622623;94.659302
11624584;94.760132
11626576;94.810196
11628576;94.958969
11630572;95.056992
11632576;95.154076
11634626;95.250214
11636601;95.297935
11638600;95.439682
11640598;95.532997
11642596;95.625374
11644620;95.716805
11646573;95.762169
11648578;95.896835
11650578;95.985428
11652570;96.073074
11654578;96.159775
11656624;96.202766
11658605;96.330322
11660596;96.414169
11662595;96.497070
11664595;96.579018
11666618;96.619637
11668576;96.740051
11670572;96.819130
11672577;96.897263
11674575;96.974442
11676571;97.012665
11678623;97.125908
11680599;97.200203
11682591;97.273544
11684599;97.345917
11686597;97.381752
11688625;97.487793
11690579;97.557297
11692577;97.625824
11694574;97.693390
11696576;97.726814
11698579;97.825638
11700622;97.890305
11702608;97.954018
11704595;98.016754
11706594;98.047760
11708596;98.139336
11710630;98.199173
11712584;98.258034
11714575;98.287109
11716581;98.344521
11718577;98.428818
11720581;98.483810
11722620;98.537819
11724600;98.590858
11726593;98.617020
11728600;98.694023
11730598;98.744141
11732622;98.793289
11734584;98.841454
11736578;98.865173
11738579;98.934868
11740575;98.980110
11742579;99.024376
11744627;99.067665
11746597;99.088943
11748601;99.151306
11750598;99.191658
11752596;99.231033
11754619;99.269432
11756577;99.288261
11758577;99.343285
11760577;99.378738
11762576;99.413208
11764577;99.446701
11766626;99.463081
11768602;99.510742
11770597;99.541290
11772599;99.570862
11774594;99.599442
11776626;99.613365
11778583;99.653656
11780577;99.679283
11782578;99.703934
11784574;99.727600
11786688;99.739059
11788599;99.771973
11790595;99.792686
11792600;99.812408
11794598;99.831154
11796595;99.840149
11798625;99.865685
11800583;99.881462
11802580;99.896263
11804583;99.910072
11806576;99.916611
11808690;99.934746
11810603;99.945602
11812598;99.955467
11814598;99.964348
11816596;99.968422
11818600;99.979149
11820617;99.985077
11822581;99.990005
11824575;99.993958
11826574;99.995560
11828574;99.998894
11830624;99.999878
11832585;99.999878
11834584;99.998894
11836576;99.998024
11838583;99.993958
11840575;99.990005
11842622;99.985077
11844597;99.979149
11846600;99.975815
11848599;99.964348
11850595;99.955467
11852699;99.945602
11854604;99.934746
11856592;99.928947
11858599;99.910072
11860602;99.896263
11862597;99.881462
11864608;99.873695
11866583;99.857422
11868578;99.831154
11870576;99.812408
11872582;99.792686
11874628;99.771973
11876577;99.761253
11878574;99.727600
11880577;99.703941
11882575;99.679283
11884577;99.653656
11886624;99.640472
11888600;99.599442
11890595;99.570862
11892593;99.541298
11894595;99.510750
11896812;99.479218
11898603;99.446701
11900601;99.413208
11902596;99.378738
11904597;99.343285
11906594;99.325188
11908626;99.269432
11910579;99.231033
11912576;99.191666
11914572;99.151306
11916577;99.130768
11918575;99.067673
11920621;99.024376
11922599;98.980110
11924594;98.934868
11926591;98.911888
11928599;98.841461
11930620;98.793289
11932602;98.744141
11934593;98.694023
11936591;98.668602
11938601;98.590866
11940617;98.537819
11942579;98.483810
11944573;98.428818
11946574;98.400970
11948576;98.315941
11950623;98.258041
11952582;98.199173
11954578;98.139343
11956575;98.109055
11958580;98.016754
11960574;97.954018
11962625;97.890312
11964585;97.825638
11966579;97.792938
11968581;97.693398
11970577;97.625824
11972573;97.557297
11974623;97.487801
11976602;97.452690
11978602;97.345932
11980597;97.273544
11982601;97.200211
11984621;97.125916
11986574;97.088402
11988578;96.974442
11990572;96.897270
11992576;96.819138
11994579;96.740051
11996625;96.700157
11998603;96.579018
12000598;96.497078
12002591;96.414177
12004593;96.330330
12006618;96.288048
12008579;96.159782
12010581;96.073082
12012580;95.985428
12014580;95.941254
12016637;95.807297
12018622;95.716812
12020598;95.625374
12022594;95.533005
12024592;95.439682
12026599;95.392670
12028622;95.250221
12030582;95.154076
12032572;95.057007
12034580;94.958984
12036583;94.909622
12038622;94.760132
12040576;94.659302
12042578;94.557549
12044578;94.454849
12046575;94.403152
12048578;94.246666
12050620;94.141174
12052583;94.034752
12054580;93.927414
12056581;93.873390
12058576;93.709938
12060628;93.599823
12062622;93.488770
12064597;93.376801
12066590;93.320465
12068598;93.150101
12070596;93.035362
12072623;92.919716
12074601;92.803146
12076594;92.744514
12078593;92.567268
12080592;92.447952
12082624;92.327728
12084580;92.206596
12086578;92.145691
12088572;92.023193
12090578;91.899780
12092581;91.712967
12094626;91.587296
12096600;91.524117
12098600;91.333237
12100596;91.204857
12102595;91.075584
12104622;90.945396
12106579;90.879974
12108574;90.682343
12110581;90.549477
12112577;90.415726
12114578;90.281067
12116626;90.213394
12118597;90.009079
12120598;89.871750
12122594;89.733551
12124594;89.594452
12126621;89.524567
12128580;89.313599
12130581;89.171860
12132573;89.029228
12134578;88.885727
12136693;88.741348
12138610;88.596085
12140600;88.449951
12142598;88.302948
12144593;88.155067
12146595;88.080811
12148624;87.856712
12150581;87.706230
12152578;87.554893
12154584;87.402679
12156576;87.326256
12158579;87.095680
12160627;86.940880
12162598;86.785217
12164597;86.707069
12166600;86.550140
12168598;86.313126
12170624;86.154068
12172581;85.994141
12174578;85.833374
12176572;85.752663
12178580;85.509285
12180572;85.345985
12182621;85.181847
12184602;85.016853
12186596;84.934029
12188598;84.684357
12190599;84.516853
12192619;84.348511
12194584;84.179352
12196572;84.094452
12198578;83.838524
12200577;83.666870
12202577;83.494385
12204627;83.321075
12206600;83.234116
12208601;82.972023
12210594;82.796249
12212590;82.619667
12214704;82.442268
12216604;82.353271
12218594;82.085037
12220595;81.905197
12222597;81.724556
12224594;81.543098
12226621;81.452087
12228603;81.177780
12230596;80.993942
12232597;80.809280
12234595;80.623817
12236621;80.530800
12238580;80.250511
12240575;80.062675
12242574;79.874062
12244581;79.684647
12246573;79.589630
12248620;79.303452
12250603;79.111679
12252599;78.919128
12254591;78.725800
12256593;78.628838
12258696;78.336807
12260607;78.141167
12262595;77.944740
12264595;77.747559
12266598;77.648666
12268599;77.350861
12270625;77.151367
12272596;76.951111
12274595;76.750099
12276589;76.649315
12278597;76.345810
12280619;76.142532
12282576;75.938499
12284578;75.733719
12286579;75.631050
12288577;75.321922
12290739;75.114906
12292601;74.907150
12294598;74.698647
12296600;74.594131
12298601;74.279442
12300595;74.068748
12302615;73.857307
12304574;73.645142
12306575;73.538780
12308575;73.218636
12310574;73.004295
12312623;72.789253
12314577;72.681442
12316572;72.465324
12318575;72.139786
12320577;71.921860
12322575;71.703232
12324625;71.483910
12326597;71.373962
12328598;71.043121
12330594;70.821671
12332596;70.599525
12334624;70.376678
12336582;70.265007
12338580;69.928932
12340578;69.704010
12342579;69.478401
12344577;69.252106
12346623;69.138702
12348600;68.797478
12350596;68.569145
12352595;68.340126
12354593;68.110435
12356626;67.995354
12358580;67.649040
12360581;67.417358
12362576;67.184998
12364575;66.951965
12366580;66.835213
12368628;66.483948
12370600;66.248940
12372599;66.013298
12374599;65.776993
12376597;65.658585
12378628;65.302429
12380581;65.064178
12382574;64.825287
12384578;64.585777
12386578;64.465759
12388582;64.104805
12390624;63.863361
12392596;63.621296
12394596;63.378597
12396595;63.257027
12398602;62.891354
12400623;62.646790
12402574;62.401604
12404579;62.155807
12406579;62.032688
12408578;61.662388
12410574;61.414753
12412622;61.166519
12414599;60.917675
12416594;60.793037
12418600;60.418213
12420597;60.167568
12422621;59.916359
12424581;59.664536
12426578;59.538414
12428577;59.159122
12430583;58.905560
12432614;58.651394
12434580;58.396656
12436575;58.269054
12438574;57.885437
12440577;57.628979
12442577;57.371964
12444622;57.114365
12446602;56.985344
12448602;56.597477
12450593;56.338192
12452598;56.078358
12454619;55.817978
12456578;55.687569
12458583;55.295544
12460577;55.033512
12462580;54.770927
12464580;54.639446
12466627;54.376053
12468602;53.979977
12470597;53.715248
12472596;53.449989
12474595;53.184204
12476624;52.917915
12478578;52.651100
12480577;52.383751
12482577;52.115883
12484579;51.847500
12486571;51.713127
12488622;51.309196
12490601;51.039307
12492594;50.768894
12494591;50.497978
12496593;50.362350
12498622;49.954655
12500581;49.682255
12502577;49.409382
12504580;49.136005
12506578;48.999119
12508579;48.587791
12510624;48.312962
12512595;48.037659
12514601;47.761898
12516594;47.623821
12518598;47.208931
12520623;46.931747
12522579;46.654099
12524577;46.375992
12526572;46.236778
12528577;45.957981
12530574;45.538975
12532626;45.259052
12534601;44.978683
12536593;44.838341
12538604;44.416637
12540596;44.134945
12542620;43.852818
12544574;43.570255
12546574;43.428825
12548580;43.003849
12550580;42.720028
12552634;42.435760
12554620;42.151081
12556602;42.008595
12558600;41.580467
12560599;41.294567
12562588;41.008240
12564621;40.721504
12566581;40.577976
12568576;40.146832
12570582;39.858898
12572576;39.570599
12574576;39.281879
12576625;39.137363
12578599;38.703285
12580598;38.413418
12582600;38.123165
12584594;37.832584
12586617;37.687119
12588579;37.250214
12590572;36.958477
12592576;36.666374
12594571;36.373913
12596576;36.227558
12598621;35.787930
12600596;35.494400
12602596;35.200516
12604599;34.906284
12606594;34.759052
12608628;34.316818
12610582;34.021561
12612574;33.725971
12614577;33.578037
12616573;33.281975
12618576;32.837212
12620627;32.540329
12622595;32.243107
12624593;31.945559
12626590;31.796658
12628595;31.349527
12630623;31.051048
12632579;30.752283
12634576;30.453190
12636576;30.303522
12638576;29.854134
12640628;29.554150
12642620;29.253874
12644599;28.953331
12646595;28.802931
12648598;28.351349
12650597;28.049934
12652624;27.748245
12654580;27.446281
12656578;27.295212
12658576;26.841568
12660576;26.538801
12662574;26.235771
12664625;25.932482
12666602;25.780756
12668599;25.325165
12670601;25.021118
12672595;24.716824
12674622;24.412287
12676594;24.259939
12678601;23.802490
12680594;23.497261
12682600;23.191778
12684618;22.886066
12686578;22.733135
12688574;22.273966
12690576;21.967585
12692577;21.661034
12694579;21.354221
12696618;21.200726
12698601;20.739969
12700596;20.432533
12702600;20.124922
12704598;19.817085
12706629;19.663082
12708579;19.200832
12710577;18.892418
12712577;18.583818
12714578;18.275061
12716630;18.120588
12718620;17.656956
12720603;17.347641
12722595;17.038157
12724595;16.728500
12726597;16.573624
12728619;16.108725
12730598;15.798585
12732598;15.488288
12734594;15.177840
12736595;15.022570
12738625;14.556519
12740587;14.245629
12742574;13.934599
12744579;13.623433
12746582;13.467834
12748581;13.000721
12750623;12.689183
12752597;12.377496
12754598;12.065687
12756596;11.909726
12758598;11.441715
12760619;11.129559
12762578;10.817315
12764577;10.661130
12766584;10.348703
12768578;9.879887
12770579;9.567211
12772620;9.254441
12774598;8.941605
12776598;8.785129
12778600;8.315620
12780595;8.002504
12782622;7.689308
12784581;7.376037
12786576;7.219385
12788577;6.749302
12790572;6.435822
12792582;6.122278
12794625;5.808673
12796602;5.651861
12798593;5.181319
12800599;4.867576
12802600;4.553761
12804620;4.239901
12806585;4.082967
12808577;3.612057
12810575;3.298105
12812577;2.984096
12814576;2.670057
12816623;2.513040
12818604;2.041904
12820597;1.727796
12822592;1.413695
12824596;1.099556
12826621;0.942470
12828579;0.471248
12830580;0.157085
12832575;-0.157079
12834577;-0.471218
12836584;-0.785375
12838624;-1.099525
12840602;-1.256585
12842597;-1.727790
12844596;-2.041898
12846596;-2.198933
12848624;-2.670027
12850586;-2.984066
12852577;-3.298074
12854582;-3.612027
12856580;-3.768990
12858708;-4.239846
12860602;-4.553706
12862600;-4.867522
12864598;-5.181289
12866598;-5.338142
12868597;-5.808643
12870623;-6.122248
12872598;-6.435792
12874598;-6.749272
12876594;-6.905976
12878601;-7.376031
12880624;-7.689279
12882580;-8.002474
12884579;-8.315591
12886580;-8.472131
12888576;-8.941574
12890578;-9.254436
12892617;-9.567182
12894598;-9.879857
12896596;-10.036171
12898596;-10.504911
12900597;-10.817286
12902625;-11.129552
12904583;-11.441686
12906578;-11.597733
12908573;-12.065634
12910573;-12.377443
12912628;-12.689130
12914618;-12.844914
12916599;-13.156412
12918601;-13.623403
12920595;-13.934570
12922598;-14.245600
12924620;-14.556490
12926579;-14.711868
12928580;-15.177811
12930579;-15.488259
12932578;-15.798555
12934575;-16.108694
12936619;-16.263695
12938601;-16.728497
12940599;-17.038126
12942598;-17.347612
12944598;-17.656927
12946622;-17.811506
12948582;-18.275030
12950576;-18.583813
12952579;-18.892389
12954577;-19.200802
12956619;-19.354950
12958577;-19.817057
12960583;-20.124868
12962581;-20.432505
12964581;-20.739916
12966573;-20.893570
12968624;-21.354168
12970603;-21.660980
12972603;-21.967579
12974592;-22.273960
12976599;-22.427057
12978623;-22.886036
12980576;-23.191748
12982578;-23.497232
12984575;-23.802485
12986575;-23.955011
12988579;-24.412256
12990620;-24.716795
12992582;-25.021088
12994578;-25.325138
12996577;-25.477055
12998583;-25.932476
13000623;-26.235741
13002581;-26.538771
13004576;-26.841539
13006577;-26.992813
13008573;-27.446276
13010576;-27.748240
13012623;-28.049908
13014602;-28.351297
13016599;-28.501909
13018598;-28.953281
13020598;-29.253843
13022622;-29.554098
13024581;-29.854084
13026579;-30.003973
13028572;-30.453163
13030578;-30.752254
13032574;-31.051043
13034624;-31.349501
13036596;-31.498638
13038603;-31.945532
13040595;-32.243076
13042594;-32.540302
13044620;-32.837208
13046579;-32.985527
13048577;-33.430019
13050577;-33.725945
13052575;-34.021534
13054576;-34.316792
13056625;-34.464279
13058606;-34.906258
13060597;-35.200489
13062598;-35.494373
13064592;-35.641193
13066622;-35.934525
13068582;-36.373882
13070583;-36.666325
13072576;-36.958427
13074583;-37.250168
13076573;-37.395885
13078626;-37.832535
13080602;-38.123161
13082600;-38.413387
13084594;-38.703259
13086598;-38.848064
13088620;-39.281853
13090583;-39.570568
13092578;-39.858894
13094578;-40.146805
13096578;-40.290634
13098634;-40.721478
13100621;-41.008209
13102598;-41.294540
13104593;-41.580467
13106596;-41.723259
13108599;-42.151054
13110621;-42.435734
13112576;-42.720001
13114578;-43.003841
13116575;-43.145596
13118581;-43.570229
13120577;-43.852791
13122621;-44.134895
13124596;-44.416592
13126594;-44.557262
13128600;-44.978657
13130655;-45.259007
13132617;-45.538925
13134600;-45.818401
13136597;-45.957954
13138601;-46.375988
13140597;-46.654095
13142619;-46.931721
13144577;-47.208904
13146584;-47.347332
13148584;-47.761871
13150580;-48.037647
13152620;-48.312950
13154608;-48.587757
13156592;-48.725002
13158600;-49.135971
13160598;-49.409351
13162592;-49.682243
13164622;-49.954624
13166574;-50.090652
13168577;-50.497948
13170580;-50.768864
13172577;-51.039280
13174575;-51.309193
13176625;-51.443947
13178602;-51.847446
13180598;-52.115829
13182598;-52.383698
13184599;-52.651054
13186625;-52.784519
13188583;-53.184174
13190577;-53.449959
13192573;-53.715218
13194575;-53.979946
13196575;-54.112095
13198626;-54.507797
13200602;-54.770897
13202591;-55.033482
13204598;-55.295517
13206601;-55.426342
13208626;-55.817951
13210576;-56.078346
13212579;-56.338161
13214578;-56.467884
13216578;-56.726891
13218576;-57.114334
13220622;-57.371933
13222594;-57.628967
13224596;-57.885414
13226592;-58.013439
13228604;-58.396626
13230625;-58.651344
13232579;-58.905514
13234579;-59.159096
13236578;-59.285660
13238579;-59.664490
13240581;-59.916313
13242623;-60.167545
13244600;-60.418182
13246596;-60.543270
13248596;-60.917645
13250599;-61.166489
13252619;-61.414730
13254581;-61.662357
13256577;-61.785934
13258580;-62.155796
13260574;-62.401573
13262579;-62.646759
13264624;-62.891323
13266597;-63.013363
13268600;-63.378590
13270593;-63.621284
13272595;-63.863338
13274623;-64.104774
13276575;-64.225266
13278578;-64.585747
13280582;-64.825279
13282573;-65.064171
13284580;-65.302383
13286619;-65.421280
13288601;-65.776947
13290597;-66.013260
13292595;-66.248917
13294597;-66.483917
13296622;-66.601166
13298582;-66.951942
13300573;-67.184967
13302580;-67.417336
13304576;-67.649033
13306581;-67.764626
13308623;-68.110413
13310597;-68.340096
13312596;-68.569115
13314595;-68.797455
13316598;-68.911362
13318627;-69.252083
13320580;-69.478378
13322579;-69.703987
13324577;-69.928902
13326578;-70.041100
13328636;-70.376678
13330623;-70.599503
13332601;-70.821648
13334597;-71.043098
13336594;-71.153572
13338600;-71.483871
13340622;-71.703209
13342577;-71.921829
13344574;-72.139755
13346586;-72.248444
13348579;-72.573456
13350573;-72.789230
13352620;-73.004295
13354601;-73.218613
13356598;-73.325523
13358599;-73.645126
13360596;-73.857292
13362622;-74.068726
13364581;-74.174164
13366573;-74.384499
13368577;-74.698624
13370578;-74.907127
13372579;-75.114883
13374626;-75.321899
13376598;-75.425125
13378597;-75.733711
13380597;-75.938477
13382600;-76.142525
13384625;-76.345787
13386577;-76.447144
13388575;-76.750092
13390571;-76.951096
13392577;-77.151337
13394575;-77.350845
13396622;-77.450302
13398600;-77.747513
13400601;-77.944717
13402594;-78.141136
13404596;-78.336807
13406626;-78.434334
13408581;-78.725777
13410574;-78.919121
13412580;-79.111656
13414578;-79.303444
13416626;-79.399033
13418581;-79.684639
13420582;-79.874046
13422578;-80.062660
13424578;-80.250511
13426573;-80.344131
13428626;-80.623817
13430605;-80.809258
13432591;-80.993912
13434596;-81.177780
13436593;-81.269409
13438627;-81.543098
13440586;-81.724533
13442577;-81.905197
13444577;-82.085022
13446574;-82.174629
13448582;-82.442261
13450620;-82.619652
13452583;-82.796249
13454577;-82.972008
13456575;-83.059578
13458578;-83.321091
13460631;-83.494377
13462624;-83.666878
13464598;-83.838524
13466596;-83.924034
13468600;-84.179352
13470595;-84.348511
13472622;-84.516838
13474581;-84.684326
13476579;-84.767761
13478576;-85.016823
13480573;-85.181801
13482580;-85.345963
13484618;-85.509262
13486580;-85.590591
13488580;-85.833344
13490577;-85.994102
13492575;-86.154037
13494723;-86.313095
13496603;-86.392334
13498603;-86.628685
13500597;-86.785210
13502599;-86.940849
13504596;-87.095634
13506622;-87.172737
13508583;-87.402657
13510575;-87.554878
13512578;-87.706215
13514573;-87.781563
13516581;-88.006317
13518619;-88.155052
13520600;-88.302948
13522594;-88.449944
13524597;-88.596085
13526600;-88.668816
13528623;-88.885704
13530575;-88.885704
13532576;-89.171837
13534575;-89.313599
13536576;-89.384140
13538631;-89.594421
13540623;-89.733536
13542593;-89.871742
13544600;-90.009079
13546596;-90.077400
13548599;-90.281067
13550621;-90.415703
13552585;-90.549461
13554579;-90.682343
13556577;-90.748444
13558578;-90.945396
13560631;-91.075569
13562623;-91.204849
13564594;-91.333237
13566600;-91.397079
13568601;-91.587296
13570597;-91.712967
13572625;-91.837738
13574580;-91.961601
13576581;-92.023178
13578574;-92.206596
13580580;-92.327705
13582631;-92.447945
13584627;-92.567245
13586599;-92.626556
13588600;-92.803131
13590595;-92.861526
13592594;-93.035355
13594625;-93.150070
13596576;-93.207092
13598579;-93.376785
13600576;-93.488747
13602578;-93.599800
13604633;-93.709923
13606618;-93.764633
13608605;-93.927399
13610596;-94.034737
13612600;-94.141159
13614591;-94.246643
13616627;-94.299034
13618584;-94.454834
13620575;-94.557526
13622579;-94.659294
13624573;-94.760117
13626632;-94.810196
13628620;-94.958969
13630598;-95.056999
13632598;-95.154068
13634594;-95.250206
13636598;-95.297935
13638626;-95.439674
13640580;-95.532997
13642580;-95.625374
13644580;-95.716789
13646577;-95.762169
13648714;-95.896828
13650603;-95.985428
13652596;-96.073074
13654595;-96.159782
13656594;-96.202766
13658602;-96.330322
13660622;-96.414177
13662599;-96.497070
13664593;-96.538162
13666597;-96.619637
13668599;-96.740044
13670629;-96.819138
13672576;-96.897255
13674575;-96.974442
13676576;-97.012665
13678578;-97.125916
13680626;-97.200203
13682624;-97.273544
13684598;-97.345924
13686599;-97.381752
13688599;-97.487793
13690599;-97.557281
13692624;-97.625809
13694585;-97.693382
13696582;-97.726807
13698575;-97.825630
13700578;-97.890297
13702704;-97.954010
13704603;-98.016754
13706599;-98.047760
13708603;-98.139336
13710596;-98.199165
13712597;-98.258034
13714622;-98.315933
13716580;-98.344513
13718579;-98.428818
13720576;-98.483803
13722571;-98.537811
13724704;-98.590858
13726603;-98.617012
13728603;-98.694023
13730594;-98.744133
13732595;-98.793289
13734644;-98.841454
13736620;-98.865166
13738596;-98.934868
13740597;-98.980103
13742595;-99.024376
13744592;-99.067665
13746622;-99.088936
13748586;-99.151306
13750583;-99.191666
13752582;-99.231033
13754580;-99.269424
13756690;-99.306847
13758603;-99.343285
13760595;-99.378738
13762594;-99.413208
13764596;-99.446701
13766598;-99.463081
13768622;-99.510742
13770597;-99.541298
13772598;-99.570862
13774594;-99.599442
13776593;-99.613365
13778626;-99.653656
13780582;-99.679283
13782584;-99.703934
13784580;-99.727600
13786573;-99.739059
13788576;-99.771973
13790625;-99.792686
13792596;-99.812408
13794595;-99.831161
13796596;-99.840157
13798602;-99.865677
13800622;-99.881462
13802580;-99.896263
13804570;-99.910072
13806573;-99.916611
13808575;-99.934746
13810576;-99.945602
13812617;-99.955460
13814599;-99.960030
13816597;-99.968414
13818595;-99.979149
13820600;-99.985069
13822623;-99.990005
13824583;-99.993958
13826574;-99.995560
13828579;-99.998894
13830578;-99.999878
13832576;-99.999878
13834626;-99.998894
13836598;-99.998024
13838597;-99.993958
13840594;-99.990013
13842594;-99.985077
13844626;-99.979149
13846579;-99.975815
13848580;-99.964348
13850576;-99.955467
13852580;-99.945602
13854575;-99.934746
13856625;-99.928955
13858604;-99.910080
13860597;-99.896263
13862598;-99.881462
13864593;-99.865685
13866623;-99.857422
13868579;-99.831161
13870577;-99.812416
13872575;-99.792686
13874578;-99.771973
13876620;-99.761253
13878579;-99.727600
13880579;-99.703934
13882579;-99.679283
13884580;-99.653656
13886583;-99.640472
13888622;-99.599442
13890607;-99.570862
13892599;-99.541298
13894597;-99.510750
13896592;-99.495102
13898627;-99.446709
13900584;-99.413208
13902572;-99.378738
13904572;-99.343285
13906581;-99.325195
13908580;-99.269440
13910625;-99.231041
13912598;-99.191666
13914593;-99.151314
13916597;-99.130768
13918597;-99.067673
13920622;-99.024384
13922584;-98.980118
13924578;-98.934868
13926578;-98.911888
13928575;-98.841461
13930578;-98.793289
13932617;-98.744148
13934601;-98.694023
13936591;-98.668602
13938601;-98.590866
13940598;-98.537827
13942624;-98.483810
13944581;-98.428825
13946583;-98.400970
13948588;-98.315941
13950577;-98.258049
13952580;-98.199181
13954623;-98.139343
13956600;-98.109062
13958596;-98.016754
13960594;-97.954025
13962598;-97.890312
13964622;-97.858093
13966579;-97.792938
13968580;-97.693398
13970573;-97.659729
13972579;-97.557297
13974577;-97.487801
13976622;-97.452698
13978607;-97.345924
13980598;-97.273552
13982593;-97.200203
13984594;-97.125916
13986620;-97.088402
13988581;-96.974442
13990581;-96.897270
13992580;-96.819138
13994579;-96.740051
13996576;-96.700165
13998622;-96.579018
14000596;-96.497086
14002596;-96.414177
14004594;-96.330330
14006593;-96.288055
14008623;-96.159782
14010577;-96.073074
14012577;-95.985443
14014574;-95.896851
14016578;-95.852188
14018580;-95.716820
14020625;-95.625381
14022602;-95.533012
14024590;-95.439697
14026597;-95.392677
14028601;-95.250237
14030627;-95.154083
14032584;-95.057007
14034579;-94.958984
14036580;-94.909630
14038572;-94.760147
14040638;-94.659309
14042622;-94.557556
14044597;-94.454849
14046594;-94.403160
14048603;-94.246681
14050595;-94.141182
14052623;-94.034767
14054596;-93.927414
14056598;-93.873390
14058597;-93.709961
14060598;-93.599823
14062625;-93.488785
14064581;-93.376801
14066572;-93.320473
14068573;-93.150093
14070579;-93.035370
14072580;-92.919724
14074620;-92.803154
14076602;-92.744522
14078603;-92.567268
14080595;-92.447960
14082592;-92.327744
14084623;-92.206596
14086573;-92.145691
14088576;-91.961601
14090573;-91.837738
14092571;-91.712967
14094637;-91.587296
14096623;-91.460732
14098598;-91.333237
14100593;-91.204865
14102596;-91.075569
14104598;-90.945396
14106619;-90.879974
14108583;-90.682343
14110579;-90.549484
14112574;-90.415703
14114574;-90.348495
14116577;-90.145508
14118623;-90.009079
14120593;-89.871780
14122596;-89.733559
14124596;-89.594475
14126599;-89.524590
14128625;-89.313622
14130578;-89.171890
14132581;-89.029243
14134582;-88.885750
14136577;-88.813675
14138578;-88.596107
14140621;-88.449959
14142593;-88.302971
14144596;-88.155106
14146597;-88.080818
14148601;-87.856735
14150625;-87.706238
14152575;-87.554901
14154570;-87.402702
14156574;-87.326256
14158575;-87.095680
14160581;-86.940872
14162623;-86.785233
14164599;-86.628708
14166600;-86.550140
14168596;-86.313148
14170590;-86.154060
14172622;-85.994148
14174577;-85.833374
14176575;-85.752670
14178578;-85.509315
14180572;-85.345993
14182581;-85.181847
14184622;-85.016846
14186603;-84.934044
14188597;-84.684349
14190595;-84.516861
14192600;-84.348534
14194627;-84.179352
14196579;-84.094467
14198574;-83.838524
14200572;-83.666878
14202572;-83.494408
14204577;-83.321091
14206622;-83.234131
14208601;-82.972008
14210600;-82.796249
14212597;-82.619652
14214596;-82.442261
14216621;-82.353264
14218579;-82.085022
14220582;-81.905197
14222583;-81.724533
14224577;-81.543098
14226571;-81.452080
14228620;-81.177811
14230598;-80.993965
14232599;-80.809288
14234590;-80.623840
14236597;-80.530823
14238623;-80.250534
14240579;-80.062714
14242575;-79.874077
14244578;-79.684669
14246579;-79.589668
14248579;-79.303474
14250619;-79.111710
14252593;-78.919151
14254592;-78.725830
14256600;-78.628883
14258594;-78.336838
14260621;-78.141197
14262582;-77.944756
14264578;-77.846252
14266576;-77.648659
14268576;-77.350876
14270618;-77.151367
14272577;-76.951126
14274571;-76.750122
14276577;-76.649307
14278579;-76.345825
14280576;-76.142525
14282615;-75.938507
14284580;-75.733742
14286573;-75.631042
14288575;-75.321938
14290575;-75.114906
14292618;-74.907158
14294580;-74.698639
14296581;-74.594131
14298574;-74.279465
14300580;-74.068741
14302581;-73.857323
14304628;-73.645142
14306607;-73.538795
14308602;-73.218666
14310595;-73.004303
14312595;-72.789261
14314620;-72.573471
14316580;-72.465317
14318587;-72.139763
14320578;-71.921860
14322583;-71.703247
14324579;-71.483887
14326622;-71.373962
14328603;-71.043098
14330596;-70.821671
14332594;-70.599533
14334599;-70.376678
14336723;-70.153191
14338602;-69.928940
14340592;-69.816574
14342598;-69.478439
14344597;-69.252129
14346597;-69.138733
14348627;-68.797493
14350576;-68.569168
14352575;-68.340134
14354576;-68.110466
14356571;-67.995377
14358624;-67.649063
14360585;-67.417389
14362576;-67.185005
14364577;-66.951988
14366577;-66.835243
14368579;-66.483955
14370618;-66.248970
14372601;-66.013298
14374598;-65.777000
14376592;-65.658607
14378602;-65.302437
14380622;-65.064201
14382579;-64.825294
14384572;-64.585785
14386577;-64.465782
14388577;-64.104805
14390575;-63.863392
14392622;-63.621307
14394595;-63.378628
14396594;-63.257015
14398597;-62.891365
14400595;-62.646778
14402623;-62.401615
14404580;-62.155830
14406579;-62.032677
14408577;-61.662399
14410573;-61.414749
14412578;-61.166527
14414619;-61.042191
14416599;-60.793030
14418599;-60.418217
14420593;-60.167564
14422596;-59.916348
14424618;-59.664505
14426581;-59.538383
14428575;-59.159134
14430576;-58.905529
14432574;-58.651386
14434577;-58.396626
14436618;-58.269047
14438598;-57.885448
14440596;-57.628967
14442598;-57.371990
14444595;-57.114376
14446625;-56.985371
14448582;-56.597485
14450576;-56.338223
14452576;-56.078403
14454573;-55.817993
14456575;-55.557068
14458623;-55.295555
14460602;-55.033539
14462596;-54.770977
14464591;-54.507839
14466595;-54.376083
14468626;-53.979980
14470586;-53.715279
14472576;-53.450001
14474574;-53.184235
14476573;-53.051155
14478721;-52.651096
14480601;-52.383762
14482595;-52.115868
14484596;-51.847504
14486594;-51.713135
14488605;-51.309212
14490621;-51.039322
14492581;-50.768887
14494573;-50.497990
14496576;-50.362354
14498579;-49.954666
14500711;-49.682285
14502598;-49.409370
14504598;-49.136013
14506597;-48.999153
14508600;-48.587799
14510596;-48.312996
14512623;-48.037670
14514584;-47.761909
14516577;-47.623856
14518578;-47.208942
14520577;-46.931778
14522704;-46.654110
14524599;-46.376026
14526601;-46.236767
14528598;-45.818439
14530597;-45.678772
14532594;-45.259045
14534623;-44.978695
14536581;-44.838314
14538576;-44.416630
14540579;-44.134918
14542580;-43.852810
14544575;-43.570271
14546622;-43.428795
14548600;-43.003864
14550594;-42.720039
14552593;-42.435799
14554596;-42.151093
14556617;-42.008610
14558579;-41.580528
14560581;-41.294582
14562578;-41.008274
14564574;-40.864967
14566575;-40.578011
14568619;-40.146889
14570602;-39.858932
14572599;-39.570629
14574599;-39.281891
14576594;-39.137398
14578616;-38.703300
14580580;-38.413452
14582575;-38.123226
14584582;-37.832577
14586577;-37.687134
14588630;-37.250210
14590620;-36.958492
14592595;-36.666412
14594597;-36.373924
14596591;-36.227570
14598604;-35.787922
14600624;-35.494415
14602586;-35.200508
14604581;-34.906300
14606580;-34.759064
14608576;-34.316807
14610707;-34.021576
14612606;-33.725964
14614593;-33.430061
14616594;-33.281986
14618596;-32.837227
14620599;-32.540344
14622622;-32.243095
14624579;-31.945574
14626581;-31.796694
14628581;-31.349543
14630575;-31.051085
14632738;-30.752274
14634606;-30.453205
14636598;-30.303558
14638601;-29.854124
14640593;-29.554165
14642591;-29.253864
14644623;-28.953323
14646582;-28.802944
14648573;-28.351339
14650577;-28.049904
14652572;-27.748236
14654572;-27.446297
14656619;-27.295177
14658599;-26.841604
14660596;-26.538816
14662592;-26.235809
14664597;-25.932545
14666626;-25.780769
14668576;-25.325203
14670577;-25.021133
14672576;-24.716862
14674579;-24.412348
14676576;-24.259953
14678624;-23.802551
14680599;-23.497276
14682596;-23.191816
14684595;-22.886080
14686593;-22.733150
14688625;-22.274027
14690576;-21.967623
14692577;-21.661047
14694579;-21.354214
14696576;-21.200739
14698633;-20.740007
14700619;-20.432549
14702596;-20.124935
14704593;-19.817076
14706595;-19.663097
14708596;-19.200823
14710623;-18.892433
14712596;-18.583858
14714600;-18.429453
14716593;-18.120604
14718595;-17.656948
14720624;-17.347656
14722583;-17.038193
14724574;-16.728516
14726576;-16.573639
14728582;-16.108715
14730574;-15.798600
14732624;-15.488279
14734602;-15.177855
14736595;-15.022585
14738598;-14.556509
14740593;-14.245645
14742626;-13.934591
14744581;-13.623447
14746582;-13.467825
14748581;-13.000711
14750576;-12.689175
14752626;-12.377464
14754621;-12.065679
14756596;-11.909742
14758600;-11.441707
14760593;-11.129574
14762598;-10.817284
14764621;-10.504933
14766578;-10.348720
14768570;-9.879926
14770569;-9.567274
14772571;-9.254481
14774737;-8.941644
14776601;-8.785192
14778600;-8.315660
14780594;-8.002520
14782598;-7.689348
14784594;-7.376100
14786623;-7.219401
14788606;-6.749341
14790595;-6.435838
14792595;-6.122317
14794595;-5.808736
14796627;-5.495050
14798579;-5.181358
14800578;-4.867567
14802570;-4.553775
14804579;-4.239939
14806582;-4.082958
14808626;-3.612096
14810594;-3.298096
14812592;-2.984111
14814592;-2.670048
14816595;-2.513031
14818626;-2.041943
14820584;-1.727811
14822576;-1.413710
14824573;-1.099547
14826577;-0.942485
14828581;-0.471287
14830623;-0.157100
14832595;0.157080
14834592;0.471237
14836593;0.628314
14838595;1.099535
14840626;1.413669
14842582;1.727790
14844580;2.041893
14846578;2.198937
14848582;2.670036
14850576;2.984070
14852625;3.298074
14854596;3.612046
14856594;3.769018
14858599;4.239879
14860592;4.553734
14862626;4.867544
14864600;5.024432
14866597;5.338169
14868603;5.808674
14870599;6.122274
14872626;6.435814
14874580;6.749289
14876578;6.906002
14878575;7.376038
14880579;7.689305
14882581;8.002495
14884623;8.315607
14886599;8.472132
14888603;8.941581
14890590;9.254436
14892597;9.567202
14894622;9.879873
14896583;10.036171
14898576;10.504917
14900580;10.817286
14902580;11.129548
14904572;11.441700
14906624;11.597733
14908602;12.065662
14910595;12.377467
14912596;12.689150
14914598;13.000705
14916618;13.312133
14918583;13.623430
14920572;13.934594
14922574;14.245617
14924579;14.556500
14926577;14.711891
14928622;15.177837
14930596;15.488280
14932596;15.798573
14934596;16.108707
14936597;16.418684
14938618;16.728498
14940586;17.038149
14942573;17.347628
14944576;17.656937
14946570;17.811527
14948578;18.275032
14950627;18.583811
14952602;18.892406
14954598;19.200811
14956593;19.354946
14958603;19.817057
14960622;20.124889
14962577;20.432520
14964573;20.739950
14966574;20.893587
14968575;21.354193
14970627;21.660999
14972623;21.967592
14974585;22.273970
14976576;22.427074
14978578;22.886059
14980578;23.191769
14982629;23.497246
14984622;23.802494
14986598;23.955029
14988596;24.412279
14990601;24.716812
14992597;25.021099
14994621;25.325144
14996579;25.477072
14998579;25.932476
15000579;26.235760
15002574;26.538784
15004722;26.841545
15006601;26.992828
15008602;27.446274
15010599;27.748230
15012595;28.049919
15014596;28.200657
15016621;28.652456
15018603;28.953299
15020596;29.253859
15022599;29.554132
15024598;29.854111
15026626;30.003988
15028579;30.453184
15030573;30.752268
15032576;31.051052
15034573;31.349527
15036575;31.498650
15038628;31.945551
15040601;32.243092
15042595;32.540310
15044595;32.837208
15046596;32.985538
15048625;33.430038
15050580;33.725952
15052579;34.021542
15054576;34.316792
15056578;34.464294
15058631;34.906273
15060624;35.200500
15062598;35.494377
15064599;35.787907
15066598;35.934536
15068598;36.373901
15070625;36.666363
15072600;36.958458
15074590;37.250191
15076596;37.395920
15078597;37.832550
15080649;38.123173
15082622;38.413418
15084599;38.703281
15086601;38.848072
15088602;39.281864
15090596;39.426273
15092626;39.858898
15094575;40.146824
15096583;40.290646
15098577;40.721493
15100578;41.008221
15102577;41.294548
15104621;41.580467
15106599;41.723270
15108599;42.151066
15110598;42.435749
15112592;42.720005
15114619;43.003841
15116583;43.145603
15118574;43.570240
15120576;43.852798
15122576;44.134922
15124576;44.416611
15126624;44.557289
15128603;44.978668
15130602;45.259033
15132597;45.538948
15134598;45.818417
15136621;46.097435
15138579;46.375996
15140580;46.654099
15142580;46.931744
15144578;47.208927
15146575;47.347336
15148623;47.761883
15150598;48.037659
15152597;48.312958
15154594;48.587780
15156591;48.725014
15158625;49.135986
15160577;49.409363
15162575;49.682243
15164583;49.818508
15166581;50.090660
15168707;50.497963
15170604;50.768871
15172595;51.039284
15174596;51.309193
15176594;51.443951
15178600;51.847477
15180625;52.115856
15182599;52.383720
15184594;52.651070
15186597;52.784550
15188599;53.184204
15190726;53.449982
15192601;53.715237
15194596;53.979958
15196594;54.112125
15198597;54.507809
15200594;54.770924
15202621;55.033501
15204603;55.295532
15206596;55.426346
15208598;55.817963
15210597;56.078350
15212623;56.338184
15214579;56.597466
15216579;56.726891
15218582;57.114338
15220576;57.371937
15222577;57.628967
15224620;57.885426
15226603;58.013447
15228606;58.396633
15230595;58.651371
15232596;58.905529
15234619;59.159111
15236572;59.285683
15238584;59.664516
15240575;59.916336
15242582;60.167557
15244578;60.418190
15246625;60.543285
15248580;60.917671
15250585;61.166508
15252576;61.414749
15254573;61.662376
15256627;61.909389
15258582;62.155800
15260576;62.401592
15262572;62.646778
15264577;62.891342
15266580;63.013386
15268624;63.378597
15270600;63.621284
15272599;63.863350
15274595;64.104782
15276597;64.225266
15278623;64.585754
15280580;64.825279
15282578;65.064171
15284576;65.302414
15286579;65.421295
15288577;65.776978
15290626;66.013275
15292597;66.248932
15294597;66.483932
15296594;66.601189
