Timestamp;.superwatch_ch00
0;-38.123226
2020;-37.832577
4002;-37.541599
5997;-37.250210
7999;-37.104397
9994;-36.666412
11994;-36.373924
13992;-36.081123
15995;-35.787922
18001;-35.494415
20000;-35.200508
22039;-34.906300
24040;-34.611748
26002;-34.316807
27998;-34.021576
29997;-33.725964
31998;-33.430061
33997;-33.133827
36042;-32.837227
38025;-32.540344
40018;-32.243095
42017;-31.945574
44014;-31.647692
46035;-31.349543
48001;-31.051085
49998;-30.752274
51997;-30.453205
53993;-30.153790
55996;-29.854124
58037;-29.554165
60024;-29.253864
62019;-28.953323
64014;-28.652451
66015;-28.351339
68041;-28.049904
70001;-27.748236
72000;-27.446297
73997;-27.144039
75995;-26.841604
78000;-26.538816
80037;-26.235809
82022;-25.932545
84016;-25.628975
86014;-25.325203
88014;-25.021133
90035;-24.716862
92004;-24.412348
94000;-24.107544
95995;-23.802551
97999;-23.497276
99992;-23.191816
102037;-22.886080
104018;-22.580164
106012;-22.274027
108020;-21.967623
110017;-21.661047
112040;-21.354214
114001;-21.047215
115998;-20.740007
118001;-20.432549
119996;-20.124935
122050;-19.817076
124037;-19.509069
126019;-19.200823
128017;-18.892433
130014;-18.583858
132013;-18.275051
134038;-17.966110
136000;-17.656948
138003;-17.347656
140003;-17.038193
141997;-16.728516
144053;-16.418720
146034;-16.108715
148029;-15.798600
150021;-15.488279
152022;-15.177855
154017;-14.867279
156038;-14.556509
158004;-14.245645
160003;-13.934591
162000;-13.623447
164000;-13.312168
165991;-13.000711
168040;-12.689175
170024;-12.377464
172021;-12.065679
174017;-11.753728
176019;-11.441707
178044;-11.129574
180020;-10.817284
182014;-10.504933
184014;-10.192480
186014;-9.879926
188066;-9.567274
190035;-9.254481
192023;-8.941644
194016;-8.628671
196017;-8.315660
198021;-8.002520
200038;-7.689348
202023;-7.376100
204018;-7.062732
206019;-6.749341
208016;-6.435838
210039;-6.122317
212003;-5.808736
213993;-5.495050
215994;-5.181358
218000;-4.867567
220133;-4.553775
222022;-4.239939
224017;-3.926013
226015;-3.612096
228018;-3.298096
230014;-2.984111
232030;-2.670048
234001;-2.356008
235999;-2.041943
237999;-1.727811
239994;-1.413710
242033;-1.099547
243997;-0.785421
245996;-0.471287
248000;-0.157100
249996;0.157080
251996;0.471237
254037;0.785390
256019;1.099535
258024;1.413669
260010;1.727790
262015;2.041893
264036;2.355976
265996;2.670036
267997;2.984070
269996;3.298074
271998;3.612046
274159;3.925981
276023;4.239879
278020;4.553734
280016;4.867544
282012;5.181307
284012;5.495018
286036;5.808674
288021;6.122274
290016;6.435814
292013;6.749289
294017;7.062697
296038;7.376038
298002;7.689305
299999;8.002495
301991;8.315607
303996;8.628635
305998;8.941581
308039;9.254436
310024;9.567202
312017;9.879873
314014;10.192444
316013;10.504917
318034;10.817286
320001;11.129548
321995;11.441700
324004;11.753738
325992;12.065662
328053;12.377467
330037;12.689150
332021;13.000705
334017;13.312133
336018;13.623430
338021;13.934594
340033;14.245617
342021;14.556500
344017;14.867243
346017;15.177837
348019;15.488280
350036;15.798573
351999;16.108707
353993;16.418684
355995;16.728498
357997;17.038149
360002;17.347628
362035;17.656937
364018;17.966076
366019;18.275032
368024;18.583811
370016;18.892406
372037;19.200811
374005;19.509031
375994;19.817057
377998;20.124889
379997;20.432520
381996;20.739950
384036;21.047176
386022;21.354193
388024;21.660999
390013;21.967592
392016;22.273970
394040;22.580126
396001;22.886059
397996;23.191769
400000;23.497246
401994;23.802494
403996;24.107506
406034;24.412279
408024;24.716812
410013;25.021099
412019;25.325144
414020;25.628939
416033;25.932476
417997;26.235760
419994;26.538784
421993;26.841545
424001;27.144045
425993;27.446274
428037;27.748230
430021;28.049919
432017;28.351324
434011;28.652456
436010;28.953299
438054;29.253859
440028;29.554132
442017;29.854111
444020;30.153793
446017;30.453184
448023;30.752268
450036;31.051052
452017;31.349527
454016;31.647697
456017;31.945551
458018;32.243092
460032;32.540310
462001;32.837208
463997;33.133785
465998;33.430038
467994;33.725952
469998;34.021542
472036;34.316792
474014;34.611706
476016;34.906273
478021;35.200500
480015;35.494377
482032;35.787907
484002;36.081081
485998;36.373901
487997;36.666363
489997;36.958458
492033;37.250191
494000;37.541557
495998;37.832550
497996;38.123173
499994;38.413418
501997;38.703281
504025;38.992767
506000;39.281864
508001;39.570580
509997;39.858898
511998;40.146824
514036;40.434357
515996;40.721493
517999;41.008221
519997;41.294548
521999;41.580467
523997;41.865971
526036;42.151066
528021;42.435749
530014;42.720005
532018;43.003841
534017;43.287258
536038;43.570240
538003;43.852798
539998;44.134922
541999;44.416611
544004;44.697861
545996;44.978668
548036;45.259033
550020;45.538948
552017;45.818417
554019;46.097435
556016;46.375996
558034;46.654099
559998;46.931744
561993;47.208927
563994;47.485634
566001;47.761883
568055;48.037659
570038;48.312958
572028;48.587780
574019;48.862122
576017;49.135986
578019;49.409363
580037;49.682243
581998;49.954647
583995;50.226551
585994;50.497963
587998;50.768871
590156;51.039284
592025;51.309193
594020;51.578583
596017;51.847477
598018;52.115856
600013;52.383720
602037;52.651070
604007;52.917896
605995;53.184204
607998;53.449982
609992;53.715237
612136;53.979958
614023;54.244156
616013;54.507809
618015;54.770924
620017;55.033501
622016;55.295532
624035;55.557018
626000;55.817963
627995;56.078350
629993;56.338184
631995;56.597466
634173;56.856178
636030;57.114338
638016;57.371937
640020;57.628967
642014;57.885426
644013;58.141319
646032;58.396633
647998;58.651371
650001;58.905529
651993;59.159111
653994;59.412106
655995;59.664516
658040;59.916336
660013;60.167557
662016;60.418190
664016;60.668228
666014;60.917671
668038;61.166508
670001;61.414749
671998;61.662376
673993;61.909389
675996;62.155800
678036;62.401592
679999;62.646778
681995;62.891342
684000;63.135277
685998;63.378597
687999;63.621284
690034;63.863350
692019;64.104782
694010;64.345589
696014;64.585754
698018;64.825279
700032;65.064171
702000;65.302414
703993;65.540009
705997;65.776978
707999;66.013275
709995;66.248932
712038;66.483932
714019;66.718277
716017;66.951958
718019;67.184982
720012;67.417351
722036;67.649040
723998;67.880074
725997;68.110428
727999;68.340118
729997;68.569130
732000;68.797462
734038;69.025124
736019;69.252098
738021;69.478394
740024;69.703995
742014;69.928909
744031;70.153137
745997;70.376678
747998;70.599518
749995;70.821655
752002;71.043106
753993;71.263847
756034;71.483887
758023;71.593643
760016;71.921852
762014;72.139778
764020;72.356972
766034;72.573471
768003;72.789238
769998;73.004303
771997;73.218636
773993;73.432251
776003;73.645142
778037;73.857300
780018;74.068741
782017;74.279442
784015;74.489403
786017;74.698639
788039;74.907135
790003;75.114891
791999;75.321915
794001;75.528183
795995;75.733711
798131;75.938484
800027;76.142517
802019;76.345795
804017;76.548325
806017;76.750092
808018;76.951103
810034;77.151352
812019;77.350845
814019;77.549568
816015;77.747536
818025;77.944733
820041;78.141159
822008;78.336807
824001;78.531693
825997;78.725800
828003;78.919128
829993;79.111679
832037;79.303452
834023;79.494438
836020;79.684631
838018;79.874054
840019;80.062675
842036;80.250511
843995;80.437561
845996;80.623810
848002;80.809273
849995;80.993927
851993;81.177780
854035;81.360840
856019;81.543091
858021;81.724548
860020;81.905190
862018;82.085022
864039;82.264038
865997;82.442261
867996;82.619659
869996;82.796242
872001;82.972015
873997;83.146957
876041;83.321083
878023;83.494392
880017;83.666870
882014;83.838524
884015;84.009354
886038;84.179352
887998;84.348526
889993;84.516853
892000;84.684349
894002;84.851013
896034;85.016846
898001;85.181831
899996;85.345985
901998;85.509285
903998;85.671745
906005;85.833366
908039;85.994133
910019;86.154045
912019;86.313118
914014;86.471336
916016;86.628700
918041;86.785210
920003;86.940865
921995;87.095657
923999;87.249596
925998;87.402672
928049;87.554886
930029;87.706230
932018;87.856712
934022;88.006325
936015;88.155075
938020;88.302948
940035;88.449944
942002;88.596085
944000;88.741341
945999;88.885719
947997;89.029221
950000;89.171852
952030;89.313599
953995;89.454460
955993;89.594444
957993;89.733536
959997;89.871750
962038;90.009079
964001;90.145508
965997;90.281052
967994;90.415710
969995;90.549469
971995;90.682343
974039;90.814316
976015;90.945389
978018;91.075569
980014;91.204857
982014;91.333237
984043;91.460716
986008;91.587296
987999;91.712967
989993;91.837730
991995;91.961594
994050;92.084541
996032;92.206589
998024;92.327728
1000017;92.447952
1002016;92.567261
1004017;92.685661
1006038;92.803139
1008004;92.919708
1010004;93.035355
1012001;93.150093
1013996;93.263908
1016038;93.376793
1017999;93.488762
1019995;93.599808
1021997;93.709930
1023996;93.819130
1025998;93.927406
1028040;94.034752
1030023;94.141167
1032013;94.246658
1034018;94.351212
1036018;94.454842
1038038;94.557541
1040006;94.659302
1041997;94.760132
1043998;94.860016
1045997;94.958969
1047999;95.056992
1050039;95.154076
1052020;95.250214
1054016;95.345421
1056018;95.439682
1058015;95.532997
1060036;95.625374
1062003;95.716805
1064000;95.807289
1066002;95.896835
1067999;95.985428
1069993;96.073074
1072037;96.159775
1074017;96.245529
1076019;96.330322
1078019;96.414169
1080017;96.497070
1082036;96.579018
1084004;96.660011
1086001;96.740051
1087998;96.819130
1089997;96.897263
1092045;96.974442
1094023;97.050652
1096018;97.125908
1098016;97.200203
1100016;97.273544
1102016;97.345917
1104037;97.417343
1106025;97.487793
1108018;97.557297
1110011;97.625824
1112013;97.693390
1114033;97.759995
1116000;97.825638
1117998;97.890305
1119996;97.954018
1121996;98.016754
1123991;98.078529
1126035;98.139336
1128026;98.199173
1130021;98.258034
1132018;98.315933
1134017;98.372864
1136035;98.428818
1137997;98.483810
1139999;98.537819
1142001;98.590858
1143993;98.642929
1146032;98.694023
1148001;98.744141
1149997;98.793289
1151995;98.841454
1153996;98.888649
1155998;98.934868
1158035;98.980110
1160017;99.024376
1162018;99.067665
1164015;99.109970
1166014;99.151306
1168036;99.191658
1169999;99.231033
1172000;99.269432
1173998;99.306847
1175999;99.343285
1177994;99.378738
1180037;99.413208
1182024;99.446701
1184019;99.479218
1186016;99.510742
1188018;99.541290
1190036;99.570862
1191997;99.599442
1193996;99.627037
1195997;99.653656
1197991;99.679283
1199995;99.703934
1202041;99.727600
1204018;99.750282
1206010;99.771973
1208013;99.792686
1210013;99.812408
1212037;99.831154
1214002;99.848907
1215992;99.865685
1217999;99.881462
1219999;99.896263
1221997;99.910072
1224034;99.922905
1226015;99.934746
1228017;99.945602
1230020;99.955467
1232015;99.964348
1234029;99.972244
1235995;99.979149
1237995;99.985077
1240001;99.990005
1241997;99.993958
1243999;99.996918
1246038;99.998894
1248023;99.999878
1250015;99.999878
1252017;99.998894
1254007;99.996918
1256040;99.993958
1257997;99.990005
1259994;99.985077
1261999;99.979149
1263998;99.972244
1266044;99.964348
1268034;99.955467
1270015;99.945602
1272016;99.934746
1274014;99.922905
1276010;99.910072
1278037;99.896263
1280003;99.881462
1281996;99.865685
1284001;99.848907
1286003;99.831154
1288004;99.812408
1290039;99.792686
1292022;99.771973
1294015;99.750282
1296013;99.727600
1298015;99.703941
1300037;99.679283
1301997;99.653656
1303994;99.627037
1306001;99.599442
1307992;99.570862
1309995;99.541298
1312038;99.510750
1314017;99.479218
1316017;99.446701
1318011;99.413208
1320014;99.378738
1322026;99.343285
1323998;99.306847
1325998;99.269432
1327997;99.231033
1329997;99.191666
1332168;99.151306
1334023;99.109978
1336017;99.067673
1338013;99.024376
1340016;98.980110
1342017;98.934868
1344030;98.888657
1346015;98.841461
1348017;98.793289
1350013;98.744141
1352016;98.694023
1354031;98.642929
1356004;98.590866
1358000;98.537819
1360001;98.483810
1361994;98.428818
1364000;98.372864
1366039;98.315941
1368026;98.258041
1370014;98.199173
1372019;98.139343
1374016;98.078529
1376035;98.016754
1378008;97.954018
1379995;97.890312
1381993;97.825638
1383998;97.759995
1386175;97.693398
1388025;97.625824
1390018;97.557297
1392014;97.487801
1394018;97.417343
1396015;97.345932
1398039;97.273544
1400020;97.200211
1402015;97.125916
1404013;97.050652
1406015;96.974442
1408038;96.897270
1409996;96.819138
1411994;96.740051
1413999;96.660019
1416000;96.579018
1417994;96.497078
1420036;96.414177
1422022;96.330330
1424017;96.245529
1426015;96.159782
1428012;96.073082
1430035;95.985428
1431996;95.896843
1433995;95.807297
1435998;95.716812
1437994;95.625374
1439992;95.533005
1442041;95.439682
1444023;95.345428
1446012;95.250221
1448018;95.154076
1450015;95.057007
1452172;94.958984
1454021;94.860031
1456021;94.810196
1458020;94.659302
1460011;94.557549
1462017;94.454849
1464027;94.351219
1466009;94.246666
1467997;94.141174
1470000;94.034752
1471996;93.927414
1474037;93.819138
1476001;93.709938
1478000;93.599823
1480001;93.488770
1481992;93.376801
1483998;93.263916
1486037;93.150101
1488020;93.035362
1490013;92.919716
1492011;92.803146
1494012;92.685661
1496037;92.567268
1498000;92.447952
1499998;92.327728
1501998;92.206596
1503994;92.084557
1506004;91.961601
1508020;91.899780
1509996;91.712967
1511996;91.587296
1513996;91.460724
1515993;91.333237
1518097;91.204857
1520019;91.075584
1522019;90.945396
1524020;90.814323
1526019;90.682343
1528016;90.549477
1530033;90.415726
1532023;90.281067
1534014;90.145515
1536015;90.009079
1538019;89.871750
1540039;89.733551
1541996;89.594452
1543996;89.454468
1545997;89.313599
1547995;89.171860
1549998;89.029228
1552040;88.885727
1554023;88.741348
1556018;88.596085
1558017;88.449951
1560015;88.302948
1562038;88.155067
1563997;88.006332
1566002;87.856712
1568001;87.706230
1569997;87.554893
1572002;87.402679
1574036;87.249603
1576023;87.095680
1578022;86.940880
1580015;86.785217
1582012;86.628708
1584033;86.471344
1585997;86.313126
1588003;86.154068
1589998;85.994141
1592003;85.833374
1594180;85.671753
1596023;85.509285
1598018;85.345985
1600014;85.181847
1602019;85.016853
1604017;84.851021
1606040;84.684357
1608024;84.516853
1610017;84.348511
1612011;84.179352
1614015;84.009354
1616034;83.838524
1618005;83.666870
1619993;83.494385
1621992;83.321075
1623993;83.146980
1625997;82.972023
1628035;82.796249
1630019;82.619667
1632015;82.442268
1634015;82.264053
1636017;82.085037
1638034;81.905197
1639998;81.724556
1641995;81.543098
1644008;81.360847
1645998;81.177780
1647997;80.993942
1650039;80.809280
1652017;80.623817
1654014;80.437561
1656017;80.250511
1658014;80.062675
1660040;79.874062
1662005;79.684647
1664002;79.494438
1665995;79.303452
1667999;79.111679
1669998;78.919128
1672035;78.725800
1674019;78.531693
1676021;78.336807
1678021;78.141167
1680020;77.944740
1682035;77.747559
1684002;77.549591
1685996;77.350861
1687995;77.151367
1689998;76.951111
1691992;76.750099
1694033;76.548340
1696019;76.345810
1698021;76.142532
1700014;75.938499
1702014;75.733719
1704035;75.528183
1706003;75.321922
1707994;75.114906
1709993;74.907150
1711997;74.698647
1713994;74.489410
1716033;74.279442
1718017;74.068748
1720009;73.857307
1722020;73.645142
1724018;73.432251
1726033;73.218636
1728020;73.004295
1730019;72.789253
1732013;72.573486
1734018;72.356995
1736033;72.139786
1737996;71.921860
1739994;71.703232
1742000;71.483910
1743997;71.263863
1745992;71.043121
1748032;70.821671
1750020;70.599525
1752016;70.376678
1754017;70.153160
1756016;69.928932
1758041;69.704010
1760005;69.478401
1761995;69.252106
1764001;69.025124
1765995;68.797478
1767997;68.569145
1770038;68.340126
1772021;68.110435
1774019;67.880074
1776017;67.649040
1778016;67.417358
1780034;67.184998
1781998;66.951965
1783996;66.718277
1786000;66.483948
1788001;66.248940
1790056;66.013298
1792033;65.776993
1794021;65.540031
1796018;65.302429
1798022;65.064178
1800012;64.825287
1802037;64.585777
1804021;64.345604
1806014;64.104805
1808020;63.863361
1810011;63.621296
1812033;63.378597
1813997;63.135296
1815993;62.891354
1818000;62.646790
1819992;62.401604
1822054;62.155807
1824035;61.909397
1826017;61.662388
1828020;61.414753
1830018;61.166519
1832018;60.917675
1834036;60.668228
1836019;60.418213
1838025;60.167568
1840013;59.916359
1842012;59.664536
1844033;59.412121
1845996;59.159122
1847995;58.905560
1849996;58.651394
1851995;58.396656
1853997;58.141335
1856037;57.885437
1858025;57.628979
1860025;57.371964
1862020;57.114365
1864017;56.856201
1866030;56.597477
1868003;56.338192
1869998;56.078358
1871992;55.817978
1873996;55.557037
1875998;55.295544
1878034;55.033512
1879998;54.770927
1881998;54.507809
1884002;54.244167
1885992;53.979977
1888175;53.715248
1890019;53.449989
1892015;53.184204
1894014;52.917915
1896019;52.651100
1898012;52.383751
1900039;52.115883
1902016;51.847500
1904019;51.578606
1906015;51.309196
1908019;51.039307
1910035;50.768894
1911998;50.497978
1913995;50.226570
1915993;49.954655
1917998;49.682255
1919998;49.409382
1922039;49.136005
1924023;48.862137
1926015;48.587791
1928017;48.312962
1930016;48.037659
1932033;47.761898
1934003;47.485649
1935998;47.208931
1938000;46.931747
1939998;46.654099
1941997;46.375992
1944034;46.097446
1946020;45.818428
1948023;45.538975
1950022;45.259052
1952015;44.978683
1954032;44.697872
1956000;44.416637
1958001;44.134945
1959996;43.852818
1961992;43.570255
1964185;43.287266
1966026;43.003849
1968023;42.720028
1970017;42.435760
1972017;42.151081
1974014;41.865982
1976037;41.580467
1978004;41.294567
1980001;41.008240
1981998;40.721504
1983999;40.434368
1985995;40.146832
1988035;39.858898
1990023;39.570599
1992016;39.281879
1994020;38.992775
1996014;38.703285
1998038;38.413418
2000007;38.123165
2001997;37.832584
2004004;37.541588
2006001;37.250214
2008053;36.958477
2010019;36.666374
2012013;36.373913
2014012;36.081112
2016018;35.787930
2018021;35.494400
2020038;35.200516
2022016;34.906284
2024013;34.611710
2026017;34.316818
2028018;34.021561
2030038;33.725971
2031999;33.430046
2033996;33.133793
2035999;32.837212
2037991;32.540329
2039998;32.243107
2042040;31.945559
2044022;31.647699
2046017;31.349527
2048023;31.051048
2050019;30.752283
2052024;30.453190
2053999;30.153799
2055997;29.854134
2057996;29.554150
2059992;29.253874
2062034;28.953331
2063996;28.652481
2065998;28.351349
2068000;28.049934
2069999;27.748245
2071999;27.446281
2074030;27.144072
2075998;26.841568
2077999;26.538801
2079995;26.235771
2081994;25.932482
2084120;25.628939
2086026;25.325165
2088020;25.021118
2090020;24.716824
2092019;24.412287
2094019;24.107508
2096037;23.802490
2098028;23.497261
2100017;23.191778
2102013;22.886066
2104015;22.580128
2106038;22.273966
2107997;21.967585
2109996;21.661034
2111995;21.354221
2113997;21.047199
2115996;20.739969
2118036;20.432533
2120022;20.124922
2122013;19.817085
2124016;19.509054
2126015;19.200832
2128039;18.892418
2129998;18.583818
2131996;18.275061
2133997;17.966097
2135995;17.656956
2138001;17.347641
2140034;17.038157
2142019;16.728500
2144018;16.418705
2146016;16.108725
2148014;15.798585
2150032;15.488288
2152001;15.177840
2153997;14.867240
2155994;14.556519
2157999;14.245629
2160044;13.934599
2162033;13.623433
2164019;13.312154
2166014;13.000721
2168020;12.689183
2170018;12.377496
2172035;12.065687
2174020;11.753759
2176018;11.441715
2178025;11.129559
2180015;10.817315
2182187;10.504942
2184022;10.192464
2186017;9.879887
2188021;9.567211
2190018;9.254441
2192014;8.941605
2194040;8.628655
2196004;8.315620
2198006;8.002504
2199998;7.689308
2201999;7.376037
2204049;7.062716
2206037;6.749302
2208020;6.435822
2210017;6.122278
2212013;5.808673
2214013;5.495012
2216037;5.181319
2218007;4.867576
2219999;4.553761
2222002;4.239901
2224000;3.925998
2226001;3.612057
2228038;3.298105
2230022;2.984096
2232011;2.670057
2234009;2.355993
2236016;2.041904
2238038;1.727796
2240002;1.413695
2241999;1.099556
2243997;0.785405
2245996;0.471248
2247997;0.157085
2250034;-0.157079
2252019;-0.471218
2254015;-0.785375
2256012;-1.099525
2258016;-1.256585
2260029;-1.727790
2262005;-2.041898
2264002;-2.355963
2266003;-2.670027
2267996;-2.984066
2270056;-3.298074
2272031;-3.612027
2274019;-3.925944
2276016;-4.239846
2278022;-4.553706
2280015;-4.867522
2282020;-5.181289
2284002;-5.495005
2285994;-5.808643
2288002;-6.122248
2290001;-6.435792
2292055;-6.749272
2294023;-7.062686
2296020;-7.376031
2298016;-7.689279
2300020;-8.002474
2302015;-8.315591
2304037;-8.628626
2306020;-8.941574
2308022;-9.254436
2310015;-9.567182
2312014;-9.879857
2314039;-10.192435
2316004;-10.504911
2317995;-10.817286
2319994;-11.129552
2321994;-11.441686
2323999;-11.753706
2326035;-12.065634
2328023;-12.377443
2330017;-12.689130
2332019;-13.000690
2334014;-13.312101
2336034;-13.623403
2338000;-13.934570
2339996;-14.245600
2341997;-14.556490
2343995;-14.867234
2345996;-15.177811
2348035;-15.488259
2350020;-15.798555
2352018;-16.108694
2354015;-16.418676
2356015;-16.728497
2358038;-17.038126
2360019;-17.347612
2362013;-17.656927
2364014;-17.966068
2366017;-18.275030
2368036;-18.583813
2370008;-18.892389
2371998;-19.200802
2373998;-19.509026
2375999;-19.817057
2377999;-20.124868
2380043;-20.432505
2382000;-20.739916
2384000;-21.047146
2385998;-21.354168
2387998;-21.660980
2389992;-21.967579
2392035;-22.273960
2394019;-22.580097
2396014;-22.886036
2398021;-23.191748
2400016;-23.497232
2402020;-23.802485
2404003;-24.107500
2405994;-24.412256
2407991;-24.716795
2409996;-25.021088
2412040;-25.325138
2413996;-25.628933
2415997;-25.932476
2417998;-26.235741
2419999;-26.538771
2422001;-26.841539
2424039;-27.144041
2426018;-27.446276
2428015;-27.748240
2430013;-28.049908
2432019;-28.351297
2434036;-28.652430
2436003;-28.953281
2438002;-29.253843
2439996;-29.554098
2441999;-29.854084
2444037;-30.153772
2446002;-30.453163
2448001;-30.752254
2449994;-31.051043
2451994;-31.349501
2453990;-31.647673
2456036;-31.945532
2458021;-32.243076
2460013;-32.540302
2462010;-32.837208
2464015;-33.133766
2466034;-33.430019
2468003;-33.725945
2470000;-34.021534
2471997;-34.316792
2474000;-34.611706
2476090;-34.906258
2478026;-35.200489
2480017;-35.494373
2482014;-35.787903
2484017;-36.081081
2486018;-36.373882
2488033;-36.666325
2489999;-36.958427
2491997;-37.250168
2493995;-37.541534
2495994;-37.832535
2498040;-38.123161
2500001;-38.413387
2502000;-38.703259
2504001;-38.992748
2505999;-39.281853
2508001;-39.570568
2510038;-39.858894
2512023;-40.146805
2514018;-40.434341
2516015;-40.721478
2518016;-41.008209
2520031;-41.294540
2521999;-41.580467
2523993;-41.865955
2525999;-42.151054
2527996;-42.435734
2530046;-42.720001
2532033;-43.003841
2534019;-43.287262
2536017;-43.570229
2538015;-43.852791
2540018;-44.134895
2542033;-44.416592
2543995;-44.697845
2546000;-44.978657
2547998;-45.259007
2549993;-45.538925
2551995;-45.818401
2554035;-46.097420
2556015;-46.375988
2558019;-46.654095
2560018;-46.931721
2562012;-47.208904
2564034;-47.485622
2566003;-47.761871
2568003;-48.037647
2569996;-48.312950
2571992;-48.587757
2574170;-48.862106
2576021;-49.135971
2578021;-49.409351
2580016;-49.682243
2582018;-49.954624
2584016;-50.226532
2586035;-50.497948
2588000;-50.768864
2589998;-51.039280
2591993;-51.309193
2593996;-51.578552
2595994;-51.847446
2598038;-52.115829
2600025;-52.383698
2602011;-52.651054
2604018;-52.917885
2606018;-53.184174
2608040;-53.449959
2610003;-53.715218
2612002;-53.979946
2614001;-54.244137
2615998;-54.507797
2618000;-54.770897
2620035;-55.033482
2622014;-55.295517
2624013;-55.557007
2626015;-55.817951
2628018;-56.078346
2630034;-56.338161
2632004;-56.597446
2633995;-56.856174
2635997;-57.114334
2638001;-57.371933
2640034;-57.628967
2642003;-57.885414
2643993;-58.141304
2646008;-58.396626
2648000;-58.651344
2649998;-58.905514
2652036;-59.159096
2654022;-59.412075
2656016;-59.664490
2658015;-59.916313
2660013;-60.167545
2662037;-60.418182
2664001;-60.668224
2665998;-60.917645
2668004;-61.166489
2669996;-61.414730
2672000;-61.662357
2674034;-61.909382
2676021;-62.155796
2678014;-62.401573
2680012;-62.646759
2682018;-62.891323
2684032;-63.135265
2686002;-63.378590
2688001;-63.621284
2689995;-63.863338
2691999;-64.104774
2693993;-64.345573
2696033;-64.585747
2698021;-64.825279
2700013;-65.064171
2702020;-65.302383
2704010;-65.539993
2706038;-65.776947
2707999;-66.013260
2709992;-66.248917
2711997;-66.483917
2713990;-66.718254
2716172;-66.951942
2718024;-67.184967
2720021;-67.417336
2722015;-67.649033
2724014;-67.880043
2726014;-68.110413
2728036;-68.340096
2729999;-68.569115
2731994;-68.797455
2733997;-69.025116
2735997;-69.252083
2738062;-69.478378
2740017;-69.703987
2742016;-69.928902
2744013;-70.153137
2746018;-70.376678
2748020;-70.599503
2750031;-70.821648
2751999;-71.043098
2753996;-71.263847
2755998;-71.483871
2757998;-71.703209
2759990;-71.921829
2762037;-72.139755
2764021;-72.356949
2766013;-72.573456
2768012;-72.789230
2770016;-73.004295
2772038;-73.218613
2774004;-73.432228
2775996;-73.645126
2777999;-73.857292
2779992;-74.068726
2781990;-74.279434
2784037;-74.489388
2786018;-74.698624
2788018;-74.907127
2790015;-75.114883
2792015;-75.321899
2794122;-75.528183
2796020;-75.733711
2798019;-75.938477
2800021;-76.142525
2802016;-76.345787
2804015;-76.548302
2806035;-76.750092
2808022;-76.951096
2810017;-77.151337
2812016;-77.350845
2814011;-77.549561
2816070;-77.747513
2818022;-77.944717
2820016;-78.141136
2822018;-78.336807
2824012;-78.531677
2826017;-78.725777
2828035;-78.919121
2830005;-79.111656
2832002;-79.303444
2834000;-79.494415
2835997;-79.684639
2837999;-79.874046
2840035;-80.062660
2842020;-80.250511
2844017;-80.437546
2846018;-80.623817
2848017;-80.809258
2850039;-80.993912
2851992;-81.177780
2853996;-81.360832
2855996;-81.543098
2858000;-81.724533
2859994;-81.905197
2862041;-82.085022
2864027;-82.264038
2866016;-82.442261
2868018;-82.619652
2870014;-82.796249
2872031;-82.972008
2874001;-83.146942
2875993;-83.321091
2877997;-83.494377
2879996;-83.666878
2882065;-83.838524
2884020;-84.009369
2886018;-84.179352
2888022;-84.348511
2890010;-84.516838
2892015;-84.684326
2894037;-84.851006
2896013;-85.016823
2898017;-85.181801
2900016;-85.345963
2902016;-85.509262
2904038;-85.671738
2906001;-85.833344
2908001;-85.994102
2910000;-86.154037
2911991;-86.313095
2914025;-86.471329
2916031;-86.628685
2918024;-86.785210
2920021;-86.940849
2922019;-87.095634
2924016;-87.249588
2926036;-87.402657
2927999;-87.554878
2929997;-87.706215
2931998;-87.856689
2934000;-88.006317
2936000;-88.155052
2938038;-88.302948
2940019;-88.449944
2942018;-88.596085
2944019;-88.741333
2946017;-88.885704
2948033;-89.029221
2950004;-89.171837
2952001;-89.313599
2953998;-89.454453
2956000;-89.594421
2958071;-89.733536
2960026;-89.871742
2962016;-90.009079
2964016;-90.145508
2966021;-90.281067
2968020;-90.415703
2970032;-90.549461
2971992;-90.682343
2973999;-90.814308
2975994;-90.945396
2978001;-91.075569
2979995;-91.204849
2982031;-91.333237
2984017;-91.460709
2986019;-91.587296
2988021;-91.712967
2990013;-91.837738
2992035;-91.961601
2994003;-92.084541
2995998;-92.206596
2997997;-92.327705
3000001;-92.447945
3001993;-92.567245
3004030;-92.685638
3005999;-92.803131
3007997;-92.861526
3009996;-93.035355
3011997;-93.150070
3013997;-93.263885
3016032;-93.376785
3018024;-93.488747
3020015;-93.599800
3022020;-93.709923
3024018;-93.819130
3026036;-93.927399
3028004;-94.034737
3029993;-94.141159
3031997;-94.246643
3033999;-94.351212
3036058;-94.454834
3038023;-94.557526
3040019;-94.659294
3042019;-94.760117
3044016;-94.860016
3046015;-94.958969
3048020;-95.056999
3049999;-95.154068
3052001;-95.250206
3053994;-95.345413
3055996;-95.439674
3058027;-95.532997
3059997;-95.625374
3061995;-95.716789
3063995;-95.807289
3065999;-95.896828
3068083;-95.985428
3070021;-96.073074
3072017;-96.159782
3074013;-96.245522
3076019;-96.330322
3078020;-96.414177
3080037;-96.497070
3082003;-96.579018
3084002;-96.660011
3085997;-96.740044
3088001;-96.819138
3090177;-96.897255
3092025;-96.974442
3094019;-97.050652
3096019;-97.125916
3098021;-97.200203
3100015;-97.273544
3102036;-97.345924
3103997;-97.417343
3105999;-97.487793
3107995;-97.557281
3109996;-97.625809
3112161;-97.693382
3114026;-97.759987
3116018;-97.825630
3118020;-97.890297
3120012;-97.954010
3122018;-98.016754
3124029;-98.078522
3125992;-98.139336
3127996;-98.199165
3129993;-98.258034
3132001;-98.315933
3134188;-98.372856
3136022;-98.428818
3138019;-98.483803
3140019;-98.537811
3142020;-98.590858
3144017;-98.642929
3146024;-98.694023
3148003;-98.744133
3149998;-98.793289
3151993;-98.841454
3153993;-98.888657
3156065;-98.934868
3158024;-98.980103
3160013;-99.024376
3162015;-99.067665
3164014;-99.109978
3166013;-99.151306
3168021;-99.191666
3170008;-99.231033
3171997;-99.269424
3173994;-99.306847
3175997;-99.343285
3178034;-99.378738
3180001;-99.413208
3181996;-99.446701
3184000;-99.479218
3185999;-99.510742
3188002;-99.541298
3190036;-99.570862
3192018;-99.599442
3194016;-99.627037
3196017;-99.653656
3198018;-99.679283
3200038;-99.703934
3202000;-99.727600
3204001;-99.750282
3205995;-99.771973
3207996;-99.792686
3209995;-99.812408
3212022;-99.831161
3213997;-99.848907
3215994;-99.865677
3218002;-99.881462
3219997;-99.896263
3222033;-99.910072
3223999;-99.922905
3225997;-99.934746
3228002;-99.945602
3229994;-99.955460
3231997;-99.964348
3234036;-99.972244
3236024;-99.979149
3238025;-99.985069
3240018;-99.990005
3242013;-99.993958
3244032;-99.996910
3245997;-99.998894
3247993;-99.999878
3249997;-99.999878
3251995;-99.998894
3254032;-99.996918
3256001;-99.993958
3257998;-99.990013
3259993;-99.985077
3261994;-99.979149
3263996;-99.972244
3266037;-99.964348
3268019;-99.955467
3270011;-99.945602
3272020;-99.934746
3274015;-99.922905
3276035;-99.910080
3278003;-99.896263
3279996;-99.881462
3281999;-99.865685
3283990;-99.848907
3286061;-99.831161
3288026;-99.812416
3290018;-99.792686
3292015;-99.771973
3294017;-99.750282
3296015;-99.727600
3298028;-99.703934
3300000;-99.679283
3301992;-99.653656
3303996;-99.627037
3305998;-99.599442
3308185;-99.570862
3310022;-99.541298
3312019;-99.510750
3314015;-99.479218
3316012;-99.446709
3318023;-99.413208
3320036;-99.378738
3322004;-99.343285
3323999;-99.306854
3325997;-99.269440
3327998;-99.231041
3329996;-99.191666
3332039;-99.151314
3334025;-99.109985
3336022;-99.067673
3338028;-99.024384
3340018;-98.980118
3342036;-98.934868
3344021;-98.888657
3346015;-98.841461
3348021;-98.793289
3350017;-98.744148
3352180;-98.694023
3354020;-98.642937
3356015;-98.590866
3358019;-98.537827
3360016;-98.483810
3362018;-98.428825
3364037;-98.372871
3365998;-98.315941
3367998;-98.258049
3369998;-98.199181
3371996;-98.139343
3374171;-98.078537
3376027;-98.016754
3378019;-97.954025
3380019;-97.890312
3382019;-97.825638
3384019;-97.760002
3386039;-97.693398
3388022;-97.625824
3390015;-97.557297
3392016;-97.487801
3394017;-97.417351
3396035;-97.345924
3398005;-97.273552
3399996;-97.200203
3401993;-97.125916
3403997;-97.050652
3405999;-96.974442
3408041;-96.897270
3410018;-96.819138
3412015;-96.740051
3414015;-96.660011
3416017;-96.579018
3418036;-96.497086
3420000;-96.414177
3421993;-96.330330
3423997;-96.245522
3425995;-96.159782
3428060;-96.073074
3430035;-95.985443
3432019;-95.896851
3434018;-95.807304
3436017;-95.716820
3438015;-95.625381
3440036;-95.533012
3441996;-95.439697
3443997;-95.345428
3445994;-95.250237
3447994;-95.154083
3450186;-95.057007
3452027;-94.958984
3454019;-94.860039
3456016;-94.760147
3458016;-94.709839
3460016;-94.557556
3462033;-94.454849
3463999;-94.351234
3465992;-94.246681
3468000;-94.141182
3469995;-94.034767
3472041;-93.927414
3473992;-93.819145
3475991;-93.709961
3478000;-93.599823
3479999;-93.488785
3482002;-93.376801
3484040;-93.263916
3486019;-93.150093
3488019;-93.035370
3490020;-92.919724
3492017;-92.803154
3494037;-92.685677
3496002;-92.567268
3497999;-92.447960
3499994;-92.327744
3501998;-92.206596
3503995;-92.084564
3506033;-91.961601
3508025;-91.837738
3510014;-91.712967
3512018;-91.587296
3514013;-91.460732
3516038;-91.333237
3518001;-91.204865
3520003;-91.075569
3521994;-90.945396
3523993;-90.814331
3525999;-90.682343
3528024;-90.549484
3529995;-90.415703
3532002;-90.281067
3533995;-90.145508
3535999;-90.009079
3538181;-89.871780
3540024;-89.733559
3542014;-89.594475
3544019;-89.454475
3546011;-89.313622
3548018;-89.171890
3550037;-89.029243
3552006;-88.885750
3553997;-88.741356
3555998;-88.596107
3557998;-88.449959
3559994;-88.302971
3562036;-88.155106
3564022;-88.006340
3566016;-87.856735
3568019;-87.706238
3570019;-87.554901
3572041;-87.402702
3574000;-87.249611
3575998;-87.095680
3578000;-86.940872
3579995;-86.785233
3582057;-86.628708
3584023;-86.471352
3586012;-86.313148
3588023;-86.154060
3590014;-85.994148
3592020;-85.833374
3594031;-85.671761
3596021;-85.509315
3598020;-85.345993
3600017;-85.181847
3602015;-85.016846
3604032;-84.851036
3606002;-84.684349
3607995;-84.516861
3609995;-84.348534
3611991;-84.179352
3613996;-84.009369
3616031;-83.838524
3618026;-83.666878
3620017;-83.494408
3622017;-83.321091
3624011;-83.146973
3626039;-82.972008
3628027;-82.796249
3630018;-82.619652
3632020;-82.442261
3634014;-82.264069
3636175;-82.085022
3638027;-81.905197
3640016;-81.724533
3642016;-81.543098
3644013;-81.360855
3646016;-81.177811
3648037;-80.993965
3650021;-80.809288
3652015;-80.623840
3654018;-80.437599
3656012;-80.250534
3658037;-80.062714
3659996;-79.874077
3662001;-79.684669
3663996;-79.494446
3665998;-79.303474
3668000;-79.111710
3670036;-78.919151
3672026;-78.725830
3674016;-78.531708
3676018;-78.336838
3678021;-78.141197
3680034;-77.944756
3682000;-77.747574
3683992;-77.549591
3686002;-77.350876
3687992;-77.151367
3689995;-76.951126
3692038;-76.750122
3694018;-76.548340
3696019;-76.345825
3698021;-76.142525
3700012;-75.938507
3702040;-75.733742
3703999;-75.528191
3705998;-75.321938
3708000;-75.114906
3709996;-74.907158
3712166;-74.698639
3714022;-74.489418
3716016;-74.279465
3718018;-74.068741
3720018;-73.857323
3722017;-73.645142
3724033;-73.432266
3725995;-73.218666
3727996;-73.004303
3729998;-72.789261
3732000;-72.573471
3734184;-72.356987
3736022;-72.139763
3738021;-71.921860
3740018;-71.703247
3742016;-71.483887
3744013;-71.263863
3746038;-71.043098
3748018;-70.821671
3750019;-70.599533
3752014;-70.376678
3754011;-70.153191
3756078;-69.928940
3758022;-69.816574
3760018;-69.478439
3762016;-69.252129
3764016;-69.025169
3766017;-68.797493
3768034;-68.569168
3770020;-68.340134
3772018;-68.110466
3774017;-67.880119
3776020;-67.649063
3778033;-67.417389
3780003;-67.185005
3781999;-66.951988
3783998;-66.718323
3785996;-66.483955
3788198;-66.248970
3790024;-66.013298
3792021;-65.777000
3794013;-65.540024
3796019;-65.302437
3798024;-65.064201
3800038;-64.825294
3802002;-64.585785
3803995;-64.345589
3805998;-64.104805
3807997;-63.863392
3810058;-63.621307
3812018;-63.378628
3814015;-63.135292
3816016;-62.891365
3818016;-62.646778
3820015;-62.401615
3822034;-62.155830
3823998;-61.909401
3825997;-61.662399
3827996;-61.414749
3829999;-61.166527
3832069;-60.917706
3834016;-60.668243
3836019;-60.418217
3838022;-60.167564
3840018;-59.916348
3842015;-59.664505
3844039;-59.412109
3846008;-59.159134
3848001;-58.905529
3849997;-58.651386
3852000;-58.396626
3853999;-58.141327
3856038;-57.885448
3858028;-57.628967
3860019;-57.371990
3862014;-57.114376
3864019;-56.856228
3866040;-56.597485
3868006;-56.338223
3869997;-56.078403
3871999;-55.817993
3873991;-55.557068
3876033;-55.295555
3878004;-55.033539
3879999;-54.770977
3881996;-54.507839
3883988;-54.244198
3886001;-53.979980
3888036;-53.715279
3890023;-53.450001
3892014;-53.184235
3894016;-52.917946
3896017;-52.651096
3898033;-52.383762
3900003;-52.115868
3901999;-51.847504
3903999;-51.578636
3905999;-51.309212
3908004;-51.039322
3910036;-50.768887
3912019;-50.497990
3914017;-50.226559
3916012;-49.954666
3918021;-49.682285
3920041;-49.409370
3922003;-49.136013
3923994;-48.862125
3925992;-48.587799
3927997;-48.312996
3929993;-48.037670
3932038;-47.761909
3934018;-47.485641
3936014;-47.208942
3938015;-46.931778
3940019;-46.654110
3942034;-46.376026
3944006;-46.097439
3945999;-45.818439
3947995;-45.538944
3949996;-45.259045
3951991;-44.978695
3954038;-44.697865
3956023;-44.416630
3958022;-44.134918
3960019;-43.852810
3962015;-43.570271
3964038;-43.287258
3966000;-43.003864
3967999;-42.720039
3969998;-42.435799
3971994;-42.151093
3974036;-41.866016
3975999;-41.580528
3977995;-41.294582
3980001;-41.008274
3981996;-40.721519
3983998;-40.434402
3986043;-40.146889
3987999;-39.858932
3989999;-39.570629
3992003;-39.281891
3993994;-38.992809
3995997;-38.703300
3998035;-38.413452
3999997;-38.123226
4001991;-37.832577
4003997;-37.541599
4006002;-37.250210
4008034;-36.958492
4010008;-36.666412
4011998;-36.373924
4013998;-36.081123
4015997;-35.787922
4017995;-35.494415
4020018;-35.200508
4022000;-34.906300
4023994;-34.611748
4025998;-34.316807
4027992;-34.021576
4030032;-33.725964
4032004;-33.430061
4033997;-33.133827
4035990;-32.837227
4037996;-32.540344
4039991;-32.243095
4042037;-31.945574
4044020;-31.647692
4046016;-31.349543
4048021;-31.051085
4050016;-30.752274
4052132;-30.453205
4054025;-30.153790
4056020;-29.854124
4058018;-29.554165
4060016;-29.253864
4062015;-28.953323
4064039;-28.652451
4066004;-28.351339
4067997;-28.049904
4070000;-27.748236
4072000;-27.446297
4073998;-27.144039
4076036;-26.841604
4078003;-26.538816
4079998;-26.235809
4082002;-25.932545
4083995;-25.628975
4086056;-25.325203
4088029;-25.021133
4090020;-24.716862
4092015;-24.412348
4094017;-24.107544
4096185;-23.802551
4098020;-23.497276
4100015;-23.191816
4102013;-22.886080
4104016;-22.580164
4106014;-22.274027
4108040;-21.967623
4110000;-21.661047
4111999;-21.354214
4114003;-21.047215
4116001;-20.740007
4118036;-20.432549
4120000;-20.124935
4121996;-19.817076
4123999;-19.509069
4125992;-19.200823
4127996;-18.892433
4130034;-18.583858
4132018;-18.275051
4134017;-17.966110
4136016;-17.656948
4138024;-17.347656
4140026;-17.038193
4142003;-16.728516
4143993;-16.418720
4145995;-16.108715
4147996;-15.798600
4150038;-15.488279
4152000;-15.177855
4153993;-14.867279
4155999;-14.556509
4157999;-14.245645
4160002;-13.934591
4162032;-13.623447
4164018;-13.312168
4166014;-13.000711
4168018;-12.689175
4170019;-12.377464
4172040;-12.065679
4174001;-11.753728
4175996;-11.441707
4178000;-11.129574
4179996;-10.817284
4182040;-10.504933
4183999;-10.192480
4185997;-9.879926
4187996;-9.567274
4189997;-9.254481
4191994;-8.941644
4194038;-8.628671
4196017;-8.315660
4198023;-8.002520
4200017;-7.689348
4202014;-7.376100
4204044;-7.062732
4205998;-6.749341
4208002;-6.435838
4210000;-6.122317
4212002;-5.808736
4213995;-5.495050
4216034;-5.181358
4218018;-4.867567
4220018;-4.553775
4222016;-4.239939
4224019;-3.926013
4226036;-3.612096
4228003;-3.298096
4229994;-2.984111
4231998;-2.670048
4233995;-2.356008
4235991;-2.041943
4238035;-1.727811
4240021;-1.413710
4242020;-1.099547
4244009;-0.785421
4246017;-0.471287
4248038;-0.157100
4249998;0.157080
4252001;0.471237
4253993;0.785390
4256002;1.099535
4258003;1.413669
4260034;1.727790
4262017;2.041893
4264009;2.355976
4266013;2.670036
4268015;2.984070
4270038;3.298074
4272003;3.612046
4274000;3.925981
4275995;4.239879
4277999;4.553734
4280038;4.867544
4282000;5.181307
4284000;5.495018
4285990;5.808674
4287996;6.122274
4289997;6.435814
4292038;6.749289
4294016;7.062697
4296014;7.376038
4298015;7.689305
4300015;8.002495
4302073;8.315607
4304022;8.628635
4306021;8.941581
4308021;9.254436
4310014;9.567202
4312017;9.879873
4314035;10.192444
4316020;10.504917
4318018;10.817286
4320012;11.129548
4322016;11.441700
4324034;11.753738
4325998;12.065662
4327995;12.377467
4330006;12.689150
4331991;13.000705
4333995;13.312133
4336032;13.623430
4338022;13.934594
4340014;14.245617
4342017;14.556500
4344017;14.867243
4346026;15.177837
4347997;15.488280
4349994;15.798573
4351991;16.108707
4354000;16.418684
4356033;16.728498
4358003;17.038149
4359997;17.347628
4361992;17.656937
4363999;17.966076
4365997;18.275032
4368038;18.583811
4370024;18.892406
4372014;19.200811
4374018;19.509031
4376015;19.817057
4378037;20.124889
4380001;20.432520
4382000;20.739950
4383997;21.047176
4385999;21.354193
4388001;21.660999
4390038;21.967592
4392017;22.273970
4394015;22.580126
4396015;22.886059
4398020;23.191769
4400040;23.497246
4401999;23.802494
4403992;24.107506
4405999;24.412279
4407992;24.716812
4410000;25.021099
4412038;25.325144
4414026;25.628939
4416016;25.932476
4418017;26.235760
4420017;26.538784
4422037;26.841545
4424001;27.144045
4425999;27.446274
4428001;27.748230
4429999;28.049919
4432067;28.351324
4434019;28.652456
4436015;28.953299
4438027;29.253859
4440015;29.554132
4442014;29.854111
4444025;30.153793
4446000;30.453184
4447995;30.752268
4449997;31.051052
4451987;31.349527
4454192;31.647697
4456026;31.945551
4458020;32.243092
4460016;32.540310
4462015;32.837208
4464017;33.133785
4466037;33.430038
4467996;33.725952
4469998;34.021542
4471999;34.316792
4473993;34.611706
4476038;34.906273
4478002;35.200500
4479999;35.494377
4481996;35.787907
4483997;36.081081
4485996;36.373901
4488038;36.666363
4490018;36.958458
4492016;37.250191
4494018;37.541557
4496018;37.832550
4498038;38.123173
4500000;38.413418
4501994;38.703281
4503994;38.992767
4505996;39.281864
4507993;39.426273
4510032;39.858898
4512017;40.146824
4514019;40.434357
4516012;40.721493
4518020;41.008221
4520027;41.294548
4522005;41.580467
4523998;41.865971
4525997;42.151066
4528002;42.435749
4530000;42.720005
4532037;43.003841
4534022;43.287258
4536015;43.570240
4538020;43.852798
4540016;44.134922
4542033;44.416611
4544000;44.697861
4545995;44.978668
4547997;45.259033
4549996;45.538948
4551997;45.818417
4554038;46.097435
4556021;46.375996
4558022;46.654099
4560015;46.931744
4562020;47.208927
4564036;47.485634
4566003;47.761883
4567999;48.037659
4570000;48.312958
4571996;48.587780
4574031;48.862122
4576003;49.135986
4577998;49.409363
4579997;49.682243
4581995;49.954647
4583994;50.226551
4586036;50.497963
4588015;50.768871
4590013;51.039284
4592014;51.309193
4594013;51.578583
4596035;51.847477
4598000;52.115856
4599996;52.383720
4601992;52.651070
4603997;52.917896
4605998;53.184204
4608034;53.449982
4610019;53.715237
4612017;53.979958
4614016;54.244156
4616017;54.507809
4618038;54.770924
4619998;55.033501
4621992;55.295532
4623997;55.557018
4626000;55.817963
4627997;56.078350
4630036;56.338184
4632020;56.597466
4634020;56.856178
4636014;57.114338
4638022;57.371937
4640040;57.628967
4642001;57.885426
4644001;58.141319
4645991;58.396633
4647999;58.651371
4650038;58.905529
4652004;59.159111
4653997;59.412106
4655997;59.664516
4657997;59.916336
4659997;60.167557
4662028;60.418190
4664004;60.668228
4665997;60.917671
4667996;61.166508
4669997;61.414749
4672203;61.662376
4674025;61.909389
4676017;62.155800
4678021;62.401592
4680014;62.646778
4682014;62.891342
4684037;63.135277
4686003;63.378597
4687992;63.621284
4689994;63.863350
4692001;64.104782
4694034;64.345589
4695999;64.585754
4697994;64.825279
4699993;65.064171
4701992;65.302414
4704001;65.540009
4706036;65.776978
4708027;66.013275
4710018;66.248932
4712014;66.483932
4714017;66.718277
4716033;66.951958
4718001;67.184982
4719995;67.417351
4721998;67.649040
4723998;67.880074
4725994;68.110428
4728039;68.340118
4730016;68.569130
4732019;68.797462
4734016;69.025124
4736014;69.252098
4738035;69.478394
4740005;69.703995
4741998;69.928909
4744006;70.153137
4745993;70.376678
4748002;70.599518
4750027;70.821655
4752023;71.043106
4754024;71.263847
4756018;71.483887
4758016;71.703224
4760029;71.921852
4762002;72.139778
4763997;72.356972
4765996;72.573471
4768000;72.789238
4770035;73.004303
4772003;73.218636
4774004;73.432251
4775993;73.645142
4777994;73.857300
4780001;74.068741
4782035;74.279442
4784020;74.489403
4786017;74.698639
4788022;74.907135
4790014;75.114891
4792034;75.321915
4793999;75.528183
4795997;75.733711
4797996;75.938484
4800002;76.142517
4801996;76.345795
4804035;76.548325
4806018;76.750092
4808019;76.951103
4810019;77.151352
4812013;77.350845
4814040;77.549568
4816001;77.747536
4818001;77.944733
4819998;78.141159
4821998;78.336807
4823999;78.531693
4826036;78.725800
4828026;78.919128
4830011;79.111679
4832013;79.303452
4834016;79.494438
4836035;79.684631
4838007;79.874054
4839998;80.062675
4841997;80.250511
4843999;80.437561
4846000;80.623810
4848038;80.809273
4850017;80.993927
4852013;81.177780
4854017;81.360840
4856010;81.543091
4858032;81.724548
4860004;81.905190
4862010;82.085022
4863996;82.264038
4866004;82.442261
4868037;82.619659
4869997;82.796242
4871991;82.972015
4873993;83.146957
4875999;83.321083
4877994;83.494392
4880037;83.666870
4882024;83.838524
4884018;84.009354
4886017;84.179352
4888019;84.348526
4890035;84.516853
4891997;84.684349
4894000;84.851013
4895999;85.016846
4897996;85.181831
4899995;85.345985
4902032;85.509285
4904023;85.671745
4906020;85.833366
4908019;85.994133
4910019;86.154045
4912035;86.313118
4913998;86.471336
4915993;86.628700
4918002;86.785210
4919998;86.940865
4922035;87.095657
4923998;87.249596
4926003;87.402672
4928002;87.554886
4930008;87.706230
4931998;87.856712
4934039;88.006325
4936020;88.155075
4938018;88.302948
4940016;88.449944
4942015;88.596085
4944204;88.741341
4946021;88.885719
4948025;89.029221
4950019;89.171852
4952019;89.313599
4954015;89.454460
4956030;89.594444
4958005;89.733536
4960000;89.871750
4961998;90.009079
4963996;90.145508
4966033;90.281052
4967996;90.415710
4969991;90.549469
4971995;90.682343
4974003;90.814316
4976003;90.945389
4978038;91.075569
4980022;91.204857
4982016;91.333237
4984017;91.460716
4986017;91.587296
4988036;91.712967
4990003;91.837730
4992001;91.961594
4993995;92.084541
4996001;92.206589
4998188;92.327728
5000026;92.447952
5002017;92.567261
5004020;92.685661
5006015;92.803139
5008019;92.919708
5010039;93.035355
5012003;93.150093
5014002;93.263908
5015997;93.376793
5017996;93.488762
5019993;93.599808
5022030;93.709930
5024013;93.819130
5026018;93.927406
5028020;94.034752
5030015;94.141167
5032037;94.246658
5033996;94.351212
5035996;94.454842
5037997;94.557541
5039999;94.659302
5042001;94.760132
5044038;94.860016
5046018;94.958969
5048021;95.056992
5050021;95.154076
5052012;95.250214
5054029;95.345421
5056002;95.439682
5058000;95.532997
5059993;95.625374
5061993;95.716805
5064037;95.807289
5066002;95.896835
5067998;95.985428
5069997;96.073074
5071992;96.159775
5074000;96.245529
5076039;96.330322
5078018;96.414169
5080016;96.497070
5082018;96.579018
5084018;96.660011
5086032;96.740051
5088027;96.819130
5090017;96.897263
5092017;96.974442
5094014;97.050652
5096040;97.125908
5098020;97.200203
5100015;97.273544
5102014;97.345917
5104015;97.417343
5106042;97.487793
5107999;97.557297
5109996;97.625824
5111991;97.693390
5113995;97.759995
5115996;97.825638
5118040;97.890305
5120022;97.954018
5122018;98.016754
5124017;98.078529
5126015;98.139336
5128029;98.199173
5129994;98.258034
5131997;98.315933
5133991;98.372864
5135993;98.428818
5137994;98.483810
5140036;98.537819
5142022;98.590858
5144016;98.642929
5146019;98.694023
5148015;98.744141
5150034;98.793289
5152008;98.841454
5154001;98.888649
5155995;98.934868
5157994;98.980110
5159998;99.024376
5162038;99.067665
5164019;99.109970
5166012;99.151306
5168020;99.191658
5170018;99.231033
5172035;99.269432
5174003;99.306847
5176000;99.343285
5177998;99.378738
5179999;99.413208
5181998;99.446701
5184036;99.479218
5186021;99.510742
5188015;99.541290
5190021;99.570862
5192019;99.599442
5194030;99.627037
5196001;99.653656
5198002;99.679283
5199993;99.703934
5201996;99.727600
5204000;99.750282
5206039;99.771973
5208022;99.792686
5210016;99.812408
5212015;99.831154
5214013;99.848907
5216037;99.865685
5217999;99.881462
5219994;99.896263
5221995;99.910072
5223996;99.922905
5225994;99.934746
5228036;99.945602
5230019;99.955467
5232022;99.964348
5234018;99.972244
5236017;99.979149
5238037;99.985077
5239999;99.990005
5241996;99.993958
5243993;99.996918
5245996;99.998894
5248001;99.999878
5250036;99.999878
5252019;99.998894
5254017;99.996918
5256012;99.993958
5258016;99.992104
5260031;99.985077
5262000;99.979149
5263999;99.972244
5265999;99.964348
5268000;99.955467
5269995;99.945602
5272033;99.934746
5274023;99.922905
5276015;99.910072
5278025;99.896263
5280013;99.881462
5282026;99.865685
5284005;99.848907
5286003;99.831154
5287996;99.812408
5289996;99.792686
5292000;99.771973
5294037;99.750282
5296018;99.727600
5298025;99.703941
5300014;99.679283
5302014;99.653656
5304034;99.627037
5306000;99.599442
5307999;99.570862
5309995;99.541298
5312000;99.510750
5313996;99.479218
5316033;99.446701
5318022;99.413208
5320021;99.378738
5322020;99.343285
5324009;99.306847
5326040;99.269432
5328004;99.231033
5329993;99.191666
5331998;99.151306
5333996;99.109978
5336040;99.067673
5338007;99.024376
5340002;98.980110
5342000;98.934868
5344002;98.888657
5345996;98.841461
5348027;98.793289
5349998;98.744141
5351995;98.694023
5353994;98.642929
5355998;98.590866
5358037;98.537819
5360000;98.483810
5361997;98.428818
5363993;98.372864
5365992;98.315941
5367998;98.258041
5370040;98.199173
5372023;98.139343
5374018;98.078529
5376015;98.016754
5378019;97.954018
5380038;97.890312
5382003;97.825638
5383998;97.759995
5386001;97.693398
5388000;97.625824
5389997;97.557297
5392033;97.487801
5394022;97.417343
5396019;97.345932
5398018;97.273544
5400017;97.200211
5402092;97.125916
5404023;97.050652
5406019;96.974442
5408018;96.897270
5410013;96.819138
5412017;96.740051
5414038;96.660019
5415999;96.579018
5418003;96.497078
5419994;96.414177
5421999;96.330330
5424038;96.245529
5426006;96.159782
5427998;96.073082
5429995;95.985428
5431996;95.896843
5433994;95.807297
5436039;95.716812
5438025;95.625374
5440012;95.533005
5442017;95.439682
5444019;95.345428
5446078;95.250221
5448025;95.154076
5450023;95.057007
5452012;94.958984
5454016;94.860031
5456018;94.760132
5458035;94.659302
5460009;94.608536
5461995;94.454849
5463998;94.351219
5465996;94.246666
5468109;94.141174
5470020;94.034752
5472013;93.927414
5474015;93.819138
5476018;93.709938
5478021;93.599823
5480038;93.488770
5482019;93.376801
5484016;93.263916
5486015;93.150101
5488024;93.035362
5490035;92.919716
5491998;92.803146
5493991;92.685661
5495998;92.567268
5497996;92.447952
5499994;92.327728
5502032;92.206596
5504025;92.084557
5506014;91.961601
5508020;91.837738
5510017;91.712967
5512037;91.587296
5513997;91.460724
5516000;91.333237
5517998;91.204857
5519997;91.075584
5521994;90.945396
5524039;90.814323
5526021;90.682343
5528017;90.549477
5530014;90.415726
5532014;90.281067
5534031;90.145515
5536010;90.009079
5537994;89.871750
5539995;89.733551
5541995;89.594452
5543998;89.454468
5546034;89.313599
5548021;89.171860
5550019;89.029228
5552017;88.885727
5554013;88.741348
5556040;88.596085
5557998;88.449951
5559998;88.302948
5562000;88.155067
5563997;88.006332
5566038;87.856712
5568003;87.706230
5569997;87.554893
5571992;87.402679
5573996;87.249603
5576050;87.095680
5578035;86.940880
5580021;86.785217
5582023;86.628708
5584020;86.471344
5586017;86.313126
5588038;86.154068
5590006;85.994141
5591999;85.833374
5594000;85.671753
5595999;85.509285
5597998;85.345985
5600030;85.181847
5602015;85.016853
5604015;84.851021
5606014;84.684357
5608019;84.516853
5610023;84.348511
5612000;84.179352
5613997;84.009354
5615999;83.838524
5617999;83.666870
5620037;83.494385
5621998;83.321075
5623993;83.146980
5625998;82.972023
5627996;82.796249
5629993;82.619667
5632035;82.442268
5634022;82.264053
5636017;82.085037
5638021;81.905197
5640014;81.724556
5642034;81.543098
5644002;81.360847
5645998;81.177780
5647998;80.993942
5649999;80.809280
5651994;80.623817
5654035;80.437561
5656021;80.250511
5658020;80.062675
5660020;79.874062
5662020;79.684647
5664036;79.494438
5666002;79.303452
5667998;79.111679
5669998;78.919128
5671998;78.725800
5673998;78.531693
5676038;78.336807
5678022;78.141167
5680019;77.944740
5682016;77.747559
5684014;77.549591
5686026;77.350861
5687997;77.151367
5689997;76.951111
5691996;76.750099
5693995;76.548340
5696038;76.345810
5698000;76.142532
5699997;75.938499
5701995;75.733719
5704000;75.528183
5705994;75.321922
5708031;75.114906
5710016;74.907150
5712021;74.698647
5714019;74.489410
5716013;74.279442
5718032;74.068748
5719998;73.857307
5722000;73.645142
5724001;73.432251
5725997;73.218636
5728198;73.004295
5730025;72.789253
5732024;72.573486
5734025;72.356995
5736016;72.139786
5738023;71.921860
5740036;71.703232
5742010;71.483910
5743998;71.263863
5746000;71.043121
5747994;70.821671
5750198;70.599525
5752029;70.376678
5754017;70.153160
5756015;69.928932
5758023;69.704010
5760018;69.478401
5762037;69.252106
5764002;69.025124
5765996;68.797478
5767998;68.569145
5769997;68.340126
5771998;68.110435
5774034;67.880074
5776021;67.649040
5778017;67.417358
5780022;67.184998
5782020;66.951965
5784028;66.718277
5786002;66.483948
5788000;66.248940
5789999;66.013298
5792002;65.776993
5793997;65.540031
5796029;65.302429
5798020;65.064178
5800012;64.825287
5802012;64.585777
5804017;64.345604
5806038;64.104805
5808000;63.863361
5809996;63.621296
5811994;63.378597
5814000;63.135296
5816038;62.891354
5817998;62.646790
5819996;62.401604
5821993;62.155807
5823997;61.909397
5825997;61.662388
5828044;61.414753
5830024;61.166519
5832017;60.917675
5834015;60.668228
5836021;60.418213
5838037;60.167568
5840018;59.916359
5842018;59.664536
5844015;59.412121
5846017;59.159122
5848040;58.905560
5849997;58.651394
5851996;58.396656
5853999;58.141335
5855999;57.885437
5857997;57.628979
5860032;57.371964
5862017;57.114365
5864015;56.856201
5866017;56.597477
5868020;56.338192
5870037;56.078358
5872000;55.817978
5873993;55.557037
5875997;55.295544
5877998;55.033512
5880037;54.770927
5882001;54.507809
5883993;54.244167
5885995;53.979977
5887998;53.715248
5889995;53.449989
5892034;53.184204
5894019;52.917915
5896017;52.651100
5898020;52.383751
5900018;52.115883
5902036;51.847500
5904005;51.578606
5905996;51.309196
5907999;51.039307
5909999;50.768894
5911996;50.497978
5914034;50.226570
5916023;49.954655
5918016;49.682255
5920013;49.409382
5922016;49.136005
5924032;48.862137
5925997;48.587791
5927996;48.312962
5929997;48.037659
5931996;47.761898
5933996;47.485649
5936038;47.208931
5938023;46.931747
5940019;46.654099
5942022;46.375992
5944016;46.097446
5946033;45.818428
5947996;45.538975
5949996;45.259052
5951997;44.978683
5953993;44.697872
5955995;44.416637
5958036;44.134945
5960018;43.852818
5962017;43.570255
5964015;43.287266
5966018;43.003849
5968038;42.720028
5970002;42.435760
5971994;42.151081
5973995;41.865982
5975995;41.580467
5978212;41.294567
5980019;41.008240
5982018;40.721504
5984016;40.434368
5986015;40.146832
5988019;39.858898
5990034;39.570599
5992003;39.281879
5993994;38.992775
5995996;38.703285
5998002;38.413418
5999995;38.123165
6002036;37.832584
6004019;37.541588
6006019;37.250214
6008020;37.104382
6010020;36.666374
6012035;36.373913
6014002;36.081112
6015997;35.787930
6017997;35.494400
6020001;35.200516
6021998;34.906284
6024034;34.611710
6026006;34.316818
6028000;34.021561
6029999;33.725971
6031995;33.430046
6033996;33.133793
6036036;32.837212
6038022;32.540329
6040015;32.243107
6042018;31.945559
6044018;31.647699
6046036;31.349527
6048002;31.051048
6049994;30.752283
6051999;30.453190
6053999;30.153799
6055997;29.854134
6058041;29.554150
6060017;29.253874
6062016;28.953331
6064012;28.652481
6066012;28.351349
6068037;28.049934
6070002;27.748245
6071997;27.446281
6073993;27.144072
6075995;26.841568
6078193;26.538801
6080022;26.235771
6082016;25.932482
6084016;25.628939
6086015;25.325165
6088024;25.021118
6090023;24.716824
6091998;24.412287
6093997;24.107508
6096001;23.802490
6097995;23.497261
6100197;23.191778
6102025;22.886066
6104015;22.580128
6106015;22.273966
6108020;21.967585
6110022;21.661034
6112035;21.354221
6113998;21.047199
6116005;20.739969
6117999;20.432533
6120001;20.124922
6122036;19.817085
6124002;19.509054
6126000;19.200832
6127998;18.892418
6129998;18.583818
6131998;18.275061
6134031;17.966097
6136019;17.656956
6138022;17.347641
6140016;17.038157
6142011;16.728500
6144034;16.418705
6146007;16.108725
6148005;15.798585
6149998;15.488288
6151995;15.177840
6153991;14.867240
6156034;14.556519
6158023;14.245629
6160016;13.934599
6162016;13.623433
6164015;13.312154
6166035;13.000721
6167999;12.689183
6169998;12.377496
6171990;12.065687
6173996;11.753759
6176000;11.441715
6178040;11.129559
6180022;10.817315
6182020;10.504942
6184014;10.192464
6186017;9.879887
6188031;9.567211
6190003;9.254441
6191997;8.941605
6193997;8.628655
6196000;8.315620
6198006;8.002504
6200037;7.689308
6202021;7.376037
6204011;7.062716
6206018;6.749302
6208024;6.435822
6210031;6.122278
6212001;5.808673
6213998;5.495012
6216000;5.181319
6217998;4.867576
6219998;4.553761
6222039;4.239901
6224016;3.925998
6226014;3.612057
6228019;3.298105
6230016;2.984096
6232031;2.670057
6234001;2.355993
6235994;2.041904
6237994;1.727796
6239997;1.413695
6242034;1.099556
6244002;0.785405
6245999;0.471248
6247996;0.157085
6249997;-0.157079
6251998;-0.471218
6254037;-0.785375
6256017;-1.099525
6258023;-1.413665
6260018;-1.727790
6262016;-2.041898
6264038;-2.355963
6265996;-2.670027
6268004;-2.984066
6269991;-3.298074
6271996;-3.612027
6273996;-3.925944
6276039;-4.239846
6278026;-4.553706
6280014;-4.867522
6282017;-5.181289
6284015;-5.495005
6286033;-5.808643
6288001;-6.122248
6290001;-6.435792
6291999;-6.749272
6293997;-7.062686
6296001;-7.376031
6298038;-7.689279
6300021;-8.002474
6302019;-8.315591
6304016;-8.628626
6306017;-8.941574
6308038;-9.254436
6309998;-9.567182
6311997;-9.879857
6314000;-10.192435
6316000;-10.504911
6317998;-10.817286
6320039;-11.129552
6322022;-11.441686
6324017;-11.753706
6326015;-12.065634
6328018;-12.377443
6330037;-12.689130
6332008;-13.000690
6333999;-13.312101
6335994;-13.623403
6337995;-13.934570
6339997;-14.245600
6342039;-14.556490
6344020;-14.867234
6346016;-15.177811
6348020;-15.488259
6350021;-15.798555
6352094;-16.108694
6354019;-16.418676
6356016;-16.728497
6358015;-17.038126
6360017;-17.347612
6362015;-17.656927
6364037;-17.966068
6366005;-18.275030
6367996;-18.583813
6369990;-18.892389
6371994;-19.200802
6374029;-19.509026
6376004;-19.817057
6377996;-20.124868
6379999;-20.432505
6381995;-20.739916
6383995;-21.047146
6386035;-21.354168
6388025;-21.660980
6390018;-21.967579
6392014;-22.273960
6394013;-22.580097
6396037;-22.886036
6397998;-23.191748
6399998;-23.497232
6401993;-23.802485
6403995;-24.107500
6405995;-24.412256
6408038;-24.716795
6410018;-25.021088
6412015;-25.325138
6414013;-25.628933
6416017;-25.932476
6418039;-26.235741
6420002;-26.538771
6422000;-26.841539
6423996;-27.144041
6425996;-27.446276
6428208;-27.748240
6430025;-28.049908
6432020;-28.351297
6434020;-28.652430
6436016;-28.953281
6438017;-29.253843
6440024;-29.554098
6442006;-29.854084
6444000;-30.153772
6446001;-30.453163
6448001;-30.752254
6450030;-31.051043
6451999;-31.349501
6453997;-31.647673
6455997;-31.945532
6458002;-32.243076
6459996;-32.540302
6462035;-32.837208
6464013;-33.133766
6466014;-33.430019
6468020;-33.725945
6470014;-34.021534
6472033;-34.316792
6474000;-34.611706
6476002;-34.906258
6477999;-35.200489
6480001;-35.494373
6481993;-35.787903
6484035;-36.081081
6486019;-36.373882
6488020;-36.666325
6490019;-36.958427
6492019;-37.250168
6494034;-37.541534
6496002;-37.832535
6497995;-38.123161
6499997;-38.413387
6501998;-38.703259
6503998;-38.992748
6506037;-39.281853
6508020;-39.570568
6510014;-39.858894
6512017;-40.146805
6514016;-40.434341
6516033;-40.721478
6517997;-41.008209
6519993;-41.294540
6521992;-41.580467
6523999;-41.865955
6525992;-42.151054
6528040;-42.435734
6530015;-42.720001
6532016;-43.003841
6534012;-43.287262
6536015;-43.570229
6538026;-43.852791
6539998;-44.134895
6542004;-44.416592
6543991;-44.697845
6546001;-44.978657
6548091;-45.259007
6550021;-45.538925
6552017;-45.818401
6554016;-46.097420
6556016;-46.375988
6558017;-46.654095
6560036;-46.931721
6562024;-47.208904
6564016;-47.485622
6566012;-47.761871
6568016;-48.037647
6570031;-48.312950
6572005;-48.587757
6573998;-48.862106
6575993;-49.135971
6578000;-49.409351
6580034;-49.682243
6582003;-49.954624
6583994;-50.226532
6585994;-50.497948
6587998;-50.768864
6589996;-51.039280
6592042;-51.309193
6594021;-51.578552
6596016;-51.847446
6598020;-52.115829
6600018;-52.383698
6602108;-52.651054
6604022;-52.917885
6606014;-53.184174
6608024;-53.449959
6610015;-53.715218
6612019;-53.979946
6614039;-54.244137
6616001;-54.507797
6617998;-54.770897
6619993;-55.033482
6621999;-55.295517
6624199;-55.557007
6626025;-55.817951
6628020;-56.078346
6630019;-56.338161
6632014;-56.597446
6634016;-56.856174
6636037;-57.114334
6638019;-57.371933
6640016;-57.628967
6642016;-57.885414
6644019;-58.141304
6646035;-58.396626
6648004;-58.651344
6649999;-58.905514
6652003;-59.159096
6653997;-59.412075
6655995;-59.664490
6658034;-59.916313
6660019;-60.167545
6662020;-60.418182
6664018;-60.668224
6666018;-60.917645
6668035;-61.166489
6670001;-61.414730
6672005;-61.662357
6674001;-61.909382
6675996;-62.155796
6678193;-62.401573
6680026;-62.646759
6682014;-62.891323
6684015;-63.135265
6686014;-63.378590
6688019;-63.621284
6690037;-63.863338
6692000;-64.104774
6693997;-64.345573
6696004;-64.585747
6697996;-64.825279
6699998;-65.064171
6702037;-65.302383
6704020;-65.539993
6706018;-65.776947
6708019;-66.013260
6710016;-66.248917
6712038;-66.483917
6714001;-66.718254
6716002;-66.951942
6717998;-67.184967
6719995;-67.417336
6721997;-67.649033
6724031;-67.880043
6726022;-68.110413
6728020;-68.340096
6730015;-68.569115
6732015;-68.797455
6734034;-69.025116
6735999;-69.252083
6738000;-69.478378
6739996;-69.703987
6741993;-69.928902
6743998;-70.153137
6746036;-70.376678
6748015;-70.599503
6750019;-70.821648
6752016;-71.043098
6754018;-71.263847
6756037;-71.483871
6758001;-71.593620
6759997;-71.921829
6761995;-72.139755
6763992;-72.356949
6766036;-72.573456
6768003;-72.789230
6769995;-73.004295
6771994;-73.218613
6773997;-73.432228
6775992;-73.645126
6778039;-73.857292
6780021;-74.068726
6782015;-74.279434
6784016;-74.489388
6786015;-74.698624
6788034;-74.907127
6790000;-75.114883
6792002;-75.321899
6793994;-75.528183
6795998;-75.733711
6797996;-75.938477
6800038;-76.142525
6802026;-76.345787
6804014;-76.548302
6806019;-76.750092
6808020;-76.951096
6810035;-77.151337
6812000;-77.350845
6813998;-77.549561
6815992;-77.747513
6817997;-77.944717
6820035;-78.141136
6822003;-78.336807
6823996;-78.531677
6825996;-78.725777
6827997;-78.919121
6829995;-79.111656
6832041;-79.303444
6834020;-79.494415
6836018;-79.684639
6838013;-79.874046
6840018;-80.062660
6842105;-80.250511
6844023;-80.437546
6846022;-80.623817
6848017;-80.809258
6850016;-80.993912
6852015;-81.177780
6854027;-81.360832
6856005;-81.543098
6858001;-81.724533
6859993;-81.905197
6861994;-82.085022
6864094;-82.264038
6866018;-82.442261
6868023;-82.619652
6870018;-82.796249
6872017;-82.972008
6874016;-83.146942
6876031;-83.321091
6878021;-83.494377
6880018;-83.666878
6882018;-83.838524
6884016;-84.009369
6886035;-84.179352
6887999;-84.348511
6889996;-84.516838
6891993;-84.684326
6893996;-84.851006
6896002;-85.016823
6898028;-85.181801
6899999;-85.345963
6902001;-85.509262
6904000;-85.671738
6906002;-85.833344
6908031;-85.994102
6909997;-86.154037
6911994;-86.313095
6913995;-86.471329
6916000;-86.628685
6918124;-86.785210
6920023;-86.940849
6922013;-87.095634
6924016;-87.249588
6926014;-87.402657
6928020;-87.554878
6930037;-87.706215
6932019;-87.856689
6934016;-88.006317
6936011;-88.155052
6938017;-88.302948
6940038;-88.449944
6942005;-88.596085
6943996;-88.741333
6945992;-88.885704
6947997;-89.029221
6949997;-89.171837
6952037;-89.313599
6954017;-89.454453
6956015;-89.594421
6958021;-89.733536
6960015;-89.871742
6962038;-90.009079
6964000;-90.145508
6966000;-90.281067
6967995;-90.415703
6969995;-90.549461
6971999;-90.682343
6974038;-90.814308
6976021;-90.945396
6978015;-91.075569
6980019;-91.204849
6982014;-91.333237
6984031;-91.460709
6986004;-91.587296
6987997;-91.712967
6989996;-91.837738
6991996;-91.961601
6993995;-92.084541
6996033;-92.206596
6998023;-92.327705
7000020;-92.447945
7002017;-92.567245
7004017;-92.685638
7006037;-92.803131
7007995;-92.919693
7009993;-93.035355
7011998;-93.150070
7013995;-93.263885
7015995;-93.376785
7018041;-93.488747
7020020;-93.599800
7022016;-93.709923
7024015;-93.819130
7026019;-93.927399
7028041;-94.034737
7029999;-94.141159
7031995;-94.246643
7033997;-94.351212
7036006;-94.454834
7038201;-94.557526
7040025;-94.659294
7042020;-94.760117
7044020;-94.860016
7046016;-94.958969
7048016;-95.056999
7050034;-95.154068
7052010;-95.250206
7054000;-95.345413
7055995;-95.439674
7057999;-95.532997
7059991;-95.625374
7062040;-95.716789
7064016;-95.807289
7066013;-95.896828
7068021;-95.985428
7070018;-96.073074
7072029;-96.159782
7074000;-96.245522
7076004;-96.330322
7077999;-96.414177
7080001;-96.497070
7082001;-96.579018
7084037;-96.660011
7086022;-96.740044
7088021;-96.819138
7090016;-96.897255
7092016;-96.974442
7094035;-97.050652
7096001;-97.125916
7098003;-97.200203
7099997;-97.273544
7101996;-97.345924
7103999;-97.417343
7106037;-97.487793
7108025;-97.557281
7110018;-97.625809
7112019;-97.693382
7114021;-97.759987
7116033;-97.825630
7118002;-97.890297
7119996;-97.954010
7121996;-98.016754
7124002;-98.078522
7126000;-98.139336
7128030;-98.199165
7129998;-98.258034
7132001;-98.315933
7134000;-98.372856
7136003;-98.428818
7138103;-98.483803
7140025;-98.537811
7142016;-98.590858
7144016;-98.642929
7146018;-98.694023
7148020;-98.744133
7150039;-98.793289
7152010;-98.841454
7153998;-98.888657
7155992;-98.934868
7157998;-98.980103
7159999;-99.024376
7162035;-99.067665
7164014;-99.109978
7166017;-99.151306
7168018;-99.191666
7170017;-99.231033
7172032;-99.269424
7173994;-99.306847
7176001;-99.343285
7177996;-99.378738
7180002;-99.413208
7181999;-99.446701
7184036;-99.479218
7186017;-99.510742
7188016;-99.541298
7190015;-99.570862
7192014;-99.599442
7194039;-99.627037
7196004;-99.653656
7198001;-99.679283
7199999;-99.703934
7202002;-99.727600
7203997;-99.750282
7206037;-99.771973
7208022;-99.792686
7210019;-99.812408
7212018;-99.831161
7214020;-99.848907
7216041;-99.865677
7218000;-99.881462
7219997;-99.896263
7221997;-99.910072
7223997;-99.922905
7225996;-99.934746
7228030;-99.945602
7230004;-99.955460
7232000;-99.964348
7233993;-99.972244
7235992;-99.979149
7238091;-99.985069
7240027;-99.990005
7242014;-99.993958
7244014;-99.996910
7246013;-99.998894
7248018;-99.999878
7250032;-99.999878
7251999;-99.998894
7254001;-99.996918
7255994;-99.993958
7257994;-99.990013
7259998;-99.985077
7262032;-99.979149
7264018;-99.972244
7266018;-99.964348
7268018;-99.955467
7270016;-99.945602
7272028;-99.934746
7274007;-99.922905
7275999;-99.910080
7277994;-99.896263
7279994;-99.881462
7281996;-99.865685
7284039;-99.848907
7286020;-99.831161
7288018;-99.812416
7290013;-99.792686
7292019;-99.771973
7294038;-99.750282
7295998;-99.727600
7297999;-99.703934
7299995;-99.679283
7301994;-99.653656
7303996;-99.627037
7306036;-99.599442
7308026;-99.570862
7310022;-99.541298
7312018;-99.510750
7314015;-99.479218
7316039;-99.446709
7317999;-99.413208
7319993;-99.378738
7321992;-99.343285
7323997;-99.306854
7326036;-99.269440
7327994;-99.231041
7329996;-99.191666
7331996;-99.151314
7334003;-99.109985
7335998;-99.067673
7338038;-99.024384
7340020;-98.980118
7342016;-98.934868
7344018;-98.888657
7346014;-98.841461
7348038;-98.793289
7350001;-98.744148
7351991;-98.694023
7353995;-98.642937
7355995;-98.590866
7358000;-98.537827
7360036;-98.483810
7362015;-98.428825
7364018;-98.372871
7366015;-98.315941
7368019;-98.258049
7370039;-98.199181
7371997;-98.139343
7374001;-98.078537
7375994;-98.016754
7377996;-97.954025
7379998;-97.890312
7382036;-97.825638
7384023;-97.760002
7386023;-97.693398
7388022;-97.625824
7390014;-97.557297
7392036;-97.487801
7393998;-97.417351
7396000;-97.345924
7397995;-97.273552
7399998;-97.200203
7401996;-97.125916
7404036;-97.050652
7406024;-96.974442
7408017;-96.897270
7410016;-96.819138
7412015;-96.740051
7414201;-96.660011
7416027;-96.579018
7418025;-96.497086
7420019;-96.414177
7422016;-96.330330
7424016;-96.245522
7426035;-96.159782
7428022;-96.073074
7430016;-95.985443
7432016;-95.896851
7434018;-95.807304
7436036;-95.716820
7438006;-95.625381
7439997;-95.533012
7442005;-95.439697
7443995;-95.345428
7445997;-95.250237
7448037;-95.154083
7450024;-95.057007
7452020;-94.958984
7454016;-94.860039
7456017;-94.760147
7458033;-94.659309
7460000;-94.557556
7462002;-94.506332
7463995;-94.351234
7466002;-94.246681
7468124;-94.141182
7470024;-94.034767
7472015;-93.927414
7474014;-93.819145
7476015;-93.709961
7478020;-93.599823
7480040;-93.488785
7482019;-93.376801
7484014;-93.263916
7486016;-93.150093
7488020;-93.035370
7490037;-92.919724
7492003;-92.803154
7493995;-92.685677
7495997;-92.567268
7497994;-92.447960
7499997;-92.327744
7502040;-92.206596
7504022;-92.084564
7506016;-91.961601
7508019;-91.899780
7510020;-91.712967
7512042;-91.587296
7513997;-91.460732
7515999;-91.333237
7518002;-91.204865
7519992;-91.075569
7521994;-90.945396
7524034;-90.814331
7526023;-90.682343
7528020;-90.549484
7530019;-90.415703
7532015;-90.281067
7534039;-90.145508
7536003;-90.009079
7538000;-89.871780
7539991;-89.733559
7541996;-89.594475
7543996;-89.454475
7546036;-89.313622
7548021;-89.171890
7550017;-89.029243
7552019;-88.885750
7554016;-88.741356
7556039;-88.596107
7558026;-88.449959
7560014;-88.302971
7562015;-88.155106
7564014;-88.006340
7566043;-87.856735
7567997;-87.706238
7569998;-87.554901
7571996;-87.402702
7573996;-87.249611
7575992;-87.095680
7578029;-86.940872
7580005;-86.785233
7581994;-86.628708
7583992;-86.471352
7585996;-86.313148
7588038;-86.154060
7590003;-85.994148
7591997;-85.833374
7593995;-85.671761
7595996;-85.509315
7598003;-85.345993
7600037;-85.181847
7602019;-85.016846
7604013;-84.851036
7606015;-84.684349
7608025;-84.516861
7610063;-84.348534
7612023;-84.179352
7614019;-84.009369
7616016;-83.838524
7618021;-83.666878
7620023;-83.494408
7622039;-83.321091
7623996;-83.146973
7625995;-82.972008
7627997;-82.796249
7629998;-82.619652
7632036;-82.442261
7634000;-82.264069
7635999;-82.085022
7638000;-81.905197
7639999;-81.724533
7641998;-81.543098
7644034;-81.360855
7646018;-81.177811
7648019;-80.993965
7650016;-80.809288
7652013;-80.623840
7654039;-80.437599
7656002;-80.250534
7657999;-80.062714
7659994;-79.874077
7661999;-79.684669
7663996;-79.494446
7666035;-79.303474
7668029;-79.111710
7670015;-78.919151
7672020;-78.725830
7674014;-78.531708
7676038;-78.336838
7678003;-78.141197
7680006;-77.944756
7681998;-77.747574
7683997;-77.549591
7686002;-77.350876
7688037;-77.151367
7690018;-76.951126
7692018;-76.750122
7694015;-76.548340
7696018;-76.345825
7698038;-76.142525
7700002;-75.938507
7702000;-75.733742
7703998;-75.528191
7706002;-75.321938
7707995;-75.114906
7710036;-74.907158
7712025;-74.698639
7714022;-74.489418
7716012;-74.279465
7718022;-74.068741
7720034;-73.857323
7722019;-73.645142
7724012;-73.432266
7726016;-73.218666
7728020;-73.004303
7730119;-72.789261
7732017;-72.573471
7734014;-72.356987
7736016;-72.139763
7738019;-71.921860
7740016;-71.703247
7742036;-71.483887
7744021;-71.263863
7746021;-71.043098
7748023;-70.821671
7750015;-70.599533
7752037;-70.376678
7754004;-70.153191
7755998;-69.928940
7758001;-69.704033
7759997;-69.478439
7761996;-69.252129
7764032;-69.025169
7766022;-68.797493
7768013;-68.569168
7770019;-68.340134
7772016;-68.110466
7774041;-67.880119
7775994;-67.649063
7778000;-67.417389
7779997;-67.185005
7781996;-66.951988
7784101;-66.718323
7786020;-66.483955
7788025;-66.248970
7790017;-66.013298
7792017;-65.777000
7794014;-65.540024
7796036;-65.302437
7798019;-65.064201
7800014;-64.825294
7802014;-64.585785
7804011;-64.345589
7806037;-64.104805
7807999;-63.863392
7809997;-63.621307
7811995;-63.378628
7813997;-63.135292
7815992;-62.891365
7818040;-62.646778
7820017;-62.401615
7822015;-62.155830
7824012;-61.909401
7826015;-61.662399
7828034;-61.414749
7830004;-61.166527
7831995;-60.917706
7833996;-60.668243
7835999;-60.418217
7838001;-60.167564
7840034;-59.916348
7842013;-59.664505
7844019;-59.412109
7846010;-59.159134
7848017;-58.905529
7850032;-58.651386
7851999;-58.396626
7853994;-58.141327
7855997;-57.885448
7857999;-57.628967
7859995;-57.371990
7862036;-57.114376
7864022;-56.856228
7866017;-56.597485
7868017;-56.338223
7870019;-56.078403
7872038;-55.817993
7873999;-55.557068
7876002;-55.295555
7877997;-55.033539
7879995;-54.770977
7882049;-54.507839
7884037;-54.244198
7886023;-53.979980
7888022;-53.715279
7890018;-53.450001
7892014;-53.184235
7894037;-52.917946
7896016;-52.651096
7898020;-52.383762
7900016;-52.115868
7902015;-51.847504
7904037;-51.578636
7905999;-51.309212
7908001;-51.039322
7909999;-50.768887
7911996;-50.497990
7913995;-50.226559
7916032;-49.954666
7918023;-49.682285
7920019;-49.409370
7922018;-49.136013
7924018;-48.862125
7926036;-48.587799
7928025;-48.312996
7930015;-48.037670
7932017;-47.761909
7934018;-47.485641
7936038;-47.208942
7937998;-46.931778
7939997;-46.654110
7941998;-46.376026
7943999;-46.097439
7945996;-45.818439
7948039;-45.538944
7950020;-45.259045
7952016;-44.978695
7954015;-44.697865
7956017;-44.416630
7958038;-44.134918
7960007;-43.852810
7961997;-43.570271
7963995;-43.287258
7965994;-43.003864
7967996;-42.720039
7970035;-42.435799
7972018;-42.151093
7974015;-41.866016
7976014;-41.580528
7978022;-41.294582
7980038;-41.008274
7981999;-40.721519
7983999;-40.434402
7985998;-40.146889
7987993;-39.858932
7989998;-39.570629
7992035;-39.281891
7994012;-38.992809
7996015;-38.703300
7998021;-38.413452
8000016;-38.123226
8002030;-37.832577
8004004;-37.541599
8006002;-37.250210
8007995;-36.958492
8010000;-36.666412
8011995;-36.373924
8014041;-36.081123
8016021;-35.787922
8018021;-35.494415
8020021;-35.200508
8022019;-34.906300
8024031;-34.611748
8025998;-34.316807
8028005;-34.021576
8029995;-33.725964
8031998;-33.430061
8034038;-33.133827
8036008;-32.837227
8037996;-32.540344
8039992;-32.243095
8042001;-31.945574
8043995;-31.647692
8046035;-31.349543
8048025;-31.051085
8050016;-30.752274
8052014;-30.453205
8054011;-30.153790
8056039;-29.854124
8057996;-29.554165
8059994;-29.253864
8062000;-28.953323
8063996;-28.652451
8066003;-28.351339
8068038;-28.049904
8070020;-27.748236
8072018;-27.446297
8074017;-27.144039
8076013;-26.841604
8078033;-26.538816
8080002;-26.235809
8082005;-25.932545
8084000;-25.628975
8085995;-25.325203
8088004;-25.021133
8090036;-24.716862
8092020;-24.412348
8094014;-24.107544
8096013;-23.802551
8098020;-23.497276
8100032;-23.191816
8102002;-22.886080
8103996;-22.580164
8105999;-22.274027
8108002;-21.967623
8109998;-21.661047
8112035;-21.354214
8114020;-21.047215
8116019;-20.740007
8118020;-20.432549
8120012;-20.124935
8122037;-19.817076
8123998;-19.509069
8125996;-19.200823
8127996;-18.892433
8129994;-18.583858
8131992;-18.275051
8134033;-17.966110
8136024;-17.656948
8138024;-17.347656
8140019;-17.038193
8142016;-16.728516
8144038;-16.418720
8145998;-16.108715
8147996;-15.798600
8149999;-15.488279
8151997;-15.177855
8153992;-14.867279
8156037;-14.556509
8158026;-14.245645
8160017;-13.934591
8162014;-13.623447
8164021;-13.312168
8166035;-13.000711
8167999;-12.689175
8169997;-12.377464
8172001;-12.065679
8174001;-11.753728
8175996;-11.441707
8178041;-11.129574
8180022;-10.817284
8182016;-10.504933
8184016;-10.192480
8186017;-9.879926
8188030;-9.567274
8189999;-9.254481
8191993;-8.941644
8193995;-8.628671
8195997;-8.315660
8198000;-8.002520
8200035;-7.689348
8202020;-7.376100
8204015;-7.062732
8206013;-6.749341
8208024;-6.435838
8210034;-6.122317
8212019;-5.808736
8214011;-5.495050
8216017;-5.181358
8218019;-4.867567
8220043;-4.553775
8221998;-4.239939
8223995;-3.926013
8225999;-3.612096
8227998;-3.298096
8229997;-2.984111
8232033;-2.670048
8234018;-2.356008
8236017;-2.041943
8238019;-1.727811
8240013;-1.413710
8242033;-1.099547
8244003;-0.785421
8245998;-0.471287
8247994;-0.157100
8249995;0.157080
8251998;0.471237
8254035;0.785390
8256021;1.099535
8258022;1.256604
8260013;1.727790
8262015;2.041893
8264037;2.355976
8266001;2.670036
8267998;2.984070
8269998;3.298074
8271998;3.612046
8274048;3.925981
8276036;4.239879
8278026;4.553734
8280018;4.867544
8282015;5.181307
8284011;5.495018
8286033;5.808674
8287999;6.122274
8289999;6.435814
8291999;6.749289
8293997;7.062697
8296000;7.376038
8298040;7.689305
8300024;8.002495
8302017;8.315607
8304014;8.628635
8306014;8.941581
8308034;9.254436
8310002;9.567202
8311996;9.879873
8313996;10.192444
8315998;10.504917
8317994;10.817286
8320033;11.129548
8322017;11.441700
8324015;11.753738
8326014;12.065662
8328017;12.377467
8330039;12.689150
8331998;13.000705
8333999;13.312133
8335993;13.623430
8337998;13.934594
8339996;14.245617
8342036;14.556500
8344017;14.867243
8346014;15.177837
8348020;15.488280
8350014;15.798573
8352033;16.108707
8354003;16.418684
8355997;16.728498
8358000;17.038149
8359994;17.347628
8361994;17.656937
8364040;17.966076
8366019;18.275032
8368022;18.583811
8370018;18.892406
8372018;19.200811
8374035;19.509031
8376023;19.817057
8378021;20.124889
8380014;20.432520
8382013;20.739950
8384034;21.047176
8385998;21.354193
8387998;21.660999
8389992;21.967592
8391999;22.273970
8394117;22.580126
8396022;22.886059
8398026;23.191769
8400016;23.497246
8402012;23.802494
8404014;24.107506
8406032;24.412279
8408003;24.716812
8410000;25.021099
8411997;25.325144
8414003;25.628939
8416051;25.932476
8418034;26.235760
8420021;26.538784
8422012;26.841545
8424019;27.144045
8426015;27.446274
8428034;27.748230
8430000;28.049919
8431993;28.351324
8433998;28.652456
8435995;28.953299
8438054;29.253859
8440036;29.554132
8442017;29.854111
8444018;30.153793
8446013;30.453184
8448017;30.752268
8450036;31.051052
8452022;31.349527
8454020;31.647697
8456018;31.945551
8458017;32.243092
8460117;32.540310
8462020;32.837208
8464019;32.837208
8466017;33.430038
8468025;33.725952
8470014;34.021542
8472035;34.316792
8474018;34.611706
8476019;34.906273
8478016;35.200500
8480015;35.494377
8482032;35.787907
8483997;36.081081
8485995;36.373901
8487996;36.666363
8489996;36.958458
8491994;37.250191
8494042;37.541557
8496021;37.832550
8498023;38.123173
8500023;38.413418
8502016;38.703281
8504039;38.992767
8506001;39.281864
8507999;39.570580
8509996;39.858898
8511996;40.146824
8514034;40.434357
8515995;40.721493
8517998;41.008221
8519993;41.294548
8521998;41.580467
8523996;41.865971
8526038;42.151066
8528024;42.435749
8530017;42.720005
8532014;43.003841
8534013;43.287258
8536037;43.570240
8538000;43.852798
8539992;44.134922
8541994;44.416611
8543994;44.697861
8545991;44.978668
8548031;45.259033
8550017;45.538948
8552014;45.818417
8554014;46.097435
8556017;46.375996
8558030;46.654099
8560005;46.931744
8561998;47.208927
8563991;47.485634
8565996;47.761883
8568117;48.037659
8570025;48.312958
8572019;48.587780
8574019;48.862122
8576014;49.135986
8578021;49.409363
8580041;49.682243
8581998;49.954647
8583998;50.226551
8585996;50.497963
8587998;50.768871
8590034;51.039284
8591997;51.309193
8593997;51.578583
8595990;51.847477
8597996;52.115856
8599997;52.383720
8602035;52.651070
8604021;52.917896
8606016;53.184204
8608017;53.449982
8610020;53.715237
8612029;53.979958
8614000;54.244156
8615993;54.507809
8618001;54.770924
8620004;55.033501
8622052;55.295532
8624038;55.557018
8626024;55.817963
8628025;56.078350
8630021;56.338184
8632018;56.597466
8634040;56.856178
8636022;57.114338
8638019;57.371937
8640019;57.628967
8642016;57.885426
8644037;58.141319
8645998;58.396633
8647999;58.651371
8649995;58.905529
8651999;59.159111
8653996;59.412106
8656034;59.664516
8658023;59.916336
8660015;60.167557
8662019;60.418190
8664012;60.668228
8666035;60.917671
8667996;61.166508
8669998;61.414749
8671993;61.662376
8673997;61.909389
8676000;62.155800
8678035;62.401592
8680017;62.646778
8682015;62.891342
8684015;63.135277
8686016;63.378597
8688037;63.621284
8690003;63.863350
8691997;64.104782
8693999;64.345589
8695999;64.585754
8698059;64.825279
8700034;65.064171
8702021;65.302414
8704016;65.540009
8706018;65.776978
8708018;66.013275
8710034;66.248932
8712000;66.483932
8713995;66.718277
8715996;66.951958
8717999;67.184982
8720036;67.417351
8722000;67.649040
8723994;67.880074
8725994;68.110428
8727998;68.340118
8729998;68.569130
8732032;68.797462
8734020;69.025124
8736016;69.252098
8738023;69.478394
8740015;69.703995
8742037;69.928909
8743998;70.153137
8745997;70.376678
8748000;70.599518
8749999;70.821655
8751998;71.043106
8754037;71.263847
8756022;71.483887
8758025;71.703224
8760019;71.921852
8762015;72.139778
8764031;72.356972
8765998;72.573471
8768002;72.789238
8769994;73.004303
8771994;73.218636
8774038;73.432251
8776001;73.645142
8777993;73.857300
8779994;74.068741
8781996;74.279442
8783996;74.489403
8786041;74.698639
8788023;74.907135
8790019;75.114891
8792015;75.321915
8794016;75.528183
8796033;75.733711
8798003;75.938484
8800000;76.142517
8801997;76.345795
8803996;76.548325
8805997;76.750092
8808040;76.951103
8810023;77.151352
8812021;77.350845
8814016;77.549568
8816009;77.747536
8818036;77.944733
8820008;78.141159
8822001;78.336807
8823991;78.531693
8825997;78.725800
8828049;78.919128
8830034;79.111679
8832022;79.303452
8834020;79.494438
8836016;79.684631
8838017;79.874054
8840039;80.062675
8842023;80.250511
8844017;80.437561
8846017;80.623810
8848022;80.809273
8850035;80.993927
8852003;81.177780
8854000;81.360840
8855998;81.543091
8857999;81.724548
8859996;81.905190
8862032;82.085022
8864019;82.264038
8866017;82.442261
8868018;82.619659
8870013;82.796242
8872032;82.972015
8874003;83.146957
8875996;83.321083
8877994;83.494392
8879998;83.666870
8882001;83.838524
8884038;84.009354
8886019;84.179352
8888018;84.348526
8890016;84.516853
8892019;84.684349
8894036;84.851013
8896002;85.016846
8898001;85.181831
8899999;85.345985
8901998;85.509285
8903998;85.671745
8906035;85.833366
8908023;85.994133
8910016;86.154045
8912013;86.313118
8914017;86.471336
8916039;86.628700
8918002;86.785210
8919997;86.940865
8921997;87.095657
8924003;87.249596
8925994;87.402672
8928034;87.554886
8930000;87.706230
8931992;87.856712
8933994;88.006325
8936000;88.155075
8938109;88.302948
8940027;88.449944
8942019;88.596085
8944016;88.741341
8946016;88.885719
8948022;89.029221
8950037;89.171852
8952001;89.313599
8953996;89.454460
8955997;89.594444
8957997;89.733536
8960034;89.871750
8962004;90.009079
8963999;90.145508
8965997;90.281052
8968001;90.415710
8969994;90.549469
8972031;90.682343
8974022;90.814316
8976019;90.945389
8978023;91.075569
8980015;91.204857
8982033;91.333237
8983997;91.460716
8986002;91.587296
8988000;91.712967
8989998;91.837730
8992001;91.961594
8994042;92.084541
8996020;92.206589
8998021;92.327728
9000017;92.447952
9002013;92.567261
9004038;92.685661
9006005;92.803139
9007995;92.861542
9009997;93.035355
9012001;93.150093
9014001;93.263908
9016036;93.376793
9018025;93.488762
9020020;93.599808
9022017;93.709930
9024016;93.819130
9026028;93.927406
9028001;94.034752
9029997;94.141167
9031998;94.246658
9033996;94.351212
9035998;94.454842
9038035;94.557541
9040024;94.659302
9042017;94.760132
9044016;94.860016
9046019;94.958969
9048037;95.056992
9050021;95.154076
9052018;95.250214
9054016;95.345421
9056011;95.439682
9058036;95.532997
9059996;95.625374
9061996;95.716805
9063994;95.807289
9065994;95.896835
9068002;95.985428
9070039;96.073074
9072003;96.159775
9073999;96.245529
9075997;96.330322
9078000;96.414169
9080038;96.497070
9082003;96.579018
9083996;96.660011
9085997;96.740051
9087999;96.819130
9089997;96.897263
9092042;96.974442
9094026;97.050652
9096020;97.125908
9098022;97.200203
9100013;97.273544
9102037;97.345917
9104000;97.417343
9105996;97.487793
9107997;97.557297
9109993;97.625824
9111999;97.693390
9114038;97.759995
9116021;97.825638
9118026;97.890305
9120015;97.954018
9122015;98.016754
9124039;98.078529
9125999;98.139336
9127999;98.199173
9129996;98.258034
9131996;98.315933
9134056;98.372864
9136032;98.428818
9138027;98.483810
9140019;98.537819
9142017;98.590858
9144019;98.642929
9146033;98.694023
9148000;98.744141
9149992;98.793289
9151999;98.841454
9153996;98.888649
9156036;98.934868
9158003;98.980110
9160000;99.024376
9162000;99.067665
9163994;99.109970
9165994;99.151306
9168031;99.191658
9170000;99.231033
9172000;99.269432
9173997;99.306847
9175995;99.343285
9178036;99.378738
9180000;99.413208
9181997;99.446701
9183998;99.479218
9186000;99.510742
9187996;99.541290
9190033;99.570862
9192017;99.599442
9194015;99.627037
9196012;99.653656
9198020;99.679283
9200034;99.703934
9201996;99.727600
9203999;99.750282
9205994;99.771973
9207999;99.792686
9209993;99.812408
9212035;99.831154
9214022;99.848907
9216013;99.865685
9218016;99.881462
9220015;99.896263
9222034;99.910072
9224001;99.922905
9225992;99.934746
9227995;99.945602
9230000;99.955467
9232106;99.964348
9234022;99.972244
9236016;99.979149
9238018;99.985077
9240020;99.990005
9242014;99.993958
9244035;99.996918
9246003;99.998894
9247995;99.999878
9250001;99.999878
9251998;99.998894
9254039;99.996918
9256000;99.993958
9258000;99.990005
9259996;99.985077
9261998;99.979149
9264000;99.972244
9266037;99.964348
9268021;99.955467
9270019;99.945602
9272022;99.934746
9274019;99.922905
9276032;99.910072
9278021;99.896263
9280018;99.881462
9282016;99.865685
9284014;99.848907
9286037;99.831154
9287998;99.812408
9289996;99.792686
9291999;99.771973
9294001;99.750282
9295998;99.727600
9298040;99.703941
9300019;99.679283
9302016;99.653656
9304022;99.627037
9306011;99.599442
9308032;99.570862
9310004;99.541298
9311991;99.510750
9313997;99.479218
9315995;99.446701
9318055;99.413208
9320038;99.378738
9322022;99.343285
9324012;99.306847
9326015;99.269432
9328018;99.231033
9330037;99.191666
9331999;99.151306
9333997;99.109978
9335993;99.067673
9337996;99.024376
9339993;98.980110
9342040;98.934868
9344025;98.888657
9346018;98.841461
9348020;98.793289
9350014;98.744141
9352032;98.694023
9354000;98.642929
9355994;98.590866
9357996;98.537819
9359996;98.483810
9362030;98.428818
9363997;98.372864
9366002;98.315941
9367994;98.258041
9369996;98.199173
9371990;98.139343
9374037;98.078529
9376019;98.016754
9378020;97.954018
9380017;97.890312
9382015;97.825638
9384039;97.759995
9385996;97.693398
9388002;97.625824
9389994;97.557297
9392003;97.487801
9394049;97.417343
9396035;97.345932
9398021;97.273544
9400018;97.200211
9402019;97.125916
9404018;97.050652
9406025;96.974442
9407999;96.897270
9409997;96.819138
9411999;96.740051
9413995;96.660019
9416037;96.579018
9418002;96.497078
9420001;96.414177
9422000;96.330330
9424003;96.245529
9426001;96.159782
9428044;96.073082
9430000;95.985428
9431997;95.896843
9434000;95.807297
9435993;95.716812
9438037;95.625374
9439999;95.533005
9441998;95.439682
9443997;95.345428
9445996;95.250221
9448000;95.154076
9450037;95.057007
9452021;94.958984
9454017;94.860031
9456013;94.760132
9458017;94.659302
9460034;94.557549
9462007;94.454849
9463999;94.403152
9465993;94.246666
9468003;94.141174
9470000;94.034752
9472032;93.927414
9474019;93.819138
9476021;93.709938
9478016;93.599823
9480019;93.488770
9482115;93.376801
9484026;93.263916
9486017;93.150101
9488024;93.035362
9490014;92.919716
9492015;92.803146
9494037;92.685661
9496025;92.567268
9498020;92.447952
9500017;92.327728
9502017;92.206596
9504033;92.084557
9506025;91.961601
9508023;91.837738
9510022;91.712967
9512014;91.587296
9514041;91.460724
9516003;91.333237
9518004;91.204857
9519996;91.075584
9521993;90.945396
9523996;90.814323
9526038;90.682343
9528022;90.549477
9530016;90.415726
9532012;90.281067
9534017;90.145515
9536033;90.009079
9538000;89.871750
9539998;89.733551
9541996;89.594452
9543999;89.454468
9545997;89.313599
9548039;89.171860
9550019;89.029228
9552020;88.885727
9554012;88.741348
9556016;88.596085
9558032;88.449951
9560004;88.302948
9561997;88.155067
9563999;88.006332
9565999;87.856712
9568109;87.706230
9570025;87.554893
9572013;87.402679
9574014;87.249603
9576013;87.095680
9578021;86.940880
9580029;86.785217
9582004;86.628708
9583998;86.471344
9585997;86.313126
9587993;86.154068
9590036;85.994141
9591995;85.833374
9593998;85.671753
9596001;85.509285
9597998;85.345985
9599996;85.181847
9602041;85.016853
9604026;84.851021
9606019;84.684357
9608020;84.516853
9610016;84.348511
9612036;84.179352
9613996;84.009354
9616003;83.838524
9617996;83.666870
9620001;83.494385
9621998;83.321075
9624036;83.146980
9626021;82.972023
9628022;82.796249
9630020;82.619667
9632017;82.442268
9634029;82.264053
9635993;82.085037
9637997;81.905197
9639992;81.724556
9641995;81.543098
9643996;81.360847
9646036;81.177780
9648023;80.993942
9650013;80.809280
9652013;80.623817
9654012;80.437561
9656035;80.250511
9657995;80.062675
9659993;79.874062
9661999;79.684647
9663994;79.494438
9665993;79.303452
9668037;79.111679
9670020;78.919128
9672019;78.725800
9674014;78.531693
9676015;78.336807
9678034;78.141167
9680001;77.944740
9682000;77.747559
9684002;77.549591
9686001;77.350861
9687996;77.151367
9690032;76.951111
9692014;76.750099
9694019;76.548340
9696017;76.345810
9698018;76.142532
9700034;75.938499
9702020;75.733719
9704023;75.528183
9706020;75.321922
9708016;75.114906
9710012;74.907150
9712044;74.698647
9714020;74.489410
9716015;74.279442
9718018;74.068748
9720020;73.857307
9722036;73.645142
9724020;73.432251
9726019;73.218636
9728020;73.004295
9730017;72.789253
9732034;72.573486
9734014;72.356995
9736017;72.139786
9738019;71.921860
9740014;71.703232
9742125;71.483910
9744029;71.263863
9746016;71.043121
9748018;70.821671
9750017;70.599525
9752017;70.376678
9754037;70.153160
9756019;69.928932
9758020;69.816551
9760012;69.478401
9762016;69.252106
9764036;69.025124
9766002;68.797478
9767997;68.569145
9769992;68.340126
9771994;68.110435
9773998;67.880074
9776036;67.649040
9778024;67.417358
9780022;67.184998
9782017;66.951965
9784016;66.718277
9786034;66.483948
9787999;66.248940
9789998;66.013298
9791993;65.776993
9793998;65.540031
9796003;65.302429
9798042;65.064178
9800016;64.825287
9802020;64.585777
9804014;64.345604
9806018;64.104805
9808124;63.863361
9810022;63.621296
9812022;63.378597
9814014;63.135296
9816020;62.891354
9818019;62.646790
9820039;62.401604
9821995;62.155807
9824000;61.909397
9825998;61.662388
9827994;61.414753
9830038;61.166519
9832003;60.917675
9834000;60.668228
9836001;60.418213
9837997;60.167568
9839992;59.916359
9842036;59.664536
9844023;59.412121
9846017;59.159122
9848017;58.905560
9850015;58.651394
9852216;58.396656
9854025;58.141335
9856016;57.885437
9858020;57.628979
9860018;57.371964
9862013;57.114365
9864037;56.856201
9865996;56.597477
9867994;56.338192
9869996;56.078358
9871996;55.817978
9874049;55.557037
9876035;55.295544
9878022;55.033512
9880017;54.770927
9882013;54.507809
9884013;54.244167
9886038;53.979977
9888002;53.715248
9889998;53.449989
9891992;53.184204
9893991;52.917915
9896034;52.651100
9898000;52.383751
9899998;52.115883
9901992;51.847500
9903992;51.578606
9905995;51.309196
9908035;51.039307
9910001;50.768894
9911992;50.497978
9913991;50.226570
9916003;49.954655
9918203;49.682255
9920027;49.409382
9922012;49.136005
9924016;48.862137
9926014;48.587791
9928022;48.312962
9930039;48.037659
9932023;47.761898
9934009;47.485649
9936022;47.208931
9938016;46.931747
9940039;46.654099
9942001;46.375992
9943991;46.097446
9945998;45.818428
9947997;45.538975
9949996;45.259052
9952036;44.978683
9954021;44.697872
9956019;44.416637
9958020;44.134945
9960021;43.852818
9962040;43.570255
9964002;43.287266
9965999;43.003849
9967997;42.720028
9969997;42.435760
9971993;42.151081
9974036;41.865982
9976001;41.580467
9977999;41.294567
9980003;41.008240
9981998;40.721504
9984035;40.434368
9985999;40.146832
9987994;39.858898
9989999;39.570599
9991993;39.281879
9993997;38.992775
9996039;38.703285
9998023;38.413418
10000020;38.123165
10002018;37.832584
10004017;37.541588
10006038;37.250214
10007997;36.958477
10010004;36.666374
10011999;36.373913
10013995;36.081112
10015991;35.787930
10018036;35.494400
10020020;35.200516
10022019;34.906284
10024021;34.611710
10026016;34.316818
10028038;34.021561
10030000;33.725971
10032002;33.430046
10033998;33.133793
10035996;32.837212
10037995;32.540329
10040041;32.243107
10042013;31.945559
10044011;31.647699
10046015;31.349527
10048018;31.051048
10050032;30.752283
10052000;30.453190
10053999;30.153799
10056001;29.854134
10057995;29.554150
10059997;29.253874
10062032;28.953331
10064019;28.652481
10066012;28.351349
10068023;28.049934
10070016;27.748245
10072039;27.446281
10073996;27.144072
10075996;26.841568
10077999;26.538801
10080003;26.235771
10082114;25.932482
10084025;25.628939
10086017;25.325165
10088018;25.021118
10090016;24.716824
10092020;24.412287
10094034;24.107508
10095998;23.802490
10097997;23.497261
10099997;23.191778
10101998;22.886066
10103995;22.580128
10106036;22.273966
10108024;21.967585
10110017;21.661034
10112018;21.354221
10114019;21.047199
10116028;20.739969
10118001;20.432533
10120004;20.124922
10121996;19.817085
10123999;19.509054
10125995;19.200832
10128041;18.892418
10130020;18.583818
10132016;18.275061
10134013;17.966097
10136016;17.656956
10138122;17.347641
10140028;17.038157
10142018;16.728500
10144018;16.418705
10146017;16.108725
10148021;15.798585
10150035;15.488288
10152017;15.177840
10154019;14.867240
10156020;14.556519
10158018;14.245629
10160041;13.934599
10161997;13.623433
10163992;13.312154
10165992;13.000721
10167994;12.689183
10169990;12.377496
10172039;12.065687
10174025;11.753759
10176016;11.441715
10178021;11.129559
10180019;10.817315
10182039;10.504942
10183998;10.192464
10185997;9.879887
10188000;9.567211
10189996;9.254441
10191996;8.941605
10194037;8.628655
10196020;8.315620
10198021;8.002504
10200015;7.689308
10202015;7.376037
10204032;7.062716
10205999;6.749302
10207998;6.435822
10209995;6.122278
10211994;5.808673
10214002;5.495012
10216036;5.181319
10218026;4.867576
10220015;4.553761
10222013;4.239901
10224016;3.925998
10226038;3.612057
10228003;3.298105
10229997;2.984096
10232002;2.670057
10233999;2.355993
10236113;2.041904
10238024;1.727796
10240023;1.413695
10242014;1.099556
10244016;0.785405
10246018;0.471248
10248033;0.157085
10250018;-0.157079
10252020;-0.471218
10254007;-0.785375
10256017;-1.099525
10258036;-1.413665
10260008;-1.727790
10261998;-2.041898
10264001;-2.355963
10265999;-2.670027
10268120;-2.984066
10270029;-3.298074
10272018;-3.612027
10274018;-3.925944
10276017;-4.239846
10278024;-4.553706
10280039;-4.867522
10282016;-5.181289
10284012;-5.495005
10286013;-5.808643
10288018;-6.122248
10290032;-6.435792
10291995;-6.749272
10293992;-7.062686
10295999;-7.376031
10298002;-7.689279
10300001;-8.002474
10302037;-8.315591
10304020;-8.628626
10306012;-8.941574
10308020;-9.254436
10310019;-9.567182
10312033;-9.879857
10313998;-10.192435
10315999;-10.504911
10317999;-10.817286
10319998;-11.129552
10321999;-11.441686
10324031;-11.753706
10326025;-12.065634
10328015;-12.377443
10330019;-12.689130
10332013;-13.000690
10334044;-13.312101
10335999;-13.623403
10337999;-13.934570
10339992;-14.245600
10341996;-14.556490
10344107;-14.867234
10346026;-15.177811
10348027;-15.488259
10350018;-15.798555
10352022;-16.108694
10354017;-16.418676
10356034;-16.728497
10358001;-17.038126
10359998;-17.347612
10361995;-17.656927
10363995;-17.966068
10366035;-18.275030
10367994;-18.583813
10369994;-18.892389
10371995;-19.200802
10374000;-19.509026
10375990;-19.817057
10378040;-20.124868
10380023;-20.432505
10382014;-20.739916
10384011;-21.047146
10386014;-21.354168
10388033;-21.660980
10389999;-21.967579
10391998;-22.273960
10393998;-22.580097
10395997;-22.886036
10398057;-23.191748
10400034;-23.497232
10402024;-23.802485
10404015;-24.107500
10406018;-24.412256
10408021;-24.716795
10410038;-25.021088
10412001;-25.325138
10413995;-25.628933
10415996;-25.932476
10418001;-26.235741
10419996;-26.538771
10422034;-26.841539
10424023;-27.144041
10426023;-27.446276
10428018;-27.748240
10430015;-28.049908
10432037;-28.351297
10433994;-28.652430
10435997;-28.953281
10437997;-29.253843
10439997;-29.554098
10442122;-29.854084
10444018;-30.153772
10446012;-30.453163
10448019;-30.752254
10450022;-31.051043
10452017;-31.349501
10454034;-31.647673
10456019;-31.945532
10458020;-32.243076
10460012;-32.540302
10462021;-32.837208
10464038;-33.133766
10466000;-33.430019
10468001;-33.725945
10469997;-34.021534
10471999;-34.316792
10474124;-34.611706
10476023;-34.906258
10478021;-35.200489
10480016;-35.494373
10482012;-35.787903
10484012;-36.081081
10486035;-36.373882
10488002;-36.666325
10489994;-36.958427
10491999;-37.250168
10493999;-37.541534
10496000;-37.832535
10498040;-38.123161
10500014;-38.413387
10502019;-38.703259
10504013;-38.992748
10506018;-39.281853
10508042;-39.426250
10510021;-39.858894
10512016;-40.146805
10514017;-40.434341
10516015;-40.721478
10518034;-41.008209
10520001;-41.294540
10521995;-41.580467
10523997;-41.865955
10525996;-42.151054
10527998;-42.435734
10530037;-42.720001
10532022;-43.003841
10534015;-43.287262
10536019;-43.570229
10538025;-43.852791
10540037;-44.134895
10542008;-44.416592
10543998;-44.697845
10546002;-44.978657
10548000;-45.259007
10549996;-45.538925
10552036;-45.818401
10554022;-46.097420
10556016;-46.375988
10558019;-46.654095
10560014;-46.931721
10562038;-47.208904
10564003;-47.485622
10565996;-47.761871
10567997;-48.037647
10569996;-48.312950
10571993;-48.587757
10574037;-48.862106
10576021;-49.135971
10578023;-49.409351
10580014;-49.682243
10582014;-49.954624
10584034;-50.226532
10585994;-50.497948
10588000;-50.768864
10589991;-51.039280
10591996;-51.309193
10594047;-51.578552
10596035;-51.847446
10598019;-52.115829
10600018;-52.383698
10602019;-52.651054
10604015;-52.917885
10606033;-53.184174
10607998;-53.449959
10609993;-53.715218
10611996;-53.979946
10613996;-54.244137
10616119;-54.507797
10618024;-54.770897
10620021;-55.033482
10622022;-55.295517
10624019;-55.557007
10626020;-55.817951
10628038;-56.078346
10630021;-56.338161
10632016;-56.597446
10634016;-56.856174
10636008;-57.114334
10638077;-57.371933
10640034;-57.628967
10642020;-57.885414
10644024;-58.141304
10646021;-58.396626
10648021;-58.651344
10650036;-58.905514
10652001;-59.159096
10653992;-59.412075
10655998;-59.664490
10657998;-59.916313
10659998;-60.167545
10662034;-60.418182
10664018;-60.668224
10666021;-60.917645
10668017;-61.166489
10670017;-61.414730
10672034;-61.662357
10673996;-61.909382
10676002;-62.155796
10677999;-62.401573
10679998;-62.646759
10682058;-62.891323
10684034;-63.135265
10686022;-63.378590
10688022;-63.621284
10690016;-63.863338
10692015;-64.104774
10694033;-64.345573
10695999;-64.585747
10697998;-64.825279
10699994;-65.064171
10701994;-65.302383
10703999;-65.539993
10706037;-65.776947
10708021;-66.013260
10710014;-66.248917
10712017;-66.483917
10714014;-66.718254
10716039;-66.951942
10718003;-67.184967
10719999;-67.417336
10721998;-67.649033
10723995;-67.880043
10725994;-68.110413
10728039;-68.340096
10730022;-68.569115
10732021;-68.797455
10734015;-69.025116
10736017;-69.252083
10738037;-69.478378
10740012;-69.703987
10742002;-69.928902
10743995;-70.153137
10745998;-70.376678
10748057;-70.599503
10750039;-70.821648
10752022;-71.043098
10754016;-71.263847
10756018;-71.483871
10758020;-71.703209
10760040;-71.921829
10761999;-72.139755
10763998;-72.356949
10765994;-72.573456
10767994;-72.789230
10770048;-73.004295
10772038;-73.218613
10774016;-73.432228
10776014;-73.645126
10778017;-73.857292
10780017;-74.068726
10782036;-74.279434
10784023;-74.489388
10786015;-74.698624
10788024;-74.907127
10790019;-75.114883
10792039;-75.321899
10794002;-75.528183
10795993;-75.733711
10798002;-75.938477
10799995;-76.142525
10801999;-76.345787
10804039;-76.548302
10806014;-76.750092
10808022;-76.951096
10810020;-77.151337
10812015;-77.350845
10814035;-77.549561
10816000;-77.747513
10817998;-77.944717
10819994;-78.141136
10821994;-78.336807
10824002;-78.531677
10826035;-78.725777
10828024;-78.919121
10830010;-79.111656
10832017;-79.303444
10834016;-79.494415
10836069;-79.684639
10838039;-79.874046
10840019;-80.062660
10842019;-80.250511
10844015;-80.437546
10846012;-80.623817
10848033;-80.809258
10849995;-80.993912
10851995;-81.177780
10854001;-81.360832
10856001;-81.543098
10858112;-81.724533
10860020;-81.905197
10862015;-82.085022
10864012;-82.264038
10866015;-82.442261
10868017;-82.619652
10870039;-82.796249
10872023;-82.972008
10874022;-83.146942
10876015;-83.321091
10878018;-83.494377
10880037;-83.666878
10881996;-83.838524
10884000;-84.009369
10885990;-84.179352
10887998;-84.348511
10889997;-84.516838
10892035;-84.684326
10894018;-84.851006
10896012;-85.016823
10898020;-85.181801
10900012;-85.345963
10902036;-85.509262
10904029;-85.671738
10906019;-85.833344
10908021;-85.994102
10910012;-86.154037
10912071;-86.313095
10914034;-86.471329
10916024;-86.628685
10918022;-86.785210
10920016;-86.940849
10922012;-87.095634
10924035;-87.249588
10926002;-87.402657
10927999;-87.554878
10929997;-87.706215
10931996;-87.856689
10934053;-88.006317
10936035;-88.155052
10938016;-88.302948
10940014;-88.449944
10942017;-88.596085
10944014;-88.741333
10946035;-88.885704
10947998;-89.029221
10949998;-89.171837
10951997;-89.313599
10953997;-89.454453
10956044;-89.594421
10957999;-89.733536
10959995;-89.871742
10961997;-90.009079
10963997;-90.145508
10965997;-90.281067
10968037;-90.415703
10970021;-90.549461
10972017;-90.682343
10974017;-90.814308
10976019;-90.945396
10978035;-91.075569
10980006;-91.204849
10982000;-91.333237
10983997;-91.460709
10985994;-91.587296
10987995;-91.712967
10990038;-91.837738
10992022;-91.961601
10994017;-92.084541
10996015;-92.206596
10998023;-92.327705
11000038;-92.447945
11001997;-92.567245
11003997;-92.685638
11005994;-92.803131
11007997;-92.919693
11009998;-93.035355
11012037;-93.150070
11014023;-93.263885
11016015;-93.376785
11018023;-93.488747
11020014;-93.599800
11022033;-93.709923
11024022;-93.819130
11026014;-93.927399
11028021;-94.034737
11030018;-94.141159
11032138;-94.246643
11034025;-94.351212
11036018;-94.454834
11038023;-94.557526
11040019;-94.659294
11042018;-94.760117
11044033;-94.860016
11046000;-94.958969
11047999;-95.056999
11049995;-95.154068
11051998;-95.250206
11053998;-95.345413
11056040;-95.439674
11058023;-95.532997
11060018;-95.625374
11062013;-95.716789
11064016;-95.807289
11066034;-95.896828
11068004;-95.985428
11069996;-96.073074
11071994;-96.159782
11074001;-96.245522
11076033;-96.330322
11078001;-96.414177
11080002;-96.497070
11082004;-96.579018
11083997;-96.660011
11085994;-96.740044
11088038;-96.819138
11090022;-96.897255
11092019;-96.974442
11094016;-97.050652
11096018;-97.125916
11098032;-97.200203
11099998;-97.273544
11101994;-97.345924
11103996;-97.417343
11105994;-97.487793
11108036;-97.557281
11110000;-97.625809
11112000;-97.693382
11113997;-97.759987
11116004;-97.825630
11117999;-97.890297
11120035;-97.954010
11122014;-98.016754
11124017;-98.078522
11126021;-98.139336
11128018;-98.199165
11130037;-98.258034
11132006;-98.315933
11133995;-98.372856
11135998;-98.428818
11137995;-98.483803
11139993;-98.537811
11142036;-98.590858
11144021;-98.642929
11146015;-98.694023
11148023;-98.744133
11150012;-98.793289
11152043;-98.841454
11154007;-98.888657
11155996;-98.934868
11157996;-98.980103
11159994;-99.024376
11162029;-99.067665
11164003;-99.109978
11165999;-99.151306
11167999;-99.191666
11170001;-99.231033
11171995;-99.269424
11174038;-99.306847
11176023;-99.343285
11178019;-99.378738
11180016;-99.413208
11182009;-99.446701
11184033;-99.479218
11185998;-99.510742
11188000;-99.541298
11189996;-99.570862
11191994;-99.599442
11193995;-99.627037
11196038;-99.653656
11198019;-99.679283
11200013;-99.703934
11202014;-99.727600
11204016;-99.750282
11206129;-99.771973
11208025;-99.792686
11210016;-99.812408
11212011;-99.831161
11214017;-99.848907
11216020;-99.865677
11218039;-99.881462
11220004;-99.896263
11221996;-99.910072
11224003;-99.922905
11225997;-99.934746
11228036;-99.945602
11230001;-99.955460
11231991;-99.964348
11233998;-99.972244
11235997;-99.979149
11238004;-99.985069
11240036;-99.990005
11242027;-99.993958
11244012;-99.996910
11246014;-99.998894
11248017;-99.999878
11250034;-99.999878
11252000;-99.998894
11253999;-99.996918
11255999;-99.993958
11257998;-99.992104
11259999;-99.985077
11262037;-99.979149
11264025;-99.972244
11266017;-99.964348
11268022;-99.955467
11270018;-99.945602
11272038;-99.934746
11274001;-99.922905
11276000;-99.910080
11277996;-99.896263
11279994;-99.881462
11282002;-99.865685
11284040;-99.848907
11286022;-99.831161
11288026;-99.812416
11290019;-99.792686
11292014;-99.771973
11294037;-99.750282
11296011;-99.727600
11297998;-99.703934
11299997;-99.679283
11301997;-99.653656
11303995;-99.627037
11306037;-99.599442
11308025;-99.570862
11310021;-99.541298
11312018;-99.510750
11314014;-99.479218
11316034;-99.446709
11317999;-99.413208
11319995;-99.378738
11321995;-99.343285
11323994;-99.306854
11326032;-99.269440
11328001;-99.231041
11329991;-99.191666
11331994;-99.151314
11333994;-99.109985
11336037;-99.067673
11338004;-99.024384
11339997;-98.980118
11342000;-98.934868
11343993;-98.888657
11345998;-98.841461
11348032;-98.793289
11350002;-98.744148
11351993;-98.694023
11353991;-98.642937
11355997;-98.590866
11358039;-98.537827
11359999;-98.483810
11361997;-98.428825
11363998;-98.372871
11365994;-98.315941
11368000;-98.258049
11370039;-98.199181
11372016;-98.139343
11374016;-98.078537
11376014;-98.016754
11378017;-97.954025
11380030;-97.890312
11381998;-97.825638
11383996;-97.760002
11385992;-97.693398
11388000;-97.625824
11389994;-97.557297
11392041;-97.487801
11394026;-97.417351
11396016;-97.345924
11398018;-97.273552
11400014;-97.200203
11402031;-97.125916
11404000;-97.050652
11405991;-96.974442
11407994;-96.897270
11409999;-96.819138
11412036;-96.740051
11414002;-96.660011
11415995;-96.579018
11417995;-96.497086
11419997;-96.414177
11421997;-96.330330
11424037;-96.245522
11426024;-96.159782
11428024;-96.073074
11430014;-95.985443
11432017;-95.896851
11434039;-95.807304
11436017;-95.716820
11438016;-95.625381
11440012;-95.533012
11442018;-95.439697
11444031;-95.345428
11446001;-95.250237
11447997;-95.154083
11449995;-95.057007
11451998;-94.958984
11454001;-94.860039
11456031;-94.760147
11458023;-94.659309
11460018;-94.557556
11462014;-94.454849
11464013;-94.351234
11466033;-94.299072
11468004;-94.141182
11470001;-94.034767
11471998;-93.927414
11473997;-93.819145
11476037;-93.709961
11478001;-93.599823
11479997;-93.488785
11481992;-93.376801
11483992;-93.263916
11485993;-93.150093
11488037;-93.035370
11490021;-92.919724
11492019;-92.803154
11494021;-92.685677
11496018;-92.567268
11498035;-92.447960
11500003;-92.327744
11502003;-92.206596
11503995;-92.084564
11505997;-91.961601
11508049;-91.837738
11510034;-91.712967
11512022;-91.587296
11514017;-91.460732
11516015;-91.333237
11518019;-91.204865
11520034;-91.075569
11522004;-90.945396
11523992;-90.814331
11525996;-90.682343
11527993;-90.549484
11530129;-90.415703
11532021;-90.281067
11534014;-90.145508
11536019;-90.009079
11538019;-89.871780
11540016;-89.733559
11542031;-89.594475
11544017;-89.454475
11546019;-89.313622
11548016;-89.171890
11550018;-89.029243
11552038;-88.885750
11553998;-88.741356
11555997;-88.596107
11558003;-88.449959
11559996;-88.302971
11561997;-88.155106
11564039;-88.006340
11566021;-87.856735
11568026;-87.706238
11570014;-87.554901
11572012;-87.402702
11574042;-87.249611
11576003;-87.095680
11577998;-86.940872
11579997;-86.785233
11581995;-86.628708
11583997;-86.471352
11586036;-86.313148
11588021;-86.154060
11590017;-85.994148
11592018;-85.833374
11594019;-85.671761
11596036;-85.509315
11598020;-85.345993
11600019;-85.181847
11602019;-85.016846
11604013;-84.851036
11606035;-84.684349
11608004;-84.516861
11609992;-84.348534
11611998;-84.179352
11613997;-84.009369
11615996;-83.838524
11618038;-83.666878
11620015;-83.494408
11622016;-83.321091
11624016;-83.146973
11626010;-82.972008
11628043;-82.796249
11630007;-82.619652
11632001;-82.442261
11633996;-82.264069
11635994;-82.085022
11637998;-81.905197
11640036;-81.724533
11642021;-81.543098
11644019;-81.360855
11646017;-81.177811
11648023;-80.993965
11650036;-80.809288
11652007;-80.623840
11653998;-80.437599
11655996;-80.250534
11658002;-80.062714
11659998;-79.874077
11662036;-79.684669
11664014;-79.494446
11666015;-79.303474
11668021;-79.111710
11670016;-78.919151
11672035;-78.725830
11673997;-78.531708
11675993;-78.336838
11678002;-78.141197
11679996;-77.944756
11682131;-77.747574
11684018;-77.549591
11686016;-77.350876
11688018;-77.151367
11690020;-76.951126
11692016;-76.750122
11694034;-76.548340
11695997;-76.345825
11698003;-76.142525
11699998;-75.938507
11701994;-75.733742
11704037;-75.528191
11705997;-75.321938
11707993;-75.114906
11709997;-74.907158
11712000;-74.698639
11714051;-74.489418
11716034;-74.279465
11718023;-74.068741
11720016;-73.857323
11722020;-73.645142
11724017;-73.432266
11726038;-73.218666
11728003;-73.004303
11730000;-72.789261
11731997;-72.573471
11733990;-72.356987
11735998;-72.139763
11738037;-71.921860
11740013;-71.703247
11742012;-71.483887
11744015;-71.263863
11746014;-71.043098
11748038;-70.821671
11750021;-70.599533
11752018;-70.376678
11754017;-70.153191
11756016;-69.928940
11758040;-69.704033
11760004;-69.478439
11762000;-69.252129
11763996;-69.025169
11765994;-68.797493
11767993;-68.569168
11770039;-68.340134
11772018;-68.110466
11774015;-67.880119
11776016;-67.649063
11778021;-67.417389
11780036;-67.185005
11782004;-66.951988
11783996;-66.718323
11785997;-66.483955
11787999;-66.248970
11789997;-66.013298
11792033;-65.777000
11794021;-65.540024
11796018;-65.302437
11798015;-65.064201
11800009;-64.825294
11802027;-64.585785
11804002;-64.345589
11805996;-64.104805
11807998;-63.863392
11810002;-63.621307
11811998;-63.378628
11814038;-63.135292
11816018;-62.891365
11818018;-62.646778
11820016;-62.401615
11822018;-62.155830
11824035;-61.909401
11826004;-61.662399
11827999;-61.414749
11829997;-61.166527
11831992;-60.917706
11834005;-60.668243
11836035;-60.418217
11838027;-60.167564
11840019;-59.916348
11842019;-59.664505
11844021;-59.412109
11846030;-59.159134
11848001;-58.905529
11850001;-58.651386
11851997;-58.396626
11854004;-58.141327
11855999;-57.885448
11858040;-57.628967
11860017;-57.371990
11862015;-57.114376
11864015;-56.856228
11866016;-56.597485
11868039;-56.338223
11870007;-56.078403
11871999;-55.817993
11873995;-55.557068
11875996;-55.295555
11878052;-55.033539
11880036;-54.770977
11882016;-54.507839
11884018;-54.244198
11886013;-53.979980
11888015;-53.715279
11890030;-53.450001
11892008;-53.184235
11894000;-52.917946
11895998;-52.651096
11897999;-52.383762
11900034;-52.115868
11901997;-51.847504
11903998;-51.578636
11905997;-51.309212
11908000;-51.039322
11910000;-50.768887
11912038;-50.497990
11914020;-50.226559
11916020;-49.954666
11918019;-49.682285
11920014;-49.409370
11922030;-49.136013
11924003;-48.862125
11926000;-48.587799
11927994;-48.312996
11929999;-48.037670
11932000;-47.761909
11934035;-47.485641
11935998;-47.208942
11938000;-46.931778
11939999;-46.654110
11941996;-46.376026
11944129;-46.097439
11946027;-45.818439
11948028;-45.538944
11950017;-45.259045
11952013;-44.978695
11954009;-44.697865
11956035;-44.416630
11958023;-44.134918
11960016;-43.852810
11962014;-43.570271
11964012;-43.287258
11966035;-43.003864
11968002;-42.720039
11970001;-42.435799
11971996;-42.151093
11974001;-41.866016
11976000;-41.580528
11978038;-41.294582
11980024;-41.008274
11982016;-40.721519
11984019;-40.434402
11986017;-40.146889
11988039;-39.858932
11990004;-39.570629
11991997;-39.281891
11993995;-38.992809
11995996;-38.703300
11997999;-38.413452
12000033;-38.123226
12002020;-37.832577
12004011;-37.541599
12006016;-37.250210
12008020;-37.104397
12010038;-36.666412
12012003;-36.373924
12013996;-36.081123
12015997;-35.787922
12017999;-35.494415
12020040;-35.200508
12022000;-34.906300
12024000;-34.611748
12025994;-34.316807
12027994;-34.021576
12030000;-33.725964
12032032;-33.430061
12034025;-33.133827
12036017;-32.837227
12038019;-32.540344
12040016;-32.243095
12042034;-31.945574
12044005;-31.647692
12046002;-31.349543
12047996;-31.051085
12049995;-30.752274
12052121;-30.453205
12054027;-30.153790
12056021;-29.854124
12058018;-29.554165
12060021;-29.253864
12062016;-28.953323
12064027;-28.652451
12065999;-28.351339
12068002;-28.049904
12070000;-27.748236
12071995;-27.446297
12074057;-27.144039
12076035;-26.841604
12078026;-26.538816
12080020;-26.235809
12082021;-25.932545
12084016;-25.628975
12086032;-25.325203
12088004;-25.021133
12089993;-24.716862
12092002;-24.412348
12093999;-24.107544
12095996;-23.802551
12098040;-23.497276
12100015;-23.191816
12102013;-22.886080
12104017;-22.580164
12106016;-22.274027
12108040;-21.967623
12110003;-21.661047
12112000;-21.354214
12113997;-21.047215
12115994;-20.740007
12117998;-20.432549
12120034;-20.124935
12122016;-19.817076
12124016;-19.509069
12126016;-19.200823
12128018;-18.892433
12130032;-18.583858
12132003;-18.275051
12133995;-17.966110
12136000;-17.656948
12137999;-17.347656
12140005;-17.038193
12142029;-16.728516
12144002;-16.418720
12145999;-16.108715
12147993;-15.798600
12150002;-15.488279
12152130;-15.177855
12154024;-14.867279
12156015;-14.556509
12158020;-14.245645
12160017;-13.934591
12162017;-13.623447
12164044;-13.312168
12166002;-13.000711
12167999;-12.689175
12169998;-12.377464
12171995;-12.065679
12173990;-11.753728
12176035;-11.441707
12178028;-11.129574
12180012;-10.817284
12182017;-10.504933
12184013;-10.192480
12186036;-9.879926
12188000;-9.567274
12189998;-9.254481
12191998;-8.941644
12193998;-8.628671
12196000;-8.315660
12198040;-8.002520
12200025;-7.689348
12202018;-7.376100
12204017;-7.062732
12206015;-6.749341
12208034;-6.435838
12210006;-6.122317
12211999;-5.808736
12214000;-5.495050
12216000;-5.181358
12218048;-4.867567
12220032;-4.553775
12222018;-4.239939
12224016;-3.926013
12226014;-3.612096
12228015;-3.298096
12230037;-2.984111
12231998;-2.670048
12234003;-2.356008
12236002;-2.041943
12237994;-1.727811
12239995;-1.413710
12242035;-1.099547
12244019;-0.785421
12246021;-0.471287
12248017;-0.157100
12250016;0.157080
12252131;0.471237
12254022;0.785390
12256017;1.099535
12258021;1.413669
12260017;1.727790
12262013;2.041893
12264034;2.355976
12266024;2.670036
12268016;2.984070
12270013;3.298074
12272015;3.612046
12274042;3.925981
12275997;4.239879
12277998;4.553734
12279998;4.867544
12281996;5.181307
12284034;5.495018
12286002;5.808674
12287994;6.122274
12289994;6.435814
12291994;6.749289
12293999;7.062697
12296032;7.376038
12298029;7.689305
12300015;8.002495
12302016;8.315607
12304014;8.628635
12306036;8.941581
12308000;9.254436
12309994;9.567202
12311998;9.879873
12313994;10.192444
12316051;10.504917
12318039;10.817286
12320024;11.129548
12322021;11.441700
12324015;11.753738
12326021;12.065662
12328033;12.377467
12330001;12.689150
12331997;13.000705
12333993;13.312133
12336001;13.623430
12338032;13.934594
12340000;14.245617
12341997;14.556500
12343993;14.867243
12345992;15.177837
12348001;15.488280
12350038;15.798573
12352019;16.108707
12354012;16.418684
12356019;16.728498
12358017;17.038149
12360041;17.347628
12361996;17.656937
12363993;17.966076
12365996;18.275032
12368001;18.583811
12370001;18.892406
12372037;19.200811
12374021;19.509031
12376015;19.817057
12378019;20.124889
12380013;20.432520
12382035;20.739950
12383991;21.047176
12385997;21.354193
12387997;21.660999
12389994;21.967592
12392000;22.273970
12394037;22.580126
12396020;22.886059
12398018;23.191769
12400013;23.497246
12402019;23.802494
12404030;24.107506
12405997;24.412279
12407997;24.716812
12409991;25.021099
12411996;25.325144
12413999;25.628939
12416035;25.932476
12418025;26.235760
12420015;26.538784
12422014;26.841545
12424017;27.144045
12426039;27.446274
12428000;27.748230
12429995;28.049919
12431991;28.351324
12433999;28.652456
12436045;28.953299
12438036;29.253859
12440018;29.554132
12442010;29.854111
12444016;30.153793
12446013;30.453184
12448036;30.752268
12449998;31.051052
12451996;31.349527
12454002;31.647697
12455994;31.945551
12458040;32.243092
12460000;32.540310
12461998;32.837208
12463999;33.133785
12465994;33.430038
12467995;33.725952
12470034;34.021542
12472000;34.316792
12473996;34.611706
12475997;34.906273
12477992;35.200500
12479998;35.494377
12482038;35.787907
12484020;36.081081
12486013;36.373901
12488019;36.666363
12490014;36.958458
12492028;37.250191
12493999;37.541557
12496000;37.832550
12497997;38.123173
12500003;38.413418
12502031;38.703281
12504000;38.992767
12505995;39.281864
12507998;39.570580
12510000;39.858898
12512007;40.146824
12514035;40.434357
12516020;40.721493
12518021;41.008221
12520019;41.294548
12522018;41.580467
12524045;41.865971
12526003;42.151066
12528001;42.435749
12529998;42.720005
12532001;43.003841
12534127;43.287258
12536029;43.570240
12538018;43.852798
12540013;44.134922
12542016;44.416611
12544014;44.697861
12546036;44.978668
12548024;45.259033
12550019;45.538948
12552018;45.818417
12554011;46.097435
12556131;46.375996
12558028;46.654099
12560019;46.931744
12562013;47.208927
12564012;47.485634
12566014;47.761883
12568039;48.037659
12570022;48.312958
12572017;48.587780
12574013;48.862122
12576018;49.135986
12578034;49.409363
12580007;49.682243
12582005;49.954647
12584005;50.226551
12585999;50.497963
12587999;50.768871
12590038;51.039284
12592025;51.309193
12594017;51.578583
12596013;51.847477
12598017;52.115856
12600037;52.383720
12602000;52.651070
12603996;52.917896
12606000;53.184204
12607998;53.449982
12610039;53.715237
12611999;53.979958
12614000;54.244156
12616004;54.507809
12617996;54.770924
12619993;55.033501
12622040;55.295532
12624024;55.557018
12626019;55.817963
12628021;56.078350
12630017;56.338184
12632040;56.597466
12634005;56.856178
12635995;57.114338
12638007;57.371937
12639996;57.628967
12642032;57.885426
12644004;58.141319
12645992;58.396633
12648001;58.651371
12649994;58.905529
12651993;59.159111
12654036;59.412106
12656001;59.664516
12657999;59.916336
12659997;60.167557
12661999;60.418190
12664041;60.668228
12666002;60.917671
12668003;61.166508
12669992;61.414749
12671996;61.662376
12673991;61.909389
12676038;62.155800
12678007;62.401592
12680002;62.646778
12681996;62.891342
12683997;63.135277
12686050;63.378597
12688035;63.621284
12690017;63.863350
12692019;64.104782
12694012;64.345589
12696016;64.585754
12698042;64.825279
12700026;65.064171
12702020;65.302414
12704017;65.540009
12706016;65.776978
12708035;66.013275
12710007;66.248932
12711996;66.483932
12713995;66.718277
12715997;66.951958
12718000;67.184982
12720036;67.417351
12722000;67.649040
12723996;67.880074
12725995;68.110428
12727999;68.340118
12730038;68.569130
12732001;68.797462
12733996;69.025124
12736000;69.252098
12737998;69.478394
12739995;69.703995
12742037;69.928909
12744026;70.153137
12746014;70.376678
12748019;70.599518
12750017;70.821655
12752037;71.043106
12753994;71.263847
12755997;71.483887
12758002;71.593643
12759996;71.921852
12762122;72.139778
12764029;72.356972
12766017;72.573471
12768020;72.789238
12770014;73.004303
12772018;73.218636
12774035;73.432251
12776024;73.645142
12778020;73.857300
12780021;74.068741
12782014;74.279442
12784033;74.489403
12786000;74.698639
12787992;74.907135
12790001;75.114891
12792003;75.321915
12794003;75.528183
12796037;75.733711
12798024;75.938484
12800015;76.142517
12802014;76.345795
12804017;76.548325
12806039;76.750092
12808023;76.951103
12810020;77.151352
12812016;77.350845
12814013;77.549568
12816046;77.747536
12818023;77.944733
12820017;78.141159
12822019;78.336807
12824011;78.531693
12826015;78.725800
12828039;78.919128
12830025;79.111679
12832016;79.303452
12834019;79.494438
12836015;79.684631
12838037;79.874054
12840001;80.062675
12842000;80.250511
12843997;80.437561
12845994;80.623810
12848143;80.809273
12850025;80.993927
12852018;81.177780
12854015;81.360840
12856015;81.543091
12858022;81.724548
12860040;81.905190
12862019;82.085022
12864015;82.264038
12866017;82.442261
12868023;82.619659
12870038;82.796242
12872003;82.972015
12874001;83.146957
12875997;83.321083
12877996;83.494392
12880030;83.666870
12882004;83.838524
12883999;84.009354
12885995;84.179352
12887996;84.348526
12890003;84.516853
12892039;84.684349
12894023;84.851013
12896018;85.016846
12898022;85.181831
12900018;85.345985
12902142;85.509285
12904025;85.671745
12906022;85.833366
12908018;85.994133
12910016;86.154045
12912014;86.313118
12914038;86.471336
12916022;86.628700
12918025;86.785210
12920017;86.940865
12922018;87.095657
12924036;87.249596
12925998;87.402672
12928000;87.554886
12929996;87.706230
12931992;87.856712
12933995;88.006325
12936036;88.155075
12938025;88.302948
12940022;88.449944
12942017;88.596085
12944015;88.741341
12946031;88.885719
12947999;89.029221
12949999;89.171852
12951999;89.313599
12953993;89.454460
12955996;89.594444
12958041;89.733536
12960018;89.871750
12962016;90.009079
12964018;90.145508
12966016;90.281052
12968041;90.415710
12969997;90.549469
12972000;90.682343
12973995;90.814316
12976001;90.945389
12978001;91.075569
12980035;91.204857
12982017;91.333237
12984018;91.460716
12986013;91.587296
12988019;91.712967
12990033;91.837730
12991999;91.961594
12993997;92.084541
12995993;92.206589
12997999;92.327728
13000050;92.447952
13002035;92.567261
13004016;92.685661
13006019;92.803139
13008020;92.919708
13010013;93.035355
13012035;93.150093
13014017;93.263908
13016015;93.376793
13018020;93.488762
13020019;93.599808
13022135;93.709930
13024018;93.819130
13026018;93.927406
13028014;94.034752
13030016;94.141167
13032015;94.246658
13034034;94.351212
13035996;94.454842
13037993;94.557541
13039995;94.659302
13041992;94.760132
13043994;94.860016
13046036;94.958969
13048025;95.056992
13050020;95.154076
13052019;95.250214
13054016;95.345421
13056034;95.439682
13058004;95.532997
13059996;95.625374
13061994;95.716805
13063995;95.807289
13066034;95.896835
13068009;95.985428
13069999;96.073074
13071999;96.159775
13073999;96.245529
13075994;96.330322
13078031;96.414169
13080009;96.497070
13081999;96.579018
13083994;96.660011
13085999;96.740051
13088037;96.819130
13089998;96.897263
13091998;96.974442
13093994;97.050652
13095996;97.125908
13097998;97.200203
13100038;97.273544
13102021;97.345917
13104018;97.417343
13106014;97.487793
13108021;97.557297
13110034;97.625824
13111994;97.693390
13113996;97.759995
13115995;97.825638
13117997;97.890305
13120001;97.954018
13122032;98.016754
13123999;98.078529
13125997;98.139336
13127994;98.199173
13129993;98.258034
13132047;98.315933
13134029;98.372864
13136013;98.428818
13138013;98.483810
13140016;98.537819
13142014;98.590858
13144036;98.642929
13146000;98.694023
13147999;98.744141
13149999;98.793289
13151992;98.841454
13153998;98.888649
13156037;98.934868
13158025;98.980110
13160016;99.024376
13162013;99.067665
13164020;99.109970
13166031;99.151306
13168001;99.191658
13169999;99.231033
13172002;99.269432
13173994;99.306847
13176000;99.343285
13178036;99.378738
13180020;99.413208
13182015;99.446701
13184016;99.479218
13186019;99.510742
13188043;99.541290
13190023;99.570862
13192019;99.599442
13194015;99.627037
13196017;99.653656
13198051;99.679283
13200024;99.703934
13202024;99.727600
13204018;99.750282
13206019;99.771973
13208020;99.792686
13210037;99.812408
13212019;99.831154
13214017;99.848907
13216016;99.865685
13218017;99.881462
13220035;99.896263
13221996;99.910072
13223996;99.922905
13225994;99.934746
13227998;99.945602
13229998;99.955467
13232037;99.964348
13234023;99.972244
13236014;99.979149
13238020;99.985077
13240018;99.990005
13242037;99.993958
13243996;99.996918
13245999;99.998894
13247997;99.999878
13249997;99.999878
13251998;99.998894
13254030;99.996918
13256018;99.993958
13258018;99.990005
13260014;99.985077
13262015;99.979149
13264040;99.972244
13266001;99.964348
13267995;99.955467
13269994;99.945602
13272003;99.934746
13274047;99.922905
13276032;99.910072
13278019;99.896263
13280018;99.881462
13282020;99.865685
13284020;99.848907
13286034;99.831154
13288019;99.812408
13290017;99.792686
13292012;99.771973
13294017;99.750282
13296092;99.727600
13298023;99.703941
13300020;99.679283
13302018;99.653656
13304018;99.627037
13306019;99.599442
13308040;99.570862
13310012;99.541298
13312012;99.510750
13314015;99.479218
13316018;99.446701
13318039;99.413208
13320002;99.378738
13321999;99.343285
13324006;99.306847
13325993;99.269432
13327999;99.231033
13330035;99.191666
13332020;99.151306
13334015;99.109978
13336016;99.067673
13338017;99.024376
13340038;98.980110
13342001;98.934868
13343993;98.888657
13345997;98.841461
13348000;98.793289
13350035;98.744141
13351996;98.694023
13353994;98.642929
13355996;98.590866
13357994;98.537819
13359998;98.483810
13362035;98.428818
13364019;98.372864
13366016;98.315941
13368013;98.258041
13370014;98.199173
13372042;98.139343
13374001;98.078529
13376002;98.016754
13378002;97.954018
13379999;97.890312
13381999;97.825638
13384036;97.759995
13386021;97.693398
13388019;97.625824
13390017;97.557297
13392012;97.487801
13394039;97.417343
13395999;97.345932
13397996;97.273544
13400000;97.200211
13401991;97.125916
13403997;97.050652
13406034;96.974442
13408028;96.897270
13410017;96.819138
13412011;96.740051
13414012;96.660019
13416151;96.579018
13418025;96.497078
13420019;96.414177
13422016;96.330330
13424016;96.245529
13426010;96.159782
13428041;96.073082
13430002;95.985428
13432002;95.896843
13433996;95.807297
13435997;95.716812
13438034;95.625374
13440001;95.533005
13441995;95.439682
13443999;95.345428
13445994;95.250221
13448002;95.154076
13450035;95.057007
13452021;94.958984
13454016;94.860031
13456019;94.760132
13458014;94.659302
13460035;94.557549
13461998;94.454849
13463996;94.351219
13465992;94.246666
13468000;94.194038
13470154;94.034752
13472024;93.927414
13474019;93.819138
13476019;93.709938
13478020;93.599823
13480017;93.488770
13482035;93.376801
13483994;93.263916
13486002;93.150101
13488003;93.035362
13489998;92.919716
13492146;92.803146
13494022;92.685661
13496018;92.567268
13498023;92.447952
13500014;92.327728
13502019;92.206596
13504033;92.084557
13506001;91.961601
13507999;91.899780
13509995;91.712967
13511999;91.587296
13514029;91.460724
13515997;91.333237
13518000;91.204857
13519996;91.075584
13521995;90.945396
13523992;90.814323
13526038;90.682343
13528025;90.549477
13530016;90.415726
13532015;90.281067
13534016;90.145515
13536032;90.009079
13538001;89.871750
13539995;89.733551
13541999;89.594452
13543997;89.454468
13545997;89.313599
13548033;89.171860
13550020;89.029228
13552014;88.885727
13554012;88.741348
13556015;88.596085
13558032;88.449951
13560001;88.302948
13561995;88.155067
13563994;88.006332
13565998;87.856712
13568000;87.706230
13570033;87.554893
13572022;87.402679
13574015;87.249603
13576014;87.095680
13578018;86.940880
13580016;86.785217
13582038;86.628708
13584020;86.471344
13586018;86.313126
13588018;86.154068
13590014;85.994141
13592038;85.833374
13593999;85.671753
13595999;85.509285
13597996;85.345985
13599995;85.181847
13601997;85.016853
13604038;84.851021
13606022;84.684357
13608018;84.516853
13610019;84.348511
13612017;84.179352
13614029;84.009354
13615998;83.838524
13617998;83.666870
13620000;83.494385
13621994;83.321075
13623995;83.146980
13626037;82.972023
13628023;82.796249
13630017;82.619667
13632018;82.442268
13634015;82.264053
13636035;82.085037
13637999;81.905197
13639994;81.724556
13641998;81.543098
13644003;81.360847
13645998;81.177780
13648036;80.993942
13650020;80.809280
13652020;80.623817
13654021;80.437561
13656019;80.250511
13658034;80.062675
13660005;79.874062
13662001;79.684647
13664006;79.494438
13665998;79.303452
13668005;79.111679
13670039;78.919128
13672026;78.725800
13674020;78.531693
13676014;78.336807
13678015;78.141167
13680034;77.944740
13682003;77.747559
13683998;77.549591
13686001;77.350861
13687996;77.151367
13690039;76.951111
13691998;76.750099
13693999;76.548340
13695994;76.345810
13697999;76.142532
13699996;75.938499
13702037;75.733719
13704022;75.528183
13706022;75.321922
13708023;75.114906
13710017;74.907150
13712139;74.698647
13714022;74.489410
13716018;74.279442
13718022;74.068748
13720011;73.857307
13722016;73.645142
13724034;73.432251
13726002;73.218636
13727996;73.004295
13729991;72.789253
13731991;72.573486
13733999;72.356995
13736039;72.139786
13738021;71.921860
13740015;71.703232
13742015;71.483910
13744018;71.263863
13746034;71.043121
13747999;70.821671
13750005;70.599525
13751997;70.376678
13754002;70.153160
13756027;69.928932
13758002;69.704010
13759995;69.478401
13761998;69.252106
13763996;69.025124
13765998;68.797478
13768037;68.569145
13769998;68.340126
13771996;68.110435
13774002;67.880074
13775996;67.649040
13778034;67.417358
13780002;67.184998
13781994;66.951965
13783998;66.718277
13785997;66.483948
13788000;66.248940
13790036;66.013298
13792023;65.776993
13794014;65.540031
13796016;65.302429
13798020;65.064178
13800036;64.825287
13802000;64.585777
13803998;64.345604
13805993;64.104805
13807993;63.863361
13809996;63.621296
13812036;63.378597
13814020;63.135296
13816018;62.891354
13818022;62.646790
13820018;62.401604
13822036;62.155807
13823999;61.909397
13825998;61.662388
13827998;61.414753
13829993;61.166519
13831991;60.917675
13834036;60.668228
13836019;60.418213
13838018;60.167568
13840020;59.916359
13842016;59.664536
13844037;59.412121
13845997;59.159122
13847997;58.905560
13849999;58.651394
13851993;58.396656
13853994;58.141335
13856036;57.885437
13858025;57.628979
13860014;57.371964
13862013;57.114365
13864010;56.856201
13866041;56.597477
13868001;56.338192
13869995;56.078358
13871997;55.817978
13873993;55.557037
13875997;55.295544
13878036;55.033512
13880016;54.770927
13882015;54.507809
13884014;54.244167
13886015;53.979977
13888039;53.715248
13889998;53.449989
13892002;53.184204
13893995;52.917915
13895998;52.651100
13897999;52.383751
13900035;52.115883
13902020;51.847500
13904016;51.578606
13906018;51.309196
13908022;51.039307
13910037;50.768894
13911998;50.497978
13913994;50.226570
13915996;49.954655
13917993;49.682255
13919994;49.409382
13922032;49.136005
13924018;48.862137
13926018;48.587791
13928019;48.312962
13930019;48.037659
13932042;47.761898
13934019;47.485649
13936016;47.208931
13938023;46.931747
13940014;46.654099
13942038;46.375992
13943999;46.097446
13945997;45.818428
13948000;45.538975
13949996;45.259052
13951994;44.978683
13954036;44.697872
13955998;44.416637
13957999;44.134945
13959996;43.852818
13961997;43.570255
13963990;43.287266
13966040;43.003849
13968023;42.720028
13970013;42.435760
13972015;42.151081
13974014;41.865982
13976036;41.580467
13978004;41.294567
13979998;41.008240
13982001;40.721504
13984003;40.434368
13986036;40.146832
13988000;39.858898
13990000;39.570599
13991998;39.281879
13993995;38.992775
13996000;38.703285
13998041;38.413418
14000019;38.123165
14002015;37.832584
14004015;37.541588
14006017;37.250214
14008038;36.958477
14009996;36.666374
14012002;36.373913
14013999;36.081112
14016000;35.787930
14017998;35.494400
14020034;35.200516
14022022;34.906284
14024016;34.611710
14026016;34.316818
14028012;34.021561
14030038;33.725971
14032002;33.430046
14033996;33.133793
14035997;32.837212
14037999;32.540329
14039995;32.243107
14042037;31.945559
14044019;31.647699
14046012;31.349527
14048017;31.051048
14050017;30.752283
14052015;30.453190
14054037;30.153799
14056023;29.854134
14058021;29.554150
14060015;29.253874
14062010;28.953331
14064039;28.652481
14066004;28.351349
14068001;28.049934
14069999;27.748245
14071999;27.446281
14074000;27.144072
14076032;26.841568
14078027;26.538801
14080020;26.235771
14082014;25.932482
14084014;25.628939
14086039;25.325165
14088029;25.021118
14090017;24.716824
14092016;24.412287
14094015;24.107508
14096036;23.802490
14097998;23.497261
14099996;23.191778
14101997;22.886066
14103992;22.580128
14105998;22.273966
14108037;21.967585
14110018;21.661034
14112016;21.354221
14114018;21.047199
14116019;20.739969
14118039;20.432533
14120006;20.124922
14121996;19.817085
14123993;19.509054
14125994;19.200832
14127993;18.892418
14130042;18.583818
14132023;18.275061
14134015;17.966097
14136017;17.656956
14138018;17.347641
14140032;17.038157
14142028;16.728500
14144019;16.418705
14146013;16.108725
14148020;15.798585
14150021;15.488288
14152021;15.177840
14154002;14.867240
14155998;14.556519
14158000;14.245629
14159995;13.934599
14162138;13.623433
14164024;13.312154
14166017;13.000721
14168024;12.689183
14170016;12.377496
14172015;12.065687
14174041;11.753759
14176001;11.441715
14177998;11.129559
14179998;10.817315
14182000;10.504942
14184220;10.192464
14186024;9.879887
14188024;9.567211
14190017;9.254441
14192013;8.941605
14194015;8.628655
14196035;8.315620
14198030;8.002504
14200013;7.689308
14202016;7.376037
14204013;7.062716
14206036;6.749302
14208000;6.435822
14209994;6.122278
14211997;5.808673
14214000;5.495012
14215996;5.181319
14218037;4.867576
14220000;4.553761
14221996;4.239901
14223997;3.925998
14225998;3.612057
14228036;3.298105
14229999;2.984096
14231998;2.670057
14233996;2.355993
14235998;2.041904
14238001;1.727796
14240038;1.413695
14242020;1.099556
14244017;0.785405
14246016;0.471248
14248020;0.157085
14250039;-0.157079
14252002;-0.471218
14253994;-0.785375
14255993;-1.099525
14258001;-1.256585
14259999;-1.727790
14262033;-2.041898
14264002;-2.355963
14265994;-2.670027
14267997;-2.984066
14270001;-3.298074
14272049;-3.612027
14274033;-3.925944
14276021;-4.239846
14278020;-4.553706
14280023;-4.867522
14282015;-5.181289
14284032;-5.495005
14285994;-5.808643
14287993;-6.122248
14289992;-6.435792
14291996;-6.749272
14294059;-7.062686
14296033;-7.376031
14298024;-7.689279
14300020;-8.002474
14302018;-8.315591
14304014;-8.628626
14306020;-8.941574
14308001;-9.254436
14309999;-9.567182
14311995;-9.879857
14313998;-10.192435
14316039;-10.504911
14318004;-10.817286
14319995;-11.129552
14321997;-11.441686
14323999;-11.753706
14326177;-12.065634
14328027;-12.377443
14330018;-12.689130
14332014;-13.000690
14334019;-13.312101
14336019;-13.623403
14338017;-13.934570
14339996;-14.245600
14342000;-14.556490
14343999;-14.867234
14346000;-15.177811
14348032;-15.488259
14349999;-15.798555
14351999;-16.108694
14354001;-16.418676
14356003;-16.728497
14357997;-17.038126
14360034;-17.347612
14362021;-17.656927
14364013;-17.966068
14366016;-18.275030
14368018;-18.583813
14370032;-18.892389
14371996;-19.200802
14373998;-19.509026
14375996;-19.817057
14377998;-20.124868
14379998;-20.432505
14382035;-20.739916
14384000;-21.047146
14386000;-21.354168
14388000;-21.660980
14389990;-21.967579
14392038;-22.273960
14394001;-22.580097
14395998;-22.886036
14397996;-23.191748
14399995;-23.497232
14402000;-23.802485
14404034;-24.107500
14406019;-24.412256
14408022;-24.716795
14410016;-25.021088
14412018;-25.325138
14414040;-25.628933
14416003;-25.932476
14417999;-26.235741
14419999;-26.538771
14421996;-26.841539
14423991;-27.144041
14426038;-27.446276
14428024;-27.748240
14430019;-28.049908
14432016;-28.351297
14434018;-28.652430
14436036;-28.953281
14438003;-29.253843
14439997;-29.554098
14441999;-29.854084
14443999;-30.153772
14446153;-30.453163
14448025;-30.752254
14450016;-31.051043
14452016;-31.349501
14454017;-31.647673
14456018;-31.945532
14458037;-32.243076
14459996;-32.540302
14462000;-32.837208
14463997;-33.133766
14465998;-33.430019
14468001;-33.725945
14470034;-34.021534
14472022;-34.316792
14474018;-34.611706
14476019;-34.906258
14478018;-35.200489
14480017;-35.494373
14481999;-35.787903
14483998;-36.081081
14485995;-36.373882
14487996;-36.666325
14490036;-36.958427
14491998;-37.250168
14494005;-37.541534
14496001;-37.832535
14497996;-38.123161
14499997;-38.413387
14502042;-38.703259
14504024;-38.992748
14506016;-39.281853
14508022;-39.570568
14510013;-39.858894
14512036;-40.146805
14514003;-40.434341
14515995;-40.721478
14518002;-41.008209
14519998;-41.294540
14522151;-41.580467
14524016;-41.865955
14526013;-42.151054
14528022;-42.435734
14530019;-42.720001
14532014;-43.003841
14534031;-43.287262
14535994;-43.570229
14537998;-43.852791
14540000;-44.134895
14542001;-44.416592
14544146;-44.697845
14546024;-44.978657
14548016;-45.259007
14550016;-45.538925
14552015;-45.818401
14554013;-46.097420
14556037;-46.375988
14558004;-46.654095
14559998;-46.931721
14561994;-47.208904
14563993;-47.485622
14566051;-47.761871
14568022;-48.037647
14570018;-48.312950
14572014;-48.587757
14574017;-48.862106
14576017;-49.135971
14578040;-49.409351
14580006;-49.682243
14582001;-49.954624
14583997;-50.226532
14585995;-50.497948
14588051;-50.768864
14590037;-51.039280
14592019;-51.309193
14594015;-51.578552
14596012;-51.847446
14598022;-52.115829
14600035;-52.383698
14602020;-52.651054
14604017;-52.917885
14606016;-53.184174
14608013;-53.449959
14610032;-53.715218
14612002;-53.979946
14613999;-54.244137
14616002;-54.507797
14617994;-54.770897
14619996;-55.033482
14622024;-55.295517
14624002;-55.557007
14626000;-55.817951
14628001;-56.078346
14630000;-56.338161
14632050;-56.597446
14634019;-56.856174
14636016;-57.114334
14638019;-57.371933
14640018;-57.628967
14642016;-57.885414
14644042;-58.141304
14646024;-58.396626
14648018;-58.651344
14650017;-58.905514
14652012;-59.159096
14654035;-59.412075
14655997;-59.664490
14657997;-59.916313
14660000;-60.167545
14661997;-60.418182
14664052;-60.668224
14666036;-60.917645
14668024;-61.166489
14670016;-61.414730
14672017;-61.662357
14674016;-61.909382
14676040;-62.155796
14678023;-62.401573
14680018;-62.646759
14682017;-62.891323
14684017;-63.135265
14686069;-63.378590
14688020;-63.621284
14690015;-63.863338
14692016;-64.104774
14694015;-64.345573
14696016;-64.585747
14698024;-64.825279
14700002;-65.064171
14701996;-65.302383
14703994;-65.539993
14705997;-65.776947
14708045;-66.013260
14710019;-66.248917
14712018;-66.483917
14714018;-66.718254
14716017;-66.951942
14718022;-67.184967
14720037;-67.417336
14722017;-67.649033
14724013;-67.880043
14726019;-68.110413
14728017;-68.340096
14730036;-68.569115
14732000;-68.797455
14733994;-69.025116
14735995;-69.252083
14738001;-69.478378
14739994;-69.703987
14742040;-69.928902
14744021;-70.153137
14746016;-70.376678
14748020;-70.599503
14750013;-70.821648
14752037;-71.043098
14754021;-71.263847
14756018;-71.483871
14758019;-71.703209
14760019;-71.921829
14762035;-72.139755
14763997;-72.356949
14765997;-72.573456
14767999;-72.789230
14769995;-73.004295
14771992;-73.218613
14774037;-73.432228
14776021;-73.645126
14778022;-73.857292
14780016;-74.068726
14782019;-74.279434
14784035;-74.489388
14786001;-74.698624
14787999;-74.907127
14789997;-75.114883
14791998;-75.321899
14793995;-75.528183
14796036;-75.733711
14798022;-75.938477
14800022;-76.142525
14802011;-76.345787
14804015;-76.548302
14806032;-76.750092
14808001;-76.951096
14809998;-77.151337
14811992;-77.350845
14813998;-77.549561
14815996;-77.747513
14818035;-77.944717
14820021;-78.141136
14822017;-78.336807
14824013;-78.531677
14826017;-78.725777
14828033;-78.919121
14829996;-79.111656
14831999;-79.303444
14834000;-79.494415
14835997;-79.684639
14837998;-79.874046
14840038;-80.062660
14842023;-80.250511
14844017;-80.437546
14846014;-80.623817
14848016;-80.809258
14850042;-80.993912
14852003;-81.177780
14853998;-81.360832
14855998;-81.543098
14858001;-81.724533
14859995;-81.905197
14862037;-82.085022
14864018;-82.264038
14866012;-82.442261
14868021;-82.619652
14870014;-82.796249
14872033;-82.972008
14874008;-83.146942
14875999;-83.321091
14878002;-83.494377
14879996;-83.666878
14881997;-83.838524
14884035;-84.009369
14886019;-84.179352
14888021;-84.348511
14890017;-84.516838
14892014;-84.684326
14894038;-84.851006
14895993;-85.016823
14897996;-85.181801
14899999;-85.345963
14901995;-85.509262
14903997;-85.671738
14906032;-85.833344
14908024;-85.994102
14910017;-86.154037
14912015;-86.313095
14914016;-86.471329
14916030;-86.628685
14918001;-86.785210
14919996;-86.940849
14921991;-87.095634
14923997;-87.249588
14925998;-87.402657
14928040;-87.554878
14930004;-87.706215
14931995;-87.856689
14933997;-88.006317
14935995;-88.155052
14937995;-88.302948
14940035;-88.449944
14942002;-88.596085
14943992;-88.741333
14945993;-88.885704
14947996;-89.029221
14950000;-89.171837
14952037;-89.313599
14954021;-89.454453
14956009;-89.594421
14958019;-89.733536
14960015;-89.871742
14962030;-90.009079
14963998;-90.145508
14965995;-90.281067
14967995;-90.415703
14969998;-90.549461
14972050;-90.682343
14974030;-90.814308
14976019;-90.945396
14978019;-91.075569
14980018;-91.204849
14982013;-91.333237
14984034;-91.460709
14986001;-91.587296
14988001;-91.712967
14989993;-91.837738
14991993;-91.961601
14993993;-92.084541
14996037;-92.206596
14998020;-92.327705
15000014;-92.447945
15002014;-92.567245
15004018;-92.685638
15006040;-92.803131
15007998;-92.861526
15010000;-93.035355
15011994;-93.150070
15013995;-93.263885
15015992;-93.376785
15018039;-93.488747
15020022;-93.599800
15022020;-93.709923
15024013;-93.819130
15026017;-93.927399
15028038;-94.034737
15030003;-94.141159
15031997;-94.246643
15033994;-94.351212
15035995;-94.454834
15038051;-94.557526
15040038;-94.659294
15042024;-94.760117
15044011;-94.860016
15046011;-94.958969
15048012;-95.056999
15050034;-95.154068
15051997;-95.250206
15053992;-95.345413
15055997;-95.439674
15057998;-95.532997
15059997;-95.625374
15062035;-95.716789
15064020;-95.807289
15066021;-95.896828
15068018;-95.985428
15070015;-96.073074
15072035;-96.159782
15074025;-96.245522
15076016;-96.330322
15078018;-96.414177
15080018;-96.497070
15082036;-96.579018
15084000;-96.660011
15085996;-96.740044
15088000;-96.819138
15089998;-96.897255
15092046;-96.974442
15094030;-97.050652
15096018;-97.125916
15098021;-97.200203
15100016;-97.273544
15102018;-97.345924
15104036;-97.417343
15106008;-97.487793
15108001;-97.557281
15109993;-97.625809
15111998;-97.693382
15114036;-97.759987
15116005;-97.825630
15117995;-97.890297
15119993;-97.954010
15121991;-98.016754
15123992;-98.078522
15126038;-98.139336
15128019;-98.199165
15130020;-98.258034
15132016;-98.315933
15134015;-98.372856
15136032;-98.428818
15138000;-98.483803
15139997;-98.537811
15141990;-98.590858
15143994;-98.642929
15145997;-98.694023
15148043;-98.744133
15150018;-98.793289
15152016;-98.841454
15154017;-98.888657
15156017;-98.934868
15158080;-98.980103
15160029;-99.024376
15162013;-99.067665
15164019;-99.109978
15166017;-99.151306
15168022;-99.191666
15170036;-99.231033
15172019;-99.269424
15174018;-99.306847
15176013;-99.343285
15178017;-99.378738
15180033;-99.413208
15182003;-99.446701
15183996;-99.479218
15185993;-99.510742
15188000;-99.541298
15189998;-99.570862
15192037;-99.599442
15194020;-99.627037
15196016;-99.653656
15198020;-99.679283
15200017;-99.703934
15202020;-99.727600
15204000;-99.750282
15205996;-99.771973
15207999;-99.792686
15209993;-99.812408
15212032;-99.831161
15214006;-99.848907
15215999;-99.865677
15217998;-99.881462
15219998;-99.896263
15222002;-99.910072
15224037;-99.922905
15226015;-99.934746
15228021;-99.945602
15230017;-99.955460
15232017;-99.964348
15234029;-99.972244
15236001;-99.979149
15237997;-99.985069
15239998;-99.990005
15242003;-99.993958
15244156;-99.996910
15246027;-99.998894
15248024;-99.999878
15250019;-99.999878
15252016;-99.998894
15254017;-99.996918
15256033;-99.993958
15258006;-99.990013
15259998;-99.985077
15261998;-99.979149
15264002;-99.972244
15266047;-99.964348
15268024;-99.955467
15270015;-99.945602
15272014;-99.934746
15274019;-99.922905
15276016;-99.910080
15278039;-99.896263
15280021;-99.881462
15282013;-99.865685
15284016;-99.848907
15286020;-99.831161
15288041;-99.812416
15290003;-99.792686
15292001;-99.771973
15293997;-99.750282
15295996;-99.727600
15297994;-99.703934
15300040;-99.679283
15302022;-99.653656
15304016;-99.627037
15306016;-99.599442
15308014;-99.570862
15310034;-99.541298
15311999;-99.510750
15314001;-99.479218
15315995;-99.446709
15317998;-99.413208
15319995;-99.378738
15322036;-99.343285
15324021;-99.306854
15326018;-99.269440
15328016;-99.231041
15330014;-99.191666
15332035;-99.151314
15334004;-99.109985
15335997;-99.067673
15337998;-99.024384
15339998;-98.980118
15341993;-98.934868
15344036;-98.888657
15346022;-98.841461
15348017;-98.793289
15350013;-98.744148
15352017;-98.694023
15354036;-98.642937
15355995;-98.590866
15357998;-98.537827
15359996;-98.483810
15361990;-98.428825
15363996;-98.372871
15366036;-98.315941
15368024;-98.258049
15370019;-98.199181
15372016;-98.139343
15374015;-98.078537
15376035;-98.016754
15378023;-97.954025
15380020;-97.890312
15382016;-97.825638
15384012;-97.760002
15386036;-97.693398
15387996;-97.625824
15389996;-97.557297
15391998;-97.487801
15393995;-97.417351
15396001;-97.345924
15398035;-97.273552
15400021;-97.200203
15402014;-97.125916
15404011;-97.050652
15406017;-96.974442
15408037;-96.897270
15409997;-96.819138
15411999;-96.740051
15413996;-96.660011
15415999;-96.579018
15418037;-96.497086
15419998;-96.414177
15421997;-96.330330
15423994;-96.245522
15425995;-96.159782
15427995;-96.073074
15430034;-95.985443
15432025;-95.896851
15434016;-95.807304
15436013;-95.716820
15438020;-95.625381
15440038;-95.533012
15441999;-95.439697
15443995;-95.345428
15445997;-95.250237
15447993;-95.154083
15449994;-95.057007
15452037;-94.958984
15454021;-94.860039
15456015;-94.760147
15458020;-94.659309
15460016;-94.557556
15462033;-94.454849
15464005;-94.351234
15465998;-94.246681
15467999;-94.141182
15469999;-94.088089
15471996;-93.927414
15474034;-93.819145
15476019;-93.709961
15478017;-93.599823
15480013;-93.488785
15482012;-93.376801
15484038;-93.263916
15486001;-93.150093
15488001;-93.035370
15489994;-92.919724
15491995;-92.803154
15494040;-92.685677
15496002;-92.567268
15497999;-92.447960
15500000;-92.327744
15501996;-92.206596
15503999;-92.084564
15506018;-91.961601
15507997;-91.837738
15510000;-91.712967
15511997;-91.587296
15513994;-91.460732
15516032;-91.333237
15517998;-91.204865
15519993;-91.075569
15522000;-90.945396
15523992;-90.814331
15525997;-90.682343
15528039;-90.549484
15530019;-90.415703
15532019;-90.281067
15534019;-90.145508
15536018;-90.009079
15538041;-89.871780
15540000;-89.733559
15541996;-89.594475
15544003;-89.454475
15545999;-89.313622
15548000;-89.171890
15550045;-89.029243
15552017;-88.885750
15554016;-88.741356
15556017;-88.596107
15558017;-88.449959
15560033;-88.302971
15561996;-88.155106
15564006;-88.006340
15566001;-87.856735
15567996;-87.706238
15569995;-87.554901
15572037;-87.402702
15574018;-87.249611
15576016;-87.095680
15578018;-86.940872
15580018;-86.785233
15582036;-86.628708
15583999;-86.471352
15586000;-86.313148
15587996;-86.154060
15590000;-85.994148
15591994;-85.833374
15594036;-85.671761
15596018;-85.509315
15598021;-85.345993
15600020;-85.181847
15602013;-85.016846
15604035;-84.851036
15605997;-84.684349
15608002;-84.516861
15609997;-84.348534
15611995;-84.179352
15614039;-84.009369
15616000;-83.838524
15618005;-83.666878
15619997;-83.494408
15622000;-83.321091
15623998;-83.146973
15626034;-82.972008
15628023;-82.796249
15630013;-82.619652
15632020;-82.442261
15634015;-82.264069
15636039;-82.085022
15637995;-81.905197
15639998;-81.724533
15641999;-81.543098
15643998;-81.360855
15646179;-81.177811
15648028;-80.993965
15650014;-80.809288
15652014;-80.623840
15654012;-80.437599
15656012;-80.250534
15658035;-80.062714
15660024;-79.874077
15662018;-79.684669
15664016;-79.494446
15666015;-79.303474
15668042;-79.111710
15670009;-78.919151
15672001;-78.725830
15673994;-78.531708
15676004;-78.336838
15678048;-78.141197
15680036;-77.944756
15682019;-77.747574
15684016;-77.549591
15686015;-77.350876
15688013;-77.151367
15690020;-76.951126
15691999;-76.750122
15693997;-76.548340
15695995;-76.345825
15697996;-76.142525
15700040;-75.938507
15702002;-75.733742
15704000;-75.528191
15705997;-75.321938
15707998;-75.114906
15709995;-74.907158
15712035;-74.698639
15713999;-74.489418
15715992;-74.279465
15717998;-74.068741
15719994;-73.857323
15722032;-73.645142
15724001;-73.432266
15725997;-73.218666
15727999;-73.004303
15729997;-72.789261
15731996;-72.573471
15734037;-72.356987
15736022;-72.139763
15738021;-71.921860
15740018;-71.703247
15742011;-71.483887
15744039;-71.263863
15745999;-71.043098
15747996;-70.821671
15749998;-70.599533
15751995;-70.376678
15753997;-70.153191
15756036;-69.928940
15758030;-69.816574
15760019;-69.478439
15762020;-69.252129
15764016;-69.025169
15766039;-68.797493
15767995;-68.569168
15770003;-68.340134
15772000;-68.110466
15773997;-67.880119
15775997;-67.649063
15778034;-67.417389
15780021;-67.185005
15782019;-66.951988
15784016;-66.718323
15786017;-66.483955
15788034;-66.248970
15789998;-66.013298
15791996;-65.777000
15793999;-65.540024
15795996;-65.302437
15797996;-65.064201
15800041;-64.825294
15802021;-64.585785
15804016;-64.345589
15806017;-64.104805
15808018;-63.863392
15810042;-63.621307
15812000;-63.378628
15813993;-63.135292
15815998;-62.891365
15818001;-62.646778
15820052;-62.401615
15822036;-62.155830
15824024;-61.909401
15826020;-61.662399
15828023;-61.414749
15830017;-61.166527
15832034;-60.917706
15834000;-60.668243
15835998;-60.418217
15837997;-60.167564
15839993;-59.916348
15842032;-59.664505
15844000;-59.412109
15845998;-59.159134
15848001;-58.905529
15849996;-58.651386
15851994;-58.396626
15854036;-58.141327
15856024;-57.885448
15858024;-57.628967
15860017;-57.371990
15862015;-57.114376
15864035;-56.856228
15866000;-56.597485
15867996;-56.338223
15869995;-56.078403
15871996;-55.817993
15874001;-55.557068
15876032;-55.295555
15878029;-55.033539
15880019;-54.770977
15882015;-54.507839
15884016;-54.244198
15886037;-53.979980
15888000;-53.715279
15889996;-53.450001
15891996;-53.184235
15893996;-52.917946
15896188;-52.651096
15898026;-52.383762
15900018;-52.115868
15902015;-51.847504
15904017;-51.578636
15906017;-51.309212
15908039;-51.039322
15910019;-50.768887
15912017;-50.497990
15914013;-50.226559
15916019;-49.954666
15918038;-49.682285
15920005;-49.409370
15921997;-49.136013
15923997;-48.862125
15925998;-48.587799
15928047;-48.312996
15930035;-48.037670
15932021;-47.761909
15934017;-47.485641
15936016;-47.208942
15938017;-46.931778
15940032;-46.654110
15941996;-46.376026
15943993;-46.097439
15945997;-45.818439
15948002;-45.538944
15950053;-45.259045
15952032;-44.978695
15954019;-44.697865
15956017;-44.416630
15958018;-44.134918
15960022;-43.852810
15962040;-43.570271
15964020;-43.287258
15966019;-43.003864
15968019;-42.720039
15970020;-42.435799
15972038;-42.151093
15974003;-41.866016
15976002;-41.580528
15977998;-41.294582
15979997;-41.008274
15982002;-40.721519
15984019;-40.434402
15985997;-40.146889
15988001;-39.858932
15990000;-39.570629
15991999;-39.281891
15994036;-38.992809
15996002;-38.703300
15997997;-38.413452
15999997;-38.123226
16002001;-37.832577
16003996;-37.541599
16006035;-37.250210
16008023;-36.958492
16010014;-36.666412
16012023;-36.373924
16014014;-36.081123
16016040;-35.787922
16017996;-35.494415
16019994;-35.200508
16021999;-34.906300
16023999;-34.611748
16026046;-34.316807
16028022;-34.021576
16030018;-33.725964
16032017;-33.430061
16034017;-33.133827
16036012;-32.837227
16038037;-32.540344
16040020;-32.243095
16042018;-31.945574
16044015;-31.647692
16046020;-31.349543
16048041;-31.051085
16049995;-30.752274
16051997;-30.453205
16053996;-30.153790
16056004;-29.854124
16057996;-29.554165
16060037;-29.253864
16062019;-28.953323
16064018;-28.652451
16066017;-28.351339
16068020;-28.049904
16070029;-27.748236
16071997;-27.446297
16073998;-27.144039
16076002;-26.841604
16077998;-26.538816
16079994;-26.235809
16082037;-25.932545
16084021;-25.628975
16086015;-25.325203
16088015;-25.021133
16090019;-24.716862
16092034;-24.412348
16093998;-24.107544
16095995;-23.802551
16097994;-23.497276
16100000;-23.191816
16102053;-22.886080
16104033;-22.580164
16106020;-22.274027
16108022;-21.967623
16110013;-21.661047
16112016;-21.354214
16114037;-21.047215
16116002;-20.740007
16117999;-20.432549
16119995;-20.124935
16121999;-19.817076
16124163;-19.509069
16126025;-19.200823
16128022;-18.892433
16130019;-18.583858
16132016;-18.275051
16134013;-17.966110
16136037;-17.656948
16137994;-17.347656
16140002;-17.038193
16141993;-16.728516
16143993;-16.418720
16146030;-16.108715
16148004;-15.798600
16150003;-15.488279
16152001;-15.177855
16153995;-14.867279
16155992;-14.556509
16158037;-14.245645
16160023;-13.934591
16162020;-13.623447
16164017;-13.312168
16166010;-13.000711
16168035;-12.689175
16170027;-12.377464
16172021;-12.065679
16174023;-11.753728
16176014;-11.441707
16178021;-11.129574
16180033;-10.817284
16182000;-10.504933
16183997;-10.192480
16185998;-9.879926
16187996;-9.567274
16190054;-9.254481
16192017;-8.941644
16194021;-8.628671
16196019;-8.315660
16198019;-8.002520
16200016;-7.689348
16202033;-7.376100
16204020;-7.062732
16206017;-6.749341
16208024;-6.435838
16210012;-6.122317
16212036;-5.808736
16213998;-5.495050
16216000;-5.181358
16218001;-4.867567
16219996;-4.553775
16221995;-4.239939
16224035;-3.926013
16226018;-3.612096
16228019;-3.298096
16230016;-2.984111
16232017;-2.670048
16234041;-2.356008
16236001;-2.041943
16237996;-1.727811
16239992;-1.413710
16241997;-1.099547
16243993;-0.785421
16246039;-0.471287
16248022;-0.157100
16250014;0.157080
16252018;0.471237
16254015;0.785390
16256038;1.099535
16258003;1.413669
16260003;1.727790
16262000;2.041893
16263998;2.355976
16266041;2.670036
16268000;2.984070
16270004;3.298074
16272000;3.612046
16273994;3.925981
16275997;4.239879
16278035;4.553734
16280023;4.867544
16282018;5.181307
16284017;5.495018
16286017;5.808674
16288041;6.122274
16290000;6.435814
16291998;6.749289
16293999;7.062697
16295996;7.376038
16298049;7.689305
16300032;8.002495
16302021;8.315607
16304017;8.628635
16306017;8.941581
16308018;9.254436
16310037;9.567202
16312003;9.879873
16313998;10.192444
16315992;10.504917
16317996;10.817286
16320054;11.129548
16322037;11.441700
16324020;11.753738
16326020;12.065662
16328013;12.377467
16330011;12.689150
16332031;13.000705
16334002;13.312133
16336000;13.623430
16337994;13.934594
16340000;14.245617
16342169;14.556500
16344022;14.867243
16346019;15.177837
16348017;15.488280
16350014;15.798573
16352018;16.108707
16354028;16.418684
16356000;16.728498
16358001;17.038149
16359998;17.347628
16361996;17.656937
16363998;17.966076
16366039;18.275032
16368025;18.583811
16370016;18.892406
16372013;19.200811
16374012;19.509031
16376040;19.817057
16377997;20.124889
16379994;20.432520
16381992;20.739950
16384001;21.047176
16386003;21.354193
16388039;21.660999
16390020;21.967592
16392015;22.273970
16394017;22.580126
16396019;22.886059
16398036;23.191769
16400006;23.497246
16401999;23.802494
16404003;24.107506
16406000;24.412279
16407994;24.716812
16410039;25.021099
16412019;25.325144
16414012;25.628939
16416013;25.932476
16418016;26.235760
16420038;26.538784
16422011;26.841545
16423997;27.144045
16425997;27.446274
16427999;27.748230
16429996;28.049919
16432039;28.351324
16434024;28.652456
16436024;28.953299
16438022;29.253859
16440020;29.554132
16442036;29.854111
16444020;30.153793
16446016;30.453184
16448019;30.752268
16450016;31.051052
16452072;31.349527
16454023;31.647697
16456016;31.945551
16458019;32.243092
16460016;32.540310
16462017;32.837208
16464033;33.133785
16466018;33.430038
16468022;33.725952
16470014;34.021542
16472013;34.316792
16474030;34.611706
16476002;34.906273
16478001;35.200500
16479998;35.494377
16481994;35.787907
16483993;36.081081
16486039;36.373901
16488001;36.666363
16489999;36.958458
16492000;37.250191
16493994;37.541557
16496044;37.832550
16498027;38.123173
16500014;38.413418
16502013;38.703281
16504017;38.992767
16506013;39.281864
16508039;39.426273
16510014;39.858898
16512015;40.146824
16514012;40.434357
16516015;40.721493
16518036;41.008221
16520003;41.294548
16521997;41.580467
16523998;41.865971
16526003;42.151066
16528047;42.435749
16530038;42.720005
16532018;43.003841
16534013;43.287258
16536015;43.570240
16538021;43.852798
16540034;44.134922
16542020;44.416611
16544017;44.697861
16546019;44.978668
16548016;45.259033
16550039;45.538948
16551997;45.818417
16553998;46.097435
16556003;46.375996
16557998;46.654099
16560001;46.931744
16562038;47.208927
16564014;47.485634
16566014;47.761883
16568015;48.037659
16570014;48.312958
16572037;48.587780
16574003;48.862122
16575994;49.135986
16577994;49.409363
16579993;49.682243
16581998;49.954647
16584037;50.226551
16586024;50.497963
16588019;50.768871
16590019;51.039284
16592019;51.309193
16594038;51.578583
16595999;51.847477
16597995;52.115856
16599992;52.383720
16601995;52.651070
16604034;52.917896
16606002;53.184204
16608000;53.449982
16609998;53.715237
16611997;53.979958
16613995;54.244156
16616033;54.507809
16618023;54.770924
16620017;55.033501
16622017;55.295532
16624014;55.557018
16626036;55.817963
16627998;56.078350
16629996;56.338184
16631997;56.597466
16633996;56.856178
16635999;57.114338
16638042;57.371937
16640025;57.628967
16642018;57.885426
16644018;58.141319
16646018;58.396633
16648031;58.651371
16650002;58.905529
16652000;59.159111
16653999;59.412106
16655993;59.664516
16658048;59.916336
16660032;60.167557
16662019;60.418190
16664020;60.668228
16666013;60.917671
16668020;61.166508
16670038;61.414749
16672002;61.662376
16674002;61.909389
16675996;62.155800
16678002;62.401592
16680000;62.646778
16682036;62.891342
16684021;63.135277
16686015;63.378597
16688016;63.621284
16690017;63.863350
16692020;64.104782
16693997;64.345589
16696003;64.585754
16698001;64.825279
16699999;65.064171
16702180;65.302414
16704018;65.540009
16706016;65.776978
16708021;66.013275
16710014;66.248932
16712014;66.483932
16714030;66.718277
16715998;66.951958
16717994;67.184982
16720001;67.417351
16721998;67.649040
16724170;67.880074
16726023;68.110428
16728019;68.340118
16730017;68.569130
16732015;68.797462
16734017;69.025124
16736035;69.252098
16737994;69.478394
16739994;69.703995
16741993;69.928909
16743993;70.153137
16745995;70.376678
16748033;70.599518
16749998;70.821655
16751998;71.043106
16753996;71.263847
16756004;71.483887
16758192;71.703224
16760029;71.921852
16762016;72.139778
16764018;72.356972
16766014;72.573471
16768013;72.789238
16770045;73.004303
16772007;73.218636
16774002;73.432251
16775993;73.645142
16778005;73.857300
16780174;74.068741
16782020;74.279442
16784018;74.489403
16786015;74.698639
16788020;74.907135
16790018;75.114891
16792023;75.321915
16794001;75.528183
16795995;75.733711
16797996;75.938484
16799996;76.142517
16802035;76.345795
16804003;76.548325
16805994;76.750092
16807994;76.951103
16809996;77.151352
16811998;77.350845
16814022;77.549568
16816003;77.747536
16817997;77.944733
16819997;78.141159
16821997;78.336807
16824029;78.531693
16826009;78.725800
16827998;78.919128
16829991;79.111679
16831992;79.303452
16833996;79.494438
16836033;79.684631
16838022;79.874054
16840017;80.062675
16842017;80.250511
16844010;80.437561
16846034;80.623810
16848018;80.809273
16850019;80.993927
16852016;81.177780
16854016;81.360840
16856186;81.543091
16858028;81.724548
16860021;81.905190
16862014;82.085022
16864020;82.264038
16866014;82.442261
16868040;82.619659
16870015;82.796242
16872018;82.972015
16874018;83.146957
16876019;83.321083
16878033;83.494392
16880003;83.666870
16882002;83.838524
16884000;84.009354
16885998;84.179352
16887998;84.348526
16890038;84.516853
16892020;84.684349
16894014;84.851013
16896014;85.016846
16898018;85.181831
16900040;85.345985
16902000;85.509285
16903998;85.671745
16906002;85.833366
16908002;85.994133
16909999;86.154045
16912040;86.313118
16914019;86.471336
16916013;86.628700
16918019;86.785210
16920017;86.940865
16922035;87.095657
16924005;87.249596
16925993;87.402672
16927996;87.554886
16929996;87.706230
16932180;87.856712
16934019;88.006325
16936012;88.155075
16938020;88.302948
16940019;88.449944
16942018;88.596085
16944035;88.741341
16946006;88.885719
16948002;89.029221
16949997;89.171852
16951995;89.313599
16953998;89.454460
16956038;89.594444
16958024;89.733536
16960021;89.871750
16962014;90.009079
16964016;90.145508
16966032;90.281052
16967994;90.415710
16969998;90.549469
16971995;90.682343
16973994;90.814316
16976003;90.945389
16978038;91.075569
16980019;91.204857
16982012;91.333237
16984016;91.460716
16986019;91.587296
16988034;91.712967
16990000;91.837730
16992001;91.961594
16993998;92.084541
16995997;92.206589
16997997;92.327728
17000029;92.447952
17002025;92.567261
17004020;92.685661
17006018;92.803139
17008019;92.919708
17010032;93.035355
17012004;93.150093
17013993;93.263908
17016000;93.376793
17017996;93.488762
17020035;93.599808
17021999;93.709930
17023997;93.819130
17025993;93.927406
17027996;94.034752
17029995;94.141167
17032035;94.246658
17034014;94.351212
17036019;94.454842
17038019;94.557541
17040016;94.659302
17042027;94.760132
17044000;94.860016
17046001;94.958969
17047997;95.056992
17049996;95.154076
17051999;95.250214
17054040;95.345421
17056021;95.439682
17058019;95.532997
17060016;95.625374
17062011;95.716805
17064034;95.807289
17066004;95.896835
17068000;95.985428
17069993;96.073074
17071996;96.159775
17074050;96.245529
17076024;96.330322
17078017;96.414169
17080017;96.497070
17082016;96.579018
17084020;96.660011
17086039;96.740051
17088001;96.819130
17089995;96.897263
17091994;96.974442
17093999;97.050652
17095994;97.125908
17098040;97.200203
17100022;97.273544
17102015;97.345917
17104016;97.417343
17106016;97.487793
17108036;97.557297
17110002;97.625824
17111996;97.693390
17114003;97.759995
17115993;97.825638
17118189;97.890305
17120026;97.954018
17122016;98.016754
17124014;98.078529
17126017;98.139336
17128018;98.199173
17130032;98.258034
17132000;98.315933
17133999;98.372864
17135999;98.428818
17137996;98.483810
17139991;98.537819
17142036;98.590858
17144021;98.642929
17146018;98.694023
17148021;98.744141
17150014;98.793289
17152035;98.841454
17154016;98.888649
17156018;98.934868
17158014;98.980110
17160016;99.024376
17162036;99.067665
17163999;99.109970
17165996;99.151306
17167993;99.191658
17170000;99.231033
17171992;99.269432
17174032;99.306847
17176020;99.343285
17178016;99.378738
17180024;99.413208
17182017;99.446701
17184038;99.479218
17186020;99.510742
17188024;99.541290
17190016;99.570862
17192018;99.599442
17194016;99.627037
17196033;99.653656
17198022;99.679283
17200021;99.703934
17202018;99.727600
17204014;99.750282
17206034;99.771973
17208022;99.792686
17210020;99.812408
17212013;99.831154
17214020;99.848907
17216036;99.865685
17218006;99.881462
17220008;99.896263
17221994;99.910072
17223994;99.922905
17226000;99.934746
17228031;99.945602
17230001;99.955467
17232000;99.964348
17233998;99.972244
17235998;99.979149
17238002;99.985077
17240034;99.990005
17242020;99.993958
17244018;99.996918
17246017;99.998894
17248020;99.999878
17250038;99.999878
17252006;99.998894
17253996;99.996918
17256004;99.993958
17257997;99.992104
17260185;99.985077
17262018;99.979149
17264017;99.972244
17266017;99.964348
17268019;99.955467
17270017;99.945602
17272038;99.934746
17274020;99.922905
17276017;99.910072
17278019;99.896263
17280017;99.881462
17282034;99.865685
17284005;99.848907
17286003;99.831154
17288001;99.812408
17289990;99.792686
17291996;99.771973
17294036;99.750282
17296021;99.727600
17298021;99.703941
17300017;99.679283
17302020;99.653656
17304027;99.627037
17305998;99.599442
17307998;99.570862
17309998;99.541298
17311999;99.510750
17313998;99.479218
17316030;99.446701
17318024;99.413208
17320015;99.378738
17322014;99.343285
17324016;99.306847
17326042;99.269432
17328005;99.231033
17329994;99.191666
17331997;99.151306
17333992;99.109978
17336035;99.067673
17337995;99.024376
17340002;98.980110
17342002;98.934868
17344005;98.888657
17346003;98.841461
17348040;98.793289
17350014;98.744141
17352012;98.694023
17354010;98.642929
17356020;98.590866
17358034;98.537819
17359998;98.483810
17361996;98.428818
17363999;98.372864
17365997;98.315941
17368000;98.258041
17370035;98.199173
17372021;98.139343
17374014;98.078529
17376017;98.016754
17378021;97.954018
17380033;97.890312
17382001;97.825638
17384000;97.759995
17385996;97.693398
17388004;97.625824
17390186;97.557297
17392023;97.487801
17394015;97.417343
17396016;97.345932
17398018;97.273544
17400013;97.200211
17402038;97.125916
17403996;97.050652
17405999;96.974442
17407999;96.897270
17410003;96.819138
17412038;96.740051
17413997;96.660019
17415998;96.579018
17418004;96.497078
17419998;96.414177
17422184;96.330330
17424023;96.245529
17426018;96.159782
17428020;96.073082
17430016;95.985428
17432013;95.896843
17434038;95.807297
17436018;95.716812
17438025;95.625374
17440017;95.533005
17442019;95.439682
17444073;95.345428
17446030;95.250221
17448028;95.154076
17450016;95.057007
17452012;94.958984
17454019;94.860031
17456035;94.760132
17458004;94.659302
17459993;94.557549
17461994;94.454849
17463997;94.351219
17466000;94.246666
17468036;94.141174
17470021;94.034752
17472018;93.981201
17474014;93.819138
17476013;93.709938
17478042;93.599823
17480006;93.488770
17481999;93.376801
17483999;93.263916
17485999;93.150101
17488036;93.035362
17490004;92.919716
17492002;92.803146
17494000;92.685661
17495997;92.567268
17497998;92.447952
17500033;92.327728
17502017;92.206596
17504016;92.084557
17506016;91.961601
17508018;91.837738
17510038;91.712967
17511999;91.587296
17513995;91.460724
17515992;91.333237
17517998;91.204857
17520042;91.075584
17521998;90.945396
17523996;90.814323
17525999;90.682343
17527994;90.549477
17529996;90.415726
17532033;90.281067
17534019;90.145515
17536016;90.009079
17538022;89.871750
17540018;89.733551
17542037;89.594452
17543997;89.454468
17545996;89.313599
17548001;89.171860
17549999;89.029228
17551998;88.885727
17554036;88.741348
17556020;88.596085
17558017;88.449951
17560013;88.302948
17562016;88.155067
17564040;88.006332
17565997;87.856712
17567993;87.706230
17569997;87.554893
17571993;87.402679
17574001;87.249603
17576034;87.095680
17578027;86.940880
17580016;86.785217
17582017;86.628708
17584016;86.471344
17586037;86.313126
17588003;86.154068
17590000;85.994141
17591997;85.833374
17594005;85.671753
17596059;85.509285
17598027;85.345985
17600018;85.181847
17602016;85.016853
17604013;84.851021
17606019;84.684357
17608029;84.516853
17610001;84.348511
17611999;84.179352
17613998;84.009354
17616002;83.838524
17618033;83.666870
17620002;83.494385
17621996;83.321075
17624001;83.146980
17625998;82.972023
17628001;82.796249
17630038;82.619667
17632020;82.442268
17634019;82.264053
17636018;82.085037
17638020;81.905197
17640039;81.724556
17642004;81.543098
17643995;81.360847
17646000;81.177780
17647996;80.993942
17649997;80.809280
17652037;80.623817
17654023;80.437561
17656018;80.250511
17658018;80.062675
17660017;79.874062
17662039;79.684647
17664001;79.494438
17665991;79.303452
17667996;79.111679
17670003;78.919128
17671997;78.725800
17674037;78.531693
17676017;78.336807
17678023;78.141167
17680016;77.944740
17682016;77.747559
17684038;77.549591
17686002;77.350861
17687995;77.151367
17689994;76.951111
17691995;76.750099
17694047;76.548340
17696037;76.345810
17698018;76.142532
17700019;75.938499
17702015;75.733719
17704012;75.528183
17706047;75.321922
17708003;75.114906
17710004;74.907150
17711995;74.698647
17713996;74.489410
17716036;74.279442
17718003;74.068748
17720001;73.857307
17721995;73.645142
17724002;73.432251
17725992;73.218636
17728036;73.004295
17729997;72.789253
17732000;72.573486
17733997;72.356995
17735999;72.139786
17738035;71.921860
17740002;71.703232
17742001;71.483910
17744000;71.263863
17745995;71.043121
17747997;70.821671
17750037;70.599525
17752016;70.376678
17754017;70.153160
17756013;69.928932
17758018;69.704010
17760042;69.478401
17762001;69.252106
17764003;69.025124
17765997;68.797478
17767998;68.569145
17770049;68.340126
17772020;68.110435
17774015;67.880074
17776010;67.649040
17778020;67.417358
17780015;67.184998
17782034;66.951965
17784001;66.718277
17785995;66.483948
17787999;66.248940
17789998;66.013298
17792180;65.776993
17794025;65.540031
17796016;65.302429
17798023;65.064178
17800019;64.825287
17802011;64.585777
17804032;64.345604
17805998;64.104805
17807998;63.863361
17809995;63.621296
17811994;63.378597
17814179;63.135296
17816023;62.891354
17818018;62.646790
17820019;62.401604
17822013;62.155807
17824019;61.909397
17826041;61.662388
17828020;61.414753
17830018;61.166519
17832015;60.917675
17834016;60.668228
17836035;60.418213
17838003;60.167568
17839994;59.916359
17841995;59.664536
17843996;59.412121
17846209;59.159122
17848026;58.905560
17850015;58.651394
17852015;58.396656
17854016;58.141335
17856019;57.885437
17858037;57.628979
17860019;57.371964
17862025;57.114365
17864013;56.856201
17866012;56.597477
17868038;56.338192
17870000;56.078358
17871999;55.817978
17873998;55.557037
17876000;55.295544
17878070;55.033512
17880021;54.770927
17882015;54.507809
17884017;54.244167
17886014;53.979977
17888013;53.715248
17890039;53.449989
17892018;53.184204
17894015;52.917915
17896014;52.651100
17898014;52.383751
17900038;52.115883
17901995;51.847500
17903996;51.578606
17905997;51.309196
17907996;51.039307
17909994;50.768894
17912027;50.497978
17914003;50.226570
17915993;49.954655
17917996;49.682255
17919997;49.409382
17921998;49.136005
17924032;48.862137
17926021;48.587791
17928027;48.312962
17930011;48.037659
17932014;47.761898
17934041;47.485649
17935997;47.208931
17937998;46.931747
17940001;46.654099
17941997;46.375992
17943998;46.097446
17946031;45.818428
17948007;45.538975
17950000;45.259052
17951999;44.978683
17954002;44.697872
17956081;44.416637
17958026;44.134945
17960017;43.852818
17962016;43.570255
17964014;43.287266
17966017;43.003849
17968032;42.720028
17970001;42.435760
17972001;42.151081
17973995;41.865982
17975992;41.580467
17978034;41.294567
17980004;41.008240
17981993;40.721504
17983991;40.434368
17985993;40.146832
17988000;39.858898
17990037;39.570599
17992025;39.281879
17994017;38.992775
17996015;38.703285
17998018;38.413418
18000035;38.123165
18001998;37.832584
18003995;37.541588
18005994;37.250214
18007999;37.104382
18009999;36.666374
18012035;36.373913
18014021;36.081112
18016012;35.787930
18018017;35.494400
18020017;35.200516
18022035;34.906284
18024002;34.611710
18026000;34.316818
18028000;34.021561
18029997;33.725971
18031993;33.430046
18034033;33.133793
18036019;32.837212
18038016;32.540329
18040019;32.243107
18042016;31.945559
18044040;31.647699
18045997;31.349527
18047996;31.051048
18049993;30.752283
18051999;30.453190
18054039;30.153799
18056004;29.854134
18057999;29.554150
18060000;29.253874
18062002;28.953331
18064185;28.652481
18066018;28.351349
18068020;28.049934
18070013;27.748245
18072019;27.446281
18074015;27.144072
18076039;26.841568
18078023;26.538801
18080017;26.235771
18082016;25.932482
18084016;25.628939
18086081;25.325165
18088025;25.021118
18090017;24.716824
18092018;24.412287
18094019;24.107508
18096012;23.802490
18098037;23.497261
18100018;23.191778
18102018;22.886066
18104016;22.580128
18106016;22.273966
18108032;21.967585
18110000;21.661034
18112000;21.354221
18113997;21.047199
18115997;20.739969
18117997;20.432533
18120029;20.124922
18122017;19.817085
18124014;19.509054
18126015;19.200832
18128018;18.892418
18130034;18.583818
18132004;18.275061
18133999;17.966097
18135998;17.656956
18137993;17.347641
18139999;17.038157
18142025;16.728500
18143999;16.418705
18145995;16.108725
18148000;15.798585
18149995;15.488288
18152184;15.177840
18154024;14.867240
18156018;14.556519
18158022;14.245629
18160007;13.934599
18162014;13.623433
18164031;13.312154
18165997;13.000721
18167999;12.689183
18169994;12.377496
18171999;12.065687
18174200;11.753759
18176021;11.441715
18178019;11.129559
18180017;10.817315
18182014;10.504942
18184015;10.192464
18186038;9.879887
18188022;9.567211
18190019;9.254441
18192015;8.941605
18194018;8.628655
18196145;8.315620
18198027;8.002504
18200020;7.689308
18202012;7.376037
18204015;7.062716
18206014;6.749302
18208037;6.435822
18210001;6.122278
18211999;5.808673
18214000;5.495012
18215999;5.181319
18218063;4.867576
18220033;4.553761
18222019;4.239901
18224015;3.925998
18226019;3.612057
18228019;3.298105
18230038;2.984096
18231991;2.670057
18233998;2.355993
18235992;2.041904
18237995;1.727796
18240186;1.413695
18242027;1.099556
18244018;0.785405
18246014;0.471248
18248017;0.157085
18250015;-0.157079
18252031;-0.471218
18254020;-0.785375
18256016;-1.099525
18258020;-1.413665
18260013;-1.727790
18262034;-2.041898
18264002;-2.355963
18265998;-2.670027
18268001;-2.984066
18269994;-3.298074
18272189;-3.612027
18274024;-3.925944
18276016;-4.239846
18278020;-4.553706
18280018;-4.867522
18282016;-5.181289
18284040;-5.495005
18286019;-5.808643
18288025;-6.122248
18290018;-6.435792
18292018;-6.749272
18294037;-7.062686
18296003;-7.376031
18297995;-7.689279
18299999;-8.002474
18302000;-8.315591
18303995;-8.628626
18306035;-8.941574
18308026;-9.254436
18310015;-9.567182
18312016;-9.879857
18314017;-10.192435
18316033;-10.504911
18317999;-10.817286
18319992;-11.129552
18321997;-11.441686
18323995;-11.753706
18326003;-12.065634
18328039;-12.377443
18330023;-12.689130
18332019;-13.000690
18334015;-13.312101
18336015;-13.623403
18338038;-13.934570
18339999;-14.245600
18341998;-14.556490
18343995;-14.867234
18345995;-15.177811
18348000;-15.488259
18350040;-15.798555
18352025;-16.108694
18354013;-16.418676
18356016;-16.728497
18358014;-17.038126
18360037;-17.347612
18361997;-17.656927
18363996;-17.966068
18365997;-18.275030
18367997;-18.583813
18370185;-18.892389
18372020;-19.200802
18374014;-19.509026
18376014;-19.817057
18378020;-20.124868
18380018;-20.432505
18382029;-20.739916
18384004;-21.047146
18385997;-21.354168
18387991;-21.660980
18389992;-21.967579
18392082;-22.273960
18394024;-22.580097
18396018;-22.886036
18398021;-23.191748
18400014;-23.497232
18402186;-23.802485
18404019;-24.107500
18406017;-24.412256
18408022;-24.716795
18410018;-25.021088
18412012;-25.325138
18414040;-25.628933
18416007;-25.932476
18417994;-26.235741
18419997;-26.538771
18421995;-26.841539
18423998;-27.144041
18426034;-27.446276
18428029;-27.748240
18430020;-28.049908
18432013;-28.351297
18434015;-28.652430
18436021;-28.953281
18438003;-29.253843
18440002;-29.554098
18441996;-29.854084
18443994;-30.153772
18446083;-30.453163
18448022;-30.752254
18450018;-31.051043
18452011;-31.349501
18454015;-31.647673
18456019;-31.945532
18458032;-32.243076
18459999;-32.540302
18462002;-32.837208
18463996;-33.133766
18465995;-33.430019
18468038;-33.725945
18469997;-34.021534
18471998;-34.316792
18473999;-34.611706
18475994;-34.906258
18477992;-35.200489
18480033;-35.494373
18482023;-35.787903
18484017;-36.081081
18486015;-36.373882
18488017;-36.666325
18490033;-36.958427
18492016;-37.250168
18494015;-37.541534
18496013;-37.832535
18498022;-38.123161
18500041;-38.413387
18502002;-38.703259
18503998;-38.992748
18505997;-39.281853
18507998;-39.570568
18509998;-39.858894
18512034;-40.146805
18514019;-40.434341
18516011;-40.721478
18518016;-41.008209
18520018;-41.294540
18522039;-41.580467
18524000;-41.865955
18525997;-42.151054
18527999;-42.435734
18529999;-42.720001
18532207;-43.003841
18534025;-43.287262
18536018;-43.570229
18538017;-43.852791
18540016;-44.134895
18542016;-44.416592
18544032;-44.697845
18546008;-44.978657
18547997;-45.259007
18550001;-45.538925
18552000;-45.818401
18553999;-46.097420
18556036;-46.375988
18558025;-46.654095
18560015;-46.931721
18562022;-47.208904
18564017;-47.485622
18566038;-47.761871
18568002;-48.037647
18569996;-48.312950
18572000;-48.587757
18573991;-48.862106
18576085;-49.135971
18578025;-49.409351
18580015;-49.682243
18582016;-49.954624
18584016;-50.226532
18586015;-50.497948
18588024;-50.768864
18589998;-51.039280
18591993;-51.309193
18593997;-51.578552
18595996;-51.847446
18598189;-52.115829
18600024;-52.383698
18602018;-52.651054
18604018;-52.917885
18606018;-53.184174
18608017;-53.449959
18610034;-53.715218
18611996;-53.979946
18613988;-54.244137
18615997;-54.507797
18617994;-54.770897
18620033;-55.033482
18621999;-55.295517
18623994;-55.557007
18625996;-55.817951
18627999;-56.078346
18629998;-56.338161
18632034;-56.597446
18634020;-56.856174
18636017;-57.114334
18638019;-57.371933
18640014;-57.628967
18642031;-57.885414
18643997;-58.141304
18646001;-58.396626
18648000;-58.651344
18649993;-58.905514
18651995;-59.159096
18654034;-59.412075
18656019;-59.664490
18658022;-59.916313
18660017;-60.167545
18662019;-60.418182
18664036;-60.668224
18666017;-60.917645
18668019;-61.166489
18670014;-61.414730
18672015;-61.662357
18674038;-61.909382
18675997;-62.155796
18677994;-62.401573
18679997;-62.646759
18682000;-62.891323
18683997;-63.135265
18686032;-63.378590
18688026;-63.621284
18690018;-63.863338
18692019;-64.104774
18694016;-64.345573
18696036;-64.585747
18698001;-64.825279
18699999;-65.064171
18701997;-65.302383
18703999;-65.539993
18705989;-65.776947
18708025;-66.013260
18710002;-66.248917
18711997;-66.483917
18713998;-66.718254
18715997;-66.951942
18718038;-67.184967
18720002;-67.417336
18721997;-67.649033
18723998;-67.880043
18725993;-68.110413
18728004;-68.340096
18730029;-68.569115
18731998;-68.797455
18733996;-69.025116
18735996;-69.252083
18737997;-69.478378
18740034;-69.703987
18741999;-69.928902
18743996;-70.153137
18745994;-70.376678
18748002;-70.599503
18749996;-70.821648
18752040;-71.043098
18754022;-71.263847
18756020;-71.483871
18758022;-71.593620
18760016;-71.921829
18762030;-72.139755
18763998;-72.356949
18765994;-72.573456
18767998;-72.789230
18769997;-73.004295
18772197;-73.218613
18774020;-73.432228
18776022;-73.645126
18778018;-73.857292
18780020;-74.068726
18782015;-74.279434
18784038;-74.489388
18785999;-74.698624
18788001;-74.907127
18789993;-75.114883
18791996;-75.321899
18794074;-75.528183
18796014;-75.733711
18798019;-75.938477
18800020;-76.142525
18802017;-76.345787
18804014;-76.548302
18806035;-76.750092
18808000;-76.951096
18809998;-77.151337
18812000;-77.350845
18813996;-77.549561
18816034;-77.747513
18818003;-77.944717
18819997;-78.141136
18821996;-78.336807
18824002;-78.531677
18826000;-78.725777
18828037;-78.919121
18830002;-79.111656
18831996;-79.303444
18833998;-79.494415
18835999;-79.684639
18838189;-79.874046
18840028;-80.062660
18842015;-80.250511
18844016;-80.437546
18846014;-80.623817
18848019;-80.809258
18850035;-80.993912
18852001;-81.177780
18853999;-81.360832
18855994;-81.543098
18858001;-81.724533
18859996;-81.905197
18862037;-82.085022
18864019;-82.264038
18866015;-82.442261
18868022;-82.619652
18870018;-82.796249
18872035;-82.972008
18874002;-83.146942
18875996;-83.321091
18878000;-83.494377
18879995;-83.666878
18881995;-83.838524
18884035;-84.009369
18886021;-84.179352
18888017;-84.348511
18890017;-84.516838
18892017;-84.684326
18894036;-84.851006
18896000;-85.016823
18898001;-85.181801
18899993;-85.345963
18901995;-85.509262
18904078;-85.671738
18906016;-85.833344
18908020;-85.994102
18910013;-86.154037
18912013;-86.313095
18914013;-86.471329
18916037;-86.628685
18918026;-86.785210
18920020;-86.940849
18922017;-87.095634
18924021;-87.249588
18926032;-87.402657
18928000;-87.554878
18929999;-87.706215
18931998;-87.856689
18934001;-88.006317
18936208;-88.155052
18938029;-88.302948
18940019;-88.449944
18942013;-88.596085
18944017;-88.741333
18946017;-88.885704
18948040;-89.029221
18950018;-89.171837
18952014;-89.313599
18954020;-89.454453
18956017;-89.594421
18958039;-89.733536
18960001;-89.871742
18961997;-90.009079
18963995;-90.145508
18965999;-90.281067
18968001;-90.415703
18970037;-90.549461
18972019;-90.682343
18974018;-90.814308
18976019;-90.945396
18978014;-91.075569
18980039;-91.204849
18982000;-91.333237
18983996;-91.460709
18985994;-91.587296
18987998;-91.712967
18989998;-91.837738
18992037;-91.961601
18994017;-92.084541
18996014;-92.206596
18998024;-92.327705
19000012;-92.447945
19002032;-92.567245
19003999;-92.685638
19005998;-92.803131
19008001;-92.919693
19009998;-93.035355
19012075;-93.150070
19014021;-93.263885
19016014;-93.376785
19018021;-93.488747
19020013;-93.599800
19022015;-93.709923
19024030;-93.819130
19025997;-93.927399
19027991;-94.034737
19029994;-94.141159
19031999;-94.246643
19033994;-94.351212
19036037;-94.454834
19038023;-94.557526
19040021;-94.659294
19042017;-94.760117
19044017;-94.860016
19046035;-94.958969
19048021;-95.056999
19050016;-95.154068
19052012;-95.250206
19054016;-95.345413
19056083;-95.439674
19058023;-95.532997
19060014;-95.625374
19062018;-95.716789
19064015;-95.807289
19066018;-95.896828
19068040;-95.985428
19070021;-96.073074
19072017;-96.159782
19074016;-96.245522
19076015;-96.330322
19078201;-96.414177
19080027;-96.497070
19082027;-96.579018
19084020;-96.660011
19086015;-96.740044
19088020;-96.819138
19090024;-96.897255
19092005;-96.974442
19094001;-97.050652
19096001;-97.125916
19098000;-97.200203
19100033;-97.273544
19102001;-97.345924
19103997;-97.417343
19105993;-97.487793
19107996;-97.557281
19110000;-97.625809
19112041;-97.693382
19114018;-97.759987
19116016;-97.825630
19118016;-97.890297
19120013;-97.954010
19122033;-98.016754
19123998;-98.078522
19125995;-98.139336
19128000;-98.199165
19129996;-98.258034
19132000;-98.315933
19134036;-98.372856
19136022;-98.428818
19138024;-98.483803
19140019;-98.537811
19142014;-98.590858
19144039;-98.642929
19146006;-98.694023
19148002;-98.744133
19149996;-98.793289
19151997;-98.841454
19154006;-98.888657
19156036;-98.934868
19158026;-98.980103
19160018;-99.024376
19162018;-99.067665
19164015;-99.109978
19166034;-99.151306
19168004;-99.191666
19170000;-99.231033
19172000;-99.269424
19173998;-99.306847
19175994;-99.343285
19178039;-99.378738
19180026;-99.413208
19182013;-99.446701
19184015;-99.479218
19186014;-99.510742
19188036;-99.541298
19190000;-99.570862
19191996;-99.599442
19193997;-99.627037
19196002;-99.653656
19198087;-99.679283
19200018;-99.703934
19202015;-99.727600
19204018;-99.750282
19206017;-99.771973
19208020;-99.792686
19210036;-99.812408
19212003;-99.831161
19213992;-99.848907
19215994;-99.865677
19218002;-99.881462
19219995;-99.896263
19222023;-99.910072
19224002;-99.922905
19225999;-99.934746
19227994;-99.945602
19230001;-99.955460
19232079;-99.964348
19234020;-99.972244
19236017;-99.979149
19238024;-99.985069
19240016;-99.990005
19242016;-99.993958
19244034;-99.996910
19246021;-99.998894
19248022;-99.999878
19250015;-99.999878
19252013;-99.998894
19254033;-99.996918
19256000;-99.993958
19257997;-99.990013
19260002;-99.985077
19262004;-99.979149
19263999;-99.972244
19266031;-99.964348
19268027;-99.955467
19270018;-99.945602
19272018;-99.934746
19274018;-99.922905
19276034;-99.910080
19278000;-99.896263
19279994;-99.881462
19281994;-99.865685
19283998;-99.848907
19285997;-99.831161
19288035;-99.812416
19290021;-99.792686
19292022;-99.771973
19294017;-99.750282
19296018;-99.727600
19298039;-99.703934
19300001;-99.679283
19301997;-99.653656
19303998;-99.627037
19305996;-99.599442
19308006;-99.570862
19310039;-99.541298
19312023;-99.510750
19314017;-99.479218
19316013;-99.446709
19318024;-99.413208
19320037;-99.378738
19322005;-99.343285
19323995;-99.306854
19325996;-99.269440
19327999;-99.231041
19329997;-99.191666
19332036;-99.151314
19334015;-99.109985
19336020;-99.067673
19338021;-99.024384
19340018;-98.980118
19342035;-98.934868
19344003;-98.888657
19346002;-98.841461
19347999;-98.793289
19349998;-98.744148
19351994;-98.694023
19354034;-98.642937
19356022;-98.590866
19358023;-98.537827
19360014;-98.483810
19362012;-98.428825
19364044;-98.372871
19366002;-98.315941
19367995;-98.258049
19369993;-98.199181
19372000;-98.139343
19373994;-98.078537
19376038;-98.016754
19378023;-97.954025
19380018;-97.890312
19382016;-97.825638
19384013;-97.760002
19386039;-97.693398
19388006;-97.625824
19389997;-97.557297
19391997;-97.487801
19393992;-97.417351
19395993;-97.345924
19398033;-97.273552
19400019;-97.200203
19402017;-97.125916
19404011;-97.050652
19406015;-96.974442
19408038;-96.897270
19410004;-96.819138
19412004;-96.740051
19413998;-96.660011
19415994;-96.579018
19417992;-96.497086
19420039;-96.414177
19422018;-96.330330
19424015;-96.245522
19426018;-96.159782
19428021;-96.073074
19430038;-95.985443
19432000;-95.896851
19433995;-95.807304
19435998;-95.716820
19438000;-95.625381
19440201;-95.533012
19442026;-95.439697
19444021;-95.345428
19446016;-95.250237
19448018;-95.154083
19450011;-95.057007
19452037;-94.958984
19454023;-94.860039
19456018;-94.760147
19458017;-94.659309
19460015;-94.557556
19462039;-94.454849
19464003;-94.351234
19465998;-94.246681
19467996;-94.141182
19469995;-94.034767
19471998;-93.927414
19474034;-93.873390
19476019;-93.709961
19478019;-93.599823
19480012;-93.488785
19482014;-93.376801
19484025;-93.263916
19486004;-93.150093
19487998;-93.035370
19489992;-92.919724
19492000;-92.803154
19494049;-92.685677
19496033;-92.567268
19498021;-92.447960
19500013;-92.327744
19502013;-92.206596
19504016;-92.084564
19506035;-91.961601
19508026;-91.899780
19510013;-91.712967
19512020;-91.587296
19514017;-91.460732
19516037;-91.333237
19517997;-91.204865
19519993;-91.075569
19522003;-90.945396
19524002;-90.814331
19525998;-90.682343
19528038;-90.549484
19530021;-90.415703
19532013;-90.281067
19534012;-90.145508
19536012;-90.009079
19538036;-89.871780
19540001;-89.733559
19542001;-89.594475
19543997;-89.454475
19545999;-89.313622
19548003;-89.171890
19550042;-89.029243
19552021;-88.885750
19554018;-88.741356
19556017;-88.596107
19558018;-88.449959
19560034;-88.302971
19562004;-88.155106
19563998;-88.006340
19565999;-87.856735
19567992;-87.706238
19570036;-87.554901
19572003;-87.402702
19573992;-87.249611
19576001;-87.095680
19577997;-86.940872
19579992;-86.785233
19582037;-86.628708
19584022;-86.471352
19586018;-86.313148
19588026;-86.154060
19590020;-85.994148
19592039;-85.833374
19594000;-85.671761
19595999;-85.509315
19597994;-85.345993
19600001;-85.181847
19602213;-85.016846
19604027;-84.851036
19606021;-84.684349
19608021;-84.516861
19610014;-84.348534
19612014;-84.179352
19614032;-84.009369
19615995;-83.838524
19617999;-83.666878
19620001;-83.494408
19621999;-83.321091
19624032;-83.146973
19626001;-82.972008
19627999;-82.796249
19629998;-82.619652
19631994;-82.442261
19633999;-82.264069
19636037;-82.085022
19638029;-81.905197
19640021;-81.724533
19642016;-81.543098
19644011;-81.360855
19646037;-81.177811
19648008;-80.993965
19649992;-80.809288
19651995;-80.623840
19653992;-80.437599
19655991;-80.250534
19658041;-80.062714
19660030;-79.874077
19662019;-79.684669
19664014;-79.494446
19666018;-79.303474
19668042;-79.111710
19669997;-78.919151
19671994;-78.725830
19674002;-78.531708
19675998;-78.336838
19678038;-78.141197
19679999;-77.944756
19681997;-77.747574
19683996;-77.549591
19685997;-77.350876
19687999;-77.151367
19690038;-76.951126
19692020;-76.750122
19694013;-76.548340
19696016;-76.345825
19698020;-76.142525
19700085;-75.938507
19702026;-75.733742
19704015;-75.528191
19706017;-75.321938
19708018;-75.114906
19710019;-74.907158
19712038;-74.698639
19714020;-74.489418
19716014;-74.279465
19718022;-74.068741
19720015;-73.857323
19722033;-73.645142
19724004;-73.432266
19725999;-73.218666
19727997;-73.004303
19729993;-72.789261
19731993;-72.573471
19734036;-72.356987
19736022;-72.139763
19738023;-71.921860
19740016;-71.703247
19742017;-71.483887
19744040;-71.263863
19746001;-71.043098
19747996;-70.821671
19749995;-70.599533
19752002;-70.376678
19753992;-70.153191
19756033;-69.928940
19758021;-69.704033
19760014;-69.478439
19762013;-69.252129
19764013;-69.025169
19766039;-68.797493
19768002;-68.569168
19769993;-68.340134
19771996;-68.110466
19773999;-67.880119
19775995;-67.649063
19778036;-67.417389
19780025;-67.185005
19782017;-66.951988
19784021;-66.718323
19786016;-66.483955
19788030;-66.248970
19790000;-66.013298
19791998;-65.777000
19793998;-65.540024
19796001;-65.302437
19798095;-65.064201
19800026;-64.825294
19802014;-64.585785
19804019;-64.345589
19806014;-64.104805
19808018;-63.863392
19810038;-63.621307
19811998;-63.378628
19813999;-63.135292
19815992;-62.891365
19817998;-62.646778
19820035;-62.401615
19821999;-62.155830
19823997;-61.909401
19825995;-61.662399
19827997;-61.414749
19830003;-61.166527
19832038;-60.917706
19834015;-60.668243
19836014;-60.418217
19838022;-60.167564
19840019;-59.916348
19842040;-59.664505
19844006;-59.412109
19845996;-59.159134
19848003;-58.905529
19849998;-58.651386
19851998;-58.396626
19854036;-58.141327
19856022;-57.885448
19858021;-57.628967
19860015;-57.371990
19862018;-57.114376
19864033;-56.856228
19866000;-56.597485
19867996;-56.338223
19869995;-56.078403
19871998;-55.817993
19873991;-55.557068
19876035;-55.295555
19878024;-55.033539
19880014;-54.770977
19882017;-54.507839
19884015;-54.244198
19886031;-53.979980
19887997;-53.715279
19889992;-53.450001
19891994;-53.184235
19893992;-52.917946
19895995;-52.651096
19898041;-52.383762
19900021;-52.115868
19902016;-51.847504
19904014;-51.578636
19906011;-51.309212
19908036;-51.039322
19910003;-50.768887
19911998;-50.497990
19913998;-50.226559
19915999;-49.954666
19918053;-49.682285
19920033;-49.409370
19922018;-49.136013
19924014;-48.862125
19926015;-48.587799
19928017;-48.312996
19930035;-48.037670
19932021;-47.761909
19934013;-47.485641
19936015;-47.208942
19938027;-46.931778
19940037;-46.654110
19941997;-46.376026
19943996;-46.097439
19945998;-45.818439
19947997;-45.538944
19949994;-45.259045
19952030;-44.978695
19954018;-44.697865
19956017;-44.416630
19958015;-44.134918
19960014;-43.852810
19962100;-43.570271
19964018;-43.287258
19966014;-43.003864
19968016;-42.720039
19970018;-42.435799
19972015;-42.151093
19974037;-41.866016
19975998;-41.580528
19977995;-41.294582
19979996;-41.008274
19981998;-40.721519
19984038;-40.434402
19986002;-40.146889
19987997;-39.858932
19989998;-39.570629
19992000;-39.281891
19994004;-38.992809
19996035;-38.703300
19998022;-38.413452
20000018;-38.123226
20002015;-37.832577
20004017;-37.541599
20006034;-37.250210
20008003;-36.958492
20009996;-36.666412
20011996;-36.373924
20013992;-36.081123
20015996;-35.787922
20018036;-35.494415
20020023;-35.200508
20022020;-34.906300
20024017;-34.611748
20026014;-34.316807
20028035;-34.021576
20030011;-33.725964
20031996;-33.430061
20033995;-33.133827
20035996;-32.837227
20037997;-32.540344
20040035;-32.243095
20042022;-31.945574
20044018;-31.647692
20046013;-31.349543
20048018;-31.051085
20050033;-30.752274
20052004;-30.453205
20053998;-30.153790
20055999;-29.854124
20057995;-29.554165
20059997;-29.253864
20062038;-28.953323
20064021;-28.652451
20066019;-28.351339
20068019;-28.049904
20070018;-27.748236
20072032;-27.446297
20073999;-27.144039
20075996;-26.841604
20077993;-26.538816
20079999;-26.235809
20082201;-25.932545
20084024;-25.628975
20086016;-25.325203
20088019;-25.021133
20090019;-24.716862
20092018;-24.412348
20094025;-24.107544
20096002;-23.802551
20097994;-23.497276
20099997;-23.191816
20101999;-22.886080
20104037;-22.580164
20106002;-22.274027
20107999;-21.967623
20110000;-21.661047
20111994;-21.354214
20114000;-21.047215
20116038;-20.740007
20118026;-20.432549
20120015;-20.124935
20122016;-19.817076
20124013;-19.509069
20126033;-19.200823
20128002;-18.892433
20129998;-18.583858
20131998;-18.275051
20134002;-17.966110
20136001;-17.656948
20138038;-17.347656
20140018;-17.038193
20142016;-16.728516
20144018;-16.418720
20146017;-16.108715
20148037;-15.798600
20150005;-15.488279
20151995;-15.177855
20153998;-14.867279
20155998;-14.556509
20158003;-14.245645
20160037;-13.934591
20162016;-13.623447
20164016;-13.312168
20166017;-13.000711
20168020;-12.689175
20170041;-12.377464
20172002;-12.065679
20173995;-11.753728
20175997;-11.441707
20177993;-11.129574
20179999;-10.817284
20182043;-10.504933
20184018;-10.192480
20186016;-9.879926
20188018;-9.567274
20190017;-9.254481
20192037;-8.941644
20193997;-8.628671
20195998;-8.315660
20197998;-8.002520
20199994;-7.689348
20202051;-7.376100
20204033;-7.062732
20206021;-6.749341
20208017;-6.435838
20210017;-6.122317
20212016;-5.808736
20214033;-5.495050
20215997;-5.181358
20217998;-4.867567
20219998;-4.553775
20222001;-4.239939
20224040;-3.926013
20226027;-3.612096
20228027;-3.298096
20230019;-2.984111
20232016;-2.670048
20234013;-2.356008
20236040;-2.041943
20238002;-1.727811
20239990;-1.413710
20241995;-1.099547
20243991;-0.785421
20246044;-0.471287
20248038;-0.157100
20250023;0.157080
20252015;0.471237
20254018;0.785390
20256015;1.099535
20258036;1.256604
20259999;1.727790
20261995;2.041893
20264003;2.355976
20265996;2.670036
20268046;2.984070
20270035;3.298074
20272018;3.612046
20274016;3.925981
20276018;4.239879
20278021;4.553734
20280040;4.867544
20281999;5.181307
20283994;5.495018
20285992;5.808674
20288001;6.122274
20289997;6.435814
20292039;6.749289
20294021;7.062697
20296018;7.376038
20298020;7.689305
20300016;8.002495
20302037;8.315607
20303998;8.628635
20305996;8.941581
20308003;9.254436
20310002;9.567202
20311998;9.879873
20314036;10.192444
20316024;10.504917
20318020;10.817286
20320019;11.129548
20322016;11.441700
20324039;11.753738
20325997;12.065662
20327996;12.377467
20329995;12.689150
20331996;13.000705
20333996;13.312133
20336040;13.623430
20338026;13.934594
20340016;14.245617
20342018;14.556500
20344015;14.867243
20346039;15.177837
20348002;15.488280
20349997;15.798573
20351994;16.108707
20353997;16.418684
20355994;16.728498
20358038;17.038149
20360022;17.347628
20362018;17.656937
20364016;17.966076
20366015;18.275032
20368039;18.583811
20369997;18.892406
20372003;19.200811
20373995;19.509031
20375997;19.817057
20377999;20.124889
20380037;20.432520
20382016;20.739950
20384021;21.047176
20386017;21.354193
20388020;21.660999
20390038;21.967592
20392000;22.273970
20393998;22.580126
20396002;22.886059
20398000;23.191769
20399995;23.497246
20402035;23.802494
20404022;24.107506
20406014;24.412279
20408019;24.716812
20410014;25.021099
20412037;25.325144
20414002;25.628939
20415995;25.932476
20417997;26.235760
20419999;26.538784
20422002;26.841545
20424035;27.144045
20426018;27.446274
20428018;27.748230
20430016;28.049919
20432016;28.351324
20434032;28.652456
20435997;28.953299
20437997;29.253859
20439993;29.554132
20441996;29.854111
20443998;30.153793
20446038;30.453184
20448023;30.752268
20450017;31.051052
20452015;31.349527
20454014;31.647697
20456033;31.945551
20458026;32.243092
20460015;32.540310
20462016;32.837208
20464015;33.133785
20466036;33.430038
20468006;33.725952
20469999;34.021542
20472000;34.316792
20473997;34.611706
20475996;34.906273
20478041;35.200500
20480006;35.494377
20482000;35.787907
20483998;36.081081
20485999;36.373901
20487999;36.666363
20490033;36.958458
20492017;37.250191
20494016;37.541557
20496010;37.832550
20498018;38.123173
20500027;38.413418
20501998;38.703281
20503997;38.992767
20505996;39.281864
20508002;39.570580
20509992;39.858898
20512033;40.146824
20514019;40.434357
20516019;40.721493
20518019;41.008221
20520012;41.294548
20522022;41.580467
20523999;41.865971
20525992;42.151066
20527991;42.435749
20529992;42.720005
20532037;43.003841
20533998;43.287258
20535996;43.570240
20537998;43.852798
20539990;44.134922
20541996;44.416611
20544036;44.697861
20546023;44.978668
20548022;45.259033
20550015;45.538948
20552015;45.818417
20554031;46.097435
20556002;46.375996
20557998;46.654099
20559997;46.931744
20561994;47.208927
20564115;47.485634
20566023;47.761883
20568020;48.037659
20570012;48.312958
20572018;48.587780
20574016;48.862122
20576032;49.135986
20578023;49.409363
20580016;49.682243
20582015;49.954647
20584014;50.226551
20586035;50.497963
20588004;50.768871
20589994;51.039284
20591999;51.309193
20594001;51.578583
20595998;51.847477
20598036;52.115856
20600020;52.383720
20602017;52.651070
20604012;52.917896
20606018;53.184204
20608038;53.449982
20609999;53.715237
20611999;53.979958
20613991;54.244156
20615993;54.507809
20618004;54.770924
20620034;55.033501
20622019;55.295532
20624017;55.557018
20626017;55.817963
20628020;56.078350
20630033;56.338184
20632004;56.597466
20634000;56.856178
20635996;57.114338
20637997;57.371937
20639996;57.628967
20642032;57.885426
20644020;58.141319
20646016;58.396633
20648017;58.651371
20650017;58.905529
20652035;59.159111
20654016;59.412106
20656015;59.664516
20658015;59.916336
20660017;60.167557
20662109;60.418190
20664019;60.668228
20666011;60.917671
20668019;61.166508
20670017;61.414749
20672016;61.662376
20674040;61.909389
20676015;62.155800
20678027;62.401592
20680015;62.646778
20682016;62.891342
20684038;63.135277
20686000;63.378597
20687995;63.621284
20689999;63.863350
20692001;64.104782
20693999;64.345589
20696033;64.585754
20698024;64.825279
20700012;65.064171
20702015;65.302414
20704017;65.540009
20706030;65.776978
20708003;66.013275
20709997;66.248932
20711996;66.483932
20713994;66.718277
20716032;66.951958
20718001;67.184982
20719999;67.417351
20721993;67.649040
20723996;67.880074
20725997;68.110428
20728027;68.340118
20730006;68.569130
20731994;68.797462
20734001;69.025124
20735997;69.252098
20738037;69.478394
20740002;69.703995
20742003;69.928909
20743997;70.153137
20745999;70.376678
20748192;70.599518
20750026;70.821655
20752018;71.043106
20754019;71.263847
20756020;71.483887
20758017;71.703224
20760025;71.921852
20761992;72.139778
20763994;72.356972
20765996;72.573471
20767993;72.789238
20770032;73.004303
20771999;73.218636
20774001;73.432251
20775998;73.645142
20778002;73.857300
20779995;74.068741
20782038;74.279442
20784026;74.489403
20786018;74.698639
20788014;74.907135
20790017;75.114891
20792032;75.321915
20794004;75.528183
20796001;75.733711
20797998;75.938484
20799995;76.142517
20801996;76.345795
20804035;76.548325
20806017;76.750092
20808020;76.951103
20810015;77.151352
20812017;77.350845
20814032;77.549568
20816000;77.747536
20818000;77.944733
20819994;78.141159
20821996;78.336807
20823995;78.531693
20826039;78.725800
20828025;78.919128
20830025;79.111679
20832015;79.303452
20834017;79.494438
20836037;79.684631
20838002;79.874054
20839996;80.062675
20841999;80.250511
20843991;80.437561
20845998;80.623810
20848038;80.809273
20850022;80.993927
20852018;81.177780
20854019;81.360840
20856017;81.543091
20858034;81.724548
20860001;81.905190
20861998;82.085022
20864000;82.264038
20865994;82.442261
20868037;82.619659
20870000;82.796242
20871999;82.972015
20873997;83.146957
20875992;83.321083
20878034;83.494392
20880004;83.666870
20881994;83.838524
20883995;84.009354
20885995;84.179352
20887999;84.348526
20890038;84.516853
20892020;84.684349
20894017;84.851013
20896018;85.016846
20898017;85.181831
20900032;85.345985
20902001;85.509285
20903997;85.671745
20906000;85.833366
20908000;85.994133
20910002;86.154045
20912039;86.313118
20914023;86.471336
20916022;86.628700
20918019;86.785210
20920016;86.940865
20922031;87.095657
20923994;87.249596
20925996;87.402672
20927994;87.554886
20929995;87.706230
20931999;87.856712
20934030;88.006325
20936019;88.155075
20938016;88.302948
20940018;88.449944
20942015;88.596085
20944037;88.741341
20946000;88.885719
20947997;89.029221
20950000;89.171852
20951996;89.313599
20954000;89.454460
20956022;89.594444
20957993;89.733536
20960001;89.871750
20961996;90.009079
20963997;90.145508
20966037;90.281052
20968003;90.415710
20969998;90.549469
20971996;90.682343
20973999;90.814316
20975992;90.945389
20978037;91.075569
20980021;91.204857
20982018;91.333237
20984016;91.460716
20986017;91.587296
20988038;91.712967
20990005;91.837730
20991998;91.961594
20994005;92.084541
20995997;92.206589
20997997;92.327728
21000033;92.447952
21002018;92.567261
21004015;92.685661
21006016;92.803139
21008021;92.861542
21010035;93.035355
21012003;93.150093
21014000;93.263908
21016001;93.376793
21017995;93.488762
21020039;93.599808
21022002;93.709930
21024000;93.819130
21026002;93.927406
21028001;94.034752
21029998;94.141167
21032034;94.246658
21034018;94.351212
21036015;94.454842
21038022;94.557541
21040014;94.659302
21042031;94.760132
21044002;94.860016
21045997;94.958969
21048000;95.056992
21049995;95.154076
21052084;95.250214
21054019;95.345421
21056015;95.439682
21058020;95.532997
21060016;95.625374
21062010;95.716805
21064037;95.807289
21066020;95.896835
21068020;95.985428
21070015;96.073074
21072016;96.159775
21074043;96.245529
21075995;96.330322
21078002;96.414169
21079995;96.497070
21081999;96.579018
21084090;96.660011
21086023;96.740051
21088026;96.819130
21090015;96.897263
21092014;96.974442
21094013;97.050652
21096035;97.125908
21097999;97.200203
21099999;97.273544
21101993;97.345917
21103993;97.417343
21106098;97.487793
21108029;97.557297
21110020;97.625824
21112021;97.693390
21114014;97.759995
21116016;97.825638
21118038;97.890305
21120019;97.954018
21122020;98.016754
21124017;98.078529
21126016;98.139336
21128033;98.199173
21130002;98.258034
21132000;98.315933
21133997;98.372864
21135997;98.428818
21138003;98.483810
21140037;98.537819
21142020;98.590858
21144018;98.642929
21146018;98.694023
21148021;98.744141
21150038;98.793289
21152003;98.841454
21154000;98.888649
21155994;98.934868
21157998;98.980110
21159996;99.024376
21162043;99.067665
21164015;99.109970
21166019;99.151306
21168022;99.191658
21170019;99.231033
21172040;99.269432
21174000;99.306847
21175991;99.343285
21177994;99.378738
21179995;99.413208
21182101;99.446701
21184024;99.479218
21186013;99.510742
21188025;99.541290
21190017;99.570862
21192017;99.599442
21194038;99.627037
21196004;99.653656
21198001;99.679283
21199999;99.703934
21201996;99.727600
21204034;99.750282
21206001;99.771973
21207998;99.792686
21209995;99.812408
21211996;99.831154
21214000;99.848907
21216032;99.865685
21218019;99.881462
21220019;99.896263
21222016;99.910072
21224019;99.922905
21226035;99.934746
21228006;99.945602
21230001;99.955467
21231993;99.964348
21233995;99.972244
21235997;99.979149
21238034;99.985077
21240001;99.990005
21241995;99.993958
21243995;99.996918
21245997;99.998894
21248109;99.999878
21250018;99.999878
21252013;99.998894
21254015;99.996918
21256017;99.993958
21258021;99.990005
21260038;99.985077
21262024;99.979149
21264018;99.972244
21266015;99.964348
21268017;99.955467
21270036;99.945602
21271996;99.934746
21273999;99.922905
21275997;99.910072
21277999;99.896263
21280200;99.881462
21282025;99.865685
21284019;99.848907
21286016;99.831154
21288016;99.812408
21290016;99.792686
21292034;99.771973
21293994;99.750282
21295995;99.727600
21298000;99.703941
21299996;99.679283
21301999;99.653656
21304034;99.627037
21306022;99.599442
21308023;99.570862
21310020;99.541298
21312016;99.510750
21314026;99.479218
21316010;99.446701
21317995;99.413208
21320000;99.378738
21321994;99.343285
21324100;99.306847
21326022;99.269432
21328017;99.231033
21330020;99.191666
21332018;99.151306
21334017;99.109978
21336039;99.067673
21338011;99.024376
21339995;98.980110
21341991;98.934868
21343995;98.888657
21346000;98.841461
21348038;98.793289
21350016;98.744141
21352019;98.694023
21354016;98.642929
21356019;98.590866
21358034;98.537819
21360003;98.483810
21361994;98.428818
21363996;98.372864
21365997;98.315941
21368035;98.258041
21369997;98.199173
21372000;98.139343
21373997;98.078529
21376001;98.016754
21377994;97.954018
21380035;97.890312
21382018;97.825638
21384018;97.759995
21386016;97.693398
21388023;97.625824
21390033;97.557297
21391995;97.487801
21393997;97.417343
21395993;97.345932
21397997;97.273544
21399999;97.200211
21402036;97.125916
21404020;97.050652
21406014;96.974442
21408017;96.897270
21410014;96.819138
21412036;96.740051
21414000;96.660019
21415995;96.579018
21417999;96.497078
21420002;96.414177
21421990;96.330330
21424040;96.245529
21426020;96.159782
21428026;96.073082
21430019;95.985428
21432016;95.896843
21434038;95.807297
21435999;95.716812
21437997;95.625374
21440001;95.533005
21442000;95.439682
21443993;95.345428
21446035;95.250221
21448025;95.154076
21450015;95.057007
21452016;94.958984
21454015;94.860031
21456033;94.760132
21457998;94.659302
21460000;94.557549
21461996;94.454849
21463996;94.351219
21466001;94.246666
21468039;94.141174
21470020;94.034752
21472014;93.927414
21474019;93.819138
21476019;93.764648
21478033;93.599823
21480002;93.488770
21481995;93.376801
21484001;93.263916
21485998;93.150101
21488000;93.035362
21490040;92.919716
21492021;92.803146
21494020;92.685661
21496019;92.567268
21498019;92.447952
21500015;92.327728
21502034;92.206596
21504018;92.084557
21506011;91.961601
21508020;91.837738
21510018;91.712967
21512033;91.587296
21514001;91.460724
21515993;91.333237
21517998;91.204857
21519996;91.075584
21522049;90.945396
21524037;90.814323
21526022;90.682343
21528021;90.549477
21530012;90.415726
21532015;90.281067
21534037;90.145515
21536005;90.009079
21538002;89.871750
21540000;89.733551
21541998;89.594452
21543999;89.454468
21546038;89.313599
21548023;89.171860
21550015;89.029228
21552015;88.885727
21554015;88.741348
21556036;88.596085
21558002;88.449951
21559993;88.302948
21561994;88.155067
21563997;88.006332
21566038;87.856712
21568001;87.706230
21569997;87.554893
21571999;87.402679
21573995;87.249603
21575995;87.095680
21578036;86.940880
21580000;86.785217
21582002;86.628708
21583998;86.471344
21585999;86.313126
21588051;86.154068
21590032;85.994141
21592022;85.833374
21594012;85.671753
21596016;85.509285
21598015;85.345985
21600038;85.181847
21602001;85.016853
21603998;84.851021
21605994;84.684357
21608000;84.516853
21609999;84.348511
21612031;84.179352
21614023;84.009354
21616015;83.838524
21618018;83.666870
21620014;83.494385
21622034;83.321075
21624005;83.146980
21626004;82.972023
21627993;82.796249
21630000;82.619667
21632047;82.442268
21634034;82.264053
21636019;82.085037
21638021;81.905197
21640020;81.724556
21642019;81.543098
21644025;81.360847
21645998;81.177780
21647998;80.993942
21649998;80.809280
21651998;80.623817
21654033;80.437561
21655999;80.250511
21658000;80.062675
21659993;79.874062
21661996;79.684647
21664001;79.494438
21666022;79.303452
21667997;79.111679
21669998;78.919128
21671990;78.725800
21673993;78.531693
21676039;78.336807
21677999;78.141167
21679997;77.944740
21681997;77.747559
21683995;77.549591
21685995;77.350861
21688038;77.151367
21690021;76.951111
21692017;76.750099
21694019;76.548340
21696012;76.345810
21698040;76.142532
21700009;75.938499
21701998;75.733719
21703997;75.528183
21706001;75.321922
21708111;75.114906
21710020;74.907150
21712019;74.698647
21714017;74.489410
21716019;74.279442
21718025;74.068748
21720035;73.857307
21722018;73.645142
21724020;73.432251
21726016;73.218636
21728024;73.004295
21730040;72.789253
21732000;72.573486
21733991;72.356995
21735996;72.139786
21737994;71.921860
21739995;71.703232
21742037;71.483910
21744020;71.263863
21746012;71.043121
21748021;70.821671
21750014;70.599525
21752031;70.376678
21753996;70.153160
21755995;69.928932
21757999;69.816551
21759995;69.478401
21761998;69.252106
21764033;69.025124
21766018;68.797478
21768017;68.569145
21770018;68.340126
21772021;68.110435
21774038;67.880074
21776004;67.649040
21778002;67.417358
21780002;67.184998
21782002;66.951965
21784098;66.718277
21786025;66.483948
21788022;66.248940
21790016;66.013298
21792012;65.776993
21794020;65.540031
21796032;65.302429
21798020;65.064178
21800016;64.825287
21802017;64.585777
21804022;64.345604
21806033;64.104805
21808004;63.863361
21809998;63.621296
21811996;63.378597
21813998;63.135296
21816003;62.891354
21818034;62.646790
21820017;62.401604
21822010;62.155807
21824019;61.909397
21826009;61.662388
21828034;61.414753
21829998;61.166519
21831998;60.917675
21834000;60.668228
21835999;60.418213
21838051;60.167568
21840037;59.916359
21842022;59.664536
21844016;59.412121
21846015;59.159122
21848015;58.905560
21850033;58.651394
21852022;58.396656
21854015;58.141335
21856015;57.885437
21858023;57.628979
21860040;57.371964
21862005;57.114365
21864000;56.856201
21865995;56.597477
21867992;56.338192
21869991;56.078358
21872039;55.817978
21874021;55.557037
21876018;55.295544
21878020;55.033512
21880015;54.770927
21882211;54.507809
21884023;54.244167
21886018;53.979977
21888015;53.715248
21890014;53.449989
21892017;53.184204
21894037;52.917915
21896023;52.651100
21898019;52.383751
21900019;52.115883
21902016;51.847500
21904035;51.578606
21906005;51.309196
21907999;51.039307
21909996;50.768894
21911998;50.497978
21913999;50.226570
21916034;49.954655
21918023;49.682255
21920021;49.409382
21922015;49.136005
21924016;48.862137
21926036;48.587791
21927994;48.312962
21930002;48.037659
21932000;47.761898
21934000;47.485649
21936000;47.208931
21938037;46.931747
21940020;46.654099
21942013;46.375992
21944013;46.097446
21946020;45.818428
21948036;45.538975
21950003;45.259052
21951998;44.978683
21954001;44.697872
21956000;44.416637
21957999;44.134945
21960037;43.852818
21962021;43.570255
21964014;43.287266
21966018;43.003849
21968015;42.720028
21970035;42.435760
21972001;42.151081
21973995;41.865982
21975999;41.580467
21977994;41.294567
21979994;41.008240
21982035;40.721504
21984019;40.434368
21986016;40.146832
21988019;39.858898
21990010;39.570599
21992035;39.281879
21993999;38.992775
21995994;38.703285
21997994;38.413418
22000000;38.123165
22002051;37.832584
22004036;37.541588
22006018;37.250214
22008021;36.958477
22010015;36.666374
22012018;36.373913
22014029;36.081112
22015998;35.787930
22017998;35.494400
22019994;35.200516
22021996;34.906284
22024039;34.611710
22025995;34.316818
22028000;34.021561
22029997;33.725971
22031998;33.430046
22033997;33.133793
22036036;32.837212
22038021;32.540329
22040013;32.243107
22042014;31.945559
22044016;31.647699
22046037;31.349527
22048028;31.051048
22050020;30.752283
22052018;30.453190
22054014;30.153799
22056037;29.854134
22058004;29.554150
22059993;29.253874
22061996;28.953331
22063998;28.652481
22065998;28.351349
22068032;28.049934
22070004;27.748245
22072001;27.446281
22074001;27.144072
22075996;26.841568
22078040;26.538801
22079999;26.235771
22081998;25.932482
22083996;25.628939
22085997;25.325165
22088000;25.021118
22090036;24.716824
22092022;24.412287
22094020;24.107508
22096016;23.802490
22098016;23.497261
22100036;23.191778
22101998;22.886066
22103995;22.580128
22105996;22.273966
22107995;21.967585
22109990;21.661034
22112031;21.354221
22114017;21.047199
22116017;20.739969
22118018;20.432533
22120015;20.124922
22122034;19.817085
22124021;19.509054
22126015;19.200832
22128020;18.892418
22130014;18.583818
22132038;18.275061
22133997;17.966097
22135998;17.656956
22137995;17.347641
22140001;17.038157
22141995;16.728500
22144037;16.418705
22146015;16.108725
22148022;15.798585
22150021;15.488288
22152017;15.177840
22154037;14.867240
22156002;14.556519
22158001;14.245629
22159995;13.934599
22161996;13.623433
22164039;13.312154
22166007;13.000721
22168000;12.689183
22169993;12.377496
22171998;12.065687
22173998;11.753759
22176033;11.441715
22178024;11.129559
22180018;10.817315
22182014;10.504942
22184015;10.192464
22186034;9.879887
22188003;9.567211
22189998;9.254441
22191998;8.941605
22193999;8.628655
22195999;8.315620
22198037;8.002504
22200018;7.689308
22202015;7.376037
22204012;7.062716
22206011;6.749302
22208034;6.435822
22210001;6.122278
22212002;5.808673
22213996;5.495012
22216003;5.181319
22217996;4.867576
22220039;4.553761
22222020;4.239901
22224020;3.925998
22226020;3.612057
22228018;3.298105
22230036;2.984096
22232022;2.670057
22234018;2.355993
22236015;2.041904
22238017;1.727796
22240037;1.413695
22242000;1.099556
22243999;0.785405
22245999;0.471248
22247995;0.157085
22249998;-0.157079
22252035;-0.471218
22254003;-0.785375
22256003;-1.099525
22257999;-1.413665
22259996;-1.727790
22261999;-2.041898
22264034;-2.355963
22266017;-2.670027
22268019;-2.984066
22270016;-3.298074
22272016;-3.612027
22274035;-3.925944
22276001;-4.239846
22277998;-4.553706
22279995;-4.867522
22282000;-5.181289
22284002;-5.495005
22286035;-5.808643
22288021;-6.122248
22290019;-6.435792
22292014;-6.749272
22294013;-7.062686
22296033;-7.376031
22298020;-7.689279
22300017;-8.002474
22302011;-8.315591
22304017;-8.628626
22306038;-8.941574
22308003;-9.254436
22309996;-9.567182
22311989;-9.879857
22313993;-10.192435
22315991;-10.504911
22318034;-10.817286
22320019;-11.129552
22322015;-11.441686
22324012;-11.753706
22326016;-12.065634
22328035;-12.377443
22329997;-12.689130
22331999;-13.000690
22334001;-13.312101
22335992;-13.623403
22338001;-13.934570
22340034;-14.245600
22342016;-14.556490
22344015;-14.867234
22346016;-15.177811
22348015;-15.488259
22350040;-15.798555
22351998;-16.108694
22353993;-16.418676
22355994;-16.728497
22358005;-17.038126
22359996;-17.347612
22362034;-17.656927
22364017;-17.966068
22366012;-18.275030
22368018;-18.583813
22370014;-18.892389
22372031;-19.200802
22374003;-19.509026
22375998;-19.817057
22377998;-20.124868
22379994;-20.432505
22382048;-20.739916
22384034;-21.047146
22386017;-21.354168
22388019;-21.660980
22390014;-21.967579
22392020;-22.273960
22394037;-22.580097
22396002;-22.886036
22398002;-23.191748
22399994;-23.497232
22401999;-23.802485
22403994;-24.107500
22406032;-24.412256
22408021;-24.716795
22410014;-25.021088
22412011;-25.325138
22414016;-25.628933
22416034;-25.932476
22417997;-26.235741
22419997;-26.538771
22421992;-26.841539
22423994;-27.144041
22426000;-27.446276
22428037;-27.748240
22430019;-28.049908
22432018;-28.351297
22434017;-28.652430
22436011;-28.953281
22438031;-29.253843
22440001;-29.554098
22441999;-29.854084
22444001;-30.153772
22445999;-30.453163
22448066;-30.752254
22450019;-31.051043
22452014;-31.349501
22454019;-31.647673
22456014;-31.945532
22458017;-32.243076
22460037;-32.540302
22462025;-32.837208
22464016;-33.133766
22466015;-33.430019
22468014;-33.725945
22470120;-34.021534
22472026;-34.316792
22474020;-34.611706
22476018;-34.906258
22478017;-35.200489
22480016;-35.494373
22482035;-35.787903
22483997;-36.081081
22485996;-36.373882
22487996;-36.666325
22489995;-36.958427
22492037;-37.250168
22494001;-37.541534
22495992;-37.832535
22497999;-38.123161
22499993;-38.413387
22501995;-38.703259
22504036;-38.992748
22506020;-39.281853
22508020;-39.426250
22510013;-39.858894
22512016;-40.146805
22514032;-40.434341
22515998;-40.721478
22517998;-41.008209
22519997;-41.294540
22521993;-41.580467
22523998;-41.865955
22526033;-42.151054
22528027;-42.435734
22530020;-42.720001
22532020;-43.003841
22534013;-43.287262
22536033;-43.570229
22537997;-43.852791
22539998;-44.134895
22541994;-44.416592
22544000;-44.697845
22545994;-44.978657
22548040;-45.259007
22550020;-45.538925
22552016;-45.818401
22554017;-46.097420
22556016;-46.375988
22558035;-46.654095
22559993;-46.931721
22561994;-47.208904
22563997;-47.485622
22565995;-47.761871
22568003;-48.037647
22570034;-48.312950
22572001;-48.587757
22573994;-48.862106
22575996;-49.135971
22578001;-49.409351
22579995;-49.682243
22582037;-49.954624
22584023;-50.226532
22586017;-50.497948
22588019;-50.768864
22590011;-51.039280
22592031;-51.309193
22594003;-51.578552
22595999;-51.847446
22597996;-52.115829
22599997;-52.383698
22602000;-52.651054
22604033;-52.917885
22605995;-53.184174
22607996;-53.449959
22610001;-53.715218
22611995;-53.979946
22614115;-54.244137
22616020;-54.507797
22618020;-54.770897
22620014;-55.033482
22622014;-55.295517
22624013;-55.557007
22626032;-55.817951
22628023;-56.078346
22630018;-56.338161
22632017;-56.597446
22634019;-56.856174
22636030;-57.114334
22637998;-57.371933
22640000;-57.628967
22641997;-57.885414
22644001;-58.141304
22646052;-58.396626
22648032;-58.651344
22650015;-58.905514
22652014;-59.159096
22654017;-59.412075
22656015;-59.664490
22658040;-59.916313
22660006;-60.167545
22661997;-60.418182
22663993;-60.668224
22665997;-60.917645
22668052;-61.166489
22670035;-61.414730
22672017;-61.662357
22674018;-61.909382
22676021;-62.155796
22678019;-62.401573
22680037;-62.646759
22682004;-62.891323
22683997;-63.135265
22685999;-63.378590
22687999;-63.621284
22689993;-63.863338
22692035;-64.104774
22694020;-64.345573
22696013;-64.585747
22698020;-64.825279
22700017;-65.064171
22702038;-65.302383
22704021;-65.539993
22706018;-65.776947
22708020;-66.013260
22710018;-66.248917
22712038;-66.483917
22713994;-66.718254
22715992;-66.951942
22717996;-67.184967
22719996;-67.417336
22721990;-67.649033
22724035;-67.880043
22726021;-68.110413
22728021;-68.340096
22730018;-68.569115
22732013;-68.797455
22734044;-69.025116
22736003;-69.252083
22737996;-69.478378
22739998;-69.703987
22741993;-69.928902
22743996;-70.153137
22746039;-70.376678
22748021;-70.599503
22750016;-70.821648
22752012;-71.043098
22754019;-71.263847
22756034;-71.483871
22758001;-71.703209
22759997;-71.921829
22762000;-72.139755
22763998;-72.356949
22765999;-72.573456
22768040;-72.789230
22770018;-73.004295
22772017;-73.218613
22774013;-73.432228
22776014;-73.645126
22778033;-73.857292
22780000;-74.068726
22781993;-74.279434
22783994;-74.489388
22786002;-74.698624
22788055;-74.907127
22790039;-75.114883
22792023;-75.321899
22794021;-75.528183
22796019;-75.733711
22798023;-75.938477
22800040;-76.142525
22802005;-76.345787
22804000;-76.548302
22805996;-76.750092
22807999;-76.951096
22810045;-77.151337
22812037;-77.350845
22814018;-77.549561
22816018;-77.747513
22818021;-77.944717
22820019;-78.141136
22822033;-78.336807
22824019;-78.531677
22826021;-78.725777
22828018;-78.919121
22830015;-79.111656
22832040;-79.303444
22833998;-79.494415
22835996;-79.684639
22837995;-79.874046
22839993;-80.062660
22841994;-80.250511
22844038;-80.437546
22846026;-80.623817
22848018;-80.809258
22850020;-80.993912
22852021;-81.177780
22854040;-81.360832
22855996;-81.543098
22857996;-81.724533
22859989;-81.905197
22861998;-82.085022
22864052;-82.264038
22866033;-82.442261
22868025;-82.619652
22870018;-82.796249
22872017;-82.972008
22874016;-83.146942
22876033;-83.321091
22878026;-83.494377
22880019;-83.666878
22882016;-83.838524
22884017;-84.009369
22886037;-84.179352
22888002;-84.348511
22889996;-84.516838
22891995;-84.684326
22894002;-84.851006
22895996;-85.016823
22898038;-85.181801
22900022;-85.345963
22902020;-85.509262
22904017;-85.671738
22906016;-85.833344
22908038;-85.994102
22909999;-86.154037
22911996;-86.313095
22913997;-86.471329
22916002;-86.628685
22918000;-86.785210
22920036;-86.940849
22922020;-87.095634
22924018;-87.249588
22926016;-87.402657
22928020;-87.554878
22930036;-87.706215
22932002;-87.856689
22934000;-88.006317
22935998;-88.155052
22937998;-88.302948
22939998;-88.449944
22942035;-88.596085
22944021;-88.741333
22946019;-88.885704
22948019;-89.029221
22950018;-89.171837
22952040;-89.313599
22953997;-89.454453
22955999;-89.594421
22957997;-89.733536
22959993;-89.871742
22961999;-90.009079
22964038;-90.145508
22966022;-90.281067
22968018;-90.415703
22970012;-90.549461
22972016;-90.682343
22974033;-90.814308
22975993;-90.945396
22977997;-91.075569
22979993;-91.204849
22982001;-91.333237
22983998;-91.460709
22986036;-91.587296
22988026;-91.712967
22990020;-91.837738
22992017;-91.961601
22994017;-92.084541
22996039;-92.206596
22997997;-92.327705
22999998;-92.447945
23001997;-92.567245
23003995;-92.685638
23006004;-92.803131
23008041;-92.919693
23010017;-93.035355
23012015;-93.150070
23014017;-93.263885
23016016;-93.376785
23018038;-93.488747
23020001;-93.599800
23022001;-93.709923
23023997;-93.819130
23026000;-93.927399
23028031;-94.034737
23030002;-94.141159
23031996;-94.246643
23033999;-94.351212
23035999;-94.454834
23037998;-94.557526
23040040;-94.659294
23042020;-94.760117
23044013;-94.860016
23046018;-94.958969
23048021;-95.056999
23050038;-95.154068
23051995;-95.250206
23053999;-95.345413
23055993;-95.439674
23057998;-95.532997
23060000;-95.625374
23062037;-95.716789
23064020;-95.807289
23066022;-95.896828
23068021;-95.985428
23070017;-96.073074
23072031;-96.159782
23074004;-96.245522
23075998;-96.330322
23077993;-96.414177
23079996;-96.497070
23082038;-96.579018
23084002;-96.660011
23085998;-96.740044
23087999;-96.819138
23089998;-96.897255
23091999;-96.974442
23094037;-97.050652
23096022;-97.125916
23098018;-97.200203
23100014;-97.273544
23102016;-97.345924
23104039;-97.417343
23106000;-97.487793
23107997;-97.557281
23110001;-97.625809
23111999;-97.693382
23113999;-97.759987
23116036;-97.825630
23118019;-97.890297
23120015;-97.954010
23122015;-98.016754
23124017;-98.078522
23126037;-98.139336
23128002;-98.199165
23129998;-98.258034
23131995;-98.315933
23133999;-98.372856
23135997;-98.428818
23138039;-98.483803
23140022;-98.537811
23142017;-98.590858
23144015;-98.642929
23146015;-98.694023
23148038;-98.744133
23150000;-98.793289
23152001;-98.841454
23154000;-98.888657
23155998;-98.934868
23158000;-98.980103
23160032;-99.024376
23162015;-99.067665
23164021;-99.109978
23166017;-99.151306
23168020;-99.191666
23170035;-99.231033
23172020;-99.269424
23174016;-99.306847
23176012;-99.343285
23178019;-99.378738
23180032;-99.413208
23182000;-99.446701
23184001;-99.479218
23186006;-99.510742
23187998;-99.541298
23189999;-99.570862
23192036;-99.599442
23194022;-99.627037
23196016;-99.653656
23198020;-99.679283
23200018;-99.703934
23202038;-99.727600
23203999;-99.750282
23205999;-99.771973
23207998;-99.792686
23209993;-99.812408
23212000;-99.831161
23214038;-99.848907
23216021;-99.865677
23218020;-99.881462
23220018;-99.896263
23222018;-99.910072
23224037;-99.922905
23225997;-99.934746
23228000;-99.945602
23229996;-99.955460
23231998;-99.964348
23233998;-99.972244
23236034;-99.979149
23238020;-99.985069
23240014;-99.990005
23242016;-99.993958
23244016;-99.996910
23246035;-99.998894
23248025;-99.999878
23250015;-99.999878
23252014;-99.998894
23254012;-99.996918
23256033;-99.993958
23258001;-99.992104
23259999;-99.985077
23261996;-99.979149
23263997;-99.972244
23266105;-99.964348
23268032;-99.955467
23270018;-99.945602
23272014;-99.934746
23274019;-99.922905
23276014;-99.910080
23278038;-99.896263
23280000;-99.881462
23281997;-99.865685
23283999;-99.848907
23285996;-99.831161
23288050;-99.812416
23290029;-99.792686
23292021;-99.771973
23294013;-99.750282
23296023;-99.727600
23298019;-99.703934
23300022;-99.679283
23301998;-99.653656
23303993;-99.627037
23305998;-99.599442
23307994;-99.570862
23310032;-99.541298
23312008;-99.510750
23313998;-99.479218
23316000;-99.446709
23317999;-99.413208
23320001;-99.378738
23322031;-99.343285
23324016;-99.306854
23326014;-99.269440
23328020;-99.231041
23330017;-99.191666
23332032;-99.151314
23333998;-99.109985
23336000;-99.067673
23337992;-99.024384
23339998;-98.980118
23341999;-98.934868
23344037;-98.888657
23346023;-98.841461
23348019;-98.793289
23350016;-98.744148
23352017;-98.694023
23354036;-98.642937
23355997;-98.590866
23357998;-98.537827
23359997;-98.483810
23362004;-98.428825
23364052;-98.372871
23366034;-98.315941
23368024;-98.258049
23370012;-98.199181
23372014;-98.139343
23374018;-98.078537
23376029;-98.016754
23377999;-97.954025
23379993;-97.890312
23381996;-97.825638
23383997;-97.760002
23386047;-97.693398
23388032;-97.625824
23390023;-97.557297
23392017;-97.487801
23394013;-97.417351
23396015;-97.345924
23398034;-97.273552
23400000;-97.200203
23401995;-97.125916
23403994;-97.050652
23405997;-96.974442
23408113;-96.897270
23410020;-96.819138
23412015;-96.740051
23414019;-96.660011
23416015;-96.579018
23418017;-96.497086
23420038;-96.414177
23422019;-96.330330
23424015;-96.245522
23426018;-96.159782
23428019;-96.073074
23430032;-95.985443
23432000;-95.896851
23433992;-95.807304
23435989;-95.716820
23437996;-95.625381
23439997;-95.533012
23442033;-95.439697
23444022;-95.345428
23446014;-95.250237
23448022;-95.154083
23450019;-95.057007
23452131;-94.958984
23454022;-94.860039
23456015;-94.760147
23458019;-94.659309
23460013;-94.557556
23462016;-94.454849
23464038;-94.351234
23466019;-94.246681
23468021;-94.141182
23470011;-94.034767
23472013;-93.927414
23474034;-93.819145
23475995;-93.709961
23477995;-93.654999
23479998;-93.488785
23481998;-93.376801
23483995;-93.263916
23486035;-93.150093
23488023;-93.035370
23490018;-92.919724
23492018;-92.803154
23494019;-92.685677
23496038;-92.567268
23497999;-92.447960
23499998;-92.327744
23501993;-92.206596
23504001;-92.084564
23506041;-91.961601
23507999;-91.837738
23510005;-91.712967
23512000;-91.587296
23513995;-91.460732
23515996;-91.333237
23518038;-91.204865
23520019;-91.075569
23522019;-90.945396
23524016;-90.814331
23526011;-90.682343
23528040;-90.549484
23530003;-90.415703
23531996;-90.281067
23533994;-90.145508
23535997;-90.009079
23537999;-89.871780
23540036;-89.733559
23542018;-89.594475
23544017;-89.454475
23546017;-89.313622
23548019;-89.171890
23550040;-89.029243
23551998;-88.885750
23553998;-88.741356
23556004;-88.596107
23558001;-88.449959
23559996;-88.302971
23562035;-88.155106
23564020;-88.006340
23566019;-87.856735
23568020;-87.706238
23570018;-87.554901
23572036;-87.402702
23574005;-87.249611
23575995;-87.095680
23577994;-86.940872
23579996;-86.785233
23582051;-86.628708
23584033;-86.471352
23586021;-86.313148
23588020;-86.154060
23590011;-85.994148
23592015;-85.833374
23594032;-85.671761
23596005;-85.509315
23597999;-85.345993
23599996;-85.181847
23601995;-85.016846
23604038;-84.851036
23605997;-84.684349
23607998;-84.516861
23610002;-84.348534
23611994;-84.179352
23614000;-84.009369
23616036;-83.838524
23618021;-83.666878
23620017;-83.494408
23622019;-83.321091
23624017;-83.146973
23626037;-82.972008
23628002;-82.796249
23629995;-82.619652
23631997;-82.442261
23634000;-82.264069
23636050;-82.085022
23638034;-81.905197
23640020;-81.724533
23642015;-81.543098
23644015;-81.360855
23646015;-81.177811
23648038;-80.993965
23650020;-80.809288
23652016;-80.623840
23654013;-80.437599
23656015;-80.250534
23658037;-80.062714
23660005;-79.874077
23661996;-79.684669
23663998;-79.494446
23665993;-79.303474
23668001;-79.111710
23670038;-78.919151
23672014;-78.725830
23674014;-78.531708
23676016;-78.336838
23678017;-78.141197
23680039;-77.944756
23681998;-77.747574
23683994;-77.549591
23685999;-77.350876
23687997;-77.151367
23689999;-76.951126
23692035;-76.750122
23694020;-76.548340
23696019;-76.345825
23698024;-76.142525
23700012;-75.938507
23702038;-75.733742
23703998;-75.528191
23705999;-75.321938
23707991;-75.114906
23709996;-74.907158
23712050;-74.698639
23714035;-74.489418
23716021;-74.279465
23718019;-74.068741
23720021;-73.857323
23722016;-73.645142
23724030;-73.432266
23726001;-73.218666
23727996;-73.004303
23729994;-72.789261
23731992;-72.573471
23734038;-72.356987
23736003;-72.139763
23737996;-71.921860
23739996;-71.703247
23741996;-71.483887
23743997;-71.263863
23746041;-71.043098
23748023;-70.821671
23750018;-70.599533
23752016;-70.376678
23754016;-70.153191
23756035;-69.928940
23758004;-69.704033
23759994;-69.478439
23761995;-69.252129
23763994;-69.025169
23765996;-68.797493
23768037;-68.569168
23770019;-68.340134
23772019;-68.110466
23774012;-67.880119
23776015;-67.649063
23778040;-67.417389
23780003;-67.185005
23782000;-66.951988
23783993;-66.718323
23786001;-66.483955
23787996;-66.248970
23790037;-66.013298
23792020;-65.777000
23794016;-65.540024
23796018;-65.302437
23798014;-65.064201
23800033;-64.825294
23802003;-64.585785
23803997;-64.345589
23805996;-64.104805
23807997;-63.863392
23810035;-63.621307
23812001;-63.378628
23814000;-63.135292
23815998;-62.891365
23817995;-62.646778
23819997;-62.401615
23822034;-62.155830
23824029;-61.909401
23826015;-61.662399
23828020;-61.414749
23830013;-61.166527
23832036;-60.917706
23833998;-60.668243
23835997;-60.418217
23837997;-60.167564
23839994;-59.916348
23841993;-59.664505
23844038;-59.412109
23846019;-59.159134
23848017;-58.905529
23850015;-58.651386
23852014;-58.396626
23854036;-58.141327
23856004;-57.885448
23857999;-57.628967
23860001;-57.371990
23861998;-57.114376
23864034;-56.856228
23865999;-56.597485
23868000;-56.338223
23869996;-56.078403
23872002;-55.817993
23873997;-55.557068
23876037;-55.295555
23878028;-55.033539
23880018;-54.770977
23882016;-54.507839
23884015;-54.244198
23886039;-53.979980
23888002;-53.715279
23890002;-53.450001
23891995;-53.184235
23894000;-52.917946
23896132;-52.651096
23898031;-52.383762
23900021;-52.115868
23902017;-51.847504
23904018;-51.578636
23906012;-51.309212
23908039;-51.039322
23910007;-50.768887
23911993;-50.497990
23913996;-50.226559
23915997;-49.954666
23918146;-49.682285
23920023;-49.409370
23922012;-49.136013
23924015;-48.862125
23926017;-48.587799
23928018;-48.312996
23930036;-48.037670
23931996;-47.761909
23933998;-47.485641
23936000;-47.208942
23937998;-46.931778
23940038;-46.654110
23942001;-46.376026
23943996;-46.097439
23945998;-45.818439
23947998;-45.538944
23949998;-45.259045
23952037;-44.978695
23954000;-44.697865
23956000;-44.416630
23957998;-44.134918
23960002;-43.852810
23962142;-43.570271
23964033;-43.287258
23966021;-43.003864
23968022;-42.720039
23970010;-42.435799
23972014;-42.151093
23974035;-41.866016
23975997;-41.580528
23977995;-41.294582
23979997;-41.008274
23981995;-40.721519
23984046;-40.434402
23986037;-40.146889
23988024;-39.858932
23990014;-39.570629
23992014;-39.281891
23994015;-38.992809
23996034;-38.703300
23998001;-38.413452
23999995;-38.123226
24001998;-37.832577
24003993;-37.541599
24005991;-37.250210
24008037;-37.104397
24010022;-36.666412
24012012;-36.373924
24014013;-36.081123
24016016;-35.787922
24018037;-35.494415
24020019;-35.200508
24022015;-34.906300
24024015;-34.611748
24026019;-34.316807
24028037;-34.021576
24030006;-33.725964
24031996;-33.430061
24033996;-33.133827
24036001;-32.837227
24037997;-32.540344
24040034;-32.243095
24042022;-31.945574
24044013;-31.647692
24046016;-31.349543
24048020;-31.051085
24050041;-30.752274
24052010;-30.453205
24053997;-30.153790
24055997;-29.854124
24058000;-29.554165
24059996;-29.253864
24062038;-28.953323
24064018;-28.652451
24066021;-28.351339
24068023;-28.049904
24070020;-27.748236
24072035;-27.446297
24073996;-27.144039
24075998;-26.841604
24077995;-26.538816
24079994;-26.235809
24082001;-25.932545
24084032;-25.628975
24086016;-25.325203
24088023;-25.021133
24090013;-24.716862
24092019;-24.412348
24094040;-24.107544
24095997;-23.802551
24097997;-23.497276
24099994;-23.191816
24101998;-22.886080
24104041;-22.580164
24106000;-22.274027
24108000;-21.967623
24109998;-21.661047
24111995;-21.354214
24113996;-21.047215
24116035;-20.740007
24118027;-20.432549
24120017;-20.124935
24122016;-19.817076
24124017;-19.509069
24126032;-19.200823
24128020;-18.892433
24130018;-18.583858
24132013;-18.275051
24134016;-17.966110
24136034;-17.656948
24138008;-17.347656
24139997;-17.038193
24141996;-16.728516
24144001;-16.418720
24145995;-16.108715
24148037;-15.798600
24150023;-15.488279
24152017;-15.177855
24154020;-14.867279
24156018;-14.556509
24158036;-14.245645
24160005;-13.934591
24161997;-13.623447
24163997;-13.312168
24165999;-13.000711
24167996;-12.689175
24170036;-12.377464
24172020;-12.065679
24174016;-11.753728
24176016;-11.441707
24178019;-11.129574
24180047;-10.817284
24181995;-10.504933
24183995;-10.192480
24185996;-9.879926
24188001;-9.567274
24190055;-9.254481
24192039;-8.941644
24194027;-8.628671
24196015;-8.315660
24198020;-8.002520
24200016;-7.689348
24202040;-7.376100
24204015;-7.062732
24206013;-6.749341
24208019;-6.435838
24210017;-6.122317
24212036;-5.808736
24214005;-5.495050
24215996;-5.181358
24217997;-4.867567
24219999;-4.553775
24221996;-4.239939
24224037;-3.926013
24226018;-3.612096
24228023;-3.298096
24230015;-2.984111
24232012;-2.670048
24234036;-2.356008
24236001;-2.041943
24238000;-1.727811
24239997;-1.413710
24242002;-1.099547
24243998;-0.785421
24246037;-0.471287
24248019;-0.157100
24250016;0.157080
24252019;0.471237
24254014;0.785390
24256040;1.099535
24257999;1.413669
24260000;1.727790
24262000;2.041893
24264000;2.355976
24265995;2.670036
24268040;2.984070
24270017;3.298074
24272016;3.612046
24274016;3.925981
24276017;4.239879
24278030;4.553734
24280030;4.867544
24282015;5.181307
24284020;5.495018
24286017;5.808674
24288022;6.122274
24290038;6.435814
24292003;6.749289
24293999;7.062697
24295996;7.376038
24297995;7.689305
24300044;8.002495
24302033;8.315607
24304018;8.628635
24306015;8.941581
24308020;9.254436
24310014;9.567202
24312032;9.879873
24313998;10.192444
24315998;10.504917
24318004;10.817286
24320006;11.129548
24322003;11.441700
24324035;11.753738
24326017;12.065662
24328020;12.377467
24330016;12.689150
24332010;13.000705
24334037;13.312133
24335997;13.623430
24337998;13.934594
24339995;14.245617
24341998;14.556500
24344002;14.867243
24346037;15.177837
24348024;15.488280
24350017;15.798573
24352015;16.108707
24354019;16.418684
24356034;16.728498
24357999;17.038149
24359999;17.347628
24362000;17.656937
24364001;17.966076
24366117;18.275032
24368023;18.583811
24370017;18.892406
24372016;19.200811
24374014;19.509031
24376015;19.817057
24378042;20.124889
24380002;20.432520
24381993;20.739950
24384002;21.047176
24386002;21.354193
24388002;21.660999
24390038;21.967592
24392018;22.273970
24394020;22.580126
24396018;22.886059
24398022;23.191769
24400037;23.497246
24402000;23.802494
24404001;24.107506
24405995;24.412279
24408003;24.716812
24409994;25.021099
24412038;25.325144
24414022;25.628939
24416021;25.932476
24418019;26.235760
24420017;26.538784
24422038;26.841545
24423997;27.144045
24425996;27.446274
24427997;27.748230
24429996;28.049919
24432048;28.351324
24434036;28.652456
24436026;28.953299
24438018;29.253859
24440015;29.554132
24442013;29.854111
24444033;30.153793
24446003;30.453184
24447997;30.752268
24449993;31.051052
24451999;31.349527
24454036;31.647697
24456002;31.945551
24457998;32.243092
24459993;32.540310
24461995;32.837208
24464000;33.133785
24466038;33.430038
24468027;33.725952
24470021;34.021542
24472015;34.316792
24474018;34.611706
24476032;34.906273
24477996;35.200500
24479997;35.494377
24481997;35.787907
24484000;36.081081
24486041;36.373901
24488001;36.666363
24489999;36.958458
24491999;37.250191
24494000;37.541557
24495995;37.832550
24498036;38.123173
24499998;38.413418
24502002;38.703281
24503994;38.992767
24506001;39.281864
24508059;39.570580
24510039;39.858898
24512020;40.146824
24514020;40.434357
24516011;40.721493
24518017;41.008221
24520037;41.294548
24522021;41.580467
24524018;41.865971
24526013;42.151066
24528020;42.435749
24530037;42.720005
24532002;43.003841
24534000;43.287258
24535993;43.570240
24538000;43.852798
24539992;44.134922
24542037;44.416611
24544023;44.697861
24546013;44.978668
24548021;45.259033
24550021;45.538948
24552039;45.818417
24554004;46.097435
24555997;46.375996
24558003;46.654099
24559996;46.931744
24561998;47.208927
24564033;47.485634
24566014;47.761883
24568019;48.037659
24570020;48.312958
24572012;48.587780
24574037;48.862122
24575999;49.135986
24577999;49.409363
24579996;49.682243
24581997;49.954647
24584031;50.226551
24585998;50.497963
24588000;50.768871
24589992;51.039284
24591997;51.309193
24593996;51.578583
24596035;51.847477
24598019;52.115856
24600017;52.383720
24602014;52.651070
24604014;52.917896
24606036;53.184204
24607998;53.449982
24609995;53.715237
24611996;53.979958
24613996;54.244156
24615997;54.507809
24618041;54.770924
24620021;55.033501
24622016;55.295532
24624012;55.557018
24626015;55.817963
24628034;56.078350
24629995;56.338184
24632002;56.597466
24634000;56.856178
24635996;57.114338
24638001;57.371937
24640038;57.628967
24642023;57.885426
24644013;58.141319
24646016;58.396633
24648023;58.651371
24650038;58.905529
24651998;59.159111
24653997;59.412106
24655994;59.664516
24657996;59.916336
24659994;60.167557
24662037;60.418190
24664023;60.668228
24666020;60.917671
24668015;61.166508
24670013;61.414749
24672118;61.662376
24674025;61.909389
24676016;62.155800
24678014;62.401592
24680013;62.646778
24682018;62.891342
24684040;63.135277
24686021;63.378597
24688016;63.621284
24690016;63.863350
24692018;64.104782
24694036;64.345589
24696004;64.585754
24698000;64.825279
24699994;65.064171
24701998;65.302414
24703995;65.540009
24706034;65.776978
24708006;66.013275
24709989;66.248932
24711992;66.483932
24713996;66.718277
24716036;66.951958
24718000;67.184982
24719995;67.417351
24721994;67.649040
24724002;67.880074
24725991;68.110428
24728036;68.340118
24729997;68.569130
24731995;68.797462
24733996;69.025124
24735994;69.252098
24738036;69.478394
24740001;69.703995
24741998;69.928909
24743998;70.153137
24746001;70.376678
24748000;70.599518
24750038;70.821655
24752024;71.043106
24754022;71.263847
24756018;71.483887
24758018;71.593643
24760036;71.921852
24761997;72.139778
24764000;72.356972
24765996;72.573471
24768000;72.789238
24770115;73.004303
24772021;73.218636
24774021;73.432251
24776020;73.645142
24778020;73.857300
24780017;74.068741
24782036;74.279442
24783999;74.489403
24786001;74.698639
24787998;74.907135
24789995;75.114891
24792034;75.321915
24794001;75.528183
24796004;75.733711
24797993;75.938484
24799993;76.142517
24801991;76.345795
24804034;76.548325
24806019;76.750092
24808018;76.951103
24810017;77.151352
24812014;77.350845
24814039;77.549568
24816005;77.747536
24818000;77.944733
24819999;78.141159
24821993;78.336807
24823990;78.531693
24826038;78.725800
24828023;78.919128
24830016;79.111679
24832014;79.303452
24834016;79.494438
24836072;79.684631
24838037;79.874054
24840020;80.062675
24842022;80.250511
24844013;80.437561
24846015;80.623810
24848039;80.809273
24850019;80.993927
24852016;81.177780
24854019;81.360840
24856011;81.543091
24858035;81.724548
24860002;81.905190
24861996;82.085022
24863999;82.264038
24865999;82.442261
24867993;82.619659
24870041;82.796242
24872025;82.972015
24874019;83.146957
24876016;83.321083
24878021;83.494392
24880035;83.666870
24882000;83.838524
24883995;84.009354
24885994;84.179352
24887997;84.348526
24889994;84.516853
24892037;84.684349
24894020;84.851013
24896015;85.016846
24898020;85.181831
24900015;85.345985
24902032;85.509285
24903991;85.671745
24905989;85.833366
24907999;85.994133
24909997;86.154045
24912050;86.313118
24914032;86.471336
24916022;86.628700
24918027;86.785210
24920019;86.940865
24922018;87.095657
24924036;87.249596
24926004;87.402672
24928000;87.554886
24929992;87.706230
24931996;87.856712
24934038;88.006325
24936006;88.155075
24937997;88.302948
24940003;88.449944
24941996;88.596085
24943998;88.741341
24946034;88.885719
24948026;89.029221
24950016;89.171852
24952013;89.313599
24954013;89.454460
24956143;89.594444
24958029;89.733536
24960017;89.871750
24962022;90.009079
24964014;90.145508
24966018;90.281052
24968038;90.415710
24970020;90.549469
24972020;90.682343
24974018;90.814316
24976011;90.945389
24978028;91.075569
24980001;91.204857
24981997;91.333237
24983998;91.460716
24985997;91.587296
24988003;91.712967
24990034;91.837730
24992019;91.961594
24994015;92.084541
24996015;92.206589
24998026;92.327728
25000036;92.447952
25001998;92.567261
25003995;92.685661
25005993;92.803139
25008001;92.919708
25009995;93.035355
25012034;93.150093
25014003;93.263908
25015991;93.376793
25018000;93.488762
25019994;93.599808
25022040;93.709930
25023997;93.819130
25025996;93.927406
25027998;94.034752
25029994;94.141167
25031998;94.246658
25034033;94.351212
25036001;94.454842
25037999;94.557541
25040002;94.659302
25041996;94.760132
25044038;94.860016
25046000;94.958969
25047998;95.056992
25049999;95.154076
25051997;95.250214
25053993;95.345421
25056037;95.439682
25058022;95.532997
25060018;95.625374
25062017;95.716805
25064011;95.807289
25066038;95.896835
25067995;95.985428
25070001;96.073074
25071998;96.159775
25073997;96.245529
25075997;96.330322
25078034;96.414169
25079999;96.497070
25081997;96.579018
25083993;96.660011
25085997;96.740051
25088033;96.819130
25089999;96.897263
25091996;96.974442
25093999;97.050652
25095995;97.125908
25097998;97.200203
25100040;97.273544
25102014;97.345917
25104022;97.417343
25106016;97.487793
25108020;97.557297
25110037;97.625824
25111999;97.693390
25114001;97.759995
25115996;97.825638
25117998;97.890305
25120001;97.954018
25122037;98.016754
25124017;98.078529
25126011;98.139336
25128020;98.199173
25130015;98.258034
25132035;98.315933
25133998;98.372864
25136000;98.428818
25138000;98.483810
25140000;98.537819
25141999;98.590858
25144038;98.642929
25146019;98.694023
25148022;98.744141
25150015;98.793289
25152017;98.841454
25154033;98.888649
25156005;98.934868
25157999;98.980110
25159993;99.024376
25162000;99.067665
25164035;99.109970
25165998;99.151306
25168001;99.191658
25169995;99.231033
25171994;99.269432
25173996;99.306847
25176033;99.343285
25178021;99.378738
25180016;99.413208
25182019;99.446701
25184014;99.479218
25186037;99.510742
25188000;99.541290
25189996;99.570862
25192001;99.599442
25193999;99.627037
25195997;99.653656
25198039;99.679283
25200024;99.703934
25202016;99.727600
25204018;99.750282
25206018;99.771973
25208033;99.792686
25210001;99.812408
25211995;99.831154
25213999;99.848907
25216001;99.865685
25217997;99.881462
25220030;99.896263
25222002;99.910072
25223993;99.922905
25225993;99.934746
25227999;99.945602
25230038;99.955467
25232002;99.964348
25233999;99.972244
25235993;99.979149
25237998;99.985077
25239998;99.990005
25242033;99.993958
25244016;99.996918
25246013;99.998894
25248019;99.999878
25250015;99.999878
25252034;99.998894
25254002;99.996918
25256001;99.993958
25258003;99.990005
25259998;99.985077
25262050;99.979149
25264036;99.972244
25266014;99.964348
25268021;99.955467
25270019;99.945602
25272016;99.934746
25274033;99.922905
25276024;99.910072
25278019;99.896263
25280014;99.881462
25282016;99.865685
25284037;99.848907
25286005;99.831154
25287995;99.812408
25289997;99.792686
25291994;99.771973
25293997;99.750282
25296038;99.727600
25298001;99.703941
25299993;99.679283
25301997;99.653656
25303999;99.627037
25306058;99.599442
25308036;99.570862
25310018;99.541298
25312015;99.510750
25314013;99.479218
25316013;99.446701
25318033;99.413208
25320005;99.378738
25321997;99.343285
25323992;99.306847
25325996;99.269432
25328036;99.231033
25330001;99.191666
25332000;99.151306
25333997;99.109978
25335996;99.067673
25337997;99.024376
25340037;98.980110
25342016;98.934868
25344017;98.888657
25346017;98.841461
25348017;98.793289
25350038;98.744141
25351997;98.694023
25354001;98.642929
25355994;98.590866
25357993;98.537819
25359998;98.483810
25362036;98.428818
25364018;98.372864
25366017;98.315941
25368018;98.258041
25370018;98.199173
25372035;98.139343
25374000;98.078529
25375995;98.016754
25378002;97.954018
25379995;97.890312
25382053;97.825638
25384040;97.759995
25386025;97.693398
25388021;97.625824
25390016;97.557297
25392016;97.487801
25394034;97.417343
25396002;97.345932
25397999;97.273544
25399995;97.200211
25402006;97.125916
25403997;97.050652
25406029;96.974442
25408021;96.897270
25410020;96.819138
25412016;96.740051
25414018;96.660019
25416029;96.579018
25418006;96.497078
25419994;96.414177
25422000;96.330330
25423996;96.245529
25426033;96.159782
25428003;96.073082
25429993;95.985428
25431998;95.896843
25433994;95.807297
25435996;95.716812
25438042;95.625374
25440001;95.533005
25441997;95.439682
25443998;95.345428
25445999;95.250221
25448121;95.154076
25450022;95.057007
25452020;94.958984
25454020;94.860031
25456012;94.760132
25458021;94.659302
25460037;94.557549
25462019;94.454849
25464013;94.351219
25466012;94.246666
25468018;94.141174
25470037;94.034752
25471999;93.927414
25473997;93.819138
25475996;93.709938
25477996;93.599823
25479996;93.544411
25482036;93.376801
25484018;93.263916
25486015;93.150101
25488021;93.035362
25490015;92.919716
25492033;92.803146
25494021;92.685661
25496017;92.567268
25498018;92.447952
25500018;92.327728
25502041;92.206596
25504000;92.084557
25505998;91.961601
25507991;91.899780
25509998;91.712967
25511998;91.587296
25514035;91.460724
25516019;91.333237
25518020;91.204857
25520014;91.075584
25522015;90.945396
25524035;90.814323
25526001;90.682343
25527996;90.549477
25529999;90.415726
25531992;90.281067
25533999;90.145515
25536035;90.009079
25538021;89.871750
25540018;89.733551
25542014;89.594452
25544020;89.454468
25546039;89.313599
25548004;89.171860
25549996;89.029228
25551998;88.885727
25554000;88.741348
25555995;88.596085
25558040;88.449951
25560017;88.302948
25562016;88.155067
25564013;88.006332
25566018;87.856712
25568035;87.706230
25569998;87.554893
25572004;87.402679
25574001;87.249603
25576002;87.095680
25578034;86.940880
25580001;86.785217
25582000;86.628708
25583997;86.471344
25585998;86.313126
25587997;86.154068
25590036;85.994141
25592017;85.833374
25594019;85.671753
25596014;85.509285
25598020;85.345985
25600043;85.181847
25601997;85.016853
25603990;84.851021
25605998;84.684357
25607998;84.516853
25609995;84.348511
25612037;84.179352
25614024;84.009354
25616020;83.838524
25618022;83.666870
25620014;83.494385
25622139;83.321075
25624029;83.146980
25626014;82.972023
25628024;82.796249
25630012;82.619667
25632018;82.442268
25634039;82.264053
25635997;82.085037
25637998;81.905197
25640000;81.724556
25641993;81.543098
25644047;81.360847
25646033;81.177780
25648020;80.993942
25650017;80.809280
25652018;80.623817
25654014;80.437561
25656038;80.250511
25658005;80.062675
25659998;79.874062
25661998;79.684647
25663999;79.494438
25666124;79.303452
25668030;79.111679
25670019;78.919128
25672015;78.725800
25674017;78.531693
25676018;78.336807
25678037;78.141167
25680003;77.944740
25681991;77.747559
25683996;77.549591
25685996;77.350861
25688004;77.151367
25690039;76.951111
25692017;76.750099
25694012;76.548340
25696015;76.345810
25698024;76.142532
25700034;75.938499
25701999;75.733719
25704000;75.528183
25705998;75.321922
25708001;75.114906
25710002;74.907150
25712034;74.698647
25714015;74.489410
25716020;74.279442
25718018;74.068748
25720018;73.857307
25722045;73.645142
25724005;73.432251
25725998;73.218636
25727999;73.004295
25729996;72.789253
25732125;72.573486
25734021;72.356995
25736016;72.139786
25738019;71.921860
25740019;71.703232
25742016;71.483910
25744035;71.263863
25746026;71.043121
25748025;70.821671
25750018;70.599525
25752015;70.376678
25754030;70.153160
25756001;69.928932
25758002;69.704010
25759996;69.478401
25761999;69.252106
25764039;69.025124
25766000;68.797478
25767996;68.569145
25769994;68.340126
25771993;68.110435
25773995;67.880074
25776039;67.649040
25778023;67.417358
25780021;67.184998
25782014;66.951965
25784019;66.718277
25786122;66.483948
25788026;66.248940
25790017;66.013298
25792018;65.776993
25794014;65.540031
25796015;65.302429
25798034;65.064178
25800001;64.825287
25801997;64.585777
25803999;64.345604
25805997;64.104805
25808137;63.863361
25810021;63.621296
25812021;63.378597
25814016;63.135296
25816016;62.891354
25818023;62.646790
25820036;62.401604
25822021;62.155807
25824019;61.909397
25826020;61.662388
25828020;61.414753
25830037;61.166519
25831998;60.917675
25833994;60.668228
25835996;60.418213
25838002;60.167568
25839995;59.916359
25842038;59.664536
25844023;59.412121
25846019;59.159122
25848019;58.905560
25850019;58.651394
25852037;58.396656
25853998;58.141335
25855995;57.885437
25857993;57.628979
25859995;57.371964
25861998;57.114365
25864040;56.856201
25866016;56.597477
25868021;56.338192
25870014;56.078358
25872016;55.817978
25874038;55.557037
25876002;55.295544
25877996;55.033512
25880003;54.770927
25881998;54.507809
25884000;54.244167
25886034;53.979977
25887999;53.715248
25890000;53.449989
25891994;53.184204
25893992;52.917915
25896114;52.651100
25898023;52.383751
25900017;52.115883
25902015;51.847500
25904015;51.578606
25906017;51.309196
25908034;51.039307
25909999;50.768894
25911996;50.497978
25913995;50.226570
25915999;49.954655
25918049;49.682255
25920035;49.409382
25922018;49.136005
25924015;48.862137
25926014;48.587791
25928020;48.312962
25930035;48.037659
25931999;47.761898
25933999;47.485649
25936001;47.208931
25937997;46.931747
25940003;46.654099
25942035;46.375992
25944017;46.097446
25946022;45.818428
25948020;45.538975
25950015;45.259052
25952031;44.978683
25953997;44.697872
25955997;44.416637
25957995;44.134945
25960000;43.852818
25961998;43.570255
25964040;43.287266
25966021;43.003849
25968019;42.720028
25970019;42.435760
25972012;42.151081
25974035;41.865982
25976001;41.580467
25978001;41.294567
25979994;41.008240
25981995;40.721504
25983999;40.434368
25986037;40.146832
25988023;39.858898
25990018;39.570599
25992014;39.281879
25994015;38.992775
25996039;38.703285
25998002;38.413418
25999996;38.123165
26002000;37.832584
26003996;37.541588
26006000;37.250214
26008042;36.958477
26010020;36.666374
26012018;36.373913
26014016;36.081112
26016015;35.787930
26018039;35.494400
26020001;35.200516
26022000;34.906284
26023998;34.611710
26025998;34.316818
26028051;34.021561
26030030;33.725971
26032018;33.430046
26034019;33.133793
26036016;32.837212
26038021;32.540329
26040036;32.243107
26042015;31.945559
26044015;31.647699
26046012;31.349527
26048023;31.051048
26050040;30.752283
26051999;30.453190
26053997;30.153799
26055998;29.854134
26058003;29.554150
26059997;29.253874
26062035;28.953331
26064020;28.652481
26066015;28.351349
26068023;28.049934
26070016;27.748245
26072038;27.446281
26074002;27.144072
26075991;26.841568
26077991;26.538801
26080001;26.235771
26081998;25.932482
26084033;25.628939
26086022;25.325165
26088018;25.021118
26090016;24.716824
26092015;24.412287
26094039;24.107508
26095998;23.802490
26097999;23.497261
26099995;23.191778
26101992;22.886066
26104055;22.580128
26106033;22.273966
26108024;21.967585
26110019;21.661034
26112014;21.354221
26114016;21.047199
26116033;20.739969
26117999;20.432533
26119997;20.124922
26121998;19.817085
26123999;19.509054
26126062;19.200832
26128023;18.892418
26130017;18.583818
26132016;18.275061
26134014;17.966097
26136016;17.656956
26138033;17.347641
26140017;17.038157
26142016;16.728500
26144018;16.418705
26146012;16.108725
26148031;15.798585
26149998;15.488288
26152003;15.177840
26153996;14.867240
26155994;14.556519
26158000;14.245629
26160036;13.934599
26162016;13.623433
26164017;13.312154
26166014;13.000721
26168016;12.689183
26170038;12.377496
26172002;12.065687
26173996;11.753759
26175997;11.441715
26177994;11.129559
26180056;10.817315
26182036;10.504942
26184018;10.192464
26186015;9.879887
26188020;9.567211
26190017;9.254441
26192039;8.941605
26194022;8.628655
26196018;8.315620
26198017;8.002504
26200016;7.689308
26202070;7.376037
26204033;7.062716
26206019;6.749302
26208016;6.435822
26210015;6.122278
26212017;5.808673
26214042;5.495012
26216007;5.181319
26218000;4.867576
26219997;4.553761
26221997;4.239901
26224037;3.925998
26225997;3.612057
26227998;3.298105
26230002;2.984096
26231995;2.670057
26234000;2.355993
26236036;2.041904
26238024;1.727796
26240021;1.413695
26242014;1.099556
26244018;0.785405
26246035;0.471248
26248000;0.157085
26249996;-0.157079
26251998;-0.471218
26253998;-0.785375
26255997;-1.099525
26258035;-1.256585
26260020;-1.727790
26262020;-2.041898
26264014;-2.355963
26266016;-2.670027
26268041;-2.984066
26270002;-3.298074
26271998;-3.612027
26274000;-3.925944
26276000;-4.239846
26277996;-4.553706
26280037;-4.867522
26282018;-5.181289
26284017;-5.495005
26286016;-5.808643
26288018;-6.122248
26290041;-6.435792
26291998;-6.749272
26293998;-7.062686
26295993;-7.376031
26297997;-7.689279
26299995;-8.002474
26302036;-8.315591
26304024;-8.628626
26306014;-8.941574
26308018;-9.254436
26310014;-9.567182
26312078;-9.879857
26314023;-10.192435
26316019;-10.504911
26318016;-10.817286
26320018;-11.129552
26322018;-11.441686
26324039;-11.753706
26325997;-12.065634
26328000;-12.377443
26329993;-12.689130
26331997;-13.000690
26333995;-13.312101
26336035;-13.623403
26338025;-13.934570
26340017;-14.245600
26342016;-14.556490
26344010;-14.867234
26346040;-15.177811
26348018;-15.488259
26350014;-15.798555
26352016;-16.108694
26354015;-16.418676
26356041;-16.728497
26358000;-17.038126
26359998;-17.347612
26361995;-17.656927
26364000;-17.966068
26365995;-18.275030
26368041;-18.583813
26370026;-18.892389
26372020;-19.200802
26374020;-19.509026
26376021;-19.817057
26378032;-20.124868
26380001;-20.432505
26382000;-20.739916
26383995;-21.047146
26385997;-21.354168
26388000;-21.660980
26390035;-21.967579
26392021;-22.273960
26394015;-22.580097
26396016;-22.886036
26398023;-23.191748
26400033;-23.497232
26402001;-23.802485
26403998;-24.107500
26405993;-24.412256
26407994;-24.716795
26410002;-25.021088
26412037;-25.325138
26414019;-25.628933
26416014;-25.932476
26418018;-26.235741
26420018;-26.538771
26422036;-26.841539
26424005;-27.144041
26425997;-27.446276
26427997;-27.748240
26429998;-28.049908
26431995;-28.351297
26434036;-28.652430
26436022;-28.953281
26438019;-29.253843
26440019;-29.554098
26442019;-29.854084
26444039;-30.153772
26446001;-30.453163
26447998;-30.752254
26449997;-31.051043
26451998;-31.349501
26453999;-31.647673
26456038;-31.945532
26458025;-32.243076
26460012;-32.540302
26462017;-32.837208
26464013;-33.133766
26466034;-33.430019
26468005;-33.725945
26469999;-34.021534
26472001;-34.316792
26473998;-34.611706
26476041;-34.906258
26478009;-35.200489
26479998;-35.494373
26482000;-35.494373
26483994;-36.081081
26486000;-36.373882
26488038;-36.666325
26490021;-36.958427
26492017;-37.250168
26494013;-37.541534
26496011;-37.832535
26498037;-38.123161
26500001;-38.413387
26501997;-38.703259
26503995;-38.992748
26506001;-39.281853
26507995;-39.570568
26510032;-39.858894
26512020;-40.146805
26514022;-40.434341
26516016;-40.721478
26518019;-41.008209
26520039;-41.294540
26521996;-41.580467
26523998;-41.865955
26525997;-42.151054
26527997;-42.435734
26530047;-42.720001
26532034;-43.003841
26534021;-43.287262
26536020;-43.570229
26538026;-43.852791
26540017;-44.134895
26542035;-44.416592
26544004;-44.697845
26546001;-44.978657
26547998;-45.259007
26549998;-45.538925
26552137;-45.818401
26554023;-46.097420
26556017;-46.375988
26558022;-46.654095
26560016;-46.931721
26562019;-47.208904
26564037;-47.485622
26566001;-47.761871
26568000;-48.037647
26569995;-48.312950
26572000;-48.587757
26574033;-48.862106
26576003;-49.135971
26578000;-49.409351
26579995;-49.682243
26581994;-49.954624
26583992;-50.226532
26586037;-50.497948
26588019;-50.768864
26590015;-51.039280
26592012;-51.309193
26594014;-51.578552
26596039;-51.847446
26598002;-52.115829
26599995;-52.383698
26602001;-52.651054
26603995;-52.917885
26606131;-53.184174
26608025;-53.449959
26610012;-53.715218
26612014;-53.979946
26614016;-54.244137
26616013;-54.507797
26618033;-54.770897
26620004;-55.033482
26622001;-55.295517
26623995;-55.557007
26625999;-55.817951
26628128;-56.078346
26630024;-56.338161
26632018;-56.597446
26634017;-56.856174
26636017;-57.114334
26638018;-57.371933
26640036;-57.628967
26642017;-57.885414
26644010;-58.141304
26646020;-58.396626
26648020;-58.651344
26650035;-58.905514
26651999;-59.159096
26654000;-59.412075
26655999;-59.664490
26658001;-59.916313
26659999;-60.167545
26662038;-60.418182
26664022;-60.668224
26666016;-60.917645
26668020;-61.166489
26670018;-61.414730
26672140;-61.662357
26674028;-61.909382
26676017;-62.155796
26678022;-62.401573
26680016;-62.646759
26682013;-62.891323
26684037;-63.135265
26686018;-63.378590
26688017;-63.621284
26690016;-63.863338
26692015;-64.104774
26694029;-64.345573
26695993;-64.585747
26697995;-64.825279
26699998;-65.064171
26701996;-65.302383
26703998;-65.539993
26706038;-65.776947
26708019;-66.013260
26710020;-66.248917
26712017;-66.483917
26714014;-66.718254
26716038;-66.951942
26717997;-67.184967
26719989;-67.417336
26721999;-67.649033
26723993;-67.880043
26726000;-68.110413
26728038;-68.340096
26730025;-68.569115
26732017;-68.797455
26734016;-69.025116
26736015;-69.252083
26738036;-69.478378
26740002;-69.703987
26741998;-69.928902
26744001;-70.153137
26745998;-70.376678
26747999;-70.599503
26750035;-70.821648
26752021;-71.043098
26754022;-71.263847
26756015;-71.483871
26758017;-71.703209
26760039;-71.921829
26762003;-72.139755
26763998;-72.356949
26765996;-72.573456
26767998;-72.789230
26770140;-73.004295
26772029;-73.218613
26774018;-73.432228
26776017;-73.645126
26778024;-73.857292
26780019;-74.068726
26782035;-74.279434
26783998;-74.489388
26786000;-74.698624
26787999;-74.907127
26789993;-75.114883
26792056;-75.321899
26794037;-75.528183
26796021;-75.733711
26798021;-75.938477
26800019;-76.142525
26802015;-76.345787
26804042;-76.548302
26806023;-76.750092
26808018;-76.951096
26810014;-77.151337
26812014;-77.350845
26814033;-77.549561
26815999;-77.747513
26817999;-77.944717
26819999;-78.141136
26821997;-78.336807
26823992;-78.531677
26826036;-78.725777
26828029;-78.919121
26830021;-79.111656
26832011;-79.303444
26834016;-79.494415
26836038;-79.684639
26837999;-79.874046
26839995;-80.062660
26841994;-80.250511
26843995;-80.437546
26846000;-80.623817
26848040;-80.809258
26850021;-80.993912
26852016;-81.177780
26854017;-81.360832
26856012;-81.543098
26858037;-81.724533
26860001;-81.905197
26862001;-82.085022
26863998;-82.264038
26865994;-82.442261
26868158;-82.619652
26870023;-82.796249
26872011;-82.972008
26874016;-83.146942
26876018;-83.321091
26878022;-83.494377
26880032;-83.666878
26882019;-83.838524
26884013;-84.009369
26886016;-84.179352
26888021;-84.348511
26890147;-84.516838
26892022;-84.684326
26894018;-84.851006
26896020;-85.016823
26898015;-85.181801
26900016;-85.345963
26902041;-85.509262
26904001;-85.671738
26905992;-85.833344
26908001;-85.994102
26909990;-86.154037
26912054;-86.313095
26914034;-86.471329
26916020;-86.628685
26918021;-86.785210
26920012;-86.940849
26922013;-87.095634
26924034;-87.249588
26926023;-87.402657
26928019;-87.554878
26930013;-87.706215
26932013;-87.856689
26934034;-88.006317
26935993;-88.155052
26937992;-88.302948
26940000;-88.449944
26941998;-88.596085
26943995;-88.741333
26946035;-88.885704
26948024;-89.029221
26950017;-89.171837
26952022;-89.313599
26954016;-89.454453
26956036;-89.594421
26958003;-89.733536
26959996;-89.871742
26962001;-90.009079
26963995;-90.145508
26965999;-90.281067
26968036;-90.415703
26970004;-90.549461
26972000;-90.682343
26974000;-90.814308
26975998;-90.945396
26978036;-91.075569
26980000;-91.204849
26982001;-91.333237
26983999;-91.460709
26985997;-91.587296
26988004;-91.712967
26990039;-91.837738
26992016;-91.961601
26994016;-92.084541
26996018;-92.206596
26998020;-92.327705
27000035;-92.447945
27002016;-92.567245
27004016;-92.685638
27006014;-92.803131
27008014;-92.861526
27010169;-93.035355
27012026;-93.150070
27014020;-93.263885
27016011;-93.376785
27018018;-93.488747
27020017;-93.599800
27022031;-93.709923
27024000;-93.819130
27025995;-93.927399
27027999;-94.034737
27029994;-94.141159
27032142;-94.246643
27034025;-94.351212
27036018;-94.454834
27038022;-94.557526
27040012;-94.659294
27042015;-94.760117
27044036;-94.860016
27046002;-94.958969
27047998;-95.056999
27050000;-95.154068
27051999;-95.250206
27054034;-95.345413
27056001;-95.439674
27058002;-95.532997
27059997;-95.625374
27061995;-95.716789
27063997;-95.807289
27066031;-95.896828
27068022;-95.985428
27070014;-96.073074
27072015;-96.159782
27074016;-96.245522
27076040;-96.330322
27078003;-96.414177
27079995;-96.497070
27081999;-96.579018
27083998;-96.660011
27085999;-96.740044
27088039;-96.819138
27090017;-96.897255
27092020;-96.974442
27094016;-97.050652
27096014;-97.125916
27098040;-97.200203
27100017;-97.273544
27102014;-97.345924
27104017;-97.417343
27106014;-97.487793
27108035;-97.557281
27110004;-97.625809
27111991;-97.693382
27113997;-97.759987
27115998;-97.825630
27118052;-97.890297
27120034;-97.954010
27122024;-98.016754
27124022;-98.078522
27126015;-98.139336
27128017;-98.199165
27130025;-98.258034
27131997;-98.315933
27133998;-98.372856
27135994;-98.428818
27137999;-98.483803
27140036;-98.537811
27142000;-98.590858
27143999;-98.642929
27146005;-98.694023
27147996;-98.744133
27149996;-98.793289
27152039;-98.841454
27154020;-98.888657
27156017;-98.934868
27158016;-98.980103
27160018;-99.024376
27162035;-99.067665
27163999;-99.109978
27165999;-99.151306
27167999;-99.191666
27169993;-99.231033
27171999;-99.269424
27174036;-99.306847
27176022;-99.343285
27178018;-99.378738
27180016;-99.413208
27182010;-99.446701
27184042;-99.479218
27186005;-99.510742
27187994;-99.541298
27189995;-99.570862
27191993;-99.599442
27194001;-99.627037
27196039;-99.653656
27198026;-99.679283
27200015;-99.703934
27202013;-99.727600
27204017;-99.750282
27206039;-99.771973
27208001;-99.792686
27210002;-99.812408
27211996;-99.831161
27213991;-99.848907
27215996;-99.865677
27218033;-99.881462
27220022;-99.896263
27222016;-99.910072
27224013;-99.922905
27226020;-99.934746
27228038;-99.945602
27229997;-99.955460
27231997;-99.964348
27233995;-99.972244
27235998;-99.979149
27238000;-99.985069
27240041;-99.990005
27242021;-99.993958
27244020;-99.996910
27246018;-99.998894
27248022;-99.999878
27250041;-99.999878
27252000;-99.998894
27253995;-99.996918
27256001;-99.993958
27257994;-99.990013
27259995;-99.985077
27262040;-99.979149
27264020;-99.972244
27266014;-99.964348
27268018;-99.955467
27270015;-99.945602
27272032;-99.934746
27274000;-99.922905
27276003;-99.910080
27277997;-99.896263
27279992;-99.881462
27281992;-99.865685
27284037;-99.848907
27286020;-99.831161
27288023;-99.812416
27290011;-99.792686
27292014;-99.771973
27294035;-99.750282
27296002;-99.727600
27297998;-99.703934
27299998;-99.679283
27302000;-99.653656
27303999;-99.627037
27306034;-99.599442
27308026;-99.570862
27310014;-99.541298
27312014;-99.510750
27314018;-99.479218
27316030;-99.446709
27317999;-99.413208
27320000;-99.378738
27321996;-99.343285
27323993;-99.306854
27325999;-99.269440
27328042;-99.231041
27330004;-99.191666
27331999;-99.151314
27333993;-99.109985
27335992;-99.067673
27337998;-99.024384
27340038;-98.980118
27342025;-98.934868
27344012;-98.888657
27346018;-98.841461
27348022;-98.793289
27350036;-98.744148
27351999;-98.694023
27353999;-98.642937
27355996;-98.590866
27357995;-98.537827
27359995;-98.483810
27362033;-98.428825
27364017;-98.372871
27366016;-98.315941
27368019;-98.258049
27370012;-98.199181
27372036;-98.139343
27374004;-98.078537
27376000;-98.016754
27377999;-97.954025
27379996;-97.890312
27381996;-97.825638
27384036;-97.760002
27386020;-97.693398
27388021;-97.625824
27390014;-97.557297
27392021;-97.487801
27394032;-97.417351
27395998;-97.345924
27397993;-97.273552
27399996;-97.200203
27402002;-97.125916
27404004;-97.050652
27406035;-96.974442
27408026;-96.897270
27410015;-96.819138
27412019;-96.740051
27414015;-96.660011
27416042;-96.579018
27418004;-96.497086
27420001;-96.414177
27421996;-96.330330
27423999;-96.245522
27425997;-96.159782
27428035;-96.073074
27430021;-95.985443
27432023;-95.896851
27434015;-95.807304
27436017;-95.716820
27438039;-95.625381
27439995;-95.533012
27442005;-95.439697
27443994;-95.345428
27445995;-95.250237
27447998;-95.154083
27450034;-95.057007
27452022;-94.958984
27454013;-94.860039
27456014;-94.760147
27458017;-94.659309
27460039;-94.557556
27462004;-94.454849
27463997;-94.351234
27465995;-94.246681
27467999;-94.141182
27469994;-94.034767
27472037;-93.927414
27474023;-93.819145
27476022;-93.709961
27478022;-93.599823
27480017;-93.488785
27482042;-93.432899
27484002;-93.263916
27485998;-93.150093
27487996;-93.035370
27489990;-92.919724
27491999;-92.803154
27494036;-92.685677
27496020;-92.567268
27498021;-92.447960
27500018;-92.327744
27502018;-92.206596
27504038;-92.084564
27505994;-91.961601
27507997;-91.837738
27509993;-91.712967
27511996;-91.587296
27513998;-91.460732
27516040;-91.333237
27518024;-91.204865
27520016;-91.075569
27522012;-90.945396
27524019;-90.814331
27526028;-90.682343
27528003;-90.549484
27529999;-90.415703
27531997;-90.281067
27533991;-90.145508
27535999;-90.009079
27538037;-89.871780
27540018;-89.733559
27542016;-89.594475
27544018;-89.454475
27546017;-89.313622
27548033;-89.171890
27549996;-89.029243
27551998;-88.885750
27553997;-88.741356
27555999;-88.596107
27558060;-88.449959
27560032;-88.302971
27562015;-88.155106
27564017;-88.006340
27566010;-87.856735
27568019;-87.706238
27570037;-87.554901
27572017;-87.402702
27574014;-87.249611
27576016;-87.095680
27578016;-86.940872
27580165;-86.785233
27582027;-86.628708
27584018;-86.471352
27586016;-86.313148
27588020;-86.154060
27590021;-85.994148
27592037;-85.833374
27594002;-85.671761
27596002;-85.509315
27598001;-85.345993
27599996;-85.181847
27601997;-85.016846
27604040;-84.851036
27606022;-84.684349
27608022;-84.516861
27610013;-84.348534
27612015;-84.179352
27614037;-84.009369
27616004;-83.838524
27617999;-83.666878
27619995;-83.494408
27621998;-83.321091
27623995;-83.146973
27626035;-82.972008
27628020;-82.796249
27630023;-82.619652
27632018;-82.442261
27634015;-82.264069
27636038;-82.085022
27637995;-81.905197
27639999;-81.724533
27642001;-81.543098
27643994;-81.360855
27646054;-81.177811
27648037;-80.993965
27650018;-80.809288
27652012;-80.623840
27654017;-80.437599
27656023;-80.250534
27658034;-80.062714
27659996;-79.874077
27661994;-79.684669
27664002;-79.494446
27665998;-79.303474
27668049;-79.111710
27670035;-78.919151
27672018;-78.725830
27674018;-78.531708
27676014;-78.336838
27678018;-78.141197
27680042;-77.944756
27682004;-77.747574
27684000;-77.549591
27685999;-77.350876
27687992;-77.151367
27690046;-76.951126
27692037;-76.750122
27694019;-76.548340
27696017;-76.345825
27698020;-76.142525
27700017;-75.938507
27702035;-75.733742
27704016;-75.528191
27706012;-75.321938
27708019;-75.114906
27710014;-74.907158
27712146;-74.698639
27714022;-74.489418
27716019;-74.279465
27718018;-74.068741
27720019;-73.857323
27722018;-73.645142
27724032;-73.432266
27726022;-73.218666
27728016;-73.004303
27730016;-72.789261
27732015;-72.573471
27734037;-72.356987
27735997;-72.139763
27738000;-71.921860
27739997;-71.703247
27741996;-71.483887
27743999;-71.263863
27746040;-71.043098
27748024;-70.821671
27750018;-70.599533
27752012;-70.376678
27754015;-70.153191
27756036;-69.928940
27758003;-69.816574
27759997;-69.478439
27761996;-69.252129
27764001;-69.025169
27766002;-68.797493
27768040;-68.569168
27770020;-68.340134
27772016;-68.110466
27774014;-67.880119
27776011;-67.649063
27778138;-67.417389
27780028;-67.185005
27782024;-66.951988
27784023;-66.718323
27786016;-66.483955
27788022;-66.248970
27790032;-66.013298
27792021;-65.777000
27794014;-65.540024
27796019;-65.302437
27798020;-65.064201
27800032;-64.825294
27801995;-64.585785
27803999;-64.345589
27805999;-64.104805
27808002;-63.863392
27809998;-63.621307
27812039;-63.378628
27814022;-63.135292
27816015;-62.891365
27818015;-62.646778
27820016;-62.401615
27822034;-62.155830
27823995;-61.909401
27826001;-61.662399
27828000;-61.414749
27829994;-61.166527
27831995;-60.917706
27834040;-60.668243
27836017;-60.418217
27838017;-60.167564
27840012;-59.916348
27842021;-59.664505
27844024;-59.412109
27846000;-59.159134
27847998;-58.905529
27849999;-58.651386
27851999;-58.396626
27854033;-58.141327
27855999;-57.885448
27857994;-57.628967
27859994;-57.371990
27861998;-57.114376
27863993;-56.856228
27866035;-56.597485
27868027;-56.338223
27870014;-56.078403
27872012;-55.817993
27874019;-55.557068
27876048;-55.295555
27878024;-55.033539
27880015;-54.770977
27882018;-54.507839
27884016;-54.244198
27886018;-53.979980
27888036;-53.715279
27890018;-53.450001
27892018;-53.184235
27894016;-52.917946
27896013;-52.651096
27898037;-52.383762
27900000;-52.115868
27902002;-51.847504
27904001;-51.578636
27905996;-51.309212
27907998;-51.039322
27910036;-50.768887
27912019;-50.497990
27914017;-50.226559
27916017;-49.954666
27918016;-49.682285
27920037;-49.409370
27922002;-49.136013
27923998;-48.862125
27925990;-48.587799
27927999;-48.312996
27930037;-48.037670
27932003;-47.761909
27933999;-47.485641
27935999;-47.208942
27937997;-46.931778
27940000;-46.654110
27942038;-46.376026
27944019;-46.097439
27946015;-45.818439
27948013;-45.538944
27950013;-45.259045
27952027;-44.978695
27954001;-44.697865
27955993;-44.416630
27957995;-44.134918
27959995;-43.852810
27961996;-43.570271
27964033;-43.287258
27966020;-43.003864
27968019;-42.720039
27970024;-42.435799
27972017;-42.151093
27974014;-41.866016
27976034;-41.580528
27978019;-41.294582
27980011;-41.008274
27982014;-40.721519
27984014;-40.434402
27986030;-40.146889
27988002;-39.858932
27990000;-39.570629
27991996;-39.281891
27993997;-38.992809
27996042;-38.703300
27998003;-38.413452
28000004;-38.123226
28001992;-37.832577
28003998;-37.541599
28005998;-37.250210
28008022;-36.958492
28010003;-36.666412
28011996;-36.373924
28013993;-36.081123
28015995;-35.787922
28018034;-35.494415
28020005;-35.200508
28022000;-34.906300
28023999;-34.611748
28025997;-34.316807
28027999;-34.021576
28030037;-33.725964
28032018;-33.430061
28034019;-33.133827
28036018;-32.837227
28038021;-32.540344
28040037;-32.243095
28042024;-31.945574
28044018;-31.647692
28046013;-31.349543
28048019;-31.051085
28050040;-30.752274
28052002;-30.453205
28054001;-30.153790
28056000;-29.854124
28057996;-29.554165
28059993;-29.253864
28062033;-28.953323
28064002;-28.652451
28065997;-28.351339
28067999;-28.049904
28069996;-27.748236
28072040;-27.446297
28074002;-27.144039
28076003;-26.841604
28077999;-26.538816
28079998;-26.235809
28081997;-25.932545
28084034;-25.628975
28086016;-25.325203
28088018;-25.021133
28090017;-24.716862
28092016;-24.412348
28094038;-24.107544
28096000;-23.802551
28097998;-23.497276
28099997;-23.191816
28102000;-22.886080
28104000;-22.580164
28106040;-22.274027
28108027;-21.967623
28110022;-21.661047
28112023;-21.354214
28114021;-21.047215
28116028;-20.740007
28117997;-20.432549
28119995;-20.124935
28121997;-19.817076
28123998;-19.509069
28125999;-19.200823
28128036;-18.892433
28130019;-18.583858
28132016;-18.275051
28134018;-17.966110
28136011;-17.656948
28138036;-17.347656
28140005;-17.038193
28142000;-16.728516
28143999;-16.418720
28146001;-16.108715
28148037;-15.798600
28150008;-15.488279
28151996;-15.177855
28153995;-14.867279
28156001;-14.556509
28157995;-14.245645
28160040;-13.934591
28162019;-13.623447
28164014;-13.312168
28166017;-13.000711
28168025;-12.689175
28170040;-12.377464
28171998;-12.065679
28173996;-11.753728
28175995;-11.441707
28177995;-11.129574
28179994;-10.817284
28182037;-10.504933
28184024;-10.192480
28186013;-9.879926
28188020;-9.567274
28190014;-9.254481
28192037;-8.941644
28193999;-8.628671
28195994;-8.315660
28197992;-8.002520
28199997;-7.689348
28202050;-7.376100
28204034;-7.062732
28206016;-6.749341
28208017;-6.435838
28210015;-6.122317
28212018;-5.808736
28214038;-5.495050
28216015;-5.181358
28218019;-4.867567
28220013;-4.553775
28222015;-4.239939
28224038;-3.926013
28226000;-3.612096
28228001;-3.298096
28230001;-2.984111
28232000;-2.670048
28234003;-2.356008
28236036;-2.041943
28238019;-1.727811
28240016;-1.413710
28242015;-1.099547
28244014;-0.785421
28246038;-0.471287
28248006;-0.157100
28249996;0.157080
28251994;0.471237
28254001;0.785390
28256034;1.099535
28258003;1.413669
28259996;1.727790
28261995;2.041893
28263996;2.355976
28265994;2.670036
28268036;2.984070
28270009;3.298074
28271995;3.612046
28273996;3.925981
28275992;4.239879
28278035;4.553734
28280007;4.867544
28281998;5.181307
28283993;5.495018
28285994;5.808674
28287997;6.122274
28290041;6.435814
28292022;6.749289
28294018;7.062697
28296020;7.376038
28298020;7.689305
28300040;8.002495
28302002;8.315607
28303992;8.628635
28305998;8.941581
28307998;9.254436
28309995;9.567202
28312039;9.879873
28314009;10.192444
28315996;10.504917
28317993;10.817286
28320002;11.129548
28322183;11.441700
28324021;11.753738
28326015;12.065662
28328021;12.377467
28330012;12.689150
28332015;13.000705
28334038;13.312133
28336022;13.623430
28338021;13.934594
28340019;14.245617
28342016;14.556500
28344037;14.867243
28346025;15.177837
28348020;15.488280
28350018;15.798573
28352019;16.108707
28354016;16.418684
28356086;16.728498
28358027;17.038149
28360021;17.347628
28362017;17.656937
28364017;17.966076
28366016;18.275032
28368038;18.583811
28370024;18.892406
28372018;19.200811
28374018;19.509031
28376018;19.817057
28378039;20.124889
28379998;20.432520
28381996;20.739950
28383997;21.047176
28385994;21.354193
28388057;21.660999
28390038;21.967592
28392026;22.273970
28394014;22.580126
28396014;22.886059
28398019;23.191769
28400035;23.497246
28402022;23.802494
28404016;24.107506
28406013;24.412279
28408019;24.716812
28410066;25.021099
28412020;25.325144
28414017;25.628939
28416014;25.932476
28418020;26.235760
28420016;26.538784
28422029;26.841545
28423998;27.144045
28425999;27.446274
28427996;27.748230
28429997;28.049919
28432041;28.351324
28433995;28.652456
28435999;28.953299
28438001;29.253859
28439993;29.554132
28442038;29.854111
28444005;30.153793
28446000;30.453184
28447999;30.752268
28449991;31.051052
28452000;31.349527
28454037;31.647697
28456020;31.945551
28458023;32.243092
28460016;32.540310
28462017;32.837208
28464038;33.133785
28466004;33.430038
28468002;33.725952
28469995;34.021542
28471997;34.316792
28473995;34.611706
28476035;34.906273
28478020;35.200500
28480016;35.494377
28482015;35.787907
28484020;36.081081
28486036;36.373901
28488025;36.666363
28490017;36.958458
28492012;37.250191
28494013;37.541557
28496030;37.832550
28498023;38.123173
28500023;38.413418
28502014;38.703281
28504013;38.992767
28506160;39.281864
28508031;39.426273
28510020;39.858898
28512018;40.146824
28514015;40.434357
28516017;40.721493
28518031;41.008221
28520002;41.294548
28522004;41.580467
28523996;41.865971
28525999;42.151066
28528040;42.435749
28529998;42.720005
28531996;43.003841
28533995;43.287258
28535999;43.570240
28537996;43.852798
28540037;44.134922
28542022;44.416611
28544019;44.697861
28546014;44.978668
28548019;45.259033
28550036;45.538948
28551996;45.818417
28553999;46.097435
28555995;46.375996
28557999;46.654099
28559998;46.931744
28562040;47.208927
28564016;47.485634
28566010;47.761883
28568015;48.037659
28570015;48.312958
28572032;48.587780
28574001;48.862122
28575994;49.135986
28577998;49.409363
28579997;49.682243
28581991;49.954647
28584039;50.226551
28586023;50.497963
28588020;50.768871
28590017;51.039284
28592018;51.309193
28594177;51.578583
28596019;51.847477
28598016;52.115856
28600010;52.383720
28602013;52.651070
28604019;52.917896
28606041;53.184204
28608022;53.449982
28610017;53.715237
28612015;53.979958
28614010;54.244156
28616046;54.507809
28618002;54.770924
28619994;55.033501
28622001;55.295532
28623998;55.557018
28625996;55.817963
28628035;56.078350
28630007;56.338184
28631996;56.597466
28634000;56.856178
28636001;57.114338
28638034;57.371937
28640004;57.628967
28641996;57.885426
28643998;58.141319
28645990;58.396633
28647994;58.651371
28650038;58.905529
28652026;59.159111
28654021;59.412106
28656016;59.664516
28658017;59.916336
28660035;60.167557
28661999;60.418190
28663999;60.668228
28666001;60.917671
28667998;61.166508
28669997;61.414749
28672041;61.662376
28674023;61.909389
28676017;62.155800
28678023;62.401592
28680018;62.646778
28682034;62.891342
28683998;63.135277
28686002;63.378597
28687996;63.621284
28689996;63.863350
28692159;64.104782
28694028;64.345589
28696016;64.585754
28698023;64.825279
28700016;65.064171
28702014;65.302414
28704036;65.540009
28706003;65.776978
28708004;66.013275
28710001;66.248932
28711995;66.483932
28714048;66.718277
28716030;66.951958
28718021;67.184982
28720014;67.417351
28722016;67.649040
28724018;67.880074
28726034;68.110428
28728001;68.340118
28730001;68.569130
28731998;68.797462
28733992;69.025124
28736037;69.252098
28738001;69.478394
28740000;69.703995
28742001;69.928909
28744000;70.153137
28746001;70.376678
28748037;70.599518
28750019;70.821655
28752015;71.043106
28754015;71.263847
28756017;71.483887
28758034;71.703224
28760003;71.921852
28761999;72.139778
28764004;72.356972
28766002;72.573471
28767998;72.789238
28770032;73.004303
28772000;73.218636
28774003;73.432251
28775996;73.645142
28778000;73.857300
28780035;74.068741
28781998;74.279442
28784001;74.489403
28785998;74.698639
28787993;74.907135
28789995;75.114891
28792035;75.321915
28794021;75.528183
28796020;75.733711
28798018;75.938484
28800018;76.142517
28802034;76.345795
28803999;76.548325
28805996;76.750092
28808002;76.951103
28809994;77.151352
28811999;77.350845
28814036;77.549568
28816019;77.747536
28818018;77.944733
28820018;78.141159
28822016;78.336807
28824037;78.531693
28826005;78.725800
28827999;78.919128
28830000;79.111679
28831999;79.303452
28833995;79.494438
28836035;79.684631
28838026;79.874054
28840016;80.062675
28842017;80.250511
28844017;80.437561
28846041;80.623810
28848031;80.809273
28850021;80.993927
28852018;81.177780
28854013;81.360840
28856038;81.543091
28858006;81.724548
28860001;81.905190
28861994;82.085022
28863990;82.264038
28865995;82.442261
28868040;82.619659
28870028;82.796242
28872019;82.972015
28874020;83.146957
28876016;83.321083
28878039;83.494392
28880002;83.666870
28881998;83.838524
28883999;84.009354
28885999;84.179352
28887999;84.348526
28890026;84.516853
28892002;84.684349
28893995;84.851013
28895997;85.016846
28897996;85.181831
28900056;85.345985
28902027;85.509285
28904020;85.671745
28906015;85.833366
28908019;85.994133
28910019;86.154045
28912036;86.313118
28914002;86.471336
28915998;86.628700
28917995;86.785210
28919998;86.940865
28922033;87.095657
28923997;87.249596
28925996;87.402672
28927998;87.554886
28929997;87.706230
28931994;87.856712
28934033;88.006325
28936021;88.155075
28938021;88.302948
28940015;88.449944
28942018;88.596085
28944037;88.741341
28945994;88.885719
28947996;89.029221
28949994;89.171852
28951992;89.313599
28953990;89.454460
28956035;89.594444
28958021;89.733536
28960016;89.871750
28962012;90.009079
28964018;90.145508
28966041;90.281052
28968004;90.415710
28969995;90.549469
28971995;90.682343
28973997;90.814316
28975994;90.945389
28978037;91.075569
28980022;91.204857
28982018;91.333237
28984019;91.460716
28986016;91.587296
28988034;91.712967
28990001;91.837730
28991999;91.961594
28993999;92.084541
28995991;92.206589
28998033;92.327728
29000000;92.447952
29001999;92.567261
29003996;92.685661
29005998;92.803139
29007998;92.919708
29010039;93.035355
29012022;93.150093
29014016;93.263908
29016012;93.376793
29018020;93.488762
29020038;93.599808
29022003;93.709930
29024002;93.819130
29025994;93.927406
29028004;94.034752
29030001;94.141167
29032035;94.246658
29034018;94.351212
29036019;94.454842
29038015;94.557541
29040014;94.659302
29042035;94.760132
29043998;94.860016
29045998;94.958969
29048002;95.056992
29049998;95.154076
29051994;95.250214
29054037;95.345421
29056019;95.439682
29058014;95.532997
29060014;95.625374
29062015;95.716805
29064039;95.807289
29065995;95.896835
29067999;95.985428
29069995;96.073074
29071998;96.159775
29073996;96.245529
29076031;96.330322
29078023;96.414169
29080016;96.497070
29082018;96.579018
29084014;96.660011
29086022;96.740051
29088000;96.819130
29089995;96.897263
29091996;96.974442
29093994;97.050652
29096035;97.125908
29097999;97.200203
29099994;97.273544
29101999;97.345917
29104000;97.417343
29106000;97.487793
29108036;97.557297
29110017;97.625824
29112015;97.693390
29114014;97.759995
29116016;97.825638
29118039;97.890305
29120000;97.954018
29122003;98.016754
29123994;98.078529
29125999;98.139336
29127997;98.199173
29130035;98.258034
29132021;98.315933
29134014;98.372864
29136017;98.428818
29138018;98.483810
29140037;98.537819
29142002;98.590858
29143996;98.642929
29146001;98.694023
29147998;98.744141
29149993;98.793289
29152037;98.841454
29154022;98.888649
29156019;98.934868
29158022;98.980110
29160018;99.024376
29162035;99.067665
29164000;99.109970
29165994;99.151306
29167997;99.191658
29169999;99.231033
29172153;99.269432
29174024;99.306847
29176021;99.343285
29178016;99.378738
29180018;99.413208
29182014;99.446701
29184036;99.479218
29186016;99.510742
29188018;99.541290
29190016;99.570862
29192017;99.599442
29194035;99.627037
29196001;99.653656
29197997;99.679283
29199994;99.703934
29201996;99.727600
29203999;99.750282
29206039;99.771973
29208025;99.792686
29210019;99.812408
29212017;99.831154
29214013;99.848907
29216039;99.865685
29218002;99.881462
29219996;99.896263
29221994;99.910072
29224001;99.922905
29226154;99.934746
29228023;99.945602
29230020;99.955467
29232020;99.964348
29234019;99.972244
29236015;99.979149
29238036;99.985077
29240014;99.990005
29242016;99.993958
29244015;99.996918
29246015;99.998894
29248038;99.999878
29250003;99.999878
29251996;99.998894
29254000;99.996918
29256003;99.993958
29258001;99.992104
29260040;99.985077
29262028;99.979149
29264015;99.972244
29266015;99.964348
29268020;99.955467
29270022;99.945602
29271997;99.934746
29273994;99.922905
29275994;99.910072
29277993;99.896263
29280039;99.881462
29282026;99.865685
29284013;99.848907
29286019;99.831154
29288014;99.812408
29290016;99.792686
29292035;99.771973
29294022;99.750282
29296019;99.727600
29298018;99.703941
29300018;99.679283
29302033;99.653656
29304000;99.627037
29305998;99.599442
29307998;99.570862
29309996;99.541298
29311999;99.510750
29314039;99.479218
29316024;99.446701
29318024;99.413208
29320019;99.378738
29322016;99.343285
29324073;99.306847
29326035;99.269432
29328022;99.231033
29330019;99.191666
29332012;99.151306
29334014;99.109978
29336041;99.067673
29338001;99.024376
29339995;98.980110
29342001;98.934868
29343995;98.888657
29345990;98.841461
29348041;98.793289
29350004;98.744141
29351995;98.694023
29354000;98.642929
29355995;98.590866
29358187;98.537819
29360029;98.483810
29362021;98.428818
29364017;98.372864
29366019;98.315941
29368021;98.258041
29370030;98.199173
29372002;98.139343
29374008;98.078529
29376004;98.016754
29377999;97.954018
29380001;97.890312
29382036;97.825638
29384021;97.759995
29386014;97.693398
29388019;97.625824
29390019;97.557297
29392035;97.487801
29393994;97.417343
29395995;97.345932
29397996;97.273544
29399997;97.200211
29402035;97.125916
29404003;97.050652
29406000;96.974442
29407999;96.897270
29409996;96.819138
29412004;96.740051
29414042;96.660019
29416019;96.579018
29418020;96.497078
29420016;96.414177
29422013;96.330330
29424039;96.245529
29426000;96.159782
29427995;96.073082
29429999;95.985428
29432001;95.896843
29434044;95.807297
29436036;95.716812
29438028;95.625374
29440015;95.533005
29442011;95.439682
29444016;95.345428
29446032;95.250221
29448001;95.154076
29450000;95.057007
29451999;94.958984
29453997;94.860031
29456156;94.760132
29458025;94.659302
29460016;94.557549
29462017;94.454849
29464016;94.351219
29466015;94.246666
29468034;94.141174
29470000;94.034752
29471999;93.927414
29473996;93.819138
29476000;93.709938
29478037;93.599823
29480000;93.488770
29481994;93.376801
29483997;93.320465
29485999;93.150101
29487999;93.035362
29490035;92.919716
29492024;92.803146
29494022;92.685661
29496015;92.567268
29498018;92.447952
29500038;92.327728
29502002;92.206596
29503995;92.084557
29505995;91.961601
29508003;91.837738
29509998;91.712967
29512034;91.587296
29514018;91.460724
29516015;91.333237
29518019;91.204857
29520018;91.075584
29522038;90.945396
29523998;90.814323
29525996;90.682343
29527997;90.549477
29529998;90.415726
29532048;90.281067
29534037;90.145515
29536022;90.009079
29538023;89.871750
29540018;89.733551
29542016;89.594452
29544030;89.454468
29546004;89.313599
29547998;89.171860
29550000;89.029228
29551998;88.885727
29554035;88.741348
29555999;88.596085
29558001;88.449951
29559995;88.302948
29562001;88.155067
29564159;88.006332
29566024;87.856712
29568022;87.706230
29570016;87.554893
29572012;87.402679
29574015;87.249603
29576020;87.095680
29578003;86.940880
29579995;86.785217
29581996;86.628708
29583995;86.471344
29586202;86.313126
29588024;86.154068
29590018;85.994141
29592016;85.833374
29594016;85.671753
29596016;85.509285
29598033;85.345985
29600020;85.181847
29602015;85.016853
29604016;84.851021
29606017;84.684357
29608035;84.516853
29610000;84.348511
29612001;84.179352
29613998;84.009354
29615999;83.838524
29617995;83.666870
29620038;83.494385
29622000;83.321075
29623996;83.146980
29625993;82.972023
29627998;82.796249
29630048;82.619667
29632028;82.442268
29634017;82.264053
29636017;82.085037
29638016;81.905197
29640017;81.724556
29642034;81.543098
29644024;81.360847
29646016;81.177780
29648018;80.993942
29650017;80.809280
29652067;80.623817
29654036;80.437561
29656022;80.250511
29658020;80.062675
29660020;79.874062
29662012;79.684647
29664038;79.494438
29666004;79.303452
29667999;79.111679
29669999;78.919128
29671998;78.725800
29674046;78.531693
29676033;78.336807
29678021;78.141167
29680020;77.944740
29682016;77.747559
29684018;77.549591
29686033;77.350861
29688024;77.151367
29690016;76.951111
29692021;76.750099
29694018;76.548340
29696031;76.345810
29698000;76.142532
29700002;75.938499
29702000;75.733719
29703994;75.528183
29706045;75.321922
29708039;75.114906
29710021;74.907150
29712019;74.698647
29714018;74.489410
29716016;74.279442
29718031;74.068748
29720003;73.857307
29721998;73.645142
29723997;73.432251
29725996;73.218636
29728171;73.004295
29730020;72.789253
29732013;72.573486
29734016;72.356995
29736012;72.139786
29738018;71.921860
29740034;71.703232
29742021;71.483910
29744019;71.263863
29746010;71.043121
29748014;70.821671
29750041;70.599525
29752005;70.376678
29753999;70.153160
29755997;69.928932
29757995;69.704010
29760036;69.478401
29762002;69.252106
29764000;69.025124
29765998;68.797478
29767999;68.569145
29769998;68.340126
29772022;68.110435
29773996;67.880074
29775996;67.649040
29778001;67.417358
29779997;67.184998
29782162;66.951965
29784020;66.718277
29786018;66.483948
29788021;66.248940
29790016;66.013298
29792013;65.776993
29794033;65.540031
29796003;65.302429
29798002;65.064178
29799996;64.825287
29801998;64.585777
29804051;64.345604
29806033;64.104805
29808026;63.863361
29810015;63.621296
29812018;63.378597
29814015;63.135296
29816035;62.891354
29818004;62.646790
29819995;62.401604
29821998;62.155807
29823999;61.909397
29826181;61.662388
29828027;61.414753
29830018;61.166519
29832021;60.917675
29834018;60.668228
29836017;60.418213
29838037;60.167568
29840025;59.916359
29842022;59.664536
29844014;59.412121
29846013;59.159122
29848038;58.905560
29849998;58.651394
29851999;58.396656
29853996;58.141335
29855993;57.885437
29858056;57.628979
29860033;57.371964
29862017;57.114365
29864015;56.856201
29866017;56.597477
29868018;56.338192
29870038;56.078358
29872000;55.817978
29873995;55.557037
29876002;55.295544
29877999;55.033512
29880053;54.770927
29882023;54.507809
29884015;54.244167
29886016;53.979977
29888022;53.715248
29890011;53.449989
29892037;53.184204
29894002;52.917915
29896000;52.651100
29897999;52.383751
29899993;52.115883
29902164;51.847500
29904027;51.578606
29906015;51.309196
29908022;51.039307
29910020;50.768894
29912016;50.497978
29914035;50.226570
29916020;49.954655
29918017;49.682255
29920013;49.409382
29922011;49.136005
29924037;48.862137
29925996;48.587791
29927999;48.312962
29929998;48.037659
29931995;47.761898
29933998;47.485649
29936033;47.208931
29938022;46.931747
29940018;46.654099
29942018;46.375992
29944016;46.097446
29946037;45.818428
29947997;45.538975
29949992;45.259052
29951997;44.978683
29953992;44.697872
29956055;44.416637
29958019;44.134945
29960021;43.852818
29962017;43.570255
29964015;43.287266
29966015;43.003849
29968038;42.720028
29970006;42.435760
29972001;42.151081
29973995;41.865982
29976003;41.580467
29978032;41.294567
29980002;41.008240
29981993;40.721504
29983995;40.434368
29985991;40.146832
29988001;39.858898
29990036;39.570599
29992019;39.281879
29994017;38.992775
29996014;38.703285
29998021;38.413418
30000033;38.123165
30002003;37.832584
30003995;37.541588
30005992;37.250214
30007999;37.104382
30010033;36.666374
30011997;36.373913
30013995;36.081112
30015993;35.787930
30018000;35.494400
30019990;35.200516
30022037;34.906284
30024021;34.611710
30026019;34.316818
30028017;34.021561
30030018;33.725971
30032030;33.430046
30034003;33.133793
30036001;32.837212
30037999;32.540329
30039994;32.243107
30041997;31.945559
30044038;31.647699
30046019;31.349527
30048023;31.051048
30050019;30.752283
30052016;30.453190
30054037;30.153799
30056000;29.854134
30057995;29.554150
30059998;29.253874
30061996;28.953331
30063996;28.652481
30066039;28.351349
30068021;28.049934
30070009;27.748245
30072014;27.446281
30074013;27.144072
30076035;26.841568
30078006;26.538801
30080002;26.235771
30081998;25.932482
30083998;25.628939
30085993;25.325165
30088031;25.021118
30089998;24.716824
30092001;24.412287
30093998;24.107508
30095997;23.802490
30098181;23.497261
30100027;23.191778
30102022;22.886066
30104015;22.580128
30106017;22.273966
30108017;21.967585
30110041;21.661034
30112020;21.354221
30114022;21.047199
30116020;20.739969
30118023;20.432533
30120028;20.124922
30122005;19.817085
30123998;19.509054
30125996;19.200832
30127996;18.892418
30130039;18.583818
30132003;18.275061
30134000;17.966097
30135992;17.656956
30137999;17.347641
30139999;17.038157
30142037;16.728500
30144022;16.418705
30146016;16.108725
30148025;15.798585
30150013;15.488288
30152036;15.177840
30154006;14.867240
30155995;14.556519
30157993;14.245629
30159999;13.934599
30162166;13.623433
30164022;13.312154
30166020;13.000721
30168022;12.689183
30170014;12.377496
30172012;12.065687
30174037;11.753759
30176022;11.441715
30178018;11.129559
30180015;10.817315
30182020;10.504942
30184036;10.192464
30185999;9.879887
30188001;9.567211
30189996;9.254441
30191992;8.941605
30193993;8.628655
30196035;8.315620
30198023;8.002504
30200018;7.689308
30202012;7.376037
30204013;7.062716
30206038;6.749302
30208003;6.435822
30210000;6.122278
30211998;5.808673
30214000;5.495012
30216055;5.181319
30218027;4.867576
30220017;4.553761
30222014;4.239901
30224017;3.925998
30226016;3.612057
30228032;3.298105
30229999;2.984096
30232001;2.670057
30233999;2.355993
30236001;2.041904
30238001;1.727796
30240045;1.413695
30242017;1.099556
30244017;0.785405
30246020;0.471248
30248018;0.157085
30250035;-0.157079
30251995;-0.471218
30253993;-0.785375
30255994;-1.099525
30258001;-1.413665
30259996;-1.727790
30262034;-2.041898
30264018;-2.355963
30266013;-2.670027
30268021;-2.984066
30270015;-3.298074
30272034;-3.612027
30273996;-3.925944
30275995;-4.239846
30278000;-4.553706
30280001;-4.867522
30281999;-5.181289
30284032;-5.495005
30286023;-5.808643
30288023;-6.122248
30290017;-6.435792
30292015;-6.749272
30294038;-7.062686
30296004;-7.376031
30298001;-7.689279
30300002;-8.002474
30301997;-8.315591
30303998;-8.628626
30306030;-8.941574
30308023;-9.254436
30310012;-9.567182
30312015;-9.879857
30314015;-10.192435
30316038;-10.504911
30318002;-10.817286
30319998;-11.129552
30321993;-11.441686
30323993;-11.753706
30326060;-12.065634
30328027;-12.377443
30330019;-12.689130
30332020;-13.000690
30334013;-13.312101
30336018;-13.623403
30338045;-13.934570
30340018;-14.245600
30342017;-14.556490
30344013;-14.867234
30346017;-15.177811
30348036;-15.488259
30350001;-15.798555
30352003;-16.108694
30354002;-16.418676
30355994;-16.728497
30357993;-17.038126
30360031;-17.347612
30362020;-17.656927
30364016;-17.966068
30366016;-18.275030
30368019;-18.583813
30370118;-18.892389
30372023;-19.200802
30374016;-19.509026
30376014;-19.817057
30378020;-20.124868
30380018;-20.432505
30382019;-20.739916
30383997;-21.047146
30385997;-21.354168
30387997;-21.660980
30389997;-21.967579
30392038;-22.273960
30394001;-22.580097
30395999;-22.886036
30398002;-23.191748
30399995;-23.497232
30401995;-23.802485
30404037;-24.107500
30406019;-24.412256
30408021;-24.716795
30410015;-25.021088
30412016;-25.325138
30414039;-25.628933
30415999;-25.932476
30418006;-26.235741
30419996;-26.538771
30421990;-26.841539
30423994;-27.144041
30426038;-27.446276
30428025;-27.748240
30430014;-28.049908
30432016;-28.351297
30434019;-28.652430
30436037;-28.953281
30437998;-29.253843
30439997;-29.554098
30442001;-29.854084
30444001;-30.153772
30446051;-30.453163
30448038;-30.752254
30450020;-31.051043
30452019;-31.349501
30454018;-31.647673
30456018;-31.945532
30458031;-32.243076
30460000;-32.540302
30461998;-32.837208
30463996;-33.133766
30465999;-33.430019
30467999;-33.725945
30470039;-34.021534
30472024;-34.316792
30474015;-34.611706
30476018;-34.906258
30478021;-35.200489
30480036;-35.494373
30482004;-35.787903
30483997;-36.081081
30485996;-36.373882
30487999;-36.666325
30489995;-36.958427
30492036;-37.250168
30494023;-37.541534
30496013;-37.832535
30498016;-38.123161
30500019;-38.413387
30502036;-38.703259
30503998;-38.992748
30506004;-39.281853
30508001;-39.570568
30509998;-39.858894
30511995;-40.146805
30514035;-40.434341
30516021;-40.721478
30518016;-41.008209
30520017;-41.294540
30522016;-41.580467
30524037;-41.865955
30526022;-42.151054
30528018;-42.435734
30530020;-42.720001
30532019;-43.003841
30534037;-43.287262
30536006;-43.570229
30537997;-43.852791
30539996;-44.134895
30541994;-44.416592
30543995;-44.697845
30546035;-44.978657
30548024;-45.259007
30550012;-45.538925
30552018;-45.818401
30554014;-46.097420
30556036;-46.375988
30558002;-46.654095
30559996;-46.931721
30561995;-47.208904
30563999;-47.485622
30565994;-47.761871
30568043;-48.037647
30570017;-48.312950
30572011;-48.587757
30574011;-48.862106
30576013;-49.135971
30578034;-49.409351
30580001;-49.682243
30581998;-49.954624
30584005;-50.226532
30585995;-50.497948
30588003;-50.768864
30590032;-51.039280
30592020;-51.309193
30594015;-51.578552
30596015;-51.847446
30598022;-52.115829
30600036;-52.383698
30602003;-52.651054
30604000;-52.917885
30605996;-53.184174
30607997;-53.449959
30609997;-53.715218
30612019;-53.979946
30613998;-54.244137
30615998;-54.507797
30618001;-54.770897
30619999;-55.033482
30622181;-55.295517
30624027;-55.557007
30626021;-55.817951
30628022;-56.078346
30630018;-56.338161
30632013;-56.597446
30634016;-56.856174
30636000;-57.114334
30638000;-57.371933
30639998;-57.628967
30641998;-57.885414
30644036;-58.141304
30646000;-58.396626
30648000;-58.651344
30649993;-58.905514
30651991;-59.159096
30653996;-59.412075
30656038;-59.664490
30658023;-59.916313
30660019;-60.167545
30662019;-60.418182
30664017;-60.668224
30666039;-60.917645
30668001;-61.166489
30670001;-61.414730
30671996;-61.662357
30674000;-61.909382
30676174;-62.155796
30678025;-62.401573
30680018;-62.646759
30682015;-62.891323
30684015;-63.135265
30686017;-63.378590
30688033;-63.621284
30690023;-63.863338
30692021;-64.104774
30694021;-64.345573
30696013;-64.585747
30698039;-64.825279
30699997;-65.064171
30702003;-65.302383
30703998;-65.539993
30705996;-65.776947
30708035;-66.013260
30710000;-66.248917
30711996;-66.483917
30714001;-66.718254
30716000;-66.951942
30717997;-67.184967
30720032;-67.417336
30722017;-67.649033
30724018;-67.880043
30726016;-68.110413
30728018;-68.340096
30730036;-68.569115
30731993;-68.797455
30733997;-69.025116
30735998;-69.252083
30737997;-69.478378
30740068;-69.703987
30742022;-69.928902
30744017;-70.153137
30746017;-70.376678
30748022;-70.599503
30750012;-70.821648
30752027;-71.043098
30754005;-71.263847
30755993;-71.483871
30757997;-71.593620
30759999;-71.921829
30762037;-72.139755
30764007;-72.356949
30765994;-72.573456
30767998;-72.789230
30769998;-73.004295
30771992;-73.218613
30774037;-73.432228
30776025;-73.645126
30778022;-73.857292
30780016;-74.068726
30782015;-74.279434
30784037;-74.489388
30785999;-74.698624
30787992;-74.907127
30789996;-75.114883
30791997;-75.321899
30793994;-75.528183
30796031;-75.733711
30798023;-75.938477
30800018;-76.142525
30802015;-76.345787
30804017;-76.548302
30806039;-76.750092
30808024;-76.951096
30810019;-77.151337
30812018;-77.350845
30814015;-77.549561
30816036;-77.747513
30817994;-77.944717
30819997;-78.141136
30821996;-78.336807
30823999;-78.531677
30825999;-78.725777
30828039;-78.919121
30830021;-79.111656
30832016;-79.303444
30834018;-79.494415
30836011;-79.684639
30838034;-79.874046
30840005;-80.062660
30841993;-80.250511
30843997;-80.437546
30845999;-80.623817
30847997;-80.809258
30850035;-80.993912
30852017;-81.177780
30854015;-81.360832
30856014;-81.543098
30858018;-81.724533
30860043;-81.905197
30862000;-82.085022
30863995;-82.264038
30865997;-82.442261
30867996;-82.619652
30869996;-82.796249
30872021;-82.972008
30874006;-83.146942
30876001;-83.321091
30877995;-83.494377
30879994;-83.666878
30882038;-83.838524
30884000;-84.009369
30885995;-84.179352
30887997;-84.348511
30889997;-84.516838
30891996;-84.684326
30894036;-84.851006
30896020;-85.016823
30898016;-85.181801
30900019;-85.345963
30902015;-85.509262
30904041;-85.671738
30906002;-85.833344
30907999;-85.994102
30909997;-86.154037
30911999;-86.313095
30913992;-86.471329
30916033;-86.628685
30918023;-86.785210
30920016;-86.940849
30922015;-87.095634
30924015;-87.249588
30926037;-87.402657
30928002;-87.554878
30929999;-87.706215
30932001;-87.856689
30934001;-88.006317
30935996;-88.155052
30938037;-88.302948
30940018;-88.449944
30942015;-88.596085
30944014;-88.741333
30946016;-88.885704
30948038;-89.029221
30950001;-89.171837
30951995;-89.313599
30953993;-89.454453
30955996;-89.594421
30957997;-89.733536
30960035;-89.871742
30962021;-90.009079
30964013;-90.145508
30966016;-90.281067
30968016;-90.415703
30970036;-90.549461
30972000;-90.682343
30973994;-90.814308
30976001;-90.945396
30977999;-91.075569
30979993;-91.204849
30982034;-91.333237
30984016;-91.460709
30986014;-91.587296
30988019;-91.712967
30990016;-91.837738
30992033;-91.961601
30994000;-92.084541
30996004;-92.206596
30997997;-92.327705
30999996;-92.447945
31002196;-92.567245
31004026;-92.685638
31006013;-92.803131
31008022;-92.919693
31010019;-93.035355
31012017;-93.150070
31014035;-93.263885
31016002;-93.376785
31017997;-93.488747
31019998;-93.599800
31021997;-93.709923
31024183;-93.819130
31026025;-93.927399
31028017;-94.034737
31030017;-94.141159
31032015;-94.246643
31034018;-94.351212
31036036;-94.454834
31038005;-94.557526
31040001;-94.659294
31042001;-94.760117
31044000;-94.860016
31045996;-94.958969
31048035;-95.056999
31050021;-95.154068
31052017;-95.250206
31054016;-95.345413
31056010;-95.439674
31058037;-95.532997
31059998;-95.625374
31061999;-95.716789
31063998;-95.807289
31066000;-95.896828
31068209;-95.985428
31070023;-96.073074
31072016;-96.159782
31074017;-96.245522
31076015;-96.330322
31078020;-96.414177
31080036;-96.497070
31081997;-96.579018
31083998;-96.660011
31085994;-96.740044
31088002;-96.819138
31090039;-96.897255
31092005;-96.974442
31093999;-97.050652
31095991;-97.125916
31097996;-97.200203
31099996;-97.273544
31102037;-97.345924
31104025;-97.417343
31106023;-97.487793
31108022;-97.557281
31110016;-97.625809
31112034;-97.693382
31114001;-97.759987
31115998;-97.825630
31117996;-97.890297
31119999;-97.954010
31122001;-98.016754
31124033;-98.078522
31126020;-98.139336
31128021;-98.199165
31130019;-98.258034
31132020;-98.315933
31134042;-98.372856
31136004;-98.428818
31138005;-98.483803
31139997;-98.537811
31141991;-98.590858
31143999;-98.642929
31146035;-98.694023
31148020;-98.744133
31150018;-98.793289
31152016;-98.841454
31154016;-98.888657
31156032;-98.934868
31158003;-98.980103
31159997;-99.024376
31161999;-99.067665
31163998;-99.109978
31165998;-99.151306
31168035;-99.191666
31170026;-99.231033
31172024;-99.269424
31174015;-99.306847
31176013;-99.343285
31178035;-99.378738
31179999;-99.413208
31181994;-99.446701
31183994;-99.479218
31185994;-99.510742
31188033;-99.541298
31190003;-99.570862
31191994;-99.599442
31193996;-99.627037
31196000;-99.653656
31197992;-99.679283
31200039;-99.703934
31202017;-99.727600
31204016;-99.750282
31206016;-99.771973
31208021;-99.792686
31210030;-99.812408
31212003;-99.831161
31213994;-99.848907
31215993;-99.865677
31217999;-99.881462
31219996;-99.896263
31222037;-99.910072
31224020;-99.922905
31226017;-99.934746
31228023;-99.945602
31230017;-99.955460
31232036;-99.964348
31233998;-99.972244
31236000;-99.979149
31237999;-99.985069
31239997;-99.990005
31242179;-99.993958
31244027;-99.996910
31246027;-99.998894
31248018;-99.999878
31250014;-99.999878
31252015;-99.998894
31254039;-99.996918
31256005;-99.993958
31257992;-99.990013
31259996;-99.985077
31261996;-99.979149
31264067;-99.972244
31266024;-99.964348
31268018;-99.955467
31270018;-99.945602
31272021;-99.934746
31274020;-99.922905
31276034;-99.910080
31278004;-99.896263
31279991;-99.881462
31281998;-99.865685
31284000;-99.848907
31286034;-99.831161
31287997;-99.812416
31289995;-99.792686
31291992;-99.771973
31293994;-99.750282
31295993;-99.727600
31298038;-99.703934
31300022;-99.679283
31302014;-99.653656
31304017;-99.627037
31306015;-99.599442
31308038;-99.570862
31310004;-99.541298
31311999;-99.510750
31313999;-99.479218
31315993;-99.446709
31317996;-99.413208
31320034;-99.378738
31322018;-99.343285
31324015;-99.306854
31326017;-99.269440
31328017;-99.231041
31330039;-99.191666
31331996;-99.151314
31333996;-99.109985
31335997;-99.067673
31337999;-99.024384
31340032;-98.980118
31342002;-98.934868
31343997;-98.888657
31345994;-98.841461
31347992;-98.793289
31349998;-98.744148
31352036;-98.694023
31354017;-98.642937
31356015;-98.590866
31358020;-98.537827
31360015;-98.483810
31362032;-98.428825
31364002;-98.372871
31365995;-98.315941
31367992;-98.258049
31369998;-98.199181
31372079;-98.139343
31374021;-98.078537
31376018;-98.016754
31378019;-97.954025
31380013;-97.890312
31382017;-97.825638
31384036;-97.760002
31386001;-97.693398
31387992;-97.625824
31389992;-97.557297
31391994;-97.487801
31393992;-97.417351
31396038;-97.345924
31398018;-97.273552
31400022;-97.200203
31402011;-97.125916
31404013;-97.050652
31406037;-96.974442
31408002;-96.897270
31409994;-96.819138
31411993;-96.740051
31413997;-96.660011
31416004;-96.579018
31418039;-96.497086
31420021;-96.414177
31422014;-96.330330
31424016;-96.245522
31426021;-96.159782
31428034;-96.073074
31430001;-95.985443
31431997;-95.896851
31433999;-95.807304
31435999;-95.716820
31438181;-95.625381
31440030;-95.533012
31442018;-95.439697
31444017;-95.345428
31446015;-95.250237
31448018;-95.154083
31450035;-95.057007
31452019;-94.958984
31454017;-94.860039
31456013;-94.760147
31458023;-94.659309
31460036;-94.557556
31461998;-94.454849
31463999;-94.351234
31466000;-94.246681
31467996;-94.141182
31469993;-94.034767
31472036;-93.927414
31474017;-93.819145
31476016;-93.709961
31478020;-93.599823
31480016;-93.488785
31482035;-93.376801
31484000;-93.263916
31485996;-93.207130
31487998;-93.035370
31489999;-92.919724
31492173;-92.803154
31494026;-92.685677
31496014;-92.567268
31498014;-92.447960
31500018;-92.327744
31502017;-92.206596
31504036;-92.084564
31505997;-91.961601
31507997;-91.899780
31509995;-91.712967
31511998;-91.587296
31513997;-91.460732
31516032;-91.333237
31518021;-91.204865
31520017;-91.075569
31522016;-90.945396
31524015;-90.814331
31526037;-90.682343
31528005;-90.549484
31529999;-90.415703
31531996;-90.281067
31533996;-90.145508
31535999;-90.009079
31538038;-89.871780
31540022;-89.733559
31542016;-89.594475
31544018;-89.454475
31546012;-89.313622
31548038;-89.171890
31550025;-89.029243
31552020;-88.885750
31554015;-88.741356
31556019;-88.596107
31558039;-88.449959
31560002;-88.302971
31561998;-88.155106
31564001;-88.006340
31565996;-87.856735
31568001;-87.706238
31570019;-87.554901
31572001;-87.402702
31573999;-87.249611
31575997;-87.095680
31578000;-86.940872
31580028;-86.785233
31582007;-86.628708
31583998;-86.471352
31585999;-86.313148
31587997;-86.154060
31589993;-85.994148
31592036;-85.833374
31594022;-85.671761
31596018;-85.509315
31598019;-85.345993
31600015;-85.181847
31602043;-85.016846
31603997;-84.851036
31605999;-84.684349
31607997;-84.516861
31609995;-84.348534
31612209;-84.179352
31614025;-84.009369
31616021;-83.838524
31618021;-83.666878
31620017;-83.494408
31622014;-83.321091
31624037;-83.146973
31626001;-82.972008
31627997;-82.796249
31629996;-82.619652
31631996;-82.442261
31633994;-82.264069
31636036;-82.085022
31638023;-81.905197
31640016;-81.724533
31642019;-81.543098
31644016;-81.360855
31646039;-81.177811
31648026;-80.993965
31650017;-80.809288
31652012;-80.623840
31654012;-80.437599
31656034;-80.250534
31658002;-80.062714
31659993;-79.874077
31661998;-79.684669
31663992;-79.494446
31665994;-79.303474
31668037;-79.111710
31670021;-78.919151
31672018;-78.725830
31674017;-78.531708
31676016;-78.336838
31678030;-78.141197
31680002;-77.944756
31681998;-77.747574
31683995;-77.549591
31685993;-77.350876
31688002;-77.151367
31690036;-76.951126
31692019;-76.750122
31694018;-76.548340
31696015;-76.345825
31698019;-76.142525
31700036;-75.938507
31701998;-75.733742
31703998;-75.528191
31706002;-75.321938
31708000;-75.114906
31709996;-74.907158
31712038;-74.698639
31714019;-74.489418
31716020;-74.279465
31718020;-74.068741
31720014;-73.857323
31722037;-73.645142
31724003;-73.432266
31725999;-73.218666
31728004;-73.004303
31729996;-72.789261
31732002;-72.573471
31734034;-72.356987
31736020;-72.139763
31738026;-71.921860
31740016;-71.703247
31742014;-71.483887
31744029;-71.263863
31746001;-71.043098
31748001;-70.821671
31749997;-70.599533
31752000;-70.376678
31754002;-70.153191
31756029;-69.928940
31758026;-69.704033
31760018;-69.478439
31762013;-69.252129
31764016;-69.025169
31766022;-68.797493
31767998;-68.569168
31769995;-68.340134
31771997;-68.110466
31773996;-67.880119
31776031;-67.649063
31777995;-67.417389
31779992;-67.185005
31782002;-66.951988
31783997;-66.718323
31785997;-66.483955
31788040;-66.248970
31790018;-66.013298
31792014;-65.777000
31794011;-65.540024
31796019;-65.302437
31798032;-65.064201
31799997;-64.825294
31801994;-64.585785
31803999;-64.345589
31805997;-64.104805
31808001;-63.863392
31810037;-63.621307
31812026;-63.378628
31814016;-63.135292
31816015;-62.891365
31818024;-62.646778
31820040;-62.401615
31822003;-62.155830
31824000;-61.909401
31825997;-61.662399
31828002;-61.414749
31830039;-61.166527
31832004;-60.917706
31834000;-60.668243
31835999;-60.418217
31837994;-60.167564
31839994;-59.916348
31842035;-59.664505
31844019;-59.412109
31846013;-59.159134
31848016;-58.905529
31850015;-58.651386
31852042;-58.396626
31854005;-58.141327
31855995;-57.885448
31857996;-57.628967
31859998;-57.371990
31861998;-57.114376
31864032;-56.856228
31866019;-56.597485
31868017;-56.338223
31870015;-56.078403
31872016;-55.817993
31874040;-55.557068
31876002;-55.295555
31877994;-55.033539
31879993;-54.770977
31881992;-54.507839
31883995;-54.244198
31886038;-53.979980
31888018;-53.715279
31890017;-53.450001
31892017;-53.184235
31894018;-52.917946
31896080;-52.651096
31898026;-52.383762
31900020;-52.115868
31902016;-51.847504
31904017;-51.578636
31906015;-51.309212
31908033;-51.039322
31910018;-50.768887
31912015;-50.497990
31914018;-50.226559
31916016;-49.954666
31918040;-49.682285
31920002;-49.409370
31921999;-49.136013
31923998;-48.862125
31925991;-48.587799
31927993;-48.312996
31930036;-48.037670
31932021;-47.761909
31934017;-47.485641
31936016;-47.208942
31938015;-46.931778
31940037;-46.654110
31942002;-46.376026
31944000;-46.097439
31945997;-45.818439
31947999;-45.538944
31949993;-45.259045
31952038;-44.978695
31954023;-44.697865
31956016;-44.416630
31958020;-44.134918
31960013;-43.852810
31962035;-43.570271
31964000;-43.287258
31965992;-43.003864
31968001;-42.720039
31969998;-42.435799
31971997;-42.151093
31974038;-41.866016
31976018;-41.580528
31978025;-41.294582
31980015;-41.008274
31982015;-40.721519
31984037;-40.434402
31986001;-40.146889
31987996;-39.858932
31989999;-39.570629
31992001;-39.281891
31994065;-38.992809
31996020;-38.703300
31998018;-38.413452
32000011;-38.123226
32002016;-37.832577
32004019;-37.541599
32006038;-37.250210
32008000;-36.958492
32010001;-36.666412
32011997;-36.373924
32014001;-36.081123
32016064;-35.787922
32018026;-35.494415
32020017;-35.200508
32022014;-34.906300
32024015;-34.611748
32026018;-34.316807
32028037;-34.021576
32030019;-33.725964
32032015;-33.430061
32034017;-33.133827
32036014;-32.837227
32038039;-32.540344
32040004;-32.243095
32042003;-31.945574
32043996;-31.647692
32045999;-31.349543
32047990;-31.051085
32050034;-30.752274
32052021;-30.453205
32054017;-30.153790
32056016;-29.854124
32058019;-29.554165
32060043;-29.253864
32061998;-28.953323
32063999;-28.652451
32065999;-28.351339
32068000;-28.049904
32070002;-27.748236
32072033;-27.446297
32074016;-27.144039
32076010;-26.841604
32078022;-26.538816
32080018;-26.235809
32082041;-25.932545
32083999;-25.628975
32085996;-25.325203
32087991;-25.021133
32089995;-24.716862
32091996;-24.412348
32094039;-24.107544
32096021;-23.802551
32098022;-23.497276
32100010;-23.191816
32102014;-22.886080
32104032;-22.580164
32105995;-22.274027
32107990;-21.967623
32109997;-21.661047
32111996;-21.354214
32114002;-21.047215
32116039;-20.740007
32118025;-20.432549
32120016;-20.124935
32122017;-19.817076
32124015;-19.509069
32126038;-19.200823
32128004;-18.892433
32129998;-18.583858
32131997;-18.275051
32134001;-17.966110
32136194;-17.656948
32138024;-17.347656
32140023;-17.038193
32142012;-16.728516
32144014;-16.418720
32146019;-16.108715
32148039;-15.798600
32150019;-15.488279
32152012;-15.177855
32154017;-14.867279
32156015;-14.556509
32158088;-14.245645
32160019;-13.934591
32162014;-13.623447
32164021;-13.312168
32166019;-13.000711
32168017;-12.689175
32170033;-12.377464
32172020;-12.065679
32174014;-11.753728
32176018;-11.441707
32178016;-11.129574
32180032;-10.817284
32182001;-10.504933
32183995;-10.192480
32185995;-9.879926
32187996;-9.567274
32189994;-9.254481
32192037;-8.941644
32194020;-8.628671
32196018;-8.315660
32198019;-8.002520
32200017;-7.689348
32202037;-7.376100
32203999;-7.062732
32205999;-6.749341
32208005;-6.435838
32210000;-6.122317
32211999;-5.808736
32214033;-5.495050
32216021;-5.181358
32218020;-4.867567
32220017;-4.553775
32222010;-4.239939
32224039;-3.926013
32225999;-3.612096
32227998;-3.298096
32230001;-2.984111
32231998;-2.670048
32234038;-2.356008
32235997;-2.041943
32238001;-1.727811
32239995;-1.413710
32241996;-1.099547
32243996;-0.785421
32246041;-0.471287
32248026;-0.157100
32250014;0.157080
32252018;0.471237
32254012;0.785390
32256031;1.099535
32258004;1.256604
32259995;1.727790
32261997;2.041893
32263992;2.355976
32265998;2.670036
32268038;2.984070
32270020;3.298074
32272015;3.612046
32274014;3.925981
32276013;4.239879
32278034;4.553734
32279993;4.867544
32281995;5.181307
32283999;5.495018
32286003;5.808674
32288000;6.122274
32290033;6.435814
32292022;6.749289
32294018;7.062697
32296019;7.376038
32298017;7.689305
32300037;8.002495
32301999;8.315607
32303992;8.628635
32306000;8.941581
32307997;9.254436
32310083;9.567202
32312025;9.879873
32314021;10.192444
32316016;10.504917
32318019;10.817286
32320017;11.129548
32322037;11.441700
32324020;11.753738
32326016;12.065662
32328020;12.377467
32330017;12.689150
32332036;13.000705
32334000;13.312133
32336000;13.623430
32338000;13.934594
32339993;14.245617
32342001;14.556500
32344035;14.867243
32346019;15.177837
32348020;15.488280
32350014;15.798573
32352013;16.108707
32354036;16.418684
32355999;16.728498
32358004;17.038149
32359995;17.347628
32361995;17.656937
32363994;17.966076
32366033;18.275032
32368015;18.583811
32370016;18.892406
32372017;19.200811
32374014;19.509031
32376032;19.817057
32377994;20.124889
32379999;20.432520
32381993;20.739950
32384003;21.047176
32386201;21.354193
32388027;21.660999
32390015;21.967592
32392010;22.273970
32394016;22.580126
32396016;22.886059
32398035;23.191769
32400001;23.497246
32401999;23.802494
32403999;24.107506
32405991;24.412279
32407998;24.716812
32410033;25.021099
32412018;25.325144
32414018;25.628939
32416019;25.932476
32418018;26.235760
32420035;26.538784
32421998;26.841545
32423998;27.144045
32425996;27.446274
32428002;27.748230
32429993;28.049919
32432029;28.351324
32434017;28.652456
32436016;28.953299
32438016;29.253859
32440016;29.554132
32442040;29.854111
32444013;30.153793
32446005;30.453184
32447996;30.752268
32450000;31.051052
32451995;31.349527
32454038;31.647697
32456020;31.945551
32458021;32.243092
32460015;32.540310
32462012;32.837208
32464038;33.133785
32466000;33.430038
32467996;33.725952
32469994;34.021542
32471998;34.316792
32473995;34.611706
32476031;34.906273
32478028;35.200500
32480015;35.494377
32482019;35.787907
32484017;36.081081
32486038;36.373901
32488002;36.666363
32490000;36.958458
32492000;37.250191
32493993;37.541557
32495993;37.832550
32498035;38.123173
32500017;38.413418
32502018;38.703281
32504019;38.992767
32506017;39.281864
32508036;39.570580
32510003;39.858898
32511998;40.146824
32514000;40.434357
32515999;40.721493
32517998;41.008221
32520026;41.294548
32521998;41.580467
32523994;41.865971
32526003;42.151066
32527998;42.435749
32530064;42.720005
32532023;43.003841
32534018;43.287258
32536017;43.570240
32538023;43.852798
32540012;44.134922
32542037;44.416611
32544022;44.697861
32546021;44.978668
32548020;45.259033
32550016;45.538948
32552081;45.818417
32554019;46.097435
32556015;46.375996
32558022;46.654099
32560016;46.931744
32562018;47.208927
32564037;47.485634
32566018;47.761883
32568021;48.037659
32570018;48.312958
32572016;48.587780
32574033;48.862122
32576004;49.135986
32577997;49.409363
32579994;49.682243
32581998;49.954647
32583994;50.226551
32586034;50.497963
32588020;50.768871
32590016;51.039284
32592017;51.309193
32594018;51.578583
32596037;51.847477
32598002;52.115856
32599999;52.383720
32601996;52.651070
32603997;52.917896
32605997;53.184204
32608043;53.449982
32610021;53.715237
32612018;53.979958
32614015;54.244156
32616018;54.507809
32618039;54.770924
32619998;55.033501
32622006;55.295532
32623997;55.557018
32625998;55.817963
32628039;56.078350
32630000;56.338184
32631999;56.597466
32633990;56.856178
32635999;57.114338
32638003;57.371937
32640035;57.628967
32642020;57.885426
32644017;58.141319
32646016;58.396633
32648016;58.651371
32650033;58.905529
32652002;59.159111
32653993;59.412106
32655998;59.664516
32657994;59.916336
32660035;60.167557
32662005;60.418190
32663996;60.668228
32665996;60.917671
32668002;61.166508
32669998;61.414749
32672041;61.662376
32674021;61.909389
32676012;62.155800
32678020;62.401592
32680014;62.646778
32682034;62.891342
32683998;63.135277
32685997;63.378597
32687998;63.621284
32689997;63.863350
32691999;64.104782
32694033;64.345589
32696019;64.585754
32698018;64.825279
32700014;65.064171
32702016;65.302414
32704034;65.540009
32706008;65.776978
32707996;66.013275
32709995;66.248932
32711994;66.483932
32714190;66.718277
32716022;66.951958
32718022;67.184982
32720016;67.417351
32722017;67.649040
32724012;67.880074
32726038;68.110428
32728026;68.340118
32730016;68.569130
32732011;68.797462
32734016;69.025124
32736013;69.252098
32738036;69.478394
32740021;69.703995
32742017;69.928909
32744014;70.153137
32746014;70.376678
32748039;70.599518
32749998;70.821655
32751996;71.043106
32753993;71.263847
32755996;71.483887
32758000;71.703224
32760033;71.921852
32762025;72.139778
32764017;72.356972
32766014;72.573471
32768025;72.789238
32770038;73.004303
32771994;73.218636
32773996;73.432251
32775995;73.645142
32777996;73.857300
32779994;74.068741
32782033;74.279442
32784020;74.489403
32786018;74.698639
32788020;74.907135
32790016;75.114891
32792026;75.321915
32793996;75.528183
32795991;75.733711
32797996;75.938484
32799995;76.142517
32802029;76.345795
32804002;76.548325
32805991;76.750092
32807996;76.951103
32810001;77.151352
32811995;77.350845
32814032;77.549568
32816024;77.747536
32818019;77.944733
32820019;78.141159
32822014;78.336807
32824036;78.531693
32826020;78.725800
32828021;78.919128
32830015;79.111679
32832017;79.303452
32834035;79.494438
32835993;79.684631
32838002;79.874054
32839999;80.062675
32841992;80.250511
32844035;80.437561
32846003;80.623810
32847997;80.809273
32849993;80.993927
32851992;81.177780
32853997;81.360840
32856036;81.543091
32858027;81.724548
32860017;81.905190
32862016;82.085022
32864016;82.264038
32866035;82.442261
32868003;82.619659
32869999;82.796242
32872001;82.972015
32873999;83.146957
32875993;83.321083
32878037;83.494392
32880019;83.666870
32882017;83.838524
32884017;84.009354
32886017;84.179352
32888039;84.348526
32889998;84.516853
32891997;84.684349
32893997;84.851013
32895996;85.016846
32898000;85.181831
32900037;85.345985
32902019;85.509285
32904014;85.671745
32906019;85.833366
32908024;85.994133
32910041;86.154045
32912002;86.313118
32913994;86.471336
32915994;86.628700
32917991;86.785210
32920201;86.940865
32922023;87.095657
32924013;87.249596
32926013;87.402672
32928019;87.554886
32930021;87.706230
32932035;87.856712
32934004;88.006325
32935996;88.155075
32937998;88.302948
32939991;88.449944
32941995;88.596085
32944035;88.741341
32946014;88.885719
32948017;89.029221
32950015;89.171852
32952017;89.313599
32954039;89.454460
32955996;89.594444
32957998;89.733536
32959996;89.871750
32962001;90.009079
32963998;90.145508
32966035;90.281052
32968025;90.415710
32970016;90.549469
32972017;90.682343
32974017;90.814316
32976039;90.945389
32977999;91.075569
32979993;91.204857
32981994;91.333237
32983996;91.460716
32985997;91.587296
32988037;91.712967
32990023;91.837730
32992018;91.961594
32994012;92.084541
32996010;92.206589
32998094;92.327728
33000021;92.447952
33002016;92.567261
33004017;92.685661
33006019;92.803139
33008020;92.861542
33010028;93.035355
33011996;93.150093
33013995;93.263908
33015999;93.376793
33018000;93.488762
33020037;93.599808
33021995;93.709930
33023995;93.819130
33025994;93.927406
33027997;94.034752
33029993;94.141167
33032032;94.246658
33034021;94.351212
33036018;94.454842
33038019;94.557541
33040015;94.659302
33042038;94.760132
33044002;94.860016
33045995;94.958969
33047999;95.056992
33049996;95.154076
33051997;95.250214
33054034;95.345421
33056022;95.439682
33058024;95.532997
33060020;95.625374
33062017;95.716805
33064082;95.807289
33066020;95.896835
33068016;95.985428
33070015;96.073074
33072014;96.159775
33074016;96.245529
33076039;96.330322
33078031;96.414169
33080017;96.497070
33082016;96.579018
33084016;96.660011
33086041;96.740051
33088019;96.819130
33090017;96.897263
33092016;96.974442
33094016;97.050652
33096041;97.125908
33097997;97.200203
33099994;97.273544
33101999;97.345917
33103999;97.417343
33105998;97.487793
33108040;97.557297
33110023;97.625824
33112013;97.693390
33114017;97.759995
33116018;97.825638
33118041;97.890305
33120004;97.954018
33121998;98.016754
33123994;98.078529
33126000;98.139336
33127997;98.199173
33130031;98.258034
33132019;98.315933
33134016;98.372864
33136015;98.428818
33138019;98.483810
33140039;98.537819
33142015;98.590858
33144013;98.642929
33146017;98.694023
33148017;98.744141
33150034;98.793289
33152008;98.841454
33153994;98.888649
33155992;98.934868
33157993;98.980110
33159997;99.024376
33162037;99.067665
33164024;99.109970
33166016;99.151306
33168020;99.191658
33170014;99.231033
33172038;99.269432
33173994;99.306847
33175999;99.343285
33177997;99.378738
33179994;99.413208
33182202;99.446701
33184021;99.479218
33186017;99.510742
33188019;99.541290
33190016;99.570862
33192017;99.599442
33194043;99.627037
33196007;99.653656
33197997;99.679283
33199999;99.703934
33201993;99.727600
33204031;99.750282
33206002;99.771973
33207999;99.792686
33210000;99.812408
33211998;99.831154
33213995;99.848907
33216025;99.865685
33218003;99.881462
33220003;99.896263
33222000;99.910072
33224003;99.922905
33226088;99.934746
33228027;99.945602
33230020;99.955467
33232019;99.964348
33234015;99.972244
33236016;99.979149
33238041;99.985077
33240017;99.990005
33242013;99.993958
33244019;99.996918
33246013;99.998894
33248034;99.999878
33249994;99.999878
33251998;99.998894
33253997;99.996918
33255995;99.993958
33257993;99.990005
33260038;99.985077
33262021;99.979149
33264016;99.972244
33266015;99.964348
33268019;99.955467
33270035;99.945602
33271998;99.934746
33273999;99.922905
33275995;99.910072
33277996;99.896263
33280091;99.881462
33282024;99.865685
33284021;99.848907
33286016;99.831154
33288019;99.812408
33290022;99.792686
33292029;99.771973
33294003;99.750282
33295996;99.727600
33297997;99.703941
33299995;99.679283
33301994;99.653656
33304038;99.627037
33306025;99.599442
33308021;99.570862
33310022;99.541298
33312013;99.510750
33314036;99.479218
33315994;99.446701
33317991;99.413208
33319995;99.378738
33321993;99.343285
33324036;99.306847
33325998;99.269432
33327998;99.231033
33329999;99.191666
33331999;99.151306
33333998;99.109978
33336040;99.067673
33338026;99.024376
33340016;98.980110
33342015;98.934868
33344017;98.888657
33346036;98.841461
33348000;98.793289
33349997;98.744141
33351997;98.694023
33353997;98.642929
33356072;98.590866
33358020;98.537819
33360014;98.483810
33362016;98.428818
33364016;98.372864
33366016;98.315941
33368039;98.258041
33370018;98.199173
33372020;98.139343
33374015;98.078529
33376016;98.016754
33378033;97.954018
33379999;97.890312
33381997;97.825638
33383994;97.759995
33386001;97.693398
33387999;97.625824
33390037;97.557297
33392022;97.487801
33394017;97.417343
33396016;97.345932
33398013;97.273544
33400032;97.200211
33402003;97.125916
33403997;97.050652
33405994;96.974442
33407994;96.897270
33409997;96.819138
33412032;96.740051
33414004;96.660019
33415997;96.579018
33417997;96.497078
33420000;96.414177
33422040;96.330330
33424006;96.245529
33425999;96.159782
33427999;96.073082
33429997;95.985428
33431994;95.896843
33434036;95.807297
33436024;95.716812
33438022;95.625374
33440015;95.533005
33442021;95.439682
33444032;95.345428
33445998;95.250221
33447997;95.154076
33449999;95.057007
33451995;94.958984
33453996;94.860031
33456038;94.760132
33458021;94.659302
33460022;94.557549
33462018;94.454849
33464017;94.351219
33466029;94.246666
33468007;94.141174
33469997;94.034752
33471997;93.927414
33474001;93.819138
33476002;93.709938
33478037;93.599823
33480021;93.488770
33482022;93.376801
33484020;93.263916
33486016;93.150101
33488041;93.092850
33490001;92.919716
33491999;92.803146
33493997;92.685661
33495997;92.567268
33498004;92.447952
33500039;92.327728
33502017;92.206596
33504016;92.084557
33506015;91.961601
33508016;91.837738
33510038;91.712967
33511997;91.587296
33513996;91.460724
33515998;91.333237
33517996;91.204857
33519995;91.075584
33522034;90.945396
33524018;90.814323
33526018;90.682343
33528024;90.549477
33530020;90.415726
33532035;90.281067
33533997;90.145515
33535997;90.009079
33538002;89.871750
33540002;89.733551
33541997;89.594452
33544039;89.454468
33546025;89.313599
33548018;89.171860
33550020;89.029228
33552017;88.885727
33554042;88.741348
33556002;88.596085
33557998;88.449951
33559999;88.302948
33561995;88.155067
33564079;88.006332
33566019;87.856712
33568023;87.706230
33570014;87.554893
33572014;87.402679
33574015;87.249603
33576024;87.095680
33578000;86.940880
33579995;86.785217
33581998;86.628708
33583997;86.471344
33586038;86.313126
33588001;86.154068
33590004;85.994141
33591998;85.833374
33593996;85.671753
33595997;85.509285
33598037;85.345985
33600019;85.181847
33602015;85.016853
33604018;84.851021
33606014;84.684357
33608036;84.516853
33610006;84.348511
33611999;84.179352
33613995;84.009354
33615996;83.838524
33618001;83.666870
33620037;83.494385
33622016;83.321075
33624016;83.146980
33626016;82.972023
33628023;82.796249
33630082;82.619667
33632026;82.442268
33634023;82.264053
33636012;82.085037
33638018;81.905197
33640016;81.724556
33642036;81.543098
33644022;81.360847
33646020;81.177780
33648021;80.993942
33650018;80.809280
33652042;80.623817
33654003;80.437561
33656001;80.250511
33657997;80.062675
33659998;79.874062
33661996;79.684647
33664036;79.494438
33666021;79.303452
33668017;79.111679
33670014;78.919128
33672015;78.725800
33674029;78.531693
33676002;78.336807
33677998;78.141167
33679998;77.944740
33681996;77.747559
33684001;77.549591
33686037;77.350861
33688028;77.151367
33690018;76.951111
33692013;76.750099
33694015;76.548340
33696034;76.345810
33698003;76.142532
33699991;75.938499
33702001;75.733719
33704001;75.528183
33706002;75.321922
33708029;75.114906
33710021;74.907150
33712016;74.698647
33714016;74.489410
33716017;74.279442
33718036;74.068748
33719997;73.857307
33721996;73.645142
33723999;73.432251
33726000;73.218636
33728032;73.004295
33729997;72.789253
33731996;72.573486
33734001;72.356995
33735994;72.139786
33738202;71.921860
33740021;71.703232
33742018;71.483910
33744016;71.263863
33746020;71.043121
33748020;70.821671
33750032;70.599525
33752016;70.376678
33754015;70.153160
33756019;69.928932
33758018;69.816551
33760030;69.478401
33761998;69.252106
33763994;69.025124
33765999;68.797478
33767998;68.569145
33769995;68.340126
33772023;68.110435
33773996;67.880074
33775996;67.649040
33777998;67.417358
33779992;67.184998
33782102;66.951965
33784025;66.718277
33786014;66.483948
33788016;66.248940
33790017;66.013298
33792017;65.776993
33794028;65.540031
33796002;65.302429
33797998;65.064178
33799997;64.825287
33801992;64.585777
33804195;64.345604
33806021;64.104805
33808021;63.863361
33810019;63.621296
33812016;63.378597
33814013;63.135296
33816037;62.891354
33818025;62.646790
33820015;62.401604
33822016;62.155807
33824018;61.909397
33826035;61.662388
33828007;61.414753
33829996;61.166519
33831998;60.917675
33833997;60.668228
33835994;60.418213
33838032;60.167568
33840022;59.916359
33842017;59.664536
33844013;59.412121
33846018;59.159122
33848040;58.905560
33850019;58.651394
33852015;58.396656
33854015;58.141335
33856015;57.885437
33858032;57.628979
33860002;57.371964
33861997;57.114365
33863993;56.856201
33866003;56.597477
33868001;56.338192
33870035;56.078358
33872024;55.817978
33874019;55.557037
33876015;55.295544
33878019;55.033512
33880215;54.770927
33882025;54.507809
33884011;54.244167
33886019;53.979977
33888021;53.715248
33890020;53.449989
33892029;53.184204
33893995;52.917915
33895993;52.651100
33897995;52.383751
33899993;52.115883
33902194;51.847500
33904025;51.578606
33906021;51.309196
33908016;51.039307
33910016;50.768894
33912014;50.497978
33914037;50.226570
33916021;49.954655
33918018;49.682255
33920017;49.409382
33922014;49.136005
33924033;48.862137
33925998;48.587791
33927996;48.312962
33929997;48.037659
33931998;47.761898
33934202;47.485649
33936020;47.208931
33938025;46.931747
33940015;46.654099
33942015;46.375992
33944016;46.097446
33946037;45.818428
33948024;45.538975
33950017;45.259052
33952018;44.978683
33954018;44.697872
33956035;44.416637
33957998;44.134945
33959995;43.852818
33962000;43.570255
33963994;43.287266
33965996;43.003849
33968034;42.720028
33970017;42.435760
33972016;42.151081
33974017;41.865982
33976013;41.580467
33978043;41.294567
33980003;41.008240
33981998;40.721504
33983995;40.434368
33985997;40.146832
33988090;39.858898
33990017;39.570599
33992018;39.281879
33994011;38.992775
33996016;38.703285
33998021;38.413418
34000033;38.123165
34001995;37.832584
34003992;37.541588
34005999;37.250214
34008002;36.958477
34010112;36.666374
34012025;36.373913
34014019;36.081112
34016017;35.787930
34018013;35.494400
34020019;35.200516
34022040;34.906284
34024019;34.611710
34026017;34.316818
34028020;34.021561
34030018;33.725971
34032035;33.430046
34034005;33.133793
34035999;32.837212
34037996;32.540329
34039994;32.243107
34041997;31.945559
34044037;31.647699
34046020;31.349527
34048017;31.051048
34050017;30.752283
34052020;30.453190
34054035;30.153799
34056005;29.854134
34057998;29.554150
34059999;29.253874
34061997;28.953331
34063996;28.652481
34066039;28.351349
34068026;28.049934
34070015;27.748245
34072016;27.446281
34074016;27.144072
34076041;26.841568
34077994;26.538801
34079995;26.235771
34082000;25.932482
34083993;25.628939
34086036;25.325165
34088001;25.021118
34089995;24.716824
34092001;24.412287
34093994;24.107508
34096001;23.802490
34098032;23.497261
34099996;23.191778
34101994;22.886066
34103994;22.580128
34105995;22.273966
34108034;21.967585
34110002;21.661034
34111995;21.354221
34113999;21.047199
34115998;20.739969
34117997;20.432533
34120022;20.124922
34121998;19.817085
34123998;19.509054
34125998;19.200832
34127997;18.892418
34130206;18.583818
34132021;18.275061
34134014;17.966097
34136020;17.656956
34138018;17.347641
34140012;17.038157
34142022;16.728500
34144004;16.418705
34145996;16.108725
34147997;15.798585
34149999;15.488288
34152038;15.177840
34154004;14.867240
34155991;14.556519
34157996;14.245629
34159999;13.934599
34161995;13.623433
34164037;13.312154
34166015;13.000721
34168022;12.689183
34170017;12.377496
34172017;12.065687
34174039;11.753759
34175998;11.441715
34177998;11.129559
34179995;10.817315
34181999;10.504942
34183999;10.192464
34186040;9.879887
34188021;9.567211
34190017;9.254441
34192013;8.941605
