Timestamp;.superwatch_ch00
0;-96.538177
1361;-96.497086
3321;-96.414177
5321;-96.330330
7325;-96.245522
9321;-96.159782
11323;-96.073074
13326;-95.985443
15325;-95.896851
17322;-95.807304
19337;-95.716820
21330;-95.625381
23327;-95.533012
25366;-95.439697
27351;-95.345428
29346;-95.250237
31343;-95.154083
33337;-95.057007
35359;-94.958984
37322;-94.860039
39319;-94.760147
41321;-94.659309
43321;-94.557556
45443;-94.454849
47347;-94.351234
49340;-94.246681
51345;-94.141182
53341;-94.034767
55344;-93.927414
57363;-93.819145
59338;-93.709961
61339;-93.599823
63339;-93.488785
65341;-93.376801
67361;-93.263916
69323;-93.150093
71323;-93.035370
73322;-92.919724
75326;-92.803154
77319;-92.685677
79357;-92.567268
81343;-92.447960
83342;-92.327744
85344;-92.206596
87347;-92.084564
89362;-91.961601
91323;-91.837738
93315;-91.712967
95321;-91.587296
97325;-91.460732
99324;-91.333237
101361;-91.204865
103342;-91.075569
105339;-90.945396
107341;-90.814331
109343;-90.682343
111360;-90.549484
113328;-90.415703
115326;-90.281067
117325;-90.145508
119320;-90.009079
121530;-89.871780
123344;-89.733559
125342;-89.594475
127346;-89.454475
129336;-89.313622
131340;-89.171890
133358;-89.029243
135347;-88.885750
137342;-88.741356
139338;-88.596107
141343;-88.449959
143363;-88.302971
145320;-88.155106
147321;-88.006340
149324;-87.856735
151324;-87.706238
153323;-87.554901
155363;-87.402702
157343;-87.249611
159340;-87.095680
161341;-86.940872
163340;-86.785233
165353;-86.628708
167324;-86.471352
169321;-86.313148
171325;-86.154060
173325;-85.994148
175325;-85.833374
177361;-85.671761
179344;-85.509315
181337;-85.345993
183334;-85.181847
185343;-85.016846
187362;-84.851036
189325;-84.684349
191318;-84.516861
193320;-84.348534
195320;-84.179352
197320;-84.009369
199363;-83.838524
201342;-83.666878
203342;-83.494408
205334;-83.321091
207345;-83.146973
209358;-82.972008
211321;-82.796249
213318;-82.619652
215325;-82.442261
217324;-82.264069
219321;-82.085022
221360;-81.905197
223345;-81.724533
225343;-81.543098
227339;-81.360855
229337;-81.177811
231360;-80.993965
233321;-80.809288
235321;-80.623840
237323;-80.437599
239318;-80.250534
241327;-80.062714
243358;-79.874077
245345;-79.684669
247343;-79.494446
249340;-79.303474
251344;-79.111710
253357;-78.919151
255325;-78.725830
257323;-78.531708
259322;-78.336838
261323;-78.141197
263522;-77.944756
265347;-77.747574
267346;-77.549591
269343;-77.350876
271339;-77.151367
273345;-76.951126
275359;-76.750122
277323;-76.548340
279319;-76.345825
281317;-76.142525
283318;-75.938507
285361;-75.733742
287324;-75.528191
289317;-75.321938
291318;-75.114906
293317;-74.907158
295317;-74.698639
297361;-74.489418
299343;-74.279465
301341;-74.068741
303340;-73.857323
305337;-73.645142
307355;-73.432266
309324;-73.218666
311318;-73.004303
313326;-72.789261
315317;-72.573471
317362;-72.356987
319320;-72.139763
321321;-71.921860
323320;-71.703247
325319;-71.483887
327324;-71.263863
329355;-71.043098
331342;-70.821671
333341;-70.599533
335340;-70.376678
337343;-70.153191
339359;-69.928940
341325;-69.704033
343321;-69.478439
345323;-69.252129
347320;-69.025169
349324;-68.797493
351362;-68.569168
353344;-68.340134
355343;-68.110466
357341;-67.880119
359340;-67.649063
361356;-67.417389
363322;-67.185005
365319;-66.951988
367321;-66.718323
369324;-66.483955
371323;-66.248970
373360;-66.013298
375341;-65.777000
377344;-65.540024
379342;-65.302437
381339;-65.064201
383360;-64.825294
385326;-64.585785
387325;-64.345589
389322;-64.104805
391322;-63.863392
393326;-63.621307
395365;-63.378628
397347;-63.135292
399338;-62.891365
401341;-62.646778
403342;-62.401615
405358;-62.155830
407325;-61.909401
409321;-61.662399
411322;-61.414749
413317;-61.166527
415326;-60.917706
417362;-60.668243
419338;-60.418217
421339;-60.167564
423338;-59.916348
425338;-59.664505
427364;-59.412109
429325;-59.159134
431319;-58.905529
433326;-58.651386
435327;-58.396626
437321;-58.141327
439359;-57.885448
441343;-57.628967
443343;-57.371990
445338;-57.114376
447343;-56.856228
449358;-56.597485
451322;-56.338223
453324;-56.078403
455316;-55.817993
457321;-55.557068
459327;-55.295555
461361;-55.033539
463342;-54.770977
465344;-54.507839
467339;-54.244198
469339;-53.979980
471425;-53.715279
473346;-53.450001
475345;-53.184235
477344;-52.917946
479339;-52.651096
481339;-52.383762
483362;-52.115868
485342;-51.847504
487347;-51.578636
489337;-51.309212
491339;-51.039322
493360;-50.768887
495324;-50.497990
497324;-50.226559
499318;-49.954666
501320;-49.682285
503320;-49.409370
505358;-49.272751
507349;-48.862125
509344;-48.587799
511338;-48.312996
513339;-48.037670
515360;-47.761909
517343;-47.485641
519343;-47.208942
521339;-46.931778
523341;-46.654110
525363;-46.376026
527320;-46.097439
529321;-45.818439
531320;-45.538944
533322;-45.259045
535321;-44.978695
537364;-44.697865
539346;-44.416630
541342;-44.134918
543341;-43.852810
545336;-43.570271
547357;-43.287258
549322;-43.003864
551325;-42.720039
553318;-42.435799
555317;-42.151093
557325;-41.866016
559361;-41.580528
561342;-41.294582
563339;-41.008274
565339;-40.721519
567345;-40.434402
569360;-40.146889
571324;-39.858932
573324;-39.570629
575325;-39.281891
577319;-38.992809
579324;-38.703300
581356;-38.413452
583339;-38.123226
585335;-37.832577
587343;-37.541599
589339;-37.250210
591356;-37.104397
593319;-36.666412
595325;-36.373924
597325;-36.081123
599326;-35.787922
601357;-35.494415
603321;-35.200508
605319;-34.906300
607323;-34.611748
609322;-34.316807
611321;-34.021576
613355;-33.725964
615341;-33.430061
617346;-33.133827
619336;-32.837227
621336;-32.540344
623358;-32.243095
625325;-31.945574
627323;-31.647692
629326;-31.349543
631322;-31.051085
633319;-30.752274
635361;-30.453205
637348;-30.153790
639340;-29.854124
641342;-29.554165
643344;-29.253864
645364;-28.953323
647324;-28.652451
649326;-28.351339
651318;-28.049904
653324;-27.748236
655320;-27.446297
657359;-27.144039
659344;-26.841604
661340;-26.538816
663337;-26.235809
665339;-25.932545
667363;-25.628975
669324;-25.325203
671322;-25.021133
673318;-24.716862
675318;-24.412348
677324;-24.107544
679356;-23.802551
681344;-23.497276
683342;-23.191816
685339;-22.886080
687340;-22.580164
689360;-22.274027
691322;-21.967623
693317;-21.661047
695326;-21.354214
697325;-21.047215
699320;-20.740007
701356;-20.432549
703344;-20.124935
705341;-19.817076
707343;-19.509069
709336;-19.200823
711358;-18.892433
713324;-18.583858
715320;-18.275051
717321;-17.966110
719316;-17.656948
721438;-17.347656
723347;-17.038193
725339;-16.728516
727349;-16.418720
729338;-16.108715
731339;-15.798600
733350;-15.488279
735327;-15.177855
737326;-14.867279
739326;-14.556509
741326;-14.245645
743438;-13.934591
745343;-13.623447
747346;-13.312168
749341;-13.000711
751341;-12.689175
753337;-12.377464
755359;-12.065679
757345;-11.753728
759340;-11.441707
761338;-11.129574
763341;-10.817284
765357;-10.504933
767321;-10.192480
769316;-9.879926
771321;-9.567274
773322;-9.254481
775370;-8.941644
777357;-8.628671
779344;-8.315660
781346;-8.002520
783339;-7.689348
785341;-7.376100
787360;-7.062732
789341;-6.749341
791341;-6.435838
793334;-6.122317
795337;-5.808736
797532;-5.495050
799353;-5.181358
801344;-4.867567
803344;-4.553775
805344;-4.239939
807346;-3.926013
809363;-3.612096
811344;-3.298096
813341;-2.984111
815334;-2.670048
817337;-2.356008
819356;-2.041943
821325;-1.727811
823322;-1.413710
825326;-1.099547
827327;-0.785421
829323;-0.471287
831360;-0.157100
833343;0.157080
835339;0.471237
837342;0.785390
839339;1.099535
841360;1.413669
843344;1.727790
845342;2.041893
847342;2.355976
849336;2.670036
851441;2.984070
853345;3.298074
855344;3.612046
857345;3.925981
859339;4.239879
861343;4.553734
863359;4.867544
865321;5.181307
867323;5.495018
869324;5.808674
871325;6.122274
873360;6.435814
875324;6.749289
877319;7.062697
879318;7.376038
881323;7.689305
883323;8.002495
885359;8.315607
887345;8.628635
889344;8.941581
891339;9.254436
893341;9.567202
895365;9.879873
897329;10.192444
899322;10.504917
901320;10.817286
903327;11.129548
905321;11.441700
907362;11.753738
909339;12.065662
911337;12.377467
913340;12.689150
915341;13.000705
917362;13.312133
919322;13.623430
921326;13.934594
923321;14.245617
925319;14.556500
927359;14.867243
929323;15.177837
931317;15.488280
933317;15.798573
935323;16.108707
937322;16.418684
939363;16.728498
941347;17.038149
943344;17.347628
945342;17.656937
947345;17.966076
949376;18.275032
951345;18.583811
953338;18.892406
955340;19.200811
957344;19.509031
959345;19.817057
961357;20.124889
963339;20.432520
965334;20.739950
967341;21.047176
969337;21.354193
971337;21.660999
973358;21.967592
975343;22.273970
977340;22.580126
979336;22.886059
981340;23.191769
983354;23.497246
985328;23.802494
987325;24.107506
989324;24.412279
991322;24.716812
993382;25.021099
995364;25.325144
997347;25.628939
999341;25.932476
1001340;26.235760
1003341;26.538784
1005354;26.841545
1007321;27.144045
1009322;27.446274
1011325;27.748230
1013323;28.049919
1015417;28.351324
1017348;28.652456
1019344;28.953299
1021340;29.253859
1023340;29.554132
1025342;29.854111
1027362;30.153793
1029342;30.453184
1031341;30.752268
1033343;31.051052
1035339;31.349527
1037354;31.647697
1039325;31.945551
1041326;32.243092
1043325;32.540310
1045325;32.837208
1047323;33.133785
1049361;33.430038
1051341;33.725952
1053343;34.021542
1055342;34.316792
1057342;34.611706
1059362;34.906273
1061320;35.200500
1063318;35.494377
1065322;35.787907
1067325;36.081081
1069320;36.373901
1071357;36.666363
1073344;36.958458
1075343;37.250191
1077338;37.541557
1079338;37.832550
1081357;38.123173
1083323;38.413418
1085317;38.703281
1087327;38.992767
1089324;39.281864
1091323;39.570580
1093357;39.858898
1095342;40.146824
1097346;40.434357
1099341;40.721493
1101341;41.008221
1103357;41.294548
1105319;41.580467
1107326;41.865971
1109320;42.151066
1111325;42.435749
1113324;42.720005
1115360;43.003841
1117348;43.287258
1119341;43.570240
1121338;43.852798
1123341;44.134922
1125360;44.416611
1127326;44.697861
1129320;44.978668
1131321;45.259033
1133327;45.538948
1135451;45.818417
1137346;46.097435
1139341;46.375996
1141342;46.654099
1143341;46.931744
1145336;47.208927
1147359;47.485634
1149336;47.761883
1151340;48.037659
1153340;48.312958
1155341;48.587780
1157424;48.862122
1159343;49.135986
1161347;49.409363
1163341;49.682243
1165339;49.954647
1167343;50.226551
1169364;50.497963
1171344;50.768871
1173337;51.039284
1175339;51.309193
1177346;51.578583
1179363;51.847477
1181320;52.115856
1183324;52.383720
1185327;52.651070
1187316;52.917896
1189322;53.184204
1191359;53.449982
1193344;53.715237
1195341;53.979958
1197339;54.244156
1199340;54.507809
1201355;54.770924
1203325;55.033501
1205324;55.295532
1207325;55.557018
1209323;55.817963
1211325;56.078350
1213363;56.338184
1215346;56.597466
1217347;56.856178
1219338;57.114338
1221343;57.371937
1223362;57.628967
1225322;57.885426
1227320;58.141319
1229321;58.396633
1231321;58.651371
1233317;58.905529
1235359;59.159111
1237343;59.412106
1239340;59.664516
1241341;59.916336
1243340;60.167557
1245361;60.418190
1247324;60.668228
1249320;60.917671
1251322;61.166508
1253321;61.414749
1255380;61.662376
1257360;61.909389
1259345;62.155800
1261338;62.401592
1263339;62.646778
1265336;62.891342
1267360;63.135277
1269347;63.378597
1271339;63.621284
1273338;63.863350
1275342;64.104782
1277431;64.345589
1279348;64.585754
1281344;64.825279
1283338;65.064171
1285340;65.302414
1287344;65.540009
1289357;65.776978
1291348;66.013275
1293342;66.248932
1295340;66.483932
1297339;66.718277
1299359;66.951958
1301323;67.184982
1303319;67.417351
1305321;67.649040
1307324;67.880074
1309318;68.110428
1311363;68.340118
1313344;68.569130
1315339;68.797462
1317345;69.025124
1319337;69.252098
1321361;69.478394
1323322;69.703995
1325320;69.928909
1327320;70.153137
1329318;70.376678
1331324;70.599518
1333350;70.821655
1335321;71.043106
1337318;71.263847
1339323;71.483887
1341320;71.593643
1343376;71.921852
1345359;72.139778
1347345;72.356972
1349341;72.573471
1351340;72.789238
1353336;73.004303
1355360;73.218636
1357349;73.432251
1359341;73.645142
1361341;73.857300
1363338;74.068741
1365356;74.279442
1367324;74.489403
1369320;74.698639
1371318;74.907135
1373321;75.114891
1375320;75.321915
1377356;75.528183
1379345;75.733711
1381338;75.938484
1383340;76.142517
1385338;76.345795
1387362;76.548325
1389321;76.750092
1391324;76.951103
1393318;77.151352
1395322;77.350845
1397322;77.549568
1399361;77.747536
1401345;77.944733
1403337;78.141159
1405341;78.336807
1407345;78.531693
1409360;78.725800
1411321;78.919128
1413327;79.111679
1415320;79.303452
1417321;79.494438
1419324;79.684631
1421366;79.874054
1423349;80.062675
1425341;80.250511
1427341;80.437561
1429337;80.623810
1431361;80.809273
1433319;80.993927
1435324;81.177780
1437322;81.360840
1439317;81.543091
1441452;81.724548
1443343;81.905190
1445339;82.085022
1447346;82.264038
1449340;82.442261
1451340;82.619659
1453346;82.796242
1455328;82.972015
1457322;83.146957
1459319;83.321083
1461318;83.494392
1463358;83.666870
1465325;83.838524
1467326;84.009354
1469320;84.179352
1471322;84.348526
1473324;84.516853
1475363;84.684349
1477347;84.851013
1479341;85.016846
1481340;85.181831
1483342;85.345985
1485357;85.509285
1487328;85.671745
1489320;85.833366
1491325;85.994133
1493322;86.154045
1495322;86.313118
1497362;86.471336
1499323;86.628700
1501327;86.785210
1503324;86.940865
1505324;87.095657
1507319;87.249596
1509356;87.402672
1511342;87.554886
1513344;87.706230
1515340;87.856712
1517340;88.006325
1519353;88.155075
1521324;88.302948
1523319;88.449944
1525324;88.596085
1527320;88.741341
1529526;88.885719
1531346;89.029221
1533341;89.171852
1535337;89.313599
1537341;89.454460
1539336;89.594444
1541359;89.733536
1543326;89.871750
1545320;90.009079
1547320;90.145508
1549325;90.281052
1551321;90.415710
1553356;90.549469
1555342;90.682343
1557343;90.814316
1559346;90.945389
1561338;91.075569
1563356;91.204857
1565323;91.333237
1567326;91.460716
1569324;91.587296
1571324;91.712967
1573381;91.837730
1575357;91.961594
1577351;92.084541
1579339;92.206589
1581343;92.327728
1583339;92.447952
1585358;92.567261
1587348;92.685661
1589339;92.803139
1591342;92.919708
1593338;93.035355
1595360;93.150093
1597322;93.263908
1599323;93.376793
1601318;93.488762
1603326;93.599808
1605319;93.709930
1607362;93.819130
1609347;93.927406
1611339;94.034752
1613340;94.141167
1615338;94.246658
1617364;94.351212
1619318;94.454842
1621321;94.557541
1623314;94.659302
1625326;94.760132
1627320;94.860016
1629362;94.958969
1631343;95.056992
1633342;95.154076
1635336;95.250214
1637344;95.345421
1639360;95.439682
1641322;95.532997
1643325;95.625374
1645322;95.716805
1647317;95.807289
1649320;95.896835
1651360;95.985428
1653347;96.073074
1655340;96.159775
1657346;96.245529
1659340;96.330322
1661356;96.414169
1663328;96.497070
1665320;96.579018
1667320;96.660011
1669320;96.740051
1671319;96.819130
1673354;96.897263
1675344;96.974442
1677346;97.050652
1679341;97.125908
1681340;97.200203
1683360;97.273544
1685321;97.345917
1687322;97.417343
1689325;97.487793
1691322;97.557297
1693322;97.625824
1695360;97.693390
1697350;97.759995
1699339;97.825638
1701341;97.890305
1703341;97.954018
1705358;98.016754
1707321;98.078529
1709323;98.139336
1711319;98.199173
1713328;98.258034
1715322;98.315933
1717361;98.372864
1719344;98.428818
1721346;98.483810
1723340;98.537819
1725339;98.590858
1727367;98.642929
1729325;98.694023
1731323;98.744141
1733318;98.793289
1735322;98.841454
1737358;98.888649
1739325;98.934868
1741321;98.980110
1743318;99.024376
1745321;99.067665
1747318;99.109970
1749358;99.151306
1751343;99.191658
1753340;99.231033
1755341;99.269432
1757343;99.306847
1759362;99.343285
1761324;99.378738
1763322;99.413208
1765328;99.446701
1767322;99.479218
1769321;99.510742
1771361;99.541290
1773345;99.570862
1775346;99.599442
1777340;99.627037
1779341;99.653656
1781357;99.679283
1783325;99.703934
1785321;99.727600
1787322;99.750282
1789321;99.771973
1791324;99.792686
1793359;99.812408
1795343;99.831154
1797349;99.848907
1799335;99.865685
1801335;99.881462
1803350;99.896263
1805323;99.910072
1807321;99.922905
1809321;99.934746
1811323;99.945602
1813325;99.955467
1815359;99.964348
1817346;99.972244
1819344;99.979149
1821342;99.985077
1823338;99.990005
1825356;99.993958
1827324;99.996918
1829327;99.998894
1831324;99.999878
1833322;99.999878
1835322;99.998894
1837364;99.996918
1839342;99.993958
1841334;99.990005
1843340;99.985077
1845336;99.979149
1847363;99.972244
1849330;99.964348
1851322;99.955467
1853327;99.945602
1855324;99.934746
1857425;99.922905
1859350;99.910072
1861344;99.896263
1863343;99.881462
1865343;99.865685
1867345;99.848907
1869359;99.831154
1871343;99.812408
1873340;99.792686
1875338;99.771973
1877345;99.750282
1879357;99.727600
1881325;99.703941
1883324;99.679283
1885319;99.653656
1887320;99.627037
1889324;99.599442
1891355;99.570862
1893344;99.541298
1895343;99.510750
1897343;99.479218
1899342;99.446701
1901356;99.413208
1903324;99.378738
1905320;99.343285
1907317;99.306847
1909324;99.269432
1911322;99.231033
1913362;99.191666
1915339;99.151306
1917343;99.109978
1919339;99.067673
1921339;99.024376
1923358;98.980110
1925324;98.934868
1927324;98.888657
1929320;98.841461
1931321;98.793289
1933318;98.744141
1935359;98.694023
1937341;98.642929
1939340;98.590866
1941340;98.537819
1943338;98.483810
1945355;98.428818
1947326;98.372864
1949324;98.315941
1951322;98.258041
1953328;98.199173
1955318;98.139343
1957364;98.078529
1959344;98.016754
1961341;97.954018
1963342;97.890312
1965338;97.825638
1967361;97.759995
1969327;97.693398
1971321;97.625824
1973315;97.557297
1975322;97.487801
1977322;97.417343
1979357;97.345932
1981341;97.273544
1983337;97.200211
1985338;97.125916
1987339;97.050652
1989353;96.974442
1991323;96.897270
1993312;96.819138
1995326;96.740051
1997325;96.660019
1999324;96.579018
2001351;96.497078
2003343;96.414177
2005342;96.330330
2007343;96.245529
2009343;96.159782
2011361;96.073082
2013343;95.985428
2015344;95.896843
2017340;95.807297
2019346;95.716812
2021362;95.625374
2023322;95.533005
2025319;95.439682
2027325;95.345428
2029324;95.250221
2031317;95.154076
2033362;95.057007
2035342;94.958984
2037342;94.860031
2039338;94.760132
2041339;94.659302
2043361;94.557549
2045345;94.454849
2047346;94.351219
2049337;94.246666
2051340;94.141174
2053356;94.034752
2055320;93.927414
2057319;93.819138
2059324;93.709938
2061321;93.599823
2063377;93.488770
2065359;93.376801
2067347;93.263916
2069338;93.150101
2071344;93.035362
2073340;92.919716
2075361;92.803146
2077330;92.685661
2079319;92.567268
2081325;92.447952
2083320;92.327728
2085321;92.206596
2087355;92.084557
2089342;91.961601
2091342;91.899780
2093338;91.712967
2095337;91.587296
2097362;91.460724
2099323;91.333237
2101323;91.204857
2103320;91.075584
2105327;90.945396
2107323;90.814323
2109360;90.682343
2111344;90.549477
2113342;90.415726
2115340;90.281067
2117343;90.145515
2119360;90.009079
2121323;89.871750
2123321;89.733551
2125324;89.594452
2127329;89.454468
2129322;89.313599
2131357;89.171860
2133342;89.029228
2135336;88.885727
2137343;88.741348
2139344;88.596085
2141355;88.449951
2143319;88.302948
2145320;88.155067
2147320;88.006332
2149317;87.856712
2151357;87.706230
2153329;87.554893
2155321;87.402679
2157315;87.249603
2159320;87.095680
2161319;86.940880
2163358;86.785217
2165342;86.628708
2167347;86.471344
2169343;86.313126
2171343;86.154068
2173357;85.994141
2175320;85.833374
2177323;85.671753
2179324;85.509285
2181327;85.345985
2183364;85.181847
2185323;85.016853
2187319;84.851021
2189322;84.684357
2191320;84.516853
2193318;84.348511
2195357;84.179352
2197343;84.009354
2199342;83.838524
2201338;83.666870
2203339;83.494385
2205360;83.321075
2207325;83.146980
2209322;82.972023
2211324;82.796249
2213318;82.619667
2215327;82.442268
2217360;82.264053
2219344;82.085037
2221338;81.905197
2223337;81.724556
2225339;81.543098
2227357;81.360847
2229321;81.177780
2231317;80.993942
2233321;80.809280
2235323;80.623817
2237319;80.437561
2239365;80.250511
2241341;80.062675
2243341;79.874062
2245339;79.684647
2247340;79.494438
2249354;79.303452
2251323;79.111679
2253318;78.919128
2255322;78.725800
2257317;78.531693
2259440;78.336807
2261345;78.141167
2263340;77.944740
2265339;77.747559
2267339;77.549591
2269341;77.350861
2271363;77.151367
2273346;76.951111
2275337;76.750099
2277343;76.548340
2279339;76.345810
2281357;76.142532
2283328;75.938499
2285320;75.733719
2287320;75.528183
2289323;75.321922
2291317;75.114906
2293360;74.907150
2295342;74.698647
2297348;74.489410
2299339;74.279442
2301339;74.068748
2303356;73.857307
2305325;73.645142
2307323;73.432251
2309322;73.218636
2311326;73.004295
2313321;72.789253
2315359;72.573486
2317348;72.356995
2319343;72.139786
2321341;71.921860
2323338;71.703232
2325360;71.483910
2327325;71.263863
2329321;71.043121
2331322;70.821671
2333319;70.599525
2335375;70.376678
2337358;70.153160
2339342;69.928932
2341342;69.704010
2343341;69.478401
2345338;69.252106
2347363;69.025124
2349349;68.797478
2351338;68.569145
2353336;68.340126
2355336;68.110435
2357366;67.880074
2359326;67.649040
2361324;67.417358
2363324;67.184998
2365321;66.951965
2367319;66.718277
2369354;66.483948
2371322;66.248940
2373318;66.013298
2375324;65.776993
2377322;65.540031
2379314;65.302429
2381358;65.064178
2383347;64.825287
2385335;64.585777
2387348;64.345604
2389338;64.104805
2391358;63.863361
2393323;63.621296
2395319;63.378597
2397321;63.135296
2399323;62.891354
2401323;62.646790
2403363;62.401604
2405342;62.155807
2407347;61.909397
2409338;61.662388
2411338;61.414753
2413354;61.166519
2415321;60.917675
2417324;60.668228
2419325;60.418213
2421315;60.167568
2423318;59.916359
2425362;59.664536
2427348;59.412121
2429340;59.159122
2431341;58.905560
2433342;58.651394
2435355;58.396656
2437320;58.141335
2439323;57.885437
2441325;57.628979
2443322;57.371964
2445323;57.114365
2447360;56.856201
2449346;56.597477
2451345;56.338192
2453342;56.078358
2455342;55.817978
2457358;55.557037
2459323;55.295544
2461318;55.033512
2463325;54.770927
2465320;54.507809
2467321;54.244167
2469365;53.979977
2471345;53.715248
2473340;53.449989
2475337;53.184204
2477343;52.917915
2479364;52.651100
2481323;52.383751
2483323;52.115883
2485321;51.847500
2487317;51.578606
2489320;51.309196
2491359;51.039307
2493343;50.768894
2495341;50.497978
2497342;50.226570
2499342;49.954655
2501363;49.682255
2503320;49.409382
2505319;49.136005
2507324;48.999119
2509319;48.587791
2511318;48.312962
2513353;48.037659
2515341;47.761898
2517342;47.485649
2519343;47.208931
2521342;46.931747
2523393;46.654099
2525356;46.375992
2527349;46.097446
2529341;45.818428
2531339;45.538975
2533342;45.259052
2535347;44.978683
2537322;44.697872
2539325;44.416637
2541315;44.134945
2543314;43.852818
2545465;43.570255
2547344;43.287266
2549337;43.003849
2551338;42.720028
2553340;42.435760
2555342;42.151081
2557359;41.865982
2559323;41.580467
2561323;41.294567
2563323;41.008240
2565324;40.721504
2567324;40.434368
2569360;40.146832
2571345;39.858898
2573339;39.570599
2575339;39.281879
2577344;38.992775
2579360;38.703285
2581341;38.413418
2583339;38.123165
2585339;37.832584
2587345;37.541588
2589362;37.250214
2591320;36.958477
2593320;36.666374
2595323;36.373913
2597315;36.081112
2599325;35.787930
2601360;35.494400
2603346;35.200516
2605341;34.906284
2607344;34.611710
2609339;34.316818
2611362;34.021561
2613325;33.725971
2615322;33.430046
2617319;33.133793
2619322;32.837212
2621320;32.540329
2623358;32.243107
2625342;31.945559
2627338;31.647699
2629336;31.349527
2631343;31.051048
2633363;30.752283
2635324;30.453190
2637327;30.153799
2639319;29.854134
2641326;29.554150
2643321;29.253874
2645359;28.953331
2647351;28.652481
2649340;28.351349
2651344;28.049934
2653341;27.748245
2655361;27.446281
2657323;27.144072
2659318;26.841568
2661322;26.538801
2663321;26.235771
2665358;25.932482
2667326;25.628939
2669322;25.325165
2671322;25.021118
2673322;24.716824
2675325;24.412287
2677359;24.107508
2679345;23.802490
2681340;23.497261
2683336;23.191778
2685340;22.886066
2687366;22.580128
2689328;22.273966
2691325;21.967585
2693323;21.661034
2695319;21.354221
2697328;21.047199
2699364;20.739969
2701346;20.432533
2703341;20.124922
2705335;19.817085
2707343;19.509054
2709356;19.200832
2711326;18.892418
2713324;18.583818
2715318;18.275061
2717320;17.966097
2719320;17.656956
2721362;17.347641
2723348;17.038157
2725343;16.728500
2727337;16.418705
2729335;16.108725
2731357;15.798585
2733322;15.488288
2735322;15.177840
2737320;14.867240
2739316;14.556519
2741321;14.245629
2743360;13.934599
2745347;13.623433
2747341;13.312154
2749339;13.000721
2751337;12.689183
2753361;12.377496
2755341;12.065687
2757341;11.753759
2759342;11.441715
2761338;11.129559
2763359;10.817315
2765321;10.504942
2767326;10.192464
2769320;9.879887
2771324;9.567211
2773321;9.254441
2775356;8.941605
2777349;8.628655
2779342;8.315620
2781342;8.002504
2783338;7.689308
2785357;7.376037
2787327;7.062716
2789321;6.749302
2791319;6.435822
2793323;6.122278
2795325;5.808673
2797355;5.495012
2799323;5.181319
2801319;4.867576
2803315;4.553761
2805325;4.239901
2807433;3.925998
2809349;3.612057
2811340;3.298105
2813339;2.984096
2815337;2.670057
2817343;2.355993
2819361;2.041904
2821344;1.727796
2823341;1.413695
2825341;1.099556
2827344;0.785405
2829362;0.471248
2831323;0.157085
2833321;-0.157079
2835322;-0.471218
2837322;-0.785375
2839356;-1.099525
2841325;-1.256585
2843318;-1.727790
2845327;-2.041898
2847325;-2.355963
2849316;-2.670027
2851361;-2.984066
2853341;-3.298074
2855341;-3.612027
2857342;-3.925944
2859340;-4.239846
2861359;-4.553706
2863329;-4.867522
2865324;-5.181289
2867321;-5.495005
2869324;-5.808643
2871321;-6.122248
2873361;-6.435792
2875345;-6.749272
2877344;-7.062686
2879338;-7.376031
2881339;-7.689279
2883356;-8.002474
2885328;-8.315591
2887322;-8.628626
2889320;-8.941574
2891324;-9.254436
2893326;-9.567182
2895359;-9.879857
2897345;-10.192435
2899337;-10.504911
2901336;-10.817286
2903336;-11.129552
2905364;-11.441686
2907330;-11.753706
2909319;-12.065634
2911317;-12.377443
2913319;-12.689130
2915329;-13.000690
2917358;-13.312101
2919322;-13.623403
2921322;-13.934570
2923323;-14.245600
2925319;-14.556490
2927380;-14.867234
2929360;-15.177811
2931348;-15.488259
2933342;-15.798555
2935335;-16.108694
2937343;-16.418676
2939358;-16.728497
2941345;-17.038126
2943341;-17.347612
2945338;-17.656927
2947344;-17.966068
2949356;-18.275030
2951322;-18.583813
2953323;-18.892389
2955323;-19.200802
2957319;-19.509026
2959319;-19.817057
2961359;-20.124868
2963345;-20.432505
2965344;-20.739916
2967342;-21.047146
2969342;-21.354168
2971357;-21.660980
2973321;-21.967579
2975322;-22.273960
2977323;-22.580097
2979324;-22.886036
2981325;-23.191748
2983360;-23.497232
2985324;-23.802485
2987321;-24.107500
2989322;-24.412256
2991324;-24.716795
2993442;-25.021088
2995344;-25.325138
2997344;-25.628933
2999341;-25.932476
3001339;-26.235741
3003342;-26.538771
3005359;-26.841539
3007320;-27.144041
3009325;-27.446276
3011318;-27.748240
3013323;-28.049908
3015447;-28.351297
3017346;-28.652430
3019340;-28.953281
3021341;-29.253843
3023341;-29.554098
3025346;-29.854084
3027359;-30.153772
3029341;-30.453163
3031336;-30.752254
3033337;-31.051043
3035340;-31.349501
3037352;-31.647673
3039327;-31.945532
3041320;-32.243076
3043327;-32.540302
3045324;-32.837208
3047322;-33.133766
3049360;-33.430019
3051347;-33.725945
3053343;-34.021534
3055342;-34.316792
3057345;-34.611706
3059358;-34.906258
3061328;-35.200489
3063320;-35.494373
3065320;-35.787903
3067321;-36.081081
3069429;-36.373882
3071344;-36.666325
3073342;-36.958427
3075339;-37.250168
3077344;-37.541534
3079341;-37.832535
3081360;-38.123161
3083345;-38.413387
3085343;-38.703259
3087342;-38.992748
3089339;-39.281853
3091356;-39.570568
3093322;-39.858894
3095318;-40.146805
3097318;-40.434341
3099324;-40.721478
3101324;-41.008209
3103360;-41.294540
3105344;-41.580467
3107340;-41.865955
3109338;-42.151054
3111337;-42.435734
3113360;-42.720001
3115321;-43.003841
3117324;-43.287262
3119327;-43.570229
3121322;-43.852791
3123322;-44.134895
3125357;-44.416592
3127344;-44.697845
3129341;-44.978657
3131340;-45.259007
3133339;-45.538925
3135362;-45.818401
3137325;-46.097420
3139323;-46.375988
3141320;-46.654095
3143322;-46.931721
3145464;-47.208904
3147346;-47.485622
3149343;-47.761871
3151340;-48.037647
3153339;-48.312950
3155340;-48.587757
3157360;-48.862106
3159325;-49.135971
3161318;-49.409351
3163323;-49.682243
3165324;-49.954624
3167433;-50.226532
3169344;-50.497948
3171338;-50.768864
3173336;-51.039280
3175338;-51.309193
3177344;-51.578552
3179361;-51.847446
3181327;-52.115829
3183324;-52.383698
3185321;-52.651054
3187323;-52.917885
3189360;-53.184174
3191316;-53.449959
3193323;-53.715218
3195324;-53.979946
3197319;-54.244137
3199320;-54.507797
3201360;-54.770897
3203342;-55.033482
3205339;-55.295517
3207346;-55.557007
3209343;-55.817951
3211360;-56.078346
3213323;-56.338161
3215320;-56.597446
3217321;-56.856174
3219320;-57.114334
3221318;-57.371933
3223360;-57.628967
3225343;-57.885414
3227345;-58.141304
3229342;-58.396626
3231339;-58.651344
3233355;-58.905514
3235323;-59.159096
3237322;-59.412075
3239318;-59.664490
3241319;-59.916313
3243375;-60.167545
3245357;-60.418182
3247343;-60.668224
3249341;-60.917645
3251341;-61.166489
3253340;-61.414730
3255361;-61.662357
3257346;-61.909382
3259341;-62.155796
3261339;-62.401573
3263340;-62.646759
3265359;-62.891323
3267327;-63.135265
3269326;-63.378590
3271323;-63.621284
3273322;-63.863338
3275373;-64.104774
3277359;-64.345573
3279347;-64.585747
3281339;-64.825279
3283338;-65.064171
3285338;-65.302383
3287360;-65.539993
3289344;-65.776947
3291340;-66.013260
3293341;-66.248917
3295344;-66.483917
3297360;-66.718254
3299328;-66.951942
3301321;-67.184967
3303319;-67.417336
3305322;-67.649033
3307319;-67.880043
3309362;-68.110413
3311323;-68.340096
3313326;-68.569115
3315327;-68.797455
3317317;-69.025116
3319361;-69.252083
3321329;-69.478378
3323323;-69.703987
3325319;-69.928902
3327321;-70.153137
3329322;-70.376678
3331359;-70.599503
3333348;-70.821648
3335338;-71.043098
3337343;-71.263847
3339337;-71.483871
3341360;-71.703209
3343325;-71.921829
3345318;-72.139755
3347319;-72.356949
3349323;-72.573456
3351436;-72.789230
3353347;-73.004295
3355343;-73.218613
3357339;-73.432228
3359335;-73.645126
3361337;-73.857292
3363357;-74.068726
3365344;-74.279434
3367345;-74.489388
3369339;-74.698624
3371336;-74.907127
3373529;-75.114883
3375341;-75.321899
3377344;-75.528183
3379341;-75.733711
3381338;-75.938477
3383341;-76.142525
3385359;-76.345787
3387324;-76.548302
3389322;-76.750092
3391321;-76.951096
3393318;-77.151337
3395354;-77.350845
3397320;-77.549561
3399324;-77.747513
3401314;-77.944717
3403317;-78.141136
3405324;-78.336807
3407359;-78.531677
3409344;-78.725777
3411340;-78.919121
3413335;-79.111656
3415335;-79.303444
3417357;-79.494415
3419328;-79.684639
3421317;-79.874046
3423317;-80.062660
3425327;-80.250511
3427318;-80.437546
3429366;-80.623817
3431343;-80.809258
3433340;-80.993912
3435343;-81.177780
3437338;-81.360832
3439360;-81.543098
3441326;-81.724533
3443318;-81.905197
3445317;-82.085022
3447323;-82.264038
3449321;-82.442261
3451357;-82.619652
3453345;-82.796249
3455341;-82.972008
3457350;-83.146942
3459340;-83.321091
3461358;-83.494377
3463319;-83.666878
3465316;-83.838524
3467321;-84.009369
3469325;-84.179352
3471327;-84.348511
3473355;-84.516838
3475346;-84.684326
3477344;-84.851006
3479340;-85.016823
3481344;-85.181801
3483355;-85.345963
3485322;-85.509262
3487320;-85.671738
3489321;-85.833344
3491325;-85.994102
3493376;-86.154037
3495356;-86.313095
3497348;-86.471329
3499340;-86.628685
3501341;-86.785210
3503336;-86.940849
3505360;-87.095634
3507322;-87.249588
3509323;-87.402657
3511323;-87.554878
3513316;-87.706215
3515429;-87.856689
3517352;-88.006317
3519343;-88.155052
3521342;-88.302948
3523339;-88.449944
3525343;-88.596085
3527359;-88.741333
3529341;-88.885704
3531344;-89.029221
3533339;-89.171837
3535339;-89.313599
3537365;-89.454453
3539321;-89.594421
3541320;-89.733536
3543315;-89.871742
3545319;-90.009079
3547323;-90.145508
3549361;-90.281067
3551343;-90.415703
3553338;-90.549461
3555339;-90.682343
3557342;-90.814308
3559360;-90.945396
3561321;-91.075569
3563318;-91.204849
3565321;-91.333237
3567321;-91.460709
3569326;-91.587296
3571360;-91.712967
3573338;-91.837738
3575338;-91.961601
3577339;-92.084541
3579341;-92.206596
3581359;-92.327705
3583323;-92.447945
3585316;-92.567245
3587325;-92.685638
3589324;-92.803131
3591321;-92.861526
3593359;-93.035355
3595342;-93.150070
3597344;-93.263885
3599339;-93.376785
3601338;-93.488747
3603368;-93.599800
3605326;-93.709923
3607322;-93.819130
3609318;-93.927399
3611321;-94.034737
3613324;-94.141159
3615357;-94.246643
3617349;-94.351212
3619338;-94.454834
3621336;-94.557526
3623337;-94.659294
3625355;-94.760117
3627321;-94.860016
3629320;-94.958969
3631321;-95.056999
3633316;-95.154068
3635358;-95.250206
3637325;-95.345413
3639318;-95.439674
3641320;-95.532997
3643320;-95.625374
3645325;-95.716789
3647359;-95.807289
3649319;-95.896828
3651319;-95.985428
3653323;-96.073074
3655321;-96.159782
3657361;-96.245522
3659330;-96.330322
3661322;-96.414177
3663316;-96.497070
3665319;-96.579018
3667323;-96.660011
3669356;-96.740044
3671345;-96.819138
3673342;-96.897255
3675340;-96.974442
3677343;-97.050652
3679355;-97.125916
3681330;-97.200203
3683324;-97.273544
3685321;-97.345924
3687320;-97.417343
3689358;-97.487793
3691321;-97.557281
3693316;-97.625809
3695323;-97.693382
3697327;-97.759987
3699326;-97.825630
3701362;-97.890297
3703343;-97.954010
3705342;-98.016754
3707344;-98.078522
3709340;-98.139336
3711365;-98.199165
3713323;-98.258034
3715321;-98.315933
3717328;-98.372856
3719322;-98.428818
3721323;-98.483803
3723364;-98.537811
3725325;-98.590858
3727322;-98.642929
3729321;-98.694023
3731324;-98.744133
3733446;-98.793289
3735345;-98.841454
3737348;-98.888657
3739341;-98.934868
3741338;-98.980103
3743337;-99.024376
3745363;-99.067665
3747325;-99.109978
3749328;-99.151306
3751320;-99.191666
3753320;-99.231033
3755371;-99.269424
3757359;-99.306847
3759344;-99.343285
3761336;-99.378738
3763341;-99.413208
3765341;-99.446701
3767361;-99.479218
3769324;-99.510742
3771319;-99.541298
3773320;-99.570862
3775324;-99.599442
3777318;-99.627037
3779360;-99.653656
3781345;-99.679283
3783336;-99.703934
3785338;-99.727600
3787344;-99.750282
3789360;-99.771973
3791321;-99.792686
3793324;-99.812408
3795322;-99.831161
3797325;-99.848907
3799447;-99.865677
3801344;-99.881462
3803341;-99.896263
3805344;-99.910072
3807340;-99.922905
3809339;-99.934746
3811359;-99.945602
3813345;-99.955460
3815343;-99.964348
3817345;-99.972244
3819345;-99.979149
3821355;-99.985069
3823327;-99.990005
3825319;-99.993958
3827320;-99.996910
3829321;-99.998894
3831372;-99.999878
3833357;-99.999878
3835343;-99.998894
3837344;-99.996918
3839339;-99.993958
3841341;-99.990013
3843358;-99.985077
3845317;-99.979149
3847319;-99.972244
3849321;-99.964348
3851321;-99.955467
3853363;-99.945602
3855324;-99.934746
3857322;-99.922905
3859323;-99.910080
3861327;-99.896263
3863326;-99.881462
3865359;-99.865685
3867349;-99.848907
3869338;-99.831161
3871341;-99.812416
3873340;-99.792686
3875358;-99.771973
3877324;-99.750282
3879327;-99.727600
3881321;-99.703934
3883324;-99.679283
3885324;-99.653656
3887361;-99.627037
3889347;-99.599442
3891345;-99.570862
3893341;-99.541298
3895341;-99.510750
3897356;-99.479218
3899322;-99.446709
3901321;-99.413208
3903325;-99.378738
3905326;-99.343285
3907320;-99.306854
3909361;-99.269440
3911344;-99.231041
3913340;-99.191666
3915337;-99.151314
3917340;-99.109985
3919363;-99.067673
3921320;-99.024384
3923319;-98.980118
3925318;-98.934868
3927322;-98.888657
3929325;-98.841461
3931357;-98.793289
3933327;-98.744148
3935321;-98.694023
3937323;-98.642937
3939322;-98.590866
3941358;-98.537827
3943326;-98.483810
3945323;-98.428825
3947323;-98.372871
3949321;-98.315941
3951321;-98.258049
3953362;-98.199181
3955346;-98.139343
3957340;-98.078537
3959339;-98.016754
3961337;-97.954025
3963364;-97.890312
3965316;-97.825638
3967321;-97.760002
3969324;-97.693398
3971320;-97.625824
3973323;-97.557297
3975359;-97.487801
3977347;-97.417351
3979338;-97.345924
3981337;-97.273552
3983340;-97.200203
3985361;-97.125916
3987319;-97.050652
3989320;-96.974442
3991324;-96.897270
3993322;-96.819138
3995321;-96.740051
3997366;-96.660011
3999331;-96.579018
4001320;-96.497086
4003318;-96.414177
4005322;-96.330330
4007323;-96.245522
4009359;-96.159782
4011345;-96.073074
4013339;-95.985443
4015336;-95.896851
4017339;-95.807304
4019358;-95.716820
4021328;-95.625381
4023324;-95.533012
4025321;-95.439697
4027318;-95.345428
4029318;-95.250237
4031358;-95.154083
4033340;-95.057007
4035341;-94.958984
4037344;-94.860039
4039337;-94.760147
4041364;-94.659309
4043324;-94.557556
4045320;-94.454849
4047323;-94.351234
4049322;-94.246681
4051377;-94.141182
4053361;-94.034767
4055345;-93.927414
4057342;-93.819145
4059345;-93.709961
4061340;-93.599823
4063360;-93.488785
4065322;-93.376801
4067327;-93.263916
4069323;-93.150093
4071320;-93.035370
4073319;-92.919724
4075358;-92.803154
4077342;-92.685677
4079341;-92.567268
4081338;-92.447960
4083337;-92.327744
4085359;-92.206596
4087324;-92.084564
4089319;-91.961601
4091323;-91.837738
4093325;-91.712967
4095320;-91.587296
4097361;-91.460732
4099345;-91.333237
4101335;-91.204865
4103339;-91.075569
4105340;-90.945396
4107361;-90.814331
4109328;-90.682343
4111326;-90.549484
4113325;-90.415703
4115319;-90.281067
4117466;-90.145508
4119343;-90.009079
4121339;-89.871780
4123339;-89.733559
4125340;-89.594475
4127345;-89.454475
4129362;-89.313622
4131321;-89.171890
4133315;-89.029243
4135320;-88.885750
4137321;-88.741356
4139320;-88.596107
4141359;-88.449959
4143340;-88.302971
4145340;-88.155106
4147340;-88.006340
4149338;-87.856735
4151360;-87.706238
4153323;-87.554901
4155325;-87.402702
4157322;-87.249611
4159325;-87.095680
4161320;-86.940872
4163358;-86.785233
4165345;-86.628708
4167345;-86.471352
4169343;-86.313148
4171345;-86.154060
4173359;-85.994148
4175343;-85.833374
4177341;-85.671761
4179336;-85.509315
4181339;-85.345993
4183356;-85.181847
4185323;-85.016846
4187325;-84.851036
4189325;-84.684349
4191323;-84.516861
4193377;-84.348534
4195359;-84.179352
4197344;-84.009369
4199343;-83.838524
4201339;-83.666878
4203340;-83.494408
4205361;-83.321091
4207325;-83.146973
4209325;-82.972008
4211321;-82.796249
4213320;-82.619652
4215361;-82.442261
4217329;-82.264069
4219319;-82.085022
4221317;-81.905197
4223328;-81.724533
4225323;-81.543098
4227357;-81.360855
4229340;-81.177811
4231338;-80.993965
4233339;-80.809288
4235340;-80.623840
4237358;-80.437599
4239342;-80.250534
4241339;-80.062714
4243340;-79.874077
4245341;-79.684669
4247354;-79.494446
4249334;-79.303474
4251329;-79.111710
4253327;-78.919151
4255320;-78.725830
4257325;-78.531708
4259363;-78.336838
4261333;-78.141197
4263341;-77.944756
4265340;-77.747574
4267345;-77.549591
4269354;-77.350876
4271317;-77.151367
4273321;-76.951126
4275319;-76.750122
4277318;-76.548340
4279370;-76.345825
4281357;-76.142525
4283339;-75.938507
4285334;-75.733742
4287341;-75.528191
4289335;-75.321938
4291358;-75.114906
4293346;-74.907158
4295339;-74.698639
4297345;-74.489418
4299343;-74.279465
4301362;-74.068741
4303326;-73.857323
4305322;-73.645142
4307322;-73.432266
4309322;-73.218666
4311322;-73.004303
4313357;-72.789261
4315346;-72.573471
4317343;-72.356987
4319340;-72.139763
4321343;-71.921860
4323360;-71.703247
4325344;-71.483887
4327342;-71.263863
4329342;-71.043098
4331338;-70.821671
4333363;-70.599533
4335326;-70.376678
4337321;-70.153191
4339319;-69.928940
4341321;-69.816574
4343323;-69.478439
4345360;-69.252129
4347352;-69.025169
4349342;-68.797493
4351342;-68.569168
4353341;-68.340134
4355356;-68.110466
4357320;-67.880119
4359319;-67.649063
4361319;-67.417389
4363318;-67.185005
4365319;-66.951988
4367362;-66.718323
4369344;-66.483955
4371341;-66.248970
4373338;-66.013298
4375338;-65.777000
4377364;-65.540024
4379327;-65.302437
4381329;-65.064201
4383318;-64.825294
4385319;-64.585785
4387322;-64.345589
4389359;-64.104805
4391345;-63.863392
4393337;-63.621307
4395340;-63.378628
4397342;-63.135292
4399357;-62.891365
4401326;-62.646778
4403322;-62.401615
4405326;-62.155830
4407322;-61.909401
4409454;-61.662399
4411350;-61.414749
4413340;-61.166527
4415338;-60.917706
4417344;-60.668243
4419336;-60.418217
4421353;-60.167564
4423324;-59.916348
4425320;-59.664505
4427318;-59.412109
4429322;-59.159134
4431356;-58.905529
4433328;-58.651386
4435324;-58.396626
4437324;-58.141327
4439318;-57.885448
4441319;-57.628967
4443361;-57.371990
4445343;-57.114376
4447350;-56.856228
4449337;-56.597485
4451335;-56.338223
4453361;-56.078403
4455323;-55.817993
4457322;-55.557068
4459322;-55.295555
4461323;-55.033539
4463383;-54.770977
4465352;-54.507839
4467342;-54.244198
4469340;-53.979980
4471338;-53.715279
4473337;-53.450001
4475356;-53.184235
4477319;-52.917946
4479318;-52.651096
4481322;-52.383762
4483321;-52.115868
4485320;-51.847504
4487363;-51.578636
4489344;-51.309212
4491345;-51.039322
4493338;-50.768887
4495342;-50.497990
4497361;-50.226559
4499325;-49.954666
4501320;-49.682285
4503320;-49.409370
4505318;-49.136013
4507321;-48.862125
4509355;-48.725025
4511346;-48.312996
4513342;-48.037670
4515342;-47.761909
4517345;-47.485641
4519364;-47.208942
4521329;-46.931778
4523320;-46.654110
4525322;-46.376026
4527323;-46.097439
4529323;-45.818439
4531355;-45.538944
4533339;-45.259045
4535338;-44.978695
4537344;-44.697865
4539337;-44.416630
4541361;-44.134918
4543326;-43.852810
4545324;-43.570271
4547322;-43.287258
4549316;-43.003864
4551439;-42.720039
4553354;-42.435799
4555341;-42.151093
4557342;-41.866016
4559339;-41.580528
4561341;-41.294582
4563357;-41.008274
4565344;-40.721519
4567341;-40.434402
4569341;-40.146889
4571342;-39.858932
4573353;-39.570629
4575320;-39.281891
4577322;-38.992809
4579324;-38.703300
4581322;-38.413452
4583319;-38.123226
4585358;-37.832577
4587348;-37.541599
4589341;-37.250210
4591335;-36.958492
4593339;-36.666412
4595360;-36.373924
4597320;-36.081123
4599319;-35.787922
4601319;-35.494415
4603315;-35.200508
4605321;-34.906300
4607358;-34.611748
4609340;-34.316807
4611345;-34.021576
4613337;-33.725964
4615340;-33.430061
4617365;-33.133827
4619324;-32.837227
4621321;-32.540344
4623321;-32.243095
4625323;-31.945574
4627320;-31.647692
4629361;-31.349543
4631345;-31.051085
4633341;-30.752274
4635338;-30.453205
4637342;-30.153790
4639358;-29.854124
4641323;-29.554165
4643323;-29.253864
4645318;-28.953323
4647317;-28.652451
4649322;-28.351339
4651358;-28.049904
4653346;-27.748236
4655336;-27.446297
4657343;-27.144039
4659342;-26.841604
4661359;-26.538816
4663325;-26.235809
4665319;-25.932545
4667320;-25.628975
4669315;-25.325203
4671322;-25.021133
4673366;-24.716862
4675345;-24.412348
4677344;-24.107544
4679339;-23.802551
4681339;-23.497276
4683362;-23.191816
4685327;-22.886080
4687325;-22.580164
4689321;-22.274027
4691321;-21.967623
4693321;-21.661047
4695357;-21.354214
4697341;-21.047215
4699340;-20.740007
4701339;-20.432549
4703338;-20.124935
4705362;-19.817076
4707332;-19.509069
4709323;-19.200823
4711325;-18.892433
4713320;-18.583858
4715323;-18.275051
4717363;-17.966110
4719343;-17.656948
4721340;-17.347656
4723341;-17.038193
4725339;-16.728516
4727359;-16.418720
4729326;-16.108715
4731325;-15.798600
4733320;-15.488279
4735319;-15.177855
4737321;-14.867279
4739358;-14.556509
4741340;-14.245645
4743341;-13.934591
4745338;-13.623447
4747344;-13.312168
4749355;-13.000711
4751318;-12.689175
4753317;-12.377464
4755326;-12.065679
4757323;-11.753728
4759321;-11.441707
4761359;-11.129574
4763343;-10.817284
4765339;-10.504933
4767338;-10.192480
4769336;-9.879926
4771393;-9.567274
4773358;-9.254481
4775345;-8.941644
4777346;-8.628671
4779341;-8.315660
4781340;-8.002520
4783354;-7.689348
4785339;-7.376100
4787347;-7.062732
4789338;-6.749341
4791339;-6.435838
4793363;-6.122317
4795315;-5.808736
4797317;-5.495050
4799321;-5.181358
4801321;-4.867567
4803373;-4.553775
4805356;-4.239939
4807343;-3.926013
4809342;-3.612096
4811335;-3.298096
4813339;-2.984111
4815360;-2.670048
4817344;-2.356008
4819340;-2.041943
4821341;-1.727811
4823339;-1.413710
4825353;-1.099547
4827321;-0.785421
4829320;-0.471287
4831318;-0.157100
4833322;0.157080
4835322;0.471237
4837365;0.785390
4839341;1.099535
4841337;1.413669
4843340;1.727790
4845346;2.041893
4847362;2.355976
4849345;2.670036
4851341;2.984070
4853339;3.298074
4855341;3.612046
4857358;3.925981
4859320;4.239879
4861319;4.553734
4863327;4.867544
4865320;5.181307
4867322;5.495018
4869365;5.808674
4871343;6.122274
4873343;6.435814
4875343;6.749289
4877345;7.062697
4879362;7.376038
4881324;7.689305
4883324;8.002495
4885319;8.315607
4887325;8.628635
4889357;8.941581
4891325;9.254436
4893321;9.567202
4895324;9.879873
4897324;10.192444
4899328;10.504917
4901359;10.817286
4903345;11.129548
4905344;11.441700
4907340;11.753738
4909341;12.065662
4911359;12.377467
4913328;12.689150
4915325;13.000705
4917323;13.312133
4919320;13.623430
4921319;13.934594
4923361;14.245617
4925339;14.556500
4927345;14.867243
4929342;15.177837
4931337;15.488280
4933357;15.798573
4935326;16.108707
4937324;16.418684
4939320;16.728498
4941314;17.038149
4943321;17.347628
4945360;17.656937
4947347;17.966076
4949339;18.275032
4951341;18.583811
4953335;18.892406
4955357;19.200811
4957331;19.509031
4959323;19.817057
4961322;20.124889
4963322;20.432520
4965323;20.739950
4967358;21.047176
4969341;21.354193
4971342;21.660999
4973342;21.967592
4975344;22.273970
4977363;22.580126
4979325;22.886059
4981323;23.191769
4983323;23.497246
4985327;23.802494
4987325;24.107506
4989359;24.412279
4991348;24.716812
4993337;25.021099
4995341;25.325144
4997341;25.628939
4999361;25.932476
5001325;26.235760
5003319;26.538784
5005322;26.841545
5007319;27.144045
5009325;27.446274
5011359;27.748230
5013321;28.049919
5015316;28.351324
5017321;28.652456
5019319;28.953299
5021360;29.253859
5023325;29.554132
5025321;29.854111
5027316;30.153793
5029322;30.453184
5031326;30.752268
5033361;31.051052
5035348;31.349527
5037348;31.647697
5039343;31.945551
5041342;32.243092
5043361;32.540310
5045326;32.837208
5047321;33.133785
5049327;33.430038
5051321;33.725952
5053321;34.021542
5055358;34.316792
5057344;34.611706
5059337;34.906273
5061340;35.200500
5063339;35.494377
5065365;35.787907
5067328;36.081081
5069321;36.373901
5071319;36.666363
5073318;36.958458
5075321;37.250191
5077363;37.541557
5079325;37.832550
5081325;38.123173
5083322;38.413418
5085317;38.703281
5087355;38.992767
5089320;39.281864
5091318;39.426273
5093313;39.858898
5095317;40.146824
5097319;40.434357
5099361;40.721493
5101325;41.008221
5103321;41.294548
5105323;41.580467
5107318;41.865971
5109461;42.151066
5111343;42.435749
5113341;42.720005
5115340;43.003841
5117341;43.287258
5119337;43.570240
5121362;43.852798
5123344;44.134922
5125337;44.416611
5127346;44.697861
5129338;44.978668
5131350;45.259033
5133327;45.538948
5135321;45.818417
5137320;46.097435
5139326;46.375996
5141325;46.654099
5143363;46.931744
5145345;47.208927
5147342;47.485634
5149335;47.761883
5151343;48.037659
5153356;48.312958
5155325;48.587780
5157323;48.862122
5159319;49.135986
5161323;49.409363
5163358;49.682243
5165320;49.954647
5167320;50.226551
5169317;50.497963
5171321;50.768871
5173322;51.039284
5175361;51.309193
5177344;51.578583
5179341;51.847477
5181341;52.115856
5183335;52.383720
5185361;52.651070
5187322;52.917896
5189329;53.184204
5191327;53.449982
5193324;53.715237
5195326;53.979958
5197363;54.244156
5199342;54.507809
5201342;54.770924
5203336;55.033501
5205336;55.295532
5207401;55.557018
5209368;55.817963
5211344;56.078350
5213340;56.338184
5215347;56.597466
5217342;56.856178
5219360;57.114338
5221326;57.371937
5223320;57.628967
5225326;57.885426
5227319;58.141319
5229374;58.396633
5231353;58.651371
5233342;58.905529
5235341;59.159111
5237347;59.412106
5239337;59.664516
5241356;59.916336
5243318;60.167557
5245317;60.418190
5247316;60.668228
5249316;60.917671
5251450;61.166508
5253348;61.414749
5255339;61.662376
5257345;61.909389
5259341;62.155800
5261336;62.401592
5263356;62.646778
5265322;62.891342
5267321;63.135277
5269320;63.378597
5271320;63.621284
5273384;63.863350
5275358;64.104782
5277352;64.345589
5279339;64.585754
5281337;64.825279
5283335;65.064171
5285356;65.302414
5287321;65.540009
5289321;65.776978
5291327;66.013275
5293323;66.248932
5295495;66.483932
5297345;66.718277
5299341;66.951958
5301342;67.184982
5303340;67.417351
5305341;67.649040
5307359;67.880074
5309347;68.110428
5311341;68.340118
5313340;68.569130
5315338;68.797462
5317463;69.025124
5319351;69.252098
5321342;69.478394
5323343;69.703995
5325343;69.928909
5327345;70.153137
5329357;70.376678
5331320;70.599518
5333315;70.821655
5335324;71.043106
5337327;71.263847
5339451;71.483887
5341349;71.703224
5343341;71.921852
5345339;72.139778
5347343;72.356972
5349343;72.573471
5351361;72.789238
5353321;73.004303
5355325;73.218636
5357324;73.432251
5359320;73.645142
5361359;73.857300
5363328;74.068741
5365325;74.279442
5367323;74.489403
5369322;74.698639
5371322;74.907135
5373359;75.114891
5375341;75.321915
5377344;75.528183
5379340;75.733711
5381343;75.938484
5383363;76.142517
5385324;76.345795
5387321;76.548325
5389322;76.750092
5391320;76.951103
5393324;77.151352
5395364;77.350845
5397346;77.549568
5399337;77.747536
5401339;77.944733
5403342;78.141159
5405358;78.336807
5407331;78.531693
5409326;78.725800
5411319;78.919128
5413322;79.111679
5415321;79.303452
5417362;79.494438
5419343;79.684631
5421340;79.874054
5423336;80.062675
5425340;80.250511
5427361;80.437561
5429328;80.623810
5431317;80.809273
5433322;80.993927
5435324;81.177780
5437381;81.360840
5439359;81.543091
5441343;81.724548
5443345;81.905190
5445337;82.085022
5447343;82.264038
5449358;82.442261
5451343;82.619659
5453338;82.796242
5455338;82.972015
5457347;83.146957
5459360;83.321083
5461329;83.494392
5463321;83.666870
5465321;83.838524
5467324;84.009354
5469379;84.179352
5471357;84.348526
5473346;84.516853
5475341;84.684349
5477338;84.851013
5479341;85.016846
5481363;85.181831
5483319;85.345985
5485319;85.509285
5487323;85.671745
5489323;85.833366
5491326;85.994133
5493358;86.154045
5495348;86.313118
5497341;86.471336
5499340;86.628700
5501342;86.785210
5503360;86.940865
5505332;87.095657
5507328;87.249596
5509325;87.402672
5511321;87.554886
5513360;87.706230
5515325;87.856712
5517317;88.006325
5519322;88.155075
5521326;88.302948
5523328;88.449944
5525358;88.596085
5527347;88.741341
5529337;88.885719
5531341;89.029221
5533342;89.171852
5535366;89.313599
5537327;89.454460
5539326;89.594444
5541322;89.733536
5543322;89.871750
5545322;90.009079
5547364;90.145508
5549342;90.281052
5551342;90.415710
5553340;90.549469
5555341;90.682343
5557362;90.814316
5559321;90.945389
5561322;91.075569
5563324;91.204857
5565326;91.333237
5567324;91.460716
5569362;91.587296
5571343;91.712967
5573339;91.837730
5575339;91.961594
5577349;92.084541
5579359;92.206589
5581320;92.327728
5583315;92.447952
5585319;92.567261
5587324;92.685661
5589319;92.803139
5591356;92.919708
5593344;93.035355
5595340;93.150093
5597339;93.263908
5599340;93.376793
5601471;93.488762
5603349;93.599808
5605342;93.709930
5607341;93.819130
5609340;93.927406
5611337;94.034752
5613342;94.141167
5615326;94.246658
5617321;94.351212
5619322;94.454842
5621318;94.557541
5623467;94.659302
5625344;94.760132
5627343;94.860016
5629341;94.958969
5631339;95.056992
5633341;95.154076
5635360;95.250214
5637322;95.345421
5639317;95.439682
5641322;95.532997
5643320;95.625374
5645367;95.716805
5647344;95.807289
5649336;95.896835
5651344;95.985428
5653335;96.073074
5655336;96.159775
5657359;96.245529
5659343;96.330322
5661343;96.414169
5663340;96.497070
5665337;96.579018
5667361;96.660011
5669323;96.740051
5671324;96.819130
5673319;96.897263
5675328;96.974442
5677321;97.050652
5679360;97.125908
5681345;97.200203
5683343;97.273544
5685343;97.345917
5687340;97.417343
5689359;97.487793
5691324;97.557297
5693319;97.625824
5695317;97.693390
5697322;97.759995
5699317;97.825638
5701362;97.890305
5703340;97.954018
5705342;98.016754
5707347;98.078529
5709339;98.139336
5711359;98.199173
5713326;98.258034
5715320;98.315933
5717318;98.372864
5719319;98.428818
5721358;98.483810
5723322;98.537819
5725318;98.590858
5727324;98.642929
5729323;98.694023
5731321;98.744141
5733355;98.793289
5735324;98.841454
5737322;98.888649
5739321;98.934868
5741323;98.980110
5743466;99.024376
5745346;99.067665
5747344;99.109970
5749346;99.151306
5751340;99.191658
5753394;99.231033
5755356;99.269432
5757347;99.306847
5759338;99.343285
5761337;99.378738
5763340;99.413208
5765364;99.446701
5767349;99.479218
5769341;99.510742
5771338;99.541290
5773342;99.570862
5775364;99.599442
5777325;99.627037
5779325;99.653656
5781321;99.679283
5783322;99.703934
5785323;99.727600
5787363;99.750282
5789346;99.771973
5791340;99.792686
5793337;99.812408
5795342;99.831154
5797362;99.848907
5799347;99.865685
5801337;99.881462
5803340;99.896263
5805339;99.910072
5807397;99.922905
5809356;99.934746
5811342;99.945602
5813344;99.955467
5815337;99.964348
5817348;99.972244
5819364;99.979149
5821327;99.985077
5823321;99.990005
5825322;99.993958
5827323;99.996918
5829318;99.998894
5831358;99.999878
5833342;99.999878
5835346;99.998894
5837342;99.996918
5839337;99.993958
5841358;99.992104
5843323;99.985077
5845322;99.979149
5847322;99.972244
5849327;99.964348
5851322;99.955467
5853362;99.945602
5855350;99.934746
5857343;99.922905
5859339;99.910072
5861341;99.896263
5863361;99.881462
5865321;99.865685
5867326;99.848907
5869320;99.831154
5871324;99.812408
5873375;99.792686
5875356;99.771973
5877346;99.750282
5879339;99.727600
5881341;99.703941
5883336;99.679283
5885362;99.653656
5887351;99.627037
5889340;99.599442
5891343;99.570862
5893342;99.541298
5895359;99.510750
5897327;99.479218
5899323;99.446701
5901323;99.413208
5903325;99.378738
5905374;99.343285
5907359;99.306847
5909344;99.269432
5911341;99.231033
5913335;99.191666
5915335;99.151306
5917438;99.109978
5919353;99.067673
5921338;99.024376
5923339;98.980110
5925340;98.934868
5927348;98.888657
5929344;98.841461
5931328;98.793289
5933324;98.744141
5935325;98.694023
5937320;98.642929
5939377;98.590866
5941362;98.537819
5943347;98.483810
5945339;98.428818
5947344;98.372864
5949338;98.315941
5951358;98.258041
5953326;98.199173
5955325;98.139343
5957323;98.078529
5959322;98.016754
5961324;97.954018
5963356;97.890312
5965342;97.825638
5967339;97.759995
5969337;97.693398
5971340;97.625824
5973357;97.557297
5975324;97.487801
5977322;97.417343
5979312;97.345932
5981321;97.273544
5983376;97.200211
5985360;97.125916
5987350;97.050652
5989344;96.974442
5991338;96.897270
5993339;96.819138
5995358;96.740051
5997325;96.660019
5999329;96.579018
6001322;96.497078
6003323;96.414177
6005358;96.330330
6007326;96.245529
6009318;96.159782
6011319;96.073082
6013328;95.985428
6015320;95.896843
6017363;95.807297
6019348;95.716812
6021342;95.625374
6023339;95.533005
6025340;95.439682
6027474;95.345428
6029352;95.250221
6031342;95.154076
6033340;95.057007
6035345;94.958984
6037350;94.860031
6039358;94.760132
6041323;94.659302
6043323;94.557549
6045322;94.454849
6047327;94.351219
6049324;94.246666
6051358;94.141174
6053336;94.034752
6055342;93.927414
6057342;93.819138
6059343;93.709938
6061364;93.599823
6063327;93.488770
6065324;93.376801
6067323;93.263916
6069320;93.150101
6071325;93.035362
6073359;92.919716
6075344;92.803146
6077345;92.685661
6079344;92.567268
6081340;92.447952
6083362;92.327728
6085322;92.206596
6087324;92.084557
6089315;91.961601
6091321;91.837738
6093319;91.712967
6095362;91.587296
6097344;91.460724
6099342;91.333237
6101336;91.204857
6103342;91.075584
6105361;90.945396
6107322;90.814323
6109319;90.682343
6111323;90.549477
6113319;90.415726
6115317;90.281067
6117360;90.145515
6119344;90.009079
6121347;89.871750
6123342;89.733551
6125342;89.594452
6127364;89.454468
6129331;89.313599
6131322;89.171860
6133320;89.029228
6135318;88.885727
6137325;88.741348
6139355;88.596085
6141347;88.449951
6143340;88.302948
6145341;88.155067
6147346;88.006332
6149360;87.856712
6151326;87.706230
6153317;87.554893
6155326;87.402679
6157327;87.249603
6159375;87.095680
6161360;86.940880
6163345;86.785217
6165339;86.628708
6167341;86.471344
6169339;86.313126
6171356;86.154068
6173323;85.994141
6175317;85.833374
6177324;85.671753
6179321;85.509285
6181365;85.345985
6183321;85.181847
6185322;85.016853
6187318;84.851021
6189320;84.684357
6191320;84.516853
6193364;84.348511
6195345;84.179352
6197351;84.009354
6199339;83.838524
6201339;83.666870
6203481;83.494385
6205344;83.321075
6207341;83.146980
6209338;82.972023
6211338;82.796249
6213340;82.619667
6215362;82.442268
6217344;82.264053
6219340;82.085037
6221338;81.905197
6223340;81.724556
6225356;81.543098
6227323;81.360847
6229324;81.177780
6231322;80.993942
6233323;80.809280
6235314;80.623817
6237362;80.437561
6239348;80.250511
6241341;80.062675
6243341;79.874062
6245342;79.684647
6247369;79.494438
6249352;79.303452
6251339;79.111679
6253341;78.919128
6255337;78.725800
6257341;78.531693
6259355;78.336807
6261325;78.141167
6263321;77.944740
6265324;77.747559
6267322;77.549591
6269370;77.350861
6271361;77.151367
6273342;76.951111
6275339;76.750099
6277345;76.548340
6279341;76.345810
6281361;76.142532
6283345;75.938499
6285339;75.733719
6287343;75.528183
6289340;75.321922
6291361;75.114906
6293329;74.907150
6295322;74.698647
6297318;74.489410
6299316;74.279442
6301316;74.068748
6303361;73.857307
6305342;73.645142
6307342;73.432251
6309341;73.218636
6311334;73.004295
6313483;72.789253
6315342;72.573486
6317346;72.356995
6319341;72.139786
6321337;71.921860
6323339;71.703232
6325357;71.483910
6327355;71.263863
6329345;71.043121
6331337;70.821671
6333340;70.599525
6335359;70.376678
6337321;70.153160
6339317;69.928932
6341317;69.704010
6343325;69.478401
6345322;69.252106
6347366;69.025124
6349347;68.797478
6351336;68.569145
6353342;68.340126
6355334;68.110435
6357476;67.880074
6359351;67.649040
6361340;67.417358
6363339;67.184998
6365339;66.951965
6367339;66.718277
6369357;66.483948
6371328;66.248940
6373325;66.013298
6375321;65.776993
6377327;65.540031
6379319;65.302429
6381358;65.064178
6383340;64.825287
6385335;64.585777
6387341;64.345604
6389342;64.104805
6391354;63.863361
6393318;63.621296
6395324;63.378597
6397320;63.135296
6399315;62.891354
6401360;62.646790
6403324;62.401604
6405320;62.155807
6407323;61.909397
6409320;61.662388
6411323;61.414753
6413363;61.166519
6415344;60.917675
6417343;60.668228
6419340;60.418213
6421340;60.167568
6423359;59.916359
6425327;59.664536
6427325;59.412121
6429324;59.159122
6431326;58.905560
6433357;58.651394
6435329;58.396656
6437322;58.141335
6439318;57.885437
6441316;57.628979
6443325;57.371964
6445362;57.114365
6447343;56.856201
6449346;56.597477
6451341;56.338192
6453340;56.078358
6455356;55.817978
6457329;55.557037
6459319;55.295544
6461316;55.033512
6463324;54.770927
6465313;54.507809
6467364;54.244167
6469345;53.979977
6471344;53.715248
6473332;53.449989
6475341;53.184204
6477361;52.917915
6479329;52.651100
6481325;52.383751
6483322;52.115883
6485327;51.847500
6487411;51.578606
6489348;51.309196
6491342;51.039307
6493341;50.768894
6495341;50.497978
6497341;50.226570
6499351;49.954655
6501321;49.682255
6503319;49.409382
6505326;49.136005
6507321;48.862137
6509464;48.587791
6511348;48.450447
6513344;48.037659
6515341;47.761898
6517345;47.485649
6519338;47.208931
6521358;46.931747
6523322;46.654099
6525319;46.375992
6527325;46.097446
6529324;45.818428
6531361;45.538975
6533328;45.259052
6535315;44.978683
6537318;44.697872
6539321;44.416637
6541317;44.134945
6543360;43.852818
6545343;43.570255
6547343;43.287266
6549343;43.003849
6551341;42.720028
6553355;42.435760
6555344;42.151081
6557338;41.865982
6559343;41.580467
6561338;41.294567
6563356;41.008240
6565321;40.721504
6567322;40.434368
6569320;40.146832
6571328;39.858898
6573320;39.570599
6575357;39.281879
6577345;38.992775
6579337;38.703285
6581339;38.413418
6583343;38.123165
6585361;37.832584
6587329;37.541588
6589321;37.250214
6591319;37.104382
6593325;36.666374
6595326;36.373913
6597360;36.081112
6599347;35.787930
6601344;35.494400
6603341;35.200516
6605340;34.906284
6607358;34.611710
6609324;34.316818
6611318;34.021561
6613325;33.725971
6615324;33.430046
6617324;33.133793
6619362;32.837212
6621345;32.540329
6623338;32.243107
6625340;31.945559
6627343;31.647699
6629359;31.349527
6631325;31.051048
6633318;30.752283
6635324;30.453190
6637322;30.153799
6639363;29.854134
6641318;29.554150
6643322;29.253874
6645322;28.953331
6647321;28.652481
6649321;28.351349
6651363;28.049934
6653350;27.748245
6655336;27.446281
6657341;27.144072
6659336;26.841568
6661362;26.538801
6663330;26.235771
6665317;25.932482
6667323;25.628939
6669323;25.325165
6671324;25.021118
6673358;24.716824
6675344;24.412287
6677346;24.107508
6679339;23.802490
6681340;23.497261
6683359;23.191778
6685318;22.886066
6687319;22.580128
6689320;22.273966
6691322;21.967585
6693316;21.661034
6695359;21.354221
6697346;21.047199
6699338;20.739969
6701340;20.432533
6703342;20.124922
6705358;19.817085
6707327;19.509054
6709314;19.200832
6711322;18.892418
6713322;18.583818
6715361;18.275061
6717320;17.966097
6719324;17.656956
6721321;17.347641
6723324;17.038157
6725319;16.728500
6727358;16.418705
6729346;16.108725
6731342;15.798585
6733336;15.488288
6735341;15.177840
6737361;14.867240
6739326;14.556519
6741320;14.245629
6743318;13.934599
6745319;13.623433
6747461;13.312154
6749348;13.000721
6751346;12.689183
6753344;12.377496
6755340;12.065687
6757344;11.753759
6759358;11.441715
6761328;11.129559
6763322;10.817315
6765320;10.504942
6767325;10.192464
6769373;9.879887
6771356;9.567211
6773343;9.254441
6775344;8.941605
6777345;8.628655
6779339;8.315620
6781358;8.002504
6783343;7.689308
6785338;7.376037
6787344;7.062716
6789339;6.749302
6791362;6.435822
6793325;6.122278
6795321;5.808673
6797324;5.495012
6799322;5.181319
6801376;4.867576
6803358;4.553761
6805348;4.239901
6807347;3.925998
6809345;3.612057
6811341;3.298105
6813360;2.984096
6815313;2.670057
6817324;2.355993
6819321;2.041904
6821320;1.727796
6823359;1.413695
6825324;1.099556
6827321;0.785405
6829319;0.471248
6831321;0.157085
6833321;-0.157079
6835357;-0.471218
6837345;-0.785375
6839338;-1.099525
6841336;-1.413665
6843339;-1.727790
6845361;-2.041898
6847328;-2.355963
6849320;-2.670027
6851322;-2.984066
6853324;-3.298074
6855317;-3.612027
6857358;-3.925944
6859340;-4.239846
6861341;-4.553706
6863340;-4.867522
6865342;-5.181289
6867354;-5.495005
6869323;-5.808643
6871326;-6.122248
6873324;-6.435792
6875323;-6.749272
6877324;-7.062686
6879356;-7.376031
6881341;-7.689279
6883338;-8.002474
6885341;-8.315591
6887344;-8.628626
6889356;-8.941574
6891324;-9.254436
6893324;-9.567182
6895321;-9.879857
6897327;-10.192435
6899326;-10.504911
6901356;-10.817286
6903342;-11.129552
6905341;-11.441686
6907344;-11.753706
6909338;-12.065634
6911358;-12.377443
6913325;-12.689130
6915323;-13.000690
6917320;-13.312101
6919318;-13.623403
6921318;-13.934570
6923359;-14.245600
6925348;-14.556490
6927347;-14.867234
6929343;-15.177811
6931338;-15.488259
6933358;-15.798555
6935323;-16.108694
6937319;-16.418676
6939317;-16.728497
6941319;-17.038126
6943320;-17.347612
6945356;-17.656927
6947348;-17.966068
6949338;-18.275030
6951341;-18.583813
6953341;-18.892389
6955358;-19.200802
6957322;-19.509026
6959324;-19.817057
6961324;-20.124868
6963322;-20.432505
6965317;-20.739916
6967344;-21.047146
6969319;-21.354168
6971323;-21.660980
6973324;-21.967579
6975324;-22.273960
6977362;-22.580097
6979320;-22.886036
6981321;-23.191748
6983321;-23.497232
6985322;-23.802485
6987323;-24.107500
6989361;-24.412256
6991325;-24.716795
6993324;-25.021088
6995319;-25.325138
6997324;-25.628933
6999361;-25.932476
7001318;-26.235741
7003320;-26.538771
7005320;-26.841539
7007322;-27.144041
7009321;-27.446276
7011359;-27.748240
7013339;-28.049908
7015340;-28.351297
7017342;-28.652430
7019344;-28.953281
7021339;-29.253843
7023357;-29.554098
7025342;-29.854084
7027339;-30.153772
7029337;-30.453163
7031343;-30.752254
7033357;-31.051043
7035332;-31.349501
7037327;-31.647673
7039325;-31.945532
7041326;-32.243076
7043321;-32.540302
7045355;-32.837208
7047325;-33.133766
7049324;-33.430019
7051320;-33.725945
7053322;-34.021534
7055380;-34.316792
7057358;-34.611706
7059347;-34.906258
7061338;-35.200489
7063338;-35.494373
7065337;-35.787903
7067359;-36.081081
7069328;-36.373882
7071322;-36.666325
7073325;-36.958427
7075317;-37.250168
7077367;-37.541534
7079348;-37.832535
7081343;-38.123161
7083342;-38.413387
7085339;-38.703259
7087340;-38.992748
7089360;-39.281853
7091343;-39.570568
7093342;-39.858894
7095343;-40.146805
7097344;-40.434341
7099359;-40.721478
7101324;-41.008209
7103320;-41.294540
7105319;-41.580467
7107320;-41.865955
7109360;-42.151054
7111322;-42.435734
7113316;-42.720001
7115317;-43.003841
7117324;-43.287262
7119320;-43.570229
7121352;-43.852791
7123327;-44.134895
7125321;-44.416592
7127326;-44.697845
7129321;-44.978657
7131362;-45.259007
7133322;-45.538925
7135317;-45.818401
7137324;-46.097420
7139314;-46.375988
7141317;-46.654095
7143363;-46.931721
7145343;-47.208904
7147345;-47.485622
7149338;-47.761871
7151341;-48.037647
7153361;-48.312950
7155325;-48.587757
7157318;-48.862106
7159319;-49.135971
7161322;-49.409351
7163316;-49.682243
7165359;-49.954624
7167343;-50.226532
7169334;-50.497948
7171340;-50.768864
7173337;-51.039280
7175357;-51.309193
7177328;-51.578552
7179324;-51.847446
7181325;-52.115829
7183325;-52.383698
7185366;-52.651054
7187344;-52.917885
7189342;-53.184174
7191344;-53.449959
7193341;-53.715218
7195338;-53.979946
7197366;-54.244137
7199327;-54.507797
7201318;-54.770897
7203318;-55.033482
7205321;-55.295517
7207483;-55.557007
7209349;-55.817951
7211336;-56.078346
7213342;-56.338161
7215340;-56.597446
7217343;-56.856174
7219356;-57.114334
7221324;-57.371933
7223325;-57.628967
7225318;-57.885414
7227320;-58.141304
7229359;-58.396626
7231318;-58.651344
7233315;-58.905514
7235318;-59.159096
7237322;-59.412075
7239321;-59.664490
7241360;-59.916313
7243342;-60.167545
7245338;-60.418182
7247343;-60.668224
7249342;-60.917645
7251359;-61.166489
7253323;-61.414730
7255323;-61.662357
7257324;-61.909382
7259319;-62.155796
7261322;-62.401573
7263357;-62.646759
7265342;-62.891323
7267343;-63.135265
7269335;-63.378590
7271342;-63.621284
7273360;-63.863338
7275324;-64.104774
7277320;-64.345573
7279318;-64.585747
7281319;-64.825279
7283322;-65.064171
7285357;-65.302383
7287348;-65.539993
7289339;-65.776947
7291337;-66.013260
7293338;-66.248917
7295355;-66.483917
7297343;-66.718254
7299346;-66.951942
7301338;-67.184967
7303335;-67.417336
7305351;-67.649033
7307324;-67.880043
7309320;-68.110413
7311322;-68.340096
7313320;-68.569115
7315317;-68.797455
7317356;-69.025116
7319344;-69.252083
7321343;-69.478378
7323339;-69.703987
7325333;-69.928902
7327356;-70.153137
7329325;-70.376678
7331325;-70.599503
7333315;-70.821648
7335324;-71.043098
7337365;-71.263847
7339322;-71.483871
7341323;-71.593620
7343322;-71.921829
7345317;-72.139755
7347319;-72.356949
7349353;-72.573456
7351344;-72.789230
7353342;-73.004295
7355342;-73.218613
7357341;-73.432228
7359356;-73.645126
7361324;-73.857292
7363319;-74.068726
7365325;-74.279434
7367320;-74.489388
7369371;-74.698624
7371362;-74.907127
7373348;-75.114883
7375338;-75.321899
7377342;-75.528183
7379341;-75.733711
7381356;-75.938477
7383340;-76.142525
7385340;-76.345787
7387346;-76.548302
7389340;-76.750092
7391342;-76.951096
7393359;-77.151337
7395343;-77.350845
7397343;-77.549561
7399340;-77.747513
7401345;-77.944717
7403363;-78.141136
7405325;-78.336807
7407316;-78.531677
7409324;-78.725777
7411318;-78.919121
7413372;-79.111656
7415356;-79.303444
7417347;-79.494415
7419339;-79.684639
7421341;-79.874046
7423340;-80.062660
7425360;-80.250511
7427355;-80.437546
7429344;-80.623817
7431341;-80.809258
7433340;-80.993912
7435356;-81.177780
7437329;-81.360832
7439320;-81.543098
7441319;-81.724533
7443324;-81.905197
7445325;-82.085022
7447361;-82.264038
7449341;-82.442261
7451338;-82.619652
7453341;-82.796249
7455338;-82.972008
7457358;-83.146942
7459324;-83.321091
7461324;-83.494377
7463322;-83.666878
7465323;-83.838524
7467320;-84.009369
7469356;-84.179352
7471343;-84.348511
7473335;-84.516838
7475338;-84.684326
7477339;-84.851006
7479341;-85.016823
7481360;-85.181801
7483349;-85.345963
7485342;-85.509262
7487340;-85.671738
7489337;-85.833344
7491357;-85.994102
7493344;-86.154037
7495334;-86.313095
7497341;-86.471329
7499344;-86.628685
7501365;-86.785210
7503323;-86.940849
7505323;-87.095634
7507319;-87.249588
7509319;-87.402657
7511322;-87.554878
7513359;-87.706215
7515328;-87.856689
7517318;-88.006317
7519326;-88.155052
7521324;-88.302948
7523317;-88.449944
7525362;-88.596085
7527350;-88.741333
7529341;-88.885704
7531341;-89.029221
7533342;-89.171837
7535355;-89.313599
7537323;-89.454453
7539318;-89.594421
7541325;-89.733536
7543324;-89.871742
7545375;-90.009079
7547361;-90.145508
7549340;-90.281067
7551337;-90.415703
7553339;-90.549461
7555336;-90.682343
7557362;-90.814308
7559346;-90.945396
7561338;-91.075569
7563343;-91.204849
7565341;-91.333237
7567362;-91.460709
7569323;-91.587296
7571317;-91.712967
7573318;-91.837738
7575319;-91.961601
7577324;-92.084541
7579357;-92.206596
7581344;-92.327705
7583338;-92.447945
7585341;-92.567245
7587343;-92.685638
7589354;-92.803131
7591325;-92.919693
7593319;-93.035355
7595320;-93.150070
7597320;-93.263885
7599316;-93.376785
7601360;-93.488747
7603336;-93.599800
7605338;-93.709923
7607342;-93.819130
7609340;-93.927399
7611360;-94.034737
7613320;-94.141159
7615320;-94.246643
7617324;-94.351212
7619320;-94.454834
7621319;-94.557526
7623360;-94.659294
7625341;-94.760117
7627340;-94.860016
7629337;-94.958969
7631340;-95.056999
7633359;-95.154068
7635321;-95.250206
7637321;-95.345413
7639317;-95.439674
7641328;-95.532997
7643324;-95.625374
7645363;-95.716789
7647343;-95.807289
7649342;-95.896828
7651344;-95.985428
7653338;-96.073074
7655355;-96.159782
7657328;-96.245522
7659321;-96.330322
7661322;-96.414177
7663322;-96.497070
7665317;-96.579018
7667365;-96.660011
7669347;-96.740044
7671343;-96.819138
7673344;-96.897255
7675342;-96.974442
7677366;-97.050652
7679327;-97.125916
7681318;-97.200203
7683319;-97.273544
7685323;-97.345924
7687324;-97.417343
7689363;-97.487793
7691345;-97.557281
7693341;-97.625809
7695340;-97.693382
7697340;-97.759987
7699359;-97.825630
7701322;-97.890297
7703319;-97.954010
7705321;-98.016754
7707325;-98.078522
7709325;-98.139336
7711362;-98.199165
7713340;-98.258034
7715344;-98.315933
7717349;-98.372856
7719337;-98.428818
7721355;-98.483803
7723326;-98.537811
7725319;-98.590858
7727324;-98.642929
7729318;-98.694023
7731316;-98.744133
7733360;-98.793289
7735339;-98.841454
7737343;-98.888657
7739339;-98.934868
7741340;-98.980103
7743361;-99.024376
7745320;-99.067665
7747326;-99.109978
7749323;-99.151306
7751318;-99.191666
7753316;-99.231033
7755360;-99.269424
7757344;-99.306847
7759341;-99.343285
7761341;-99.378738
7763340;-99.413208
7765361;-99.446701
7767325;-99.479218
7769321;-99.510742
7771320;-99.541298
7773317;-99.570862
7775312;-99.599442
7777358;-99.627037
7779343;-99.653656
7781339;-99.679283
7783342;-99.703934
7785339;-99.727600
7787364;-99.750282
7789325;-99.771973
7791326;-99.792686
7793323;-99.812408
7795326;-99.831161
7797369;-99.848907
7799357;-99.865677
7801340;-99.881462
7803340;-99.896263
7805334;-99.910072
7807343;-99.922905
7809357;-99.934746
7811324;-99.945602
7813319;-99.955460
7815322;-99.964348
7817319;-99.972244
7819319;-99.979149
7821360;-99.985069
7823338;-99.990005
7825343;-99.993958
7827347;-99.996910
7829341;-99.998894
7831357;-99.999878
7833344;-99.999878
7835334;-99.998894
7837340;-99.996918
7839339;-99.993958
7841363;-99.990013
7843323;-99.985077
7845321;-99.979149
7847322;-99.972244
7849319;-99.964348
7851322;-99.955467
7853362;-99.945602
7855347;-99.934746
7857347;-99.922905
7859337;-99.910080
7861340;-99.896263
7863354;-99.881462
7865323;-99.865685
7867322;-99.848907
7869318;-99.831161
7871319;-99.812416
7873359;-99.792686
7875324;-99.771973
7877323;-99.750282
7879320;-99.727600
7881320;-99.703934
7883323;-99.679283
7885362;-99.653656
7887344;-99.627037
7889341;-99.599442
7891339;-99.570862
7893337;-99.541298
7895356;-99.510750
7897323;-99.479218
7899318;-99.446709
7901322;-99.413208
7903321;-99.378738
7905317;-99.343285
7907360;-99.306854
7909340;-99.269440
7911337;-99.231041
7913338;-99.191666
7915339;-99.151314
7917358;-99.109985
7919326;-99.067673
7921324;-99.024384
7923322;-98.980118
7925321;-98.934868
7927357;-98.888657
7929325;-98.841461
7931325;-98.793289
7933321;-98.744148
7935327;-98.694023
7937321;-98.642937
7939361;-98.590866
7941341;-98.537827
7943341;-98.483810
7945340;-98.428825
7947342;-98.372871
7949359;-98.315941
7951322;-98.258049
7953321;-98.199181
7955320;-98.139343
7957324;-98.078537
7959372;-98.016754
7961361;-97.954025
7963345;-97.890312
7965342;-97.825638
7967349;-97.760002
7969338;-97.693398
7971356;-97.625824
7973321;-97.557297
7975319;-97.487801
7977325;-97.417351
7979317;-97.345924
7981382;-97.273552
7983340;-97.200203
7985338;-97.125916
7987340;-97.050652
7989342;-96.974442
7991338;-96.897270
7993357;-96.819138
7995322;-96.740051
7997323;-96.660011
7999325;-96.579018
8001322;-96.497086
8003376;-96.414177
8005357;-96.330330
8007347;-96.245522
8009344;-96.159782
8011340;-96.073074
8013340;-95.985443
8015354;-95.896851
8017348;-95.807304
8019338;-95.716820
8021343;-95.625381
8023338;-95.533012
8025383;-95.439697
8027352;-95.345428
8029340;-95.250237
8031338;-95.154083
8033339;-95.057007
8035339;-94.958984
8037359;-94.860039
8039340;-94.760147
8041344;-94.659309
8043343;-94.557556
8045340;-94.454849
8047368;-94.351234
8049320;-94.246681
8051320;-94.141182
8053318;-94.034767
8055320;-93.927414
8057331;-93.819145
8059352;-93.709961
8061321;-93.599823
8063325;-93.488785
8065328;-93.376801
8067324;-93.263916
8069357;-93.150093
8071319;-93.035370
8073319;-92.919724
8075321;-92.803154
8077320;-92.685677
8079320;-92.567268
8081356;-92.447960
8083341;-92.327744
8085338;-92.206596
8087344;-92.084564
8089340;-91.961601
8091356;-91.899780
8093322;-91.712967
8095317;-91.587296
8097319;-91.460732
8099323;-91.333237
8101320;-91.204865
8103358;-91.075569
8105345;-90.945396
8107342;-90.814331
8109340;-90.682343
8111339;-90.549484
8113361;-90.415703
8115324;-90.281067
8117326;-90.145508
8119320;-90.009079
8121325;-89.871780
8123319;-89.733559
8125356;-89.594475
8127347;-89.454475
8129341;-89.313622
8131341;-89.171890
8133337;-89.029243
8135358;-88.885750
8137320;-88.741356
8139322;-88.596107
8141321;-88.449959
8143320;-88.302971
8145322;-88.155106
8147360;-88.006340
8149348;-87.856735
8151340;-87.706238
8153341;-87.554901
8155342;-87.402702
8157361;-87.249611
8159327;-87.095680
8161322;-86.940872
8163324;-86.785233
8165320;-86.628708
8167325;-86.471352
8169357;-86.313148
8171344;-86.154060
8173342;-85.994148
8175341;-85.833374
8177344;-85.671761
8179360;-85.509315
8181322;-85.345993
8183324;-85.181847
8185314;-85.016846
8187324;-84.851036
8189321;-84.684349
8191362;-84.516861
8193343;-84.348534
8195342;-84.179352
8197342;-84.009369
8199340;-83.838524
8201344;-83.666878
8203322;-83.494408
8205316;-83.321091
8207316;-83.146973
8209320;-82.972008
8211375;-82.796249
8213347;-82.619652
8215338;-82.442261
8217347;-82.264069
8219338;-82.085022
8221337;-81.905197
8223361;-81.724533
8225343;-81.543098
8227340;-81.360855
8229341;-81.177811
8231338;-80.993965
8233359;-80.809288
8235319;-80.623840
8237320;-80.437599
8239323;-80.250534
8241323;-80.062714
8243318;-79.874077
8245363;-79.684669
8247344;-79.494446
8249342;-79.303474
8251338;-79.111710
8253339;-78.919151
8255356;-78.725830
8257318;-78.531708
8259320;-78.336838
8261320;-78.141197
8263320;-77.944756
8265374;-77.747574
8267355;-77.549591
8269345;-77.350876
8271339;-77.151367
8273338;-76.951126
8275341;-76.750122
8277360;-76.548340
8279325;-76.345825
8281319;-76.142525
8283322;-75.938507
8285319;-75.733742
8287511;-75.528191
8289344;-75.321938
8291342;-75.114906
8293344;-74.907158
8295340;-74.698639
8297344;-74.489418
8299361;-74.279465
8301323;-74.068741
8303322;-73.857323
8305323;-73.645142
8307324;-73.432266
8309372;-73.218666
8311320;-73.004303
8313322;-72.789261
8315320;-72.573471
8317323;-72.356987
8319327;-72.139763
8321349;-71.921860
8323325;-71.703247
8325319;-71.483887
8327320;-71.263863
8329319;-71.043098
8331487;-70.821671
8333347;-70.599533
8335344;-70.376678
8337342;-70.153191
8339343;-69.928940
8341340;-69.704033
8343358;-69.478439
8345323;-69.252129
8347322;-69.025169
8349319;-68.797493
8351317;-68.569168
8353373;-68.340134
8355345;-68.110466
8357345;-67.880119
8359342;-67.649063
8361336;-67.417389
8363337;-67.185005
8365357;-66.951988
8367345;-66.718323
8369339;-66.483955
8371342;-66.248970
8373342;-66.013298
8375362;-65.777000
8377322;-65.540024
8379322;-65.302437
8381325;-65.064201
8383320;-64.825294
8385324;-64.585785
8387355;-64.345589
8389342;-64.104805
8391340;-63.863392
8393341;-63.621307
8395340;-63.378628
8397360;-63.135292
8399327;-62.891365
8401318;-62.646778
8403321;-62.401615
8405321;-62.155830
8407324;-61.909401
8409358;-61.662399
8411344;-61.414749
8413341;-61.166527
8415342;-60.917706
8417342;-60.668243
8419353;-60.418217
8421327;-60.167564
8423316;-59.916348
8425319;-59.664505
8427328;-59.412109
8429374;-59.159134
8431357;-58.905529
8433340;-58.651386
8435338;-58.396626
8437340;-58.141327
8439338;-57.885448
8441359;-57.628967
8443326;-57.371990
8445325;-57.114376
8447323;-56.856228
8449326;-56.597485
8451365;-56.338223
8453342;-56.078403
8455343;-55.817993
8457347;-55.557068
8459341;-55.295555
8461336;-55.033539
8463354;-54.770977
8465339;-54.507839
8467344;-54.244198
8469339;-53.979980
8471340;-53.715279
8473363;-53.450001
8475324;-53.184235
8477320;-52.917946
8479322;-52.651096
8481322;-52.383762
8483325;-52.115868
8485359;-51.847504
8487354;-51.578636
8489342;-51.309212
8491343;-51.039322
8493343;-50.768887
8495357;-50.497990
8497326;-50.226559
8499322;-49.954666
8501322;-49.682285
8503324;-49.409370
8505325;-49.136013
8507364;-48.862125
8509337;-48.587799
8511343;-48.312996
8513341;-48.175369
8515335;-47.761909
8517359;-47.485641
8519324;-47.208942
8521322;-46.931778
8523319;-46.654110
8525323;-46.376026
8527378;-46.097439
8529359;-45.818439
8531347;-45.538944
8533337;-45.259045
8535340;-44.978695
8537346;-44.697865
8539360;-44.416630
8541327;-44.134918
8543323;-43.852810
8545320;-43.570271
8547321;-43.287258
8549492;-43.003864
8551348;-42.720039
8553340;-42.435799
8555336;-42.151093
8557343;-41.866016
8559340;-41.580528
8561347;-41.294582
8563322;-41.008274
8565323;-40.721519
8567328;-40.434402
8569321;-40.146889
8571499;-39.858932
8573342;-39.570629
8575340;-39.281891
8577338;-38.992809
8579338;-38.703300
8581339;-38.413452
8583360;-38.123226
8585346;-37.832577
8587346;-37.541599
8589340;-37.250210
8591337;-36.958492
8593366;-36.666412
8595327;-36.373924
8597319;-36.081123
8599321;-35.787922
8601320;-35.494415
8603321;-35.200508
8605354;-34.906300
8607350;-34.611748
8609339;-34.316807
8611342;-34.021576
8613341;-33.725964
8615360;-33.430061
8617324;-33.133827
8619323;-32.837227
8621319;-32.540344
8623324;-32.243095
8625316;-31.945574
8627360;-31.647692
8629340;-31.349543
8631345;-31.051085
8633339;-30.752274
8635339;-30.453205
8637356;-30.153790
8639322;-29.854124
8641323;-29.554165
8643318;-29.253864
8645320;-28.953323
8647358;-28.652451
8649327;-28.351339
8651322;-28.049904
8653316;-27.748236
8655315;-27.446297
8657320;-27.144039
8659354;-26.841604
8661344;-26.538816
8663342;-26.235809
8665342;-25.932545
8667342;-25.628975
8669354;-25.325203
8671323;-25.021133
8673326;-24.716862
8675318;-24.412348
8677322;-24.107544
8679323;-23.802551
8681361;-23.497276
8683342;-23.191816
8685346;-22.886080
8687344;-22.580164
8689343;-22.274027
8691359;-21.967623
8693324;-21.661047
8695321;-21.354214
8697324;-21.047215
8699321;-20.740007
8701323;-20.432549
8703363;-20.124935
8705340;-19.817076
8707342;-19.509069
8709342;-19.200823
8711336;-18.892433
8713356;-18.583858
8715321;-18.275051
8717317;-17.966110
8719323;-17.656948
8721315;-17.347656
8723319;-17.038193
8725357;-16.728516
8727344;-16.418720
8729340;-16.108715
8731345;-15.798600
8733344;-15.488279
8735343;-15.177855
8737323;-14.867279
8739324;-14.556509
8741322;-14.245645
8743323;-13.934591
8745528;-13.623447
8747350;-13.312168
8749344;-13.000711
8751336;-12.689175
8753336;-12.377464
8755341;-12.065679
8757356;-11.753728
8759323;-11.441707
8761325;-11.129574
8763319;-10.817284
8765323;-10.504933
8767319;-10.192480
8769358;-9.879926
8771345;-9.567274
8773343;-9.254481
8775338;-8.941644
8777346;-8.628671
8779342;-8.315660
8781326;-8.002520
8783317;-7.689348
8785315;-7.376100
8787324;-7.062732
8789363;-6.749341
8791323;-6.435838
8793321;-6.122317
8795317;-5.808736
8797322;-5.495050
8799321;-5.181358
8801360;-4.867567
8803349;-4.553775
8805342;-4.239939
8807344;-3.926013
8809342;-3.612096
8811364;-3.298096
8813324;-2.984111
8815319;-2.670048
8817321;-2.356008
8819321;-2.041943
8821324;-1.727811
8823356;-1.413710
8825347;-1.099547
8827345;-0.785421
8829343;-0.471287
8831340;-0.157100
8833352;0.157080
8835320;0.471237
8837322;0.785390
8839319;1.099535
8841322;1.256604
8843322;1.727790
8845360;2.041893
8847345;2.355976
8849344;2.670036
8851340;2.984070
8853339;3.298074
8855358;3.612046
8857328;3.925981
8859322;4.239879
8861321;4.553734
8863319;4.867544
8865379;5.181307
8867358;5.495018
8869345;5.808674
8871336;6.122274
8873340;6.435814
8875342;6.749289
8877362;7.062697
8879330;7.376038
8881318;7.689305
8883323;8.002495
8885321;8.315607
8887378;8.628635
8889362;8.941581
8891345;9.254436
8893343;9.567202
8895340;9.879873
8897343;10.192444
8899358;10.504917
8901319;10.817286
8903320;11.129548
8905321;11.441700
8907323;11.753738
8909384;12.065662
8911345;12.377467
8913337;12.689150
8915342;13.000705
8917346;13.312133
8919340;13.623430
8921357;13.934594
8923323;14.245617
8925323;14.556500
8927322;14.867243
8929317;15.177837
8931314;15.488280
8933361;15.798573
8935343;16.108707
8937343;16.418684
8939338;16.728498
8941341;17.038149
8943363;17.347628
8945324;17.656937
8947327;17.966076
8949321;18.275032
8951316;18.583811
8953322;18.892406
8955359;19.200811
8957344;19.509031
8959341;19.817057
8961337;20.124889
8963337;20.432520
8965352;20.739950
8967320;21.047176
8969322;21.354193
8971318;21.660999
8973315;21.967592
8975352;22.273970
8977322;22.580126
8979323;22.886059
8981323;23.191769
8983321;23.497246
8985321;23.802494
8987360;24.107506
8989347;24.412279
8991344;24.716812
8993339;25.021099
8995341;25.325144
8997367;25.628939
8999319;25.932476
9001321;26.235760
9003326;26.538784
9005320;26.841545
9007493;27.144045
9009347;27.446274
9011337;27.748230
9013339;28.049919
9015339;28.351324
9017346;28.652456
9019355;28.953299
9021321;29.253859
9023321;29.554132
9025322;29.854111
9027323;30.153793
9029322;30.453184
9031360;30.752268
9033339;31.051052
9035339;31.349527
9037345;31.647697
9039338;31.945551
9041360;32.243092
9043323;32.540310
9045316;32.837208
9047324;33.133785
9049323;33.430038
9051321;33.725952
9053359;34.021542
9055345;34.316792
9057346;34.611706
9059339;34.906273
9061337;35.200500
9063359;35.494377
9065342;35.787907
9067346;36.081081
9069342;36.373901
9071343;36.666363
9073358;36.958458
9075347;37.250191
9077348;37.541557
9079341;37.832550
9081341;38.123173
9083335;38.413418
9085359;38.703281
9087327;38.992767
9089322;39.281864
9091322;39.570580
9093321;39.858898
9095358;40.146824
9097323;40.434357
9099317;40.721493
9101324;41.008221
9103322;41.294548
9105323;41.580467
9107363;41.865971
9109343;42.151066
9111340;42.435749
9113340;42.720005
9115338;43.003841
9117360;43.287258
9119323;43.570240
9121326;43.852798
9123324;44.134922
9125318;44.416611
9127361;44.697861
9129327;44.978668
9131319;45.259033
9133326;45.538948
9135318;45.818417
9137324;46.097435
9139360;46.375996
9141346;46.654099
9143337;46.931744
9145337;47.208927
9147344;47.485634
9149357;47.761883
9151316;48.037659
9153319;48.312958
9155322;48.587780
9157327;48.862122
9159361;49.135986
9161326;49.409363
9163329;49.682243
9165326;49.954647
9167321;50.226551
9169323;50.497963
9171359;50.768871
9173344;51.039284
9175339;51.309193
9177345;51.578583
9179339;51.847477
9181359;52.115856
9183323;52.383720
9185315;52.651070
9187319;52.917896
9189318;53.184204
9191372;53.449982
9193359;53.715237
9195343;53.979958
9197346;54.244156
9199343;54.507809
9201336;54.770924
9203345;55.033501
9205322;55.295532
9207322;55.557018
9209323;55.817963
9211319;56.078350
9213358;56.338184
9215321;56.597466
9217323;56.856178
9219315;57.114338
9221326;57.371937
9223324;57.628967
9225362;57.885426
9227347;58.141319
9229341;58.396633
9231338;58.651371
9233340;58.905529
9235355;59.159111
9237324;59.412106
9239320;59.664516
9241320;59.916336
9243320;60.167557
9245320;60.418190
9247346;60.668228
9249321;60.917671
9251319;61.166508
9253321;61.414749
9255323;61.662376
9257360;61.909389
9259320;62.155800
9261325;62.401592
9263322;62.646778
9265326;62.891342
9267324;63.135277
9269363;63.378597
9271344;63.621284
9273344;63.863350
9275341;64.104782
9277345;64.345589
9279499;64.585754
9281346;64.825279
9283346;65.064171
9285344;65.302414
9287342;65.540009
9289341;65.776978
9291356;66.013275
9293346;66.248932
9295342;66.483932
9297346;66.718277
9299343;66.951958
9301358;67.184982
9303327;67.417351
9305320;67.649040
9307319;67.880074
9309321;68.110428
9311386;68.340118
9313340;68.569130
9315339;68.797462
9317338;69.025124
9319343;69.252098
9321337;69.478394
9323360;69.703995
9325330;69.928909
9327322;70.153137
9329323;70.376678
9331316;70.599518
9333357;70.821655
9335321;71.043106
9337322;71.263847
9339319;71.483887
9341318;71.703224
9343326;71.921852
9345358;72.139778
9347344;72.356972
9349343;72.573471
9351339;72.789238
9353341;73.004303
9355365;73.218636
9357318;73.432251
9359324;73.645142
9361318;73.857300
9363321;74.068741
9365321;74.279442
9367363;74.489403
9369343;74.698639
9371340;74.907135
9373342;75.114891
9375344;75.321915
9377359;75.528183
9379327;75.733711
9381318;75.938484
9383323;76.142517
9385320;76.345795
9387327;76.548325
9389357;76.750092
9391348;76.951103
9393340;77.151352
9395339;77.350845
9397346;77.549568
9399362;77.747536
9401326;77.944733
9403316;78.141159
9405321;78.336807
9407325;78.531693
9409323;78.725800
9411358;78.919128
9413347;79.111679
9415338;79.303452
9417342;79.494438
9419339;79.684631
9421354;79.874054
9423322;80.062675
9425322;80.250511
9427320;80.437561
9429319;80.623810
9431358;80.809273
9433319;80.993927
9435319;81.177780
9437321;81.360840
9439315;81.543091
9441316;81.724548
9443356;81.905190
9445340;82.085022
9447338;82.264038
9449339;82.442261
9451338;82.619659
9453361;82.796242
9455322;82.972015
9457322;83.146957
9459321;83.321083
9461318;83.494392
9463321;83.666870
9465359;83.838524
9467345;84.009354
9469336;84.179352
9471339;84.348526
9473340;84.516853
9475367;84.684349
9477323;84.851013
9479320;85.016846
9481321;85.181831
9483315;85.345985
9485321;85.509285
9487360;85.671745
9489346;85.833366
9491340;85.994133
9493343;86.154045
9495339;86.313118
9497346;86.471336
9499327;86.628700
9501318;86.785210
9503317;86.940865
9505322;87.095657
9507495;87.249596
9509351;87.402672
9511347;87.554886
9513343;87.706230
9515339;87.856712
9517348;88.006325
9519336;88.155075
9521323;88.302948
9523320;88.449944
9525324;88.596085
9527322;88.741341
9529357;88.885719
9531324;89.029221
9533319;89.171852
9535325;89.313599
9537319;89.454460
9539324;89.594444
9541347;89.733536
9543327;89.871750
9545322;90.009079
9547324;90.145508
9549322;90.281052
9551354;90.415710
9553325;90.549469
9555316;90.682343
9557318;90.814316
9559318;90.945389
9561376;91.075569
9563357;91.204857
9565342;91.333237
9567342;91.460716
9569337;91.587296
9571337;91.712967
9573360;91.837730
9575325;91.961594
9577317;92.084541
9579322;92.206589
9581319;92.327728
9583501;92.447952
9585341;92.567261
9587340;92.685661
9589343;92.803139
9591341;92.861542
9593339;93.035355
9595358;93.150093
9597341;93.263908
9599342;93.376793
9601341;93.488762
9603344;93.599808
9605356;93.709930
9607322;93.819130
9609328;93.927406
9611314;94.034752
9613320;94.141167
9615389;94.246658
9617345;94.351212
9619343;94.454842
9621342;94.557541
9623339;94.659302
9625339;94.760132
9627362;94.860016
9629340;94.958969
9631340;95.056992
9633339;95.154076
9635339;95.250214
9637359;95.345421
9639326;95.439682
9641324;95.532997
9643319;95.625374
9645317;95.716805
9647319;95.807289
9649361;95.896835
9651341;95.985428
9653339;96.073074
9655343;96.159775
9657342;96.245529
9659358;96.330322
9661327;96.414169
9663318;96.497070
9665323;96.579018
9667317;96.660011
9669319;96.740051
9671356;96.819130
9673341;96.897263
9675338;96.974442
9677345;97.050652
9679340;97.125908
9681360;97.200203
9683342;97.273544
9685336;97.345917
9687343;97.417343
9689339;97.487793
9691379;97.557297
9693344;97.625824
9695338;97.693390
9697348;97.759995
9699338;97.825638
9701342;97.890305
9703359;97.954018
9705345;98.016754
9707349;98.078529
9709337;98.139336
9711341;98.199173
9713361;98.258034
9715326;98.315933
9717323;98.372864
9719327;98.428818
9721320;98.483810
9723325;98.537819
9725360;98.590858
9727350;98.642929
9729338;98.694023
9731342;98.744141
9733348;98.793289
9735360;98.841454
9737323;98.888649
9739320;98.934868
9741317;98.980110
9743322;99.024376
9745324;99.067665
9747364;99.109970
9749346;99.151306
9751337;99.191658
9753338;99.231033
9755340;99.269432
9757367;99.306847
9759327;99.343285
9761322;99.378738
9763328;99.413208
9765323;99.446701
9767321;99.479218
9769363;99.510742
9771344;99.541290
9773340;99.570862
9775336;99.599442
9777344;99.627037
9779362;99.653656
9781317;99.679283
9783324;99.703934
9785322;99.727600
9787314;99.750282
9789319;99.771973
9791358;99.792686
9793344;99.812408
9795338;99.831154
9797344;99.848907
9799341;99.865685
9801395;99.881462
9803341;99.896263
9805338;99.910072
9807340;99.922905
9809338;99.934746
9811340;99.945602
9813348;99.955467
9815318;99.964348
9817322;99.972244
9819324;99.979149
9821321;99.985077
9823318;99.990005
9825357;99.993958
9827353;99.996918
9829339;99.998894
9831339;99.999878
9833344;99.999878
9835361;99.998894
9837323;99.996918
9839319;99.993958
9841316;99.990005
9843324;99.985077
9845410;99.979149
9847343;99.972244
9849340;99.964348
9851343;99.955467
9853337;99.945602
9855342;99.934746
9857341;99.922905
9859321;99.910072
9861319;99.896263
9863320;99.881462
9865321;99.865685
9867515;99.848907
9869351;99.831154
9871342;99.812408
9873344;99.792686
9875344;99.771973
9877342;99.750282
9879361;99.727600
9881348;99.703941
9883342;99.679283
9885334;99.653656
9887341;99.627037
9889359;99.599442
9891327;99.570862
9893322;99.541298
9895322;99.510750
9897318;99.479218
9899314;99.446701
9901359;99.413208
9903344;99.378738
9905342;99.343285
9907343;99.306847
9909346;99.269432
9911360;99.231033
9913326;99.191666
9915324;99.151306
9917323;99.109978
9919327;99.067673
9921374;99.024376
9923342;98.980110
9925340;98.934868
9927341;98.888657
9929346;98.841461
9931342;98.793289
9933362;98.744141
9935344;98.694023
9937344;98.642929
9939338;98.590866
9941342;98.537819
9943362;98.483810
9945333;98.428818
9947326;98.372864
9949325;98.315941
9951322;98.258041
9953320;98.199173
9955359;98.139343
9957341;98.078529
9959336;98.016754
9961341;97.954018
9963341;97.890312
9965347;97.825638
9967324;97.759995
9969321;97.693398
9971322;97.625824
9973319;97.557297
9975505;97.487801
9977350;97.417343
9979344;97.345932
9981340;97.273544
9983343;97.200211
9985343;97.125916
9987352;97.050652
9989326;96.974442
9991322;96.897270
9993324;96.819138
9995321;96.740051
9997356;96.660019
9999325;96.579018
10001323;96.497078
10003321;96.414177
10005322;96.330330
10007377;96.245529
10009360;96.159782
10011351;96.073082
10013338;95.985428
10015339;95.896843
10017344;95.807297
10019366;95.716812
10021320;95.625374
10023318;95.533005
10025325;95.439682
10027320;95.345428
10029322;95.250221
10031357;95.154076
10033345;95.057007
10035339;94.958984
10037340;94.860031
10039338;94.760132
10041361;94.659302
10043327;94.557549
10045316;94.454849
10047320;94.351219
10049319;94.246666
10051495;94.141174
10053348;94.034752
10055338;93.927414
10057341;93.819138
10059341;93.709938
10061519;93.599823
10063345;93.488770
10065337;93.376801
10067345;93.263916
10069343;93.150101
10071344;93.035362
10073356;92.919716
10075324;92.803146
10077322;92.685661
10079323;92.567268
10081319;92.447952
10083490;92.327728
10085343;92.206596
10087347;92.084557
10089340;91.961601
10091336;91.837738
10093340;91.712967
10095360;91.587296
10097324;91.460724
10099322;91.333237
10101322;91.204857
10103321;91.075584
10105324;90.945396
10107360;90.814323
10109340;90.682343
10111343;90.549477
10113341;90.415726
10115338;90.281067
10117356;90.145515
10119322;90.009079
10121317;89.871750
10123325;89.733551
10125320;89.594452
10127496;89.454468
10129342;89.313599
10131341;89.171860
10133337;89.029228
10135336;88.885727
10137339;88.741348
10139359;88.596085
10141330;88.449951
10143319;88.302948
10145317;88.155067
10147326;88.006332
10149318;87.856712
10151356;87.706230
10153336;87.554893
10155339;87.402679
10157342;87.249603
10159342;87.095680
10161359;86.940880
10163323;86.785217
10165319;86.628708
10167323;86.471344
10169321;86.313126
10171319;86.154068
10173358;85.994141
10175343;85.833374
10177343;85.671753
10179342;85.509285
10181339;85.345985
10183358;85.181847
10185323;85.016853
10187322;84.851021
10189322;84.684357
10191314;84.516853
10193511;84.348511
10195347;84.179352
10197346;84.009354
10199340;83.838524
10201344;83.666870
10203338;83.494385
10205359;83.321075
10207329;83.146980
10209317;82.972023
10211321;82.796249
10213320;82.619667
10215318;82.442268
10217365;82.264053
10219337;82.085037
10221342;81.905197
10223340;81.724556
10225339;81.543098
10227353;81.360847
10229328;81.177780
10231329;80.993942
10233317;80.809280
10235324;80.623817
10237324;80.437561
10239360;80.250511
10241342;80.062675
10243339;79.874062
10245336;79.684647
10247339;79.494438
10249359;79.303452
10251327;79.111679
10253319;78.919128
10255321;78.725800
10257317;78.531693
10259321;78.336807
10261354;78.141167
10263334;77.944740
10265340;77.747559
10267341;77.549591
10269336;77.350861
10271357;77.151367
10273344;76.951111
10275342;76.750099
10277341;76.548340
10279343;76.345810
10281354;76.142532
10283321;75.938499
10285315;75.733719
10287319;75.528183
10289322;75.321922
10291375;75.114906
10293346;74.907150
10295342;74.698647
10297340;74.489410
10299334;74.279442
10301339;74.068748
10303357;73.857307
10305342;73.645142
10307341;73.432251
10309336;73.218636
10311344;73.004295
10313364;72.789253
10315319;72.573486
10317313;72.356995
10319320;72.139786
10321320;71.921860
10323375;71.703232
10325361;71.483910
10327351;71.263863
10329343;71.043121
10331343;70.821671
10333341;70.599525
10335358;70.376678
10337322;70.153160
10339317;69.928932
10341319;69.816551
10343320;69.478401
10345379;69.252106
10347348;69.025124
10349345;68.797478
10351340;68.569145
10353344;68.340126
10355339;68.110435
10357363;67.880074
10359347;67.649040
10361341;67.417358
10363341;67.184998
10365341;66.951965
10367358;66.718277
10369323;66.483948
10371318;66.248940
10373329;66.013298
10375322;65.776993
10377322;65.540031
10379360;65.302429
10381342;65.064178
10383339;64.825287
10385336;64.585777
10387341;64.345604
10389360;64.104805
10391326;63.863361
10393319;63.621296
10395321;63.378597
10397320;63.135296
10399322;62.891354
10401357;62.646790
10403345;62.401604
10405338;62.155807
10407342;61.909397
10409339;61.662388
10411362;61.414753
10413316;61.166519
10415316;60.917675
10417321;60.668228
10419320;60.418213
10421505;60.167568
10423345;59.916359
10425341;59.664536
10427343;59.412121
10429335;59.159122
10431342;58.905560
10433355;58.651394
10435321;58.396656
10437325;58.141335
10439321;57.885437
10441323;57.628979
10443322;57.371964
10445358;57.114365
10447348;56.856201
10449343;56.597477
10451341;56.338192
10453340;56.078358
10455359;55.817978
10457318;55.557037
10459319;55.295544
10461318;55.033512
10463320;54.770927
10465321;54.507809
10467355;54.244167
10469339;53.979977
10471339;53.715248
10473336;53.449989
10475339;53.184204
10477364;52.917915
10479327;52.651100
10481321;52.383751
10483320;52.115883
10485317;51.847500
10487321;51.578606
10489355;51.309196
10491342;51.039307
10493344;50.768894
10495341;50.497978
10497340;50.226570
10499359;49.954655
10501328;49.682255
10503317;49.409382
10505322;49.136005
10507320;48.862137
10509321;48.587791
10511362;48.312962
10513342;48.037659
10515340;47.899837
10517342;47.485649
10519344;47.208931
10521357;46.931747
10523323;46.654099
10525321;46.375992
10527320;46.097446
10529320;45.818428
10531502;45.538975
10533350;45.259052
10535337;44.978683
10537343;44.697872
10539344;44.416637
10541337;44.134945
10543342;43.852818
10545321;43.570255
10547315;43.287266
10549320;43.003849
10551321;42.720028
10553363;42.435760
10555322;42.151081
10557321;41.865982
10559320;41.580467
10561326;41.294567
10563320;41.008240
10565360;40.721504
10567343;40.434368
10569339;40.146832
10571341;39.858898
10573344;39.570599
10575357;39.281879
10577324;38.992775
10579324;38.703285
10581322;38.413418
10583324;38.123165
10585501;37.832584
10587349;37.541588
10589342;37.250214
10591343;36.958477
10593339;36.666374
10595338;36.373913
10597359;36.081112
10599342;35.787930
10601341;35.494400
10603341;35.200516
10605344;34.906284
10607360;34.611710
10609326;34.316818
10611324;34.021561
10613322;33.725971
10615320;33.430046
10617327;33.133793
10619357;32.837212
10621339;32.540329
10623342;32.243107
10625337;31.945559
10627347;31.647699
10629360;31.349527
10631318;31.051048
10633321;30.752283
10635318;30.453190
10637321;30.153799
10639486;29.854134
10641341;29.554150
10643341;29.253874
10645343;28.953331
10647342;28.652481
10649396;28.351349
10651362;28.049934
10653343;27.748245
10655340;27.446281
10657342;27.144072
10659341;26.841568
10661357;26.538801
10663328;26.235771
10665322;25.932482
10667319;25.628939
10669324;25.325165
10671369;25.021118
10673341;24.716824
10675338;24.412287
10677342;24.107508
10679343;23.802490
10681340;23.497261
10683361;23.191778
10685346;22.886066
10687342;22.580128
10689347;22.273966
10691340;21.967585
10693361;21.661034
10695322;21.354221
10697322;21.047199
10699322;20.739969
10701320;20.432533
10703320;20.124922
10705358;19.817085
10707345;19.509054
10709340;19.200832
10711345;18.892418
10713338;18.583818
10715359;18.275061
10717324;17.966097
10719317;17.656956
10721320;17.347641
10723319;17.038157
10725515;16.728500
10727352;16.418705
10729346;16.108725
10731336;15.798585
10733339;15.488288
10735340;15.177840
10737357;14.867240
10739350;14.556519
10741342;14.245629
10743340;13.934599
10745338;13.623433
10747386;13.312154
10749344;13.000721
10751344;12.689183
10753340;12.377496
10755343;12.065687
10757341;11.753759
10759360;11.441715
10761341;11.129559
10763340;10.817315
10765341;10.504942
10767346;10.192464
10769358;9.879887
10771323;9.567211
10773323;9.254441
10775321;8.941605
10777320;8.628655
10779318;8.315620
10781356;8.002504
10783338;7.689308
10785334;7.376037
10787342;7.062716
10789340;6.749302
10791361;6.435822
10793346;6.122278
10795340;5.808673
10797348;5.495012
10799343;5.181319
10801360;4.867576
10803328;4.553761
10805324;4.239901
10807323;3.925998
10809318;3.612057
10811323;3.298105
10813358;2.984096
10815344;2.670057
10817344;2.355993
10819340;2.041904
10821339;1.727796
10823353;1.413695
10825321;1.099556
10827317;0.785405
10829323;0.471248
10831324;0.157085
10833322;-0.157079
10835358;-0.471218
10837347;-0.785375
10839340;-1.099525
10841336;-1.413665
10843342;-1.727790
10845361;-2.041898
10847321;-2.355963
10849322;-2.670027
10851321;-2.984066
10853319;-3.298074
10855322;-3.612027
10857359;-3.925944
10859347;-4.239846
10861342;-4.553706
10863339;-4.867522
10865340;-5.181289
10867358;-5.495005
10869322;-5.808643
10871320;-6.122248
10873323;-6.435792
10875326;-6.749272
10877518;-7.062686
10879348;-7.376031
10881344;-7.689279
10883347;-8.002474
10885336;-8.315591
10887345;-8.628626
10889346;-8.941574
10891323;-9.254436
10893320;-9.567182
10895320;-9.879857
10897327;-10.192435
10899357;-10.504911
10901320;-10.817286
10903321;-11.129552
10905319;-11.441686
10907322;-11.753706
10909327;-12.065634
10911357;-12.377443
10913343;-12.689130
10915342;-13.000690
10917345;-13.312101
10919345;-13.623403
10921523;-13.934570
10923344;-14.245600
10925338;-14.556490
10927342;-14.867234
10929337;-15.177811
10931341;-15.488259
10933363;-15.798555
10935346;-16.108694
10937341;-16.418676
10939338;-16.728497
10941339;-17.038126
10943359;-17.347612
10945326;-17.656927
10947318;-17.966068
10949323;-18.275030
10951324;-18.583813
10953323;-18.892389
10955358;-19.200802
10957349;-19.509026
10959341;-19.817057
10961339;-20.124868
10963338;-20.432505
10965355;-20.739916
10967329;-21.047146
10969316;-21.354168
10971321;-21.660980
10973319;-21.967579
10975325;-22.273960
10977361;-22.580097
10979345;-22.886036
10981341;-23.191748
10983342;-23.497232
10985338;-23.802485
10987361;-24.107500
10989319;-24.412256
10991320;-24.716795
10993318;-25.021088
10995321;-25.325138
10997324;-25.628933
10999361;-25.932476
11001345;-26.235741
11003338;-26.538771
11005337;-26.841539
11007340;-27.144041
11009360;-27.446276
11011322;-27.748240
11013320;-28.049908
11015325;-28.351297
11017321;-28.652430
11019361;-28.953281
11021321;-29.253843
11023315;-29.554098
11025321;-29.854084
11027324;-30.153772
11029319;-30.453163
11031356;-30.752254
11033347;-31.051043
11035339;-31.349501
11037349;-31.647673
11039343;-31.945532
11041405;-32.243076
11043346;-32.540302
11045337;-32.837208
11047342;-33.133766
11049337;-33.430019
11051343;-33.725945
11053363;-34.021534
11055346;-34.316792
11057342;-34.611706
11059345;-34.906258
11061342;-35.200489
11063359;-35.494373
11065322;-35.787903
11067319;-36.081081
11069326;-36.373882
11071319;-36.666325
11073319;-36.958427
11075360;-37.250168
11077344;-37.541534
11079341;-37.832535
11081342;-38.123161
11083338;-38.413387
11085346;-38.703259
11087316;-38.992748
11089325;-39.281853
11091327;-39.426250
11093321;-39.858894
11095361;-40.146805
11097323;-40.434341
11099320;-40.721478
11101317;-41.008209
11103324;-41.294540
11105321;-41.580467
11107359;-41.865955
11109320;-42.151054
11111320;-42.435734
11113320;-42.720001
11115323;-43.003841
11117402;-43.287262
11119341;-43.570229
11121340;-43.852791
11123334;-44.134895
11125342;-44.416592
11127339;-44.697845
11129362;-44.978657
11131349;-45.259007
11133339;-45.538925
11135339;-45.818401
11137341;-46.097420
11139359;-46.375988
11141326;-46.654095
11143322;-46.931721
11145319;-47.208904
11147321;-47.485622
11149320;-47.761871
11151357;-48.037647
11153342;-48.312950
11155344;-48.587757
11157340;-48.862106
11159342;-49.135971
11161361;-49.409351
11163325;-49.682243
11165317;-49.954624
11167319;-50.226532
11169321;-50.497948
11171315;-50.768864
11173361;-51.039280
11175346;-51.309193
11177341;-51.578552
11179343;-51.847446
11181344;-52.115829
11183353;-52.383698
11185327;-52.651054
11187326;-52.917885
11189321;-53.184174
11191321;-53.449959
11193357;-53.715218
11195325;-53.979946
11197321;-54.244137
11199319;-54.507797
11201318;-54.770897
11203321;-55.033482
11205359;-55.295517
11207351;-55.557007
11209343;-55.817951
11211340;-56.078346
11213337;-56.338161
11215358;-56.597446
11217325;-56.856174
11219320;-57.114334
11221321;-57.371933
11223323;-57.628967
11225318;-57.885414
11227363;-58.141304
11229341;-58.396626
11231338;-58.651344
11233340;-58.905514
11235340;-59.159096
11237356;-59.412075
11239320;-59.664490
11241321;-59.916313
11243326;-60.167545
11245324;-60.418182
11247323;-60.668224
11249357;-60.917645
11251343;-61.166489
11253340;-61.414730
11255339;-61.662357
11257343;-61.909382
11259354;-62.155796
11261328;-62.401573
11263318;-62.646759
11265321;-62.891323
11267320;-63.135265
11269503;-63.378590
11271345;-63.621284
11273346;-63.863338
11275342;-64.104774
11277339;-64.345573
11279338;-64.585747
11281363;-64.825279
11283343;-65.064171
11285342;-65.302383
11287343;-65.539993
11289344;-65.776947
11291363;-66.013260
11293319;-66.248917
11295325;-66.483917
11297323;-66.718254
11299319;-66.951942
11301318;-67.184967
11303359;-67.417336
11305345;-67.649033
11307346;-67.880043
11309336;-68.110413
11311339;-68.340096
11313415;-68.569115
11315349;-68.797455
11317341;-69.025116
11319342;-69.252083
11321336;-69.478378
11323337;-69.703987
11325355;-69.928902
11327329;-70.153137
11329322;-70.376678
11331318;-70.599503
11333322;-70.821648
11335360;-71.043098
11337316;-71.263847
11339322;-71.483871
11341323;-71.703209
11343323;-71.921829
11345318;-72.139755
11347359;-72.356949
11349345;-72.573456
11351339;-72.789230
11353342;-73.004295
11355335;-73.218613
11357355;-73.432228
11359321;-73.645126
11361315;-73.857292
11363320;-74.068726
11365324;-74.279434
11367518;-74.489388
11369347;-74.698624
11371342;-74.907127
11373339;-75.114883
11375339;-75.321899
11377341;-75.528183
11379357;-75.733711
11381330;-75.938477
11383325;-76.142525
11385325;-76.345787
11387317;-76.548302
11389358;-76.750092
11391326;-76.951096
11393322;-77.151337
11395322;-77.350845
11397324;-77.549561
11399325;-77.747513
11401357;-77.944717
11403338;-78.141136
11405332;-78.336807
11407336;-78.531677
11409343;-78.725777
11411363;-78.919121
11413323;-79.111656
11415321;-79.303444
11417318;-79.494415
11419320;-79.684639
11421323;-79.874046
11423355;-80.062660
11425338;-80.250511
11427347;-80.437546
11429338;-80.623817
11431341;-80.809258
11433362;-80.993912
11435317;-81.177780
11437323;-81.360832
11439317;-81.543098
11441322;-81.724533
11443360;-81.905197
11445324;-82.085022
11447323;-82.264038
11449322;-82.442261
11451321;-82.619652
11453320;-82.796249
11455360;-82.972008
11457350;-83.146942
11459341;-83.321091
11461340;-83.494377
11463337;-83.666878
11465358;-83.838524
11467327;-84.009369
11469324;-84.179352
11471324;-84.348511
11473322;-84.516838
11475319;-84.684326
11477360;-84.851006
11479348;-85.016823
11481338;-85.181801
11483341;-85.345963
11485339;-85.509262
11487361;-85.671738
11489320;-85.833344
11491324;-85.994102
11493314;-86.154037
11495323;-86.313095
11497508;-86.471329
11499345;-86.628685
11501343;-86.785210
11503339;-86.940849
11505341;-87.095634
11507346;-87.249588
11509358;-87.402657
11511347;-87.554878
11513337;-87.706215
11515337;-87.856689
11517340;-88.006317
11519356;-88.155052
11521321;-88.302948
11523320;-88.449944
11525324;-88.596085
11527320;-88.741333
11529323;-88.885704
11531360;-89.029221
11533345;-89.171837
11535339;-89.313599
11537346;-89.454453
11539340;-89.594421
11541364;-89.733536
11543318;-89.871742
11545320;-90.009079
11547316;-90.145508
11549319;-90.281067
11551321;-90.415703
11553359;-90.549461
11555347;-90.682343
11557347;-90.814308
11559339;-90.945396
11561338;-91.075569
11563363;-91.204849
11565326;-91.333237
11567325;-91.460709
11569318;-91.587296
11571316;-91.712967
11573381;-91.837738
11575347;-91.961601
11577345;-92.084541
11579341;-92.206596
11581344;-92.327705
11583341;-92.447945
11585358;-92.567245
11587341;-92.685638
11589337;-92.803131
11591343;-92.919693
11593342;-93.035355
11595358;-93.150070
11597331;-93.263885
11599323;-93.376785
11601320;-93.488747
11603324;-93.599800
11605320;-93.709923
11607366;-93.819130
11609346;-93.927399
11611339;-94.034737
11613341;-94.141159
11615340;-94.246643
11617360;-94.351212
11619326;-94.454834
11621321;-94.557526
11623325;-94.659294
11625319;-94.760117
11627323;-94.860016
11629362;-94.958969
11631342;-95.056999
11633339;-95.154068
11635341;-95.250206
11637342;-95.345413
11639360;-95.439674
11641327;-95.532997
11643323;-95.625374
11645320;-95.716789
11647327;-95.807289
11649320;-95.896828
11651358;-95.985428
11653339;-96.073074
11655341;-96.159782
11657343;-96.245522
11659335;-96.330322
11661362;-96.414177
11663321;-96.497070
11665324;-96.579018
11667321;-96.660011
11669320;-96.740044
11671321;-96.819138
11673358;-96.897255
11675343;-96.974442
11677344;-97.050652
11679336;-97.125916
11681342;-97.200203
11683351;-97.273544
11685324;-97.345924
11687324;-97.417343
11689321;-97.487793
11691323;-97.557281
11693326;-97.625809
11695356;-97.693382
11697348;-97.759987
11699343;-97.825630
11701343;-97.890297
11703342;-97.954010
11705360;-98.016754
11707324;-98.078522
11709323;-98.139336
11711321;-98.199165
11713325;-98.258034
11715320;-98.315933
11717360;-98.372856
11719336;-98.428818
11721340;-98.483803
11723339;-98.537811
11725343;-98.590858
11727359;-98.642929
11729323;-98.694023
11731321;-98.744133
11733323;-98.793289
11735320;-98.841454
11737376;-98.888657
11739356;-98.934868
11741345;-98.980103
11743341;-99.024376
11745341;-99.067665
11747340;-99.109978
11749353;-99.151306
11751325;-99.191666
11753325;-99.231033
11755320;-99.269424
11757321;-99.306847
11759317;-99.343285
11761357;-99.378738
11763338;-99.413208
11765340;-99.446701
11767349;-99.479218
11769345;-99.510742
11771362;-99.541298
11773346;-99.570862
11775337;-99.599442
11777341;-99.627037
11779340;-99.653656
11781360;-99.679283
11783322;-99.703934
11785320;-99.727600
11787322;-99.750282
11789319;-99.771973
11791317;-99.792686
11793358;-99.812408
11795345;-99.831161
11797346;-99.848907
11799340;-99.865677
11801338;-99.881462
11803349;-99.896263
11805321;-99.910072
11807318;-99.922905
11809319;-99.934746
11811321;-99.945602
11813363;-99.955460
11815324;-99.964348
11817325;-99.972244
11819322;-99.979149
11821325;-99.985069
11823325;-99.990005
11825352;-99.993958
11827324;-99.996910
11829322;-99.998894
11831320;-99.999878
11833325;-99.999878
11835362;-99.998894
11837329;-99.996918
11839320;-99.993958
11841326;-99.992104
11843322;-99.985077
11845320;-99.979149
11847360;-99.972244
11849321;-99.964348
11851321;-99.955467
11853322;-99.945602
11855325;-99.934746
11857319;-99.922905
11859359;-99.910080
11861341;-99.896263
11863340;-99.881462
11865339;-99.865685
11867343;-99.848907
11869352;-99.831161
11871325;-99.812416
11873318;-99.792686
11875324;-99.771973
11877319;-99.750282
11879320;-99.727600
11881358;-99.703934
11883343;-99.679283
11885340;-99.653656
11887339;-99.627037
11889343;-99.599442
11891356;-99.570862
11893328;-99.541298
11895321;-99.510750
11897322;-99.479218
11899322;-99.446709
11901518;-99.413208
11903351;-99.378738
11905339;-99.343285
11907344;-99.306854
11909343;-99.269440
11911339;-99.231041
11913349;-99.191666
11915328;-99.151314
11917318;-99.109985
11919321;-99.067673
11921319;-99.024384
11923528;-98.980118
11925359;-98.934868
11927341;-98.888657
11929338;-98.841461
11931341;-98.793289
11933341;-98.744148
11935359;-98.694023
11937323;-98.642937
11939322;-98.590866
11941315;-98.537827
11943320;-98.483810
11945323;-98.428825
11947362;-98.372871
11949347;-98.315941
11951340;-98.258049
11953340;-98.199181
11955341;-98.139343
11957356;-98.078537
11959324;-98.016754
11961322;-97.954025
11963321;-97.890312
11965321;-97.825638
11967414;-97.760002
11969348;-97.693398
11971341;-97.625824
11973340;-97.557297
11975341;-97.487801
11977343;-97.417351
11979362;-97.345924
11981340;-97.273552
11983336;-97.200203
11985340;-97.125916
11987347;-97.050652
11989354;-96.974442
11991327;-96.897270
11993324;-96.819138
11995320;-96.740051
11997320;-96.660011
11999322;-96.579018
12001357;-96.497086
12003347;-96.414177
12005343;-96.330330
12007345;-96.245522
12009341;-96.159782
12011354;-96.073074
12013322;-95.985443
12015318;-95.896851
12017315;-95.807304
12019318;-95.716820
12021325;-95.625381
12023359;-95.533012
12025337;-95.439697
12027342;-95.345428
12029341;-95.250237
12031340;-95.154083
12033363;-95.057007
12035325;-94.958984
12037325;-94.860039
12039320;-94.760147
12041318;-94.659309
12043315;-94.557556
12045359;-94.454849
12047354;-94.351234
12049345;-94.246681
12051339;-94.141182
12053339;-94.034767
12055357;-93.927414
12057316;-93.819145
12059317;-93.709961
12061322;-93.599823
12063321;-93.488785
12065326;-93.376801
12067360;-93.263916
12069346;-93.150093
12071337;-93.035370
12073340;-92.919724
12075337;-92.803154
12077356;-92.685677
12079326;-92.567268
12081320;-92.447960
12083324;-92.327744
12085321;-92.206596
12087353;-92.084564
12089324;-91.961601
12091318;-91.837738
12093323;-91.712967
12095323;-91.587296
12097321;-91.460732
12099357;-91.333237
12101342;-91.204865
12103335;-91.075569
12105341;-90.945396
12107347;-90.814331
12109362;-90.682343
12111327;-90.549484
12113324;-90.415703
12115323;-90.281067
12117322;-90.145508
12119318;-90.009079
12121355;-89.871780
12123321;-89.733559
12125318;-89.594475
12127318;-89.454475
12129327;-89.313622
12131320;-89.171890
12133364;-89.029243
12135345;-88.885750
12137344;-88.741356
12139344;-88.596107
12141341;-88.449959
12143355;-88.302971
12145327;-88.155106
12147318;-88.006340
12149324;-87.856735
12151317;-87.706238
12153330;-87.554901
12155358;-87.402702
12157344;-87.249611
12159341;-87.095680
12161337;-86.940872
12163337;-86.785233
12165356;-86.628708
12167327;-86.471352
12169320;-86.313148
12171320;-86.154060
12173323;-85.994148
12175318;-85.833374
12177361;-85.671761
12179345;-85.509315
12181342;-85.345993
12183341;-85.181847
12185338;-85.016846
12187359;-84.851036
12189328;-84.684349
12191323;-84.516861
12193323;-84.348534
12195326;-84.179352
12197323;-84.009369
12199361;-83.838524
12201343;-83.666878
12203339;-83.494408
12205341;-83.321091
12207344;-83.146973
12209357;-82.972008
12211322;-82.796249
12213317;-82.619652
12215319;-82.442261
12217323;-82.264069
12219318;-82.085022
12221358;-81.905197
12223342;-81.724533
12225342;-81.543098
12227338;-81.360855
12229340;-81.177811
12231362;-80.993965
12233323;-80.809288
12235325;-80.623840
12237324;-80.437599
12239324;-80.250534
12241431;-80.062714
12243347;-79.874077
12245345;-79.684669
12247345;-79.494446
12249336;-79.303474
12251343;-79.111710
12253348;-78.919151
12255321;-78.725830
12257327;-78.531708
12259313;-78.336838
12261317;-78.141197
12263362;-77.944756
12265323;-77.747574
12267323;-77.549591
12269319;-77.350876
12271318;-77.151367
12273316;-76.951126
12275362;-76.750122
12277347;-76.548340
12279336;-76.345825
12281335;-76.142525
12283338;-75.938507
12285360;-75.733742
12287323;-75.528191
12289322;-75.321938
12291325;-75.114906
12293317;-74.907158
12295319;-74.698639
12297359;-74.489418
12299345;-74.279465
12301341;-74.068741
12303339;-73.857323
12305338;-73.645142
12307364;-73.432266
12309321;-73.218666
12311322;-73.004303
12313318;-72.789261
12315321;-72.573471
12317317;-72.356987
12319358;-72.139763
12321339;-71.921860
12323342;-71.703247
12325342;-71.483887
12327341;-71.263863
12329362;-71.043098
12331321;-70.821671
12333323;-70.599533
12335320;-70.376678
12337320;-70.153191
12339318;-69.928940
12341344;-69.704033
12343322;-69.478439
12345326;-69.252129
12347323;-69.025169
12349322;-68.797493
12351405;-68.569168
12353343;-68.340134
12355341;-68.110466
12357342;-67.880119
12359340;-67.649063
12361339;-67.417389
12363354;-67.185005
12365338;-66.951988
12367347;-66.718323
12369342;-66.483955
12371338;-66.248970
12373359;-66.013298
12375320;-65.777000
12377317;-65.540024
12379322;-65.302437
12381322;-65.064201
12383322;-64.825294
12385359;-64.585785
12387352;-64.345589
12389342;-64.104805
12391340;-63.863392
12393335;-63.621307
12395359;-63.378628
12397325;-63.135292
12399324;-62.891365
12401319;-62.646778
12403320;-62.401615
12405320;-62.155830
12407356;-61.909401
12409337;-61.662399
12411339;-61.414749
12413346;-61.166527
12415345;-60.917706
12417362;-60.668243
12419323;-60.418217
12421322;-60.167564
12423316;-59.916348
12425325;-59.664505
12427404;-59.412109
12429346;-59.159134
12431340;-58.905529
12433338;-58.651386
12435341;-58.396626
12437343;-58.141327
12439358;-57.885448
12441345;-57.628967
12443341;-57.371990
12445337;-57.114376
12447344;-56.856228
12449354;-56.597485
12451320;-56.338223
12453319;-56.078403
12455323;-55.817993
12457325;-55.557068
12459321;-55.295555
12461341;-55.033539
12463321;-54.770977
12465325;-54.507839
12467317;-54.244198
12469319;-53.979980
12471411;-53.715279
12473342;-53.450001
12475338;-53.184235
12477346;-52.917946
12479343;-52.651096
12481334;-52.383762
12483358;-52.115868
12485323;-51.847504
12487319;-51.578636
12489318;-51.309212
12491322;-51.039322
12493514;-50.768887
12495350;-50.497990
12497342;-50.226559
12499341;-49.954666
12501342;-49.682285
12503341;-49.409370
12505358;-49.136013
12507323;-48.862125
12509327;-48.587799
12511318;-48.312996
12513317;-48.037670
12515361;-47.761909
12517320;-47.623856
12519320;-47.208942
12521322;-46.931778
12523321;-46.654110
12525321;-46.376026
12527361;-46.097439
12529347;-45.818439
12531336;-45.538944
12533335;-45.259045
12535342;-44.978695
12537357;-44.697865
12539327;-44.416630
12541317;-44.134918
12543322;-43.852810
12545321;-43.570271
12547326;-43.287258
12549360;-43.003864
12551345;-42.720039
12553344;-42.435799
12555342;-42.151093
12557340;-41.866016
12559359;-41.580528
12561326;-41.294582
12563316;-41.008274
12565315;-40.721519
12567326;-40.434402
12569364;-40.146889
12571324;-39.858932
12573320;-39.570629
12575325;-39.281891
12577321;-38.992809
12579323;-38.703300
12581360;-38.413452
12583341;-38.123226
12585341;-37.832577
12587345;-37.541599
12589342;-37.250210
12591355;-37.104397
12593319;-36.666412
12595322;-36.373924
12597322;-36.081123
12599319;-35.787922
12601413;-35.494415
12603349;-35.200508
12605338;-34.906300
12607346;-34.611748
12609344;-34.316807
12611340;-34.021576
12613358;-33.725964
12615345;-33.430061
12617345;-33.133827
12619341;-32.837227
12621343;-32.540344
12623364;-32.243095
12625319;-31.945574
12627320;-31.647692
12629319;-31.349543
12631318;-31.051085
12633318;-30.752274
12635358;-30.453205
12637345;-30.153790
12639342;-29.854124
12641342;-29.554165
12643339;-29.253864
12645359;-28.953323
12647323;-28.652451
12649323;-28.351339
12651320;-28.049904
12653324;-27.748236
12655507;-27.446297
12657349;-27.144039
12659337;-26.841604
12661341;-26.538816
12663343;-26.235809
12665339;-25.932545
12667348;-25.628975
12669325;-25.325203
12671321;-25.021133
12673322;-24.716862
12675321;-24.412348
12677361;-24.107544
12679323;-23.802551
12681321;-23.497276
12683319;-23.191816
12685322;-22.886080
12687321;-22.580164
12689357;-22.274027
12691343;-21.967623
12693341;-21.661047
12695341;-21.354214
12697344;-21.047215
12699357;-20.740007
12701325;-20.432549
12703326;-20.124935
12705323;-19.817076
12707322;-19.509069
12709319;-19.200823
12711358;-18.892433
12713344;-18.583858
12715340;-18.275051
12717340;-17.966110
12719343;-17.656948
12721345;-17.347656
12723323;-17.038193
12725320;-16.728516
12727322;-16.418720
12729326;-16.108715
12731348;-15.798600
12733318;-15.488279
12735320;-15.177855
12737316;-14.867279
12739314;-14.556509
12741411;-14.245645
12743345;-13.934591
12745344;-13.623447
12747336;-13.312168
12749341;-13.000711
12751342;-12.689175
12753359;-12.377464
12755346;-12.065679
12757344;-11.753728
12759342;-11.441707
12761337;-11.129574
12763362;-10.817284
12765323;-10.504933
12767321;-10.192480
12769323;-9.879926
12771321;-9.567274
12773418;-9.254481
12775347;-8.941644
12777346;-8.628671
12779338;-8.315660
12781343;-8.002520
12783343;-7.689348
12785361;-7.376100
12787349;-7.062732
12789341;-6.749341
12791339;-6.435838
12793341;-6.122317
12795359;-5.808736
12797323;-5.495050
12799323;-5.181358
12801316;-4.867567
12803326;-4.553775
12805319;-4.239939
12807363;-3.926013
12809346;-3.612096
12811342;-3.298096
12813339;-2.984111
12815338;-2.670048
12817417;-2.356008
12819350;-2.041943
12821341;-1.727811
12823344;-1.413710
12825341;-1.099547
12827345;-0.785421
12829345;-0.471287
12831322;-0.157100
12833323;0.157080
12835316;0.471237
12837325;0.785390
12839362;1.099535
12841321;1.413669
12843323;1.727790
12845319;2.041893
12847318;2.355976
12849325;2.670036
12851357;2.984070
12853347;3.298074
12855343;3.612046
12857342;3.925981
12859341;4.239879
12861353;4.553734
12863328;4.867544
12865320;5.181307
12867319;5.495018
12869318;5.808674
12871319;6.122274
12873360;6.435814
12875340;6.749289
12877343;7.062697
12879341;7.376038
12881337;7.689305
12883357;8.002495
12885325;8.315607
12887321;8.628635
12889318;8.941581
12891324;9.254436
12893362;9.567202
12895325;9.879873
12897321;10.192444
12899320;10.504917
12901324;10.817286
12903323;11.129548
12905361;11.441700
12907344;11.753738
12909340;12.065662
12911339;12.377467
12913338;12.689150
12915360;13.000705
12917323;13.312133
12919319;13.623430
12921323;13.934594
12923322;14.245617
12925322;14.556500
12927357;14.867243
12929342;15.177837
12931343;15.488280
12933342;15.798573
12935340;16.108707
12937361;16.418684
12939324;16.728498
12941317;17.038149
12943317;17.347628
12945319;17.656937
12947503;17.966076
12949348;18.275032
12951342;18.583811
12953344;18.892406
12955339;19.200811
12957341;19.509031
12959359;19.817057
12961325;20.124889
12963320;20.432520
12965318;20.739950
12967326;21.047176
12969353;21.354193
12971327;21.660999
12973322;21.967592
12975319;22.273970
12977320;22.580126
12979325;22.886059
12981357;23.191769
12983342;23.497246
12985342;23.802494
12987346;24.107506
12989338;24.412279
12991353;24.716812
12993319;25.021099
12995321;25.325144
12997317;25.628939
12999319;25.932476
13001317;26.235760
13003362;26.538784
13005349;26.841545
13007343;27.144045
13009337;27.446274
13011342;27.748230
13013359;28.049919
13015323;28.351324
13017328;28.652456
13019322;28.953299
13021319;29.253859
13023324;29.554132
13025358;29.854111
13027342;30.153793
13029343;30.453184
13031339;30.752268
13033338;31.051052
13035358;31.349527
13037321;31.647697
13039322;31.945551
13041325;32.243092
13043320;32.540310
13045318;32.837208
13047350;33.133785
13049315;33.430038
13051321;33.725952
13053319;34.021542
13055325;34.316792
13057357;34.611706
13059320;34.906273
13061321;35.200500
13063315;35.494377
13065318;35.787907
13067325;36.081081
13069356;36.373901
13071348;36.666363
13073339;36.958458
13075337;37.250191
13077342;37.541557
13079358;37.832550
13081323;38.123173
13083320;38.413418
13085318;38.703281
13087325;38.992767
13089322;39.281864
13091364;39.570580
13093344;39.858898
13095342;40.146824
13097345;40.434357
13099337;40.721493
13101362;41.008221
13103327;41.294548
13105322;41.580467
13107318;41.865971
13109324;42.151066
13111318;42.435749
13113362;42.720005
13115346;43.003841
13117347;43.287258
13119339;43.570240
13121340;43.852798
13123356;44.134922
13125322;44.416611
13127321;44.697861
13129322;44.978668
13131328;45.259033
13133532;45.538948
13135346;45.818417
13137348;46.097435
13139343;46.375996
13141341;46.654099
13143335;46.931744
13145357;47.208927
13147325;47.485634
13149322;47.761883
13151329;48.037659
13153320;48.312958
13155326;48.587780
13157360;48.862122
13159346;49.135986
13161339;49.409363
13163336;49.682243
13165342;49.954647
13167365;50.226551
13169323;50.497963
13171321;50.768871
13173324;51.039284
13175325;51.309193
13177326;51.578583
13179359;51.847477
13181341;52.115856
13183340;52.383720
13185340;52.651070
13187342;52.917896
13189353;53.184204
13191325;53.449982
13193318;53.715237
13195323;53.979958
13197320;54.244156
13199320;54.507809
13201354;54.770924
13203341;55.033501
13205341;55.295532
13207347;55.557018
13209345;55.817963
13211362;56.078350
13213325;56.338184
13215324;56.597466
13217321;56.856178
13219319;57.114338
13221411;57.371937
13223338;57.628967
13225339;57.885426
13227342;58.141319
13229337;58.396633
13231335;58.651371
13233364;58.905529
13235320;59.159111
13237320;59.412106
13239314;59.664516
13241315;59.916336
13243531;60.167557
13245345;60.418190
13247340;60.668228
13249335;60.917671
13251340;61.166508
13253343;61.414749
13255357;61.662376
13257322;61.909389
13259324;62.155800
13261320;62.401592
13263321;62.646778
13265319;62.891342
13267363;63.135277
13269350;63.378597
13271344;63.621284
13273341;63.863350
13275342;64.104782
13277360;64.345589
13279336;64.585754
13281326;64.825279
13283321;65.064171
13285317;65.302414
13287323;65.540009
13289360;65.776978
13291340;66.013275
13293342;66.248932
13295338;66.483932
13297345;66.718277
13299445;66.951958
13301347;67.184982
13303340;67.417351
13305338;67.649040
13307343;67.880074
13309338;68.110428
13311361;68.340118
13313348;68.569130
13315340;68.797462
13317343;69.025124
13319342;69.252098
13321362;69.478394
13323329;69.703995
13325325;69.928909
13327321;70.153137
13329326;70.376678
13331520;70.599518
13333347;70.821655
13335339;71.043106
13337344;71.263847
13339345;71.483887
13341336;71.593643
13343348;71.921852
13345323;72.139778
13347319;72.356972
13349319;72.573471
13351317;72.789238
13353358;73.004303
13355326;73.218636
13357322;73.432251
13359319;73.645142
13361321;73.857300
13363324;74.068741
13365365;74.279442
13367345;74.489403
13369345;74.698639
13371336;74.907135
13373341;75.114891
13375356;75.321915
13377348;75.528183
13379337;75.733711
13381340;75.938484
13383341;76.142517
13385426;76.345795
13387342;76.548325
13389342;76.750092
13391343;76.951103
13393340;77.151352
13395338;77.350845
13397346;77.549568
13399327;77.747536
13401322;77.944733
13403324;78.141159
13405321;78.336807
13407411;78.531693
13409344;78.725800
13411341;78.919128
13413340;79.111679
13415340;79.303452
13417347;79.494438
13419347;79.684631
13421324;79.874054
13423316;80.062675
13425319;80.250511
13427326;80.437561
13429318;80.623810
13431359;80.809273
13433344;80.993927
13435339;81.177780
13437346;81.360840
13439336;81.543091
13441354;81.724548
13443319;81.905190
13445324;82.085022
13447326;82.264038
13449319;82.442261
13451355;82.619659
13453326;82.796242
13455320;82.972015
13457325;83.146957
13459324;83.321083
13461323;83.494392
13463360;83.666870
13465342;83.838524
13467345;84.009354
13469342;84.179352
13471342;84.348526
13473362;84.516853
13475340;84.684349
13477345;84.851013
13479341;85.016846
13481340;85.181831
13483361;85.345985
13485321;85.509285
13487316;85.671745
13489312;85.833366
13491315;85.994133
13493373;86.154045
13495354;86.313118
13497343;86.471336
13499334;86.628700
13501345;86.785210
13503341;86.940865
13505352;87.095657
13507328;87.249596
13509317;87.402672
13511318;87.554886
13513325;87.706230
13515325;87.856712
13517360;88.006325
13519343;88.155075
13521343;88.302948
13523343;88.449944
13525343;88.596085
13527355;88.741341
13529324;88.885719
13531325;89.029221
13533321;89.171852
13535318;89.313599
13537524;89.454460
13539349;89.594444
13541345;89.733536
13543343;89.871750
13545336;90.009079
13547344;90.145508
13549358;90.281052
13551318;90.415710
13553320;90.549469
13555323;90.682343
13557324;90.814316
13559323;90.945389
13561354;91.075569
13563339;91.204857
13565338;91.333237
13567343;91.460716
13569338;91.587296
13571362;91.712967
13573314;91.837730
13575320;91.961594
13577323;92.084541
13579318;92.206589
13581359;92.327728
13583320;92.447952
13585322;92.567261
13587319;92.685661
13589321;92.803139
13591320;92.919708
13593351;93.035355
13595322;93.150093
13597317;93.263908
13599323;93.376793
13601318;93.488762
13603357;93.599808
13605316;93.709930
13607322;93.819130
13609324;93.927406
13611322;94.034752
13613319;94.141167
13615360;94.246658
13617345;94.351212
13619339;94.454842
13621337;94.557541
13623339;94.659302
13625361;94.760132
13627325;94.860016
13629322;94.958969
13631321;95.056992
13633324;95.154076
13635326;95.250214
13637362;95.345421
13639341;95.439682
13641339;95.532997
13643337;95.625374
13645342;95.716805
13647365;95.807289
13649322;95.896835
13651318;95.985428
13653320;96.073074
13655321;96.159775
13657327;96.245529
13659357;96.330322
13661341;96.414169
13663348;96.497070
13665340;96.579018
13667341;96.660011
13669362;96.740051
13671319;96.819130
13673328;96.897263
13675319;96.974442
13677321;97.050652
13679317;97.125908
13681359;97.200203
13683345;97.273544
13685337;97.345917
13687343;97.417343
13689338;97.487793
13691365;97.557297
13693324;97.625824
13695324;97.693390
13697324;97.759995
13699321;97.825638
13701321;97.890305
13703359;97.954018
13705345;98.016754
13707341;98.078529
13709343;98.139336
13711336;98.199173
13713360;98.258034
13715327;98.315933
13717315;98.372864
13719320;98.428818
13721319;98.483810
13723320;98.537819
13725357;98.590858
13727344;98.642929
13729340;98.694023
13731338;98.744141
13733342;98.793289
13735358;98.841454
13737327;98.888649
13739319;98.934868
13741317;98.980110
13743318;99.024376
13745321;99.067665
13747359;99.109970
13749345;99.151306
13751337;99.191658
13753339;99.231033
13755340;99.269432
13757350;99.306847
13759325;99.343285
13761322;99.378738
13763318;99.413208
13765318;99.446701
13767357;99.479218
13769325;99.510742
13771318;99.541290
13773320;99.570862
13775318;99.599442
13777318;99.627037
13779360;99.653656
13781351;99.679283
13783341;99.703934
13785337;99.727600
13787346;99.750282
13789361;99.771973
13791333;99.792686
13793319;99.812408
13795321;99.831154
13797322;99.848907
13799318;99.865685
13801364;99.881462
13803342;99.896263
13805336;99.910072
13807345;99.922905
13809341;99.934746
13811359;99.945602
13813322;99.955467
13815320;99.964348
13817320;99.972244
13819319;99.979149
13821318;99.985077
13823363;99.990005
13825345;99.993958
13827343;99.996918
13829340;99.998894
13831337;99.999878
13833359;99.999878
13835322;99.998894
13837321;99.996918
13839323;99.993958
13841321;99.990005
13843324;99.985077
13845360;99.979149
13847344;99.972244
13849343;99.964348
13851338;99.955467
13853340;99.945602
13855360;99.934746
13857325;99.922905
13859321;99.910072
13861319;99.896263
13863320;99.881462
13865321;99.865685
13867356;99.848907
13869343;99.831154
13871344;99.812408
13873335;99.792686
13875334;99.771973
13877351;99.750282
13879324;99.727600
13881324;99.703941
13883323;99.679283
13885315;99.653656
13887363;99.627037
13889319;99.599442
13891318;99.570862
13893325;99.541298
13895319;99.510750
13897400;99.479218
13899344;99.446701
13901342;99.413208
13903340;99.378738
13905335;99.343285
13907347;99.306847
13909363;99.269432
13911342;99.231033
13913341;99.191666
13915344;99.151306
13917339;99.109978
13919359;99.067673
13921319;99.024376
13923323;98.980110
13925321;98.934868
13927323;98.888657
13929320;98.841461
13931347;98.793289
13933319;98.744141
13935319;98.694023
13937324;98.642929
13939320;98.590866
13941421;98.537819
13943344;98.483810
13945345;98.428818
13947343;98.372864
13949341;98.315941
13951338;98.258041
13953355;98.199173
13955324;98.139343
13957320;98.078529
13959316;98.016754
13961317;97.954018
13963359;97.890312
13965325;97.825638
13967325;97.759995
13969328;97.693398
13971317;97.625824
13973322;97.557297
13975358;97.487801
13977344;97.417343
13979337;97.345932
13981336;97.273544
13983339;97.200211
13985357;97.125916
13987343;97.050652
13989341;96.974442
13991336;96.897270
13993336;96.819138
13995354;96.740051
13997325;96.660019
13999320;96.579018
14001323;96.497078
14003328;96.414177
14005316;96.330330
14007365;96.245529
14009340;96.159782
14011341;96.073082
14013338;95.985428
14015342;95.896843
14017358;95.807297
14019328;95.716812
14021320;95.625374
14023324;95.533005
14025317;95.439682
14027321;95.345428
14029359;95.250221
14031343;95.154076
14033341;95.057007
14035337;94.958984
14037341;94.860031
14039359;94.760132
14041325;94.659302
14043323;94.557549
14045319;94.454849
14047319;94.351219
14049319;94.246666
14051357;94.141174
14053342;94.034752
14055342;93.927414
14057351;93.819138
14059339;93.709938
14061361;93.599823
14063321;93.488770
14065323;93.376801
14067323;93.263916
14069318;93.150101
14071317;93.035362
14073357;92.919716
14075344;92.803146
14077343;92.685661
14079342;92.567268
14081341;92.447952
14083360;92.327728
14085330;92.206596
14087321;92.084557
14089323;91.961601
14091318;91.899780
14093314;91.712967
14095360;91.587296
14097342;91.460724
14099341;91.333237
14101340;91.204857
14103342;91.075584
14105357;90.945396
14107321;90.814323
14109319;90.682343
14111319;90.549477
14113318;90.415726
14115317;90.281067
14117361;90.145515
14119346;90.009079
14121344;89.871750
14123339;89.733551
14125340;89.594452
14127365;89.454468
14129320;89.313599
14131323;89.171860
14133320;89.029228
14135320;88.885727
14137358;88.741348
14139326;88.596085
14141323;88.449951
14143320;88.302948
14145324;88.155067
14147325;88.006332
14149359;87.856712
14151319;87.706230
14153324;87.554893
14155321;87.402679
14157318;87.249603
14159323;87.095680
14161359;86.940880
14163343;86.785217
14165341;86.628708
14167345;86.471344
14169340;86.313126
14171438;86.154068
14173349;85.994141
14175345;85.833374
14177348;85.671753
14179345;85.509285
14181335;85.345985
14183355;85.181847
14185346;85.016853
14187341;84.851021
14189340;84.684357
14191339;84.516853
14193423;84.348511
14195345;84.179352
14197345;84.009354
14199343;83.838524
14201336;83.666870
14203341;83.494385
14205362;83.321075
14207320;83.146980
14209318;82.972023
14211318;82.796249
14213322;82.619667
14215324;82.442268
14217361;82.264053
14219345;82.085037
14221342;81.905197
14223336;81.724556
14225341;81.543098
14227359;81.360847
14229321;81.177780
14231319;80.993942
14233323;80.809280
14235318;80.623817
14237442;80.437561
14239346;80.250511
14241339;80.062675
14243345;79.874062
14245341;79.684647
14247343;79.494438
14249354;79.303452
14251321;79.111679
14253327;78.919128
14255317;78.725800
14257320;78.531693
14259432;78.336807
14261347;78.141167
14263334;77.944740
14265342;77.747559
14267340;77.549591
14269335;77.350861
14271359;77.151367
14273345;76.951111
14275335;76.750099
14277342;76.548340
14279342;76.345810
14281357;76.142532
14283326;75.938499
14285319;75.733719
14287324;75.528183
14289319;75.321922
14291530;75.114906
14293348;74.907150
14295337;74.698647
14297342;74.489410
14299343;74.279442
14301342;74.068748
14303363;73.857307
14305320;73.645142
14307320;73.432251
14309322;73.218636
14311318;73.004295
14313318;72.789253
14315360;72.573486
14317343;72.356995
14319341;72.139786
14321342;71.921860
14323342;71.703232
14325353;71.483910
14327323;71.263863
14329321;71.043121
14331317;70.821671
14333317;70.599525
14335324;70.376678
14337360;70.153160
14339344;69.928932
14341341;69.704010
14343338;69.478401
14345338;69.252106
14347347;69.025124
14349321;68.797478
14351316;68.569145
14353321;68.340126
14355325;68.110435
14357362;67.880074
14359326;67.649040
14361321;67.417358
14363319;67.184998
14365322;66.951965
14367320;66.718277
14369356;66.483948
14371344;66.248940
14373338;66.013298
14375341;65.776993
14377344;65.540031
14379356;65.302429
14381324;65.064178
14383321;64.825287
14385320;64.585777
14387327;64.345604
14389327;64.104805
14391355;63.863361
14393342;63.621296
14395341;63.378597
14397344;63.135296
14399342;62.891354
14401357;62.646790
14403323;62.401604
14405320;62.155807
14407321;61.909397
14409319;61.662388
14411322;61.414753
14413360;61.166519
14415344;60.917675
14417346;60.668228
14419341;60.418213
14421342;60.167568
14423351;59.916359
14425323;59.664536
14427323;59.412121
14429325;59.159122
14431318;58.905560
14433322;58.651394
14435357;58.396656
14437347;58.141335
14439341;57.885437
14441336;57.628979
14443337;57.371964
14445361;57.114365
14447327;56.856201
14449321;56.597477
14451323;56.338192
14453317;56.078358
14455320;55.817978
14457360;55.557037
14459339;55.295544
14461343;55.033512
14463340;54.770927
14465345;54.507809
14467364;54.244167
14469323;53.979977
14471320;53.715248
14473318;53.449989
14475324;53.184204
14477326;52.917915
14479359;52.651100
14481344;52.383751
14483340;52.115883
14485341;51.847500
14487341;51.578606
14489363;51.309196
14491325;51.039307
14493319;50.768894
14495320;50.497978
14497323;50.226570
14499317;49.954655
14501357;49.682255
14503348;49.409382
14505345;49.136005
14507348;48.862137
14509338;48.587791
14511425;48.312962
14513347;48.037659
14515335;47.761898
14517340;47.485649
14519342;47.347336
14521342;46.931747
14523359;46.654099
14525343;46.375992
14527342;46.097446
14529339;45.818428
14531340;45.538975
14533362;45.259052
14535326;44.978683
14537323;44.697872
14539322;44.416637
14541319;44.134945
14543322;43.852818
14545355;43.570255
14547343;43.287266
14549343;43.003849
14551337;42.720028
14553339;42.435760
14555353;42.151081
14557323;41.865982
14559316;41.580467
14561319;41.294567
14563317;41.008240
14565320;40.721504
14567362;40.434368
14569345;40.146832
14571341;39.858898
14573339;39.570599
14575338;39.281879
14577363;38.992775
14579324;38.703285
14581321;38.413418
14583325;38.123165
14585318;37.832584
14587318;37.541588
14589354;37.250214
14591347;36.958477
14593344;36.666374
14595338;36.373913
14597347;36.081112
14599533;35.787930
14601348;35.494400
14603337;35.200516
14605343;34.906284
14607344;34.611710
14609341;34.316818
14611359;34.021561
14613325;33.725971
14615324;33.430046
14617323;33.133793
14619324;32.837212
14621379;32.540329
14623357;32.243107
14625344;31.945559
14627344;31.647699
14629340;31.349527
14631345;31.051048
14633361;30.752283
14635316;30.453190
14637323;30.153799
14639318;29.854134
14641315;29.554150
14643372;29.253874
14645360;28.953331
14647342;28.652481
14649343;28.351349
14651342;28.049934
14653346;27.748245
14655355;27.446281
14657325;27.144072
14659315;26.841568
14661319;26.538801
14663322;26.235771
14665371;25.932482
14667360;25.628939
14669341;25.325165
14671343;25.021118
14673340;24.716824
14675341;24.412287
14677362;24.107508
14679342;23.802490
14681336;23.497261
14683336;23.191778
14685338;22.886066
14687360;22.580128
14689325;22.273966
14691323;21.967585
14693322;21.661034
14695325;21.354221
14697382;21.047199
14699358;20.739969
14701345;20.432533
14703335;20.124922
14705336;19.817085
14707348;19.509054
14709358;19.200832
14711327;18.892418
14713322;18.583818
14715322;18.275061
14717322;17.966097
14719318;17.656956
14721360;17.347641
14723345;17.038157
14725343;16.728500
14727342;16.418705
14729341;16.108725
14731352;15.798585
14733321;15.488288
14735320;15.177840
14737323;14.867240
14739322;14.556519
14741413;14.245629
14743346;13.934599
14745341;13.623433
14747342;13.312154
14749336;13.000721
14751340;12.689183
14753354;12.377496
14755324;12.065687
14757325;11.753759
14759320;11.441715
14761318;11.129559
14763363;10.817315
14765327;10.504942
14767319;10.192464
14769323;9.879887
14771321;9.567211
14773320;9.254441
14775358;8.941605
14777350;8.628655
14779342;8.315620
14781338;8.002504
14783339;7.689308
14785360;7.376037
14787320;7.062716
14789326;6.749302
14791321;6.435822
14793320;6.122278
14795326;5.808673
14797361;5.495012
14799338;5.181319
14801340;4.867576
14803342;4.553761
14805340;4.239901
14807366;3.925998
14809327;3.612057
14811321;3.298105
14813324;2.984096
14815324;2.670057
14817323;2.355993
14819359;2.041904
14821344;1.727796
14823341;1.413695
14825341;1.099556
14827342;0.785405
14829360;0.471248
14831342;0.157085
14833340;-0.157079
14835340;-0.471218
14837341;-0.785375
14839359;-1.099525
14841325;-1.256585
14843320;-1.727790
14845325;-2.041898
14847326;-2.355963
14849321;-2.670027
14851360;-2.984066
14853344;-3.298074
14855341;-3.612027
14857346;-3.925944
14859338;-4.239846
14861359;-4.553706
14863318;-4.867522
14865318;-5.181289
14867327;-5.495005
14869316;-5.808643
14871317;-6.122248
14873359;-6.435792
14875342;-6.749272
14877347;-7.062686
14879340;-7.376031
14881338;-7.689279
14883363;-8.002474
14885326;-8.315591
14887320;-8.628626
14889321;-8.941574
14891322;-9.254436
14893324;-9.567182
14895362;-9.879857
14897346;-10.192435
14899343;-10.504911
14901342;-10.817286
14903346;-11.129552
14905359;-11.441686
14907317;-11.753706
14909313;-12.065634
14911317;-12.377443
14913324;-12.689130
14915320;-13.000690
14917361;-13.312101
14919343;-13.623403
14921339;-13.934570
14923336;-14.245600
14925338;-14.556490
14927533;-14.867234
14929347;-15.177811
14931339;-15.488259
14933346;-15.798555
14935345;-16.108694
14937347;-16.418676
14939359;-16.728497
14941340;-17.038126
14943340;-17.347612
14945339;-17.656927
14947344;-17.966068
14949366;-18.275030
14951317;-18.583813
14953322;-18.892389
14955322;-19.200802
14957322;-19.509026
14959317;-19.817057
14961358;-20.124868
14963341;-20.432505
14965342;-20.739916
14967337;-21.047146
14969339;-21.354168
14971356;-21.660980
14973321;-21.967579
14975326;-22.273960
14977323;-22.580097
14979319;-22.886036
14981321;-23.191748
14983357;-23.497232
14985343;-23.802485
14987344;-24.107500
14989338;-24.412256
14991337;-24.716795
14993355;-25.021088
14995320;-25.325138
14997320;-25.628933
14999320;-25.932476
15001321;-26.235741
15003317;-26.538771
15005357;-26.841539
15007345;-27.144041
15009343;-27.446276
15011338;-27.748240
15013342;-28.049908
15015363;-28.351297
15017323;-28.652430
15019318;-28.953281
15021315;-29.253843
15023317;-29.554098
15025318;-29.854084
15027365;-30.153772
15029345;-30.453163
15031336;-30.752254
15033334;-31.051043
15035339;-31.349501
15037361;-31.647673
15039327;-31.945532
15041325;-32.243076
15043320;-32.540302
15045323;-32.837208
15047319;-33.133766
15049362;-33.430019
15051343;-33.725945
15053333;-34.021534
15055340;-34.316792
15057343;-34.611706
15059356;-34.906258
15061319;-35.200489
15063322;-35.494373
15065315;-35.787903
15067323;-36.081081
15069322;-36.373882
15071358;-36.666325
15073344;-36.958427
15075334;-37.250168
15077342;-37.541534
15079341;-37.832535
15081351;-38.123161
15083328;-38.413387
15085324;-38.703259
15087321;-38.992748
15089321;-39.281853
15091382;-39.570568
15093354;-39.858894
15095343;-40.146805
15097347;-40.434341
15099341;-40.721478
15101340;-41.008209
15103361;-41.294540
15105323;-41.580467
15107319;-41.865955
15109328;-42.151054
15111319;-42.435734
15113320;-42.720001
15115358;-43.003841
15117347;-43.287262
15119339;-43.570229
15121338;-43.852791
15123342;-44.134895
15125358;-44.416592
15127325;-44.697845
15129321;-44.978657
15131328;-45.259007
15133324;-45.538925
15135322;-45.818401
15137359;-46.097420
15139340;-46.375988
15141341;-46.654095
15143343;-46.931721
15145341;-47.208904
15147356;-47.485622
15149321;-47.761871
15151322;-48.037647
15153320;-48.312950
15155324;-48.587757
15157317;-48.862106
15159360;-49.135971
15161343;-49.409351
15163337;-49.682243
15165339;-49.954624
15167340;-50.226532
15169370;-50.497948
15171325;-50.768864
15173324;-51.039280
15175317;-51.309193
15177326;-51.578552
15179316;-51.847446
15181359;-52.115829
15183343;-52.383698
15185340;-52.651054
15187339;-52.917885
15189339;-53.184174
15191352;-53.449959
15193326;-53.715218
15195318;-53.979946
15197321;-54.244137
15199318;-54.507797
15201377;-54.770897
15203360;-55.033482
15205340;-55.295517
15207343;-55.557007
15209341;-55.817951
15211338;-56.078346
15213361;-56.338161
15215322;-56.597446
15217317;-56.856174
15219318;-57.114334
15221315;-57.371933
15223375;-57.628967
15225359;-57.885414
15227348;-58.141304
15229342;-58.396626
15231341;-58.651344
15233342;-58.905514
15235362;-59.159096
15237351;-59.412075
15239344;-59.664490
15241343;-59.916313
15243339;-60.167545
15245355;-60.418182
15247323;-60.668224
15249321;-60.917645
15251325;-61.166489
15253316;-61.414730
15255322;-61.662357
15257359;-61.909382
15259337;-62.155796
15261339;-62.401573
15263344;-62.646759
15265338;-62.891323
15267351;-63.135265
15269327;-63.378590
15271320;-63.621284
15273320;-63.863338
15275319;-64.104774
15277426;-64.345573
15279349;-64.585747
15281342;-64.825279
15283342;-65.064171
15285335;-65.302383
15287343;-65.539993
15289360;-65.776947
15291347;-66.013260
15293339;-66.248917
15295340;-66.483917
15297345;-66.718254
15299358;-66.951942
15301317;-67.184967
15303319;-67.417336
15305320;-67.649033
15307328;-67.880043
15309321;-68.110413
15311362;-68.340096
15313345;-68.569115
15315343;-68.797455
15317344;-69.025116
15319345;-69.252083
15321358;-69.478378
15323321;-69.703987
15325313;-69.928902
15327320;-70.153137
15329315;-70.376678
15331322;-70.599503
15333357;-70.821648
15335339;-71.043098
15337344;-71.263847
15339338;-71.483871
15341334;-71.703209
15343357;-71.921829
15345321;-72.139755
15347321;-72.356949
15349318;-72.573456
15351319;-72.789230
15353322;-73.004295
15355357;-73.218613
15357350;-73.432228
15359344;-73.645126
15361341;-73.857292
15363339;-74.068726
15365360;-74.279434
15367326;-74.489388
15369319;-74.698624
15371320;-74.907127
15373320;-75.114883
15375324;-75.321899
15377362;-75.528183
15379345;-75.733711
15381338;-75.938477
15383340;-76.142525
15385338;-76.345787
15387357;-76.548302
15389320;-76.750092
15391318;-76.951096
15393324;-77.151337
15395327;-77.350845
15397323;-77.549561
15399358;-77.747513
15401345;-77.944717
15403344;-78.141136
15405340;-78.336807
15407343;-78.531677
15409362;-78.725777
15411327;-78.919121
15413322;-79.111656
15415319;-79.303444
15417317;-79.494415
15419321;-79.684639
15421361;-79.874046
15423339;-80.062660
15425338;-80.250511
15427349;-80.437546
15429344;-80.623817
15431364;-80.809258
15433343;-80.993912
15435337;-81.177780
15437344;-81.360832
15439339;-81.543098
15441355;-81.724533
15443322;-81.905197
15445323;-82.085022
15447323;-82.264038
15449326;-82.442261
15451323;-82.619652
15453365;-82.796249
15455339;-82.972008
15457346;-83.146942
15459338;-83.321091
15461337;-83.494377
15463358;-83.666878
15465323;-83.838524
15467326;-84.009369
15469319;-84.179352
15471321;-84.348511
15473319;-84.516838
15475365;-84.684326
15477342;-84.851006
15479338;-85.016823
15481338;-85.181801
15483340;-85.345963
15485354;-85.509262
15487325;-85.671738
15489322;-85.833344
15491320;-85.994102
15493320;-86.154037
15495358;-86.313095
15497324;-86.471329
15499322;-86.628685
15501317;-86.785210
15503321;-86.940849
15505320;-87.095634
15507352;-87.249588
15509323;-87.402657
15511317;-87.554878
15513317;-87.706215
15515316;-87.856689
15517455;-88.006317
15519348;-88.155052
15521337;-88.302948
15523333;-88.449944
15525344;-88.596085
15527342;-88.741333
15529356;-88.885704
15531319;-89.029221
15533318;-89.171837
15535326;-89.313599
15537323;-89.454453
15539359;-89.594421
15541322;-89.733536
15543319;-89.871742
15545320;-90.009079
15547321;-90.145508
15549319;-90.281067
15551361;-90.415703
15553346;-90.549461
15555338;-90.682343
15557342;-90.814308
15559338;-90.945396
15561431;-91.075569
15563348;-91.204849
15565340;-91.333237
15567343;-91.460709
15569340;-91.587296
15571342;-91.712967
15573359;-91.837738
15575348;-91.961601
15577347;-92.084541
15579335;-92.206596
15581339;-92.327705
15583359;-92.447945
15585320;-92.567245
15587327;-92.685638
15589322;-92.803131
15591319;-92.861526
15593318;-93.035355
15595354;-93.150070
15597343;-93.263885
15599343;-93.376785
15601337;-93.488747
15603337;-93.599800
15605358;-93.709923
15607323;-93.819130
15609322;-93.927399
15611317;-94.034737
15613317;-94.141159
15615327;-94.246643
15617356;-94.351212
15619348;-94.454834
15621346;-94.557526
15623337;-94.659294
15625338;-94.760117
15627365;-94.860016
15629344;-94.958969
15631339;-95.056999
15633336;-95.154068
15635339;-95.250206
15637359;-95.345413
15639324;-95.439674
15641321;-95.532997
15643324;-95.625374
15645319;-95.716789
15647375;-95.807289
15649363;-95.896828
15651339;-95.985428
15653341;-96.073074
15655339;-96.159782
15657343;-96.245522
15659358;-96.330322
15661344;-96.414177
15663339;-96.497070
15665343;-96.579018
15667347;-96.660011
15669362;-96.740044
15671321;-96.819138
15673320;-96.897255
15675321;-96.974442
15677320;-97.050652
15679320;-97.125916
15681358;-97.200203
15683344;-97.273544
15685347;-97.345924
15687344;-97.417343
15689338;-97.487793
15691348;-97.557281
15693320;-97.625809
15695324;-97.693382
15697320;-97.759987
15699320;-97.825630
15701360;-97.890297
15703326;-97.954010
15705318;-98.016754
15707319;-98.078522
15709327;-98.139336
15711319;-98.199165
15713357;-98.258034
15715343;-98.315933
15717344;-98.372856
15719337;-98.428818
15721339;-98.483803
15723360;-98.537811
15725318;-98.590858
15727322;-98.642929
15729324;-98.694023
15731325;-98.744133
15733350;-98.793289
15735327;-98.841454
15737322;-98.888657
15739321;-98.934868
15741324;-98.980103
15743326;-99.024376
15745359;-99.067665
15747339;-99.109978
15749334;-99.151306
15751341;-99.191666
15753345;-99.231033
15755359;-99.269424
15757324;-99.306847
15759326;-99.343285
15761324;-99.378738
15763317;-99.413208
15765316;-99.446701
15767362;-99.479218
15769348;-99.510742
15771339;-99.541298
15773341;-99.570862
15775340;-99.599442
15777356;-99.627037
15779323;-99.653656
15781325;-99.679283
15783315;-99.703934
15785321;-99.727600
15787360;-99.750282
15789326;-99.771973
15791323;-99.792686
15793318;-99.812408
15795322;-99.831161
15797322;-99.848907
15799361;-99.865677
15801341;-99.881462
15803341;-99.896263
15805341;-99.910072
15807347;-99.922905
15809366;-99.934746
15811326;-99.945602
15813321;-99.955460
15815322;-99.964348
15817322;-99.972244
15819430;-99.979149
15821346;-99.985069
15823345;-99.990005
15825338;-99.993958
15827341;-99.996910
15829341;-99.998894
15831359;-99.999878
15833323;-99.999878
15835328;-99.998894
15837327;-99.996918
15839319;-99.993958
15841375;-99.990013
15843362;-99.985077
15845338;-99.979149
15847340;-99.972244
15849335;-99.964348
15851338;-99.955467
15853360;-99.945602
15855346;-99.934746
15857346;-99.922905
15859342;-99.910080
15861341;-99.896263
15863362;-99.881462
15865322;-99.865685
15867321;-99.848907
15869328;-99.831161
15871321;-99.812416
15873360;-99.792686
15875323;-99.771973
15877323;-99.750282
15879325;-99.727600
15881322;-99.703934
15883329;-99.679283
15885361;-99.653656
15887347;-99.627037
15889342;-99.599442
15891338;-99.570862
15893339;-99.541298
15895361;-99.510750
15897318;-99.479218
15899318;-99.446709
15901323;-99.413208
15903323;-99.378738
15905320;-99.343285
15907360;-99.306854
15909341;-99.269440
15911336;-99.231041
15913338;-99.191666
15915342;-99.151314
15917359;-99.109985
15919329;-99.067673
15921322;-99.024384
15923321;-98.980118
15925329;-98.934868
15927322;-98.888657
15929357;-98.841461
15931349;-98.793289
15933339;-98.744148
15935344;-98.694023
15937341;-98.642937
15939359;-98.590866
15941325;-98.537827
15943321;-98.483810
15945323;-98.428825
15947324;-98.372871
15949327;-98.315941
15951358;-98.258049
15953341;-98.199181
15955344;-98.139343
15957344;-98.078537
15959343;-98.016754
15961363;-97.954025
15963320;-97.890312
15965319;-97.825638
15967324;-97.760002
15969322;-97.693398
15971370;-97.625824
15973358;-97.557297
15975342;-97.487801
15977346;-97.417351
15979338;-97.345924
15981340;-97.273552
15983362;-97.200203
15985352;-97.125916
15987346;-97.050652
15989340;-96.974442
15991338;-96.897270
15993362;-96.819138
15995322;-96.740051
15997323;-96.660011
15999321;-96.579018
16001322;-96.497086
16003317;-96.414177
16005358;-96.330330
16007350;-96.245522
16009339;-96.159782
16011335;-96.073074
16013342;-95.985443
16015365;-95.896851
16017324;-95.807304
16019325;-95.716820
16021318;-95.625381
16023318;-95.533012
16025321;-95.439697
16027358;-95.345428
16029344;-95.250237
16031341;-95.154083
16033341;-95.057007
16035342;-94.958984
16037362;-94.860039
16039326;-94.760147
16041323;-94.659309
16043320;-94.557556
16045319;-94.454849
16047322;-94.351234
16049362;-94.246681
16051340;-94.141182
16053340;-94.034767
16055339;-93.927414
16057337;-93.819145
16059364;-93.709961
16061326;-93.599823
16063321;-93.488785
16065327;-93.376801
16067317;-93.263916
16069322;-93.150093
16071360;-93.035370
16073345;-92.919724
16075342;-92.803154
16077343;-92.685677
16079338;-92.567268
16081357;-92.447960
16083323;-92.327744
16085324;-92.206596
16087324;-92.084564
16089323;-91.961601
16091323;-91.837738
16093356;-91.712967
16095344;-91.587296
16097345;-91.460732
16099346;-91.333237
16101341;-91.204865
16103360;-91.075569
16105324;-90.945396
16107320;-90.814331
16109320;-90.682343
16111322;-90.549484
16113322;-90.415703
16115357;-90.281067
16117347;-90.145508
16119345;-90.009079
16121343;-89.871780
16123339;-89.733559
16125357;-89.594475
16127325;-89.454475
16129324;-89.313622
16131322;-89.171890
16133320;-89.029243
16135436;-88.885750
16137345;-88.741356
16139338;-88.596107
16141342;-88.449959
16143338;-88.302971
16145339;-88.155106
16147358;-88.006340
16149329;-87.856735
16151318;-87.706238
16153320;-87.554901
16155316;-87.402702
16157323;-87.249611
16159361;-87.095680
16161348;-86.940872
16163341;-86.785233
16165338;-86.628708
16167344;-86.471352
16169360;-86.313148
16171331;-86.154060
16173319;-85.994148
16175323;-85.833374
16177317;-85.671761
16179324;-85.509315
16181364;-85.345993
16183326;-85.181847
16185322;-85.016846
16187320;-84.851036
16189315;-84.684349
16191361;-84.516861
16193322;-84.348534
16195321;-84.179352
16197324;-84.009369
16199326;-83.838524
16201322;-83.666878
16203361;-83.494408
16205343;-83.321091
16207343;-83.146973
16209335;-82.972008
16211341;-82.796249
16213357;-82.619652
16215322;-82.442261
16217317;-82.264069
16219322;-82.085022
16221318;-81.905197
16223317;-81.724533
16225360;-81.543098
16227346;-81.360855
16229340;-81.177811
16231337;-80.993965
16233340;-80.809288
16235358;-80.623840
16237324;-80.437599
16239320;-80.250534
16241319;-80.062714
16243321;-79.874077
16245357;-79.684669
16247330;-79.494446
16249322;-79.303474
16251326;-79.111710
16253324;-78.919151
16255321;-78.725830
16257361;-78.531708
16259345;-78.336838
16261339;-78.141197
16263346;-77.944756
16265337;-77.747574
16267356;-77.549591
16269325;-77.350876
16271325;-77.151367
16273319;-76.951126
16275318;-76.750122
16277319;-76.548340
16279360;-76.345825
16281343;-76.142525
16283342;-75.938507
16285344;-75.733742
16287345;-75.528191
16289359;-75.321938
16291326;-75.114906
16293318;-74.907158
16295322;-74.698639
16297323;-74.489418
16299319;-74.279465
16301363;-74.068741
16303341;-73.857323
16305342;-73.645142
16307348;-73.432266
16309342;-73.218666
16311351;-73.004303
16313326;-72.789261
16315324;-72.573471
16317316;-72.356987
16319320;-72.139763
16321435;-71.921860
16323343;-71.703247
16325336;-71.483887
16327351;-71.263863
16329338;-71.043098
16331341;-70.821671
16333358;-70.599533
16335348;-70.376678
16337342;-70.153191
16339338;-69.928940
16341338;-69.816574
16343359;-69.478439
16345329;-69.252129
16347322;-69.025169
16349318;-68.797493
16351323;-68.569168
16353321;-68.340134
16355362;-68.110466
16357325;-67.880119
16359320;-67.649063
16361319;-67.417389
16363317;-67.185005
16365324;-66.951988
16367357;-66.718323
16369350;-66.483955
16371337;-66.248970
16373338;-66.013298
16375338;-65.777000
16377356;-65.540024
16379326;-65.302437
16381317;-65.064201
16383323;-64.825294
16385319;-64.585785
16387319;-64.345589
16389362;-64.104805
16391343;-63.863392
16393340;-63.621307
16395338;-63.378628
16397341;-63.135292
16399357;-62.891365
16401319;-62.646778
16403316;-62.401615
16405321;-62.155830
16407323;-61.909401
16409320;-61.662399
16411359;-61.414749
16413349;-61.166527
16415341;-60.917706
16417339;-60.668243
16419340;-60.418217
16421361;-60.167564
16423346;-59.916348
16425337;-59.664505
16427339;-59.412109
16429336;-59.159134
16431360;-58.905529
16433327;-58.651386
16435324;-58.396626
16437328;-58.141327
16439319;-57.885448
16441320;-57.628967
16443358;-57.371990
16445347;-57.114376
16447342;-56.856228
16449343;-56.597485
16451343;-56.338223
16453355;-56.078403
16455331;-55.817993
16457325;-55.557068
16459320;-55.295555
16461321;-55.033539
16463319;-54.770977
16465363;-54.507839
16467353;-54.244198
16469343;-53.979980
16471341;-53.715279
16473337;-53.450001
16475359;-53.184235
16477323;-52.917946
16479320;-52.651096
16481321;-52.383762
16483324;-52.115868
16485378;-51.847504
16487359;-51.578636
16489341;-51.309212
16491337;-51.039322
16493340;-50.768887
16495347;-50.497990
16497359;-50.226559
16499326;-49.954666
16501326;-49.682285
16503322;-49.409370
16505321;-49.136013
16507362;-48.862125
16509324;-48.587799
16511324;-48.312996
16513318;-48.037670
16515319;-47.761909
16517325;-47.485641
16519359;-47.208942
16521345;-47.070419
16523345;-46.654110
16525337;-46.376026
16527342;-46.097439
16529343;-45.818439
16531356;-45.538944
16533341;-45.259045
16535341;-44.978695
16537342;-44.697865
16539341;-44.416630
16541360;-44.134918
16543321;-43.852810
16545317;-43.570271
16547316;-43.287258
16549320;-43.003864
16551321;-42.720039
16553361;-42.435799
16555344;-42.151093
16557344;-41.866016
16559343;-41.580528
16561340;-41.294582
16563360;-41.008274
16565319;-40.721519
16567324;-40.434402
16569319;-40.146889
16571324;-39.858932
16573376;-39.570629
16575357;-39.281891
16577347;-38.992809
16579344;-38.703300
16581340;-38.413452
16583339;-38.123226
16585359;-37.832577
16587344;-37.541599
16589338;-37.250210
16591337;-36.958492
16593336;-36.666412
16595362;-36.373924
16597327;-36.081123
16599323;-35.787922
16601323;-35.494415
16603320;-35.200508
16605324;-34.906300
16607360;-34.611748
16609348;-34.316807
16611336;-34.021576
16613339;-33.725964
16615341;-33.430061
16617360;-33.133827
16619320;-32.837227
16621317;-32.540344
16623323;-32.243095
16625319;-31.945574
16627326;-31.647692
16629356;-31.349543
16631321;-31.051085
16633318;-30.752274
16635317;-30.453205
16637319;-30.153790
16639359;-29.854124
16641322;-29.554165
16643322;-29.253864
16645317;-28.953323
16647322;-28.652451
16649377;-28.351339
16651359;-28.049904
16653341;-27.748236
16655334;-27.446297
16657343;-27.144039
16659343;-26.841604
16661351;-26.538816
16663321;-26.235809
16665317;-25.932545
16667320;-25.628975
16669318;-25.325203
16671439;-25.021133
16673341;-24.716862
16675340;-24.412348
16677340;-24.107544
16679342;-23.802551
16681340;-23.497276
16683357;-23.191816
16685343;-22.886080
16687340;-22.580164
16689340;-22.274027
16691338;-21.967623
16693354;-21.661047
16695325;-21.354214
16697314;-21.047215
16699322;-20.740007
16701321;-20.432549
16703494;-20.124935
16705346;-19.817076
16707346;-19.509069
16709340;-19.200823
16711335;-18.892433
16713336;-18.583858
16715362;-18.275051
16717349;-17.966110
16719345;-17.656948
16721338;-17.347656
16723340;-17.038193
16725364;-16.728516
16727317;-16.418720
16729324;-16.108715
16731317;-15.798600
16733320;-15.488279
16735316;-15.177855
16737357;-14.867279
16739344;-14.556509
16741339;-14.245645
16743337;-13.934591
16745337;-13.623447
16747358;-13.312168
16749319;-13.000711
16751326;-12.689175
16753323;-12.377464
16755322;-12.065679
16757324;-11.753728
16759360;-11.441707
16761347;-11.129574
16763338;-10.817284
16765340;-10.504933
16767339;-10.192480
16769362;-9.879926
16771325;-9.567274
16773320;-9.254481
16775317;-8.941644
16777324;-8.628671
16779317;-8.315660
16781364;-8.002520
16783345;-7.689348
16785339;-7.376100
16787340;-7.062732
16789341;-6.749341
16791359;-6.435838
16793320;-6.122317
16795325;-5.808736
16797323;-5.495050
16799323;-5.181358
16801375;-4.867567
16803355;-4.553775
16805341;-4.239939
16807343;-3.926013
16809339;-3.612096
16811339;-3.298096
16813361;-2.984111
16815321;-2.670048
16817323;-2.356008
16819326;-2.041943
16821327;-1.727811
16823382;-1.413710
16825354;-1.099547
16827344;-0.785421
16829341;-0.471287
16831340;-0.157100
16833343;0.157080
16835355;0.471237
16837347;0.785390
16839339;1.099535
16841341;1.413669
16843336;1.727790
16845352;2.041893
16847322;2.355976
16849320;2.670036
16851327;2.984070
16853323;3.298074
16855325;3.612046
16857359;3.925981
16859344;4.239879
16861340;4.553734
16863336;4.867544
16865337;5.181307
16867364;5.495018
16869334;5.808674
16871323;6.122274
16873318;6.435814
16875322;6.749289
16877383;7.062697
16879358;7.376038
16881344;7.689305
16883342;8.002495
16885338;8.315607
16887341;8.628635
16889363;8.941581
16891344;9.254436
16893341;9.567202
16895342;9.879873
16897341;10.192444
16899358;10.504917
16901325;10.817286
16903322;11.129548
16905320;11.441700
16907320;11.753738
16909370;12.065662
16911354;12.377467
16913338;12.689150
16915336;13.000705
16917345;13.312133
16919338;13.623430
16921363;13.934594
16923323;14.245617
16925322;14.556500
16927323;14.867243
16929320;15.177837
16931425;15.488280
16933342;15.798573
16935344;16.108707
16937342;16.418684
16939339;16.728498
16941335;17.038149
16943357;17.347628
16945340;17.656937
16947345;17.966076
16949337;18.275032
16951339;18.583811
16953362;18.892406
16955321;19.200811
16957322;19.509031
16959323;19.817057
16961322;20.124889
16963322;20.432520
16965357;20.739950
16967347;21.047176
16969343;21.354193
16971341;21.660999
16973342;21.967592
16975362;22.273970
16977330;22.580126
16979321;22.886059
16981322;23.191769
16983320;23.497246
16985366;23.802494
16987326;24.107506
16989322;24.412279
16991322;24.716812
16993324;25.021099
16995319;25.325144
16997361;25.628939
16999341;25.932476
17001337;26.235760
17003338;26.538784
17005341;26.841545
17007357;27.144045
17009320;27.446274
17011323;27.748230
17013325;28.049919
17015324;28.351324
17017441;28.652456
17019348;28.953299
17021342;29.253859
17023337;29.554132
17025335;29.854111
17027339;30.153793
17029359;30.453184
17031323;30.752268
17033327;31.051052
17035318;31.349527
17037328;31.647697
17039361;31.945551
17041320;32.243092
17043317;32.540310
17045320;32.837208
17047316;33.133785
17049321;33.430038
17051360;33.725952
17053345;34.021542
17055339;34.316792
17057341;34.611706
17059335;34.906273
17061360;35.200500
17063322;35.494377
17065320;35.787907
17067325;36.081081
17069324;36.373901
17071323;36.666363
17073363;36.958458
17075345;37.250191
17077345;37.541557
17079339;37.832550
17081340;38.123173
17083359;38.413418
17085342;38.703281
17087345;38.992767
17089341;39.281864
17091340;39.426273
17093354;39.858898
17095320;40.146824
17097323;40.434357
17099322;40.721493
17101320;41.008221
17103319;41.294548
17105362;41.580467
17107327;41.865971
17109322;42.151066
17111326;42.435749
17113318;42.720005
17115323;43.003841
17117357;43.287258
17119347;43.570240
17121342;43.852798
17123339;44.134922
17125337;44.416611
17127356;44.697861
17129331;44.978668
17131320;45.259033
17133319;45.538948
17135320;45.818417
17137361;46.097435
17139324;46.375996
17141319;46.654099
17143322;46.931744
17145321;47.208927
17147373;47.485634
17149358;47.761883
17151346;48.037659
17153344;48.312958
17155337;48.587780
17157340;48.862122
17159361;49.135986
17161321;49.409363
17163321;49.682243
17165318;49.954647
17167317;50.226551
17169360;50.497963
17171325;50.768871
17173318;51.039284
17175320;51.309193
17177324;51.578583
17179321;51.847477
17181354;52.115856
17183340;52.383720
17185343;52.651070
17187344;52.917896
17189341;53.184204
17191406;53.449982
17193341;53.715237
17195342;53.979958
17197345;54.244156
17199342;54.507809
17201339;54.770924
17203360;55.033501
17205339;55.295532
17207347;55.557018
17209342;55.817963
17211337;56.078350
17213358;56.338184
17215320;56.597466
17217321;56.856178
17219320;57.114338
17221320;57.371937
17223320;57.628967
17225361;57.885426
17227347;58.141319
17229344;58.396633
17231343;58.651371
17233337;58.905529
17235359;59.159111
17237320;59.412106
17239320;59.664516
17241321;59.916336
17243324;60.167557
17245324;60.418190
17247358;60.668228
17249345;60.917671
17251337;61.166508
17253341;61.414749
17255337;61.662376
17257355;61.909389
17259329;62.155800
17261322;62.401592
17263323;62.646778
17265317;62.891342
17267323;63.135277
17269360;63.378597
17271347;63.621284
17273338;63.863350
17275341;64.104782
17277347;64.345589
17279361;64.585754
17281318;64.825279
17283325;65.064171
17285321;65.302414
17287327;65.540009
17289321;65.776978
17291358;66.013275
17293341;66.248932
17295339;66.483932
17297344;66.718277
17299342;66.951958
17301357;67.184982
17303321;67.417351
17305321;67.649040
17307321;67.880074
17309323;68.110428
17311356;68.340118
17313327;68.569130
17315325;68.797462
17317317;69.025124
17319321;69.252098
17321323;69.478394
17323354;69.703995
17325338;69.928909
17327347;70.153137
17329336;70.376678
17331340;70.599518
17333365;70.821655
17335331;71.043106
17337321;71.263847
17339318;71.483887
17341322;71.703224
17343321;71.921852
17345361;72.139778
17347347;72.356972
17349341;72.573471
17351338;72.789238
17353336;73.004303
17355362;73.218636
17357319;73.432251
17359325;73.645142
17361318;73.857300
17363320;74.068741
17365325;74.279442
17367363;74.489403
17369341;74.698639
17371342;74.907135
17373343;75.114891
17375339;75.321915
17377364;75.528183
17379327;75.733711
17381315;75.938484
17383321;76.142517
17385329;76.345795
17387325;76.548325
17389357;76.750092
17391340;76.951103
17393341;77.151352
17395338;77.350845
17397343;77.549568
17399359;77.747536
17401325;77.944733
17403324;78.141159
17405324;78.336807
17407321;78.531693
17409322;78.725800
17411354;78.919128
17413339;79.111679
17415339;79.303452
17417344;79.494438
17419336;79.684631
17421362;79.874054
17423328;80.062675
17425325;80.250511
17427318;80.437561
17429323;80.623810
17431319;80.809273
17433359;80.993927
17435346;81.177780
17437348;81.360840
17439345;81.543091
17441342;81.724548
17443358;81.905190
17445314;82.085022
17447314;82.264038
17449318;82.442261
17451319;82.619659
17453362;82.796242
17455331;82.972015
17457322;83.146957
17459321;83.321083
17461326;83.494392
17463316;83.666870
17465360;83.838524
17467347;84.009354
17469335;84.179352
17471340;84.348526
17473337;84.516853
17475362;84.684349
17477321;84.851013
17479323;85.016846
17481320;85.181831
17483316;85.345985
17485318;85.509285
17487361;85.671745
17489344;85.833366
17491343;85.994133
17493342;86.154045
17495341;86.313118
17497360;86.471336
17499327;86.628700
17501320;86.785210
17503319;86.940865
17505317;87.095657
17507323;87.249596
17509361;87.402672
17511343;87.554886
17513343;87.706230
17515340;87.856712
17517344;88.006325
17519355;88.155075
17521326;88.302948
17523321;88.449944
17525323;88.596085
17527322;88.741341
17529322;88.885719
17531361;89.029221
17533339;89.171852
17535339;89.313599
17537344;89.454460
17539341;89.594444
17541358;89.733536
17543327;89.871750
17545321;90.009079
17547323;90.145508
17549321;90.281052
17551316;90.415710
17553365;90.549469
17555345;90.682343
17557343;90.814316
17559340;90.945389
17561336;91.075569
17563445;91.204857
17565346;91.333237
17567343;91.460716
17569341;91.587296
17571340;91.712967
17573341;91.837730
17575363;91.961594
17577330;92.084541
17579321;92.206589
17581321;92.327728
17583317;92.447952
17585372;92.567261
17587361;92.685661
17589345;92.803139
17591339;92.919708
17593338;93.035355
17595336;93.150093
17597356;93.263908
17599318;93.376793
17601324;93.488762
17603318;93.599808
17605316;93.709930
17607432;93.819130
17609346;93.927406
17611335;94.034752
17613341;94.141167
17615344;94.246658
17617343;94.351212
17619357;94.454842
17621327;94.557541
17623319;94.659302
17625321;94.760132
17627323;94.860016
17629365;94.958969
17631316;95.056992
17633322;95.154076
17635324;95.250214
17637319;95.345421
17639315;95.439682
17641355;95.532997
17643341;95.625374
17645336;95.716805
17647346;95.807289
17649343;95.896835
17651389;95.985428
17653359;96.073074
17655341;96.159775
17657341;96.245529
17659339;96.330322
17661339;96.414169
17663359;96.497070
17665322;96.579018
17667319;96.660011
17669319;96.740051
17671319;96.819130
17673355;96.897263
17675319;96.974442
17677324;97.050652
17679315;97.125908
17681318;97.200203
17683322;97.273544
17685361;97.345917
17687345;97.417343
17689343;97.487793
17691339;97.557297
17693339;97.625824
17695357;97.693390
17697324;97.759995
17699325;97.825638
17701316;97.890305
17703323;97.954018
17705325;98.016754
17707361;98.078529
17709348;98.139336
17711343;98.199173
17713339;98.258034
17715340;98.315933
17717361;98.372864
17719323;98.428818
17721323;98.483810
17723321;98.537819
17725321;98.590858
17727318;98.642929
17729355;98.694023
17731339;98.744141
17733340;98.793289
17735339;98.841454
17737341;98.888649
17739358;98.934868
17741322;98.980110
17743323;99.024376
17745318;99.067665
17747326;99.109970
17749371;99.151306
17751356;99.191658
17753343;99.231033
17755337;99.269432
17757343;99.306847
17759341;99.343285
17761353;99.378738
17763323;99.413208
17765321;99.446701
17767320;99.479218
17769321;99.510742
17771320;99.541290
17773361;99.570862
17775343;99.599442
17777340;99.627037
17779340;99.653656
17781336;99.679283
17783360;99.703934
17785321;99.727600
17787325;99.750282
17789317;99.771973
17791316;99.792686
17793323;99.812408
17795364;99.831154
17797350;99.848907
17799338;99.865685
17801338;99.881462
17803340;99.896263
17805363;99.910072
17807324;99.922905
17809325;99.934746
17811326;99.945602
17813322;99.955467
17815315;99.964348
17817358;99.972244
17819344;99.979149
17821338;99.985077
17823336;99.990005
17825338;99.993958
17827364;99.996918
17829322;99.998894
17831323;99.999878
17833324;99.999878
17835320;99.998894
17837327;99.996918
17839352;99.993958
17841345;99.992104
17843343;99.985077
17845344;99.979149
17847340;99.972244
17849362;99.964348
17851330;99.955467
17853323;99.945602
17855320;99.934746
17857326;99.922905
17859318;99.910072
17861364;99.896263
17863343;99.881462
17865340;99.865685
17867345;99.848907
17869340;99.831154
17871362;99.812408
17873324;99.792686
17875321;99.771973
17877319;99.750282
17879323;99.727600
17881445;99.703941
17883348;99.679283
17885343;99.653656
17887344;99.627037
17889340;99.599442
17891339;99.570862
17893361;99.541298
17895340;99.510750
17897342;99.479218
17899338;99.446701
17901339;99.413208
17903362;99.378738
17905321;99.343285
17907322;99.306847
17909320;99.269432
17911325;99.231033
17913317;99.191666
17915355;99.151306
17917338;99.109978
17919342;99.067673
17921339;99.024376
17923338;98.980110
17925358;98.934868
17927324;98.888657
17929319;98.841461
17931314;98.793289
17933316;98.744141
17935441;98.694023
17937365;98.642929
17939342;98.590866
17941337;98.537819
17943338;98.483810
17945342;98.428818
17947359;98.372864
17949318;98.315941
17951318;98.258041
17953324;98.199173
17955318;98.139343
17957325;98.078529
17959361;98.016754
17961343;97.954018
17963342;97.890312
17965335;97.825638
17967344;97.759995
17969363;97.693398
17971324;97.625824
17973322;97.557297
17975323;97.487801
17977324;97.417343
17979325;97.345932
17981360;97.273544
17983340;97.200211
17985343;97.125916
17987341;97.050652
17989345;96.974442
17991356;96.897270
17993322;96.819138
17995314;96.740051
17997321;96.660019
17999317;96.579018
18001326;96.497078
18003360;96.414177
18005347;96.330330
18007337;96.245529
18009339;96.159782
18011333;96.073082
18013356;95.985428
18015326;95.896843
18017325;95.807297
18019321;95.716812
18021324;95.625374
18023317;95.533005
18025359;95.439682
18027350;95.345428
18029341;95.250221
18031337;95.154076
18033344;95.057007
18035359;94.958984
18037326;94.860031
18039320;94.760132
18041318;94.659302
18043323;94.557549
18045323;94.454849
18047365;94.351219
18049347;94.246666
18051345;94.141174
18053343;94.034752
18055337;93.927414
18057363;93.819138
18059322;93.709938
18061320;93.599823
18063323;93.488770
18065327;93.376801
18067322;93.263916
18069358;93.150101
18071344;93.035362
18073341;92.919716
18075341;92.803146
18077341;92.685661
18079357;92.567268
18081318;92.447952
18083317;92.327728
18085322;92.206596
18087322;92.084557
18089358;91.961601
18091323;91.837738
18093319;91.712967
18095316;91.587296
18097323;91.460724
18099327;91.333237
18101364;91.204857
18103346;91.075584
18105343;90.945396
18107349;90.814323
18109340;90.682343
18111356;90.549477
18113322;90.415726
18115318;90.281067
18117320;90.145515
18119323;90.009079
18121325;89.871750
18123361;89.733551
18125345;89.594452
18127342;89.454468
18129343;89.313599
18131335;89.171860
18133360;89.029228
18135330;88.885727
18137324;88.741348
18139324;88.596085
18141323;88.449951
18143327;88.302948
18145359;88.155067
18147347;88.006332
18149336;87.856712
18151342;87.706230
18153343;87.554893
18155357;87.402679
18157324;87.249603
18159320;87.095680
18161319;86.940880
18163322;86.785217
18165318;86.628708
18167360;86.471344
18169343;86.313126
18171344;86.154068
18173343;85.994141
18175339;85.833374
18177359;85.671753
18179325;85.509285
18181322;85.345985
18183316;85.181847
18185319;85.016853
18187325;84.851021
18189363;84.684357
18191344;84.516853
18193342;84.348511
18195339;84.179352
18197343;84.009354
18199358;83.838524
18201319;83.666870
18203321;83.494385
18205316;83.321075
18207322;83.146980
18209353;82.972023
18211354;82.796249
18213347;82.619667
18215338;82.442268
18217340;82.264053
18219336;82.085037
18221363;81.905197
18223319;81.724556
18225318;81.543098
18227315;81.360847
18229314;81.177780
18231375;80.993942
18233356;80.809280
18235341;80.623817
18237345;80.437561
18239344;80.250511
18241335;80.062675
18243364;79.874062
18245344;79.684647
18247340;79.494438
18249337;79.303452
18251340;79.111679
18253363;78.919128
18255321;78.725800
18257323;78.531693
18259324;78.336807
18261322;78.141167
18263319;77.944740
18265357;77.747559
18267348;77.549591
18269338;77.350861
18271340;77.151367
18273333;76.951111
18275356;76.750099
18277324;76.548340
18279323;76.345810
18281319;76.142532
18283321;75.938499
18285447;75.733719
18287352;75.528183
18289341;75.321922
18291342;75.114906
18293337;74.907150
18295338;74.698647
18297358;74.489410
18299326;74.279442
18301320;74.068748
18303320;73.857307
18305317;73.645142
18307451;73.432251
18309345;73.218636
18311339;73.004295
18313333;72.789253
18315337;72.573486
18317335;72.356995
18319359;72.139786
18321319;71.921860
18323321;71.703232
18325316;71.483910
18327320;71.263863
18329365;71.043121
18331324;70.821671
18333317;70.599525
18335320;70.376678
18337323;70.153160
18339323;69.928932
18341360;69.704010
18343341;69.478401
18345332;69.252106
18347343;69.025124
18349340;68.797478
18351357;68.569145
18353324;68.340126
18355320;68.110435
18357327;67.880074
18359320;67.649040
18361382;67.417358
18363361;67.184998
18365342;66.951965
18367340;66.718277
18369341;66.483948
18371342;66.248940
18373363;66.013298
18375323;65.776993
18377323;65.540031
18379318;65.302429
18381319;65.064178
18383444;64.825287
18385351;64.585777
18387345;64.345604
18389335;64.104805
18391339;63.863361
18393341;63.621296
18395360;63.378597
18397349;63.135296
18399345;62.891354
18401341;62.646790
18403337;62.401604
18405360;62.155807
18407326;61.909397
18409318;61.662388
18411316;61.414753
18413321;61.166519
18415445;60.917675
18417348;60.668228
18419337;60.418213
18421344;60.167568
18423342;59.916359
18425341;59.664536
18427360;59.412121
18429343;59.159122
18431340;58.905560
18433341;58.651394
18435340;58.396656
18437360;58.141335
18439321;57.885437
18441321;57.628979
18443326;57.371964
18445324;57.114365
18447323;56.856201
18449358;56.597477
18451345;56.338192
18453339;56.078358
18455337;55.817978
18457344;55.557037
18459359;55.295544
18461324;55.033512
18463321;54.770927
18465323;54.507809
18467320;54.244167
18469360;53.979977
18471331;53.715248
18473321;53.449989
18475318;53.184204
18477318;52.917915
18479322;52.651100
18481360;52.383751
18483342;52.115883
18485343;51.847500
18487348;51.578606
18489343;51.309196
18491356;51.039307
18493322;50.768894
18495322;50.497978
18497323;50.226570
18499322;49.954655
18501376;49.682255
18503357;49.409382
18505343;49.136005
18507342;48.862137
18509339;48.587791
18511337;48.312962
18513362;48.037659
18515323;47.761898
18517322;47.485649
18519325;47.208931
18521323;46.931747
18523322;46.792992
18525360;46.375992
18527345;46.097446
18529341;45.818428
18531336;45.538975
18533340;45.259052
18535355;44.978683
18537326;44.697872
18539319;44.416637
18541319;44.134945
18543319;43.852818
18545321;43.570255
18547360;43.287266
18549344;43.003849
18551340;42.720028
18553340;42.435760
18555339;42.151081
18557360;41.865982
18559320;41.580467
18561321;41.294567
18563320;41.008240
18565321;40.721504
18567319;40.434368
18569357;40.146832
18571344;39.858898
18573342;39.570599
18575341;39.281879
18577341;38.992775
18579360;38.703285
18581323;38.413418
18583327;38.123165
18585315;37.832584
18587322;37.541588
18589320;37.250214
18591356;37.104382
18593327;36.666374
18595325;36.373913
18597324;36.081112
18599325;35.787930
18601437;35.494400
18603345;35.200516
18605337;34.906284
18607344;34.611710
18609333;34.316818
18611339;34.021561
18613364;33.725971
18615326;33.430046
18617319;33.133793
18619321;32.837212
18621321;32.540329
18623320;32.243107
18625359;31.945559
18627344;31.647699
18629340;31.349527
18631340;31.051048
18633340;30.752283
18635363;30.453190
18637326;30.153799
18639319;29.854134
18641320;29.554150
18643320;29.253874
18645320;28.953331
18647360;28.652481
18649345;28.351349
18651340;28.049934
18653338;27.748245
18655341;27.446281
18657362;27.144072
18659327;26.841568
18661321;26.538801
18663323;26.235771
18665319;25.932482
18667320;25.628939
18669358;25.325165
18671347;25.021118
18673336;24.716824
18675341;24.412287
18677342;24.107508
18679357;23.802490
18681327;23.497261
18683323;23.191778
18685315;22.886066
18687322;22.580128
18689359;22.273966
18691328;21.967585
18693318;21.661034
18695313;21.354221
18697324;21.047199
18699318;20.739969
18701362;20.432533
18703341;20.124922
18705341;19.817085
18707340;19.509054
18709344;19.200832
18711358;18.892418
18713327;18.583818
18715320;18.275061
18717328;17.966097
18719325;17.656956
18721376;17.347641
18723362;17.038157
18725345;16.728500
18727345;16.418705
18729346;16.108725
18731343;15.798585
18733363;15.488288
18735326;15.177840
18737321;14.867240
18739316;14.556519
18741318;14.245629
18743325;13.934599
18745358;13.623433
18747345;13.312154
18749343;13.000721
18751342;12.689183
18753337;12.377496
18755360;12.065687
18757326;11.753759
18759324;11.441715
18761322;11.129559
18763314;10.817315
18765320;10.504942
18767365;10.192464
18769341;9.879887
18771340;9.567211
18773336;9.254441
18775342;8.941605
18777362;8.628655
18779325;8.315620
18781314;8.002504
18783324;7.689308
18785319;7.376037
18787325;7.062716
18789362;6.749302
18791345;6.435822
18793341;6.122278
18795339;5.808673
18797346;5.495012
18799355;5.181319
18801328;4.867576
18803321;4.553761
18805321;4.239901
18807317;3.925998
18809319;3.612057
18811359;3.298105
18813344;2.984096
18815340;2.670057
18817347;2.355993
18819340;2.041904
18821357;1.727796
18823320;1.413695
18825318;1.099556
18827318;0.785405
18829316;0.471248
18831373;0.157085
18833356;-0.157079
18835346;-0.471218
18837343;-0.785375
18839341;-1.099525
18841346;-1.413665
18843362;-1.727790
18845329;-2.041898
18847318;-2.355963
18849319;-2.670027
18851321;-2.984066
18853359;-3.298074
18855323;-3.612027
18857317;-3.925944
18859315;-4.239846
18861322;-4.553706
18863319;-4.867522
18865364;-5.181289
18867348;-5.495005
18869343;-5.808643
18871337;-6.122248
18873338;-6.435792
18875357;-6.749272
18877323;-7.062686
18879323;-7.376031
18881319;-7.689279
18883323;-8.002474
18885317;-8.315591
18887361;-8.628626
18889339;-8.941574
18891338;-9.254436
18893338;-9.567182
18895338;-9.879857
18897362;-10.192435
18899321;-10.504911
18901321;-10.817286
18903321;-11.129552
18905320;-11.441686
18907327;-11.753706
18909362;-12.065634
18911343;-12.377443
18913346;-12.689130
18915335;-13.000690
18917343;-13.312101
18919359;-13.623403
18921318;-13.934570
18923320;-14.245600
18925323;-14.556490
18927323;-14.867234
18929322;-15.177811
18931358;-15.488259
18933342;-15.798555
18935340;-16.108694
18937345;-16.418676
18939338;-16.728497
18941358;-17.038126
18943324;-17.347612
18945322;-17.656927
18947323;-17.966068
18949323;-18.275030
18951450;-18.583813
18953342;-18.892389
18955339;-19.200802
18957343;-19.509026
18959338;-19.817057
18961341;-20.124868
18963357;-20.432505
18965320;-20.739916
18967317;-21.047146
18969320;-21.354168
18971321;-21.660980
18973354;-21.967579
18975325;-22.273960
18977321;-22.580097
18979325;-22.886036
18981323;-23.191748
18983322;-23.497232
18985362;-23.802485
18987350;-24.107500
18989342;-24.412256
18991342;-24.716795
18993340;-25.021088
18995357;-25.325138
18997322;-25.628933
18999321;-25.932476
19001317;-26.235741
19003320;-26.538771
19005323;-26.841539
19007355;-27.144041
19009345;-27.446276
19011338;-27.748240
19013339;-28.049908
19015340;-28.351297
19017366;-28.652430
19019331;-28.953281
19021321;-29.253843
19023316;-29.554098
19025321;-29.854084
19027326;-30.153772
19029357;-30.453163
19031343;-30.752254
19033338;-31.051043
19035339;-31.349501
19037343;-31.647673
19039363;-31.945532
19041323;-32.243076
19043321;-32.540302
19045322;-32.837208
19047324;-33.133766
19049321;-33.430019
19051361;-33.725945
19053342;-34.021534
19055333;-34.316792
19057346;-34.611706
19059345;-34.906258
19061357;-35.200489
19063327;-35.494373
19065319;-35.787903
19067328;-36.081081
19069317;-36.373882
19071312;-36.666325
19073356;-36.958427
19075342;-37.250168
19077346;-37.541534
19079340;-37.832535
19081337;-38.123161
19083357;-38.413387
19085322;-38.703259
19087320;-38.992748
19089321;-39.281853
19091322;-39.570568
19093323;-39.858894
19095360;-40.146805
19097344;-40.434341
19099338;-40.721478
19101336;-41.008209
19103336;-41.294540
19105358;-41.580467
19107326;-41.865955
19109319;-42.151054
19111320;-42.435734
19113314;-42.720001
19115322;-43.003841
19117359;-43.287262
19119345;-43.570229
19121342;-43.852791
19123339;-44.134895
19125335;-44.416592
19127360;-44.697845
19129329;-44.978657
19131319;-45.259007
19133322;-45.538925
19135319;-45.818401
19137326;-46.097420
19139358;-46.375988
19141345;-46.654095
19143338;-46.931721
19145340;-47.208904
19147349;-47.485622
19149355;-47.761871
19151315;-48.037647
19153315;-48.312950
19155323;-48.587757
19157317;-48.862106
19159319;-49.135971
19161363;-49.409351
19163340;-49.682243
19165346;-49.954624
19167352;-50.226532
19169336;-50.497948
19171361;-50.768864
19173342;-51.039280
19175339;-51.309193
19177349;-51.578552
19179344;-51.847446
19181453;-52.115829
19183349;-52.383698
19185335;-52.651054
19187341;-52.917885
19189337;-53.184174
19191339;-53.449959
19193360;-53.715218
19195346;-53.979946
19197343;-54.244137
19199338;-54.507797
19201342;-54.770897
19203355;-55.033482
19205321;-55.295517
19207321;-55.557007
19209324;-55.817951
19211323;-56.078346
19213328;-56.338161
19215358;-56.597446
19217323;-56.856174
19219327;-57.114334
19221323;-57.371933
19223319;-57.628967
19225363;-57.885414
19227349;-58.141304
19229344;-58.396626
19231336;-58.651344
19233342;-58.905514
19235340;-59.159096
19237356;-59.412075
19239320;-59.664490
19241320;-59.916313
19243326;-60.167545
19245316;-60.418182
19247356;-60.668224
19249323;-60.917645
19251323;-61.166489
19253322;-61.414730
19255321;-61.662357
19257323;-61.909382
19259365;-62.155796
19261339;-62.401573
19263336;-62.646759
19265339;-62.891323
19267348;-63.135265
19269359;-63.378590
19271324;-63.621284
19273323;-63.863338
19275316;-64.104774
19277323;-64.345573
19279324;-64.585747
19281359;-64.825279
19283344;-65.064171
19285338;-65.302383
19287345;-65.539993
19289340;-65.776947
19291362;-66.013260
19293322;-66.248917
19295325;-66.483917
19297323;-66.718254
19299321;-66.951942
19301463;-67.184967
19303348;-67.417336
19305339;-67.649033
19307343;-67.880043
19309345;-68.110413
19311344;-68.340096
19313359;-68.569115
19315328;-68.797455
19317322;-69.025116
19319318;-69.252083
19321321;-69.478378
19323322;-69.703987
19325362;-69.928902
19327344;-70.153137
19329337;-70.376678
19331341;-70.599503
19333342;-70.821648
19335353;-71.043098
19337314;-71.263847
19339316;-71.483871
19341317;-71.593620
19343316;-71.921829
19345316;-72.139755
19347359;-72.356949
19349339;-72.573456
19351339;-72.789230
19353337;-73.004295
19355335;-73.218613
19357360;-73.432228
19359320;-73.645126
19361328;-73.857292
19363321;-74.068726
19365323;-74.279434
19367381;-74.489388
19369359;-74.698624
19371338;-74.907127
19373341;-75.114883
19375339;-75.321899
19377341;-75.528183
19379361;-75.733711
19381345;-75.938477
19383343;-76.142525
19385341;-76.345787
19387345;-76.548302
19389356;-76.750092
19391324;-76.951096
19393327;-77.151337
19395317;-77.350845
19397323;-77.549561
19399322;-77.747513
19401360;-77.944717
19403343;-78.141136
19405342;-78.336807
19407344;-78.531677
19409344;-78.725777
19411358;-78.919121
19413343;-79.111656
19415342;-79.303444
19417343;-79.494415
19419339;-79.684639
19421393;-79.874046
19423347;-80.062660
19425342;-80.250511
19427343;-80.437546
19429341;-80.623817
19431339;-80.809258
19433355;-80.993912
19435318;-81.177780
19437321;-81.360832
19439321;-81.543098
19441318;-81.724533
19443353;-81.905197
19445330;-82.085022
19447324;-82.264038
19449317;-82.442261
19451323;-82.619652
19453322;-82.796249
19455358;-82.972008
19457348;-83.146942
19459342;-83.321091
19461341;-83.494377
19463339;-83.666878
19465362;-83.838524
19467325;-84.009369
19469318;-84.179352
19471320;-84.348511
19473318;-84.516838
19475319;-84.684326
19477361;-84.851006
19479340;-85.016823
19481343;-85.181801
19483342;-85.345963
19485332;-85.509262
19487362;-85.671738
19489318;-85.833344
19491324;-85.994102
19493319;-86.154037
19495320;-86.313095
19497379;-86.471329
19499361;-86.628685
19501344;-86.785210
19503340;-86.940849
19505339;-87.095634
19507339;-87.249588
19509362;-87.402657
19511343;-87.554878
19513340;-87.706215
19515340;-87.856689
19517343;-88.006317
19519367;-88.155052
19521321;-88.302948
19523321;-88.449944
19525317;-88.596085
19527318;-88.741333
19529322;-88.885704
19531359;-89.029221
19533348;-89.171837
19535343;-89.313599
19537344;-89.454453
19539341;-89.594421
19541357;-89.733536
19543321;-89.871742
19545321;-90.009079
19547321;-90.145508
19549317;-90.281067
19551320;-90.415703
19553361;-90.549461
19555348;-90.682343
19557345;-90.814308
19559340;-90.945396
19561342;-91.075569
19563352;-91.204849
19565325;-91.333237
19567327;-91.460709
19569316;-91.587296
19571321;-91.712967
19573318;-91.837738
19575363;-91.961601
19577344;-92.084541
19579344;-92.206596
19581335;-92.327705
19583339;-92.447945
19585357;-92.567245
19587322;-92.685638
19589319;-92.803131
19591321;-92.919693
19593322;-93.035355
19595321;-93.150070
19597360;-93.263885
19599344;-93.376785
19601337;-93.488747
19603340;-93.599800
19605336;-93.709923
19607361;-93.819130
19609317;-93.927399
19611320;-94.034737
19613325;-94.141159
19615317;-94.246643
19617358;-94.351212
19619322;-94.454834
19621321;-94.557526
19623320;-94.659294
19625322;-94.760117
19627315;-94.860016
19629360;-94.958969
19631327;-95.056999
19633322;-95.154068
19635323;-95.250206
19637323;-95.345413
19639358;-95.439674
19641321;-95.532997
19643321;-95.625374
19645318;-95.716789
19647319;-95.807289
19649322;-95.896828
19651357;-95.985428
19653345;-96.073074
19655341;-96.159782
19657342;-96.245522
19659346;-96.330322
19661359;-96.414177
19663324;-96.497070
19665322;-96.579018
19667320;-96.660011
19669318;-96.740044
19671322;-96.819138
19673354;-96.897255
19675340;-96.974442
19677344;-97.050652
19679342;-97.125916
19681339;-97.200203
19683360;-97.273544
19685320;-97.345924
19687324;-97.417343
19689319;-97.487793
19691324;-97.557281
19693324;-97.625809
19695358;-97.693382
19697346;-97.759987
19699343;-97.825630
19701347;-97.890297
19703335;-97.954010
19705359;-98.016754
19707322;-98.078522
19709317;-98.139336
19711323;-98.199165
19713320;-98.258034
19715324;-98.315933
19717362;-98.372856
19719343;-98.428818
19721342;-98.483803
19723338;-98.537811
19725341;-98.590858
19727360;-98.642929
19729321;-98.694023
19731321;-98.744133
19733321;-98.793289
19735325;-98.841454
19737322;-98.888657
19739358;-98.934868
19741340;-98.980103
19743339;-99.024376
19745339;-99.067665
19747337;-99.109978
19749355;-99.151306
19751326;-99.191666
19753322;-99.231033
19755323;-99.269424
19757327;-99.306847
19759325;-99.343285
19761358;-99.378738
19763341;-99.413208
19765335;-99.446701
19767337;-99.479218
19769338;-99.510742
19771360;-99.541298
19773322;-99.570862
19775319;-99.599442
19777324;-99.627037
19779321;-99.653656
19781358;-99.679283
19783326;-99.703934
19785317;-99.727600
19787325;-99.750282
19789323;-99.771973
19791318;-99.792686
19793359;-99.812408
19795342;-99.831161
19797345;-99.848907
19799337;-99.865677
19801342;-99.881462
19803357;-99.896263
19805322;-99.910072
19807324;-99.922905
19809322;-99.934746
19811324;-99.945602
19813374;-99.955460
19815357;-99.964348
19817350;-99.972244
19819344;-99.979149
19821337;-99.985069
19823340;-99.990005
19825358;-99.993958
19827349;-99.996910
19829340;-99.998894
19831340;-99.999878
19833340;-99.999878
19835474;-99.998894
19837352;-99.996918
19839340;-99.993958
19841343;-99.990013
19843342;-99.985077
19845340;-99.979149
19847358;-99.972244
19849324;-99.964348
19851325;-99.955467
19853317;-99.945602
19855328;-99.934746
19857321;-99.922905
19859358;-99.910080
19861342;-99.896263
19863340;-99.881462
19865337;-99.865685
19867340;-99.848907
19869354;-99.831161
19871328;-99.812416
19873321;-99.792686
19875317;-99.771973
19877323;-99.750282
19879323;-99.727600
19881357;-99.703934
19883342;-99.679283
19885339;-99.653656
19887344;-99.627037
19889341;-99.599442
19891356;-99.570862
19893316;-99.541298
19895316;-99.510750
19897323;-99.479218
19899319;-99.446709
19901324;-99.413208
19903367;-99.378738
19905343;-99.343285
19907340;-99.306854
19909339;-99.269440
19911342;-99.231041
19913361;-99.191666
19915323;-99.151314
19917320;-99.109985
19919324;-99.067673
19921325;-99.024384
19923318;-98.980118
19925359;-98.934868
19927345;-98.888657
19929343;-98.841461
19931339;-98.793289
19933340;-98.744148
19935362;-98.694023
19937319;-98.642937
19939319;-98.590866
19941322;-98.537827
19943315;-98.483810
19945322;-98.428825
19947365;-98.372871
19949345;-98.315941
19951341;-98.258049
19953342;-98.199181
19955337;-98.139343
19957359;-98.078537
19959317;-98.016754
19961322;-97.954025
19963321;-97.890312
19965320;-97.825638
19967327;-97.760002
19969364;-97.693398
19971346;-97.625824
19973340;-97.557297
19975339;-97.487801
19977341;-97.417351
19979365;-97.345924
19981321;-97.273552
19983323;-97.200203
19985321;-97.125916
19987323;-97.050652
19989319;-96.974442
19991358;-96.897270
19993344;-96.819138
19995343;-96.740051
19997341;-96.660011
19999337;-96.579018
20001360;-96.497086
20003320;-96.414177
20005322;-96.330330
20007326;-96.245522
20009320;-96.159782
20011324;-96.073074
20013362;-95.985443
20015345;-95.896851
20017345;-95.807304
20019338;-95.716820
20021343;-95.625381
20023359;-95.533012
20025328;-95.439697
20027320;-95.345428
20029322;-95.250237
20031319;-95.154083
20033380;-95.057007
20035360;-94.958984
20037346;-94.860039
20039342;-94.760147
20041343;-94.659309
20043337;-94.557556
20045357;-94.454849
20047345;-94.351234
20049343;-94.246681
20051341;-94.141182
20053340;-94.034767
20055358;-93.927414
20057328;-93.819145
20059320;-93.709961
20061324;-93.599823
20063320;-93.488785
20065322;-93.376801
20067361;-93.263916
20069349;-93.150093
20071345;-93.035370
20073340;-92.919724
20075342;-92.803154
20077362;-92.685677
20079327;-92.567268
20081316;-92.447960
20083317;-92.327744
20085324;-92.206596
20087359;-92.084564
20089323;-91.961601
20091319;-91.899780
20093322;-91.712967
20095324;-91.587296
20097321;-91.460732
20099359;-91.333237
20101345;-91.204865
20103339;-91.075569
20105340;-90.945396
20107343;-90.814331
20109364;-90.682343
20111323;-90.549484
20113318;-90.415703
20115322;-90.281067
20117323;-90.145508
20119316;-90.009079
20121372;-89.871780
20123343;-89.733559
20125344;-89.594475
20127342;-89.454475
20129336;-89.313622
20131361;-89.171890
20133322;-89.029243
20135320;-88.885750
20137318;-88.741356
20139323;-88.596107
20141322;-88.449959
20143362;-88.302971
20145346;-88.155106
20147342;-88.006340
20149338;-87.856735
20151340;-87.706238
20153353;-87.554901
20155322;-87.402702
20157326;-87.249611
20159321;-87.095680
20161322;-86.940872
20163322;-86.785233
20165362;-86.628708
20167351;-86.471352
20169344;-86.313148
20171341;-86.154060
20173338;-85.994148
20175361;-85.833374
20177321;-85.671761
20179323;-85.509315
20181322;-85.345993
20183326;-85.181847
20185378;-85.016846
20187358;-84.851036
20189342;-84.684349
20191339;-84.516861
20193337;-84.348534
20195339;-84.179352
20197358;-84.009369
20199322;-83.838524
20201318;-83.666878
20203325;-83.494408
20205322;-83.321091
20207325;-83.146973
20209360;-82.972008
20211345;-82.796249
20213341;-82.619652
20215342;-82.442261
20217343;-82.264069
20219357;-82.085022
20221328;-81.905197
20223323;-81.724533
20225319;-81.543098
20227320;-81.360855
20229483;-81.177811
20231348;-80.993965
20233344;-80.809288
20235338;-80.623840
20237339;-80.437599
20239340;-80.250534
20241363;-80.062714
20243324;-79.874077
20245322;-79.684669
20247319;-79.494446
20249319;-79.303474
20251321;-79.111710
20253361;-78.919151
20255337;-78.725830
20257344;-78.531708
20259339;-78.336838
20261340;-78.141197
20263367;-77.944756
20265322;-77.747574
20267317;-77.549591
20269321;-77.350876
20271315;-77.151367
20273375;-76.951126
20275357;-76.750122
20277341;-76.548340
20279342;-76.345825
20281340;-76.142525
20283346;-75.938507
20285360;-75.733742
20287321;-75.528191
20289320;-75.321938
20291319;-75.114906
20293320;-74.907158
20295374;-74.698639
20297362;-74.489418
20299344;-74.279465
20301342;-74.068741
20303341;-73.857323
20305336;-73.645142
20307358;-73.432266
20309329;-73.218666
20311321;-73.004303
20313321;-72.789261
20315320;-72.573471
20317376;-72.356987
20319355;-72.139763
20321348;-71.921860
20323338;-71.703247
20325339;-71.483887
20327344;-71.263863
20329361;-71.043098
20331325;-70.821671
20333321;-70.599533
20335325;-70.376678
20337318;-70.153191
20339319;-69.928940
20341361;-69.704033
20343339;-69.478439
20345340;-69.252129
20347341;-69.025169
20349340;-68.797493
20351363;-68.569168
20353345;-68.340134
20355340;-68.110466
20357338;-67.880119
20359340;-67.649063
20361364;-67.417389
20363322;-67.185005
20365322;-66.951988
20367318;-66.718323
20369321;-66.483955
20371324;-66.248970
20373359;-66.013298
20375344;-65.777000
20377344;-65.540024
20379339;-65.302437
20381343;-65.064201
20383356;-64.825294
20385323;-64.585785
20387322;-64.345589
20389325;-64.104805
20391321;-63.863392
20393317;-63.621307
20395357;-63.378628
20397347;-63.135292
20399337;-62.891365
20401340;-62.646778
20403342;-62.401615
20405358;-62.155830
20407324;-61.909401
20409316;-61.662399
20411324;-61.414749
20413317;-61.166527
20415322;-60.917706
20417359;-60.668243
20419344;-60.418217
20421340;-60.167564
20423342;-59.916348
20425337;-59.664505
20427364;-59.412109
20429322;-59.159134
20431324;-58.905529
20433320;-58.651386
20435319;-58.396626
20437326;-58.141327
20439359;-57.885448
20441343;-57.628967
20443343;-57.371990
20445336;-57.114376
20447342;-56.856228
20449368;-56.597485
20451323;-56.338223
20453315;-56.078403
20455320;-55.817993
20457324;-55.557068
20459321;-55.295555
20461356;-55.033539
20463344;-54.770977
20465342;-54.507839
20467344;-54.244198
20469344;-53.979980
20471356;-53.715279
20473320;-53.450001
20475318;-53.184235
20477315;-52.917946
20479322;-52.651096
20481323;-52.383762
20483354;-52.115868
20485326;-51.847504
20487325;-51.578636
20489317;-51.309212
20491320;-51.039322
20493365;-50.768887
20495353;-50.497990
20497346;-50.226559
20499335;-49.954666
20501336;-49.682285
20503343;-49.409370
20505357;-49.136013
20507321;-48.862125
20509323;-48.587799
20511320;-48.312996
20513323;-48.037670
20515381;-47.761909
20517358;-47.485641
20519339;-47.208942
20521336;-46.931778
20523336;-46.654110
20525338;-46.515125
20527361;-46.097439
20529324;-45.818439
20531324;-45.538944
20533326;-45.259045
20535322;-44.978695
20537364;-44.697865
20539325;-44.416630
20541325;-44.134918
20543319;-43.852810
20545319;-43.570271
20547320;-43.287258
20549357;-43.003864
20551339;-42.720039
20553337;-42.435799
20555336;-42.151093
20557340;-41.866016
20559355;-41.580528
20561322;-41.294582
20563316;-41.008274
20565319;-40.721519
20567323;-40.434402
20569322;-40.146889
20571356;-39.858932
20573340;-39.570629
20575340;-39.281891
20577344;-38.992809
20579342;-38.703300
20581360;-38.413452
20583322;-38.123226
20585319;-37.832577
20587322;-37.541599
20589324;-37.250210
20591315;-36.958492
20593355;-36.666412
20595342;-36.373924
20597343;-36.081123
20599335;-35.787922
20601342;-35.494415
20603363;-35.200508
20605325;-34.906300
20607320;-34.611748
20609316;-34.316807
20611318;-34.021576
20613318;-33.725964
20615360;-33.430061
20617346;-33.133827
20619336;-32.837227
20621341;-32.540344
20623342;-32.243095
20625363;-31.945574
20627325;-31.647692
20629324;-31.349543
20631313;-31.051085
20633317;-30.752274
20635368;-30.453205
20637355;-30.153790
20639343;-29.854124
20641339;-29.554165
20643334;-29.253864
20645338;-28.953323
20647361;-28.652451
20649324;-28.351339
20651324;-28.049904
20653316;-27.748236
20655323;-27.446297
20657384;-27.144039
20659358;-26.841604
20661340;-26.538816
20663340;-26.235809
20665339;-25.932545
20667345;-25.628975
20669357;-25.325203
20671324;-25.021133
20673321;-24.716862
20675320;-24.412348
20677324;-24.107544
20679458;-23.802551
20681349;-23.497276
20683340;-23.191816
20685338;-22.886080
20687347;-22.580164
20689340;-22.274027
20691343;-21.967623
20693329;-21.661047
20695319;-21.354214
20697318;-21.047215
20699321;-20.740007
20701467;-20.432549
20703348;-20.124935
20705339;-19.817076
20707341;-19.509069
20709342;-19.200823
20711339;-18.892433
20713355;-18.583858
20715323;-18.275051
20717322;-17.966110
20719320;-17.656948
20721319;-17.347656
20723381;-17.038193
20725357;-16.728516
20727349;-16.418720
20729341;-16.108715
20731342;-15.798600
20733339;-15.488279
20735364;-15.177855
20737350;-14.867279
20739342;-14.556509
20741338;-14.245645
20743343;-13.934591
20745483;-13.623447
20747348;-13.312168
20749337;-13.000711
20751342;-12.689175
20753339;-12.377464
20755344;-12.065679
20757361;-11.753728
20759342;-11.441707
20761337;-11.129574
20763341;-10.817284
20765341;-10.504933
20767363;-10.192480
20769325;-9.879926
20771322;-9.567274
20773318;-9.254481
20775322;-8.941644
20777322;-8.628671
20779359;-8.315660
20781341;-8.002520
20783339;-7.689348
20785337;-7.376100
20787339;-7.062732
20789358;-6.749341
20791326;-6.435838
20793319;-6.122317
20795319;-5.808736
20797319;-5.495050
20799369;-5.181358
20801358;-4.867567
20803343;-4.553775
20805339;-4.239939
20807345;-3.926013
20809338;-3.612096
20811361;-3.298096
20813343;-2.984111
20815340;-2.670048
20817346;-2.356008
20819340;-2.041943
20821357;-1.727811
20823328;-1.413710
20825318;-1.099547
20827314;-0.785421
20829315;-0.471287
20831311;-0.157100
20833362;0.157080
20835345;0.471237
20837344;0.785390
20839343;1.099535
20841342;1.256604
20843356;1.727790
20845324;2.041893
20847321;2.355976
20849325;2.670036
20851321;2.984070
20853320;3.298074
20855359;3.612046
20857345;3.925981
20859336;4.239879
20861340;4.553734
20863341;4.867544
20865363;5.181307
20867324;5.495018
20869323;5.808674
20871323;6.122274
20873327;6.435814
20875322;6.749289
20877362;7.062697
20879344;7.376038
20881340;7.689305
20883342;8.002495
20885342;8.315607
20887358;8.628635
20889322;8.941581
20891321;9.254436
20893318;9.567202
20895318;9.879873
20897319;10.192444
20899357;10.504917
20901344;10.817286
20903341;11.129548
20905340;11.441700
20907343;11.753738
20909359;12.065662
20911318;12.377467
20913320;12.689150
20915324;13.000705
20917325;13.312133
20919355;13.623430
20921328;13.934594
20923321;14.245617
20925320;14.556500
20927323;14.867243
20929321;15.177837
20931359;15.488280
20933344;15.798573
20935340;16.108707
20937346;16.418684
20939345;16.728498
20941355;17.038149
20943357;17.347628
20945343;17.656937
20947344;17.966076
20949339;18.275032
20951342;18.583811
20953364;18.892406
20955328;19.200811
20957320;19.509031
20959321;19.817057
20961319;20.124889
20963326;20.432520
20965357;20.739950
20967348;21.047176
20969342;21.354193
20971344;21.660999
20973340;21.967592
20975362;22.273970
20977324;22.580126
20979321;22.886059
20981315;23.191769
20983319;23.497246
20985323;23.802494
20987363;24.107506
20989345;24.412279
20991339;24.716812
20993341;25.021099
20995338;25.325144
20997360;25.628939
20999322;25.932476
21001319;26.235760
21003325;26.538784
21005318;26.841545
21007318;27.144045
21009358;27.446274
21011345;27.748230
21013342;28.049919
21015335;28.351324
21017344;28.652456
21019356;28.953299
21021315;29.253859
21023320;29.554132
21025323;29.854111
21027321;30.153793
21029316;30.453184
21031362;30.752268
21033344;31.051052
21035342;31.349527
21037345;31.647697
21039340;31.945551
21041362;32.243092
21043321;32.540310
21045317;32.837208
21047319;33.133785
21049319;33.430038
21051464;33.725952
21053344;34.021542
21055338;34.316792
21057347;34.611706
21059340;34.906273
21061339;35.200500
21063361;35.494377
21065328;35.787907
21067327;36.081081
21069321;36.373901
21071326;36.666363
21073363;36.958458
21075318;37.250191
21077319;37.541557
21079318;37.832550
21081320;38.123173
21083322;38.413418
21085355;38.703281
21087325;38.992767
21089323;39.281864
21091325;39.570580
21093324;39.858898
21095325;40.146824
21097362;40.434357
21099344;40.721493
21101338;41.008221
21103338;41.294548
21105337;41.580467
21107358;41.865971
21109326;42.151066
21111320;42.435749
21113318;42.720005
21115314;43.003841
21117377;43.287258
21119359;43.570240
21121348;43.852798
21123344;44.134922
21125339;44.416611
21127337;44.697861
21129364;44.978668
21131345;45.259033
21133346;45.538948
21135340;45.818417
21137348;46.097435
21139353;46.375996
21141320;46.654099
21143317;46.931744
21145321;47.208927
21147327;47.485634
21149325;47.761883
21151365;48.037659
21153339;48.312958
21155342;48.587780
21157344;48.862122
21159339;49.135986
21161358;49.409363
21163316;49.682243
21165319;49.954647
21167317;50.226551
21169323;50.497963
21171317;50.768871
21173359;51.039284
21175342;51.309193
21177345;51.578583
21179341;51.847477
21181343;52.115856
21183362;52.383720
21185318;52.651070
21187317;52.917896
21189319;53.184204
21191319;53.449982
21193317;53.715237
21195362;53.979958
21197348;54.244156
21199337;54.507809
21201341;54.770924
21203339;55.033501
21205358;55.295532
21207325;55.557018
21209323;55.817963
21211318;56.078350
21213318;56.338184
21215324;56.597466
21217364;56.856178
21219343;57.114338
21221340;57.371937
21223338;57.628967
21225342;57.885426
21227361;58.141319
21229323;58.396633
21231320;58.651371
21233320;58.905529
21235320;59.159111
21237488;59.412106
21239339;59.664516
21241338;59.916336
21243340;60.167557
21245337;60.418190
21247342;60.668228
21249353;60.917671
21251341;61.166508
21253339;61.414749
21255338;61.662376
21257340;61.909389
21259439;62.155800
21261347;62.401592
21263345;62.646778
21265343;62.891342
21267345;63.135277
21269338;63.378597
21271358;63.621284
21273342;63.863350
21275339;64.104782
21277339;64.345589
21279342;64.585754
21281355;64.825279
21283324;65.064171
21285325;65.302414
21287318;65.540009
21289324;65.776978
21291315;66.013275
21293364;66.248932
21295342;66.483932
21297342;66.718277
21299339;66.951958
21301344;67.184982
21303361;67.417351
21305320;67.649040
21307315;67.880074
21309315;68.110428
21311320;68.340118
21313322;68.569130
21315357;68.797462
21317345;69.025124
21319341;69.252098
21321341;69.478394
21323341;69.703995
21325358;69.928909
21327323;70.153137
21329317;70.376678
21331326;70.599518
21333321;70.821655
21335323;71.043106
21337362;71.263847
21339345;71.483887
21341339;71.703224
21343338;71.921852
21345340;72.139778
21347357;72.356972
21349318;72.573471
21351322;72.789238
21353317;73.004303
21355321;73.218636
21357325;73.432251
21359359;73.645142
21361350;73.857300
21363342;74.068741
21365335;74.279442
21367341;74.489403
21369359;74.698639
21371315;74.907135
21373322;75.114891
21375318;75.321915
21377319;75.528183
21379317;75.733711
21381357;75.938484
21383336;76.142517
21385338;76.345795
21387339;76.548325
21389344;76.750092
21391358;76.951103
21393323;77.151352
21395322;77.350845
21397322;77.549568
21399324;77.747536
21401320;77.944733
21403361;78.141159
21405344;78.336807
21407344;78.531693
21409337;78.725800
21411338;78.919128
21413358;79.111679
21415322;79.303452
21417321;79.494438
21419321;79.684631
21421318;79.874054
21423323;80.062675
21425360;80.250511
21427346;80.437561
21429341;80.623810
21431341;80.809273
21433341;80.993927
21435360;81.177780
21437326;81.360840
21439318;81.543091
21441321;81.724548
21443322;81.905190
21445319;82.085022
21447364;82.264038
21449345;82.442261
21451344;82.619659
21453343;82.796242
21455340;82.972015
21457359;83.146957
21459324;83.321083
21461321;83.494392
21463327;83.666870
21465327;83.838524
21467319;84.009354
21469360;84.179352
21471348;84.348526
21473344;84.516853
21475343;84.684349
21477339;84.851013
21479353;85.016846
21481327;85.181831
21483323;85.345985
21485322;85.509285
21487321;85.671745
21489373;85.833366
21491359;85.994133
21493344;86.154045
21495342;86.313118
21497345;86.471336
21499339;86.628700
21501353;86.785210
21503323;86.940865
21505318;87.095657
21507324;87.249596
21509318;87.402672
21511466;87.554886
21513342;87.706230
21515340;87.856712
21517343;88.006325
21519335;88.155075
21521338;88.302948
21523360;88.449944
21525325;88.596085
21527324;88.741341
21529322;88.885719
21531329;89.029221
21533319;89.171852
21535362;89.313599
21537343;89.454460
21539346;89.594444
21541345;89.733536
21543333;89.871750
21545361;90.009079
21547324;90.145508
21549316;90.281052
21551324;90.415710
21553328;90.549469
21555479;90.682343
21557349;90.814316
21559341;90.945389
21561341;91.075569
21563343;91.204857
21565341;91.333237
21567364;91.460716
21569329;91.587296
21571318;91.712967
21573320;91.837730
21575324;91.961594
21577379;92.084541
21579356;92.206589
21581341;92.327728
21583343;92.447952
21585337;92.567261
21587339;92.685661
21589361;92.803139
21591328;92.861542
21593320;93.035355
21595318;93.150093
21597321;93.263908
21599316;93.376793
21601360;93.488762
21603343;93.599808
21605342;93.709930
21607343;93.819130
21609341;93.927406
21611361;94.034752
21613331;94.141167
21615322;94.246658
21617314;94.351212
21619323;94.454842
21621488;94.557541
21623348;94.659302
21625341;94.760132
21627345;94.860016
21629340;94.958969
21631337;95.056992
21633351;95.154076
21635327;95.250214
21637316;95.345421
21639316;95.439682
21641322;95.532997
21643479;95.625374
21645344;95.716805
21647345;95.807289
21649339;95.896835
21651342;95.985428
21653341;96.073074
21655359;96.159775
21657322;96.245529
21659322;96.330322
21661320;96.414169
21663319;96.497070
21665370;96.579018
21667350;96.660011
21669341;96.740051
21671342;96.819130
21673342;96.897263
21675343;96.974442
21677344;97.050652
21679329;97.125908
21681315;97.200203
21683322;97.273544
21685320;97.345917
21687356;97.417343
21689329;97.487793
21691322;97.557297
21693326;97.625824
21695325;97.693390
21697323;97.759995
21699361;97.825638
21701341;97.890305
21703335;97.954018
21705341;98.016754
21707338;98.078529
21709355;98.139336
21711318;98.199173
21713318;98.258034
21715318;98.315933
21717317;98.372864
21719359;98.428818
21721325;98.483810
21723318;98.537819
21725320;98.590858
21727318;98.642929
21729320;98.694023
21731357;98.744141
21733339;98.793289
21735343;98.841454
21737346;98.888649
21739343;98.934868
21741386;98.980110
21743348;99.024376
21745341;99.067665
21747342;99.109970
21749341;99.151306
21751339;99.191658
21753358;99.231033
21755350;99.269432
21757344;99.306847
21759341;99.343285
21761338;99.378738
21763356;99.413208
21765323;99.446701
21767316;99.479218
21769318;99.510742
21771325;99.541290
21773329;99.570862
21775355;99.599442
21777350;99.627037
21779339;99.653656
21781342;99.679283
21783341;99.703934
21785491;99.727600
21787347;99.750282
21789338;99.771973
21791341;99.792686
21793341;99.812408
21795340;99.831154
21797363;99.848907
21799349;99.865685
21801344;99.881462
21803339;99.896263
21805339;99.910072
21807366;99.922905
21809326;99.934746
21811320;99.945602
21813323;99.955467
21815323;99.964348
21817322;99.972244
21819355;99.979149
21821342;99.985077
21823339;99.990005
21825337;99.993958
21827348;99.996918
21829344;99.998894
21831325;99.999878
21833319;99.999878
21835319;99.998894
21837323;99.996918
21839359;99.993958
21841322;99.990005
21843317;99.985077
21845317;99.979149
21847321;99.972244
21849320;99.964348
21851362;99.955467
21853341;99.945602
21855341;99.934746
21857343;99.922905
21859343;99.910072
21861360;99.896263
21863322;99.881462
21865320;99.865685
21867321;99.848907
21869319;99.831154
21871323;99.812408
21873364;99.792686
21875343;99.771973
21877341;99.750282
21879341;99.727600
21881340;99.703941
21883357;99.679283
21885325;99.653656
21887323;99.627037
21889325;99.599442
21891315;99.570862
21893314;99.541298
21895365;99.510750
21897348;99.479218
21899341;99.446701
21901337;99.413208
21903341;99.378738
21905364;99.343285
21907323;99.306847
21909322;99.269432
21911321;99.231033
21913319;99.191666
21915318;99.151306
21917360;99.109978
21919347;99.067673
21921342;99.024376
21923342;98.980110
21925340;98.934868
21927362;98.888657
21929323;98.841461
21931318;98.793289
21933322;98.744141
21935320;98.694023
21937370;98.642929
21939359;98.590866
21941341;98.537819
21943342;98.483810
21945341;98.428818
21947344;98.372864
21949364;98.315941
21951323;98.258041
21953320;98.199173
21955321;98.139343
21957327;98.078529
21959325;98.016754
21961365;97.954018
21963347;97.890312
21965339;97.825638
21967341;97.759995
21969336;97.693398
21971375;97.625824
21973339;97.557297
21975342;97.487801
21977344;97.417343
21979340;97.345932
21981339;97.273544
21983355;97.200211
21985345;97.125916
21987341;97.050652
21989337;96.974442
21991339;96.897270
21993365;96.819138
21995326;96.740051
21997329;96.660019
21999316;96.579018
22001323;96.497078
22003322;96.414177
22005357;96.330330
22007344;96.245529
22009339;96.159782
22011340;96.073082
22013338;95.985428
22015363;95.896843
22017334;95.807297
22019321;95.716812
22021324;95.625374
22023328;95.533005
22025361;95.439682
22027324;95.345428
22029328;95.250221
22031318;95.154076
22033320;95.057007
22035317;94.958984
22037358;94.860031
22039340;94.760132
22041338;94.659302
22043341;94.557549
22045334;94.454849
22047383;94.351219
22049345;94.246666
22051339;94.141174
22053343;94.034752
22055338;93.927414
22057345;93.819138
22059356;93.709938
22061340;93.599823
22063338;93.488770
22065340;93.376801
22067346;93.263916
22069367;93.150101
22071327;93.035362
22073318;92.919716
22075319;92.803146
22077320;92.685661
22079322;92.567268
22081359;92.447952
22083342;92.327728
22085338;92.206596
22087348;92.084557
22089340;91.961601
22091361;91.837738
22093328;91.712967
22095326;91.587296
22097326;91.460724
22099316;91.333237
22101319;91.204857
22103359;91.075584
22105345;90.945396
22107345;90.814323
22109342;90.682343
22111337;90.549477
22113344;90.415726
22115322;90.281067
22117320;90.145515
22119318;90.009079
22121315;89.871750
22123494;89.733551
22125351;89.594452
22127338;89.454468
22129341;89.313599
22131340;89.171860
22133338;89.029228
22135348;88.885727
22137328;88.741348
22139318;88.596085
22141324;88.449951
22143321;88.302948
22145354;88.155067
22147324;88.006332
22149327;87.856712
22151330;87.706230
22153322;87.554893
22155324;87.402679
22157358;87.249603
22159340;87.095680
22161336;86.940880
22163339;86.785217
22165341;86.628708
22167364;86.471344
22169316;86.313126
22171318;86.154068
22173316;85.994141
22175321;85.833374
22177379;85.671753
22179365;85.509285
22181348;85.345985
22183341;85.181847
22185338;85.016853
22187345;84.851021
22189359;84.684357
22191346;84.516853
22193341;84.348511
22195337;84.179352
22197344;84.009354
22199377;83.838524
22201343;83.666870
22203340;83.494385
22205344;83.321075
22207338;83.146980
22209343;82.972023
22211357;82.796249
22213322;82.619667
22215317;82.442268
22217323;82.264053
22219323;82.085037
22221362;81.905197
22223322;81.724556
22225320;81.543098
22227320;81.360847
22229320;81.177780
22231320;80.993942
22233363;80.809280
22235347;80.623817
22237345;80.437561
22239340;80.250511
22241339;80.062675
22243353;79.874062
22245325;79.684647
22247327;79.494438
22249320;79.303452
22251324;79.111679
22253320;78.919128
22255362;78.725800
22257343;78.531693
22259347;78.336807
22261340;78.141167
22263340;77.944740
22265363;77.747559
22267346;77.549591
22269341;77.350861
22271342;77.151367
22273337;76.951111
22275376;76.750099
22277352;76.548340
22279339;76.345810
22281339;76.142532
22283335;75.938499
22285342;75.733719
22287356;75.528183
22289319;75.321922
22291324;75.114906
22293318;74.907150
22295318;74.698647
22297363;74.489410
22299317;74.279442
22301321;74.068748
22303321;73.857307
22305317;73.645142
22307325;73.432251
22309361;73.218636
22311345;73.004295
22313346;72.789253
22315342;72.573486
22317346;72.356995
22319358;72.139786
22321327;71.921860
22323321;71.703232
22325319;71.483910
22327325;71.263863
22329326;71.043121
22331361;70.821671
22333342;70.599525
22335340;70.376678
22337343;70.153160
22339341;69.928932
22341361;69.816551
22343341;69.478401
22345339;69.252106
22347337;69.025124
22349343;68.797478
22351361;68.569145
22353319;68.340126
22355319;68.110435
22357324;67.880074
22359323;67.649040
22361322;67.417358
22363363;67.184998
22365349;66.951965
22367345;66.718277
22369343;66.483948
22371338;66.248940
22373353;66.013298
22375328;65.776993
22377323;65.540031
22379321;65.302429
22381322;65.064178
22383479;64.825287
22385350;64.585777
22387349;64.345604
22389345;64.104805
22391340;63.863361
22393338;63.621296
22395360;63.378597
22397349;63.135296
22399345;62.891354
22401342;62.646790
22403341;62.401604
22405357;62.155807
22407321;61.909397
22409319;61.662388
22411316;61.414753
22413321;61.166519
22415326;60.917675
22417363;60.668228
22419348;60.418213
22421345;60.167568
22423341;59.916359
22425341;59.664536
22427392;59.412121
22429342;59.159122
22431343;58.905560
22433341;58.651394
22435339;58.396656
22437346;58.141335
22439357;57.885437
22441343;57.628979
22443343;57.371964
22445337;57.114365
22447341;56.856201
22449352;56.597477
22451329;56.338192
22453324;56.078358
22455322;55.817978
22457320;55.557037
22459320;55.295544
22461361;55.033512
22463343;54.770927
22465336;54.507809
22467338;54.244167
22469343;53.979977
22471363;53.715248
22473326;53.449989
22475324;53.184204
22477320;52.917915
22479323;52.651100
22481321;52.383751
22483361;52.115883
22485345;51.847500
22487339;51.578606
22489340;51.309196
22491338;51.039307
22493356;50.768894
22495319;50.497978
22497326;50.226570
22499321;49.954655
22501321;49.682255
22503319;49.409382
22505356;49.136005
22507343;48.862137
22509343;48.587791
22511342;48.312962
22513341;48.037659
22515356;47.761898
22517319;47.485649
22519325;47.208931
22521319;46.931747
22523329;46.654099
22525356;46.375992
22527321;46.236778
22529319;45.818428
22531323;45.538975
22533320;45.259052
22535322;44.978683
22537359;44.697872
22539346;44.416637
22541341;44.134945
22543341;43.852818
22545342;43.570255
22547357;43.287266
22549324;43.003849
22551318;42.720028
22553324;42.435760
22555320;42.151081
22557326;41.865982
22559356;41.580467
22561343;41.294567
22563340;41.008240
22565336;40.721504
22567344;40.434368
22569355;40.146832
22571323;39.858898
22573318;39.570599
22575320;39.281879
22577321;38.992775
22579320;38.703285
22581359;38.413418
22583338;38.123165
22585341;37.832584
22587343;37.541588
22589341;37.250214
22591357;36.958477
22593322;36.666374
22595323;36.373913
22597326;36.081112
22599322;35.787930
22601323;35.494400
22603365;35.200516
22605346;34.906284
22607343;34.611710
22609340;34.316818
22611342;34.021561
22613361;33.725971
22615323;33.430046
22617324;33.133793
22619322;32.837212
22621321;32.540329
22623372;32.243107
22625353;31.945559
22627344;31.647699
22629338;31.349527
22631340;31.051048
22633338;30.752283
22635358;30.453190
22637324;30.153799
22639323;29.854134
22641324;29.554150
22643320;29.253874
22645384;28.953331
22647345;28.652481
22649338;28.351349
22651342;28.049934
22653337;27.748245
22655339;27.446281
22657364;27.144072
22659345;26.841568
22661338;26.538801
22663340;26.235771
22665338;25.932482
22667365;25.628939
22669325;25.325165
22671321;25.021118
22673321;24.716824
22675325;24.412287
22677380;24.107508
22679354;23.802490
22681343;23.497261
22683340;23.191778
22685344;22.886066
22687344;22.580128
22689356;22.273966
22691327;21.967585
22693319;21.661034
22695315;21.354221
22697320;21.047199
22699323;20.739969
22701360;20.432533
22703347;20.124922
22705341;19.817085
22707351;19.509054
22709339;19.200832
22711361;18.892418
22713338;18.583818
22715342;18.275061
22717345;17.966097
22719340;17.656956
22721482;17.347641
22723340;17.038157
22725336;16.728500
22727344;16.418705
22729338;16.108725
22731335;15.798585
22733362;15.488288
22735346;15.177840
22737346;14.867240
22739336;14.556519
22741340;14.245629
22743359;13.934599
22745318;13.623433
22747323;13.312154
22749326;13.000721
22751321;12.689183
22753318;12.377496
22755359;12.065687
22757342;11.753759
22759337;11.441715
22761340;11.129559
22763340;10.817315
22765359;10.504942
22767340;10.192464
22769337;9.879887
22771338;9.567211
22773338;9.254441
22775358;8.941605
22777331;8.628655
22779318;8.315620
22781324;8.002504
22783321;7.689308
22785318;7.376037
22787361;7.062716
22789340;6.749302
22791339;6.435822
22793342;6.122278
22795339;5.808673
22797360;5.495012
22799324;5.181319
22801320;4.867576
22803324;4.553761
22805323;4.239901
22807481;3.925998
22809348;3.612057
22811347;3.298105
22813339;2.984096
22815339;2.670057
22817346;2.355993
22819358;2.041904
22821352;1.727796
22823349;1.413695
22825337;1.099556
22827341;0.785405
22829363;0.471248
22831326;0.157085
22833324;-0.157079
22835320;-0.471218
22837320;-0.785375
22839486;-1.099525
22841347;-1.413665
22843342;-1.727790
22845339;-2.041898
22847345;-2.355963
22849343;-2.670027
22851355;-2.984066
22853324;-3.298074
22855321;-3.612027
22857321;-3.925944
22859321;-4.239846
22861486;-4.553706
22863347;-4.867522
22865339;-5.181289
22867341;-5.495005
22869338;-5.808643
22871341;-6.122248
22873363;-6.435792
22875323;-6.749272
22877319;-7.062686
22879316;-7.376031
22881318;-7.689279
22883321;-8.002474
22885359;-8.315591
22887344;-8.628626
22889342;-8.941574
22891340;-9.254436
22893339;-9.567182
22895363;-9.879857
22897321;-10.192435
22899322;-10.504911
22901318;-10.817286
22903321;-11.129552
22905317;-11.441686
22907358;-11.753706
22909338;-12.065634
22911342;-12.377443
22913340;-12.689130
22915341;-13.000690
22917362;-13.312101
22919320;-13.623403
22921321;-13.934570
22923322;-14.245600
22925314;-14.556490
22927367;-14.867234
22929362;-15.177811
22931344;-15.488259
22933341;-15.798555
22935336;-16.108694
22937344;-16.418676
22939365;-16.728497
22941321;-17.038126
22943322;-17.347612
22945323;-17.656927
22947320;-17.966068
22949323;-18.275030
22951362;-18.583813
22953345;-18.892389
22955340;-19.200802
22957345;-19.509026
22959336;-19.817057
22961364;-20.124868
22963322;-20.432505
22965317;-20.739916
22967318;-21.047146
22969316;-21.354168
22971321;-21.660980
22973361;-21.967579
22975341;-22.273960
22977340;-22.580097
22979335;-22.886036
22981343;-23.191748
22983355;-23.497232
22985327;-23.802485
22987323;-24.107500
22989320;-24.412256
22991323;-24.716795
22993324;-25.021088
22995366;-25.325138
22997346;-25.628933
22999339;-25.932476
23001338;-26.235741
23003338;-26.538771
23005359;-26.841539
23007328;-27.144041
23009318;-27.446276
23011317;-27.748240
23013324;-28.049908
23015321;-28.351297
23017361;-28.652430
23019345;-28.953281
23021339;-29.253843
23023339;-29.554098
23025341;-29.854084
23027359;-30.153772
23029326;-30.453163
23031320;-30.752254
23033319;-31.051043
23035319;-31.349501
23037504;-31.647673
23039339;-31.945532
23041338;-32.243076
23043343;-32.540302
23045342;-32.837208
23047344;-33.133766
23049362;-33.430019
23051346;-33.725945
23053342;-34.021534
23055342;-34.316792
23057343;-34.611706
23059361;-34.906258
23061324;-35.200489
23063320;-35.494373
23065320;-35.787903
23067322;-36.081081
23069321;-36.373882
23071356;-36.666325
23073339;-36.958427
23075340;-37.250168
23077339;-37.541534
23079339;-37.832535
23081359;-38.123161
23083321;-38.413387
23085321;-38.703259
23087323;-38.992748
23089319;-39.281853
23091317;-39.426250
23093358;-39.858894
23095344;-40.146805
23097341;-40.434341
23099337;-40.721478
23101337;-41.008209
23103362;-41.294540
23105321;-41.580467
23107320;-41.865955
23109314;-42.151054
23111316;-42.435734
23113321;-42.720001
23115362;-43.003841
23117345;-43.287262
23119344;-43.570229
23121338;-43.852791
23123340;-44.134895
23125356;-44.416592
23127329;-44.697845
23129318;-44.978657
23131318;-45.259007
23133317;-45.538925
23135489;-45.818401
23137346;-46.097420
23139339;-46.375988
23141341;-46.654095
23143338;-46.931721
23145339;-47.208904
23147357;-47.485622
23149325;-47.761871
23151329;-48.037647
23153318;-48.312950
23155320;-48.587757
23157356;-48.862106
23159320;-49.135971
23161320;-49.409351
23163324;-49.682243
23165322;-49.954624
23167324;-50.226532
23169357;-50.497948
23171343;-50.768864
23173343;-51.039280
23175340;-51.309193
23177342;-51.578552
23179361;-51.847446
23181325;-52.115829
23183320;-52.383698
23185319;-52.651054
23187320;-52.917885
23189319;-53.184174
23191363;-53.449959
23193342;-53.715218
23195341;-53.979946
23197344;-54.244137
23199340;-54.507797
23201362;-54.770897
23203340;-55.033482
23205338;-55.295517
23207339;-55.557007
23209338;-55.817951
23211354;-56.078346
23213321;-56.338161
23215318;-56.597446
23217319;-56.856174
23219318;-57.114334
23221490;-57.371933
23223345;-57.628967
23225343;-57.885414
23227346;-58.141304
23229339;-58.396626
23231338;-58.651344
23233356;-58.905514
23235321;-59.159096
23237322;-59.412075
23239321;-59.664490
23241324;-59.916313
23243375;-60.167545
23245354;-60.418182
23247347;-60.668224
23249343;-60.917645
23251336;-61.166489
23253342;-61.414730
23255360;-61.662357
23257345;-61.909382
23259338;-62.155796
23261343;-62.401573
23263344;-62.646759
23265364;-62.891323
23267321;-63.135265
23269317;-63.378590
23271321;-63.621284
23273322;-63.863338
23275325;-64.104774
23277360;-64.345573
23279352;-64.585747
23281337;-64.825279
23283337;-65.064171
23285339;-65.302383
23287359;-65.539993
23289351;-65.776947
23291348;-66.013260
23293343;-66.248917
23295345;-66.483917
23297344;-66.718254
23299358;-66.951942
23301324;-67.184967
23303320;-67.417336
23305322;-67.649033
23307318;-67.880043
23309321;-68.110413
23311364;-68.340096
23313347;-68.569115
23315337;-68.797455
23317340;-69.025116
23319341;-69.252083
23321359;-69.478378
23323323;-69.703987
23325318;-69.928902
23327322;-70.153137
23329317;-70.376678
23331493;-70.599503
23333344;-70.821648
23335339;-71.043098
23337343;-71.263847
23339338;-71.483871
23341339;-71.703209
23343354;-71.921829
23345320;-72.139755
23347325;-72.356949
23349320;-72.573456
23351315;-72.789230
23353374;-73.004295
23355356;-73.218613
23357344;-73.432228
23359336;-73.645126
23361339;-73.857292
23363338;-74.068726
23365357;-74.279434
23367344;-74.489388
23369343;-74.698624
23371340;-74.907127
23373338;-75.114883
23375390;-75.321899
23377341;-75.528183
23379341;-75.733711
23381338;-75.938477
23383342;-76.142525
23385340;-76.345787
23387347;-76.548302
23389320;-76.750092
23391319;-76.951096
23393318;-77.151337
23395322;-77.350845
23397363;-77.549561
23399324;-77.747513
23401316;-77.944717
23403318;-78.141136
23405322;-78.336807
23407493;-78.531677
23409348;-78.725777
23411344;-78.919121
23413340;-79.111656
23415342;-79.303444
23417345;-79.494415
23419361;-79.684639
23421326;-79.874046
23423317;-80.062660
23425323;-80.250511
23427325;-80.437546
23429313;-80.623817
23431360;-80.809258
23433341;-80.993912
23435341;-81.177780
23437342;-81.360832
23439345;-81.543098
23441351;-81.724533
23443324;-81.905197
23445320;-82.085022
23447321;-82.264038
23449319;-82.442261
23451325;-82.619652
23453361;-82.796249
23455340;-82.972008
23457347;-83.146942
23459337;-83.321091
23461337;-83.494377
23463361;-83.666878
23465325;-83.838524
23467321;-84.009369
23469325;-84.179352
23471322;-84.348511
23473319;-84.516838
23475355;-84.684326
23477345;-84.851006
23479340;-85.016823
23481339;-85.181801
23483339;-85.345963
23485362;-85.509262
23487320;-85.671738
23489324;-85.833344
23491321;-85.994102
23493320;-86.154037
23495322;-86.313095
23497359;-86.471329
23499343;-86.628685
23501341;-86.785210
23503339;-86.940849
23505337;-87.095634
23507358;-87.249588
23509327;-87.402657
23511320;-87.554878
23513323;-87.706215
23515316;-87.856689
23517319;-88.006317
23519361;-88.155052
23521341;-88.302948
23523343;-88.449944
23525338;-88.596085
23527348;-88.741333
23529364;-88.885704
23531318;-89.029221
23533321;-89.171837
23535323;-89.313599
23537319;-89.454453
23539359;-89.594421
23541322;-89.733536
23543328;-89.871742
23545326;-90.009079
23547320;-90.145508
23549321;-90.281067
23551361;-90.415703
23553346;-90.549461
23555341;-90.682343
23557338;-90.814308
23559339;-90.945396
23561356;-91.075569
23563321;-91.204849
23565323;-91.333237
23567324;-91.460709
23569320;-91.587296
23571494;-91.712967
23573348;-91.837738
23575339;-91.961601
23577341;-92.084541
23579342;-92.206596
23581343;-92.327705
23583357;-92.447945
23585345;-92.567245
23587343;-92.685638
23589339;-92.803131
23591334;-92.919693
23593357;-93.035355
23595326;-93.150070
23597324;-93.263885
23599323;-93.376785
23601324;-93.488747
23603321;-93.599800
23605356;-93.709923
23607321;-93.819130
23609318;-93.927399
23611321;-94.034737
23613318;-94.141159
23615360;-94.246643
23617318;-94.351212
23619321;-94.454834
23621316;-94.557526
23623316;-94.659294
23625324;-94.760117
23627363;-94.860016
23629342;-94.958969
23631342;-95.056999
23633339;-95.154068
23635340;-95.250206
23637357;-95.345413
23639332;-95.439674
23641319;-95.532997
23643323;-95.625374
23645322;-95.716789
23647324;-95.807289
23649360;-95.896828
23651341;-95.985428
23653342;-96.073074
23655337;-96.159782
23657345;-96.245522
23659356;-96.330322
23661324;-96.414177
23663321;-96.497070
23665324;-96.579018
23667321;-96.660011
23669373;-96.740044
23671357;-96.819138
23673341;-96.897255
23675341;-96.974442
23677348;-97.050652
23679336;-97.125916
23681361;-97.200203
23683328;-97.273544
23685322;-97.345924
23687317;-97.417343
23689315;-97.487793
23691321;-97.557281
23693361;-97.625809
23695326;-97.693382
23697320;-97.759987
23699324;-97.825630
23701327;-97.890297
23703320;-97.954010
23705361;-98.016754
23707351;-98.078522
23709339;-98.139336
23711339;-98.199165
23713339;-98.258034
23715361;-98.315933
23717348;-98.372856
23719343;-98.428818
23721341;-98.483803
23723340;-98.537811
23725385;-98.590858
23727348;-98.642929
23729342;-98.694023
23731339;-98.744133
23733339;-98.793289
23735341;-98.841454
23737365;-98.888657
23739329;-98.934868
23741324;-98.980103
23743321;-99.024376
23745327;-99.067665
23747367;-99.109978
23749327;-99.151306
23751319;-99.191666
23753322;-99.231033
23755320;-99.269424
23757326;-99.306847
23759363;-99.343285
23761337;-99.378738
23763339;-99.413208
23765340;-99.446701
23767343;-99.479218
23769358;-99.510742
23771325;-99.541298
23773322;-99.570862
23775319;-99.599442
23777319;-99.627037
23779323;-99.653656
23781358;-99.679283
23783345;-99.703934
23785338;-99.727600
23787341;-99.750282
23789338;-99.771973
23791357;-99.792686
23793323;-99.812408
23795320;-99.831161
23797317;-99.848907
23799318;-99.865677
23801373;-99.881462
23803345;-99.896263
23805335;-99.910072
23807345;-99.922905
23809340;-99.934746
23811343;-99.945602
23813358;-99.955460
23815342;-99.964348
23817346;-99.972244
23819346;-99.979149
23821337;-99.985069
23823364;-99.990005
23825324;-99.993958
23827316;-99.996910
23829321;-99.998894
23831322;-99.999878
23833315;-99.999878
23835356;-99.998894
23837346;-99.996918
23839338;-99.993958
23841341;-99.992104
23843338;-99.985077
23845355;-99.979149
23847327;-99.972244
23849323;-99.964348
23851319;-99.955467
23853323;-99.945602
23855322;-99.934746
23857359;-99.922905
23859345;-99.910080
23861343;-99.896263
23863342;-99.881462
23865343;-99.865685
23867360;-99.848907
23869326;-99.831161
23871325;-99.812416
23873323;-99.792686
23875323;-99.771973
23877503;-99.750282
23879344;-99.727600
23881337;-99.703934
23883342;-99.679283
23885341;-99.653656
23887341;-99.627037
23889358;-99.599442
23891320;-99.570862
23893321;-99.541298
23895325;-99.510750
23897327;-99.479218
23899386;-99.446709
23901343;-99.413208
23903343;-99.378738
23905341;-99.343285
23907343;-99.306854
23909337;-99.269440
23911346;-99.231041
23913323;-99.191666
23915323;-99.151314
23917320;-99.109985
23919320;-99.067673
23921496;-99.024384
23923344;-98.980118
23925341;-98.934868
23927341;-98.888657
23929339;-98.841461
23931335;-98.793289
23933357;-98.744148
23935347;-98.694023
23937342;-98.642937
23939341;-98.590866
23941336;-98.537827
23943348;-98.483810
23945353;-98.428825
23947345;-98.372871
23949337;-98.315941
23951333;-98.258049
23953341;-98.199181
23955361;-98.139343
23957324;-98.078537
23959323;-98.016754
23961326;-97.954025
23963326;-97.890312
23965491;-97.825638
23967351;-97.760002
23969342;-97.693398
23971341;-97.625824
23973340;-97.557297
23975341;-97.487801
23977349;-97.417351
23979322;-97.345924
23981318;-97.273552
23983319;-97.200203
23985323;-97.125916
23987399;-97.050652
23989349;-96.974442
23991343;-96.897270
23993341;-96.819138
23995339;-96.740051
23997345;-96.660011
23999361;-96.579018
24001343;-96.497086
24003335;-96.414177
24005338;-96.330330
24007343;-96.245522
24009359;-96.159782
24011327;-96.073074
24013320;-95.985443
24015320;-95.896851
24017323;-95.807304
24019330;-95.716820
24021361;-95.625381
24023342;-95.533012
24025338;-95.439697
24027344;-95.345428
24029341;-95.250237
24031355;-95.154083
24033321;-95.057007
24035319;-94.958984
24037323;-94.860039
24039321;-94.760147
24041324;-94.659309
24043356;-94.557556
24045341;-94.454849
24047337;-94.351234
24049337;-94.246681
24051340;-94.141182
24053362;-94.034767
24055326;-93.927414
24057322;-93.819145
24059316;-93.709961
24061321;-93.599823
24063376;-93.488785
24065358;-93.376801
24067352;-93.263916
24069345;-93.150093
24071342;-93.035370
24073339;-92.919724
24075362;-92.803154
24077325;-92.685677
24079323;-92.567268
24081318;-92.447960
24083317;-92.327744
24085321;-92.206596
24087364;-92.084564
24089350;-91.961601
24091345;-91.837738
24093333;-91.712967
24095335;-91.587296
24097358;-91.460732
24099327;-91.333237
24101322;-91.204865
24103329;-91.075569
24105317;-90.945396
24107379;-90.814331
24109342;-90.682343
24111341;-90.549484
24113340;-90.415703
24115341;-90.281067
24117340;-90.145508
24119356;-90.009079
24121319;-89.871780
24123323;-89.733559
24125322;-89.594475
24127324;-89.454475
24129362;-89.313622
24131319;-89.171890
24133317;-89.029243
24135320;-88.885750
24137323;-88.741356
24139319;-88.596107
24141363;-88.449959
24143342;-88.302971
24145335;-88.155106
24147336;-88.006340
24149340;-87.856735
24151361;-87.706238
24153322;-87.554901
24155318;-87.402702
24157317;-87.249611
24159324;-87.095680
24161374;-86.940872
24163357;-86.785233
24165342;-86.628708
24167347;-86.471352
24169340;-86.313148
24171338;-86.154060
24173360;-85.994148
24175321;-85.833374
24177321;-85.671761
24179318;-85.509315
24181323;-85.345993
24183324;-85.181847
24185364;-85.016846
24187344;-84.851036
24189341;-84.684349
24191342;-84.516861
24193336;-84.348534
24195357;-84.179352
24197322;-84.009369
24199321;-83.838524
24201320;-83.666878
24203316;-83.494408
24205319;-83.321091
24207358;-83.146973
24209345;-82.972008
24211341;-82.796249
24213338;-82.619652
24215341;-82.442261
24217346;-82.264069
24219324;-82.085022
24221321;-81.905197
24223318;-81.724533
24225327;-81.543098
24227363;-81.360855
24229325;-81.177811
24231325;-80.993965
24233325;-80.809288
24235322;-80.623840
24237319;-80.437599
24239360;-80.250534
24241339;-80.062714
24243339;-79.874077
24245333;-79.684669
24247348;-79.494446
24249358;-79.303474
24251321;-79.111710
24253326;-78.919151
24255316;-78.725830
24257319;-78.531708
24259319;-78.336838
24261356;-78.141197
24263344;-77.944756
24265338;-77.747574
24267350;-77.549591
24269340;-77.350876
24271354;-77.151367
24273319;-76.951126
24275325;-76.750122
24277319;-76.548340
24279317;-76.345825
24281325;-76.142525
24283358;-75.938507
24285342;-75.733742
24287344;-75.528191
24289343;-75.321938
24291338;-75.114906
24293355;-74.907158
24295317;-74.698639
24297322;-74.489418
24299321;-74.279465
24301317;-74.068741
24303378;-73.857323
24305351;-73.645142
24307345;-73.432266
24309341;-73.218666
24311340;-73.004303
24313338;-72.789261
24315360;-72.573471
24317322;-72.356987
24319321;-72.139763
24321319;-71.921860
24323318;-71.703247
24325319;-71.483887
24327360;-71.263863
24329347;-71.043098
24331337;-70.821671
24333339;-70.599533
24335336;-70.376678
24337363;-70.153191
24339333;-69.928940
24341327;-69.704033
24343323;-69.478439
24345319;-69.252129
24347381;-69.025169
24349360;-68.797493
24351344;-68.569168
24353340;-68.340134
24355342;-68.110466
24357341;-67.880119
24359344;-67.649063
24361326;-67.417389
24363319;-67.185005
24365326;-66.951988
24367319;-66.718323
24369387;-66.483955
24371341;-66.248970
24373344;-66.013298
24375340;-65.777000
24377341;-65.540024
24379339;-65.302437
24381347;-65.064201
24383325;-64.825294
24385318;-64.585785
24387322;-64.345589
24389321;-64.104805
24391512;-63.863392
24393342;-63.621307
24395339;-63.378628
24397342;-63.135292
24399339;-62.891365
24401340;-62.646778
24403357;-62.401615
24405348;-62.155830
24407340;-61.909401
24409346;-61.662399
24411342;-61.414749
24413394;-61.166527
24415362;-60.917706
24417347;-60.668243
24419340;-60.418217
24421339;-60.167564
24423339;-59.916348
24425364;-59.664505
24427321;-59.412109
24429316;-59.159134
24431320;-58.905529
24433315;-58.651386
24435499;-58.396626
24437342;-58.141327
24439340;-57.885448
24441340;-57.628967
24443346;-57.371990
24445337;-57.114376
24447357;-56.856228
24449328;-56.597485
24451324;-56.338223
24453316;-56.078403
24455319;-55.817993
24457318;-55.557068
24459362;-55.295555
24461338;-55.033539
24463341;-54.770977
24465341;-54.507839
24467346;-54.244198
24469364;-53.979980
24471325;-53.715279
24473320;-53.450001
24475317;-53.184235
24477322;-52.917946
24479323;-52.651096
24481359;-52.383762
24483345;-52.115868
24485342;-51.847504
24487353;-51.578636
24489344;-51.309212
24491362;-51.039322
24493323;-50.768887
24495325;-50.497990
24497322;-50.226559
24499318;-49.954666
24501315;-49.682285
24503363;-49.409370
24505341;-49.136013
24507340;-48.862125
24509343;-48.587799
24511338;-48.312996
24513449;-48.037670
24515344;-47.761909
24517349;-47.485641
24519347;-47.208942
24521342;-46.931778
24523339;-46.654110
24525354;-46.376026
24527323;-46.097439
24529320;-45.957993
24531322;-45.538944
24533319;-45.259045
24535385;-44.978695
24537349;-44.697865
24539338;-44.416630
24541337;-44.134918
24543335;-43.852810
24545341;-43.570271
24547359;-43.287258
24549347;-43.003864
24551341;-42.720039
24553342;-42.435799
24555343;-42.151093
24557360;-41.866016
24559328;-41.580528
24561315;-41.294582
24563318;-41.008274
24565324;-40.721519
24567502;-40.434402
24569350;-40.146889
24571344;-39.858932
24573341;-39.570629
24575334;-39.281891
24577340;-38.992809
24579361;-38.703300
24581343;-38.413452
24583342;-38.123226
24585342;-37.832577
24587340;-37.541599
24589357;-37.250210
24591321;-37.104397
24593324;-36.666412
24595327;-36.373924
24597321;-36.081123
24599321;-35.787922
24601355;-35.494415
24603343;-35.200508
24605339;-34.906300
24607336;-34.611748
24609338;-34.316807
24611366;-34.021576
24613329;-33.725964
24615320;-33.430061
24617321;-33.133827
24619318;-32.837227
24621502;-32.540344
24623338;-32.243095
24625344;-31.945574
24627346;-31.647692
24629340;-31.349543
24631338;-31.051085
24633362;-30.752274
24635319;-30.453205
24637322;-30.153790
24639321;-29.854124
24641320;-29.554165
24643321;-29.253864
24645357;-28.953323
24647345;-28.652451
24649337;-28.351339
24651339;-28.049904
24653341;-27.748236
24655357;-27.446297
24657326;-27.144039
24659323;-26.841604
24661325;-26.538816
24663323;-26.235809
24665395;-25.932545
24667345;-25.628975
24669342;-25.325203
24671336;-25.021133
24673338;-24.716862
24675339;-24.412348
24677346;-24.107544
24679324;-23.802551
24681320;-23.497276
24683322;-23.191816
24685323;-22.886080
24687386;-22.580164
24689345;-22.274027
24691339;-21.967623
24693340;-21.661047
24695339;-21.354214
24697342;-21.047215
24699359;-20.740007
24701348;-20.432549
24703339;-20.124935
24705340;-19.817076
24707345;-19.509069
24709361;-19.200823
24711327;-18.892433
24713319;-18.583858
24715324;-18.275051
24717326;-17.966110
24719322;-17.656948
24721359;-17.347656
24723346;-17.038193
24725340;-16.728516
24727340;-16.418720
24729342;-16.108715
24731364;-15.798600
24733321;-15.488279
24735316;-15.177855
24737317;-14.867279
24739323;-14.556509
24741312;-14.245645
24743362;-13.934591
24745342;-13.623447
24747346;-13.312168
24749343;-13.000711
24751341;-12.689175
24753357;-12.377464
24755324;-12.065679
24757326;-11.753728
24759322;-11.441707
24761324;-11.129574
24763321;-10.817284
24765359;-10.504933
24767350;-10.192480
24769347;-9.879926
24771335;-9.567274
24773342;-9.254481
24775358;-8.941644
24777326;-8.628671
24779320;-8.315660
24781317;-8.002520
24783325;-7.689348
24785321;-7.376100
24787359;-7.062732
24789341;-6.749341
24791341;-6.435838
24793341;-6.122317
24795340;-5.808736
24797359;-5.495050
24799325;-5.181358
24801320;-4.867567
24803321;-4.553775
24805322;-4.239939
24807325;-3.926013
24809357;-3.612096
24811342;-3.298096
24813336;-2.984111
24815341;-2.670048
24817343;-2.356008
24819358;-2.041943
24821324;-1.727811
24823319;-1.413710
24825326;-1.099547
24827320;-0.785421
24829322;-0.471287
24831357;-0.157100
24833340;0.157080
24835338;0.471237
24837347;0.785390
24839337;1.099535
24841362;1.413669
24843327;1.727790
24845315;2.041893
24847318;2.355976
24849317;2.670036
24851319;2.984070
24853357;3.298074
24855343;3.612046
24857345;3.925981
24859340;4.239879
24861345;4.553734
24863359;4.867544
24865320;5.181307
24867326;5.495018
24869321;5.808674
24871321;6.122274
24873321;6.435814
24875359;6.749289
24877345;7.062697
24879336;7.376038
24881341;7.689305
24883340;8.002495
24885363;8.315607
24887320;8.628635
24889319;8.941581
24891321;9.254436
24893323;9.567202
24895326;9.879873
24897345;10.192444
24899333;10.504917
24901316;10.817286
24903323;11.129548
24905315;11.441700
24907362;11.753738
24909326;12.065662
24911320;12.377467
24913322;12.689150
24915323;13.000705
24917317;13.312133
24919363;13.623430
24921345;13.934594
24923336;14.245617
24925341;14.556500
24927342;14.867243
24929358;15.177837
24931325;15.488280
24933324;15.798573
24935322;16.108707
24937323;16.418684
24939323;16.728498
24941358;17.038149
24943342;17.347628
24945343;17.656937
24947345;17.966076
24949346;18.275032
24951357;18.583811
24953321;18.892406
24955319;19.200811
24957322;19.509031
24959317;19.817057
24961321;20.124889
24963357;20.432520
24965344;20.739950
24967345;21.047176
24969341;21.354193
24971341;21.660999
24973357;21.967592
24975323;22.273970
24977323;22.580126
24979326;22.886059
24981318;23.191769
24983315;23.497246
24985359;23.802494
24987352;24.107506
24989341;24.412279
24991343;24.716812
24993343;25.021099
24995346;25.325144
24997316;25.628939
24999319;25.932476
25001322;26.235760
25003320;26.538784
25005389;26.841545
25007348;27.144045
25009340;27.446274
25011342;27.748230
25013341;28.049919
25015342;28.351324
25017349;28.652456
25019327;28.953299
25021323;29.253859
25023319;29.554132
25025323;29.854111
25027360;30.153793
25029325;30.453184
25031319;30.752268
25033319;31.051052
25035325;31.349527
25037317;31.647697
25039360;31.945551
25041341;32.243092
25043336;32.540310
25045338;32.837208
25047342;33.133785
25049360;33.430038
25051328;33.725952
25053319;34.021542
25055323;34.316792
25057323;34.611706
25059319;34.906273
25061363;35.200500
25063340;35.494377
25065340;35.787907
25067342;36.081081
25069340;36.373901
25071357;36.666363
25073325;36.958458
25075326;37.250191
25077322;37.541557
25079321;37.832550
25081316;38.123173
25083359;38.413418
25085340;38.703281
25087343;38.992767
25089340;39.281864
25091336;39.570580
25093364;39.858898
25095328;40.146824
25097315;40.434357
25099319;40.721493
25101324;41.008221
25103317;41.294548
25105360;41.580467
25107351;41.865971
25109341;42.151066
25111336;42.435749
25113339;42.720005
25115352;43.003841
25117326;43.287258
25119315;43.570240
25121324;43.852798
25123319;44.134922
25125401;44.416611
25127346;44.697861
25129339;44.978668
25131338;45.259033
25133341;45.538948
25135340;45.818417
25137360;46.097435
25139324;46.375996
25141321;46.654099
25143322;46.931744
25145324;47.208927
25147492;47.485634
25149339;47.761883
25151341;48.037659
25153343;48.312958
25155339;48.587780
25157338;48.862122
25159361;49.135986
25161343;49.409363
25163344;49.682243
25165345;49.954647
25167345;50.226551
25169358;50.497963
25171322;50.768871
25173320;51.039284
25175326;51.309193
25177324;51.578583
25179322;51.847477
25181358;52.115856
25183349;52.383720
25185344;52.651070
25187342;52.917896
25189347;53.184204
25191362;53.449982
25193319;53.715237
25195317;53.979958
25197324;54.244156
25199322;54.507809
25201318;54.770924
25203362;55.033501
25205347;55.295532
25207338;55.557018
25209342;55.817963
25211335;56.078350
25213357;56.338184
25215321;56.597466
25217320;56.856178
25219319;57.114338
25221325;57.371937
25223322;57.628967
25225358;57.885426
25227353;58.141319
25229341;58.396633
25231341;58.651371
25233341;58.905529
25235361;59.159111
25237326;59.412106
25239322;59.664516
25241325;59.916336
25243318;60.167557
25245380;60.418190
25247350;60.668228
25249339;60.917671
25251339;61.166508
25253339;61.414749
25255343;61.662376
25257347;61.909389
25259321;62.155800
25261318;62.401592
25263315;62.646778
25265323;62.891342
25267323;63.135277
25269357;63.378597
25271340;63.621284
25273342;63.863350
25275337;64.104782
25277341;64.345589
25279366;64.585754
25281320;64.825279
25283326;65.064171
25285321;65.302414
25287322;65.540009
25289323;65.776978
25291361;66.013275
25293344;66.248932
25295339;66.483932
25297351;66.718277
25299343;66.951958
25301357;67.184982
25303320;67.417351
25305316;67.649040
25307319;67.880074
25309325;68.110428
25311320;68.340118
25313359;68.569130
25315343;68.797462
25317343;69.025124
25319339;69.252098
25321340;69.478394
25323364;69.703995
25325324;69.928909
25327325;70.153137
25329323;70.376678
25331320;70.599518
25333325;70.821655
25335358;71.043106
25337346;71.263847
25339339;71.483887
25341341;71.593643
25343339;71.921852
25345355;72.139778
25347325;72.356972
25349322;72.573471
25351326;72.789238
25353321;73.004303
25355508;73.218636
25357349;73.432251
25359339;73.645142
25361343;73.857300
25363336;74.068741
25365336;74.279442
25367364;74.489403
25369345;74.698639
25371339;74.907135
25373340;75.114891
25375342;75.321915
25377362;75.528183
25379329;75.733711
25381322;75.938484
25383327;76.142517
25385326;76.345795
25387324;76.548325
25389357;76.750092
25391343;76.951103
25393339;77.151352
25395346;77.350845
25397347;77.549568
25399356;77.747536
25401317;77.944733
25403321;78.141159
25405320;78.336807
25407321;78.531693
25409323;78.725800
25411358;78.919128
25413345;79.111679
25415344;79.303452
25417342;79.494438
25419341;79.684631
25421354;79.874054
25423316;80.062675
25425319;80.250511
25427318;80.437561
25429322;80.623810
25431363;80.809273
25433324;80.993927
25435325;81.177780
25437326;81.360840
25439320;81.543091
25441318;81.724548
25443362;81.905190
25445345;82.085022
25447347;82.264038
25449341;82.442261
25451337;82.619659
25453364;82.796242
25455327;82.972015
25457322;83.146957
25459314;83.321083
25461317;83.494392
25463319;83.666870
25465342;83.838524
25467320;84.009354
25469318;84.179352
25471318;84.348526
25473321;84.516853
25475397;84.684349
25477350;84.851013
25479344;85.016846
25481339;85.181831
25483340;85.345985
25485337;85.509285
25487354;85.671745
25489322;85.833366
25491322;85.994133
25493321;86.154045
25495328;86.313118
25497363;86.471336
25499321;86.628700
25501319;86.785210
25503317;86.940865
25505326;87.095657
25507361;87.249596
25509325;87.402672
25511321;87.554886
25513322;87.706230
25515316;87.856712
25517322;88.006325
25519356;88.155075
25521341;88.302948
25523343;88.449944
25525343;88.596085
25527341;88.741341
25529358;88.885719
25531323;89.029221
25533325;89.171852
25535330;89.313599
25537324;89.454460
25539375;89.594444
25541342;89.733536
25543335;89.871750
25545340;90.009079
25547344;90.145508
25549340;90.281052
25551357;90.415710
25553329;90.549469
25555327;90.682343
25557325;90.814316
25559324;90.945389
25561503;91.075569
25563340;91.204857
25565340;91.333237
25567338;91.460716
25569341;91.587296
25571336;91.712967
25573357;91.837730
25575323;91.961594
25577326;92.084541
25579320;92.206589
25581325;92.327728
25583362;92.447952
25585329;92.567261
25587318;92.685661
25589324;92.803139
25591318;92.919708
25593322;93.035355
25595357;93.150093
25597346;93.263908
25599339;93.376793
25601338;93.488762
25603339;93.599808
25605356;93.709930
25607323;93.819130
25609317;93.927406
25611324;94.034752
25613321;94.141167
25615323;94.246658
25617358;94.351212
25619343;94.454842
25621341;94.557541
25623344;94.659302
25625340;94.760132
25627359;94.860016
25629342;94.958969
25631338;95.056992
25633340;95.154076
25635340;95.250214
25637360;95.345421
25639328;95.439682
25641320;95.532997
25643321;95.625374
25645319;95.716805
25647322;95.807289
25649359;95.896835
25651348;95.985428
25653343;96.073074
25655341;96.159775
25657344;96.245529
25659358;96.330322
25661323;96.414169
25663322;96.497070
25665323;96.579018
25667324;96.660011
25669322;96.740051
25671359;96.819130
25673339;96.897263
25675339;96.974442
25677346;97.050652
25679341;97.125908
25681362;97.200203
25683323;97.273544
25685319;97.345917
25687321;97.417343
25689318;97.487793
25691320;97.557297
25693360;97.625824
25695344;97.693390
25697344;97.759995
25699339;97.825638
25701342;97.890305
25703362;97.954018
25705323;98.016754
25707319;98.078529
25709322;98.139336
25711321;98.199173
25713323;98.258034
25715356;98.315933
25717347;98.372864
25719343;98.428818
25721337;98.483810
25723343;98.537819
25725344;98.590858
25727321;98.642929
25729323;98.694023
25731320;98.744141
25733319;98.793289
25735523;98.841454
25737347;98.888649
25739348;98.934868
25741343;98.980110
25743338;99.024376
25745346;99.067665
25747363;99.109970
25749323;99.151306
25751323;99.191658
25753322;99.231033
25755315;99.269432
25757323;99.306847
25759358;99.343285
25761345;99.378738
25763341;99.413208
25765338;99.446701
25767341;99.479218
25769361;99.510742
25771322;99.541290
25773319;99.570862
25775321;99.599442
25777324;99.627037
25779322;99.653656
25781355;99.679283
25783341;99.703934
25785340;99.727600
25787343;99.750282
25789338;99.771973
25791355;99.792686
25793320;99.812408
25795317;99.831154
25797322;99.848907
25799320;99.865685
25801324;99.881462
25803356;99.896263
25805344;99.910072
25807344;99.922905
25809338;99.934746
25811336;99.945602
25813365;99.955467
25815326;99.964348
25817323;99.972244
25819325;99.979149
25821322;99.985077
25823364;99.990005
25825323;99.993958
25827319;99.996918
25829320;99.998894
25831319;99.999878
25833323;99.999878
25835350;99.998894
25837325;99.996918
25839320;99.993958
25841322;99.990005
25843324;99.985077
25845357;99.979149
25847324;99.972244
25849322;99.964348
25851318;99.955467
25853323;99.945602
25855316;99.934746
25857367;99.922905
25859341;99.910072
25861340;99.896263
25863340;99.881462
25865339;99.865685
25867366;99.848907
25869326;99.831154
25871320;99.812408
25873318;99.792686
25875320;99.771973
25877327;99.750282
25879358;99.727600
25881341;99.703941
25883342;99.679283
25885338;99.653656
25887346;99.627037
25889361;99.599442
25891322;99.570862
25893320;99.541298
25895318;99.510750
25897323;99.479218
25899324;99.446701
25901364;99.413208
25903343;99.378738
25905342;99.343285
25907339;99.306847
25909336;99.269432
25911361;99.231033
25913343;99.191666
25915341;99.151306
25917348;99.109978
25919341;99.067673
25921364;99.024376
25923322;98.980110
25925323;98.934868
25927320;98.888657
25929325;98.841461
25931323;98.793289
25933359;98.744141
25935340;98.694023
25937342;98.642929
25939343;98.590866
25941334;98.537819
25943362;98.483810
25945323;98.428818
25947317;98.372864
25949319;98.315941
25951324;98.258041
25953320;98.199173
25955362;98.139343
25957342;98.078529
25959342;98.016754
25961340;97.954018
25963340;97.890312
25965353;97.825638
25967321;97.759995
25969316;97.693398
25971316;97.625824
25973319;97.557297
25975383;97.487801
25977342;97.417343
25979339;97.345932
25981339;97.273544
25983344;97.200211
25985339;97.125916
25987359;97.050652
25989345;96.974442
25991346;96.897270
25993343;96.819138
25995340;96.740051
25997363;96.660019
25999327;96.579018
26001322;96.497078
26003322;96.414177
26005320;96.330330
26007322;96.245529
26009366;96.159782
26011346;96.073082
26013341;95.985428
26015339;95.896843
26017343;95.807297
26019358;95.716812
26021326;95.625374
26023319;95.533005
26025318;95.439682
26027318;95.345428
26029320;95.250221
26031360;95.154076
26033345;95.057007
26035339;94.958984
26037339;94.860031
26039345;94.760132
26041366;94.659302
26043325;94.557549
26045319;94.454849
26047316;94.351219
26049323;94.246666
26051318;94.141174
26053359;94.034752
26055343;93.927414
26057343;93.819138
26059341;93.709938
26061342;93.599823
26063359;93.488770
26065320;93.376801
26067323;93.263916
26069321;93.150101
26071323;93.035362
26073394;92.919716
26075351;92.803146
26077343;92.685661
26079340;92.567268
26081342;92.447952
26083341;92.327728
26085361;92.206596
26087345;92.084557
26089344;91.961601
26091339;91.899780
26093343;91.712967
26095421;91.587296
26097353;91.460724
26099345;91.333237
26101340;91.204857
26103341;91.075584
26105340;90.945396
26107345;90.814323
26109321;90.682343
26111320;90.549477
26113322;90.415726
26115322;90.281067
26117402;90.145515
26119348;90.009079
26121343;89.871750
26123342;89.733551
26125339;89.594452
26127340;89.454468
26129349;89.313599
26131324;89.171860
26133321;89.029228
26135318;88.885727
26137316;88.741348
26139499;88.596085
26141347;88.449951
26143348;88.302948
26145340;88.155067
26147342;88.006332
26149340;87.856712
26151363;87.706230
26153344;87.554893
26155341;87.402679
26157344;87.249603
26159336;87.095680
26161359;86.940880
26163326;86.785217
26165327;86.628708
26167322;86.471344
26169320;86.313126
26171318;86.154068
26173361;85.994141
26175339;85.833374
26177344;85.671753
26179341;85.509285
26181344;85.345985
26183362;85.181847
26185320;85.016853
26187318;84.851021
26189318;84.684357
26191321;84.516853
26193358;84.348511
26195322;84.179352
26197314;84.009354
26199318;83.838524
26201322;83.666870
26203320;83.494385
26205359;83.321075
26207341;83.146980
26209341;82.972023
26211339;82.796249
26213337;82.619667
26215361;82.442268
26217320;82.264053
26219320;82.085037
26221317;81.905197
26223322;81.724556
26225324;81.543098
26227362;81.360847
26229342;81.177780
26231346;80.993942
26233336;80.809280
26235339;80.623817
26237353;80.437561
26239327;80.250511
26241323;80.062675
26243324;79.874062
26245326;79.684647
26247507;79.494438
26249349;79.303452
26251338;79.111679
26253339;78.919128
26255340;78.725800
26257336;78.531693
26259354;78.336807
26261322;78.141167
26263321;77.944740
26265318;77.747559
26267323;77.549591
26269508;77.350861
26271342;77.151367
26273341;76.951111
26275336;76.750099
26277339;76.548340
26279342;76.345810
26281357;76.142532
26283344;75.938499
26285341;75.733719
26287345;75.528183
26289341;75.321922
26291358;75.114906
26293322;74.907150
26295316;74.698647
26297324;74.489410
26299319;74.279442
26301321;74.068748
26303360;73.857307
26305344;73.645142
26307344;73.432251
26309340;73.218636
26311342;73.004295
26313411;72.789253
26315344;72.573486
26317345;72.356995
26319342;72.139786
26321334;71.921860
26323337;71.703232
26325362;71.483910
26327343;71.263863
26329339;71.043121
26331342;70.821671
26333340;70.599525
26335359;70.376678
26337351;70.153160
26339339;69.928932
26341343;69.704010
26343341;69.478401
26345340;69.252106
26347362;69.025124
26349330;68.797478
26351320;68.569145
26353319;68.340126
26355320;68.110435
26357524;67.880074
26359345;67.649040
26361345;67.417358
26363342;67.184998
26365342;66.951965
26367345;66.718277
26369355;66.483948
26371330;66.248940
26373318;66.013298
26375321;65.776993
26377325;65.540031
26379357;65.302429
26381324;65.064178
26383321;64.825287
26385321;64.585777
26387324;64.345604
26389321;64.104805
26391360;63.863361
26393348;63.621296
26395342;63.378597
26397345;63.135296
26399341;62.891354
26401359;62.646790
26403321;62.401604
26405327;62.155807
26407320;61.909397
26409322;61.662388
26411318;61.414753
26413362;61.166519
26415347;60.917675
26417344;60.668228
26419343;60.418213
26421337;60.167568
26423358;59.916359
26425325;59.664536
26427318;59.412121
26429318;59.159122
26431322;58.905560
26433316;58.651394
26435357;58.396656
26437348;58.141335
26439341;57.885437
26441336;57.628979
26443337;57.371964
26445365;57.114365
26447324;56.856201
26449319;56.597477
26451316;56.338192
26453321;56.078358
26455420;55.817978
26457339;55.557037
26459335;55.295544
26461341;55.033512
26463343;54.770927
26465343;54.507809
26467354;54.244167
26469324;53.979977
26471321;53.715248
26473318;53.449989
26475324;53.184204
26477412;52.917915
26479344;52.651100
26481343;52.383751
26483337;52.115883
26485343;51.847500
26487342;51.578606
26489358;51.309196
26491343;51.039307
26493338;50.768894
26495343;50.497978
26497342;50.226570
26499359;49.954655
26501326;49.682255
26503318;49.409382
26505320;49.136005
26507320;48.862137
26509324;48.587791
26511353;48.312962
26513344;48.037659
26515343;47.761898
26517345;47.485649
26519342;47.208931
26521355;46.931747
26523324;46.654099
26525319;46.375992
26527323;46.097446
26529326;45.818428
26531516;45.678757
26533344;45.259052
26535339;44.978683
26537338;44.697872
26539339;44.416637
26541339;44.134945
26543358;43.852818
26545341;43.570255
26547347;43.287266
26549340;43.003849
26551339;42.720028
26553359;42.435760
26555319;42.151081
26557320;41.865982
26559318;41.580467
26561318;41.294567
26563363;41.008240
26565326;40.721504
26567325;40.434368
26569316;40.146832
26571322;39.858898
26573326;39.570599
26575359;39.281879
26577346;38.992775
26579340;38.703285
26581344;38.413418
26583341;38.123165
26585359;37.832584
26587329;37.541588
26589322;37.250214
26591319;36.958477
26593321;36.666374
26595523;36.373913
26597349;36.081112
26599337;35.787930
26601341;35.494400
26603337;35.200516
26605339;34.906284
26607356;34.611710
26609321;34.316818
26611321;34.021561
26613320;33.725971
26615319;33.430046
26617402;33.133793
26619343;32.837212
26621343;32.540329
26623339;32.243107
26625340;31.945559
26627342;31.647699
26629356;31.349527
26631325;31.051048
26633319;30.752283
26635329;30.453190
26637319;30.153799
26639519;29.854134
26641350;29.554150
26643337;29.253874
26645339;28.953331
26647339;28.652481
26649339;28.351349
26651358;28.049934
26653342;27.748245
26655344;27.446281
26657345;27.144072
26659338;26.841568
26661357;26.538801
26663325;26.235771
26665317;25.932482
26667319;25.628939
26669324;25.325165
26671321;25.021118
26673358;24.716824
26675343;24.412287
26677346;24.107508
26679338;23.802490
26681338;23.497261
26683362;23.191778
26685326;22.886066
26687325;22.580128
26689324;22.273966
26691320;21.967585
26693359;21.661034
26695322;21.354221
26697322;21.047199
26699320;20.739969
26701323;20.432533
26703323;20.124922
26705359;19.817085
26707348;19.509054
26709339;19.200832
26711336;18.892418
26713340;18.583818
26715363;18.275061
26717327;17.966097
26719317;17.656956
26721317;17.347641
26723324;17.038157
26725321;16.728500
26727357;16.418705
26729344;16.108725
26731343;15.798585
26733342;15.488288
26735339;15.177840
26737362;14.867240
26739327;14.556519
26741322;14.245629
26743320;13.934599
26745324;13.623433
26747355;13.312154
26749320;13.000721
26751321;12.689183
26753323;12.377496
26755322;12.065687
26757325;11.753759
26759360;11.441715
26761343;11.129559
26763336;10.817315
26765339;10.504942
26767344;10.192464
26769358;9.879887
26771328;9.567211
26773323;9.254441
26775320;8.941605
26777316;8.628655
26779318;8.315620
26781357;8.002504
26783343;7.689308
26785339;7.376037
26787344;7.062716
26789337;6.749302
26791359;6.435822
26793326;6.122278
26795321;5.808673
26797323;5.495012
26799323;5.181319
26801322;4.867576
26803362;4.553761
26805343;4.239901
26807337;3.925998
26809340;3.612057
26811343;3.298105
26813362;2.984096
26815323;2.670057
26817321;2.355993
26819322;2.041904
26821321;1.727796
26823319;1.413695
26825340;1.099556
26827325;0.785405
26829319;0.471248
26831320;0.157085
26833320;-0.157079
26835357;-0.471218
26837324;-0.785375
26839324;-1.099525
26841322;-1.256585
26843316;-1.727790
26845321;-2.041898
26847362;-2.355963
26849346;-2.670027
26851342;-2.984066
26853337;-3.298074
26855341;-3.612027
26857360;-3.925944
26859326;-4.239846
26861324;-4.553706
26863325;-4.867522
26865320;-5.181289
26867319;-5.495005
26869357;-5.808643
26871341;-6.122248
26873337;-6.435792
26875339;-6.749272
26877341;-7.062686
26879361;-7.376031
26881346;-7.689279
26883345;-8.002474
26885344;-8.315591
26887342;-8.628626
26889360;-8.941574
26891325;-9.254436
26893321;-9.567182
26895318;-9.879857
26897322;-10.192435
26899315;-10.504911
26901357;-10.817286
26903344;-11.129552
26905340;-11.441686
26907339;-11.753706
26909335;-12.065634
26911358;-12.377443
26913325;-12.689130
26915322;-13.000690
26917325;-13.312101
26919317;-13.623403
26921320;-13.934570
26923357;-14.245600
26925347;-14.556490
26927344;-14.867234
26929337;-15.177811
26931337;-15.488259
26933356;-15.798555
26935324;-16.108694
26937316;-16.418676
26939318;-16.728497
26941316;-17.038126
26943320;-17.347612
26945356;-17.656927
26947323;-17.966068
26949320;-18.275030
26951319;-18.583813
26953321;-18.892389
26955521;-19.200802
26957351;-19.509026
26959336;-19.817057
26961342;-20.124868
26963339;-20.432505
26965341;-20.739916
26967354;-21.047146
26969321;-21.354168
26971320;-21.660980
26973323;-21.967579
26975316;-22.273960
26977418;-22.580097
26979344;-22.886036
26981343;-23.191748
26983341;-23.497232
26985342;-23.802485
26987342;-24.107500
26989352;-24.412256
26991343;-24.716795
26993339;-25.021088
26995339;-25.325138
26997344;-25.628933
26999365;-25.932476
27001323;-26.235741
27003319;-26.538771
27005325;-26.841539
27007320;-27.144041
27009322;-27.446276
27011362;-27.748240
27013343;-28.049908
27015344;-28.351297
27017346;-28.652430
27019340;-28.953281
27021363;-29.253843
27023318;-29.554098
27025324;-29.854084
27027320;-30.153772
27029319;-30.453163
27031320;-30.752254
27033362;-31.051043
27035349;-31.349501
27037347;-31.647673
27039333;-31.945532
27041334;-32.243076
27043358;-32.540302
27045326;-32.837208
27047320;-33.133766
27049319;-33.430019
27051325;-33.725945
27053320;-34.021534
27055362;-34.316792
27057349;-34.611706
27059341;-34.906258
27061340;-35.200489
27063346;-35.494373
27065360;-35.787903
27067349;-36.081081
27069341;-36.373882
27071343;-36.666325
27073336;-36.958427
27075396;-37.250168
27077348;-37.541534
27079341;-37.832535
27081343;-38.123161
27083337;-38.413387
27085341;-38.703259
27087352;-38.992748
27089324;-39.281853
27091329;-39.570568
27093323;-39.858894
27095317;-40.146805
27097360;-40.434341
27099331;-40.721478
27101319;-41.008209
27103324;-41.294540
27105317;-41.580467
27107318;-41.865955
27109359;-42.151054
27111344;-42.435734
27113338;-42.720001
27115344;-43.003841
27117343;-43.287262
27119355;-43.570229
27121324;-43.852791
27123321;-44.134895
27125322;-44.416592
27127322;-44.697845
27129359;-44.978657
27131324;-45.259007
27133320;-45.538925
27135322;-45.818401
27137322;-46.097420
27139318;-46.375988
27141359;-46.654095
27143336;-46.931721
27145341;-47.208904
27147338;-47.485622
27149338;-47.761871
27151362;-48.037647
27153317;-48.312950
27155314;-48.587757
27157323;-48.862106
27159322;-49.135971
27161319;-49.409351
27163358;-49.682243
27165346;-49.954624
27167346;-50.226532
27169342;-50.497948
27171341;-50.768864
27173361;-51.039280
27175321;-51.309193
27177322;-51.578552
27179323;-51.847446
27181319;-52.115829
27183319;-52.383698
27185356;-52.651054
27187354;-52.917885
27189342;-53.184174
27191339;-53.449959
27193339;-53.715218
27195357;-53.979946
27197324;-54.244137
27199318;-54.507797
27201319;-54.770897
27203322;-55.033482
27205360;-55.295517
27207322;-55.557007
27209323;-55.817951
27211319;-56.078346
27213318;-56.338161
27215321;-56.597446
27217361;-56.856174
27219345;-57.114334
27221340;-57.371933
27223341;-57.628967
27225336;-57.885414
27227355;-58.141304
27229315;-58.396626
27231317;-58.651344
27233320;-58.905514
27235325;-59.159096
27237324;-59.412075
27239362;-59.664490
27241343;-59.916313
27243340;-60.167545
27245340;-60.418182
27247350;-60.668224
27249357;-60.917645
27251319;-61.166489
27253324;-61.414730
27255318;-61.662357
27257319;-61.909382
27259326;-62.155796
27261358;-62.401573
27263327;-62.646759
27265322;-62.891323
27267326;-63.135265
27269323;-63.378590
27271539;-63.621284
27273350;-63.863338
27275341;-64.104774
27277351;-64.345573
27279338;-64.585747
27281340;-64.825279
27283350;-65.064171
27285326;-65.302383
27287325;-65.539993
27289323;-65.776947
27291327;-66.013260
27293362;-66.248917
27295328;-66.483917
27297322;-66.718254
27299320;-66.951942
27301324;-67.184967
27303324;-67.417336
27305360;-67.649033
27307353;-67.880043
27309341;-68.110413
27311339;-68.340096
27313342;-68.569115
27315359;-68.797455
27317325;-69.025116
27319324;-69.252083
27321320;-69.478378
27323319;-69.703987
27325318;-69.928902
27327361;-70.153137
27329345;-70.376678
27331338;-70.599503
27333337;-70.821648
27335341;-71.043098
27337352;-71.263847
27339324;-71.483871
27341323;-71.703209
27343317;-71.921829
27345323;-72.139755
27347412;-72.356949
27349352;-72.573456
27351343;-72.789230
27353336;-73.004295
27355335;-73.218613
27357338;-73.432228
27359358;-73.645126
27361327;-73.857292
27363320;-74.068726
27365320;-74.279434
27367317;-74.489388
27369315;-74.698624
27371356;-74.907127
27373341;-75.114883
27375337;-75.321899
27377344;-75.528183
27379342;-75.733711
27381356;-75.938477
27383326;-76.142525
27385322;-76.345787
27387323;-76.548302
27389320;-76.750092
27391322;-76.951096
27393360;-77.151337
27395340;-77.350845
27397344;-77.549561
27399339;-77.747513
27401343;-77.944717
27403359;-78.141136
27405322;-78.336807
27407319;-78.531677
27409321;-78.725777
27411317;-78.919121
27413362;-79.111656
27415327;-79.303444
27417324;-79.494415
27419326;-79.684639
27421315;-79.874046
27423322;-80.062660
27425355;-80.250511
27427320;-80.437546
27429323;-80.623817
27431317;-80.809258
27433319;-80.993912
27435520;-81.177780
27437348;-81.360832
27439338;-81.543098
27441341;-81.724533
27443343;-81.905197
27445338;-82.085022
27447365;-82.264038
27449330;-82.442261
27451321;-82.619652
27453324;-82.796249
27455318;-82.972008
27457363;-83.146942
27459324;-83.321091
27461319;-83.494377
27463319;-83.666878
27465323;-83.838524
27467328;-84.009369
27469360;-84.179352
27471342;-84.348511
27473340;-84.516838
27475340;-84.684326
27477340;-84.851006
27479364;-85.016823
27481329;-85.181801
27483322;-85.345963
27485319;-85.509262
27487323;-85.671738
27489323;-85.833344
27491359;-85.994102
27493344;-86.154037
27495341;-86.313095
27497341;-86.471329
27499341;-86.628685
27501365;-86.785210
27503320;-86.940849
27505321;-87.095634
27507320;-87.249588
27509323;-87.402657
27511318;-87.554878
27513358;-87.706215
27515345;-87.856689
27517343;-88.006317
27519345;-88.155052
27521342;-88.302948
27523361;-88.449944
27525322;-88.596085
27527323;-88.741333
27529316;-88.885704
27531324;-89.029221
27533356;-89.171837
27535321;-89.313599
27537324;-89.454453
27539320;-89.594421
27541320;-89.733536
27543323;-89.871742
27545361;-90.009079
27547343;-90.145508
27549340;-90.281067
27551343;-90.415703
27553340;-90.549461
27555358;-90.682343
27557325;-90.814308
27559327;-90.945396
27561324;-91.075569
27563317;-91.204849
27565319;-91.333237
27567358;-91.460709
27569349;-91.587296
27571344;-91.712967
27573341;-91.837738
27575342;-91.961601
27577356;-92.084541
27579327;-92.206596
27581319;-92.327705
27583324;-92.447945
27585320;-92.567245
27587322;-92.685638
27589364;-92.803131
27591344;-92.861526
27593341;-93.035355
27595342;-93.150070
27597345;-93.263885
27599361;-93.376785
27601326;-93.488747
27603321;-93.599800
27605328;-93.709923
27607318;-93.819130
27609320;-93.927399
27611358;-94.034737
27613346;-94.141159
27615343;-94.246643
27617339;-94.351212
27619344;-94.454834
27621413;-94.557526
27623343;-94.659294
27625343;-94.760117
27627344;-94.860016
27629342;-94.958969
27631343;-95.056999
27633346;-95.154068
27635330;-95.250206
27637317;-95.345413
27639319;-95.439674
27641320;-95.532997
27643357;-95.625374
27645322;-95.716789
27647319;-95.807289
27649318;-95.896828
27651319;-95.985428
27653320;-96.073074
27655360;-96.159782
27657349;-96.245522
27659340;-96.330322
27661345;-96.414177
27663338;-96.497070
27665358;-96.579018
27667316;-96.660011
27669319;-96.740044
27671317;-96.819138
27673316;-96.897255
27675319;-96.974442
27677358;-97.050652
27679343;-97.125916
27681342;-97.200203
27683340;-97.273544
27685343;-97.345924
27687361;-97.417343
27689319;-97.487793
27691325;-97.557281
27693327;-97.625809
27695319;-97.693382
27697324;-97.759987
27699359;-97.825630
27701341;-97.890297
27703340;-97.954010
27705337;-98.016754
27707342;-98.078522
27709360;-98.139336
27711324;-98.199165
27713326;-98.258034
27715326;-98.315933
27717321;-98.372856
27719356;-98.428818
27721324;-98.483803
27723325;-98.537811
27725317;-98.590858
27727321;-98.642929
27729320;-98.694023
27731340;-98.744133
27733321;-98.793289
27735316;-98.841454
27737323;-98.888657
27739319;-98.934868
27741359;-98.980103
27743322;-99.024376
27745318;-99.067665
27747322;-99.109978
27749322;-99.151306
27751323;-99.191666
27753356;-99.231033
27755344;-99.269424
27757347;-99.306847
27759341;-99.343285
27761339;-99.378738
27763360;-99.413208
27765320;-99.446701
27767323;-99.479218
27769315;-99.510742
27771315;-99.541298
27773323;-99.570862
27775365;-99.599442
27777353;-99.627037
27779341;-99.653656
27781336;-99.679283
27783339;-99.703934
27785360;-99.727600
27787325;-99.750282
27789318;-99.771973
27791323;-99.792686
27793322;-99.812408
27795323;-99.831161
27797362;-99.848907
27799342;-99.865677
27801343;-99.881462
27803336;-99.896263
27805339;-99.910072
27807354;-99.922905
27809325;-99.934746
27811318;-99.945602
27813319;-99.955460
27815325;-99.964348
27817359;-99.972244
27819327;-99.979149
27821321;-99.985069
27823317;-99.990005
27825319;-99.993958
27827315;-99.996910
27829361;-99.998894
27831347;-99.999878
27833341;-99.999878
27835339;-99.998894
27837344;-99.996918
27839359;-99.993958
27841321;-99.990013
27843321;-99.985077
27845319;-99.979149
27847320;-99.972244
27849319;-99.964348
27851362;-99.955467
27853344;-99.945602
27855338;-99.934746
27857343;-99.922905
27859345;-99.910080
27861351;-99.896263
27863321;-99.881462
27865318;-99.865685
27867321;-99.848907
27869325;-99.831161
27871402;-99.812416
27873347;-99.792686
27875342;-99.771973
27877341;-99.750282
27879344;-99.727600
27881343;-99.703934
27883354;-99.679283
27885326;-99.653656
27887326;-99.627037
27889325;-99.599442
27891323;-99.570862
27893360;-99.541298
27895320;-99.510750
27897320;-99.479218
27899320;-99.446709
27901317;-99.413208
27903322;-99.378738
27905362;-99.343285
27907346;-99.306854
27909342;-99.269440
27911342;-99.231041
27913341;-99.191666
27915360;-99.151314
27917322;-99.109985
27919321;-99.067673
27921320;-99.024384
27923320;-98.980118
27925321;-98.934868
27927355;-98.888657
27929340;-98.841461
27931339;-98.793289
27933340;-98.744148
27935340;-98.694023
27937358;-98.642937
27939323;-98.590866
27941318;-98.537827
27943327;-98.483810
27945322;-98.428825
27947519;-98.372871
27949349;-98.315941
27951344;-98.258049
27953341;-98.199181
27955343;-98.139343
27957342;-98.078537
27959357;-98.016754
27961323;-97.954025
27963320;-97.890312
27965319;-97.825638
27967320;-97.760002
27969364;-97.693398
27971325;-97.625824
27973324;-97.557297
27975321;-97.487801
27977323;-97.417351
27979321;-97.345924
27981361;-97.273552
27983321;-97.200203
27985318;-97.125916
27987323;-97.050652
27989320;-96.974442
27991516;-96.897270
27993347;-96.819138
27995340;-96.740051
27997342;-96.660011
27999340;-96.579018
28001336;-96.497086
28003356;-96.414177
28005320;-96.330330
28007324;-96.245522
28009324;-96.159782
28011324;-96.073074
28013324;-95.985443
28015361;-95.896851
28017346;-95.807304
28019343;-95.716820
28021341;-95.625381
28023340;-95.533012
28025361;-95.439697
28027345;-95.345428
28029343;-95.250237
28031340;-95.154083
28033341;-95.057007
28035424;-94.958984
28037346;-94.860039
28039340;-94.760147
28041339;-94.659309
28043342;-94.557556
28045341;-94.454849
28047356;-94.351234
28049322;-94.246681
28051322;-94.141182
28053322;-94.034767
28055324;-93.927414
28057326;-93.819145
28059357;-93.709961
28061338;-93.599823
28063340;-93.488785
28065339;-93.376801
28067341;-93.263916
28069361;-93.150093
28071324;-93.035370
28073319;-92.919724
28075320;-92.803154
28077323;-92.685677
28079419;-92.567268
28081342;-92.447960
28083341;-92.327744
28085343;-92.206596
28087343;-92.084564
28089343;-91.961601
28091351;-91.837738
28093324;-91.712967
28095321;-91.587296
28097321;-91.460732
28099321;-91.333237
28101411;-91.204865
28103344;-91.075569
28105342;-90.945396
28107344;-90.814331
28109342;-90.682343
28111341;-90.549484
28113352;-90.415703
28115317;-90.281067
28117318;-90.145508
28119320;-90.009079
28121327;-89.871780
28123530;-89.733559
28125349;-89.594475
28127343;-89.454475
28129339;-89.313622
28131339;-89.171890
28133340;-89.029243
28135360;-88.885750
28137325;-88.741356
28139322;-88.596107
28141320;-88.449959
28143318;-88.302971
28145374;-88.155106
28147364;-88.006340
28149339;-87.856735
28151337;-87.706238
28153338;-87.554901
28155341;-87.402702
28157363;-87.249611
28159346;-87.095680
28161337;-86.940872
28163339;-86.785233
28165345;-86.628708
28167361;-86.471352
28169328;-86.313148
28171328;-86.154060
28173318;-85.994148
28175323;-85.833374
28177520;-85.671761
28179344;-85.509315
28181338;-85.345993
28183340;-85.181847
28185341;-85.016846
28187343;-84.851036
28189361;-84.684349
28191345;-84.516861
28193344;-84.348534
28195341;-84.179352
28197346;-84.009369
28199359;-83.838524
28201326;-83.666878
28203328;-83.494408
28205321;-83.321091
28207324;-83.146973
28209317;-82.972008
28211363;-82.796249
28213342;-82.619652
28215342;-82.442261
28217341;-82.264069
28219343;-82.085022
28221360;-81.905197
28223328;-81.724533
28225322;-81.543098
28227318;-81.360855
28229318;-81.177811
28231519;-80.993965
28233345;-80.809288
28235335;-80.623840
28237338;-80.437599
28239341;-80.250534
28241340;-80.062714
28243364;-79.874077
28245344;-79.684669
28247340;-79.494446
28249336;-79.303474
28251338;-79.111710
28253366;-78.919151
28255329;-78.725830
28257320;-78.531708
28259316;-78.336838
28261320;-78.141197
28263317;-77.944756
28265363;-77.747574
28267351;-77.549591
28269342;-77.350876
28271343;-77.151367
28273341;-76.951126
28275357;-76.750122
28277320;-76.548340
28279315;-76.345825
28281317;-76.142525
28283321;-75.938507
28285323;-75.733742
28287360;-75.528191
28289343;-75.321938
28291340;-75.114906
28293341;-74.907158
28295342;-74.698639
28297357;-74.489418
28299325;-74.279465
28301316;-74.068741
28303322;-73.857323
28305325;-73.645142
28307327;-73.432266
28309359;-73.218666
28311339;-73.004303
28313341;-72.789261
28315341;-72.573471
28317341;-72.356987
28319356;-72.139763
28321330;-71.921860
28323321;-71.703247
28325320;-71.483887
28327320;-71.263863
28329376;-71.043098
28331358;-70.821671
28333343;-70.599533
28335340;-70.376678
28337345;-70.153191
28339340;-69.928940
28341359;-69.816574
28343320;-69.478439
28345321;-69.252129
28347319;-69.025169
28349317;-68.797493
28351523;-68.569168
28353342;-68.340134
28355340;-68.110466
28357342;-67.880119
28359339;-67.649063
28361336;-67.417389
28363359;-67.185005
28365324;-66.951988
28367323;-66.718323
28369323;-66.483955
28371324;-66.248970
28373323;-66.013298
28375357;-65.777000
28377345;-65.540024
28379344;-65.302437
28381341;-65.064201
28383341;-64.825294
28385363;-64.585785
28387344;-64.345589
28389341;-64.104805
28391337;-63.863392
28393339;-63.621307
28395363;-63.378628
28397326;-63.135292
28399323;-62.891365
28401318;-62.646778
28403323;-62.401615
28405317;-62.155830
28407361;-61.909401
28409345;-61.662399
28411340;-61.414749
28413339;-61.166527
28415338;-60.917706
28417366;-60.668243
28419324;-60.418217
28421320;-60.167564
28423326;-59.916348
28425328;-59.664505
28427363;-59.412109
28429330;-59.159134
28431326;-58.905529
28433326;-58.651386
28435322;-58.396626
28437324;-58.141327
28439365;-57.885448
28441345;-57.628967
28443340;-57.371990
28445343;-57.114376
28447341;-56.856228
28449361;-56.597485
28451328;-56.338223
28453316;-56.078403
28455323;-55.817993
28457320;-55.557068
28459318;-55.295555
28461360;-55.033539
28463345;-54.770977
28465338;-54.507839
28467340;-54.244198
28469341;-53.979980
28471359;-53.715279
28473326;-53.450001
28475321;-53.184235
28477322;-52.917946
28479325;-52.651096
28481414;-52.383762
28483352;-52.115868
28485344;-51.847504
28487344;-51.578636
28489339;-51.309212
28491335;-51.039322
28493352;-50.768887
28495327;-50.497990
28497320;-50.226559
28499319;-49.954666
28501319;-49.682285
28503373;-49.409370
28505359;-49.136013
28507350;-48.862125
28509342;-48.587799
28511342;-48.312996
28513340;-48.037670
28515344;-47.761909
28517317;-47.485641
28519320;-47.208942
28521320;-46.931778
28523319;-46.654110
28525364;-46.376026
28527328;-46.097439
28529323;-45.818439
28531325;-45.538944
28533317;-45.399052
28535323;-44.978695
28537362;-44.697865
28539348;-44.416630
28541341;-44.134918
28543338;-43.852810
28545340;-43.570271
28547366;-43.287258
28549325;-43.003864
28551327;-42.720039
28553325;-42.435799
28555320;-42.151093
28557327;-41.866016
28559362;-41.580528
28561343;-41.294582
28563336;-41.008274
28565344;-40.721519
28567343;-40.434402
28569363;-40.146889
28571318;-39.858932
28573320;-39.570629
28575316;-39.281891
28577321;-38.992809
28579435;-38.703300
28581342;-38.413452
28583338;-38.123226
28585340;-37.832577
28587339;-37.541599
28589337;-37.250210
28591343;-36.958492
28593326;-36.666412
28595320;-36.373924
28597323;-36.081123
28599320;-35.787922
28601430;-35.494415
28603349;-35.200508
28605343;-34.906300
28607337;-34.611748
28609337;-34.316807
28611342;-34.021576
28613360;-33.725964
28615346;-33.430061
28617338;-33.133827
28619339;-32.837227
28621341;-32.540344
28623357;-32.243095
28625323;-31.945574
28627322;-31.647692
28629321;-31.349543
28631324;-31.051085
28633324;-30.752274
28635356;-30.453205
28637350;-30.153790
28639347;-29.854124
28641344;-29.554165
28643339;-29.253864
28645359;-28.953323
28647318;-28.652451
28649323;-28.351339
28651320;-28.049904
28653317;-27.748236
28655319;-27.446297
28657359;-27.144039
28659340;-26.841604
28661339;-26.538816
28663337;-26.235809
28665338;-25.932545
28667356;-25.628975
28669325;-25.325203
28671323;-25.021133
28673321;-24.716862
28675328;-24.412348
28677359;-24.107544
28679321;-23.802551
28681321;-23.497276
28683319;-23.191816
28685325;-22.886080
28687322;-22.580164
28689350;-22.274027
28691323;-21.967623
28693320;-21.661047
28695321;-21.354214
28697328;-21.047215
28699425;-20.740007
28701347;-20.432549
28703344;-20.124935
28705339;-19.817076
28707345;-19.509069
28709341;-19.200823
28711350;-18.892433
28713332;-18.583858
28715318;-18.275051
28717326;-17.966110
28719326;-17.656948
28721378;-17.347656
28723354;-17.038193
28725339;-16.728516
28727344;-16.418720
28729343;-16.108715
28731342;-15.798600
28733357;-15.488279
28735324;-15.177855
28737319;-14.867279
28739319;-14.556509
28741317;-14.245645
28743319;-13.934591
28745359;-13.623447
28747341;-13.312168
28749340;-13.000711
28751335;-12.689175
28753343;-12.377464
28755361;-12.065679
28757318;-11.753728
28759317;-11.441707
28761316;-11.129574
28763321;-10.817284
28765350;-10.504933
28767319;-10.192480
28769321;-9.879926
28771318;-9.567274
28773320;-9.254481
28775321;-8.941644
28777361;-8.628671
28779346;-8.315660
28781338;-8.002520
28783338;-7.689348
28785336;-7.376100
28787358;-7.062732
28789321;-6.749341
28791326;-6.435838
28793315;-6.122317
28795321;-5.808736
28797320;-5.495050
28799362;-5.181358
28801344;-4.867567
28803340;-4.553775
28805341;-4.239939
28807342;-3.926013
28809360;-3.612096
28811338;-3.298096
28813340;-2.984111
28815339;-2.670048
28817343;-2.356008
28819363;-2.041943
28821324;-1.727811
28823320;-1.413710
28825321;-1.099547
28827322;-0.785421
28829361;-0.471287
28831317;-0.157100
28833321;0.157080
28835323;0.471237
28837325;0.785390
28839321;1.099535
28841349;1.413669
28843327;1.727790
28845322;2.041893
28847325;2.355976
28849324;2.670036
28851359;2.984070
28853329;3.298074
28855320;3.612046
28857327;3.925981
28859323;4.239879
28861373;4.553734
28863359;4.867544
28865348;5.181307
28867342;5.495018
28869341;5.808674
28871341;6.122274
28873353;6.435814
28875327;6.749289
28877321;7.062697
28879316;7.376038
28881322;7.689305
28883319;8.002495
28885359;8.315607
28887345;8.628635
28889341;8.941581
28891338;9.254436
28893341;9.567202
28895361;9.879873
28897331;10.192444
28899320;10.504917
28901322;10.817286
28903321;11.129548
28905371;11.441700
28907362;11.753738
28909344;12.065662
28911341;12.377467
28913339;12.689150
28915338;13.000705
28917353;13.312133
28919319;13.623430
28921317;13.934594
28923325;14.245617
28925318;14.556500
28927428;14.867243
28929342;15.177837
28931338;15.488280
28933338;15.798573
28935340;16.108707
28937341;16.418684
28939356;16.728498
28941324;17.038149
28943324;17.347628
28945325;17.656937
28947328;17.966076
28949382;18.275032
28951353;18.583811
28953342;18.892406
28955337;19.200811
28957345;19.509031
28959341;19.817057
28961361;20.124889
28963327;20.432520
28965327;20.739950
28967322;21.047176
28969323;21.354193
28971315;21.660999
28973357;21.967592
28975345;22.273970
28977342;22.580126
28979338;22.886059
28981338;23.191769
28983357;23.497246
28985325;23.802494
28987316;24.107506
28989323;24.412279
28991315;24.716812
28993321;25.021099
28995358;25.325144
28997351;25.628939
28999346;25.932476
29001341;26.235760
29003335;26.538784
29005357;26.841545
29007334;27.144045
29009321;27.446274
29011315;27.748230
29013322;28.049919
29015320;28.351324
29017363;28.652456
29019343;28.953299
29021340;29.253859
29023342;29.554132
29025338;29.854111
29027360;30.153793
29029326;30.453184
29031320;30.752268
29033322;31.051052
29035318;31.349527
29037321;31.647697
29039360;31.945551
29041343;32.243092
29043344;32.540310
29045344;32.837208
29047340;33.133785
29049356;33.430038
29051328;33.725952
29053325;34.021542
29055321;34.316792
29057329;34.611706
29059425;34.906273
29061346;35.200500
29063339;35.494377
29065342;35.787907
29067342;36.081081
29069341;36.373901
29071357;36.666363
29073330;36.958458
29075322;37.250191
29077322;37.541557
29079318;37.832550
29081357;38.123173
29083326;38.413418
29085324;38.703281
29087320;38.992767
29089321;39.281864
29091316;39.426273
29093360;39.858898
29095346;40.146824
29097344;40.434357
29099336;40.721493
29101342;41.008221
29103360;41.294548
29105326;41.580467
29107324;41.865971
29109325;42.151066
29111317;42.435749
29113318;42.720005
29115356;43.003841
29117344;43.287258
29119339;43.570240
29121338;43.852798
29123340;44.134922
29125359;44.416611
29127328;44.697861
29129323;44.978668
29131319;45.259033
29133322;45.538948
29135321;45.818417
29137367;46.097435
29139343;46.375996
29141337;46.654099
29143337;46.931744
29145340;47.208927
29147366;47.485634
29149330;47.761883
29151319;48.037659
29153318;48.312958
29155319;48.587780
29157324;48.862122
29159354;49.135986
29161347;49.409363
29163335;49.682243
29165340;49.954647
29167343;50.226551
29169356;50.497963
29171323;50.768871
29173319;51.039284
29175319;51.309193
29177316;51.578583
29179322;51.847477
29181361;52.115856
29183338;52.383720
29185339;52.651070
29187347;52.917896
29189339;53.184204
29191356;53.449982
29193320;53.715237
29195317;53.979958
29197317;54.244156
29199322;54.507809
29201424;54.770924
29203345;55.033501
29205340;55.295532
29207344;55.557018
29209340;55.817963
29211339;56.078350
29213356;56.338184
29215321;56.597466
29217319;56.856178
29219319;57.114338
29221324;57.371937
29223362;57.628967
29225323;57.885426
29227322;58.141319
29229320;58.396633
29231323;58.651371
29233324;58.905529
29235361;59.159111
29237349;59.412106
29239342;59.664516
29241345;59.916336
29243340;60.167557
29245358;60.418190
29247330;60.668228
29249322;60.917671
29251320;61.166508
29253322;61.414749
29255322;61.662376
29257362;61.909389
29259342;62.155800
29261339;62.401592
29263337;62.646778
29265337;62.891342
29267362;63.135277
29269322;63.378597
29271325;63.621284
29273319;63.863350
29275325;64.104782
29277427;64.345589
29279348;64.585754
29281339;64.825279
29283337;65.064171
29285335;65.302414
29287343;65.540009
29289358;65.776978
29291323;66.013275
29293323;66.248932
29295323;66.483932
29297324;66.718277
29299361;66.951958
29301328;67.184982
29303325;67.417351
29305324;67.649040
29307320;67.880074
29309322;68.110428
29311354;68.340118
29313344;68.569130
29315342;68.797462
29317342;69.025124
29319339;69.252098
29321360;69.478394
29323343;69.703995
29325339;69.928909
29327341;70.153137
29329342;70.376678
29331361;70.599518
29333324;70.821655
29335322;71.043106
29337326;71.263847
29339324;71.483887
29341325;71.703224
29343362;71.921852
29345348;72.139778
29347344;72.356972
29349342;72.573471
29351342;72.789238
29353365;73.004303
29355323;73.218636
29357321;73.432251
29359325;73.645142
29361322;73.857300
29363352;74.068741
29365327;74.279442
29367317;74.489403
29369315;74.698639
29371312;74.907135
29373322;75.114891
29375358;75.321915
29377325;75.528183
29379319;75.733711
29381319;75.938484
29383327;76.142517
29385321;76.345795
29387361;76.548325
29389342;76.750092
29391342;76.951103
29393342;77.151352
29395337;77.350845
29397356;77.549568
29399324;77.747536
29401322;77.944733
29403325;78.141159
29405324;78.336807
29407415;78.531693
29409350;78.725800
29411341;78.919128
29413338;79.111679
29415340;79.303452
29417342;79.494438
29419364;79.684631
29421342;79.874054
29423341;80.062675
29425339;80.250511
29427345;80.437561
29429364;80.623810
29431325;80.809273
29433322;80.993927
29435319;81.177780
29437322;81.360840
29439431;81.543091
29441343;81.724548
29443338;81.905190
29445337;82.085022
29447344;82.264038
29449340;82.442261
29451359;82.619659
29453337;82.796242
29455341;82.972015
29457347;83.146957
29459337;83.321083
29461361;83.494392
29463320;83.666870
29465324;83.838524
29467319;84.009354
29469327;84.179352
29471327;84.348526
29473350;84.516853
29475323;84.684349
29477325;84.851013
29479317;85.016846
29481325;85.181831
29483358;85.345985
29485316;85.509285
29487321;85.671745
29489324;85.833366
29491321;85.994133
29493324;86.154045
29495357;86.313118
29497350;86.471336
29499338;86.628700
29501345;86.785210
29503339;86.940865
29505356;87.095657
29507321;87.249596
29509321;87.402672
29511323;87.554886
29513320;87.706230
29515319;87.856712
29517359;88.006325
29519340;88.155075
29521345;88.302948
29523338;88.449944
29525339;88.596085
29527363;88.741341
29529328;88.885719
29531326;89.029221
29533326;89.171852
29535318;89.313599
29537321;89.454460
29539360;89.594444
29541342;89.733536
29543343;89.871750
29545338;90.009079
29547342;90.145508
29549429;90.281052
29551346;90.415710
29553343;90.549469
29555335;90.682343
29557342;90.814316
29559336;90.945389
29561360;91.075569
29563342;91.204857
29565341;91.333237
29567341;91.460716
29569340;91.587296
29571343;91.712967
29573358;91.837730
29575334;91.961594
29577341;92.084541
29579344;92.206589
29581340;92.327728
29583361;92.447952
29585330;92.567261
29587322;92.685661
29589325;92.803139
29591320;92.919708
29593427;93.035355
29595340;93.150093
29597343;93.263908
29599340;93.376793
29601338;93.488762
29603345;93.599808
29605357;93.709930
29607328;93.819130
29609316;93.927406
29611323;94.034752
29613316;94.141167
29615361;94.246658
29617320;94.351212
29619322;94.454842
29621321;94.557541
29623317;94.659302
29625319;94.760132
29627360;94.860016
29629341;94.958969
29631340;95.056992
29633343;95.154076
29635341;95.250214
29637362;95.345421
29639324;95.439682
29641319;95.532997
29643315;95.625374
29645315;95.716805
29647319;95.807289
29649360;95.896835
29651349;95.985428
29653340;96.073074
29655342;96.159775
29657343;96.245529
29659363;96.330322
29661323;96.414169
29663320;96.497070
29665319;96.579018
29667322;96.660011
29669316;96.740051
29671361;96.819130
29673343;96.897263
29675345;96.974442
29677341;97.050652
29679338;97.125908
29681358;97.200203
29683321;97.273544
29685318;97.345917
29687320;97.417343
29689322;97.487793
29691320;97.557297
29693358;97.625824
29695340;97.693390
29697343;97.759995
29699337;97.825638
29701340;97.890305
29703357;97.954018
29705321;98.016754
29707321;98.078529
29709317;98.139336
29711322;98.199173
29713316;98.258034
29715356;98.315933
29717348;98.372864
29719344;98.428818
29721340;98.483810
29723338;98.537819
29725360;98.590858
29727327;98.642929
29729316;98.694023
29731322;98.744141
29733317;98.793289
29735316;98.841454
29737357;98.888649
29739345;98.934868
29741345;98.980110
29743339;99.024376
29745341;99.067665
29747366;99.109970
29749330;99.151306
29751324;99.191658
29753321;99.231033
29755324;99.269432
29757381;99.306847
29759357;99.343285
29761344;99.378738
29763338;99.413208
29765341;99.446701
29767343;99.479218
29769356;99.510742
29771324;99.541290
29773322;99.570862
29775324;99.599442
29777326;99.627037
29779364;99.653656
29781328;99.679283
29783320;99.703934
29785321;99.727600
29787326;99.750282
29789319;99.771973
29791363;99.792686
29793343;99.812408
29795341;99.831154
29797345;99.848907
29799336;99.865685
29801353;99.881462
29803318;99.896263
29805318;99.910072
29807326;99.922905
29809320;99.934746
29811316;99.945602
29813364;99.955467
29815340;99.964348
29817340;99.972244
29819343;99.979149
29821343;99.985077
29823359;99.990005
29825327;99.993958
29827322;99.996918
29829320;99.998894
29831318;99.999878
29833360;99.999878
29835324;99.998894
29837322;99.996918
29839320;99.993958
29841321;99.992104
29843320;99.985077
29845355;99.979149
29847345;99.972244
29849342;99.964348
29851343;99.955467
29853341;99.945602
29855361;99.934746
29857331;99.922905
29859316;99.910072
29861317;99.896263
29863325;99.881462
29865324;99.865685
29867357;99.848907
29869338;99.831154
29871340;99.812408
29873341;99.792686
29875340;99.771973
29877366;99.750282
29879323;99.727600
29881322;99.703941
29883319;99.679283
29885317;99.653656
29887325;99.627037
29889361;99.599442
29891340;99.570862
29893337;99.541298
29895339;99.510750
29897343;99.479218
29899358;99.446701
29901341;99.413208
29903342;99.378738
29905343;99.343285
29907344;99.306847
29909356;99.269432
29911327;99.231033
29913317;99.191666
29915324;99.151306
29917320;99.109978
29919320;99.067673
29921354;99.024376
29923339;98.980110
29925334;98.934868
29927348;98.888657
29929339;98.841461
29931364;98.793289
29933322;98.744141
29935317;98.694023
29937321;98.642929
29939319;98.590866
29941377;98.537819
29943352;98.483810
29945337;98.428818
29947342;98.372864
29949338;98.315941
29951340;98.258041
29953358;98.199173
29955326;98.139343
29957324;98.078529
29959326;98.016754
29961326;97.954018
29963323;97.890312
29965361;97.825638
29967347;97.759995
29969340;97.693398
29971338;97.625824
29973338;97.557297
29975357;97.487801
29977324;97.417343
29979322;97.345932
29981321;97.273544
29983320;97.200211
29985322;97.125916
29987363;97.050652
29989344;96.974442
29991341;96.897270
29993337;96.819138
29995342;96.740051
29997357;96.660019
29999332;96.579018
30001319;96.497078
30003320;96.414177
30005322;96.330330
30007321;96.245529
30009363;96.159782
30011345;96.073082
30013345;95.985428
30015342;95.896843
30017342;95.807297
30019354;95.716812
30021324;95.625374
30023315;95.533005
30025325;95.439682
30027326;95.345428
30029322;95.250221
30031359;95.154076
30033349;95.057007
30035344;94.958984
30037346;94.860031
30039339;94.760132
30041359;94.659302
30043325;94.557549
30045315;94.454849
30047321;94.351219
30049318;94.246666
30051320;94.141174
30053349;94.034752
30055321;93.927414
30057314;93.819138
30059328;93.709938
30061319;93.599823
30063354;93.488770
30065319;93.376801
30067321;93.263916
30069327;93.150101
30071316;93.035362
30073321;92.919716
30075346;92.803146
30077324;92.685661
30079321;92.567268
30081320;92.447952
30083315;92.327728
30085433;92.206596
30087344;92.084557
30089338;91.961601
30091336;91.837738
30093341;91.712967
30095343;91.587296
30097357;91.460724
30099320;91.333237
30101324;91.204857
30103324;91.075584
30105328;90.945396
30107324;90.814323
30109359;90.682343
30111347;90.549477
30113343;90.415726
30115340;90.281067
30117344;90.145515
30119356;90.009079
30121320;89.871750
30123326;89.733551
30125329;89.594452
30127321;89.454468
30129436;89.313599
30131352;89.171860
30133344;89.029228
30135337;88.885727
30137347;88.741348
30139340;88.596085
30141360;88.449951
30143342;88.302948
30145343;88.155067
30147349;88.006332
30149346;87.856712
30151359;87.706230
30153322;87.554893
30155318;87.402679
30157326;87.249603
30159321;87.095680
30161326;86.940880
30163356;86.785217
30165341;86.628708
30167346;86.471344
30169339;86.313126
30171340;86.154068
30173353;85.994141
30175322;85.833374
30177323;85.671753
30179323;85.509285
30181314;85.345985
30183323;85.181847
30185360;85.016853
30187346;84.851021
30189339;84.684357
30191337;84.516853
30193335;84.348511
30195357;84.179352
30197324;84.009354
30199326;83.838524
30201320;83.666870
30203319;83.494385
30205324;83.321075
30207358;83.146980
30209343;82.972023
30211337;82.796249
30213341;82.619667
30215342;82.442268
30217357;82.264053
30219325;82.085037
30221322;81.905197
30223319;81.724556
30225319;81.543098
30227360;81.360847
30229319;81.177780
30231314;80.993942
30233321;80.809280
30235320;80.623817
30237321;80.437561
30239359;80.250511
30241341;80.062675
30243339;79.874062
30245339;79.684647
30247344;79.494438
30249363;79.303452
30251325;79.111679
30253318;78.919128
30255317;78.725800
30257320;78.531693
30259324;78.336807
30261362;78.141167
30263343;77.944740
30265338;77.747559
30267345;77.549591
30269335;77.350861
30271355;77.151367
30273321;76.951111
30275321;76.750099
30277325;76.548340
30279322;76.345810
30281317;76.142532
30283356;75.938499
30285343;75.733719
30287344;75.528183
30289339;75.321922
30291341;75.114906
30293360;74.907150
30295325;74.698647
30297320;74.489410
30299320;74.279442
30301322;74.068748
30303323;73.857307
30305365;73.645142
30307344;73.432251
30309339;73.218636
30311336;73.004295
30313339;72.789253
30315361;72.573486
30317343;72.356995
30319341;72.139786
30321337;71.921860
30323342;71.703232
30325356;71.483910
30327327;71.263863
30329325;71.043121
30331324;70.821671
30333322;70.599525
30335325;70.376678
30337362;70.153160
30339346;69.928932
30341337;69.704010
30343337;69.478401
30345338;69.252106
30347356;69.025124
30349316;68.797478
30351324;68.569145
30353319;68.340126
30355321;68.110435
30357363;67.880074
30359316;67.649040
30361321;67.417358
30363321;67.184998
30365323;66.951965
30367319;66.718277
30369362;66.483948
30371340;66.248940
30373335;66.013298
30375340;65.776993
30377339;65.540031
30379352;65.302429
30381322;65.064178
30383325;64.825287
30385318;64.585777
30387318;64.345604
30389327;64.104805
30391348;63.863361
30393320;63.621296
30395321;63.378597
30397318;63.135296
30399320;62.891354
30401359;62.646790
30403325;62.401604
30405317;62.155807
30407322;61.909397
30409321;61.662388
30411323;61.414753
30413356;61.166519
30415345;60.917675
30417346;60.668228
30419341;60.418213
30421342;60.167568
30423357;59.916359
30425322;59.664536
30427316;59.412121
30429318;59.159122
30431319;58.905560
30433322;58.651394
30435360;58.396656
30437350;58.141335
30439342;57.885437
30441341;57.628979
30443340;57.371964
30445359;57.114365
30447322;56.856201
30449320;56.597477
30451320;56.338192
30453319;56.078358
30455429;55.817978
30457347;55.557037
30459340;55.295544
30461346;55.033512
30463341;54.770927
30465338;54.507809
30467358;54.244167
30469343;53.979977
30471340;53.715248
30473337;53.449989
30475339;53.184204
30477363;52.917915
30479327;52.651100
30481321;52.383751
30483321;52.115883
30485328;51.847500
30487324;51.578606
30489362;51.309196
30491345;51.039307
30493345;50.768894
30495340;50.497978
30497342;50.226570
30499359;49.954655
30501320;49.682255
30503320;49.409382
30505320;49.136005
30507325;48.862137
30509322;48.587791
30511358;48.312962
30513341;48.037659
30515339;47.761898
30517342;47.485649
30519335;47.208931
30521355;46.931747
30523319;46.654099
30525314;46.375992
30527314;46.097446
30529319;45.818428
30531377;45.538975
30533360;45.259052
30535343;45.118935
30537345;44.697872
30539341;44.416637
30541341;44.134945
30543362;43.852818
30545343;43.570255
30547343;43.287266
30549339;43.003849
30551343;42.720028
30553356;42.435760
30555320;42.151081
30557318;41.865982
30559324;41.580467
30561321;41.294567
30563320;41.008240
30565363;40.721504
30567347;40.434368
30569340;40.146832
30571340;39.858898
30573340;39.570599
30575360;39.281879
30577329;38.992775
30579321;38.703285
30581321;38.413418
30583317;38.123165
30585371;37.832584
30587359;37.541588
30589344;37.250214
30591340;37.104382
30593339;36.666374
30595341;36.373913
30597361;36.081112
30599324;35.787930
30601319;35.494400
30603326;35.200516
30605324;34.906284
30607321;34.611710
30609363;34.316818
30611343;34.021561
30613341;33.725971
30615339;33.430046
30617344;33.133793
30619358;32.837212
30621320;32.540329
30623320;32.243107
30625323;31.945559
30627324;31.647699
30629378;31.349527
30631358;31.051048
30633341;30.752283
30635340;30.453190
30637341;30.153799
30639340;29.854134
30641364;29.554150
30643347;29.253874
30645340;28.953331
30647342;28.652481
30649339;28.351349
30651362;28.049934
30653324;27.748245
30655316;27.446281
30657323;27.144072
30659321;26.841568
30661360;26.538801
30663328;26.235771
30665323;25.932482
30667322;25.628939
30669323;25.325165
30671325;25.021118
30673360;24.716824
30675339;24.412287
30677347;24.107508
30679342;23.802490
30681341;23.497261
30683360;23.191778
30685329;22.886066
30687326;22.580128
30689320;22.273966
30691319;21.967585
30693324;21.661034
30695362;21.354221
30697342;21.047199
30699342;20.739969
30701342;20.432533
30703342;20.124922
30705361;19.817085
30707328;19.509054
30709321;19.200832
30711322;18.892418
30713322;18.583818
30715322;18.275061
30717358;17.966097
30719344;17.656956
30721340;17.347641
30723336;17.038157
30725342;16.728500
30727356;16.418705
30729322;16.108725
30731321;15.798585
30733323;15.488288
30735323;15.177840
30737451;14.867240
30739347;14.556519
30741341;14.245629
30743340;13.934599
30745341;13.623433
30747338;13.312154
30749359;13.000721
30751345;12.689183
30753340;12.377496
30755344;12.065687
30757343;11.753759
30759365;11.441715
30761328;11.129559
30763318;10.817315
30765319;10.504942
30767324;10.192464
30769322;9.879887
30771362;9.567211
30773342;9.254441
30775340;8.941605
30777344;8.628655
30779344;8.315620
30781359;8.002504
30783320;7.689308
30785323;7.376037
30787320;7.062716
30789320;6.749302
30791440;6.435822
30793350;6.122278
30795341;5.808673
30797345;5.495012
30799338;5.181319
30801341;4.867576
30803360;4.553761
30805343;4.239901
30807347;3.925998
30809342;3.612057
30811340;3.298105
30813357;2.984096
30815324;2.670057
30817322;2.355993
30819318;2.041904
30821320;1.727796
30823320;1.413695
30825361;1.099556
30827349;0.785405
30829341;0.471248
30831343;0.157085
30833340;-0.157079
30835361;-0.471218
30837313;-0.785375
30839328;-1.099525
30841318;-1.413665
30843323;-1.727790
30845323;-2.041898
30847361;-2.355963
30849340;-2.670027
30851334;-2.984066
30853338;-3.298074
30855345;-3.612027
30857365;-3.925944
30859326;-4.239846
30861323;-4.553706
30863318;-4.867522
30865323;-5.181289
30867325;-5.495005
30869360;-5.808643
30871344;-6.122248
30873343;-6.435792
30875338;-6.749272
30877347;-7.062686
30879358;-7.376031
30881325;-7.689279
30883323;-8.002474
30885322;-8.315591
30887325;-8.628626
30889321;-8.941574
30891359;-9.254436
30893345;-9.567182
30895342;-9.879857
30897341;-10.192435
30899335;-10.504911
30901357;-10.817286
30903318;-11.129552
30905320;-11.441686
30907321;-11.753706
30909322;-12.065634
30911358;-12.377443
30913324;-12.689130
30915324;-13.000690
30917324;-13.312101
30919327;-13.623403
30921326;-13.934570
30923357;-14.245600
30925344;-14.556490
30927347;-14.867234
30929339;-15.177811
30931336;-15.488259
30933364;-15.798555
30935322;-16.108694
30937319;-16.418676
30939319;-16.728497
30941330;-17.038126
30943316;-17.347612
30945355;-17.656927
30947344;-17.966068
30949340;-18.275030
30951337;-18.583813
30953344;-18.892389
30955358;-19.200802
30957323;-19.509026
30959322;-19.817057
30961322;-20.124868
30963320;-20.432505
30965321;-20.739916
30967362;-21.047146
30969342;-21.354168
30971340;-21.660980
30973339;-21.967579
30975339;-22.273960
30977362;-22.580097
30979325;-22.886036
30981323;-23.191748
30983315;-23.497232
30985314;-23.802485
30987326;-24.107500
30989361;-24.412256
30991340;-24.716795
30993342;-25.021088
30995341;-25.325138
30997344;-25.628933
30999358;-25.932476
31001326;-26.235741
31003320;-26.538771
31005318;-26.841539
31007320;-27.144041
31009358;-27.446276
31011322;-27.748240
31013326;-28.049908
31015323;-28.351297
31017322;-28.652430
31019319;-28.953281
31021356;-29.253843
31023347;-29.554098
31025341;-29.854084
31027344;-30.153772
31029338;-30.453163
31031359;-30.752254
31033321;-31.051043
31035318;-31.349501
31037322;-31.647673
31039320;-31.945532
31041322;-32.243076
31043359;-32.540302
31045349;-32.837208
31047344;-33.133766
31049337;-33.430019
31051340;-33.725945
31053354;-34.021534
31055324;-34.316792
31057324;-34.611706
31059324;-34.906258
31061322;-35.200489
31063319;-35.494373
31065362;-35.787903
31067350;-36.081081
31069343;-36.373882
31071340;-36.666325
31073343;-36.958427
31075365;-37.250168
31077318;-37.541534
31079322;-37.832535
31081320;-38.123161
31083324;-38.413387
31085324;-38.703259
31087362;-38.992748
31089348;-39.281853
31091342;-39.570568
31093340;-39.858894
31095342;-40.146805
31097358;-40.434341
31099330;-40.721478
31101329;-41.008209
31103317;-41.294540
31105323;-41.580467
31107317;-41.865955
31109360;-42.151054
31111347;-42.435734
31113340;-42.720001
31115340;-43.003841
31117342;-43.287262
31119368;-43.570229
31121323;-43.852791
31123318;-44.134895
31125318;-44.416592
31127320;-44.697845
31129320;-44.978657
31131362;-45.259007
31133342;-45.538925
31135339;-45.818401
31137343;-46.097420
31139339;-46.375988
31141362;-46.654095
31143324;-46.931721
31145328;-47.208904
31147325;-47.485622
31149319;-47.761871
31151359;-48.037647
31153326;-48.312950
31155323;-48.587757
31157321;-48.862106
31159322;-49.135971
31161316;-49.409351
31163363;-49.682243
31165341;-49.954624
31167344;-50.226532
31169338;-50.497948
31171341;-50.768864
31173358;-51.039280
31175323;-51.309193
31177319;-51.578552
31179324;-51.847446
31181316;-52.115829
31183322;-52.383698
31185357;-52.651054
31187346;-52.917885
31189341;-53.184174
31191339;-53.449959
31193340;-53.715218
31195351;-53.979946
31197324;-54.244137
31199323;-54.507797
31201318;-54.770897
31203321;-55.033482
31205429;-55.295517
31207348;-55.557007
31209341;-55.817951
31211339;-56.078346
31213338;-56.338161
31215338;-56.597446
31217353;-56.856174
31219323;-57.114334
31221315;-57.371933
31223321;-57.628967
31225320;-57.885414
31227374;-58.141304
31229359;-58.396626
31231338;-58.651344
31233340;-58.905514
31235339;-59.159096
31237340;-59.412075
31239361;-59.664490
31241343;-59.916313
31243338;-60.167545
31245339;-60.418182
31247337;-60.668224
31249358;-60.917645
31251331;-61.166489
31253321;-61.414730
31255318;-61.662357
31257322;-61.909382
31259325;-62.155796
31261360;-62.401573
31263337;-62.646759
31265342;-62.891323
31267339;-63.135265
31269347;-63.378590
31271363;-63.621284
31273320;-63.863338
31275324;-64.104774
31277317;-64.345573
31279321;-64.585747
31281360;-64.825279
31283326;-65.064171
31285322;-65.302383
31287321;-65.539993
31289320;-65.776947
31291320;-66.013260
31293359;-66.248917
31295343;-66.483917
31297341;-66.718254
31299340;-66.951942
31301339;-67.184967
31303359;-67.417336
31305328;-67.649033
31307315;-67.880043
31309321;-68.110413
31311322;-68.340096
31313318;-68.569115
31315356;-68.797455
31317347;-69.025116
31319342;-69.252083
31321341;-69.478378
31323336;-69.703987
31325357;-69.928902
31327328;-70.153137
31329319;-70.376678
31331316;-70.599503
31333320;-70.821648
31335322;-71.043098
31337356;-71.263847
31339345;-71.483871
31341342;-71.593620
31343340;-71.921829
31345338;-72.139755
31347360;-72.356949
31349336;-72.573456
31351325;-72.789230
31353324;-73.004295
31355323;-73.218613
31357323;-73.432228
31359357;-73.645126
31361346;-73.857292
31363339;-74.068726
31365341;-74.279434
31367341;-74.489388
31369357;-74.698624
31371321;-74.907127
31373325;-75.114883
31375326;-75.321899
31377329;-75.528183
31379356;-75.733711
31381328;-75.938477
31383319;-76.142525
31385319;-76.345787
31387324;-76.548302
31389323;-76.750092
31391358;-76.951096
31393348;-77.151337
31395343;-77.350845
31397339;-77.549561
31399338;-77.747513
31401492;-77.944717
31403346;-78.141136
31405340;-78.336807
31407345;-78.531677
31409337;-78.725777
31411339;-78.919121
31413355;-79.111656
31415341;-79.303444
31417344;-79.494415
31419340;-79.684639
31421344;-79.874046
31423355;-80.062660
31425344;-80.250511
31427344;-80.437546
31429340;-80.623817
31431343;-80.809258
31433351;-80.993912
31435321;-81.177780
31437323;-81.360832
31439323;-81.543098
31441320;-81.724533
31443322;-81.905197
31445361;-82.085022
31447349;-82.264038
31449345;-82.442261
31451340;-82.619652
31453340;-82.796249
31455356;-82.972008
31457316;-83.146942
31459321;-83.321091
31461322;-83.494377
31463323;-83.666878
31465377;-83.838524
31467357;-84.009369
31469342;-84.179352
31471339;-84.348511
31473337;-84.516838
31475338;-84.684326
31477361;-84.851006
31479340;-85.016823
31481340;-85.181801
31483338;-85.345963
31485338;-85.509262
31487350;-85.671738
31489331;-85.833344
31491322;-85.994102
31493316;-86.154037
31495326;-86.313095
31497381;-86.471329
31499359;-86.628685
31501341;-86.785210
31503342;-86.940849
31505342;-87.095634
31507346;-87.249588
31509362;-87.402657
31511318;-87.554878
31513321;-87.706215
31515323;-87.856689
31517322;-88.006317
31519315;-88.155052
31521361;-88.302948
31523343;-88.449944
31525340;-88.596085
31527338;-88.741333
31529341;-88.885704
31531354;-89.029221
31533324;-89.171837
31535320;-89.313599
31537321;-89.454453
31539318;-89.594421
31541377;-89.733536
31543355;-89.871742
31545334;-90.009079
31547345;-90.145508
31549337;-90.281067
31551342;-90.415703
31553361;-90.549461
31555321;-90.682343
31557321;-90.814308
31559320;-90.945396
31561318;-91.075569
31563363;-91.204849
31565320;-91.333237
31567322;-91.460709
31569319;-91.587296
31571320;-91.712967
31573318;-91.837738
31575359;-91.961601
31577352;-92.084541
31579342;-92.206596
31581343;-92.327705
31583339;-92.447945
31585364;-92.567245
31587323;-92.685638
31589324;-92.803131
31591325;-92.919693
31593324;-93.035355
31595321;-93.150070
31597362;-93.263885
31599339;-93.376785
31601339;-93.488747
31603337;-93.599800
31605340;-93.709923
31607354;-93.819130
31609325;-93.927399
31611321;-94.034737
31613326;-94.141159
31615320;-94.246643
31617440;-94.351212
31619341;-94.454834
31621341;-94.557526
31623342;-94.659294
31625344;-94.760117
31627346;-94.860016
31629358;-94.958969
31631323;-95.056999
31633317;-95.154068
31635318;-95.250206
31637323;-95.345413
31639370;-95.439674
31641359;-95.532997
31643345;-95.625374
31645342;-95.716789
31647345;-95.807289
31649336;-95.896828
31651359;-95.985428
31653350;-96.073074
31655344;-96.159782
31657348;-96.245522
31659339;-96.330322
31661364;-96.414177
31663321;-96.497070
31665321;-96.579018
31667321;-96.660011
31669322;-96.740044
31671321;-96.819138
31673360;-96.897255
31675341;-96.974442
31677348;-97.050652
31679338;-97.125916
31681341;-97.200203
31683361;-97.273544
31685322;-97.345924
31687317;-97.417343
31689323;-97.487793
31691319;-97.557281
31693323;-97.625809
31695361;-97.693382
31697346;-97.759987
31699336;-97.825630
31701343;-97.890297
31703341;-97.954010
31705355;-98.016754
31707320;-98.078522
31709319;-98.139336
31711318;-98.199165
31713320;-98.258034
31715317;-98.315933
31717359;-98.372856
31719346;-98.428818
31721338;-98.483803
31723339;-98.537811
31725338;-98.590858
31727358;-98.642929
31729345;-98.694023
31731343;-98.744133
31733340;-98.793289
31735337;-98.841454
31737462;-98.888657
31739351;-98.934868
31741339;-98.980103
31743344;-99.024376
31745340;-99.067665
31747343;-99.109978
31749362;-99.151306
31751326;-99.191666
31753318;-99.231033
31755319;-99.269424
31757320;-99.306847
31759363;-99.343285
31761328;-99.378738
31763311;-99.413208
31765320;-99.446701
31767324;-99.479218
31769326;-99.510742
31771359;-99.541298
31773344;-99.570862
31775341;-99.599442
31777336;-99.627037
31779337;-99.653656
31781361;-99.679283
31783325;-99.703934
31785326;-99.727600
31787325;-99.750282
31789319;-99.771973
31791314;-99.792686
31793362;-99.812408
31795341;-99.831161
31797340;-99.848907
31799340;-99.865677
31801338;-99.881462
31803362;-99.896263
31805319;-99.910072
31807319;-99.922905
31809318;-99.934746
31811319;-99.945602
31813370;-99.955460
31815357;-99.964348
31817347;-99.972244
31819342;-99.979149
31821334;-99.985069
31823344;-99.990005
31825360;-99.993958
31827316;-99.996910
31829320;-99.998894
31831326;-99.999878
31833323;-99.999878
31835378;-99.998894
31837358;-99.996918
31839340;-99.993958
31841341;-99.990013
31843338;-99.985077
31845343;-99.979149
31847353;-99.972244
31849326;-99.964348
31851316;-99.955467
31853317;-99.945602
31855320;-99.934746
31857327;-99.922905
31859358;-99.910080
31861345;-99.896263
31863338;-99.881462
31865338;-99.865685
31867341;-99.848907
31869361;-99.831161
31871322;-99.812416
31873322;-99.792686
31875318;-99.771973
31877325;-99.750282
31879355;-99.727600
31881325;-99.703934
31883318;-99.679283
31885322;-99.653656
31887323;-99.627037
31889322;-99.599442
31891361;-99.570862
31893323;-99.541298
31895321;-99.510750
31897320;-99.479218
31899317;-99.446709
31901359;-99.413208
31903323;-99.378738
31905321;-99.343285
31907325;-99.306854
31909323;-99.269440
31911319;-99.231041
31913349;-99.191666
31915324;-99.151314
31917320;-99.109985
31919324;-99.067673
31921328;-99.024384
31923359;-98.980118
31925321;-98.934868
31927321;-98.888657
31929321;-98.841461
31931321;-98.793289
31933324;-98.744148
31935359;-98.694023
31937343;-98.642937
31939339;-98.590866
31941338;-98.537827
31943340;-98.483810
31945362;-98.428825
31947326;-98.372871
31949324;-98.315941
31951319;-98.258049
31953318;-98.199181
31955321;-98.139343
31957361;-98.078537
31959345;-98.016754
31961339;-97.954025
31963337;-97.890312
31965341;-97.825638
31967360;-97.760002
31969323;-97.693398
31971322;-97.625824
31973320;-97.557297
31975318;-97.487801
31977319;-97.417351
31979362;-97.345924
31981345;-97.273552
31983344;-97.200203
31985339;-97.125916
31987344;-97.050652
31989361;-96.974442
31991323;-96.897270
31993324;-96.819138
31995317;-96.740051
31997319;-96.660011
31999316;-96.579018
32001358;-96.497086
32003338;-96.414177
32005342;-96.330330
32007345;-96.245522
32009340;-96.159782
32011359;-96.073074
32013326;-95.985443
32015322;-95.896851
32017318;-95.807304
32019319;-95.716820
32021359;-95.625381
32023318;-95.533012
32025323;-95.439697
32027323;-95.345428
32029323;-95.250237
32031322;-95.154083
32033360;-95.057007
32035339;-94.958984
32037342;-94.860039
32039343;-94.760147
32041337;-94.659309
32043362;-94.557556
32045324;-94.454849
32047324;-94.351234
32049322;-94.246681
32051321;-94.141182
32053362;-94.034767
32055325;-93.927414
32057323;-93.819145
32059321;-93.709961
32061321;-93.599823
32063316;-93.488785
32065361;-93.376801
32067348;-93.263916
32069341;-93.150093
32071343;-93.035370
32073343;-92.919724
32075358;-92.803154
32077318;-92.685677
32079320;-92.567268
32081319;-92.447960
32083322;-92.327744
32085320;-92.206596
32087368;-92.084564
32089349;-91.961601
32091343;-91.899780
32093342;-91.712967
32095340;-91.587296
32097361;-91.460732
32099326;-91.333237
32101329;-91.204865
32103321;-91.075569
32105324;-90.945396
32107323;-90.814331
32109355;-90.682343
32111340;-90.549484
32113340;-90.415703
32115340;-90.281067
32117345;-90.145508
32119361;-90.009079
32121326;-89.871780
32123327;-89.733559
32125330;-89.594475
32127316;-89.454475
32129314;-89.313622
32131361;-89.171890
32133345;-89.029243
32135339;-88.885750
32137346;-88.741356
32139339;-88.596107
32141355;-88.449959
32143319;-88.302971
32145318;-88.155106
32147316;-88.006340
32149322;-87.856735
32151376;-87.706238
32153360;-87.554901
32155348;-87.402702
32157344;-87.249611
32159344;-87.095680
32161338;-86.940872
32163360;-86.785233
32165341;-86.628708
32167344;-86.471352
32169336;-86.313148
32171340;-86.154060
32173363;-85.994148
32175325;-85.833374
32177321;-85.671761
32179319;-85.509315
32181320;-85.345993
32183447;-85.181847
32185341;-85.016846
32187343;-84.851036
32189338;-84.684349
32191338;-84.516861
32193343;-84.348534
32195352;-84.179352
32197319;-84.009369
32199313;-83.838524
32201321;-83.666878
32203319;-83.494408
32205447;-83.321091
32207349;-83.146973
32209342;-82.972008
32211338;-82.796249
32213336;-82.619652
32215336;-82.442261
32217359;-82.264069
32219320;-82.085022
32221321;-81.905197
32223321;-81.724533
32225323;-81.543098
32227361;-81.360855
32229324;-81.177811
32231320;-80.993965
32233316;-80.809288
32235326;-80.623840
32237321;-80.437599
32239359;-80.250534
32241343;-80.062714
32243339;-79.874077
32245340;-79.684669
32247338;-79.494446
32249361;-79.303474
32251330;-79.111710
32253319;-78.919151
32255323;-78.725830
32257324;-78.531708
32259318;-78.336838
32261359;-78.141197
32263341;-77.944756
32265341;-77.747574
32267343;-77.549591
32269341;-77.350876
32271357;-77.151367
32273326;-76.951126
32275320;-76.750122
32277320;-76.548340
32279320;-76.345825
32281319;-76.142525
32283358;-75.938507
32285346;-75.733742
32287346;-75.528191
32289342;-75.321938
32291339;-75.114906
32293359;-74.907158
32295318;-74.698639
32297319;-74.489418
32299321;-74.279465
32301322;-74.068741
32303324;-73.857323
32305361;-73.645142
32307343;-73.432266
32309342;-73.218666
32311339;-73.004303
32313341;-72.789261
32315349;-72.573471
32317323;-72.356987
32319323;-72.139763
32321319;-71.921860
32323319;-71.703247
32325320;-71.483887
32327360;-71.263863
32329342;-71.043098
32331342;-70.821671
32333342;-70.599533
32335339;-70.376678
32337358;-70.153191
32339324;-69.928940
32341326;-69.704033
32343322;-69.478439
32345321;-69.252129
32347319;-69.025169
32349358;-68.797493
32351339;-68.569168
32353338;-68.340134
32355338;-68.110466
32357341;-67.880119
32359362;-67.649063
32361320;-67.417389
32363320;-67.185005
32365317;-66.951988
32367320;-66.718323
32369320;-66.483955
32371361;-66.248970
32373343;-66.013298
32375341;-65.777000
32377338;-65.540024
32379342;-65.302437
32381351;-65.064201
32383328;-64.825294
32385319;-64.585785
32387320;-64.345589
32389318;-64.104805
32391358;-63.863392
32393325;-63.621307
32395321;-63.378628
32397321;-63.135292
32399317;-62.891365
32401314;-62.646778
32403358;-62.401615
32405342;-62.155830
32407345;-61.909401
32409342;-61.662399
32411340;-61.414749
32413364;-61.166527
32415357;-60.917706
32417351;-60.668243
32419343;-60.418217
32421331;-60.167564
32423342;-59.916348
32425360;-59.664505
32427343;-59.412109
32429338;-59.159134
32431340;-58.905529
32433338;-58.651386
32435365;-58.396626
32437326;-58.141327
32439318;-57.885448
32441321;-57.628967
32443322;-57.371990
32445323;-57.114376
32447363;-56.856228
32449340;-56.597485
32451335;-56.338223
32453339;-56.078403
32455340;-55.817993
32457357;-55.557068
32459324;-55.295555
32461318;-55.033539
32463320;-54.770977
32465325;-54.507839
32467323;-54.244198
32469358;-53.979980
32471340;-53.715279
32473337;-53.450001
32475339;-53.184235
32477343;-52.917946
32479360;-52.651096
32481335;-52.383762
32483328;-52.115868
32485321;-51.847504
32487325;-51.578636
32489362;-51.309212
32491325;-51.039322
32493317;-50.768887
32495324;-50.497990
32497315;-50.226559
32499318;-49.954666
32501360;-49.682285
32503336;-49.409370
32505339;-49.136013
32507345;-48.862125
32509340;-48.587799
32511364;-48.312996
32513323;-48.037670
32515320;-47.761909
32517324;-47.485641
32519320;-47.208942
32521321;-46.931778
32523360;-46.654110
32525344;-46.376026
32527340;-46.097439
32529339;-45.818439
32531337;-45.538944
32533361;-45.259045
32535324;-44.978695
32537320;-44.838314
32539315;-44.416630
32541322;-44.134918
32543378;-43.852810
32545358;-43.570271
32547344;-43.287258
32549340;-43.003864
32551338;-42.720039
32553338;-42.435799
32555362;-42.151093
32557320;-41.866016
32559322;-41.580528
32561318;-41.294582
32563316;-41.008274
32565319;-40.721519
32567359;-40.434402
32569341;-40.146889
32571339;-39.858932
32573346;-39.570629
32575339;-39.281891
32577351;-38.992809
32579326;-38.703300
32581325;-38.413452
32583324;-38.123226
32585322;-37.832577
32587325;-37.541599
32589363;-37.250210
32591344;-36.958492
32593340;-36.666412
32595338;-36.373924
32597348;-36.081123
32599364;-35.787922
32601325;-35.494415
32603322;-35.200508
32605322;-34.906300
32607322;-34.611748
32609440;-34.316807
32611342;-34.021576
32613342;-33.725964
32615339;-33.430061
32617343;-33.133827
32619343;-32.837227
32621357;-32.540344
32623325;-32.243095
32625327;-31.945574
32627320;-31.647692
32629323;-31.349543
32631355;-31.051085
32633320;-30.752274
32635318;-30.453205
32637327;-30.153790
32639323;-29.854124
32641319;-29.554165
32643362;-29.253864
32645341;-28.953323
32647345;-28.652451
32649341;-28.351339
32651338;-28.049904
32653367;-27.748236
32655327;-27.446297
32657319;-27.144039
32659321;-26.841604
32661320;-26.538816
32663323;-26.235809
32665363;-25.932545
32667345;-25.628975
32669342;-25.325203
32671336;-25.021133
32673340;-24.716862
32675362;-24.412348
32677322;-24.107544
32679320;-23.802551
32681324;-23.497276
32683321;-23.191816
32685322;-22.886080
32687363;-22.580164
32689341;-22.274027
32691340;-21.967623
32693339;-21.661047
32695343;-21.354214
32697360;-21.047215
32699323;-20.740007
32701313;-20.432549
32703326;-20.124935
32705317;-19.817076
32707325;-19.509069
32709360;-19.200823
32711345;-18.892433
32713343;-18.583858
32715339;-18.275051
32717345;-17.966110
32719357;-17.656948
32721321;-17.347656
32723325;-17.038193
32725322;-16.728516
32727325;-16.418720
32729321;-16.108715
32731362;-15.798600
32733342;-15.488279
32735341;-15.177855
32737342;-14.867279
32739340;-14.556509
32741355;-14.245645
32743328;-13.934591
32745322;-13.623447
32747325;-13.312168
32749322;-13.000711
32751375;-12.689175
32753358;-12.377464
32755345;-12.065679
32757342;-11.753728
32759345;-11.441707
32761344;-11.129574
32763344;-10.817284
32765327;-10.504933
32767325;-10.192480
32769323;-9.879926
32771320;-9.567274
32773360;-9.254481
32775322;-8.941644
32777317;-8.628671
32779322;-8.315660
32781323;-8.002520
32783317;-7.689348
32785361;-7.376100
32787345;-7.062732
32789341;-6.749341
32791346;-6.435838
32793341;-6.122317
32795361;-5.808736
32797329;-5.495050
32799318;-5.181358
32801327;-4.867567
32803320;-4.553775
32805321;-4.239939
32807360;-3.926013
32809341;-3.612096
32811341;-3.298096
32813341;-2.984111
32815337;-2.670048
32817355;-2.356008
32819329;-2.041943
32821323;-1.727811
32823322;-1.413710
32825325;-1.099547
32827322;-0.785421
32829361;-0.471287
32831342;-0.157100
32833339;0.157080
32835339;0.471237
32837338;0.785390
32839358;1.099535
32841323;1.256604
32843318;1.727790
32845323;2.041893
32847319;2.355976
32849321;2.670036
32851361;2.984070
32853343;3.298074
32855339;3.612046
32857342;3.925981
32859342;4.239879
32861358;4.553734
32863323;4.867544
32865320;5.181307
32867324;5.495018
32869316;5.808674
32871383;6.122274
32873355;6.435814
32875340;6.749289
32877343;7.062697
32879340;7.376038
32881342;7.689305
32883353;8.002495
32885320;8.315607
32887324;8.628635
32889322;8.941581
32891318;9.254436
32893355;9.567202
32895320;9.879873
32897318;10.192444
32899322;10.504917
32901317;10.817286
32903317;11.129548
32905359;11.441700
32907320;11.753738
32909318;12.065662
32911320;12.377467
32913322;12.689150
32915359;13.000705
32917321;13.312133
32919317;13.623430
32921325;13.934594
32923319;14.245617
32925321;14.556500
32927359;14.867243
32929343;15.177837
32931341;15.488280
32933340;15.798573
32935340;16.108707
32937358;16.418684
32939326;16.728498
32941322;17.038149
32943322;17.347628
32945319;17.656937
32947324;17.966076
32949363;18.275032
32951343;18.583811
32953335;18.892406
32955336;19.200811
32957341;19.509031
32959393;19.817057
32961359;20.124889
32963346;20.432520
32965344;20.739950
32967341;21.047176
32969343;21.354193
32971359;21.660999
32973324;21.967592
32975318;22.273970
32977322;22.580126
32979322;22.886059
32981318;23.191769
32983357;23.497246
32985346;23.802494
32987340;24.107506
32989341;24.412279
32991340;24.716812
32993362;25.021099
32995323;25.325144
32997321;25.628939
32999319;25.932476
33001321;26.235760
33003326;26.538784
33005359;26.841545
33007346;27.144045
33009336;27.446274
33011342;27.748230
33013341;28.049919
33015360;28.351324
33017326;28.652456
33019321;28.953299
33021320;29.253859
33023326;29.554132
33025385;29.854111
33027360;30.153793
33029345;30.453184
33031339;30.752268
33033342;31.051052
33035337;31.349527
33037358;31.647697
33039323;31.945551
33041322;32.243092
33043324;32.540310
33045321;32.837208
33047357;33.133785
33049326;33.430038
33051325;33.725952
33053324;34.021542
33055325;34.316792
33057321;34.611706
33059364;34.906273
33061348;35.200500
33063341;35.494377
33065343;35.787907
33067345;36.081081
33069357;36.373901
33071324;36.666363
33073322;36.958458
33075319;37.250191
33077317;37.541557
33079320;37.832550
33081360;38.123173
33083342;38.413418
33085338;38.703281
33087343;38.992767
33089339;39.281864
33091360;39.570580
33093318;39.858898
33095315;40.146824
33097321;40.434357
33099323;40.721493
33101323;41.008221
33103360;41.294548
33105343;41.580467
33107345;41.865971
33109341;42.151066
33111340;42.435749
33113359;42.720005
33115326;43.003841
33117319;43.287258
33119320;43.570240
33121322;43.852798
33123316;44.134922
33125358;44.416611
33127345;44.697861
33129341;44.978668
33131344;45.259033
33133345;45.538948
33135366;45.818417
33137332;46.097435
33139321;46.375996
33141320;46.654099
33143318;46.931744
33145322;47.208927
33147358;47.485634
33149349;47.761883
33151342;48.037659
33153336;48.312958
33155339;48.587780
33157363;48.862122
33159325;49.135986
33161321;49.409363
33163322;49.682243
33165325;49.954647
33167321;50.226551
33169358;50.497963
33171346;50.768871
33173342;51.039284
33175340;51.309193
33177343;51.578583
33179360;51.847477
33181326;52.115856
33183318;52.383720
33185321;52.651070
33187321;52.917896
33189362;53.184204
33191329;53.449982
33193317;53.715237
33195320;53.979958
33197319;54.244156
33199323;54.507809
33201364;54.770924
33203346;55.033501
33205336;55.295532
33207340;55.557018
33209337;55.817963
33211359;56.078350
33213321;56.338184
33215325;56.597466
33217323;56.856178
33219319;57.114338
33221324;57.371937
33223358;57.628967
33225343;57.885426
33227344;58.141319
33229343;58.396633
33231342;58.651371
33233361;58.905529
33235343;59.159111
33237346;59.412106
33239340;59.664516
33241339;59.916336
33243358;60.167557
33245319;60.418190
33247320;60.668228
33249322;60.917671
33251319;61.166508
33253316;61.414749
33255355;61.662376
33257347;61.909389
33259339;62.155800
33261343;62.401592
33263343;62.646778
33265361;62.891342
33267321;63.135277
33269320;63.378597
33271317;63.621284
33273317;63.863350
33275355;64.104782
33277324;64.345589
33279322;64.585754
33281320;64.825279
33283327;65.064171
33285318;65.302414
33287361;65.540009
33289346;65.776978
33291339;66.013275
33293338;66.248932
33295337;66.483932
33297358;66.718277
33299332;66.951958
33301324;67.184982
33303327;67.417351
33305322;67.649040
33307318;67.880074
33309360;68.110428
33311343;68.340118
33313339;68.569130
33315338;68.797462
33317351;69.025124
33319363;69.252098
33321322;69.478394
33323323;69.703995
33325322;69.928909
33327322;70.153137
33329321;70.376678
33331361;70.599518
33333342;70.821655
33335338;71.043106
33337340;71.263847
33339340;71.483887
33341357;71.703224
33343328;71.921852
33345317;72.139778
33347325;72.356972
33349319;72.573471
33351318;72.789238
33353357;73.004303
33355344;73.218636
33357345;73.432251
33359339;73.645142
33361339;73.857300
33363361;74.068741
33365322;74.279442
33367320;74.489403
33369319;74.698639
33371318;74.907135
33373322;75.114891
33375360;75.321915
33377345;75.528183
33379336;75.733711
33381340;75.938484
33383345;76.142517
33385357;76.345795
33387327;76.548325
33389327;76.750092
33391318;76.951103
33393325;77.151352
33395369;77.350845
33397326;77.549568
33399318;77.747536
33401320;77.944733
33403322;78.141159
33405317;78.336807
33407355;78.531693
33409342;78.725800
33411340;78.919128
33413342;79.111679
33415342;79.303452
33417363;79.494438
33419323;79.684631
33421323;79.874054
33423325;80.062675
33425318;80.250511
33427319;80.437561
33429349;80.623810
33431316;80.809273
33433321;80.993927
33435322;81.177780
33437325;81.360840
33439359;81.543091
33441323;81.724548
33443321;81.905190
33445319;82.085022
33447324;82.264038
33449317;82.442261
33451354;82.619659
33453345;82.796242
33455340;82.972015
33457342;83.146957
33459340;83.321083
33461358;83.494392
33463334;83.666870
33465321;83.838524
33467323;84.009354
33469318;84.179352
33471323;84.348526
33473360;84.516853
33475344;84.684349
33477344;84.851013
33479345;85.016846
33481336;85.181831
33483361;85.345985
33485345;85.509285
33487346;85.671745
33489336;85.833366
33491336;85.994133
33493355;86.154045
33495323;86.313118
33497327;86.471336
33499323;86.628700
33501319;86.785210
33503325;86.940865
33505362;87.095657
33507347;87.249596
33509339;87.402672
33511337;87.554886
33513340;87.706230
33515357;87.856712
33517320;88.006325
33519316;88.155075
33521315;88.302948
33523320;88.449944
33525317;88.596085
33527361;88.741341
33529351;88.885719
33531338;89.029221
33533340;89.171852
33535342;89.313599
33537360;89.454460
33539342;89.594444
33541340;89.733536
33543342;89.871750
33545340;90.009079
33547359;90.145508
33549321;90.281052
33551327;90.415710
33553313;90.549469
33555323;90.682343
33557324;90.814316
33559361;90.945389
33561340;91.075569
33563344;91.204857
33565337;91.333237
33567345;91.460716
33569364;91.587296
33571321;91.712967
33573326;91.837730
33575321;91.961594
33577319;92.084541
33579319;92.206589
33581361;92.327728
33583344;92.447952
33585342;92.567261
33587344;92.685661
33589342;92.803139
33591359;92.861542
33593328;93.035355
33595322;93.150093
33597323;93.263908
33599320;93.376793
33601369;93.488762
33603360;93.599808
33605344;93.709930
33607345;93.819130
33609341;93.927406
33611339;94.034752
33613354;94.141167
33615314;94.246658
33617319;94.351212
33619320;94.454842
33621316;94.557541
33623368;94.659302
33625356;94.760132
33627350;94.860016
33629342;94.958969
33631336;95.056992
33633342;95.154076
33635358;95.250214
33637325;95.345421
33639323;95.439682
33641328;95.532997
33643319;95.625374
33645376;95.716805
33647353;95.807289
33649339;95.896835
33651342;95.985428
33653345;96.073074
33655338;96.159775
33657356;96.245529
33659327;96.330322
33661323;96.414169
33663320;96.497070
33665325;96.579018
33667361;96.660011
33669327;96.740051
33671326;96.819130
33673323;96.897263
33675322;96.974442
33677322;97.050652
33679359;97.125908
33681341;97.200203
33683337;97.273544
33685341;97.345917
33687345;97.417343
33689356;97.487793
33691322;97.557297
33693322;97.625824
33695322;97.693390
33697324;97.759995
33699323;97.825638
33701363;97.890305
33703340;97.954018
33705340;98.016754
33707343;98.078529
33709340;98.139336
33711362;98.199173
33713329;98.258034
33715320;98.315933
33717321;98.372864
33719322;98.428818
33721320;98.483810
33723359;98.537819
33725343;98.590858
33727343;98.642929
33729334;98.694023
33731336;98.744141
33733361;98.793289
33735316;98.841454
33737316;98.888649
33739317;98.934868
33741324;98.980110
33743358;99.024376
33745322;99.067665
33747325;99.109970
33749318;99.151306
33751324;99.191658
33753321;99.231033
33755360;99.269432
33757345;99.306847
33759344;99.343285
33761341;99.378738
33763341;99.413208
33765361;99.446701
33767326;99.479218
33769322;99.510742
33771319;99.541290
33773323;99.570862
33775380;99.599442
33777361;99.627037
33779341;99.653656
33781340;99.679283
33783339;99.703934
33785334;99.727600
33787356;99.750282
33789343;99.771973
33791340;99.792686
33793345;99.812408
33795341;99.831154
33797357;99.848907
33799320;99.865685
33801324;99.881462
33803326;99.896263
33805324;99.910072
33807326;99.922905
33809359;99.934746
33811345;99.945602
33813345;99.955467
33815340;99.964348
33817343;99.972244
33819357;99.979149
33821318;99.985077
33823322;99.990005
33825322;99.993958
33827315;99.996918
33829322;99.998894
33831360;99.999878
33833344;99.999878
33835344;99.998894
33837341;99.996918
33839337;99.993958
33841354;99.990005
33843326;99.985077
33845316;99.979149
33847326;99.972244
33849319;99.964348
33851321;99.955467
33853360;99.945602
33855340;99.934746
33857343;99.922905
33859344;99.910072
33861337;99.896263
33863358;99.881462
33865324;99.865685
33867329;99.848907
33869319;99.831154
33871321;99.812408
33873356;99.792686
33875322;99.771973
33877322;99.750282
33879324;99.727600
33881325;99.703941
33883321;99.679283
33885358;99.653656
33887345;99.627037
33889335;99.599442
33891342;99.570862
33893339;99.541298
33895357;99.510750
33897323;99.479218
33899320;99.446701
33901319;99.413208
33903320;99.378738
33905321;99.343285
33907361;99.306847
33909343;99.269432
33911343;99.231033
33913342;99.191666
33915339;99.151306
33917357;99.109978
33919330;99.067673
33921316;99.024376
33923319;98.980110
33925327;98.934868
33927378;98.888657
33929354;98.841461
33931342;98.793289
33933340;98.744141
33935339;98.694023
33937345;98.642929
33939361;98.590866
33941324;98.537819
33943318;98.483810
33945324;98.428818
33947319;98.372864
33949318;98.315941
33951360;98.258041
33953340;98.199173
33955338;98.139343
33957339;98.078529
33959342;98.016754
33961358;97.954018
33963343;97.890312
33965341;97.825638
33967344;97.759995
33969338;97.693398
33971362;97.625824
33973320;97.557297
33975323;97.487801
33977322;97.417343
33979320;97.345932
33981322;97.273544
33983363;97.200211
33985346;97.125916
33987345;97.050652
33989339;96.974442
33991340;96.897270
33993358;96.819138
33995319;96.740051
33997324;96.660019
33999327;96.579018
34001323;96.497078
34003324;96.414177
34005358;96.330330
34007346;96.245529
34009342;96.159782
34011341;96.073082
34013342;95.985428
34015355;95.896843
34017341;95.807297
34019339;95.716812
34021341;95.625374
34023339;95.533005
34025357;95.439682
34027322;95.345428
34029324;95.250221
34031320;95.154076
34033318;95.057007
34035317;94.958984
34037358;94.860031
34039346;94.760132
34041344;94.659302
34043334;94.557549
34045338;94.454849
34047359;94.351219
34049315;94.246666
34051321;94.141174
34053329;94.034752
34055318;93.927414
34057317;93.819138
34059360;93.709938
34061342;93.599823
34063344;93.488770
34065339;93.376801
34067344;93.263916
34069363;93.150101
34071320;93.035362
34073318;92.919716
34075326;92.803146
34077322;92.685661
34079319;92.567268
34081360;92.447952
34083323;92.327728
34085321;92.206596
34087321;92.084557
34089320;91.961601
34091360;91.837738
34093326;91.712967
34095323;91.587296
34097316;91.460724
34099315;91.333237
34101370;91.204857
34103357;91.075584
34105338;90.945396
34107341;90.814323
34109339;90.682343
34111340;90.549477
34113360;90.415726
34115326;90.281067
34117318;90.145515
34119325;90.009079
34121320;89.871750
34123323;89.733551
34125359;89.594452
34127347;89.454468
34129342;89.313599
34131341;89.171860
34133340;89.029228
34135362;88.885727
34137329;88.741348
34139319;88.596085
34141322;88.449951
34143327;88.302948
34145323;88.155067
34147360;88.006332
34149325;87.856712
34151328;87.706230
34153318;87.554893
34155322;87.402679
34157315;87.249603
34159359;87.095680
34161346;86.940880
34163340;86.785217
34165341;86.628708
34167340;86.471344
34169358;86.313126
34171326;86.154068
34173317;85.994141
34175318;85.833374
34177325;85.671753
34179324;85.509285
34181354;85.345985
34183344;85.181847
34185342;85.016853
34187347;84.851021
34189339;84.684357
34191365;84.516853
34193326;84.348511
34195317;84.179352
34197323;84.009354
34199318;83.838524
34201371;83.666870
34203352;83.494385
34205342;83.321075
34207343;83.146980
34209340;82.972023
34211339;82.796249
34213361;82.619667
34215323;82.442268
34217325;82.264053
34219318;82.085037
34221325;81.905197
34223328;81.724556
34225358;81.543098
34227350;81.360847
34229344;81.177780
34231342;80.993942
34233342;80.809280
34235355;80.623817
34237329;80.437561
34239326;80.250511
34241319;80.062675
34243324;79.874062
34245367;79.684647
34247325;79.494438
34249319;79.303452
34251323;79.111679
34253317;78.919128
34255318;78.725800
34257362;78.531693
34259344;78.336807
34261339;78.141167
34263340;77.944740
34265341;77.747559
34267362;77.549591
34269327;77.350861
34271321;77.151367
34273317;76.951111
34275323;76.750099
34277325;76.548340
34279362;76.345810
34281322;76.142532
34283320;75.938499
34285319;75.733719
34287325;75.528183
34289361;75.321922
34291324;75.114906
34293324;74.907150
34295320;74.698647
34297318;74.489410
34299319;74.279442
34301360;74.068748
34303342;73.857307
34305340;73.645142
34307343;73.432251
34309337;73.218636
34311360;73.004295
34313322;72.789253
34315322;72.573486
34317323;72.356995
34319322;72.139786
34321328;71.921860
34323355;71.703232
34325346;71.483910
34327350;71.263863
34329345;71.043121
34331336;70.821671
34333358;70.599525
34335327;70.376678
34337321;70.153160
34339320;69.928932
34341321;69.816551
34343357;69.478401
34345322;69.252106
34347323;69.025124
34349323;68.797478
34351320;68.569145
34353324;68.340126
34355359;68.110435
34357349;67.880074
34359342;67.649040
34361339;67.417358
34363341;67.184998
34365360;66.951965
34367323;66.718277
34369318;66.483948
34371314;66.248940
34373321;66.013298
34375319;65.776993
34377359;65.540031
34379345;65.302429
34381338;65.064178
34383340;64.825287
34385339;64.585777
34387360;64.345604
34389324;64.104805
34391316;63.863361
34393329;63.621296
34395318;63.378597
34397376;63.135296
34399357;62.891354
34401344;62.646790
34403344;62.401604
34405338;62.155807
34407346;61.909397
34409361;61.662388
34411341;61.414753
34413342;61.166519
34415337;60.917675
34417338;60.668228
34419357;60.418213
34421324;60.167568
34423322;59.916359
34425316;59.664536
34427318;59.412121
34429323;59.159122
34431360;58.905560
34433347;58.651394
34435342;58.396656
34437340;58.141335
34439342;57.885437
34441401;57.628979
34443346;57.371964
34445339;57.114365
34447345;56.856201
34449339;56.597477
34451340;56.338192
34453361;56.078358
34455347;55.817978
34457344;55.557037
34459340;55.295544
34461341;55.033512
34463397;54.770927
34465350;54.507809
34467342;54.244167
34469343;53.979977
34471342;53.715248
34473341;53.449989
34475361;53.184204
34477324;52.917915
34479321;52.651100
34481322;52.383751
34483319;52.115883
34485316;51.847500
34487362;51.578606
34489344;51.309196
34491340;51.039307
34493338;50.768894
34495341;50.497978
34497367;50.226570
34499324;49.954655
34501325;49.682255
34503318;49.409382
34505326;49.136005
34507323;48.862137
34509359;48.587791
34511343;48.312962
34513341;48.037659
34515340;47.761898
34517340;47.485649
34519353;47.208931
34521327;46.931747
34523315;46.654099
34525325;46.375992
34527322;46.097446
34529321;45.818428
34531361;45.538975
34533341;45.259052
34535339;44.978683
34537346;44.697872
34539341;44.557308
34541364;44.134945
34543328;43.852818
34545324;43.570255
34547324;43.287266
34549314;43.003849
34551316;42.720028
34553360;42.435760
34555342;42.151081
34557340;41.865982
34559337;41.580467
34561340;41.294567
34563365;41.008240
34565326;40.721504
34567319;40.434368
34569318;40.146832
34571318;39.858898
34573321;39.570599
34575358;39.281879
34577349;38.992775
34579339;38.703285
34581340;38.413418
34583340;38.123165
34585358;37.832584
34587325;37.541588
34589320;37.250214
34591322;36.958477
34593322;36.666374
34595355;36.373913
34597324;36.081112
34599320;35.787930
34601322;35.494400
34603323;35.200516
34605320;34.906284
34607361;34.611710
34609347;34.316818
34611346;34.021561
34613345;33.725971
34615339;33.430046
34617358;33.133793
34619324;32.837212
34621318;32.540329
34623321;32.243107
34625321;31.945559
34627372;31.647699
34629361;31.349527
34631347;31.051048
34633348;30.752283
34635340;30.453190
34637342;30.153799
34639348;29.854134
34641322;29.554150
34643321;29.253874
34645317;28.953331
34647320;28.652481
34649445;28.351349
34651349;28.049934
34653344;27.748245
34655340;27.446281
34657342;27.144072
34659344;26.841568
34661366;26.538801
34663320;26.235771
34665314;25.932482
34667327;25.628939
34669323;25.325165
34671360;25.021118
34673319;24.716824
34675318;24.412287
34677322;24.107508
34679326;23.802490
34681320;23.497261
34683360;23.191778
34685343;22.886066
34687340;22.580128
34689340;22.273966
34691341;21.967585
34693360;21.661034
34695321;21.354221
34697320;21.047199
34699322;20.739969
34701320;20.432533
34703324;20.124922
34705356;19.817085
34707345;19.509054
34709336;19.200832
34711342;18.892418
34713339;18.583818
34715361;18.275061
34717322;17.966097
34719321;17.656956
34721319;17.347641
34723319;17.038157
34725319;16.728500
34727363;16.418705
34729344;16.108725
34731344;15.798585
34733339;15.488288
34735341;15.177840
34737365;14.867240
34739326;14.556519
34741317;14.245629
34743324;13.934599
34745324;13.623433
34747324;13.312154
34749352;13.000721
34751342;12.689183
34753341;12.377496
34755348;12.065687
34757344;11.753759
34759355;11.441715
34761325;11.129559
34763321;10.817315
34765321;10.504942
34767320;10.192464
34769362;9.879887
34771321;9.567211
34773319;9.254441
34775323;8.941605
34777323;8.628655
34779322;8.315620
34781356;8.002504
34783326;7.689308
34785320;7.376037
34787317;7.062716
34789319;6.749302
34791352;6.435822
34793322;6.122278
34795322;5.808673
34797321;5.495012
34799320;5.181319
34801318;4.867576
34803360;4.553761
34805347;4.239901
34807345;3.925998
34809338;3.612057
34811339;3.298105
34813372;2.984096
34815335;2.670057
34817350;2.355993
34819342;2.041904
34821332;1.727796
34823336;1.413695
34825362;1.099556
34827348;0.785405
34829341;0.471248
34831337;0.157085
34833338;-0.157079
34835360;-0.471218
34837322;-0.785375
34839317;-1.099525
34841319;-1.413665
34843319;-1.727790
34845320;-2.041898
34847361;-2.355963
34849346;-2.670027
34851338;-2.984066
34853336;-3.298074
34855340;-3.612027
34857359;-3.925944
34859323;-4.239846
34861320;-4.553706
34863322;-4.867522
34865320;-5.181289
34867323;-5.495005
34869361;-5.808643
34871343;-6.122248
34873339;-6.435792
34875342;-6.749272
34877342;-7.062686
34879358;-7.376031
34881322;-7.689279
34883323;-8.002474
34885319;-8.315591
34887321;-8.628626
34889321;-8.941574
34891362;-9.254436
34893338;-9.567182
34895342;-9.879857
34897345;-10.192435
34899341;-10.504911
34901483;-10.817286
34903340;-11.129552
34905338;-11.441686
34907343;-11.753706
34909341;-12.065634
34911341;-12.377443
34913359;-12.689130
34915341;-13.000690
34917342;-13.312101
34919336;-13.623403
34921338;-13.934570
34923360;-14.245600
34925324;-14.556490
34927321;-14.867234
34929317;-15.177811
34931318;-15.488259
34933318;-15.798555
34935360;-16.108694
34937348;-16.418676
34939341;-16.728497
34941340;-17.038126
34943340;-17.347612
34945362;-17.656927
34947328;-17.966068
34949322;-18.275030
34951320;-18.583813
34953319;-18.892389
34955371;-19.200802
34957359;-19.509026
34959343;-19.817057
34961343;-20.124868
34963340;-20.432505
