Timestamp;.superwatch_ch00;.superwatch_ch01;.superwatch_ch02;.superwatch_ch03
0;76.548340;46.097458;8.628660;-30.303514
1644;76.345810;45.818439;8.315629;-30.453163
3613;76.142532;45.538967;8.002514;-30.752251
5610;75.938499;45.259048;7.689318;-31.051041
7610;75.733719;44.978672;7.376045;-31.349522
9607;75.528183;44.697861;7.062700;-31.647694
11611;75.321922;44.416630;6.749311;-31.945530
13610;75.114906;44.134937;6.435833;-32.243073
15607;74.907150;43.852814;6.122288;-32.540302
17607;74.698647;43.570251;5.808684;-32.837200
19608;74.489410;43.287258;5.495015;-33.133793
21608;74.279442;43.003845;5.181307;-33.430038
23604;74.068748;42.720020;4.867559;-33.725941
25653;73.857307;42.435757;4.553741;-34.021534
27631;73.645142;42.151070;4.239884;-34.316788
29630;73.432251;41.865974;3.925982;-34.611702
31627;73.218636;41.580463;3.612041;-34.906273
33629;73.004295;41.294533;3.298062;-35.200508
35644;72.789253;41.008232;2.984083;-35.494370
37642;72.573486;40.721516;2.670064;-35.787880
39631;72.356995;40.434380;2.356002;-36.081059
41627;72.139786;40.146847;2.041912;-36.373882
43628;71.921860;39.858906;1.727802;-36.666351
45630;71.703232;39.570583;1.413676;-36.958447
47642;71.483910;39.281891;1.099563;-37.250168
49626;71.263863;38.992779;0.785410;-37.541538
51629;71.043121;38.703300;0.471258;-37.832535
53626;70.821671;38.413425;0.157091;-38.123165
55631;70.599525;38.123184;-0.157067;-38.413410
57647;70.376678;37.832554;-0.471228;-38.703274
59615;70.153160;37.541576;-0.785363;-38.992744
61606;69.928932;37.250214;-1.099509;-39.281845
63604;69.704010;36.958469;-1.413658;-39.570564
65606;69.478401;36.666367;-1.727784;-39.858891
67605;69.252106;36.373905;-2.041888;-40.146820
69637;69.025124;36.081081;-2.355978;-40.434353
71605;68.797478;35.787922;-2.670020;-40.721478
73608;68.569145;35.494389;-2.984056;-41.008205
75604;68.340126;35.200508;-3.298062;-41.294533
77604;68.110435;34.906273;-3.612041;-41.580463
79651;67.880074;34.611702;-3.925982;-41.865974
81616;67.649040;34.316788;-4.239884;-42.151070
83604;67.417358;34.021557;-4.553723;-42.435734
85606;67.184998;33.725964;-4.867533;-42.719997
87604;66.951965;33.430038;-5.181307;-43.003845
89606;66.718277;33.133793;-5.495015;-43.287258
91636;66.483948;32.837227;-5.808661;-43.570225
93611;66.248940;32.540318;-6.122264;-43.852795
95608;66.013298;32.243118;-6.435785;-44.134895
97605;65.776993;31.945578;-6.749269;-44.416592
99607;65.540031;31.647718;-7.062676;-44.697842
101641;65.302429;31.349546;-7.376018;-44.978653
103609;65.064178;31.051064;-7.689291;-45.259022
105609;64.825287;30.752274;-8.002490;-45.538948
107604;64.585777;30.453215;-8.315578;-45.818394
109612;64.345604;30.153816;-8.628613;-46.097416
111611;64.104805;29.854128;-8.941561;-46.375977
113642;63.863361;29.554138;-9.254432;-46.654095
115629;63.621296;29.253868;-9.567195;-46.931736
117629;63.378597;28.953299;-9.879869;-47.208916
119626;63.135296;28.652472;-10.192424;-47.485619
121627;62.891354;28.351343;-10.504902;-47.761871
123645;62.646790;28.049929;-10.817271;-48.037647
125611;62.401604;27.748236;-11.129540;-48.312950
127609;62.155807;27.446276;-11.441699;-48.587776
129609;61.909397;27.144041;-11.753738;-48.862125
131610;61.662388;26.841562;-12.065646;-49.135971
133695;61.414753;26.538790;-12.377459;-49.409355
135631;61.166519;26.235767;-12.689143;-49.682247
137632;60.917675;25.932472;-13.000709;-49.954651
139628;60.668228;25.628931;-13.312138;-50.226559
141622;60.418213;25.325161;-13.623413;-50.497948
143625;60.167568;25.021112;-13.934583;-50.768864
145643;59.916359;24.716843;-14.245584;-51.039253
147628;59.664536;24.412304;-14.556477;-51.309170
149628;59.412121;24.107525;-14.867229;-51.578568
151626;59.159122;23.802509;-15.177819;-51.847466
153624;58.905560;23.497280;-15.488246;-52.115822
155646;58.651394;23.191795;-15.798545;-52.383698
157607;58.396656;22.886086;-16.108683;-52.651047
159609;58.141335;22.580147;-16.418659;-52.917881
161614;57.885437;22.273981;-16.728481;-53.184189
163606;57.628979;21.967602;-17.038139;-53.449978
165606;57.371964;21.661026;-17.347605;-53.715210
167642;57.114365;21.354214;-17.656914;-53.979946
169631;56.856201;21.047195;-17.966047;-54.244129
171623;56.597477;20.739964;-18.275017;-54.507793
173626;56.338192;20.432529;-18.583805;-54.770916
175627;56.078358;20.124897;-18.892395;-55.033493
177649;55.817978;19.817078;-19.200790;-55.295509
179611;55.557037;19.509050;-19.509014;-55.557007
181606;55.295544;19.200825;-19.817043;-55.817951
183612;55.033512;18.892420;-20.124876;-56.078339
185608;54.770927;18.583817;-20.432510;-56.338181
187802;54.507809;18.275034;-20.739946;-56.597458
189630;54.244167;17.966089;-21.047157;-56.856167
191628;53.979977;17.656952;-21.354181;-57.114326
193628;53.715248;17.347639;-21.660990;-57.371925
195629;53.449989;17.038149;-21.967587;-57.628967
197623;53.184204;16.728500;-22.273970;-57.885426
199647;52.917915;16.418701;-22.580105;-58.141296
201610;52.651100;16.108746;-22.886021;-58.396603
203607;52.383751;15.798605;-23.191734;-58.651340
205603;52.115883;15.488306;-23.497221;-58.905506
207604;51.847500;15.177861;-23.802467;-59.159088
209707;51.578606;14.867261;-24.107487;-59.412086
211633;51.309196;14.556512;-24.412266;-59.664501
213629;51.039307;14.245647;-24.716785;-59.916306
215628;50.768894;13.934615;-25.021080;-60.167538
217629;50.497978;13.623449;-25.325125;-60.418182
219624;50.226570;13.312152;-25.628918;-60.668213
221646;49.954655;13.000715;-25.932467;-60.917664
223629;49.682255;12.689156;-26.235750;-61.166500
225627;49.409382;12.377492;-26.538759;-61.414719
227625;49.136005;12.065685;-26.841528;-61.662354
229628;48.862137;11.753756;-27.144028;-61.909378
231647;48.587791;11.441710;-27.446264;-62.155788
233617;48.312962;11.129552;-27.748230;-62.401592
235614;48.037659;10.817286;-28.049923;-62.646770
237605;47.761898;10.504934;-28.351303;-62.891323
239605;47.485649;10.192457;-28.652441;-63.135265
241608;47.208931;9.879878;-28.953289;-63.378586
243643;46.931747;9.567207;-29.253853;-63.621284
245633;46.654099;9.254435;-29.554129;-63.863350
247630;46.375992;8.941573;-29.854118;-64.104782
249627;46.097446;8.628646;-30.153784;-64.345573
251624;45.818428;8.315614;-30.453173;-64.585739
253645;45.538975;8.002520;-30.752245;-64.825264
255608;45.259052;7.689324;-31.051031;-65.064148
257603;44.978683;7.376051;-31.349512;-65.302399
259607;44.697872;7.062709;-31.647688;-65.540001
261606;44.416637;6.749320;-31.945524;-65.776947
263601;44.134945;6.435835;-32.243069;-66.013252
265648;43.852818;6.122294;-32.540291;-66.248909
267629;43.570255;5.808687;-32.837200;-66.483917
269627;43.287266;5.495027;-33.133774;-66.718269
271625;43.003849;5.181310;-33.430035;-66.951958
273625;42.720028;4.867568;-33.725937;-67.184967
275647;42.435760;4.553750;-34.021530;-67.417336
277610;42.151081;4.239893;-34.316784;-67.649040
279609;41.865982;3.925988;-34.611694;-67.880066
281606;41.580467;3.612047;-34.906273;-68.110428
283608;41.294567;3.298095;-35.200481;-68.340096
285807;41.008240;2.984092;-35.494362;-68.569115
287638;40.721504;2.670050;-35.787891;-68.797455
289627;40.434368;2.355984;-36.081074;-69.025108
291625;40.146832;2.041897;-36.373901;-69.252098
293628;39.858898;1.727790;-36.666359;-69.478386
295634;39.570599;1.413688;-36.958443;-69.703987
297646;39.281879;1.099548;-37.250183;-69.928909
299628;38.992775;0.785396;-37.541550;-70.153130
301627;38.703285;0.471237;-37.832550;-70.376678
303625;38.413418;0.157079;-38.123169;-70.599518
305626;38.123165;-0.157088;-38.413422;-70.821671
307641;37.832584;-0.471202;-38.703247;-71.043083
309613;37.541588;-0.785363;-38.992741;-71.263832
311604;37.250214;-1.099512;-39.281841;-71.483871
313605;36.958477;-1.413649;-39.570560;-71.703217
315607;36.666374;-1.727775;-39.858883;-71.921844
317608;36.373913;-2.041879;-40.146812;-72.139763
319645;36.081112;-2.355948;-40.434334;-72.356956
321631;35.787930;-2.670011;-40.721466;-72.573448
323626;35.494400;-2.984050;-41.008205;-72.789230
325629;35.200516;-3.298062;-41.294533;-73.004288
327622;34.906284;-3.612036;-41.580460;-73.218628
329646;34.611710;-3.925976;-41.865974;-73.432251
331614;34.316818;-4.239854;-42.151047;-73.645126
333605;34.021561;-4.553718;-42.435730;-73.857292
335611;33.725971;-4.867530;-42.719994;-74.068726
337603;33.430046;-5.181301;-43.003834;-74.279427
339607;33.133793;-5.495018;-43.287258;-74.489403
341641;32.837212;-5.808678;-43.570248;-74.698647
343629;32.540329;-6.122258;-43.852787;-74.907127
345631;32.243107;-6.435800;-44.134911;-75.114891
347626;31.945559;-6.749281;-44.416607;-75.321899
349627;31.647699;-7.062697;-44.697865;-75.528183
351649;31.349527;-7.376039;-44.978672;-75.733711
353614;31.051048;-7.689312;-45.259041;-75.938492
355612;30.752283;-8.002483;-45.538940;-76.142509
357605;30.453190;-8.315599;-45.818413;-76.345787
359607;30.153799;-8.628633;-46.097435;-76.548317
361690;29.854134;-8.941558;-46.375977;-76.750069
363630;29.554150;-9.254419;-46.654091;-76.951096
365631;29.253874;-9.567192;-46.931732;-77.151344
367624;28.953331;-9.879843;-47.208900;-77.350822
369622;28.652481;-10.192421;-47.485615;-77.549561
371628;28.351349;-10.504895;-47.761864;-77.747520
373647;28.049934;-10.817271;-48.037647;-77.944717
375613;27.748245;-11.129538;-48.312950;-78.141144
377607;27.446281;-11.441692;-48.587776;-78.336807
379606;27.144072;-11.753714;-48.862106;-78.531677
381607;26.841568;-12.065643;-49.135971;-78.725784
383643;26.538801;-12.377453;-49.409348;-78.919121
385611;26.235771;-12.689137;-49.682243;-79.111671
387605;25.932482;-13.000705;-49.954647;-79.303452
389610;25.628939;-13.312131;-50.226559;-79.494438
391610;25.325165;-13.623415;-50.497948;-79.684631
393606;25.021118;-13.934581;-50.768864;-79.874054
395639;24.716824;-14.245608;-51.039272;-80.062675
397605;24.412287;-14.556496;-51.309181;-80.250511
399605;24.107508;-14.867243;-51.578587;-80.437561
401613;23.802490;-15.177840;-51.847481;-80.623817
403603;23.497261;-15.488270;-52.115845;-80.809265
405683;23.191778;-15.798564;-52.383717;-80.993919
407630;22.886066;-16.108704;-52.651066;-81.177788
409627;22.580128;-16.418686;-52.917896;-81.360847
411626;22.273966;-16.728504;-53.184212;-81.543106
413629;21.967585;-17.038158;-53.449993;-81.724556
415625;21.661034;-17.347599;-53.715218;-81.905167
417645;21.354221;-17.656912;-53.979939;-82.085014
419636;21.047199;-17.966055;-54.244129;-82.264038
421630;20.739969;-18.275017;-54.507797;-82.442261
423623;20.432533;-18.583797;-54.770916;-82.619652
425630;20.124922;-18.892374;-55.033482;-82.796227
427647;19.817085;-19.200785;-55.295517;-82.971992
429609;19.509054;-19.509012;-55.557007;-83.146950
431611;19.200832;-19.817043;-55.817951;-83.321075
433606;18.892418;-20.124876;-56.078346;-83.494385
435608;18.583818;-20.432510;-56.338181;-83.666862
437607;18.275061;-20.739923;-56.597443;-83.838509
439649;17.966097;-21.047153;-56.856167;-84.009338
441629;17.656956;-21.354177;-57.114334;-84.179344
443624;17.347641;-21.660992;-57.371933;-84.348511
445626;17.038157;-21.967588;-57.628967;-84.516853
447622;16.728500;-22.273972;-57.885433;-84.684357
449646;16.418705;-22.580105;-58.141304;-84.851006
451609;16.108725;-22.886047;-58.396618;-85.016846
453602;15.798585;-23.191759;-58.651363;-85.181831
455603;15.488288;-23.497240;-58.905529;-85.345985
457602;15.177840;-23.802494;-59.159111;-85.509293
459607;14.867240;-24.107510;-59.412109;-85.671753
461645;14.556519;-24.412268;-59.664505;-85.833366
463630;14.245629;-24.716803;-59.916328;-85.994133
465630;13.934599;-25.021097;-60.167557;-86.154053
467626;13.623433;-25.325144;-60.418194;-86.313126
469623;13.312154;-25.628918;-60.668217;-86.471329
471646;13.000721;-25.932465;-60.917664;-86.628708
473609;12.689183;-26.235727;-61.166485;-86.785194
475604;12.377496;-26.538757;-61.414726;-86.940857
477605;12.065687;-26.841522;-61.662354;-87.095650
479603;11.753759;-27.144028;-61.909378;-87.249588
481602;11.441715;-27.446264;-62.155796;-87.402664
483640;11.129559;-27.748224;-62.401592;-87.554878
485628;10.817315;-28.049892;-62.646751;-87.706223
487627;10.504942;-28.351307;-62.891323;-87.856705
489624;10.192464;-28.652435;-63.135262;-88.006317
491624;9.879887;-28.953287;-63.378586;-88.155060
493647;9.567211;-29.253849;-63.621284;-88.302940
495605;9.254441;-29.554129;-63.863350;-88.449951
497611;8.941605;-29.854090;-64.104767;-88.596085
499609;8.628655;-30.153778;-64.345566;-88.741333
501606;8.315620;-30.453173;-64.585739;-88.885719
503609;8.002504;-30.752260;-64.825272;-89.029221
505648;7.689308;-31.051048;-65.064171;-89.171860
507635;7.376037;-31.349531;-65.302422;-89.313599
509628;7.062716;-31.647678;-65.540001;-89.454453
511626;6.749302;-31.945538;-65.776962;-89.594437
513624;6.435822;-32.243084;-66.013268;-89.733543
515646;6.122278;-32.540306;-66.248932;-89.871750
517612;5.808673;-32.837215;-66.483932;-90.009071
519609;5.495012;-33.133793;-66.718277;-90.145508
521606;5.181319;-33.430023;-66.951950;-90.281052
523605;4.867576;-33.725925;-67.184967;-90.415695
525608;4.553761;-34.021523;-67.417336;-90.549461
527644;4.239901;-34.316772;-67.649033;-90.682327
529635;3.925998;-34.611691;-67.880066;-90.814308
531628;3.612057;-34.906265;-68.110428;-90.945389
533624;3.298105;-35.200470;-68.340096;-91.075562
535629;2.984096;-35.494354;-68.569107;-91.204842
537642;2.670057;-35.787888;-68.797455;-91.333229
539613;2.355993;-36.081066;-69.025108;-91.460709
541606;2.041904;-36.373890;-69.252090;-91.587280
543609;1.727796;-36.666359;-69.478386;-91.712967
545612;1.413695;-36.958431;-69.703972;-91.837723
547644;1.099556;-37.250172;-69.928902;-91.961586
549616;0.785405;-37.541542;-70.153130;-92.084541
551614;0.471248;-37.832542;-70.376671;-92.206589
553602;0.157085;-38.123165;-70.599518;-92.327728
555607;-0.157079;-38.413418;-70.821663;-92.447952
557609;-0.471218;-38.703270;-71.043091;-92.567253
559635;-0.785375;-38.992752;-71.263840;-92.685654
561628;-1.099525;-39.281860;-71.483887;-92.803139
563623;-1.256585;-39.426250;-71.593628;-92.861526
565631;-1.727790;-39.858902;-71.921852;-93.035355
567625;-2.041898;-40.146835;-72.139778;-93.150085
569649;-2.355963;-40.434345;-72.356964;-93.263885
571610;-2.670027;-40.721481;-72.573463;-93.376785
573602;-2.984066;-41.008221;-72.789238;-93.488762
575603;-3.298074;-41.294544;-73.004303;-93.599808
577610;-3.612027;-41.580452;-73.218628;-93.709923
579805;-3.925944;-41.865940;-73.432228;-93.819122
581635;-4.239846;-42.151039;-73.645119;-93.927391
583618;-4.553706;-42.435722;-73.857285;-94.034737
585628;-4.867522;-42.719986;-74.068718;-94.141159
587626;-5.181289;-43.003826;-74.279419;-94.246651
589627;-5.495005;-43.287243;-74.489395;-94.351212
591644;-5.808643;-43.570213;-74.698624;-94.454834
593630;-6.122248;-43.852772;-74.907120;-94.557526
595622;-6.435792;-44.134907;-75.114876;-94.659294
597629;-6.749272;-44.416595;-75.321892;-94.760117
599628;-7.062686;-44.697849;-75.528168;-94.860008
601644;-7.376031;-44.978664;-75.733704;-94.958969
603612;-7.689279;-45.259010;-75.938469;-95.056984
605610;-8.002474;-45.538937;-76.142502;-95.154068
607606;-8.315591;-45.818405;-76.345787;-95.250206
609610;-8.628626;-46.097427;-76.548317;-95.345413
611611;-8.941574;-46.375992;-76.750084;-95.439674
613642;-9.254436;-46.654099;-76.951103;-95.532997
615628;-9.567182;-46.931725;-77.151337;-95.625366
617629;-9.879857;-47.208912;-77.350838;-95.716797
619628;-10.192435;-47.485630;-77.549568;-95.807281
621627;-10.504911;-47.761879;-77.747528;-95.896820
623645;-10.817286;-48.037659;-77.944725;-95.985428
625614;-11.129552;-48.312958;-78.141159;-96.073074
627608;-11.441686;-48.587769;-78.336807;-96.159767
629607;-11.753706;-48.862095;-78.531670;-96.245514
631609;-12.065634;-49.135963;-78.725777;-96.330315
633691;-12.377443;-49.409340;-78.919113;-96.414169
635632;-12.689130;-49.682232;-79.111664;-96.497063
637629;-13.000690;-49.954636;-79.303436;-96.579018
639627;-13.312101;-50.226521;-79.494415;-96.660004
641623;-13.623403;-50.497936;-79.684624;-96.740044
643627;-13.934570;-50.768852;-79.874039;-96.819130
645639;-14.245600;-51.039268;-80.062668;-96.897255
647610;-14.556490;-51.309181;-80.250511;-96.974426
649605;-14.867234;-51.578583;-80.437561;-97.050644
651604;-15.177811;-51.847458;-80.623802;-97.125893
653606;-15.488259;-52.115841;-80.809258;-97.200195
655606;-15.798555;-52.383709;-80.993912;-97.273529
657645;-16.108694;-52.651058;-81.177780;-97.345917
659626;-16.418676;-52.917892;-81.360840;-97.417328
661628;-16.728497;-53.184204;-81.543098;-97.487793
663626;-17.038126;-53.449966;-81.724533;-97.557281
665630;-17.347612;-53.715229;-81.905182;-97.625824
667631;-17.656927;-53.979950;-82.085022;-97.693382
669607;-17.966068;-54.244148;-82.264038;-97.759995
671607;-18.275030;-54.507805;-82.442261;-97.825630
673605;-18.583813;-54.770927;-82.619667;-97.890305
675606;-18.892389;-55.033485;-82.796242;-97.954010
677642;-19.200802;-55.295528;-82.972015;-98.016754
679613;-19.509026;-55.557014;-83.146957;-98.078522
681608;-19.817057;-55.817963;-83.321083;-98.139336
683605;-20.124868;-56.078331;-83.494385;-98.199165
685610;-20.432505;-56.338173;-83.666870;-98.258034
687608;-20.739916;-56.597435;-83.838509;-98.315933
689639;-21.047146;-56.856163;-84.009338;-98.372856
691606;-21.354168;-57.114323;-84.179344;-98.428810
693602;-21.660980;-57.371922;-84.348511;-98.483803
695607;-21.967579;-57.628952;-84.516846;-98.537811
697605;-22.273960;-57.885422;-84.684357;-98.590858
699682;-22.580097;-58.141293;-84.851006;-98.642921
701631;-22.886036;-58.396614;-85.016838;-98.694016
703627;-23.191748;-58.651360;-85.181824;-98.744133
705630;-23.497232;-58.905525;-85.345978;-98.793282
707621;-23.802485;-59.159100;-85.509285;-98.841461
709628;-24.107500;-59.412098;-85.671745;-98.888649
711642;-24.412256;-59.664501;-85.833359;-98.934868
713607;-24.716795;-59.916317;-85.994125;-98.980110
715604;-25.021088;-60.167549;-86.154045;-99.024368
717606;-25.325138;-60.418190;-86.313126;-99.067665
719606;-25.628933;-60.668228;-86.471344;-99.109970
721692;-25.932476;-60.917675;-86.628708;-99.151306
723633;-26.235741;-61.166500;-86.785210;-99.191658
725633;-26.538771;-61.414738;-86.940857;-99.231026
727629;-26.841539;-61.662365;-87.095657;-99.269424
729630;-27.144041;-61.909389;-87.249603;-99.306847
731623;-27.446276;-62.155807;-87.402679;-99.343277
733640;-27.748240;-62.401604;-87.554893;-99.378731
735633;-28.049908;-62.646770;-87.706223;-99.413208
737627;-28.351297;-62.891315;-87.856705;-99.446701
739626;-28.652430;-63.135254;-88.006317;-99.479218
741626;-28.953281;-63.378578;-88.155067;-99.510742
743647;-29.253843;-63.621269;-88.302940;-99.541290
745609;-29.554098;-63.863327;-88.449944;-99.570854
747607;-29.854084;-64.104759;-88.596077;-99.599434
749606;-30.153772;-64.345566;-88.741333;-99.627029
751607;-30.453163;-64.585732;-88.885719;-99.653648
753602;-30.752254;-64.825264;-89.029221;-99.679283
755645;-31.051043;-65.064156;-89.171852;-99.703934
757634;-31.349501;-65.302391;-89.313583;-99.727592
759628;-31.647673;-65.539993;-89.454453;-99.750275
761624;-31.945532;-65.776955;-89.594437;-99.771973
763624;-32.243076;-66.013268;-89.733528;-99.792679
765646;-32.540302;-66.248924;-89.871750;-99.812408
767606;-32.837208;-66.483925;-90.009079;-99.831161
769609;-33.133766;-66.718254;-90.145508;-99.848907
771609;-33.430019;-66.951942;-90.281052;-99.865677
773606;-33.725945;-67.184982;-90.415710;-99.881462
775638;-34.021534;-67.417336;-90.549469;-99.896263
777609;-34.316792;-67.649040;-90.682343;-99.910065
779612;-34.611706;-67.880074;-90.814316;-99.922905
781605;-34.906258;-68.110420;-90.945389;-99.934746
783608;-35.200489;-68.340111;-91.075577;-99.945602
785611;-35.494373;-68.569122;-91.204849;-99.955460
787648;-35.787903;-68.797470;-91.333237;-99.964348
789628;-36.081081;-69.025124;-91.460716;-99.972244
791626;-36.373882;-69.252083;-91.587280;-99.979141
793632;-36.666325;-69.478363;-91.712952;-99.985077
795631;-36.958427;-69.703972;-91.837715;-99.990005
797645;-37.250168;-69.928894;-91.961586;-99.993958
799609;-37.541534;-70.153130;-92.084541;-99.996918
801607;-37.832535;-70.376663;-92.206589;-99.998894
803606;-38.123161;-70.599510;-92.327713;-99.999870
805616;-38.413387;-70.821640;-92.447937;-99.999878
807601;-38.703259;-71.043083;-92.567245;-99.998894
809644;-38.992748;-71.263840;-92.685654;-99.996910
811628;-39.281853;-71.483871;-92.803131;-99.993950
813627;-39.570568;-71.703217;-92.919708;-99.990005
815633;-39.858894;-71.921852;-93.035355;-99.985077
817627;-40.146805;-72.139755;-93.150078;-99.979149
819642;-40.434341;-72.356964;-93.263885;-99.972237
821607;-40.721478;-72.573456;-93.376785;-99.964348
823605;-41.008209;-72.789230;-93.488754;-99.955460
825607;-41.294540;-73.004295;-93.599808;-99.945595
827610;-41.580467;-73.218628;-93.709930;-99.934731
829716;-41.865955;-73.432228;-93.819130;-99.922905
831632;-42.151054;-73.645126;-93.927399;-99.910080
833622;-42.435734;-73.857292;-94.034744;-99.896263
835630;-42.720001;-74.068726;-94.141159;-99.881462
837623;-43.003841;-74.279427;-94.246651;-99.865677
839626;-43.287262;-74.489403;-94.351219;-99.848907
841640;-43.570229;-74.698624;-94.454834;-99.831154
843613;-43.852791;-74.907127;-94.557533;-99.812408
845610;-44.134895;-75.114868;-94.659279;-99.792686
847607;-44.416592;-75.321892;-94.760117;-99.771973
849612;-44.697845;-75.528168;-94.860008;-99.750282
851613;-44.978657;-75.733696;-94.958961;-99.727592
853645;-45.259007;-75.938461;-95.056984;-99.703934
855632;-45.538925;-76.142494;-95.154060;-99.679276
857627;-45.818401;-76.345779;-95.250198;-99.653648
859630;-46.097420;-76.548309;-95.345413;-99.627029
861626;-46.375988;-76.750084;-95.439674;-99.599434
863642;-46.654095;-76.951088;-95.532982;-99.570847
865607;-46.931721;-77.151337;-95.625366;-99.541298
867600;-47.208904;-77.350830;-95.716789;-99.510742
869607;-47.485622;-77.549568;-95.807281;-99.479210
871607;-47.761871;-77.747520;-95.896828;-99.446701
873602;-48.037647;-77.944717;-95.985420;-99.413208
875642;-48.312950;-78.141144;-96.073067;-99.378731
877626;-48.587757;-78.336784;-96.159760;-99.343277
879629;-48.862106;-78.531677;-96.245514;-99.306839
881624;-49.135971;-78.725792;-96.330322;-99.269424
883628;-49.409351;-78.919113;-96.414169;-99.231026
885646;-49.682243;-79.111671;-96.497070;-99.191658
887629;-49.954624;-79.303429;-96.579002;-99.151299
889627;-50.226532;-79.494415;-96.660004;-99.109970
891628;-50.497948;-79.684624;-96.740044;-99.067665
893626;-50.768864;-79.874039;-96.819122;-99.024368
895672;-51.039280;-80.062675;-96.897255;-98.980103
897634;-51.309193;-80.250511;-96.974434;-98.934868
899627;-51.578552;-80.437531;-97.050629;-98.888649
901622;-51.847446;-80.623787;-97.125885;-98.841454
903625;-52.115829;-80.809250;-97.200188;-98.793282
905634;-52.383698;-80.993904;-97.273529;-98.744133
907645;-52.651054;-81.177773;-97.345909;-98.694016
909637;-52.917885;-81.360832;-97.417328;-98.642921
911621;-53.184174;-81.543076;-97.487785;-98.590858
913624;-53.449959;-81.724525;-97.557281;-98.537811
915627;-53.715218;-81.905174;-97.625809;-98.483810
917707;-53.979946;-82.085014;-97.693382;-98.428818
919631;-54.244137;-82.264038;-97.759987;-98.372856
921626;-54.507797;-82.442253;-97.825638;-98.315933
923630;-54.770897;-82.619644;-97.890297;-98.258034
925627;-55.033482;-82.796227;-97.954010;-98.199173
927622;-55.295517;-82.972000;-98.016739;-98.139336
929640;-55.557007;-83.146942;-98.078522;-98.078522
931627;-55.817951;-83.321083;-98.139336;-98.016754
933625;-56.078346;-83.494392;-98.199165;-97.954010
935628;-56.338161;-83.666855;-98.258034;-97.890305
937628;-56.597446;-83.838509;-98.315933;-97.825630
939645;-56.856174;-84.009346;-98.372856;-97.759995
941609;-57.114334;-84.179344;-98.428818;-97.693382
943602;-57.371933;-84.348511;-98.483803;-97.625824
945601;-57.628967;-84.516846;-98.537811;-97.557281
947608;-57.885414;-84.684349;-98.590851;-97.487793
949609;-58.141304;-84.851006;-98.642921;-97.417343
951647;-58.396626;-85.016846;-98.694023;-97.345917
953607;-58.651344;-85.181824;-98.744133;-97.273544
955609;-58.905514;-85.345970;-98.793282;-97.200203
957609;-59.159096;-85.509277;-98.841446;-97.125900
959609;-59.412075;-85.671730;-98.888649;-97.050652
961645;-59.664490;-85.833344;-98.934860;-96.974434
963613;-59.916313;-85.994125;-98.980103;-96.897270
965609;-60.167545;-86.154045;-99.024376;-96.819138
967607;-60.418182;-86.313118;-99.067665;-96.740051
969606;-60.668224;-86.471329;-99.109970;-96.660011
971609;-60.917645;-86.628685;-99.151299;-96.579018
973632;-61.166489;-86.785194;-99.191650;-96.497070
975613;-61.414730;-86.940857;-99.231026;-96.414177
977611;-61.662357;-87.095657;-99.269424;-96.330330
979609;-61.909382;-87.249588;-99.306847;-96.245529
981607;-62.155796;-87.402672;-99.343285;-96.159775
983701;-62.401573;-87.554871;-99.378731;-96.073082
985636;-62.646759;-87.706223;-99.413208;-95.985428
987628;-62.891323;-87.856697;-99.446701;-95.896835
989627;-63.135265;-88.006317;-99.479210;-95.807289
991624;-63.378590;-88.155067;-99.510742;-95.716805
993626;-63.621284;-88.302948;-99.541290;-95.625374
995638;-63.863338;-88.449951;-99.570862;-95.533005
997611;-64.104774;-88.596077;-99.599434;-95.439682
999604;-64.345573;-88.741341;-99.627029;-95.345421
1001602;-64.585747;-88.885719;-99.653648;-95.250214
1003611;-64.825279;-89.029228;-99.679283;-95.154076
1005647;-65.064171;-89.171852;-99.703934;-95.056984
1007610;-65.302383;-89.313576;-99.727592;-94.958984
1009607;-65.539993;-89.454445;-99.750282;-94.860031
1011606;-65.776947;-89.594429;-99.771973;-94.760132
1013606;-66.013260;-89.733528;-99.792686;-94.659302
1015606;-66.248917;-89.871750;-99.812408;-94.557549
1017638;-66.483917;-90.009064;-99.831154;-94.454849
1019606;-66.718254;-90.145493;-99.848900;-94.351219
1021610;-66.951942;-90.281044;-99.865685;-94.246674
1023608;-67.184967;-90.415703;-99.881454;-94.141174
1025608;-67.417336;-90.549469;-99.896263;-94.034767
1027697;-67.649033;-90.682327;-99.910072;-93.927406
1029630;-67.880043;-90.814301;-99.922905;-93.819145
1031626;-68.110413;-90.945389;-99.934746;-93.709946
1033623;-68.340096;-91.075554;-99.945595;-93.599815
1035627;-68.569115;-91.204849;-99.955460;-93.488777
1037625;-68.797455;-91.333237;-99.964348;-93.376801
1039638;-69.025116;-91.460709;-99.972244;-93.263901
1041629;-69.252083;-91.587280;-99.979149;-93.150101
1043625;-69.478378;-91.712959;-99.985069;-93.035362
1045633;-69.703987;-91.837723;-99.990013;-92.919716
1047627;-69.928902;-91.961586;-99.993942;-92.803139
1049646;-70.153137;-92.084541;-99.996910;-92.685654
1051605;-70.376678;-92.206589;-99.998894;-92.567268
1053605;-70.599503;-92.327713;-99.999878;-92.447952
1055608;-70.821648;-92.447945;-99.999878;-92.327728
1057606;-71.043098;-92.567253;-99.998894;-92.206596
1059607;-71.263847;-92.685654;-99.996910;-92.084541
1061641;-71.483871;-92.803131;-99.993950;-91.961601
1063631;-71.703209;-92.919693;-99.989998;-91.837738
1065628;-71.921829;-93.035339;-99.985077;-91.712982
1067630;-72.139755;-93.150070;-99.979149;-91.587303
1069624;-72.356949;-93.263885;-99.972237;-91.460732
1071648;-72.573456;-93.376785;-99.964348;-91.333244
1073610;-72.789230;-93.488754;-99.955460;-91.204857
1075606;-73.004295;-93.599808;-99.945602;-91.075584
1077608;-73.218613;-93.709923;-99.934746;-90.945412
1079603;-73.432228;-93.819115;-99.922905;-90.814331
1081811;-73.645126;-93.927399;-99.910080;-90.682358
1083631;-73.857292;-94.034744;-99.896263;-90.549484
1085626;-74.068726;-94.141159;-99.881454;-90.415718
1087629;-74.279434;-94.246658;-99.865685;-90.281067
1089626;-74.489388;-94.351212;-99.848915;-90.145523
1091622;-74.698624;-94.454834;-99.831161;-90.009079
1093641;-74.907127;-94.557533;-99.812408;-89.871758
1095610;-75.114883;-94.659294;-99.792686;-89.733543
1097610;-75.321899;-94.760117;-99.771973;-89.594444
1099611;-75.528183;-94.860016;-99.750282;-89.454468
1101608;-75.733711;-94.958969;-99.727592;-89.313591
1103810;-75.938477;-95.056984;-99.703934;-89.171860
1105636;-76.142525;-95.154068;-99.679276;-89.029221
1107627;-76.345787;-95.250214;-99.653648;-88.885727
1109627;-76.548302;-95.345398;-99.627045;-88.741364
1111627;-76.750092;-95.439674;-99.599442;-88.596085
1113623;-76.951096;-95.532990;-99.570862;-88.449959
1115639;-77.151337;-95.625359;-99.541298;-88.302971
1117612;-77.350845;-95.716797;-99.510742;-88.155075
1119603;-77.549561;-95.807281;-99.479225;-88.006340
1121604;-77.747513;-95.896820;-99.446709;-87.856743
1123603;-77.944717;-95.985420;-99.413216;-87.706245
1125640;-78.141136;-96.073059;-99.378738;-87.554901
1127613;-78.336807;-96.159767;-99.343285;-87.402679
1129602;-78.531677;-96.245514;-99.306847;-87.249611
1131604;-78.725777;-96.330307;-99.269440;-87.095688
1133610;-78.919121;-96.414169;-99.231033;-86.940872
1135604;-79.111656;-96.497063;-99.191666;-86.785233
1137646;-79.303444;-96.579018;-99.151306;-86.628708
1139627;-79.494415;-96.660004;-99.109970;-86.471352
1141628;-79.684639;-96.740044;-99.067665;-86.313118
1143627;-79.874046;-96.819130;-99.024376;-86.154060
1145630;-80.062660;-96.897247;-98.980118;-85.994156
1147646;-80.250511;-96.974426;-98.934868;-85.833366
1149613;-80.437546;-97.050636;-98.888657;-85.671768
1151609;-80.623817;-97.125900;-98.841461;-85.509285
1153611;-80.809258;-97.200195;-98.793289;-85.345993
1155610;-80.993912;-97.273529;-98.744141;-85.181854
1157608;-81.177780;-97.345917;-98.694016;-85.016846
1159646;-81.360832;-97.417328;-98.642921;-84.851036
1161628;-81.543098;-97.487793;-98.590858;-84.684349
1163625;-81.724533;-97.557281;-98.537811;-84.516861
1165631;-81.905197;-97.625824;-98.483795;-84.348511
1167627;-82.085022;-97.693375;-98.428818;-84.179352
1169646;-82.264038;-97.759979;-98.372864;-84.009361
1171609;-82.442261;-97.825623;-98.315933;-83.838524
1173604;-82.619652;-97.890305;-98.258041;-83.666885
1175606;-82.796249;-97.954010;-98.199165;-83.494377
1177606;-82.972008;-98.016754;-98.139336;-83.321083
1179811;-83.146942;-98.078514;-98.078522;-83.146973
1181635;-83.321091;-98.139336;-98.016754;-82.972008
1183623;-83.494377;-98.199158;-97.954010;-82.796249
1185629;-83.666878;-98.258034;-97.890297;-82.619652
1187626;-83.838524;-98.315933;-97.825623;-82.442261
1189628;-84.009369;-98.372864;-97.759987;-82.264038
1191636;-84.179352;-98.428818;-97.693382;-82.085022
1193614;-84.348511;-98.483803;-97.625824;-81.905197
1195608;-84.516838;-98.537804;-97.557289;-81.724564
1197606;-84.684326;-98.590836;-97.487793;-81.543121
1199608;-84.851006;-98.642906;-97.417343;-81.360855
1201686;-85.016823;-98.694008;-97.345924;-81.177811
1203629;-85.181801;-98.744125;-97.273552;-80.993965
1205625;-85.345963;-98.793274;-97.200203;-80.809280
1207622;-85.509262;-98.841438;-97.125916;-80.623840
1209623;-85.671738;-98.888641;-97.050644;-80.437576
1211624;-85.833344;-98.934868;-96.974442;-80.250542
1213649;-85.994102;-98.980095;-96.897278;-80.062714
1215633;-86.154037;-99.024368;-96.819138;-79.874069
1217624;-86.313095;-99.067650;-96.740051;-79.684669
1219626;-86.471329;-99.109962;-96.660011;-79.494438
1221626;-86.628685;-99.151299;-96.579025;-79.303467
1223715;-86.785210;-99.191650;-96.497070;-79.111687
1225635;-86.940849;-99.231026;-96.414169;-78.919136
1227625;-87.095634;-99.269417;-96.330330;-78.725830
1229624;-87.249588;-99.306831;-96.245529;-78.531708
1231624;-87.402657;-99.343269;-96.159782;-78.336838
1233627;-87.554878;-99.378731;-96.073074;-78.141167
1235639;-87.706215;-99.413208;-95.985428;-77.944740
1237615;-87.856689;-99.446693;-95.896843;-77.747559
1239607;-88.006317;-99.479202;-95.807289;-77.549583
1241608;-88.155052;-99.510735;-95.716812;-77.350868
1243609;-88.302948;-99.541290;-95.625374;-77.151360
1245644;-88.449944;-99.570854;-95.533005;-76.951126
1247606;-88.596085;-99.599434;-95.439682;-76.750092
1249611;-88.741333;-99.627029;-95.345413;-76.548325
1251607;-88.885704;-99.653648;-95.250229;-76.345810
1253605;-89.029221;-99.679276;-95.154076;-76.142525
1255609;-89.171837;-99.703926;-95.056999;-75.938507
1257648;-89.313599;-99.727592;-94.958969;-75.733704
1259634;-89.454453;-99.750275;-94.860016;-75.528191
1261627;-89.594421;-99.771973;-94.760132;-75.321930
1263624;-89.733536;-99.792686;-94.659302;-75.114891
1265628;-89.871742;-99.812408;-94.557549;-74.907150
1267646;-90.009079;-99.831154;-94.454834;-74.698639
1269613;-90.145508;-99.848907;-94.351219;-74.489418
1271604;-90.281067;-99.865685;-94.246658;-74.279427
1273611;-90.415703;-99.881454;-94.141167;-74.068741
1275611;-90.549461;-99.896255;-94.034752;-73.857323
1277606;-90.682343;-99.910072;-93.927406;-73.645142
1279646;-90.814308;-99.922905;-93.819138;-73.432259
1281630;-90.945396;-99.934738;-93.709930;-73.218628
1283626;-91.075569;-99.945595;-93.599815;-73.004303
1285630;-91.204849;-99.955460;-93.488777;-72.789261
1287626;-91.333237;-99.964340;-93.376793;-72.573463
1289633;-91.460709;-99.972237;-93.263916;-72.356987
1291605;-91.587296;-99.979149;-93.150078;-72.139763
1293607;-91.712967;-99.985069;-93.035355;-71.921860
1295606;-91.837738;-99.989998;-92.919693;-71.703217
1297606;-91.961601;-99.993958;-92.803146;-71.483887
1299692;-92.084541;-99.996910;-92.685661;-71.263863
1301626;-92.206596;-99.998894;-92.567261;-71.043098
1303624;-92.327705;-99.999878;-92.447975;-70.821701
1305631;-92.447945;-99.999878;-92.327736;-70.599533
1307624;-92.567245;-99.998894;-92.206612;-70.376709
1309621;-92.685638;-99.996918;-92.084572;-70.153191
1311632;-92.803131;-99.993958;-91.961609;-69.928940
1313608;-92.861526;-99.992111;-91.899803;-69.816574
1315616;-93.035355;-99.985077;-91.712975;-69.478409
1317611;-93.150070;-99.979149;-91.587311;-69.252136
1319605;-93.263885;-99.972244;-91.460739;-69.025169
1321606;-93.376785;-99.964348;-91.333244;-68.797493
1323646;-93.488747;-99.955467;-91.204880;-68.569168
1325635;-93.599800;-99.945595;-91.075584;-68.340134
1327628;-93.709923;-99.934746;-90.945412;-68.110466
1329627;-93.819130;-99.922905;-90.814323;-67.880081
1331627;-93.927399;-99.910080;-90.682358;-67.649063
1333644;-94.034737;-99.896263;-90.549500;-67.417381
1335613;-94.141159;-99.881462;-90.415718;-67.185005
1337610;-94.246643;-99.865685;-90.281075;-66.951988
1339605;-94.351212;-99.848907;-90.145523;-66.718285
1341610;-94.454834;-99.831161;-90.009094;-66.483963
1343609;-94.557526;-99.812408;-89.871773;-66.248970
1345645;-94.659294;-99.792686;-89.733551;-66.013290
1347634;-94.760117;-99.771973;-89.594460;-65.777000
1349632;-94.860016;-99.750282;-89.454468;-65.540024
1351627;-94.958969;-99.727600;-89.313614;-65.302444
1353626;-95.056999;-99.703941;-89.171860;-65.064171
1355647;-95.154068;-99.679291;-89.029243;-64.825294
1357609;-95.250206;-99.653656;-88.885750;-64.585785
1359603;-95.345413;-99.627037;-88.741348;-64.345589
1361610;-95.439674;-99.599442;-88.596107;-64.104805
1363613;-95.532997;-99.570862;-88.449959;-63.863350
1365612;-95.625374;-99.541298;-88.302963;-63.621307
1367647;-95.716789;-99.510742;-88.155098;-63.378632
1369627;-95.807289;-99.479218;-88.006332;-63.135292
1371625;-95.896828;-99.446709;-87.856735;-62.891365
1373629;-95.985428;-99.413216;-87.706238;-62.646782
1375626;-96.073074;-99.378738;-87.554901;-62.401615
1377648;-96.159782;-99.343285;-87.402672;-62.155796
1379605;-96.245522;-99.306847;-87.249603;-61.909401
1381607;-96.330322;-99.269440;-87.095680;-61.662399
1383606;-96.414177;-99.231033;-86.940872;-61.414749
1385607;-96.497070;-99.191666;-86.785233;-61.166527
1387609;-96.579018;-99.151306;-86.628708;-60.917671
1389642;-96.660011;-99.109978;-86.471352;-60.668243
1391607;-96.740044;-99.067673;-86.313141;-60.418217
1393608;-96.819138;-99.024376;-86.154053;-60.167564
1395609;-96.897255;-98.980110;-85.994148;-59.916348
1397612;-96.974442;-98.934868;-85.833366;-59.664505
1399646;-97.050652;-98.888657;-85.671761;-59.412109
1401610;-97.125916;-98.841454;-85.509285;-59.159096
1403610;-97.200203;-98.793282;-85.345985;-58.905529
1405603;-97.273544;-98.744141;-85.181847;-58.651386
1407607;-97.345924;-98.694016;-85.016838;-58.396626
1409667;-97.417343;-98.642937;-84.851028;-58.141327
1411640;-97.487793;-98.590866;-84.684372;-57.885456
1413631;-97.557281;-98.537827;-84.516884;-57.629005
1415633;-97.625809;-98.483818;-84.348557;-57.371990
1417628;-97.693382;-98.428825;-84.179375;-57.114376
1419625;-97.759987;-98.372879;-84.009384;-56.856232
1421648;-97.825630;-98.315941;-83.838539;-56.597485
1423629;-97.890297;-98.258049;-83.666901;-56.338223
1425630;-97.954010;-98.199173;-83.494400;-56.078362
1427626;-98.016754;-98.139343;-83.321114;-55.817993
1429625;-98.078522;-98.078537;-83.146988;-55.557072
1431640;-98.139336;-98.016762;-82.972031;-55.295555
1433610;-98.199165;-97.954025;-82.796272;-55.033539
1435615;-98.258034;-97.890305;-82.619675;-54.770935
1437606;-98.315933;-97.825638;-82.442284;-54.507839
1439605;-98.344513;-97.792946;-82.353279;-54.376091
1441610;-98.428818;-97.693390;-82.085045;-53.979988
1443647;-98.483803;-97.625824;-81.905220;-53.715279
1445628;-98.537811;-97.557289;-81.724564;-53.450001
1447627;-98.590858;-97.487801;-81.543121;-53.184235
1449622;-98.642929;-97.417336;-81.360855;-52.917904
1451622;-98.694023;-97.345932;-81.177811;-52.651096
1453645;-98.744133;-97.273552;-80.993950;-52.383762
1455609;-98.793289;-97.200211;-80.809280;-52.115868
1457599;-98.841454;-97.125916;-80.623833;-51.847504
1459611;-98.888657;-97.050652;-80.437569;-51.578594
1461607;-98.934868;-96.974442;-80.250534;-51.309212
1463605;-98.980103;-96.897270;-80.062706;-51.039322
1465648;-99.024376;-96.819130;-79.874062;-50.768883
1467631;-99.067665;-96.740059;-79.684654;-50.497990
1469626;-99.109978;-96.660004;-79.494438;-50.226559
1471623;-99.151306;-96.579025;-79.303459;-49.954670
1473626;-99.191666;-96.497070;-79.111679;-49.682247
1475640;-99.231033;-96.414169;-78.919136;-49.409370
1477609;-99.269424;-96.330330;-78.725815;-49.136013
1479611;-99.306847;-96.245522;-78.531693;-48.862125
1481613;-99.343285;-96.159782;-78.336830;-48.587803
1483611;-99.378738;-96.073067;-78.141151;-48.312950
1485607;-99.413208;-95.985428;-77.944740;-48.037670
1487644;-99.446701;-95.896843;-77.747559;-47.761913
1489630;-99.479218;-95.807289;-77.549576;-47.485645
1491625;-99.510742;-95.716805;-77.350861;-47.208942
1493624;-99.541298;-95.625374;-77.151344;-46.931736
1495628;-99.570862;-95.533005;-76.951111;-46.654110
1497648;-99.599442;-95.439690;-76.750114;-46.376026
1499609;-99.627037;-95.345413;-76.548317;-46.097439
1501607;-99.653656;-95.250221;-76.345810;-45.818443
1503608;-99.679283;-95.154068;-76.142517;-45.538944
1505604;-99.703934;-95.056992;-75.938492;-45.259045
1507610;-99.727600;-94.958969;-75.733696;-44.978653
1509648;-99.750282;-94.860016;-75.528183;-44.697865
1511633;-99.771973;-94.760132;-75.321922;-44.416630
1513628;-99.792686;-94.659302;-75.114891;-44.134918
1515630;-99.812408;-94.557541;-74.907143;-43.852810
1517629;-99.831161;-94.454834;-74.698624;-43.570225
1519644;-99.848907;-94.351234;-74.489441;-43.287300
1521615;-99.865677;-94.246674;-74.279480;-43.003906
1523610;-99.881462;-94.141182;-74.068764;-42.720039
1525608;-99.896263;-94.034775;-73.857346;-42.435802
1527610;-99.910072;-93.927406;-73.645157;-42.151093
1529608;-99.922905;-93.819145;-73.432281;-41.866016
1531643;-99.934746;-93.709938;-73.218658;-41.580482
1533631;-99.945602;-93.599823;-73.004326;-41.294582
1535624;-99.955460;-93.488785;-72.789276;-41.008274
1537627;-99.964348;-93.376801;-72.573486;-40.721519
1539628;-99.972244;-93.263916;-72.357010;-40.434402
1541641;-99.979149;-93.150093;-72.139786;-40.146847
1543606;-99.985069;-93.035370;-71.921883;-39.858932
1545611;-99.990005;-92.919724;-71.703262;-39.570629
1547607;-99.993958;-92.803154;-71.483910;-39.281891
1549608;-99.996910;-92.685669;-71.263885;-38.992809
1551605;-99.998894;-92.567268;-71.043114;-38.703300
1553640;-99.999878;-92.447960;-70.821686;-38.413452
1555630;-99.999878;-92.327728;-70.599518;-38.123180
1557626;-99.998894;-92.206604;-70.376694;-37.832581
1559620;-99.996918;-92.084564;-70.153168;-37.541599
1561629;-99.993958;-91.961601;-69.928925;-37.250210
1563653;-99.990013;-91.837753;-69.704025;-36.958492
1565608;-99.985077;-91.712967;-69.478394;-36.666370
1567607;-99.979149;-91.587296;-69.252121;-36.373924
1569603;-99.972244;-91.460732;-69.025154;-36.081123
1571604;-99.964348;-91.333237;-68.797478;-35.787922
1573639;-99.955467;-91.204872;-68.569160;-35.494415
1575615;-99.945602;-91.075577;-68.340126;-35.200508
1577615;-99.934746;-90.945396;-68.110451;-34.906300
1579607;-99.922905;-90.814316;-67.880074;-34.611702
1581599;-99.910080;-90.682343;-67.649063;-34.316811
1583612;-99.896263;-90.549484;-67.417374;-34.021576
1585646;-99.881462;-90.415710;-67.184990;-33.725964
1587607;-99.865685;-90.281067;-66.951981;-33.430061
1589609;-99.848907;-90.145508;-66.718277;-33.133785
1591610;-99.831161;-90.009079;-66.483948;-32.837227
1593608;-99.812416;-89.871773;-66.248962;-32.540344
1595644;-99.792686;-89.733543;-66.013283;-32.243095
1597615;-99.771973;-89.594452;-65.776993;-31.945574
1599608;-99.750282;-89.454460;-65.540016;-31.647694
1601604;-99.727600;-89.313606;-65.302429;-31.349543
1603605;-99.703934;-89.171844;-65.064156;-31.051041
1605610;-99.679283;-89.029228;-64.825287;-30.752274
1607634;-99.653656;-88.885727;-64.585770;-30.453205
1609608;-99.627037;-88.741341;-64.345581;-30.153790
1611609;-99.599442;-88.596092;-64.104797;-29.854124
1613613;-99.570862;-88.449951;-63.863342;-29.554117
1615609;-99.541298;-88.302956;-63.621288;-29.253864
1617649;-99.510750;-88.155083;-63.378620;-28.953323
1619606;-99.479218;-88.006332;-63.135277;-28.652454
1621607;-99.446709;-87.856720;-62.891354;-28.351339
1623607;-99.413208;-87.706223;-62.646763;-28.049904
1625601;-99.378738;-87.554886;-62.401604;-27.748236
1627601;-99.343285;-87.402710;-62.155853;-27.446342
1629641;-99.306854;-87.249619;-61.909424;-27.144087
1631626;-99.269440;-87.095695;-61.662418;-26.841608
1633626;-99.231041;-86.940887;-61.414772;-26.538816
1635629;-99.191666;-86.785240;-61.166550;-26.235807
1637625;-99.151314;-86.628716;-60.917694;-25.932497
1639646;-99.109985;-86.471359;-60.668270;-25.628975
1641614;-99.067673;-86.313156;-60.418247;-25.325203
1643607;-99.024384;-86.154076;-60.167587;-25.021135
1645613;-98.980118;-85.994164;-59.916370;-24.716864
1647613;-98.934868;-85.833374;-59.664528;-24.412302
1649820;-98.888657;-85.671776;-59.412148;-24.107546
1651630;-98.841461;-85.509323;-59.159161;-23.802553
1653629;-98.793289;-85.346001;-58.905560;-23.497278
1655628;-98.744148;-85.181854;-58.651413;-23.191816
1657627;-98.694023;-85.016861;-58.396656;-22.886082
1659629;-98.642937;-84.851036;-58.141350;-22.580166
1661646;-98.590866;-84.684357;-57.885437;-22.273981
1663615;-98.537827;-84.516869;-57.628994;-21.967623
1665612;-98.483810;-84.348541;-57.371975;-21.661049
1667605;-98.428825;-84.179367;-57.114365;-21.354216
1669609;-98.372871;-84.009377;-56.856216;-21.047215
1671606;-98.315941;-83.838531;-56.597473;-20.739962
1673646;-98.258049;-83.666893;-56.338207;-20.432550
1675634;-98.199181;-83.494415;-56.078392;-20.124937
1677627;-98.139343;-83.321091;-55.817986;-19.817080
1679629;-98.078537;-83.146980;-55.557053;-19.509069
1681625;-98.016754;-82.972023;-55.295540;-19.200823
1683638;-97.954025;-82.796265;-55.033527;-18.892435
1685606;-97.890312;-82.619667;-54.770927;-18.583813
1687601;-97.825638;-82.442276;-54.507828;-18.275051
1689609;-97.760002;-82.264069;-54.244186;-17.966112
1691604;-97.693398;-82.085030;-53.979969;-17.656950
1693605;-97.625824;-81.905205;-53.715263;-17.347656
1695643;-97.557297;-81.724556;-53.449989;-17.038151
1697629;-97.487801;-81.543114;-53.184223;-16.728516
1699624;-97.417351;-81.360863;-52.917934;-16.418722
1701627;-97.345924;-81.177795;-52.651077;-16.108715
1703624;-97.273552;-80.993942;-52.383751;-15.798600
1705650;-97.200203;-80.809265;-52.115856;-15.488280
1707617;-97.125916;-80.623833;-51.847500;-15.177855
1709607;-97.050652;-80.437561;-51.578583;-14.867234
1711609;-96.974442;-80.250526;-51.309196;-14.556512
1713610;-96.897270;-80.062698;-51.039303;-14.245646
1715610;-96.819138;-79.874054;-50.768875;-13.934594
1717645;-96.740051;-79.684647;-50.497978;-13.623447
1719634;-96.660011;-79.494438;-50.226547;-13.312123
1721626;-96.579018;-79.303452;-49.954659;-13.000715
1723622;-96.497086;-79.111694;-49.682274;-12.689177
1725628;-96.414177;-78.919128;-49.409367;-12.377469
1727647;-96.330330;-78.725815;-49.136002;-12.065681
1729611;-96.245522;-78.531685;-48.862118;-11.753729
1731607;-96.159782;-78.336815;-48.587791;-11.441710
1733610;-96.073074;-78.141144;-48.312943;-11.129528
1735606;-95.985443;-77.944763;-48.037701;-10.817334
1737607;-95.896851;-77.747574;-47.761940;-10.504982
1739644;-95.807304;-77.549599;-47.485668;-10.192481
1741631;-95.716820;-77.350876;-47.208969;-9.879929
1743627;-95.625381;-77.151375;-46.931774;-9.567231
1745625;-95.533012;-76.951126;-46.654148;-9.254485
1747627;-95.439697;-76.750130;-46.376053;-8.941645
1749647;-95.345428;-76.548347;-46.097469;-8.628673
1751610;-95.250237;-76.345840;-45.818474;-8.315664
1753608;-95.154083;-76.142532;-45.538975;-8.002522
1755603;-95.057007;-75.938515;-45.259075;-7.689351
1757610;-94.958984;-75.733719;-44.978683;-7.376054
1759603;-94.860039;-75.528206;-44.697891;-7.062733
1761642;-94.760147;-75.321945;-44.416664;-6.749347
1763633;-94.659309;-75.114906;-44.134949;-6.435842
1765632;-94.557556;-74.907166;-43.852840;-6.122318
1767630;-94.454849;-74.698654;-43.570255;-5.808687
1769625;-94.351234;-74.489433;-43.287292;-5.495053
1771644;-94.246681;-74.279472;-43.003891;-5.181360
1773612;-94.141182;-74.068748;-42.720032;-4.867568
1775609;-94.034767;-73.857323;-42.435791;-4.553777
1777601;-93.927414;-73.645142;-42.151081;-4.239893
1779601;-93.819145;-73.432274;-41.866005;-3.926015
1781602;-93.709961;-73.218681;-41.580513;-3.612101
1783640;-93.599823;-73.004318;-41.294571;-3.298101
1785632;-93.488785;-72.789276;-41.008263;-2.984113
1787627;-93.376801;-72.573486;-40.721504;-2.670053
1789626;-93.263916;-72.357002;-40.434387;-2.356008
1791626;-93.150093;-72.139778;-40.146832;-2.041897
1793644;-93.035370;-71.921875;-39.858921;-1.727813
1795608;-92.919724;-71.703255;-39.570618;-1.413712
1797609;-92.803154;-71.483902;-39.281879;-1.099551
1799606;-92.685677;-71.263878;-38.992802;-0.785425
1801610;-92.567268;-71.043106;-38.703289;-0.471240
1803611;-92.447960;-70.821678;-38.413437;-0.157103
1805645;-92.327744;-70.599548;-38.123215;0.157037
1807633;-92.206596;-70.376678;-37.832565;0.471225
1809627;-92.084564;-70.153168;-37.541588;0.785357
1811629;-91.961601;-69.928917;-37.250198;1.099530
1813626;-91.837738;-69.704010;-36.958477;1.413649
1815642;-91.712967;-69.478386;-36.666351;1.727799
1817609;-91.587296;-69.252106;-36.373909;2.041882
1819606;-91.460732;-69.025146;-36.081112;2.355942
1821613;-91.333237;-68.797462;-35.787907;2.670038
1823613;-91.204865;-68.569145;-35.494396;2.984050
1825604;-91.075569;-68.340111;-35.200493;3.298083
1827644;-90.945396;-68.110435;-34.906284;3.612032
1829629;-90.814331;-67.880096;-34.611732;3.925952
1831629;-90.682343;-67.649048;-34.316792;4.239875
1833627;-90.549484;-67.417358;-34.021561;4.553714
1835631;-90.415703;-67.184975;-33.725948;4.867554
1837643;-90.281067;-66.951973;-33.430046;5.181298
1839626;-90.145508;-66.718262;-33.133770;5.495036
1841629;-90.009079;-66.483925;-32.837208;5.808675
1843623;-89.871780;-66.248978;-32.540379;6.122208
1845628;-89.733559;-66.013306;-32.243126;6.435773
1847641;-89.594475;-65.777016;-31.945606;6.749230
1849614;-89.454475;-65.540031;-31.647718;7.062671
1851608;-89.313622;-65.302452;-31.349575;7.375991
1853608;-89.171890;-65.064224;-31.051115;7.689235
1855609;-89.029243;-64.825302;-30.752300;8.002457
1857602;-88.885750;-64.585793;-30.453236;8.315548
1859641;-88.741356;-64.345604;-30.153820;8.628607
1861629;-88.596107;-64.104820;-29.854155;8.941537
1863627;-88.449959;-63.863361;-29.554144;9.254423
1865629;-88.302971;-63.621319;-29.253897;9.567163
1867627;-88.155106;-63.378639;-28.953352;9.879816
1869645;-88.006340;-63.135303;-28.652477;10.192418
1871608;-87.856735;-62.891365;-28.351370;10.504871
1873612;-87.706238;-62.646782;-28.049931;10.817268
1875608;-87.554901;-62.401623;-27.748268;11.129514
1877605;-87.402702;-62.155842;-27.446327;11.441645
1879607;-87.249611;-61.909412;-27.144068;11.753711
1881642;-87.095680;-61.662407;-26.841587;12.065619
1883631;-86.940872;-61.414753;-26.538795;12.377453
1885630;-86.785233;-61.166538;-26.235794;12.689114
1887626;-86.628708;-60.917675;-25.932482;13.000697
1889629;-86.471352;-60.668255;-25.628960;13.312110
1891639;-86.313148;-60.418224;-25.325186;13.623386
1893612;-86.154060;-60.167568;-25.021114;13.934576
1895604;-85.994148;-59.916351;-24.716843;14.245587
1897602;-85.833374;-59.664516;-24.412287;14.556498
1899606;-85.671761;-59.412121;-24.107525;14.867219
1901610;-85.509315;-59.159149;-23.802540;15.177790
1903645;-85.345993;-58.905540;-23.497257;15.488264
1905634;-85.181847;-58.651394;-23.191797;15.798542
1907626;-85.016846;-58.396633;-22.886063;16.108704
1909624;-84.851036;-58.141335;-22.580147;16.418659
1911627;-84.684349;-57.885422;-22.273960;16.728508
1913639;-84.516861;-57.628979;-21.967602;17.038137
1915604;-84.348534;-57.371964;-21.661028;17.347599
1917609;-84.179352;-57.114346;-21.354198;17.656935
1919609;-84.009369;-56.856201;-21.047199;17.966049
1921607;-83.838524;-56.597458;-20.739946;18.275034
1923608;-83.666878;-56.338196;-20.432537;18.583792
1925645;-83.494408;-56.078373;-20.124918;18.892374
1927628;-83.321091;-55.817963;-19.817062;19.200808
1929627;-83.146973;-55.557037;-19.509060;19.509007
1931627;-82.972008;-55.295528;-19.200806;19.817062
1933624;-82.796249;-55.033504;-18.892420;20.124874
1935647;-82.619652;-54.770912;-18.583801;20.432535
1937607;-82.442261;-54.507805;-18.275034;20.739948
1939605;-82.264069;-54.244171;-17.966097;21.047157
1941609;-82.085022;-53.979950;-17.656929;21.354198
1943604;-81.905197;-53.715248;-17.347639;21.660986
1945693;-81.724533;-53.449966;-17.038128;21.967611
1947630;-81.543098;-53.184204;-16.728502;22.273966
1949625;-81.360855;-52.917908;-16.418699;22.580109
1951627;-81.177811;-52.651096;-16.108746;22.886023
1953625;-80.993965;-52.383770;-15.798632;23.191708
1955625;-80.809288;-52.115887;-15.488315;23.497215
1957645;-80.623840;-51.847519;-15.177881;23.802441
1959632;-80.437599;-51.578640;-14.867309;24.107441
1961624;-80.250534;-51.309216;-14.556536;24.412241
1963625;-80.062714;-51.039333;-14.245677;24.716755
1965628;-79.874077;-50.768898;-13.934621;25.021070
1967644;-79.684669;-50.498001;-13.623482;25.325098
1969608;-79.494446;-50.226570;-13.312152;25.628916
1971614;-79.303474;-49.954681;-13.000745;25.932434
1973604;-79.111710;-49.682297;-12.689203;26.235699
1975607;-78.919151;-49.409382;-12.377498;26.538757
1977603;-78.725830;-49.136021;-12.065715;26.841494
1979639;-78.531708;-48.862137;-11.753765;27.144028
1981631;-78.336838;-48.587811;-11.441737;27.446234
1983626;-78.141197;-48.313011;-11.129609;27.748173
1985631;-77.944756;-48.037685;-10.817322;28.049887
1987624;-77.747574;-47.761936;-10.504970;28.351276
1989646;-77.549591;-47.485657;-10.192463;28.652439
1991615;-77.350876;-47.208958;-9.879914;28.953262
1993606;-77.151367;-46.931755;-9.567213;29.253853
1995602;-76.951126;-46.654129;-9.254464;29.554104
1997607;-76.750122;-46.376045;-8.941629;29.854065
1999717;-76.548340;-46.097458;-8.628657;30.153774
2001632;-76.345825;-45.818459;-8.315647;30.453142
2003630;-76.142525;-45.538960;-8.002504;30.752260
2005628;-75.938507;-45.259064;-7.689330;31.051025
2007627;-75.733742;-44.978718;-7.376093;31.349480
2009624;-75.528191;-44.697876;-7.062716;31.647678
2011633;-75.321938;-44.416645;-6.749332;31.945511
2013606;-75.114906;-44.134937;-6.435829;32.243080
2015610;-74.907158;-43.852825;-6.122303;32.540287
2017606;-74.698639;-43.570240;-5.808675;32.837208
2019605;-74.489418;-43.287273;-5.495039;33.133770
2021707;-74.279465;-43.003876;-5.181345;33.430004
2023636;-74.068741;-42.720013;-4.867554;33.725948
2025631;-73.857323;-42.435772;-4.553762;34.021519
2027627;-73.645142;-42.151062;-4.239875;34.316795
2029625;-73.432266;-41.865993;-3.926003;34.611687
2031628;-73.218666;-41.580505;-3.612086;34.906239
2033646;-73.004303;-41.294552;-3.298077;35.200493
2035634;-72.789261;-41.008247;-2.984095;35.494354
2037631;-72.573471;-40.721489;-2.670035;35.787903
2039621;-72.356987;-40.434368;-2.355990;36.081062
2041624;-72.139763;-40.146812;-2.041879;36.373909
2043715;-71.921860;-39.858906;-1.727799;36.666351
2045634;-71.703247;-39.570599;-1.413697;36.958431
2047630;-71.483887;-39.281857;-1.099533;37.250195
2049627;-71.263863;-38.992779;-0.785410;37.541538
2051626;-71.043098;-38.703270;-0.471225;37.832561
2053629;-70.821671;-38.413425;-0.157088;38.123169
2055648;-70.599533;-38.123192;0.157055;38.413395
2057627;-70.376678;-37.832554;0.471237;38.703289
2059628;-70.153191;-37.541618;0.785324;38.992702
2061626;-69.928940;-37.250225;1.099503;39.281837
2063626;-69.816574;-37.104408;1.256564;39.426231
2065649;-69.478439;-36.666428;1.727718;39.858833
2067612;-69.252129;-36.373936;2.041852;40.146793
2069609;-69.025169;-36.081135;2.355912;40.434307
2071603;-68.797493;-35.787937;2.669999;40.721462
2073608;-68.569168;-35.494431;2.984017;41.008171
2075611;-68.340134;-35.200520;3.298053;41.294529
2077646;-68.110466;-34.906315;3.612003;41.580421
2079631;-67.880119;-34.611759;3.925922;41.865925
2081625;-67.649063;-34.316822;4.239851;42.151043
2083629;-67.417389;-34.021587;4.553685;42.435699
2085633;-67.185005;-33.725975;4.867524;42.719994
2087642;-66.951988;-33.430073;5.181271;43.003807
2089612;-66.718323;-33.133842;5.494955;43.287205
2091604;-66.483955;-32.837238;5.808645;43.570213
2093604;-66.248970;-32.540356;6.122226;43.852760
2095605;-66.013298;-32.243111;6.435794;44.134903
2097806;-65.777000;-31.945583;6.749254;44.416584
2099627;-65.540024;-31.647709;7.062685;44.697849
2101628;-65.302437;-31.349554;7.376009;44.978649
2103620;-65.064201;-31.051100;7.689259;45.258991
2105627;-64.825294;-30.752289;8.002475;45.538937
2107628;-64.585785;-30.453215;8.315569;45.818390
2109642;-64.345589;-30.153803;8.628628;46.097427
2111612;-64.104805;-29.854137;8.941558;46.375973
2113611;-63.863392;-29.554176;9.254390;46.654064
2115605;-63.621307;-29.253881;9.567186;46.931728
2117611;-63.378628;-28.953335;9.879833;47.208889
2119608;-63.135292;-28.652468;10.192436;47.485630
2121643;-62.891365;-28.351358;10.504887;47.761856
2123630;-62.646778;-28.049913;10.817286;48.037659
2125628;-62.401615;-27.748251;11.129525;48.312939
2127626;-62.155830;-27.446308;11.441666;48.587746
2129626;-61.909401;-27.144051;11.753729;48.862118
2131641;-61.662399;-26.841578;12.065631;49.135956
2133607;-61.414749;-26.538780;12.377468;49.409363
2135605;-61.166527;-26.235771;12.689132;49.682236
2137608;-60.917706;-25.932512;13.000668;49.954613
2139604;-60.668243;-25.628944;13.312125;50.226547
2141714;-60.418217;-25.325171;13.623405;50.497936
2143629;-60.167564;-25.021103;13.934591;50.768864
2145631;-59.916348;-24.716827;14.245600;51.039268
2147629;-59.664505;-24.412271;14.556515;51.309204
2149625;-59.412109;-24.107510;14.867237;51.578583
2151628;-59.159134;-23.802525;15.177814;51.847458
2153649;-58.905529;-23.497242;15.488288;52.115856
2155632;-58.651386;-23.191786;15.798551;52.383701
2157628;-58.396626;-22.886053;16.108721;52.651077
2159626;-58.141327;-22.580135;16.418678;52.917892
2161631;-57.885448;-22.273996;16.728474;53.184174
2163642;-57.628967;-21.967587;17.038145;53.449989
2165610;-57.371990;-21.661064;17.347563;53.715179
2167609;-57.114376;-21.354231;17.656898;53.979927
2169608;-56.856228;-21.047228;17.966021;54.244102
2171607;-56.597485;-20.739973;18.275007;54.507782
2173609;-56.338223;-20.432562;18.583765;54.770882
2175649;-56.078403;-20.124949;18.892342;55.033447
2177624;-55.817993;-19.817093;19.200775;55.295502
2179626;-55.557068;-19.509081;19.508982;55.556976
2181628;-55.295555;-19.200838;19.817028;55.817940
2183622;-55.033539;-18.892448;20.124844;56.078308
2185647;-54.770977;-18.583870;20.432461;56.338131
2187614;-54.507839;-18.275070;20.739910;56.597431
2189612;-54.244198;-17.966127;21.047125;56.856136
2191607;-53.979980;-17.656961;21.354168;57.114315
2193604;-53.715279;-17.347673;21.660957;57.371902
2195604;-53.450001;-17.038164;21.967579;57.628952
2197645;-53.184235;-16.728533;22.273932;57.885395
2199632;-52.917946;-16.418737;22.580072;58.141266
2201625;-52.651096;-16.108734;22.886034;58.396614
2203623;-52.383762;-15.798616;23.191721;58.651329
2205626;-52.115868;-15.488294;23.497231;58.905514
2207648;-51.847504;-15.177867;23.802462;59.159081
2209610;-51.578636;-14.867297;24.107452;59.412064
2211601;-51.309212;-14.556524;24.412256;59.664494
2213602;-51.039322;-14.245659;24.716770;59.916294
2215612;-50.768887;-13.934609;25.021082;60.167538
2217749;-50.497990;-13.623465;25.325111;60.418163
2219633;-50.226559;-13.312138;25.628927;60.668224
2221626;-49.954666;-13.000730;25.932451;60.917652
2223628;-49.682285;-12.689188;26.235723;61.166477
2225633;-49.409370;-12.377480;26.538769;61.414730
2227630;-49.136013;-12.065694;26.841513;61.662346
2229638;-48.862125;-11.753741;27.144035;61.909382
2231614;-48.587799;-11.441723;27.446253;62.155777
2233604;-48.312996;-11.129588;27.748194;62.401569
2235608;-48.037670;-10.817298;28.049908;62.646770
2237611;-47.761909;-10.504950;28.351297;62.891312
2239716;-47.485641;-10.192448;28.652447;63.135273
2241639;-47.208942;-9.879896;28.953276;63.378578
2243628;-46.931778;-9.567243;29.253817;63.621254
2245630;-46.654110;-9.254447;29.554123;63.863342
2247626;-46.376026;-8.941611;29.854076;64.104752
2249629;-46.097439;-8.628636;30.153795;64.345581
2251648;-45.818439;-8.315629;30.453163;64.585724
2253635;-45.538944;-8.002487;30.752272;64.825287
2255628;-45.259045;-7.689315;31.051043;65.064156
2257631;-44.978695;-7.376066;31.349499;65.302391
2259630;-44.697865;-7.062700;31.647694;65.540009
2261643;-44.416630;-6.749308;31.945530;65.776947
2263613;-44.134918;-6.435809;32.243095;66.013275
2265607;-43.852810;-6.122282;32.540302;66.248924
2267607;-43.570271;-5.808705;32.837185;66.483910
2269606;-43.287258;-5.495018;33.133785;66.718277
2271610;-43.003864;-5.181327;33.430016;66.951942
2273644;-42.720039;-4.867583;33.725914;67.184952
2275631;-42.435799;-4.553789;34.021492;67.417305
2277624;-42.151093;-4.239908;34.316765;67.649017
2279629;-41.866016;-3.926030;34.611660;67.880043
2281630;-41.580528;-3.612110;34.906216;68.110382
2283644;-41.294582;-3.298110;35.200466;68.340088
2285608;-41.008274;-2.984124;35.494331;68.569092
2287608;-40.721519;-2.670064;35.787880;68.797447
2289606;-40.434402;-2.356023;36.081043;69.025093
2291603;-40.146889;-2.041957;36.373840;69.252052
2293610;-39.858932;-1.727825;36.666328;69.478363
2295645;-39.570629;-1.413724;36.958401;69.703957
2297627;-39.281891;-1.099563;37.250168;69.928894
2299625;-38.992809;-0.785434;37.541512;70.153107
2301626;-38.703300;-0.471255;37.832535;70.376663
2303625;-38.413452;-0.157115;38.123138;70.599487
2305645;-38.123226;0.157025;38.413368;70.821625
2307606;-37.832577;0.471210;38.703259;71.043083
2309609;-37.541599;0.785348;38.992725;71.263817
2311603;-37.250210;1.099518;39.281853;71.483871
2313612;-36.958492;1.413634;39.570541;71.703201
2315610;-36.666412;1.727736;39.858852;71.921814
2317646;-36.373924;2.041870;40.146809;72.139755
2319629;-36.081123;2.355933;40.434319;72.356949
2321630;-35.787922;2.670023;40.721478;72.573456
2323629;-35.494415;2.984035;41.008186;72.789215
2325631;-35.200508;3.298068;41.294540;73.004295
2327642;-34.906300;3.612020;41.580444;73.218620
2329613;-34.611748;3.925937;41.865929;73.432220
2331608;-34.316807;4.239863;42.151051;73.645126
2333605;-34.021576;4.553699;42.435719;73.857285
2335607;-33.725964;4.867539;42.720001;74.068733
2337611;-33.430061;5.181283;43.003822;74.279419
2339647;-33.133827;5.494976;43.287216;74.489372
2341634;-32.837227;5.808663;43.570232;74.698631
2343626;-32.540344;6.122241;43.852772;74.907112
2345632;-32.243095;6.435809;44.134914;75.114891
2347626;-31.945574;6.749263;44.416588;75.321892
2349647;-31.647692;7.062706;44.697868;75.528183
2351608;-31.349543;7.376027;44.978661;75.733696
2353607;-31.051085;7.689273;45.259007;75.938469
2355611;-30.752274;8.002490;45.538948;76.142517
2357603;-30.453205;8.315587;45.818401;76.345787
2359663;-30.153790;8.628643;46.097443;76.548317
2361645;-29.854124;8.941570;46.375992;76.750084
2363626;-29.554165;9.254405;46.654076;76.951088
2365634;-29.253864;9.567198;46.931736;77.151352
2367628;-28.953323;9.879851;47.208908;77.350830
2369627;-28.652451;10.192451;47.485649;77.549583
2371646;-28.351339;10.504905;47.761871;77.747520
2373627;-28.049904;10.817305;48.037674;77.944740
2375627;-27.748236;11.129549;48.312958;78.141159
2377626;-27.446297;11.441678;48.587757;78.336792
2379627;-27.144039;11.753747;48.862129;78.531693
2381648;-26.841604;12.065604;49.135933;78.725761
2383608;-26.538816;12.377435;49.409328;78.919106
2385606;-26.235809;12.689098;49.682201;79.111649
2387607;-25.932545;13.000637;49.954586;79.303406
2389608;-25.628975;13.312099;50.226521;79.494415
2391607;-25.325203;13.623373;50.497913;79.684601
2393644;-25.021133;13.934565;50.768845;79.874039
2395631;-24.716862;14.245568;51.039242;80.062653
2397628;-24.412348;14.556437;51.309132;80.250481
2399629;-24.107544;14.867206;51.578556;80.437538
2401622;-23.802551;15.177780;51.847435;80.623779
2403643;-23.497276;15.488252;52.115833;80.809250
2405615;-23.191816;15.798526;52.383686;80.993896
2407610;-22.886080;16.108690;52.651058;81.177780
2409603;-22.580164;16.418648;52.917870;81.360825
2411606;-22.274027;16.728441;53.184158;81.543060
2413605;-21.967623;17.038120;53.449966;81.724533
2415643;-21.661047;17.347584;53.715206;81.905159
2417629;-21.354214;17.656921;53.979946;82.085014
2419627;-21.047215;17.966036;54.244125;82.264030
2421629;-20.740007;18.274977;54.507755;82.442230
2423628;-20.432549;18.583784;54.770905;82.619652
2425645;-20.124935;18.892359;55.033463;82.796219
2427613;-19.817076;19.200794;55.295521;82.972000
2429614;-19.509069;19.508999;55.556995;83.146942
2431610;-19.200823;19.817049;55.817955;83.321083
2433604;-18.892433;20.124861;56.078327;83.494370
2435610;-18.583858;20.432472;56.338142;83.666847
2437640;-18.275051;20.739933;56.597454;83.838524
2439630;-17.966110;21.047140;56.856155;84.009338
2441629;-17.656948;21.354185;57.114338;84.179344
2443626;-17.347656;21.660975;57.371914;84.348503
2445636;-17.038193;21.967550;57.628937;84.516830
2447645;-16.728516;22.273954;57.885414;84.684349
2449616;-16.418720;22.580090;58.141293;84.851006
2451613;-16.108715;22.886055;58.396626;85.016846
2453610;-15.798600;23.191742;58.651344;85.181824
2455612;-15.488279;23.497250;58.905537;85.345985
2457603;-15.177855;23.802475;59.159096;85.509285
2459640;-14.867279;24.107471;59.412079;85.671738
2461629;-14.556509;24.412275;59.664513;85.833366
2463629;-14.245645;24.716789;59.916317;85.994125
2465629;-13.934591;25.021107;60.167564;86.154060
2467624;-13.623447;25.325129;60.418182;86.313118
2469651;-13.312168;25.628904;60.668205;86.471321
2471616;-13.000711;25.932472;60.917671;86.628708
2473606;-12.689175;26.235735;61.166489;86.785202
2475606;-12.377464;26.538786;61.414742;86.940865
2477607;-12.065679;26.841534;61.662365;87.095657
2479606;-11.753728;27.144056;61.909401;87.249603
2481648;-11.441707;27.446270;62.155800;87.402672
2483629;-11.129574;27.748209;62.401581;87.554871
2485633;-10.817284;28.049923;62.646778;87.706230
2487627;-10.504933;28.351313;62.891327;87.856705
2489624;-10.192480;28.652424;63.135250;88.006310
2491648;-9.879926;28.953251;63.378555;88.155052
2493611;-9.567274;29.253790;63.621227;88.302910
2495611;-9.254481;29.554087;63.863319;88.449936
2497608;-8.941644;29.854050;64.104736;88.596054
2499609;-8.628671;30.153763;64.345558;88.741325
2501603;-8.315660;30.453133;64.585709;88.885704
2503644;-8.002520;30.752247;64.825264;89.029221
2505633;-7.689348;31.051012;65.064140;89.171829
2507624;-7.376100;31.349468;65.302368;89.313576
2509624;-7.062732;31.647665;65.539993;89.454445
2511625;-6.749341;31.945499;65.776932;89.594421
2513643;-6.435838;32.243069;66.013252;89.733528
2515606;-6.122317;32.540272;66.248901;89.871735
2517610;-5.808736;32.837154;66.483887;90.009048
2519609;-5.495050;33.133759;66.718254;90.145500
2521608;-5.181358;33.429989;66.951927;90.281029
2523638;-4.867567;33.725937;67.184975;90.415703
2525612;-4.553775;34.021507;67.417320;90.549454
2527609;-4.239939;34.316738;67.649002;90.682312
2529613;-3.926013;34.611675;67.880051;90.814301
2531605;-3.612096;34.906231;68.110397;90.945366
2533606;-3.298096;35.200481;68.340103;91.075562
2535655;-2.984111;35.494339;68.569099;91.204834
2537630;-2.670048;35.787895;68.797462;91.333229
2539628;-2.356008;36.081055;69.025101;91.460701
2541626;-2.041943;36.373856;69.252060;91.587273
2543627;-1.727811;36.666344;69.478378;91.712959
2545646;-1.413710;36.958416;69.703964;91.837715
2547612;-1.099547;37.250183;69.928909;91.961586
2549608;-0.785421;37.541531;70.153114;92.084534
2551609;-0.471287;37.832508;70.376640;92.206573
2553608;-0.157100;38.123154;70.599503;92.327721
2555607;0.157080;38.413418;70.821663;92.447952
2557647;0.471237;38.703285;71.043106;92.567261
2559631;0.785390;38.992767;71.263847;92.685661
2561628;1.099535;39.281868;71.483894;92.803139
2563625;1.413669;39.570576;71.703224;92.919708
2565628;1.727790;39.858902;71.921852;93.035355
2567640;2.041893;40.146828;72.139778;93.150085
2569608;2.355976;40.434361;72.356972;93.263893
2571603;2.670036;40.721493;72.573471;93.376793
2573613;2.984070;41.008221;72.789246;93.488762
2575609;3.298074;41.294544;73.004303;93.599808
2577809;3.612046;41.580467;73.218636;93.709930
2579632;3.925981;41.865971;73.432251;93.819130
2581628;4.239879;42.151066;73.645142;93.927399
2583626;4.553734;42.435749;73.857300;94.034752
2585627;4.867544;42.720005;74.068741;94.141167
2587627;5.181307;43.003841;74.279434;94.246658
2589644;5.495018;43.287258;74.489403;94.351212
2591629;5.808674;43.570244;74.698639;94.454834
2593623;6.122274;43.852798;74.907135;94.557533
2595629;6.435814;44.134926;75.114891;94.659302
2597628;6.749289;44.416611;75.321907;94.760124
2599649;7.062697;44.697861;75.528183;94.860016
2601613;7.376038;44.978668;75.733711;94.958969
2603608;7.689305;45.259033;75.938484;95.056992
2605614;8.002495;45.538948;76.142517;95.154068
2607608;8.315607;45.818420;76.345795;95.250214
2609608;8.628635;46.097435;76.548317;95.345413
2611647;8.941581;46.375996;76.750092;95.439682
2613626;9.254436;46.654102;76.951103;95.532997
2615631;9.567202;46.931747;77.151352;95.625374
2617629;9.879873;47.208923;77.350845;95.716805
2619628;10.192444;47.485638;77.549576;95.807289
2621642;10.504917;47.761883;77.747536;95.896828
2623609;10.817286;48.037659;77.944725;95.985428
2625606;11.129548;48.312958;78.141159;96.073067
2627610;11.441700;48.587780;78.336807;96.159775
2629608;11.753738;48.862122;78.531685;96.245522
2631607;12.065662;49.135986;78.725800;96.330322
2633641;12.377467;49.409359;78.919128;96.414169
2635628;12.689150;49.682247;79.111679;96.497063
2637629;13.000705;49.954647;79.303444;96.579018
2639624;13.312133;50.226551;79.494438;96.660004
2641621;13.623430;50.497963;79.684631;96.740051
2643648;13.934594;50.768875;79.874054;96.819138
2645609;14.245617;51.039284;80.062683;96.897255
2647609;14.556500;51.309193;80.250519;96.974434
2649606;14.867243;51.578594;80.437561;97.050652
2651603;15.177837;51.847481;80.623817;97.125908
2653813;15.488280;52.115856;80.809273;97.200203
2655633;15.798573;52.383728;80.993927;97.273544
2657628;16.108707;52.651070;81.177780;97.345917
2659626;16.418684;52.917896;81.360847;97.417336
2661624;16.728498;53.184204;81.543098;97.487793
2663629;17.038149;53.449989;81.724556;97.557289
2665647;17.347628;53.715240;81.905190;97.625824
2667609;17.656937;53.979958;82.085022;97.693382
2669607;17.966076;54.244156;82.264046;97.759995
2671603;18.275032;54.507805;82.442268;97.825630
2673609;18.583811;54.770924;82.619667;97.890305
2675712;18.892406;55.033501;82.796249;97.954010
2677631;19.200811;55.295532;82.972015;98.016754
2679629;19.509031;55.557018;83.146965;98.078522
2681625;19.817057;55.817963;83.321083;98.139336
2683623;20.124889;56.078350;83.494392;98.199173
2685633;20.432520;56.338184;83.666878;98.258041
2687645;20.739950;56.597466;83.838531;98.315933
2689611;21.047176;56.856186;84.009354;98.372864
2691611;21.354193;57.114346;84.179352;98.428818
2693605;21.660999;57.371937;84.348526;98.483810
2695605;21.967592;57.628967;84.516861;98.537819
2697714;22.273970;57.885426;84.684357;98.590866
2699630;22.580126;58.141315;84.851021;98.642929
2701629;22.886059;58.396633;85.016846;98.694023
2703624;23.191769;58.651375;85.181839;98.744141
2705630;23.497246;58.905529;85.345985;98.793282
2707629;23.802494;59.159111;85.509285;98.841454
2709639;24.107506;59.412106;85.671745;98.888649
2711610;24.412279;59.664513;85.833374;98.934868
2713603;24.716812;59.916328;85.994133;98.980110
2715608;25.021099;60.167564;86.154053;99.024376
2717607;25.325144;60.418194;86.313126;99.067665
2719812;25.628939;60.668236;86.471344;99.109978
2721634;25.932476;60.917675;86.628708;99.151306
2723629;26.235760;61.166512;86.785217;99.191658
2725632;26.538784;61.414749;86.940872;99.231033
2727628;26.841545;61.662369;87.095665;99.269424
2729626;27.144045;61.909389;87.249603;99.306847
2731640;27.446274;62.155807;87.402679;99.343285
2733611;27.748230;62.401592;87.554886;99.378738
2735606;28.049919;62.646782;87.706230;99.413216
2737606;28.351324;62.891342;87.856712;99.446701
2739607;28.652456;63.135277;88.006332;99.479218
2741651;28.953299;63.378597;88.155075;99.510742
2743612;29.253859;63.621288;88.302956;99.541298
2745603;29.554132;63.863350;88.449951;99.570862
2747604;29.854111;64.104782;88.596085;99.599434
2749607;30.153793;64.345589;88.741341;99.627037
2751607;30.453184;64.585754;88.885727;99.653656
2753644;30.752268;64.825279;89.029228;99.679283
2755632;31.051052;65.064171;89.171860;99.703941
2757631;31.349527;65.302414;89.313599;99.727592
2759627;31.647697;65.540016;89.454468;99.750282
2761629;31.945551;65.776970;89.594444;99.771973
2763647;32.243092;66.013275;89.733543;99.792686
2765602;32.540310;66.248932;89.871750;99.812408
2767609;32.837208;66.483925;90.009079;99.831161
2769608;33.133785;66.718277;90.145508;99.848907
2771603;33.430038;66.951965;90.281059;99.865677
2773607;33.725952;67.184982;90.415710;99.881454
2775649;34.021542;67.417351;90.549477;99.896263
2777625;34.316792;67.649040;90.682343;99.910065
2779627;34.611706;67.880074;90.814316;99.922905
2781623;34.906273;68.110428;90.945396;99.934746
2783628;35.200500;68.340126;91.075577;99.945602
2785642;35.494377;68.569130;91.204857;99.955460
2787610;35.787907;68.797470;91.333237;99.964348
2789612;36.081081;69.025124;91.460716;99.972244
2791605;36.373901;69.252098;91.587296;99.979149
2793605;36.666363;69.478394;91.712967;99.985077
2795609;36.958458;69.703995;91.837730;99.990013
2797648;37.250191;69.928917;91.961601;99.993950
2799631;37.541557;70.153137;92.084549;99.996918
2801628;37.832550;70.376678;92.206596;99.998894
2803628;38.123173;70.599518;92.327728;99.999878
2805630;38.413418;70.821655;92.447952;99.999878
2807643;38.703281;71.043106;92.567268;99.998894
2809614;38.992767;71.263847;92.685661;99.996910
2811609;39.281864;71.483887;92.803146;99.993958
2813606;39.426273;71.593651;92.861542;99.992104
2815606;39.858898;71.921852;93.035355;99.985069
2817611;40.146824;72.139763;93.150093;99.979149
2819648;40.434357;72.356972;93.263901;99.972237
2821626;40.721493;72.573463;93.376793;99.964340
2823626;41.008221;72.789238;93.488762;99.955460
2825629;41.294548;73.004303;93.599808;99.945602
2827627;41.580467;73.218628;93.709930;99.934731
2829645;41.865971;73.432251;93.819130;99.922897
2831611;42.151066;73.645142;93.927406;99.910072
2833602;42.435749;73.857300;94.034752;99.896263
2835608;42.720005;74.068733;94.141167;99.881462
2837607;43.003841;74.279427;94.246651;99.865677
2839612;43.287258;74.489403;94.351212;99.848907
2841640;43.570240;74.698639;94.454834;99.831154
2843630;43.852798;74.907135;94.557533;99.812408
2845625;44.134922;75.114891;94.659294;99.792686
2847621;44.416611;75.321907;94.760117;99.771965
2849627;44.697861;75.528175;94.860016;99.750275
2851639;44.978668;75.733704;94.958969;99.727592
2853615;45.259033;75.938484;95.056984;99.703926
2855602;45.538948;76.142517;95.154068;99.679283
2857612;45.818417;76.345787;95.250214;99.653648
2859602;46.097435;76.548317;95.345413;99.627029
2861804;46.375996;76.750092;95.439674;99.599434
2863639;46.654099;76.951096;95.532990;99.570847
2865633;46.931744;77.151352;95.625366;99.541290
2867630;47.208927;77.350845;95.716797;99.510735
2869630;47.485634;77.549568;95.807281;99.479210
2871626;47.761883;77.747536;95.896820;99.446693
2873645;48.037659;77.944733;95.985428;99.413208
2875611;48.312958;78.141151;96.073067;99.378731
2877603;48.587780;78.336807;96.159767;99.343277
2879604;48.862122;78.531685;96.245514;99.306839
2881608;49.135986;78.725792;96.330322;99.269424
2883708;49.409363;78.919128;96.414169;99.231026
2885630;49.682243;79.111671;96.497070;99.191658
2887625;49.954647;79.303444;96.579010;99.151299
2889628;50.226551;79.494431;96.660004;99.109970
2891627;50.497963;79.684631;96.740044;99.067657
2893623;50.768871;79.874054;96.819130;99.024368
2895642;51.039284;80.062675;96.897255;98.980103
2897609;51.309193;80.250511;96.974434;98.934868
2899601;51.578583;80.437553;97.050636;98.888649
2901609;51.847477;80.623802;97.125900;98.841446
2903608;52.115856;80.809265;97.200203;98.793282
2905707;52.383720;80.993927;97.273544;98.744133
2907646;52.651070;81.177780;97.345909;98.694016
2909632;52.917896;81.360840;97.417328;98.642914
2911624;53.184204;81.543098;97.487793;98.590858
2913629;53.449982;81.724541;97.557281;98.537811
2915628;53.715237;81.905190;97.625816;98.483803
2917652;53.979958;82.085022;97.693382;98.428818
2919605;54.244156;82.264046;97.759995;98.372856
2921603;54.507809;82.442261;97.825623;98.315933
2923607;54.770924;82.619652;97.890305;98.258034
2925605;55.033501;82.796242;97.954010;98.199165
2927610;55.295532;82.972008;98.016754;98.139336
2929649;55.557018;83.146957;98.078522;98.078522
2931631;55.817963;83.321083;98.139336;98.016754
2933630;56.078350;83.494392;98.199165;97.954010
2935630;56.338184;83.666870;98.258041;97.890305
2937624;56.597466;83.838524;98.315933;97.825623
2939645;56.856178;84.009346;98.372864;97.759995
2941605;57.114338;84.179344;98.428810;97.693382
2943605;57.371937;84.348518;98.483803;97.625816
2945609;57.628967;84.516846;98.537811;97.557281
2947609;57.885426;84.684349;98.590858;97.487793
2949608;58.141319;84.851021;98.642921;97.417328
2951641;58.396633;85.016838;98.694016;97.345909
2953628;58.651371;85.181831;98.744133;97.273544
2955626;58.905529;85.345978;98.793282;97.200203
2957630;59.159111;85.509285;98.841461;97.125900
2959624;59.412106;85.671745;98.888649;97.050644
2961637;59.664516;85.833366;98.934868;96.974426
2963605;59.916336;85.994133;98.980103;96.897263
2965609;60.167557;86.154053;99.024368;96.819130
2967611;60.418190;86.313118;99.067665;96.740051
2969606;60.668228;86.471336;99.109970;96.660004
2971657;60.917671;86.628708;99.151299;96.579018
2973646;61.166508;86.785217;99.191658;96.497070
2975634;61.414749;86.940872;99.231041;96.414169
2977629;61.662376;87.095665;99.269432;96.330330
2979623;61.909389;87.249596;99.306847;96.245529
2981629;62.155800;87.402664;99.343277;96.159775
2983640;62.401592;87.554878;99.378738;96.073082
2985631;62.646778;87.706230;99.413216;95.985428
2987631;62.891342;87.856712;99.446701;95.896828
2989622;63.135277;88.006332;99.479210;95.807289
2991624;63.378597;88.155075;99.510742;95.716805
2993626;63.621284;88.302948;99.541290;95.625374
2995646;63.863350;88.449951;99.570862;95.533005
2997616;64.104782;88.596085;99.599442;95.439682
2999609;64.345589;88.741341;99.627045;95.345421
3001606;64.585754;88.885727;99.653648;95.250214
3003606;64.825279;89.029228;99.679283;95.154076
3005612;65.064171;89.171852;99.703934;95.056984
3007646;65.302414;89.313599;99.727600;94.958977
3009632;65.540009;89.454460;99.750282;94.860023
3011627;65.776978;89.594444;99.771973;94.760124
3013623;66.013275;89.733543;99.792686;94.659294
3015633;66.248932;89.871750;99.812408;94.557533
3017640;66.483932;90.009071;99.831154;94.454834
3019609;66.718277;90.145515;99.848915;94.351219
3021607;66.951958;90.281044;99.865677;94.246658
3023606;67.184982;90.415703;99.881462;94.141174
3025604;67.417351;90.549477;99.896263;94.034752
3027663;67.649040;90.682343;99.910080;93.927406
3029643;67.880074;90.814316;99.922905;93.819138
3031627;68.110428;90.945396;99.934746;93.709930
3033628;68.340118;91.075569;99.945595;93.599808
3035630;68.569130;91.204857;99.955467;93.488762
3037628;68.797462;91.333229;99.964348;93.376793
3039639;69.025124;91.460716;99.972237;93.263901
3041608;69.252098;91.587288;99.979149;93.150093
3043612;69.478394;91.712967;99.985077;93.035355
3045608;69.703995;91.837730;99.990013;92.919708
3047604;69.928909;91.961586;99.993958;92.803146
3049647;70.153137;92.084541;99.996910;92.685661
3051611;70.376678;92.206589;99.998894;92.567268
3053604;70.599518;92.327728;99.999878;92.447952
3055609;70.821655;92.447945;99.999870;92.327728
3057610;71.043106;92.567253;99.998878;92.206589
3059609;71.263847;92.685661;99.996910;92.084541
3061641;71.483887;92.803131;99.993950;91.961586
3063616;71.703224;92.919701;99.990013;91.837730
3065608;71.921852;93.035355;99.985077;91.712967
3067603;72.139778;93.150093;99.979149;91.587288
3069611;72.356972;93.263893;99.972237;91.460709
3071650;72.573471;93.376793;99.964348;91.333237
3073608;72.789238;93.488762;99.955460;91.204849
3075614;73.004303;93.599808;99.945602;91.075577
3077605;73.218636;93.709930;99.934746;90.945396
3079611;73.432251;93.819138;99.922905;90.814316
3081604;73.645142;93.927399;99.910072;90.682343
3083643;73.857300;94.034752;99.896263;90.549484
3085632;74.068741;94.141174;99.881462;90.415703
3087628;74.279442;94.246658;99.865685;90.281059
3089625;74.489403;94.351212;99.848915;90.145515
3091630;74.698639;94.454834;99.831154;90.009071
3093721;74.907135;94.557533;99.812408;89.871750
3095639;75.114891;94.659302;99.792686;89.733543
3097629;75.321915;94.760124;99.771973;89.594444
3099623;75.528183;94.860016;99.750282;89.454460
3101626;75.733711;94.958969;99.727600;89.313599
3103623;75.938484;95.056984;99.703934;89.171852
3105638;76.142517;95.154068;99.679291;89.029236
3107612;76.345795;95.250214;99.653656;88.885727
3109604;76.548325;95.345421;99.627045;88.741341
3111602;76.750092;95.439674;99.599442;88.596085
3113604;76.951103;95.532997;99.570862;88.449951
3115704;77.151352;95.625374;99.541290;88.302956
3117628;77.350845;95.716797;99.510735;88.155067
3119628;77.549568;95.807281;99.479210;88.006332
3121626;77.747536;95.896828;99.446701;87.856720
3123627;77.944733;95.985428;99.413208;87.706230
3125627;78.141159;96.073074;99.378738;87.554886
3127648;78.336807;96.159767;99.343285;87.402679
3129630;78.531693;96.245529;99.306847;87.249603
3131629;78.725800;96.330322;99.269424;87.095665
3133624;78.919128;96.414169;99.231033;86.940872
3135629;79.111679;96.497070;99.191650;86.785217
3137646;79.303452;96.579018;99.151306;86.628708
3139603;79.494438;96.660011;99.109970;86.471344
3141608;79.684631;96.740044;99.067665;86.313126
3143610;79.874054;96.819130;99.024376;86.154053
3145613;80.062675;96.897255;98.980110;85.994133
3147612;80.250511;96.974426;98.934868;85.833366
3149642;80.437561;97.050652;98.888649;85.671753
3151631;80.623810;97.125900;98.841454;85.509285
3153624;80.809273;97.200203;98.793282;85.345978
3155630;80.993927;97.273544;98.744141;85.181831
3157628;81.177780;97.345917;98.694016;85.016846
3159633;81.360840;97.417328;98.642921;84.851021
3161607;81.543091;97.487785;98.590851;84.684357
3163606;81.724548;97.557289;98.537811;84.516861
3165613;81.905190;97.625816;98.483803;84.348518
3167604;82.085022;97.693382;98.428818;84.179344
3169714;82.264038;97.759987;98.372856;84.009346
3171629;82.442261;97.825623;98.315933;83.838524
3173623;82.619659;97.890305;98.258034;83.666870
3175626;82.796242;97.954010;98.199165;83.494392
3177625;82.972015;98.016754;98.139336;83.321083
3179624;83.146957;98.078522;98.078522;83.146957
3181647;83.321083;98.139328;98.016754;82.972015
3183632;83.494392;98.199165;97.954010;82.796249
3185635;83.666870;98.258034;97.890305;82.619659
3187626;83.838524;98.315933;97.825623;82.442261
3189624;84.009354;98.372856;97.759995;82.264046
3191638;84.179352;98.428818;97.693390;82.085022
3193609;84.348526;98.483803;97.625816;81.905190
3195609;84.516853;98.537811;97.557281;81.724548
3197604;84.684349;98.590851;97.487793;81.543098
3199611;84.851013;98.642914;97.417328;81.360840
3201610;85.016846;98.694016;97.345909;81.177780
3203644;85.181831;98.744133;97.273544;80.993935
3205609;85.345985;98.793282;97.200203;80.809273
3207605;85.509285;98.841446;97.125900;80.623802
3209607;85.671745;98.888649;97.050644;80.437561
3211605;85.833366;98.934868;96.974434;80.250511
3213706;85.994133;98.980103;96.897255;80.062675
3215632;86.154045;99.024368;96.819130;79.874062
3217626;86.313118;99.067657;96.740044;79.684639
3219629;86.471336;99.109962;96.660004;79.494438
3221623;86.628700;99.151299;96.579018;79.303452
3223626;86.785210;99.191650;96.497070;79.111679
3225647;86.940865;99.231026;96.414169;78.919128
3227626;87.095657;99.269424;96.330330;78.725800
3229627;87.249596;99.306839;96.245514;78.531693
3231627;87.402672;99.343277;96.159767;78.336807
3233628;87.554886;99.378731;96.073082;78.141159
3235642;87.706230;99.413208;95.985428;77.944733
3237611;87.856712;99.446693;95.896820;77.747536
3239608;88.006325;99.479210;95.807289;77.549576
3241608;88.155075;99.510735;95.716797;77.350845
3243607;88.302948;99.541290;95.625366;77.151360
3245602;88.449944;99.570847;95.532990;76.951111
3247641;88.596085;99.599434;95.439682;76.750092
3249630;88.741341;99.627029;95.345413;76.548317
3251626;88.885719;99.653641;95.250214;76.345802
3253626;89.029221;99.679276;95.154068;76.142517
3255628;89.171852;99.703926;95.056984;75.938484
3257649;89.313599;99.727592;94.958977;75.733711
3259614;89.454460;99.750275;94.860016;75.528183
3261608;89.594444;99.771965;94.760117;75.321907
3263602;89.733536;99.792686;94.659294;75.114891
3265611;89.871750;99.812408;94.557533;74.907135
3267734;90.009079;99.831154;94.454834;74.698639
3269633;90.145508;99.848907;94.351219;74.489418
3271631;90.281052;99.865677;94.246658;74.279442
3273622;90.415710;99.881454;94.141174;74.068741
3275631;90.549469;99.896263;94.034752;73.857307
3277625;90.682343;99.910072;93.927406;73.645142
3279644;90.814316;99.922897;93.819130;73.432251
3281609;90.945389;99.934738;93.709930;73.218643
3283611;91.075569;99.945595;93.599808;73.004303
3285610;91.204857;99.955460;93.488762;72.789238
3287609;91.333237;99.964348;93.376793;72.573471
3289666;91.460716;99.972237;93.263901;72.356972
3291645;91.587296;99.979149;93.150093;72.139763
3293628;91.712967;99.985069;93.035355;71.921852
3295627;91.837730;99.989998;92.919708;71.703224
3297628;91.961594;99.993958;92.803146;71.483902
3299625;92.084541;99.996910;92.685661;71.263863
3301638;92.206589;99.998894;92.567268;71.043106
3303621;92.327728;99.999878;92.447952;70.821671
3305615;92.447952;99.999878;92.327736;70.599525
3307604;92.567261;99.998894;92.206596;70.376678
3309604;92.685661;99.996918;92.084549;70.153152
3311606;92.803139;99.993950;91.961601;69.928917
3313636;92.919708;99.990005;91.837730;69.703995
3315634;93.035355;99.985077;91.712967;69.478394
3317631;93.150093;99.979156;91.587296;69.252106
3319626;93.263908;99.972244;91.460716;69.025124
3321627;93.376793;99.964348;91.333237;68.797470
3323641;93.488762;99.955460;91.204857;68.569138
3325610;93.599808;99.945595;91.075577;68.340126
3327615;93.709930;99.934746;90.945404;68.110443
3329603;93.819130;99.922905;90.814323;67.880081
3331609;93.927406;99.910072;90.682343;67.649048
3333712;94.034752;99.896263;90.549484;67.417358
3335631;94.141167;99.881462;90.415718;67.184990
3337628;94.246658;99.865685;90.281059;66.951965
3339628;94.351212;99.848907;90.145515;66.718277
3341626;94.454842;99.831154;90.009079;66.483940
3343627;94.557541;99.812408;89.871750;66.248932
3345637;94.659302;99.792686;89.733543;66.013283
3347611;94.760132;99.771973;89.594444;65.776978
3349612;94.860016;99.750282;89.454468;65.540024
3351609;94.958969;99.727592;89.313606;65.302429
3353606;95.056992;99.703941;89.171860;65.064178
3355645;95.154076;99.679291;89.029236;64.825287
3357610;95.250214;99.653656;88.885727;64.585762
3359611;95.345421;99.627045;88.741348;64.345596
3361606;95.439682;99.599434;88.596085;64.104790
3363608;95.532997;99.570862;88.449966;63.863361
3365606;95.625374;99.541290;88.302956;63.621296
3367646;95.716805;99.510742;88.155075;63.378597
3369634;95.807289;99.479218;88.006332;63.135292
3371628;95.896835;99.446701;87.856720;62.891342
3373624;95.985428;99.413216;87.706230;62.646782
3375631;96.073074;99.378731;87.554893;62.401604
3377644;96.159775;99.343285;87.402687;62.155811
3379609;96.245529;99.306854;87.249603;61.909401
3381605;96.330322;99.269432;87.095680;61.662388
3383608;96.414169;99.231033;86.940872;61.414753
3385607;96.497070;99.191658;86.785217;61.166512
3387608;96.579018;99.151306;86.628708;60.917683
3389637;96.660011;99.109978;86.471352;60.668243
3391611;96.740051;99.067665;86.313126;60.418201
3393605;96.819130;99.024376;86.154060;60.167576
3395605;96.897263;98.980110;85.994133;59.916336
3397605;96.974442;98.934868;85.833374;59.664513
3399602;97.050652;98.888657;85.671753;59.412109
3401646;97.125908;98.841454;85.509285;59.159111
3403630;97.200203;98.793289;85.345993;58.905540
3405631;97.273544;98.744141;85.181847;58.651386
3407628;97.345917;98.694023;85.016853;58.396645
3409622;97.417343;98.642929;84.851028;58.141327
3411648;97.487793;98.590858;84.684357;57.885437
3413608;97.557297;98.537827;84.516861;57.628979
3415609;97.625824;98.483803;84.348526;57.371937
3417602;97.693390;98.428818;84.179352;57.114349
3419608;97.759995;98.372864;84.009361;56.856190
3421721;97.825638;98.315933;83.838531;56.597466
3423632;97.890305;98.258034;83.666870;56.338192
3425630;97.954018;98.199173;83.494392;56.078350
3427625;98.016754;98.139336;83.321083;55.817963
3429624;98.078529;98.078529;83.146965;55.557026
3431631;98.139336;98.016754;82.972023;55.295544
3433638;98.199173;97.954010;82.796249;55.033504
3435630;98.258034;97.890305;82.619667;54.770935
3437631;98.315933;97.825638;82.442268;54.507816
3439628;98.372864;97.759995;82.264053;54.244156
3441622;98.400963;97.726807;82.174644;54.112137
3443640;98.483810;97.625824;81.905197;53.715240
3445613;98.537819;97.557289;81.724556;53.449989
3447610;98.590858;97.487793;81.543098;53.184212
3449607;98.642929;97.417336;81.360847;52.917896
3451603;98.694023;97.345917;81.177780;52.651070
3453811;98.744141;97.273544;80.993935;52.383732
3455632;98.793289;97.200203;80.809273;52.115856
3457630;98.841454;97.125908;80.623825;51.847492
3459626;98.888649;97.050652;80.437569;51.578598
3461624;98.934868;96.974442;80.250526;51.309196
3463626;98.980110;96.897263;80.062691;51.039295
3465651;99.024376;96.819138;79.874054;50.768883
3467630;99.067665;96.740051;79.684639;50.497967
3469627;99.109970;96.660004;79.494438;50.226562
3471627;99.151306;96.579018;79.303452;49.954655
3473625;99.191658;96.497070;79.111679;49.682251
3475647;99.231033;96.414169;78.919128;49.409370
3477611;99.269432;96.330330;78.725800;49.135990
3479607;99.306847;96.245522;78.531693;48.862122
3481602;99.343285;96.159775;78.336815;48.587788
3483607;99.378738;96.073067;78.141159;48.312958
3485605;99.413208;95.985428;77.944733;48.037666
3487650;99.446701;95.896835;77.747551;47.761898
3489628;99.479218;95.807297;77.549583;47.485649
3491628;99.510742;95.716797;77.350845;47.208931
3493628;99.541290;95.625374;77.151367;46.931755
3495626;99.570862;95.533005;76.951111;46.654110
3497643;99.599442;95.439682;76.750092;46.376003
3499609;99.627037;95.345413;76.548325;46.097446
3501605;99.653656;95.250214;76.345802;45.818428
3503607;99.679283;95.154068;76.142517;45.538952
3505608;99.703934;95.056992;75.938492;45.259041
3507607;99.727600;94.958977;75.733719;44.978672
3509643;99.750282;94.860016;75.528183;44.697861
3511630;99.771973;94.760132;75.321922;44.416626
3513627;99.792686;94.659302;75.114899;44.134937
3515629;99.812408;94.557541;74.907143;43.852806
3517632;99.831154;94.454842;74.698647;43.570255
3519647;99.848907;94.351219;74.489418;43.287266
3521609;99.865685;94.246658;74.279442;43.003849
3523608;99.881462;94.141174;74.068741;42.720016
3525607;99.896263;94.034752;73.857307;42.435753
3527608;99.910072;93.927399;73.645142;42.151070
3529601;99.922905;93.819138;73.432251;41.865982
3531645;99.934746;93.709930;73.218643;41.580467
3533628;99.945602;93.599808;73.004303;41.294544
3535628;99.955467;93.488770;72.789246;41.008228
3537629;99.964348;93.376793;72.573471;40.721493
3539624;99.972244;93.263901;72.356979;40.434368
3541645;99.979149;93.150093;72.139778;40.146843
3543610;99.985077;93.035362;71.921860;39.858913
3545608;99.990005;92.919708;71.703224;39.570583
3547609;99.993958;92.803146;71.483902;39.281879
3549604;99.996918;92.685661;71.263855;38.992775
3551608;99.998894;92.567261;71.043106;38.703289
3553640;99.999878;92.447952;70.821671;38.413425
3555636;99.999878;92.327728;70.599518;38.123177
3557626;99.998894;92.206589;70.376678;37.832554
3559625;99.996918;92.084549;70.153145;37.541561
3561625;99.993958;91.961594;69.928917;37.250195
3563645;99.992104;91.899773;69.816544;37.104370
3565618;99.985077;91.712975;69.478401;36.666378
3567605;99.979149;91.587296;69.252106;36.373913
3569604;99.972244;91.460709;69.025131;36.081089
3571609;99.964348;91.333237;68.797478;35.787918
3573603;99.955467;91.204857;68.569138;35.494389
3575646;99.945602;91.075577;68.340126;35.200504
3577633;99.934746;90.945396;68.110443;34.906284
3579629;99.922905;90.814316;67.880074;34.611710
3581625;99.910072;90.682335;67.649040;34.316792
3583628;99.896263;90.549477;67.417358;34.021549
3585648;99.881462;90.415710;67.184990;33.725960
3587612;99.865685;90.281052;66.951958;33.430035
3589605;99.848907;90.145508;66.718277;33.133793
3591611;99.831154;90.009071;66.483925;32.837212
3593611;99.812408;89.871750;66.248932;32.540318
3595609;99.792686;89.733543;66.013290;32.243107
3597646;99.771973;89.594444;65.776978;31.945559
3599633;99.750282;89.454460;65.540024;31.647699
3601632;99.727600;89.313599;65.302429;31.349541
3603624;99.703941;89.171860;65.064171;31.051058
3605627;99.679283;89.029236;64.825287;30.752283
3607647;99.653656;88.885727;64.585754;30.453194
3609607;99.627037;88.741341;64.345589;30.153799
3611611;99.599442;88.596092;64.104790;29.854122
3613610;99.570862;88.449959;63.863361;29.554138
3615604;99.541298;88.302956;63.621288;29.253864
3617608;99.510750;88.155075;63.378609;28.953308
3619643;99.479218;88.006332;63.135292;28.652472
3621628;99.446701;87.856712;62.891346;28.351337
3623624;99.413208;87.706238;62.646790;28.049934
3625629;99.378738;87.554893;62.401611;27.748247
3627626;99.343285;87.402679;62.155807;27.446281
3629649;99.306847;87.249603;61.909401;27.144056
3631611;99.269432;87.095665;61.662380;26.841557
3633609;99.231033;86.940865;61.414749;26.538790
3635617;99.191666;86.785217;61.166527;26.235771
3637609;99.151306;86.628708;60.917675;25.932486
3639643;99.109978;86.471344;60.668236;25.628942
3641613;99.067673;86.313133;60.418205;25.325155
3643612;99.024376;86.154060;60.167564;25.021107
3645612;98.980110;85.994133;59.916336;24.716812
3647603;98.934868;85.833374;59.664528;24.412298
3649609;98.888657;85.671761;59.412121;24.107521
3651647;98.841461;85.509293;59.159119;23.802502
3653627;98.793289;85.345993;58.905548;23.497263
3655631;98.744141;85.181839;58.651382;23.191778
3657624;98.694023;85.016853;58.396637;22.886066
3659624;98.642929;84.851028;58.141327;22.580139
3661724;98.590866;84.684357;57.885437;22.273979
3663631;98.537819;84.516853;57.628979;21.967598
3665625;98.483810;84.348526;57.371948;21.661011
3667627;98.428818;84.179352;57.114349;21.354198
3669629;98.372864;84.009354;56.856186;21.047176
3671625;98.315941;83.838531;56.597473;20.739960
3673641;98.258041;83.666878;56.338203;20.432535
3675614;98.199173;83.494400;56.078362;20.124899
3677610;98.139343;83.321091;55.817978;19.817076
3679607;98.078529;83.146965;55.557037;19.509043
3681610;98.016754;82.972015;55.295540;19.200819
3683648;97.954018;82.796249;55.033512;18.892420
3685609;97.890312;82.619675;54.770935;18.583820
3687610;97.825638;82.442268;54.507809;18.275038
3689602;97.759995;82.264061;54.244160;17.966084
3691607;97.693398;82.085030;53.979969;17.656946
3693606;97.625824;81.905190;53.715240;17.347631
3695643;97.557297;81.724556;53.449993;17.038157
3697628;97.487801;81.543106;53.184212;16.728502
3699628;97.417343;81.360847;52.917896;16.418684
3701625;97.345932;81.177803;52.651089;16.108727
3703624;97.273544;80.993935;52.383732;15.798587
3705637;97.200211;80.809280;52.115868;15.488293
3707614;97.125916;80.623833;51.847492;15.177852
3709601;97.050652;80.437569;51.578606;14.867256
3711609;96.974442;80.250519;51.309196;14.556509
3713606;96.897270;80.062691;51.039295;14.245632
3715609;96.819138;79.874054;50.768883;13.934604
3717638;96.740051;79.684639;50.497974;13.623433
3719609;96.660019;79.494446;50.226562;13.312146
3721604;96.579018;79.303452;49.954651;13.000711
3723613;96.497078;79.111679;49.682255;12.689151
3725606;96.414177;78.919128;49.409370;12.377477
3727642;96.330330;78.725807;49.136002;12.065679
3729603;96.245529;78.531693;48.862129;11.753750
3731603;96.159782;78.336823;48.587799;11.441719
3733604;96.073082;78.141167;48.312969;11.129564
3735611;95.985428;77.944740;48.037663;10.817292
3737605;95.896843;77.747551;47.761902;10.504937
3739646;95.807297;77.549583;47.485649;10.192453
3741632;95.716812;77.350853;47.208931;9.879878
3743630;95.625374;77.151367;46.931755;9.567216
3745628;95.533005;76.951111;46.654110;9.254447
3747623;95.439682;76.750092;46.375999;8.941585
3749725;95.345428;76.548325;46.097450;8.628649
3751631;95.250221;76.345795;45.818424;8.315611
3753629;95.154076;76.142517;45.538948;8.002493
3755631;95.057007;75.938499;45.259052;7.689324
3757627;94.958984;75.733719;44.978683;7.376051
3759624;94.860031;75.528191;44.697880;7.062718
3761644;94.760132;75.321922;44.416626;6.749305
3763629;94.659302;75.114891;44.134933;6.435823
3765630;94.557549;74.907150;43.852814;6.122294
3767630;94.454849;74.698654;43.570255;5.808687
3769626;94.351219;74.489410;43.287266;5.495027
3771650;94.246666;74.279442;43.003860;5.181322
3773615;94.141174;74.068741;42.720016;4.867554
3775606;94.034752;73.857307;42.435749;4.553738
3777601;93.927414;73.645142;42.151081;4.239890
3779606;93.819138;73.432251;41.865982;3.925988
3781660;93.709938;73.218643;41.580475;3.612062
3783647;93.599823;73.004318;41.294567;3.298098
3785631;93.488770;72.789253;41.008232;2.984086
3787630;93.376801;72.573471;40.721504;2.670047
3789629;93.263916;72.356995;40.434380;2.355993
3791628;93.150101;72.139778;40.146843;2.041909
3793641;93.035362;71.921860;39.858910;1.727799
3795610;92.919716;71.703239;39.570595;1.413685
3797605;92.803146;71.483894;39.281879;1.099548
3799610;92.685661;71.263855;38.992779;0.785396
3801605;92.567268;71.043114;38.703297;0.471249
3803604;92.447952;70.821671;38.413422;0.157088
3805648;92.327728;70.599518;38.123169;-0.157079
3807629;92.206596;70.376678;37.832565;-0.471225
3809630;92.084557;70.153152;37.541576;-0.785372
3811627;91.961601;69.928917;37.250202;-1.099524
3813627;91.837738;69.704002;36.958473;-1.413652
3815643;91.712967;69.478401;36.666370;-1.727778
3817611;91.587296;69.252098;36.373909;-2.041888
3819611;91.460724;69.025131;36.081093;-2.355960
3821609;91.333237;68.797470;35.787918;-2.670026
3823607;91.204857;68.569138;35.494385;-2.984062
3825604;91.075584;68.340126;35.200516;-3.298059
3827646;90.945396;68.110435;34.906284;-3.612036
3829630;90.814323;67.880081;34.611717;-3.925967
3831623;90.682343;67.649048;34.316799;-4.239866
3833626;90.549477;67.417351;34.021545;-4.553729
3835629;90.415726;67.185005;33.725979;-4.867521
3837648;90.281067;66.951981;33.430054;-5.181289
3839629;90.145515;66.718285;33.133801;-5.495003
3841625;90.009079;66.483940;32.837219;-5.808663
3843624;89.871750;66.248932;32.540314;-6.122270
3845630;89.733551;66.013298;32.243111;-6.435788
3847647;89.594452;65.776978;31.945572;-6.749269
3849609;89.454468;65.540024;31.647703;-7.062685
3851608;89.313599;65.302422;31.349533;-7.376030
3853607;89.171860;65.064171;31.051058;-7.689300
3855607;89.029228;64.825279;30.752266;-8.002496
3857608;88.885727;64.585754;30.453199;-8.315590
3859638;88.741348;64.345589;30.153811;-8.628622
3861627;88.596085;64.104782;29.854118;-8.941573
3863628;88.449951;63.863350;29.554129;-9.254435
3865632;88.302948;63.621284;29.253853;-9.567207
3867625;88.155067;63.378586;28.953289;-9.879878
3869646;88.006332;63.135292;28.652468;-10.192433
3871604;87.856712;62.891342;28.351330;-10.504913
3873608;87.706230;62.646770;28.049923;-10.817286
3875605;87.554893;62.401604;27.748245;-11.129531
3877610;87.402679;62.155807;27.446285;-11.441689
3879603;87.249603;61.909397;27.144051;-11.753732
3881645;87.095680;61.662395;26.841576;-12.065638
3883629;86.940880;61.414761;26.538801;-12.377444
3885628;86.785217;61.166527;26.235771;-12.689129
3887627;86.628708;60.917675;25.932486;-13.000694
3889624;86.471344;60.668236;25.628942;-13.312128
3891648;86.313126;60.418194;25.325144;-13.623428
3893631;86.154068;60.167580;25.021128;-13.934567
3895634;85.994141;59.916340;24.716827;-14.245600
3897628;85.833374;59.664524;24.412289;-14.556492
3899623;85.671753;59.412109;24.107510;-14.867234
3901641;85.509285;59.159107;23.802494;-15.177831
3903609;85.345985;58.905529;23.497244;-15.488285
3905606;85.181847;58.651382;23.191782;-15.798557
3907605;85.016853;58.396637;22.886074;-16.108694
3909605;84.851021;58.141315;22.580132;-16.418678
3911603;84.684357;57.885426;22.273970;-16.728500
3913637;84.516853;57.628967;21.967587;-17.038149
3915609;84.348511;57.371925;21.660990;-17.347639
3917606;84.179352;57.114349;21.354202;-17.656929
3919605;84.009354;56.856186;21.047180;-17.966068
3921605;83.838524;56.597458;20.739946;-18.275034
3923719;83.666870;56.338181;20.432510;-18.583817
3925632;83.494385;56.078339;20.124876;-18.892420
3927627;83.321075;55.817951;19.817043;-19.200825
3929626;83.146980;55.557041;19.509060;-19.509003
3931624;82.972023;55.295555;19.200834;-19.817036
3933629;82.796249;55.033512;18.892422;-20.124868
3935648;82.619667;54.770927;18.583822;-20.432508
3937632;82.442268;54.507809;18.275034;-20.739946
3939625;82.264053;54.244156;17.966084;-21.047167
3941625;82.085037;53.979977;17.656958;-21.354176
3943631;81.905197;53.715248;17.347639;-21.660986
3945715;81.724556;53.449993;17.038158;-21.967581
3947636;81.543098;53.184204;16.728508;-22.273960
3949629;81.360847;52.917904;16.418692;-22.580120
3951625;81.177780;52.651070;16.108707;-22.886055
3953626;80.993942;52.383739;15.798590;-23.191748
3955631;80.809280;52.115868;15.488291;-23.497232
3957647;80.623817;51.847481;15.177846;-23.802486
3959610;80.437561;51.578594;14.867247;-24.107504
3961608;80.250511;51.309185;14.556500;-24.412281
3963605;80.062675;51.039280;14.245611;-24.716818
3965610;79.874062;50.768883;13.934607;-25.021086
3967603;79.684647;50.497967;13.623444;-25.325130
3969642;79.494438;50.226559;13.312138;-25.628931
3971634;79.303452;49.954651;13.000709;-25.932472
3973629;79.111679;49.682247;12.689143;-26.235767
3975630;78.919128;49.409355;12.377459;-26.538790
3977629;78.725800;49.135990;12.065670;-26.841539
3979640;78.531693;48.862125;11.753738;-27.144041
3981612;78.336807;48.587776;11.441699;-27.446276
3983610;78.141167;48.312969;11.129564;-27.748220
3985608;77.944740;48.037666;10.817305;-28.049904
3987611;77.747559;47.761913;10.504950;-28.351295
3989718;77.549591;47.485664;10.192474;-28.652430
3991637;77.350861;47.208942;9.879899;-28.953281
3993629;77.151367;46.931763;9.567219;-29.253843
3995630;76.951111;46.654110;9.254450;-29.554123
3997623;76.750099;46.376003;8.941591;-29.854103
3999630;76.548340;46.097458;8.628660;-30.153769
4001650;76.345810;45.818439;8.315629;-30.453163
4003612;76.142532;45.538967;8.002514;-30.752251
4005613;75.938499;45.259048;7.689318;-31.051041
4007603;75.733719;44.978672;7.376045;-31.349522
4009606;75.528183;44.697861;7.062700;-31.647694
4011607;75.321922;44.416630;6.749311;-31.945530
4013644;75.114906;44.134937;6.435833;-32.243073
4015634;74.907150;43.852814;6.122288;-32.540302
4017627;74.698647;43.570251;5.808684;-32.837200
4019625;74.489410;43.287258;5.495015;-33.133793
4021626;74.279442;43.003845;5.181307;-33.430038
4023645;74.068748;42.720020;4.867559;-33.725941
4025609;73.857307;42.435757;4.553741;-34.021534
4027610;73.645142;42.151070;4.239884;-34.316788
4029605;73.432251;41.865974;3.925982;-34.611702
4031602;73.218636;41.580463;3.612041;-34.906273
4033604;73.004295;41.294533;3.298062;-35.200508
4035641;72.789253;41.008232;2.984083;-35.494370
4037630;72.573486;40.721516;2.670064;-35.787880
4039628;72.356995;40.434380;2.356002;-36.081059
4041623;72.139786;40.146847;2.041912;-36.373882
4043627;71.921860;39.858906;1.727802;-36.666351
4045642;71.703232;39.570583;1.413676;-36.958447
4047610;71.483910;39.281891;1.099563;-37.250168
4049612;71.263863;38.992779;0.785410;-37.541538
4051610;71.043121;38.703300;0.471258;-37.832535
4053609;70.821671;38.413425;0.157091;-38.123165
4055663;70.599525;38.123184;-0.157067;-38.413410
4057645;70.376678;37.832554;-0.471228;-38.703274
4059628;70.153160;37.541576;-0.785363;-38.992744
4061625;69.928932;37.250214;-1.099509;-39.281845
4063623;69.704010;36.958469;-1.413658;-39.570564
4065628;69.478401;36.666367;-1.727784;-39.858891
4067645;69.252106;36.373905;-2.041888;-40.146820
4069610;69.025124;36.081081;-2.355978;-40.434353
4071608;68.797478;35.787922;-2.670020;-40.721478
4073605;68.569145;35.494389;-2.984056;-41.008205
4075607;68.340126;35.200508;-3.298062;-41.294533
4077663;68.110435;34.906273;-3.612041;-41.580463
4079644;67.880074;34.611702;-3.925982;-41.865974
4081632;67.649040;34.316788;-4.239884;-42.151070
4083623;67.417358;34.021557;-4.553723;-42.435734
4085632;67.184998;33.725964;-4.867533;-42.719997
4087626;66.951965;33.430038;-5.181307;-43.003845
4089647;66.718277;33.133793;-5.495015;-43.287258
4091614;66.483948;32.837227;-5.808661;-43.570225
4093608;66.248940;32.540318;-6.122264;-43.852795
4095608;66.013298;32.243118;-6.435785;-44.134895
4097603;65.776993;31.945578;-6.749269;-44.416592
4099607;65.540031;31.647718;-7.062676;-44.697842
4101645;65.302429;31.349546;-7.376018;-44.978653
4103627;65.064178;31.051064;-7.689291;-45.259022
4105625;64.825287;30.752274;-8.002490;-45.538948
4107627;64.585777;30.453215;-8.315578;-45.818394
4109625;64.345604;30.153816;-8.628613;-46.097416
4111650;64.104805;29.854128;-8.941561;-46.375977
4113613;63.863361;29.554138;-9.254432;-46.654095
4115606;63.621296;29.253868;-9.567195;-46.931736
4117605;63.378597;28.953299;-9.879869;-47.208916
4119610;63.135296;28.652472;-10.192424;-47.485619
4121658;62.891354;28.351343;-10.504902;-47.761871
4123646;62.646790;28.049929;-10.817271;-48.037647
4125629;62.401604;27.748236;-11.129540;-48.312950
4127628;62.155807;27.446276;-11.441699;-48.587776
4129625;61.909397;27.144041;-11.753738;-48.862125
4131627;61.662388;26.841562;-12.065646;-49.135971
4133648;61.414753;26.538790;-12.377459;-49.409355
4135633;61.166519;26.235767;-12.689143;-49.682247
4137624;60.917675;25.932472;-13.000709;-49.954651
4139625;60.668228;25.628931;-13.312138;-50.226559
4141629;60.418213;25.325161;-13.623413;-50.497948
4143677;60.167568;25.021112;-13.934583;-50.768864
4145646;59.916359;24.716843;-14.245584;-51.039253
4147631;59.664536;24.412304;-14.556477;-51.309170
4149623;59.412121;24.107525;-14.867229;-51.578568
4151628;59.159122;23.802509;-15.177819;-51.847466
4153628;58.905560;23.497280;-15.488246;-52.115822
4155647;58.651394;23.191795;-15.798545;-52.383698
4157608;58.396656;22.886086;-16.108683;-52.651047
4159604;58.141335;22.580147;-16.418659;-52.917881
4161609;57.885437;22.273981;-16.728481;-53.184189
4163602;57.628979;21.967602;-17.038139;-53.449978
4165611;57.371964;21.661026;-17.347605;-53.715210
4167647;57.114365;21.354214;-17.656914;-53.979946
4169631;56.856201;21.047195;-17.966047;-54.244129
4171627;56.597477;20.739964;-18.275017;-54.507793
4173626;56.338192;20.432529;-18.583805;-54.770916
4175630;56.078358;20.124897;-18.892395;-55.033493
4177647;55.817978;19.817078;-19.200790;-55.295509
4179607;55.557037;19.509050;-19.509014;-55.557007
4181610;55.295544;19.200825;-19.817043;-55.817951
4183605;55.033512;18.892420;-20.124876;-56.078339
4185608;54.770927;18.583817;-20.432510;-56.338181
4187608;54.507809;18.275034;-20.739946;-56.597458
4189646;54.244167;17.966089;-21.047157;-56.856167
4191626;53.979977;17.656952;-21.354181;-57.114326
4193626;53.715248;17.347639;-21.660990;-57.371925
4195627;53.449989;17.038149;-21.967587;-57.628967
4197621;53.184204;16.728500;-22.273970;-57.885426
4199644;52.917915;16.418701;-22.580105;-58.141296
4201612;52.651100;16.108746;-22.886021;-58.396603
4203605;52.383751;15.798605;-23.191734;-58.651340
4205601;52.115883;15.488306;-23.497221;-58.905506
4207603;51.847500;15.177861;-23.802467;-59.159088
4209651;51.578606;14.867261;-24.107487;-59.412086
4211646;51.309196;14.556512;-24.412266;-59.664501
4213631;51.039307;14.245647;-24.716785;-59.916306
4215632;50.768894;13.934615;-25.021080;-60.167538
4217628;50.497978;13.623449;-25.325125;-60.418182
4219629;50.226570;13.312152;-25.628918;-60.668213
4221642;49.954655;13.000715;-25.932467;-60.917664
4223613;49.682255;12.689156;-26.235750;-61.166500
4225608;49.409382;12.377492;-26.538759;-61.414719
4227611;49.136005;12.065685;-26.841528;-61.662354
4229608;48.862137;11.753756;-27.144028;-61.909378
4231606;48.587791;11.441710;-27.446264;-62.155788
4233643;48.312962;11.129552;-27.748230;-62.401592
4235637;48.037659;10.817286;-28.049923;-62.646770
4237629;47.761898;10.504934;-28.351303;-62.891323
4239628;47.485649;10.192457;-28.652441;-63.135265
4241630;47.208931;9.879878;-28.953289;-63.378586
4243647;46.931747;9.567207;-29.253853;-63.621284
4245611;46.654099;9.254435;-29.554129;-63.863350
4247611;46.375992;8.941573;-29.854118;-64.104782
4249606;46.097446;8.628646;-30.153784;-64.345573
4251612;45.818428;8.315614;-30.453173;-64.585739
4253643;45.538975;8.002520;-30.752245;-64.825264
4255609;45.259052;7.689324;-31.051031;-65.064148
4257602;44.978683;7.376051;-31.349512;-65.302399
4259606;44.697872;7.062709;-31.647688;-65.540001
4261602;44.416637;6.749320;-31.945524;-65.776947
4263606;44.134945;6.435835;-32.243069;-66.013252
4265645;43.852818;6.122294;-32.540291;-66.248909
4267631;43.570255;5.808687;-32.837200;-66.483917
4269624;43.287266;5.495027;-33.133774;-66.718269
4271623;43.003849;5.181310;-33.430035;-66.951958
4273625;42.720028;4.867568;-33.725937;-67.184967
4275642;42.435760;4.553750;-34.021530;-67.417336
4277605;42.151081;4.239893;-34.316784;-67.649040
4279608;41.865982;3.925988;-34.611694;-67.880066
4281607;41.580467;3.612047;-34.906273;-68.110428
4283612;41.294567;3.298095;-35.200481;-68.340096
4285607;41.008240;2.984092;-35.494362;-68.569115
4287642;40.721504;2.670050;-35.787891;-68.797455
4289634;40.434368;2.355984;-36.081074;-69.025108
4291632;40.146832;2.041897;-36.373901;-69.252098
4293625;39.858898;1.727790;-36.666359;-69.478386
4295624;39.570599;1.413688;-36.958443;-69.703987
4297643;39.281879;1.099548;-37.250183;-69.928909
4299605;38.992775;0.785396;-37.541550;-70.153130
4301607;38.703285;0.471237;-37.832550;-70.376678
4303607;38.413418;0.157079;-38.123169;-70.599518
4305606;38.123165;-0.157088;-38.413422;-70.821671
4307606;37.832584;-0.471202;-38.703247;-71.043083
4309639;37.541588;-0.785363;-38.992741;-71.263832
4311626;37.250214;-1.099512;-39.281841;-71.483871
4313629;37.104382;-1.256597;-39.426266;-71.593643
4315631;36.666374;-1.727775;-39.858883;-71.921844
4317625;36.373913;-2.041879;-40.146812;-72.139763
4319647;36.081112;-2.355948;-40.434334;-72.356956
4321610;35.787930;-2.670011;-40.721466;-72.573448
4323612;35.494400;-2.984050;-41.008205;-72.789230
4325605;35.200516;-3.298062;-41.294533;-73.004288
4327604;34.906284;-3.612036;-41.580460;-73.218628
4329610;34.611710;-3.925976;-41.865974;-73.432251
4331644;34.316818;-4.239854;-42.151047;-73.645126
4333634;34.021561;-4.553718;-42.435730;-73.857292
4335632;33.725971;-4.867530;-42.719994;-74.068726
4337626;33.430046;-5.181301;-43.003834;-74.279427
4339624;33.133793;-5.495018;-43.287258;-74.489403
4341643;32.837212;-5.808678;-43.570248;-74.698647
4343635;32.540329;-6.122258;-43.852787;-74.907127
4345623;32.243107;-6.435800;-44.134911;-75.114891
4347630;31.945559;-6.749281;-44.416607;-75.321899
4349620;31.647699;-7.062697;-44.697865;-75.528183
4351643;31.349527;-7.376039;-44.978672;-75.733711
4353606;31.051048;-7.689312;-45.259041;-75.938492
4355606;30.752283;-8.002483;-45.538940;-76.142509
4357610;30.453190;-8.315599;-45.818413;-76.345787
4359610;30.153799;-8.628633;-46.097435;-76.548317
4361601;29.854134;-8.941558;-46.375977;-76.750069
4363639;29.554150;-9.254419;-46.654091;-76.951096
4365632;29.253874;-9.567192;-46.931732;-77.151344
4367628;28.953331;-9.879843;-47.208900;-77.350822
4369625;28.652481;-10.192421;-47.485615;-77.549561
4371625;28.351349;-10.504895;-47.761864;-77.747520
4373642;28.049934;-10.817271;-48.037647;-77.944717
4375615;27.748245;-11.129538;-48.312950;-78.141144
4377614;27.446281;-11.441692;-48.587776;-78.336807
4379603;27.144072;-11.753714;-48.862106;-78.531677
4381605;26.841568;-12.065643;-49.135971;-78.725784
4383723;26.538801;-12.377453;-49.409348;-78.919121
4385633;26.235771;-12.689137;-49.682243;-79.111671
4387626;25.932482;-13.000705;-49.954647;-79.303452
4389624;25.628939;-13.312131;-50.226559;-79.494438
4391626;25.325165;-13.623415;-50.497948;-79.684631
4393619;25.021118;-13.934581;-50.768864;-79.874054
4395645;24.716824;-14.245608;-51.039272;-80.062675
4397629;24.412287;-14.556496;-51.309181;-80.250511
4399626;24.107508;-14.867243;-51.578587;-80.437561
4401625;23.802490;-15.177840;-51.847481;-80.623817
4403626;23.497261;-15.488270;-52.115845;-80.809265
4405645;23.191778;-15.798564;-52.383717;-80.993919
4407614;22.886066;-16.108704;-52.651066;-81.177788
4409603;22.580128;-16.418686;-52.917896;-81.360847
4411607;22.273966;-16.728504;-53.184212;-81.543106
4413610;21.967585;-17.038158;-53.449993;-81.724556
4415657;21.661034;-17.347599;-53.715218;-81.905167
4417645;21.354221;-17.656912;-53.979939;-82.085014
4419627;21.047199;-17.966055;-54.244129;-82.264038
4421621;20.739969;-18.275017;-54.507797;-82.442261
4423627;20.432533;-18.583797;-54.770916;-82.619652
4425629;20.124922;-18.892374;-55.033482;-82.796227
4427648;19.817085;-19.200785;-55.295517;-82.971992
4429628;19.509054;-19.509012;-55.557007;-83.146950
4431626;19.200832;-19.817043;-55.817951;-83.321075
4433623;18.892418;-20.124876;-56.078346;-83.494385
4435625;18.583818;-20.432510;-56.338181;-83.666862
4437642;18.275061;-20.739923;-56.597443;-83.838509
4439608;17.966097;-21.047153;-56.856167;-84.009338
4441603;17.656956;-21.354177;-57.114334;-84.179344
4443607;17.347641;-21.660992;-57.371933;-84.348511
4445606;17.038157;-21.967588;-57.628967;-84.516853
4447608;16.728500;-22.273972;-57.885433;-84.684357
4449644;16.418705;-22.580105;-58.141304;-84.851006
4451635;16.108725;-22.886047;-58.396618;-85.016846
4453622;15.798585;-23.191759;-58.651363;-85.181831
4455634;15.488288;-23.497240;-58.905529;-85.345985
4457626;15.177840;-23.802494;-59.159111;-85.509293
4459644;14.867240;-24.107510;-59.412109;-85.671753
4461611;14.556519;-24.412268;-59.664505;-85.833366
4463601;14.245629;-24.716803;-59.916328;-85.994133
4465607;13.934599;-25.021097;-60.167557;-86.154053
4467608;13.623433;-25.325144;-60.418194;-86.313126
4469647;13.312154;-25.628918;-60.668217;-86.471329
4471617;13.000721;-25.932465;-60.917664;-86.628708
4473603;12.689183;-26.235727;-61.166485;-86.785194
4475608;12.377496;-26.538757;-61.414726;-86.940857
4477603;12.065687;-26.841522;-61.662354;-87.095650
4479608;11.753759;-27.144028;-61.909378;-87.249588
4481648;11.441715;-27.446264;-62.155796;-87.402664
4483631;11.129559;-27.748224;-62.401592;-87.554878
4485630;10.817315;-28.049892;-62.646751;-87.706223
4487628;10.504942;-28.351307;-62.891323;-87.856705
4489629;10.192464;-28.652435;-63.135262;-88.006317
4491645;9.879887;-28.953287;-63.378586;-88.155060
4493611;9.567211;-29.253849;-63.621284;-88.302940
4495609;9.254441;-29.554129;-63.863350;-88.449951
4497603;8.941605;-29.854090;-64.104767;-88.596085
4499606;8.628655;-30.153778;-64.345566;-88.741333
4501606;8.315620;-30.453173;-64.585739;-88.885719
4503647;8.002504;-30.752260;-64.825272;-89.029221
4505630;7.689308;-31.051048;-65.064171;-89.171860
4507628;7.376037;-31.349531;-65.302422;-89.313599
4509629;7.062716;-31.647678;-65.540001;-89.454453
4511627;6.749302;-31.945538;-65.776962;-89.594437
4513643;6.435822;-32.243084;-66.013268;-89.733543
4515611;6.122278;-32.540306;-66.248932;-89.871750
4517611;5.808673;-32.837215;-66.483932;-90.009071
4519606;5.495012;-33.133793;-66.718277;-90.145508
4521611;5.181319;-33.430023;-66.951950;-90.281052
4523655;4.867576;-33.725925;-67.184967;-90.415695
4525644;4.553761;-34.021523;-67.417336;-90.549461
4527628;4.239901;-34.316772;-67.649033;-90.682327
4529628;3.925998;-34.611691;-67.880066;-90.814308
4531625;3.612057;-34.906265;-68.110428;-90.945389
4533626;3.298105;-35.200470;-68.340096;-91.075562
4535641;2.984096;-35.494354;-68.569107;-91.204842
4537617;2.670057;-35.787888;-68.797455;-91.333229
4539609;2.355993;-36.081066;-69.025108;-91.460709
4541604;2.041904;-36.373890;-69.252090;-91.587280
4543609;1.727796;-36.666359;-69.478386;-91.712967
4545661;1.413695;-36.958431;-69.703972;-91.837723
4547645;1.099556;-37.250172;-69.928902;-91.961586
4549632;0.785405;-37.541542;-70.153130;-92.084541
4551625;0.471248;-37.832542;-70.376671;-92.206589
4553626;0.157085;-38.123165;-70.599518;-92.327728
4555628;-0.157079;-38.413418;-70.821663;-92.447952
4557647;-0.471218;-38.703270;-71.043091;-92.567253
4559608;-0.785375;-38.992752;-71.263840;-92.685654
4561606;-1.099525;-39.281860;-71.483887;-92.803139
4563603;-1.413665;-39.570576;-71.703224;-92.919708
4565604;-1.727790;-39.858902;-71.921852;-93.035355
4567656;-2.041898;-40.146835;-72.139778;-93.150085
4569643;-2.355963;-40.434345;-72.356964;-93.263885
4571630;-2.670027;-40.721481;-72.573463;-93.376785
4573621;-2.984066;-41.008221;-72.789238;-93.488762
4575629;-3.298074;-41.294544;-73.004303;-93.599808
4577623;-3.612027;-41.580452;-73.218628;-93.709923
4579644;-3.925944;-41.865940;-73.432228;-93.819122
4581609;-4.239846;-42.151039;-73.645119;-93.927391
4583607;-4.553706;-42.435722;-73.857285;-94.034737
4585601;-4.867522;-42.719986;-74.068718;-94.141159
4587606;-5.181289;-43.003826;-74.279419;-94.246651
4589662;-5.495005;-43.287243;-74.489395;-94.351212
4591647;-5.808643;-43.570213;-74.698624;-94.454834
4593633;-6.122248;-43.852772;-74.907120;-94.557526
4595630;-6.435792;-44.134907;-75.114876;-94.659294
4597626;-6.749272;-44.416595;-75.321892;-94.760117
4599627;-7.062686;-44.697849;-75.528168;-94.860008
4601650;-7.376031;-44.978664;-75.733704;-94.958969
4603610;-7.689279;-45.259010;-75.938469;-95.056984
4605606;-8.002474;-45.538937;-76.142502;-95.154068
4607604;-8.315591;-45.818405;-76.345787;-95.250206
4609606;-8.628626;-46.097427;-76.548317;-95.345413
4611710;-8.941574;-46.375992;-76.750084;-95.439674
4613633;-9.254436;-46.654099;-76.951103;-95.532997
4615627;-9.567182;-46.931725;-77.151337;-95.625366
4617629;-9.879857;-47.208912;-77.350838;-95.716797
4619626;-10.192435;-47.485630;-77.549568;-95.807281
4621624;-10.504911;-47.761879;-77.747528;-95.896820
4623643;-10.817286;-48.037659;-77.944725;-95.985428
4625610;-11.129552;-48.312958;-78.141159;-96.073074
4627605;-11.441686;-48.587769;-78.336807;-96.159767
4629606;-11.753706;-48.862095;-78.531670;-96.245514
4631607;-12.065634;-49.135963;-78.725777;-96.330315
4633725;-12.377443;-49.409340;-78.919113;-96.414169
4635635;-12.689130;-49.682232;-79.111664;-96.497063
4637627;-13.000690;-49.954636;-79.303436;-96.579018
4639626;-13.312101;-50.226521;-79.494415;-96.660004
4641628;-13.623403;-50.497936;-79.684624;-96.740044
4643628;-13.934570;-50.768852;-79.874039;-96.819130
4645643;-14.245600;-51.039268;-80.062668;-96.897255
4647625;-14.556490;-51.309181;-80.250511;-96.974426
4649626;-14.867234;-51.578583;-80.437561;-97.050644
4651627;-15.177811;-51.847458;-80.623802;-97.125893
4653625;-15.488259;-52.115841;-80.809258;-97.200195
4655718;-15.798555;-52.383709;-80.993912;-97.273529
4657637;-16.108694;-52.651058;-81.177780;-97.345917
4659629;-16.418676;-52.917892;-81.360840;-97.417328
4661625;-16.728497;-53.184204;-81.543098;-97.487793
4663631;-17.038126;-53.449966;-81.724533;-97.557281
4665630;-17.347612;-53.715229;-81.905182;-97.625824
4667641;-17.656927;-53.979950;-82.085022;-97.693382
4669615;-17.966068;-54.244148;-82.264038;-97.759995
4671606;-18.275030;-54.507805;-82.442261;-97.825630
4673611;-18.583813;-54.770927;-82.619667;-97.890305
4675608;-18.892389;-55.033485;-82.796242;-97.954010
4677660;-19.200802;-55.295528;-82.972015;-98.016754
4679640;-19.509026;-55.557014;-83.146957;-98.078522
4681622;-19.817057;-55.817963;-83.321083;-98.139336
4683626;-20.124868;-56.078331;-83.494385;-98.199165
4685634;-20.432505;-56.338173;-83.666870;-98.258034
4687627;-20.739916;-56.597435;-83.838509;-98.315933
4689636;-21.047146;-56.856163;-84.009338;-98.372856
4691612;-21.354168;-57.114323;-84.179344;-98.428810
4693605;-21.660980;-57.371922;-84.348511;-98.483803
4695603;-21.967579;-57.628952;-84.516846;-98.537811
4697608;-22.273960;-57.885422;-84.684357;-98.590858
4699721;-22.580097;-58.141293;-84.851006;-98.642921
4701627;-22.886036;-58.396614;-85.016838;-98.694016
4703621;-23.191748;-58.651360;-85.181824;-98.744133
4705632;-23.497232;-58.905525;-85.345978;-98.793282
4707628;-23.802485;-59.159100;-85.509285;-98.841461
4709627;-24.107500;-59.412098;-85.671745;-98.888649
4711648;-24.412256;-59.664501;-85.833359;-98.934868
4713611;-24.716795;-59.916317;-85.994125;-98.980110
4715616;-25.021088;-60.167549;-86.154045;-99.024368
4717607;-25.325138;-60.418190;-86.313126;-99.067665
4719603;-25.628933;-60.668228;-86.471344;-99.109970
4721732;-25.932476;-60.917675;-86.628708;-99.151306
4723632;-26.235741;-61.166500;-86.785210;-99.191658
4725632;-26.538771;-61.414738;-86.940857;-99.231026
4727630;-26.841539;-61.662365;-87.095657;-99.269424
4729625;-27.144041;-61.909389;-87.249603;-99.306847
4731624;-27.446276;-62.155807;-87.402679;-99.343277
4733640;-27.748240;-62.401604;-87.554893;-99.378731
4735609;-28.049908;-62.646770;-87.706223;-99.413208
4737601;-28.351297;-62.891315;-87.856705;-99.446701
4739601;-28.652430;-63.135254;-88.006317;-99.479218
4741601;-28.953281;-63.378578;-88.155067;-99.510742
4743726;-29.253843;-63.621269;-88.302940;-99.541290
4745634;-29.554098;-63.863327;-88.449944;-99.570854
4747626;-29.854084;-64.104759;-88.596077;-99.599434
4749625;-30.153772;-64.345566;-88.741333;-99.627029
4751632;-30.453163;-64.585732;-88.885719;-99.653648
4753628;-30.752254;-64.825264;-89.029221;-99.679283
4755647;-31.051043;-65.064156;-89.171852;-99.703934
4757618;-31.349501;-65.302391;-89.313583;-99.727592
4759606;-31.647673;-65.539993;-89.454453;-99.750275
4761611;-31.945532;-65.776955;-89.594437;-99.771973
4763604;-32.243076;-66.013268;-89.733528;-99.792679
4765642;-32.540302;-66.248924;-89.871750;-99.812408
4767607;-32.837208;-66.483925;-90.009079;-99.831161
4769610;-33.133766;-66.718254;-90.145508;-99.848907
4771606;-33.430019;-66.951942;-90.281052;-99.865677
4773609;-33.725945;-67.184982;-90.415710;-99.881462
4775613;-34.021534;-67.417336;-90.549469;-99.896263
4777649;-34.316792;-67.649040;-90.682343;-99.910065
4779635;-34.611706;-67.880074;-90.814316;-99.922905
4781625;-34.906258;-68.110420;-90.945389;-99.934746
4783625;-35.200489;-68.340111;-91.075577;-99.945602
4785627;-35.494373;-68.569122;-91.204849;-99.955460
4787643;-35.787903;-68.797470;-91.333237;-99.964348
4789612;-36.081081;-69.025124;-91.460716;-99.972244
4791603;-36.373882;-69.252083;-91.587280;-99.979141
4793603;-36.666325;-69.478363;-91.712952;-99.985077
4795608;-36.958427;-69.703972;-91.837715;-99.990005
4797609;-37.250168;-69.928894;-91.961586;-99.993958
4799648;-37.541534;-70.153130;-92.084541;-99.996918
4801631;-37.832535;-70.376663;-92.206589;-99.998894
4803626;-38.123161;-70.599510;-92.327713;-99.999870
4805625;-38.413387;-70.821640;-92.447937;-99.999878
4807630;-38.703259;-71.043083;-92.567245;-99.998894
4809644;-38.992748;-71.263840;-92.685654;-99.996910
4811606;-39.281853;-71.483871;-92.803131;-99.993950
4813609;-39.570568;-71.703217;-92.919708;-99.990005
4815607;-39.858894;-71.921852;-93.035355;-99.985077
4817607;-40.146805;-72.139755;-93.150078;-99.979149
4819607;-40.434341;-72.356964;-93.263885;-99.972237
4821642;-40.721478;-72.573456;-93.376785;-99.964348
4823634;-41.008209;-72.789230;-93.488754;-99.955460
4825632;-41.294540;-73.004295;-93.599808;-99.945595
4827631;-41.580467;-73.218628;-93.709930;-99.934731
4829626;-41.865955;-73.432228;-93.819130;-99.922905
4831642;-42.151054;-73.645126;-93.927399;-99.910080
4833607;-42.435734;-73.857292;-94.034744;-99.896263
4835605;-42.720001;-74.068726;-94.141159;-99.881462
4837607;-43.003841;-74.279427;-94.246651;-99.865677
4839606;-43.287262;-74.489403;-94.351219;-99.848907
4841646;-43.570229;-74.698624;-94.454834;-99.831154
4843604;-43.852791;-74.907127;-94.557533;-99.812408
4845605;-44.134895;-75.114868;-94.659279;-99.792686
4847604;-44.416592;-75.321892;-94.760117;-99.771973
4849609;-44.697845;-75.528168;-94.860008;-99.750282
4851607;-44.978657;-75.733696;-94.958961;-99.727592
4853643;-45.259007;-75.938461;-95.056984;-99.703934
4855636;-45.538925;-76.142494;-95.154060;-99.679276
4857628;-45.818401;-76.345779;-95.250198;-99.653648
4859625;-46.097420;-76.548309;-95.345413;-99.627029
4861620;-46.375988;-76.750084;-95.439674;-99.599434
4863647;-46.654095;-76.951088;-95.532982;-99.570847
4865611;-46.931721;-77.151337;-95.625366;-99.541298
4867613;-47.208904;-77.350830;-95.716789;-99.510742
4869606;-47.485622;-77.549568;-95.807281;-99.479210
4871604;-47.761871;-77.747520;-95.896828;-99.446701
4873613;-48.037647;-77.944717;-95.985420;-99.413208
4875642;-48.312950;-78.141144;-96.073067;-99.378731
4877631;-48.587757;-78.336784;-96.159760;-99.343277
4879630;-48.862106;-78.531677;-96.245514;-99.306839
4881631;-49.135971;-78.725792;-96.330322;-99.269424
4883624;-49.409351;-78.919113;-96.414169;-99.231026
4885642;-49.682243;-79.111671;-96.497070;-99.191658
4887611;-49.954624;-79.303429;-96.579002;-99.151299
4889607;-50.226532;-79.494415;-96.660004;-99.109970
4891611;-50.497948;-79.684624;-96.740044;-99.067665
4893608;-50.768864;-79.874039;-96.819122;-99.024368
4895605;-51.039280;-80.062675;-96.897255;-98.980103
4897645;-51.309193;-80.250511;-96.974434;-98.934868
4899624;-51.578552;-80.437531;-97.050629;-98.888649
4901626;-51.847446;-80.623787;-97.125885;-98.841454
4903620;-52.115829;-80.809250;-97.200188;-98.793282
4905627;-52.383698;-80.993904;-97.273529;-98.744133
4907643;-52.651054;-81.177773;-97.345909;-98.694016
4909615;-52.917885;-81.360832;-97.417328;-98.642921
4911603;-53.184174;-81.543076;-97.487785;-98.590858
4913610;-53.449959;-81.724525;-97.557281;-98.537811
4915605;-53.715218;-81.905174;-97.625809;-98.483810
4917666;-53.979946;-82.085014;-97.693382;-98.428818
4919643;-54.244137;-82.264038;-97.759987;-98.372856
4921629;-54.507797;-82.442253;-97.825638;-98.315933
4923626;-54.770897;-82.619644;-97.890297;-98.258034
4925635;-55.033482;-82.796227;-97.954010;-98.199173
4927627;-55.295517;-82.972000;-98.016739;-98.139336
4929648;-55.557007;-83.146942;-98.078522;-98.078522
4931618;-55.817951;-83.321083;-98.139336;-98.016754
4933612;-56.078346;-83.494392;-98.199165;-97.954010
4935604;-56.338161;-83.666855;-98.258034;-97.890305
4937604;-56.597446;-83.838509;-98.315933;-97.825630
4939733;-56.856174;-84.009346;-98.372856;-97.759995
4941631;-57.114334;-84.179344;-98.428818;-97.693382
4943624;-57.371933;-84.348511;-98.483803;-97.625824
4945628;-57.628967;-84.516846;-98.537811;-97.557281
4947626;-57.885414;-84.684349;-98.590851;-97.487793
4949628;-58.141304;-84.851006;-98.642921;-97.417343
4951648;-58.396626;-85.016846;-98.694023;-97.345917
4953633;-58.651344;-85.181824;-98.744133;-97.273544
4955628;-58.905514;-85.345970;-98.793282;-97.200203
4957625;-59.159096;-85.509277;-98.841446;-97.125900
4959626;-59.412075;-85.671730;-98.888649;-97.050652
4961720;-59.664490;-85.833344;-98.934860;-96.974434
4963634;-59.916313;-85.994125;-98.980103;-96.897270
4965629;-60.167545;-86.154045;-99.024376;-96.819138
4967623;-60.418182;-86.313118;-99.067665;-96.740051
4969633;-60.668224;-86.471329;-99.109970;-96.660011
4971625;-60.917645;-86.628685;-99.151299;-96.579018
4973647;-61.166489;-86.785194;-99.191650;-96.497070
4975631;-61.414730;-86.940857;-99.231026;-96.414177
4977631;-61.662357;-87.095657;-99.269424;-96.330330
4979627;-61.909382;-87.249588;-99.306847;-96.245529
4981627;-62.155796;-87.402672;-99.343285;-96.159775
4983646;-62.401573;-87.554871;-99.378731;-96.073082
4985609;-62.646759;-87.706223;-99.413208;-95.985428
4987605;-62.891323;-87.856697;-99.446701;-95.896835
4989604;-63.135265;-88.006317;-99.479210;-95.807289
4991608;-63.378590;-88.155067;-99.510742;-95.716805
4993610;-63.621284;-88.302948;-99.541290;-95.625374
4995649;-63.863338;-88.449951;-99.570862;-95.533005
4997631;-64.104774;-88.596077;-99.599434;-95.439682
4999623;-64.345573;-88.741341;-99.627029;-95.345421
5001625;-64.585747;-88.885719;-99.653648;-95.250214
5003627;-64.825279;-89.029228;-99.679283;-95.154076
5005653;-65.064171;-89.171852;-99.703934;-95.056984
5007608;-65.302383;-89.313576;-99.727592;-94.958984
5009604;-65.539993;-89.454445;-99.750282;-94.860031
5011609;-65.776947;-89.594429;-99.771973;-94.760132
5013607;-66.013260;-89.733528;-99.792686;-94.659302
5015610;-66.248917;-89.871750;-99.812408;-94.557549
5017643;-66.483917;-90.009064;-99.831154;-94.454849
5019612;-66.718254;-90.145493;-99.848900;-94.351219
5021608;-66.951942;-90.281044;-99.865685;-94.246674
5023612;-67.184967;-90.415703;-99.881454;-94.141174
5025606;-67.417336;-90.549469;-99.896263;-94.034767
5027659;-67.649033;-90.682327;-99.910072;-93.927406
5029647;-67.880043;-90.814301;-99.922905;-93.819145
5031629;-68.110413;-90.945389;-99.934746;-93.709946
5033623;-68.340096;-91.075554;-99.945595;-93.599815
5035628;-68.569115;-91.204849;-99.955460;-93.488777
5037622;-68.797455;-91.333237;-99.964348;-93.376801
5039648;-69.025116;-91.460709;-99.972244;-93.263901
5041603;-69.252083;-91.587280;-99.979149;-93.150101
5043608;-69.478378;-91.712959;-99.985069;-93.035362
5045612;-69.703987;-91.837723;-99.990013;-92.919716
5047604;-69.928902;-91.961586;-99.993942;-92.803139
5049650;-70.153137;-92.084541;-99.996910;-92.685654
5051607;-70.376678;-92.206589;-99.998894;-92.567268
5053614;-70.599503;-92.327713;-99.999878;-92.447952
5055606;-70.821648;-92.447945;-99.999878;-92.327728
5057609;-71.043098;-92.567253;-99.998894;-92.206596
5059603;-71.263847;-92.685654;-99.996910;-92.084541
5061644;-71.483871;-92.803131;-99.993950;-91.961601
5063631;-71.593620;-92.861519;-99.992096;-91.899788
5065628;-71.921829;-93.035339;-99.985077;-91.712982
5067625;-72.139755;-93.150070;-99.979149;-91.587303
5069623;-72.356949;-93.263885;-99.972237;-91.460732
5071738;-72.573456;-93.376785;-99.964348;-91.333244
5073633;-72.789230;-93.488754;-99.955460;-91.204857
5075627;-73.004295;-93.599808;-99.945602;-91.075584
5077630;-73.218613;-93.709923;-99.934746;-90.945412
5079625;-73.432228;-93.819115;-99.922905;-90.814331
5081628;-73.645126;-93.927399;-99.910080;-90.682358
5083642;-73.857292;-94.034744;-99.896263;-90.549484
5085612;-74.068726;-94.141159;-99.881454;-90.415718
5087605;-74.279434;-94.246658;-99.865685;-90.281067
5089608;-74.489388;-94.351212;-99.848915;-90.145523
5091605;-74.698624;-94.454834;-99.831161;-90.009079
5093601;-74.907127;-94.557533;-99.812408;-89.871758
5095648;-75.114883;-94.659294;-99.792686;-89.733543
5097632;-75.321899;-94.760117;-99.771973;-89.594444
5099626;-75.528183;-94.860016;-99.750282;-89.454468
5101626;-75.733711;-94.958969;-99.727592;-89.313591
5103623;-75.938477;-95.056984;-99.703934;-89.171860
5105651;-76.142525;-95.154068;-99.679276;-89.029221
5107607;-76.345787;-95.250214;-99.653648;-88.885727
5109609;-76.548302;-95.345398;-99.627045;-88.741364
5111608;-76.750092;-95.439674;-99.599442;-88.596085
5113606;-76.951096;-95.532990;-99.570862;-88.449959
5115612;-77.151337;-95.625359;-99.541298;-88.302971
5117644;-77.350845;-95.716797;-99.510742;-88.155075
5119638;-77.549561;-95.807281;-99.479225;-88.006340
5121626;-77.747513;-95.896820;-99.446709;-87.856743
5123626;-77.944717;-95.985420;-99.413216;-87.706245
5125630;-78.141136;-96.073059;-99.378738;-87.554901
5127640;-78.336807;-96.159767;-99.343285;-87.402679
5129610;-78.531677;-96.245514;-99.306847;-87.249611
5131609;-78.725777;-96.330307;-99.269440;-87.095688
5133610;-78.919121;-96.414169;-99.231033;-86.940872
5135612;-79.111656;-96.497063;-99.191666;-86.785233
5137609;-79.303444;-96.579018;-99.151306;-86.628708
5139643;-79.494415;-96.660004;-99.109970;-86.471352
5141628;-79.684639;-96.740044;-99.067665;-86.313118
5143629;-79.874046;-96.819130;-99.024376;-86.154060
5145630;-80.062660;-96.897247;-98.980118;-85.994156
5147627;-80.250511;-96.974426;-98.934868;-85.833366
5149643;-80.437546;-97.050636;-98.888657;-85.671768
5151610;-80.623817;-97.125900;-98.841461;-85.509285
5153607;-80.809258;-97.200195;-98.793289;-85.345993
5155610;-80.993912;-97.273529;-98.744141;-85.181854
5157605;-81.177780;-97.345917;-98.694016;-85.016846
5159606;-81.360832;-97.417328;-98.642921;-84.851036
5161646;-81.543098;-97.487793;-98.590858;-84.684349
5163626;-81.724533;-97.557281;-98.537811;-84.516861
5165623;-81.905197;-97.625824;-98.483795;-84.348511
5167624;-82.085022;-97.693375;-98.428818;-84.179352
5169627;-82.264038;-97.759979;-98.372864;-84.009361
5171644;-82.442261;-97.825623;-98.315933;-83.838524
5173608;-82.619652;-97.890305;-98.258041;-83.666885
5175607;-82.796249;-97.954010;-98.199165;-83.494377
5177611;-82.972008;-98.016754;-98.139336;-83.321083
5179604;-83.146942;-98.078514;-98.078522;-83.146973
5181659;-83.321091;-98.139336;-98.016754;-82.972008
5183644;-83.494377;-98.199158;-97.954010;-82.796249
5185634;-83.666878;-98.258034;-97.890297;-82.619652
5187631;-83.838524;-98.315933;-97.825623;-82.442261
5189627;-84.009369;-98.372864;-97.759987;-82.264038
5191626;-84.179352;-98.428818;-97.693382;-82.085022
5193637;-84.348511;-98.483803;-97.625824;-81.905197
5195616;-84.516838;-98.537804;-97.557289;-81.724564
5197605;-84.684326;-98.590836;-97.487793;-81.543121
5199610;-84.851006;-98.642906;-97.417343;-81.360855
5201608;-85.016823;-98.694008;-97.345924;-81.177811
5203646;-85.181801;-98.744125;-97.273552;-80.993965
5205612;-85.345963;-98.793274;-97.200203;-80.809280
5207609;-85.509262;-98.841438;-97.125916;-80.623840
5209608;-85.671738;-98.888641;-97.050644;-80.437576
5211609;-85.833344;-98.934868;-96.974442;-80.250542
5213604;-85.994102;-98.980095;-96.897278;-80.062714
5215646;-86.154037;-99.024368;-96.819138;-79.874069
5217633;-86.313095;-99.067650;-96.740051;-79.684669
5219628;-86.471329;-99.109962;-96.660011;-79.494438
5221627;-86.628685;-99.151299;-96.579025;-79.303467
5223625;-86.785210;-99.191650;-96.497070;-79.111687
5225645;-86.940849;-99.231026;-96.414169;-78.919136
5227608;-87.095634;-99.269417;-96.330330;-78.725830
5229613;-87.249588;-99.306831;-96.245529;-78.531708
5231604;-87.402657;-99.343269;-96.159782;-78.336838
5233606;-87.554878;-99.378731;-96.073074;-78.141167
5235608;-87.706215;-99.413208;-95.985428;-77.944740
5237645;-87.856689;-99.446693;-95.896843;-77.747559
5239632;-88.006317;-99.479202;-95.807289;-77.549583
5241627;-88.155052;-99.510735;-95.716812;-77.350868
5243629;-88.302948;-99.541290;-95.625374;-77.151360
5245633;-88.449944;-99.570854;-95.533005;-76.951126
5247651;-88.596085;-99.599434;-95.439682;-76.750092
5249634;-88.741333;-99.627029;-95.345413;-76.548325
5251628;-88.885704;-99.653648;-95.250229;-76.345810
5253625;-89.029221;-99.679276;-95.154076;-76.142525
5255630;-89.171837;-99.703926;-95.056999;-75.938507
5257643;-89.313599;-99.727592;-94.958969;-75.733704
5259607;-89.454453;-99.750275;-94.860016;-75.528191
5261611;-89.594421;-99.771973;-94.760132;-75.321930
5263604;-89.733536;-99.792686;-94.659302;-75.114891
5265610;-89.871742;-99.812408;-94.557549;-74.907150
5267605;-90.009079;-99.831154;-94.454834;-74.698639
5269646;-90.145508;-99.848907;-94.351219;-74.489418
5271633;-90.281067;-99.865685;-94.246658;-74.279427
5273627;-90.415703;-99.881454;-94.141167;-74.068741
5275630;-90.549461;-99.896255;-94.034752;-73.857323
5277625;-90.682343;-99.910072;-93.927406;-73.645142
5279641;-90.814308;-99.922905;-93.819138;-73.432259
5281608;-90.945396;-99.934738;-93.709930;-73.218628
5283603;-91.075569;-99.945595;-93.599815;-73.004303
5285611;-91.204849;-99.955460;-93.488777;-72.789261
5287605;-91.333237;-99.964340;-93.376793;-72.573463
5289715;-91.460709;-99.972237;-93.263916;-72.356987
5291629;-91.587296;-99.979149;-93.150078;-72.139763
5293624;-91.712967;-99.985069;-93.035355;-71.921860
5295629;-91.837738;-99.989998;-92.919693;-71.703217
5297622;-91.961601;-99.993958;-92.803146;-71.483887
5299630;-92.084541;-99.996910;-92.685661;-71.263863
5301637;-92.206596;-99.998894;-92.567261;-71.043098
5303605;-92.327705;-99.999878;-92.447975;-70.821701
5305608;-92.447945;-99.999878;-92.327736;-70.599533
5307605;-92.567245;-99.998894;-92.206612;-70.376709
5309603;-92.685638;-99.996918;-92.084572;-70.153191
5311645;-92.803131;-99.993958;-91.961609;-69.928940
5313612;-92.919693;-99.990005;-91.837753;-69.704033
5315604;-93.035355;-99.985077;-91.712975;-69.478409
5317604;-93.150070;-99.979149;-91.587311;-69.252136
5319606;-93.263885;-99.972244;-91.460739;-69.025169
5321608;-93.376785;-99.964348;-91.333244;-68.797493
5323644;-93.488747;-99.955467;-91.204880;-68.569168
5325633;-93.599800;-99.945595;-91.075584;-68.340134
5327627;-93.709923;-99.934746;-90.945412;-68.110466
5329623;-93.819130;-99.922905;-90.814323;-67.880081
5331630;-93.927399;-99.910080;-90.682358;-67.649063
5333648;-94.034737;-99.896263;-90.549500;-67.417381
5335608;-94.141159;-99.881462;-90.415718;-67.185005
5337606;-94.246643;-99.865685;-90.281075;-66.951988
5339608;-94.351212;-99.848907;-90.145523;-66.718285
5341608;-94.454834;-99.831161;-90.009094;-66.483963
5343611;-94.557526;-99.812408;-89.871773;-66.248970
5345645;-94.659294;-99.792686;-89.733551;-66.013290
5347631;-94.760117;-99.771973;-89.594460;-65.777000
5349626;-94.860016;-99.750282;-89.454468;-65.540024
5351624;-94.958969;-99.727600;-89.313614;-65.302444
5353626;-95.056999;-99.703941;-89.171860;-65.064171
5355648;-95.154068;-99.679291;-89.029243;-64.825294
5357610;-95.250206;-99.653656;-88.885750;-64.585785
5359610;-95.345413;-99.627037;-88.741348;-64.345589
5361611;-95.439674;-99.599442;-88.596107;-64.104805
5363606;-95.532997;-99.570862;-88.449959;-63.863350
5365640;-95.625374;-99.541298;-88.302963;-63.621307
5367611;-95.716789;-99.510742;-88.155098;-63.378632
5369612;-95.807289;-99.479218;-88.006332;-63.135292
5371607;-95.896828;-99.446709;-87.856735;-62.891365
5373607;-95.985428;-99.413216;-87.706238;-62.646782
5375609;-96.073074;-99.378738;-87.554901;-62.401615
5377650;-96.159782;-99.343285;-87.402672;-62.155796
5379628;-96.245522;-99.306847;-87.249603;-61.909401
5381627;-96.330322;-99.269440;-87.095680;-61.662399
5383626;-96.414177;-99.231033;-86.940872;-61.414749
5385631;-96.497070;-99.191666;-86.785233;-61.166527
5387640;-96.579018;-99.151306;-86.628708;-60.917671
5389616;-96.660011;-99.109978;-86.471352;-60.668243
5391604;-96.740044;-99.067673;-86.313141;-60.418217
5393605;-96.819138;-99.024376;-86.154053;-60.167564
5395606;-96.897255;-98.980110;-85.994148;-59.916348
5397608;-96.974442;-98.934868;-85.833366;-59.664505
5399642;-97.050652;-98.888657;-85.671761;-59.412109
5401626;-97.125916;-98.841454;-85.509285;-59.159096
5403626;-97.200203;-98.793282;-85.345985;-58.905529
5405628;-97.273544;-98.744141;-85.181847;-58.651386
5407629;-97.345924;-98.694016;-85.016838;-58.396626
5409643;-97.417343;-98.642937;-84.851028;-58.141327
5411610;-97.487793;-98.590866;-84.684372;-57.885456
5413607;-97.557281;-98.537827;-84.516884;-57.629005
5415608;-97.625809;-98.483818;-84.348557;-57.371990
5417609;-97.693382;-98.428825;-84.179375;-57.114376
5419643;-97.759987;-98.372879;-84.009384;-56.856232
5421615;-97.825630;-98.315941;-83.838539;-56.597485
5423610;-97.890297;-98.258049;-83.666901;-56.338223
5425610;-97.954010;-98.199173;-83.494400;-56.078362
5427605;-98.016754;-98.139343;-83.321114;-55.817993
5429604;-98.078522;-98.078537;-83.146988;-55.557072
5431637;-98.139336;-98.016762;-82.972031;-55.295555
5433607;-98.199165;-97.954025;-82.796272;-55.033539
5435611;-98.258034;-97.890305;-82.619675;-54.770935
5437603;-98.315933;-97.825638;-82.442284;-54.507839
5439603;-98.372856;-97.759995;-82.264076;-54.244198
5441647;-98.428818;-97.693390;-82.085045;-53.979988
5443610;-98.456429;-97.659737;-81.995232;-53.847694
5445608;-98.537811;-97.557289;-81.724564;-53.450001
5447614;-98.590858;-97.487801;-81.543121;-53.184235
5449605;-98.642929;-97.417336;-81.360855;-52.917904
5451603;-98.694023;-97.345932;-81.177811;-52.651096
5453643;-98.744133;-97.273552;-80.993950;-52.383762
5455637;-98.793289;-97.200211;-80.809280;-52.115868
5457629;-98.841454;-97.125916;-80.623833;-51.847504
5459626;-98.888657;-97.050652;-80.437569;-51.578594
5461628;-98.934868;-96.974442;-80.250534;-51.309212
5463644;-98.980103;-96.897270;-80.062706;-51.039322
5465612;-99.024376;-96.819130;-79.874062;-50.768883
5467605;-99.067665;-96.740059;-79.684654;-50.497990
5469604;-99.109978;-96.660004;-79.494438;-50.226559
5471603;-99.151306;-96.579025;-79.303459;-49.954670
5473604;-99.191666;-96.497070;-79.111679;-49.682247
5475651;-99.231033;-96.414169;-78.919136;-49.409370
5477631;-99.269424;-96.330330;-78.725815;-49.136013
5479629;-99.306847;-96.245522;-78.531693;-48.862125
5481632;-99.343285;-96.159782;-78.336830;-48.587803
5483629;-99.378738;-96.073067;-78.141151;-48.312950
5485649;-99.413208;-95.985428;-77.944740;-48.037670
5487610;-99.446701;-95.896843;-77.747559;-47.761913
5489612;-99.479218;-95.807289;-77.549576;-47.485645
5491606;-99.510742;-95.716805;-77.350861;-47.208942
5493607;-99.541298;-95.625374;-77.151344;-46.931736
5495609;-99.570862;-95.533005;-76.951111;-46.654110
5497651;-99.599442;-95.439690;-76.750114;-46.376026
5499633;-99.627037;-95.345413;-76.548317;-46.097439
5501627;-99.653656;-95.250221;-76.345810;-45.818443
5503630;-99.679283;-95.154068;-76.142517;-45.538944
5505631;-99.703934;-95.056992;-75.938492;-45.259045
5507648;-99.727600;-94.958969;-75.733696;-44.978653
5509610;-99.750282;-94.860016;-75.528183;-44.697865
5511605;-99.771973;-94.760132;-75.321922;-44.416630
5513604;-99.792686;-94.659302;-75.114891;-44.134918
5515604;-99.812408;-94.557541;-74.907143;-43.852810
5517605;-99.831161;-94.454834;-74.698624;-43.570225
5519646;-99.848907;-94.351234;-74.489441;-43.287300
5521626;-99.865677;-94.246674;-74.279480;-43.003906
5523631;-99.881462;-94.141182;-74.068764;-42.720039
5525628;-99.896263;-94.034775;-73.857346;-42.435802
5527626;-99.910072;-93.927406;-73.645157;-42.151093
5529645;-99.922905;-93.819145;-73.432281;-41.866016
5531606;-99.934746;-93.709938;-73.218658;-41.580482
5533604;-99.945602;-93.599823;-73.004326;-41.294582
5535608;-99.955460;-93.488785;-72.789276;-41.008274
5537609;-99.964348;-93.376801;-72.573486;-40.721519
5539609;-99.972244;-93.263916;-72.357010;-40.434402
5541647;-99.979149;-93.150093;-72.139786;-40.146847
5543630;-99.985069;-93.035370;-71.921883;-39.858932
5545626;-99.990005;-92.919724;-71.703262;-39.570629
5547625;-99.993958;-92.803154;-71.483910;-39.281891
5549626;-99.996910;-92.685669;-71.263885;-38.992809
5551646;-99.998894;-92.567268;-71.043114;-38.703300
5553614;-99.999878;-92.447960;-70.821686;-38.413452
5555611;-99.999878;-92.327728;-70.599518;-38.123180
5557603;-99.998894;-92.206604;-70.376694;-37.832581
5559610;-99.996918;-92.084564;-70.153168;-37.541599
5561606;-99.993958;-91.961601;-69.928925;-37.250210
5563646;-99.990013;-91.837753;-69.704025;-36.958492
5565631;-99.985077;-91.712967;-69.478394;-36.666370
5567629;-99.979149;-91.587296;-69.252121;-36.373924
5569627;-99.972244;-91.460732;-69.025154;-36.081123
5571629;-99.964348;-91.333237;-68.797478;-35.787922
5573736;-99.955467;-91.204872;-68.569160;-35.494415
5575634;-99.945602;-91.075577;-68.340126;-35.200508
5577626;-99.934746;-90.945396;-68.110451;-34.906300
5579627;-99.922905;-90.814316;-67.880074;-34.611702
5581625;-99.910080;-90.682343;-67.649063;-34.316811
5583622;-99.896263;-90.549484;-67.417374;-34.021576
5585647;-99.881462;-90.415710;-67.184990;-33.725964
5587633;-99.865685;-90.281067;-66.951981;-33.430061
5589628;-99.848907;-90.145508;-66.718277;-33.133785
5591630;-99.831161;-90.009079;-66.483948;-32.837227
5593624;-99.812416;-89.871773;-66.248962;-32.540344
5595650;-99.792686;-89.733543;-66.013283;-32.243095
5597606;-99.771973;-89.594452;-65.776993;-31.945574
5599605;-99.750282;-89.454460;-65.540016;-31.647694
5601609;-99.727600;-89.313606;-65.302429;-31.349543
5603610;-99.703934;-89.171844;-65.064156;-31.051041
5605608;-99.679283;-89.029228;-64.825287;-30.752274
5607648;-99.653656;-88.885727;-64.585770;-30.453205
5609630;-99.627037;-88.741341;-64.345581;-30.153790
5611624;-99.599442;-88.596092;-64.104797;-29.854124
5613624;-99.570862;-88.449951;-63.863342;-29.554117
5615628;-99.541298;-88.302956;-63.621288;-29.253864
5617647;-99.510750;-88.155083;-63.378620;-28.953323
5619630;-99.479218;-88.006332;-63.135277;-28.652454
5621632;-99.446709;-87.856720;-62.891354;-28.351339
5623631;-99.413208;-87.706223;-62.646763;-28.049904
5625629;-99.378738;-87.554886;-62.401604;-27.748236
5627739;-99.343285;-87.402710;-62.155853;-27.446342
5629630;-99.306854;-87.249619;-61.909424;-27.144087
5631631;-99.269440;-87.095695;-61.662418;-26.841608
5633625;-99.231041;-86.940887;-61.414772;-26.538816
5635629;-99.191666;-86.785240;-61.166550;-26.235807
5637627;-99.151314;-86.628716;-60.917694;-25.932497
5639646;-99.109985;-86.471359;-60.668270;-25.628975
5641626;-99.067673;-86.313156;-60.418247;-25.325203
5643627;-99.024384;-86.154076;-60.167587;-25.021135
5645635;-98.980118;-85.994164;-59.916370;-24.716864
5647627;-98.934868;-85.833374;-59.664528;-24.412302
5649641;-98.888657;-85.671776;-59.412148;-24.107546
5651611;-98.841461;-85.509323;-59.159161;-23.802553
5653614;-98.793289;-85.346001;-58.905560;-23.497278
5655606;-98.744148;-85.181854;-58.651413;-23.191816
5657604;-98.694023;-85.016861;-58.396656;-22.886082
5659604;-98.642937;-84.851036;-58.141350;-22.580166
5661645;-98.590866;-84.684357;-57.885437;-22.273981
5663631;-98.537827;-84.516869;-57.628994;-21.967623
5665634;-98.483810;-84.348541;-57.371975;-21.661049
5667627;-98.428825;-84.179367;-57.114365;-21.354216
5669627;-98.372871;-84.009377;-56.856216;-21.047215
5671648;-98.315941;-83.838531;-56.597473;-20.739962
5673605;-98.258049;-83.666893;-56.338207;-20.432550
5675605;-98.199181;-83.494415;-56.078392;-20.124937
5677606;-98.139343;-83.321091;-55.817986;-19.817080
5679605;-98.078537;-83.146980;-55.557053;-19.509069
5681610;-98.016754;-82.972023;-55.295540;-19.200823
5683648;-97.954025;-82.796265;-55.033527;-18.892435
5685634;-97.890312;-82.619667;-54.770927;-18.583813
5687632;-97.825638;-82.442276;-54.507828;-18.275051
5689630;-97.760002;-82.264069;-54.244186;-17.966112
5691630;-97.693398;-82.085030;-53.979969;-17.656950
5693644;-97.625824;-81.905205;-53.715263;-17.347656
5695608;-97.557297;-81.724556;-53.449989;-17.038151
5697605;-97.487801;-81.543114;-53.184223;-16.728516
5699607;-97.417351;-81.360863;-52.917934;-16.418722
5701606;-97.345924;-81.177795;-52.651077;-16.108715
5703647;-97.273552;-80.993942;-52.383751;-15.798600
5705612;-97.200203;-80.809265;-52.115856;-15.488280
5707605;-97.125916;-80.623833;-51.847500;-15.177855
5709605;-97.050652;-80.437561;-51.578583;-14.867234
5711608;-96.974442;-80.250526;-51.309196;-14.556512
5713607;-96.897270;-80.062698;-51.039303;-14.245646
5715649;-96.819138;-79.874054;-50.768875;-13.934594
5717628;-96.740051;-79.684647;-50.497978;-13.623447
5719631;-96.660011;-79.494438;-50.226547;-13.312123
5721626;-96.579018;-79.303452;-49.954659;-13.000715
5723628;-96.497086;-79.111694;-49.682274;-12.689177
5725647;-96.414177;-78.919128;-49.409367;-12.377469
5727617;-96.330330;-78.725815;-49.136002;-12.065681
5729607;-96.245522;-78.531685;-48.862118;-11.753729
5731606;-96.159782;-78.336815;-48.587791;-11.441710
5733612;-96.073074;-78.141144;-48.312943;-11.129528
5735610;-95.985443;-77.944763;-48.037701;-10.817334
5737645;-95.896851;-77.747574;-47.761940;-10.504982
5739633;-95.807304;-77.549599;-47.485668;-10.192481
5741631;-95.716820;-77.350876;-47.208969;-9.879929
5743624;-95.625381;-77.151375;-46.931774;-9.567231
5745627;-95.533012;-76.951126;-46.654148;-9.254485
5747646;-95.439697;-76.750130;-46.376053;-8.941645
5749610;-95.345428;-76.548347;-46.097469;-8.628673
5751607;-95.250237;-76.345840;-45.818474;-8.315664
5753613;-95.154083;-76.142532;-45.538975;-8.002522
5755606;-95.057007;-75.938515;-45.259075;-7.689351
5757664;-94.958984;-75.733719;-44.978683;-7.376054
5759642;-94.860039;-75.528206;-44.697891;-7.062733
5761631;-94.760147;-75.321945;-44.416664;-6.749347
5763627;-94.659309;-75.114906;-44.134949;-6.435842
5765628;-94.557556;-74.907166;-43.852840;-6.122318
5767627;-94.454849;-74.698654;-43.570255;-5.808687
5769647;-94.351234;-74.489433;-43.287292;-5.495053
5771635;-94.246681;-74.279472;-43.003891;-5.181360
5773625;-94.141182;-74.068748;-42.720032;-4.867568
5775627;-94.034767;-73.857323;-42.435791;-4.553777
5777628;-93.927414;-73.645142;-42.151081;-4.239893
5779744;-93.819145;-73.432274;-41.866005;-3.926015
5781636;-93.709961;-73.218681;-41.580513;-3.612101
5783633;-93.599823;-73.004318;-41.294571;-3.298101
5785626;-93.488785;-72.789276;-41.008263;-2.984113
5787624;-93.376801;-72.573486;-40.721504;-2.670053
5789621;-93.263916;-72.357002;-40.434387;-2.356008
5791647;-93.150093;-72.139778;-40.146832;-2.041897
5793607;-93.035370;-71.921875;-39.858921;-1.727813
5795614;-92.919724;-71.703255;-39.570618;-1.413712
5797602;-92.803154;-71.483902;-39.281879;-1.099551
5799604;-92.685677;-71.263878;-38.992802;-0.785425
5801661;-92.567268;-71.043106;-38.703289;-0.471240
5803645;-92.447960;-70.821678;-38.413437;-0.157103
5805630;-92.327744;-70.599548;-38.123215;0.157037
5807625;-92.206596;-70.376678;-37.832565;0.471225
5809627;-92.084564;-70.153168;-37.541588;0.785357
5811627;-91.961601;-69.928917;-37.250198;1.099530
5813642;-91.899780;-69.816551;-37.104382;1.256591
5815610;-91.712967;-69.478386;-36.666351;1.727799
5817608;-91.587296;-69.252106;-36.373909;2.041882
5819609;-91.460732;-69.025146;-36.081112;2.355942
5821604;-91.333237;-68.797462;-35.787907;2.670038
5823642;-91.204865;-68.569145;-35.494396;2.984050
5825608;-91.075569;-68.340111;-35.200493;3.298083
5827605;-90.945396;-68.110435;-34.906284;3.612032
5829609;-90.814331;-67.880096;-34.611732;3.925952
5831608;-90.682343;-67.649048;-34.316792;4.239875
5833603;-90.549484;-67.417358;-34.021561;4.553714
5835641;-90.415703;-67.184975;-33.725948;4.867554
5837611;-90.281067;-66.951973;-33.430046;5.181298
5839604;-90.145508;-66.718262;-33.133770;5.495036
5841608;-90.009079;-66.483925;-32.837208;5.808675
5843610;-89.871780;-66.248978;-32.540379;6.122208
5845612;-89.733559;-66.013306;-32.243126;6.435773
5847641;-89.594475;-65.777016;-31.945606;6.749230
5849627;-89.454475;-65.540031;-31.647718;7.062671
5851626;-89.313622;-65.302452;-31.349575;7.375991
5853629;-89.171890;-65.064224;-31.051115;7.689235
5855631;-89.029243;-64.825302;-30.752300;8.002457
5857646;-88.885750;-64.585793;-30.453236;8.315548
5859608;-88.741356;-64.345604;-30.153820;8.628607
5861606;-88.596107;-64.104820;-29.854155;8.941537
5863609;-88.449959;-63.863361;-29.554144;9.254423
5865609;-88.302971;-63.621319;-29.253897;9.567163
5867728;-88.155106;-63.378639;-28.953352;9.879816
5869631;-88.006340;-63.135303;-28.652477;10.192418
5871630;-87.856735;-62.891365;-28.351370;10.504871
5873627;-87.706238;-62.646782;-28.049931;10.817268
5875627;-87.554901;-62.401623;-27.748268;11.129514
5877626;-87.402702;-62.155842;-27.446327;11.441645
5879652;-87.249611;-61.909412;-27.144068;11.753711
5881629;-87.095680;-61.662407;-26.841587;12.065619
5883630;-86.940872;-61.414753;-26.538795;12.377453
5885628;-86.785233;-61.166538;-26.235794;12.689114
5887623;-86.628708;-60.917675;-25.932482;13.000697
5889647;-86.471352;-60.668255;-25.628960;13.312110
5891606;-86.313148;-60.418224;-25.325186;13.623386
5893609;-86.154060;-60.167568;-25.021114;13.934576
5895608;-85.994148;-59.916351;-24.716843;14.245587
5897605;-85.833374;-59.664516;-24.412287;14.556498
5899610;-85.671761;-59.412121;-24.107525;14.867219
5901643;-85.509315;-59.159149;-23.802540;15.177790
5903633;-85.345993;-58.905540;-23.497257;15.488264
5905636;-85.181847;-58.651394;-23.191797;15.798542
5907631;-85.016846;-58.396633;-22.886063;16.108704
5909630;-84.851036;-58.141335;-22.580147;16.418659
5911636;-84.684349;-57.885422;-22.273960;16.728508
5913643;-84.516861;-57.628979;-21.967602;17.038137
5915632;-84.348534;-57.371964;-21.661028;17.347599
5917625;-84.179352;-57.114346;-21.354198;17.656935
5919629;-84.009369;-56.856201;-21.047199;17.966049
5921624;-83.838524;-56.597458;-20.739946;18.275034
5923643;-83.666878;-56.338196;-20.432537;18.583792
5925607;-83.494408;-56.078373;-20.124918;18.892374
5927605;-83.321091;-55.817963;-19.817062;19.200808
5929606;-83.146973;-55.557037;-19.509060;19.509007
5931608;-82.972008;-55.295528;-19.200806;19.817062
5933662;-82.796249;-55.033504;-18.892420;20.124874
5935642;-82.619652;-54.770912;-18.583801;20.432535
5937632;-82.442261;-54.507805;-18.275034;20.739948
5939621;-82.264069;-54.244171;-17.966097;21.047157
5941631;-82.085022;-53.979950;-17.656929;21.354198
5943625;-81.905197;-53.715248;-17.347639;21.660986
5945644;-81.724533;-53.449966;-17.038128;21.967611
5947611;-81.543098;-53.184204;-16.728502;22.273966
5949605;-81.360855;-52.917908;-16.418699;22.580109
5951610;-81.177811;-52.651096;-16.108746;22.886023
5953610;-80.993965;-52.383770;-15.798632;23.191708
5955602;-80.809288;-52.115887;-15.488315;23.497215
5957644;-80.623840;-51.847519;-15.177881;23.802441
5959630;-80.437599;-51.578640;-14.867309;24.107441
5961626;-80.250534;-51.309216;-14.556536;24.412241
5963626;-80.062714;-51.039333;-14.245677;24.716755
5965628;-79.874077;-50.768898;-13.934621;25.021070
5967642;-79.684669;-50.498001;-13.623482;25.325098
5969608;-79.494446;-50.226570;-13.312152;25.628916
5971608;-79.303474;-49.954681;-13.000745;25.932434
5973608;-79.111710;-49.682297;-12.689203;26.235699
5975607;-78.919151;-49.409382;-12.377498;26.538757
5977614;-78.725830;-49.136021;-12.065715;26.841494
5979643;-78.531708;-48.862137;-11.753765;27.144028
5981630;-78.336838;-48.587811;-11.441737;27.446234
5983629;-78.141197;-48.313011;-11.129609;27.748173
5985631;-77.944756;-48.037685;-10.817322;28.049887
5987628;-77.747574;-47.761936;-10.504970;28.351276
5989642;-77.549591;-47.485657;-10.192463;28.652439
5991611;-77.350876;-47.208958;-9.879914;28.953262
5993609;-77.151367;-46.931755;-9.567213;29.253853
5995606;-76.951126;-46.654129;-9.254464;29.554104
5997606;-76.750122;-46.376045;-8.941629;29.854065
5999739;-76.548340;-46.097458;-8.628657;30.153774
6001636;-76.345825;-45.818459;-8.315647;30.453142
6003624;-76.142525;-45.538960;-8.002504;30.752260
6005626;-75.938507;-45.259064;-7.689330;31.051025
6007625;-75.733742;-44.978718;-7.376093;31.349480
6009627;-75.528191;-44.697876;-7.062716;31.647678
6011636;-75.321938;-44.416645;-6.749332;31.945511
6013613;-75.114906;-44.134937;-6.435829;32.243080
6015612;-74.907158;-43.852825;-6.122303;32.540287
6017609;-74.698639;-43.570240;-5.808675;32.837208
6019609;-74.489418;-43.287273;-5.495039;33.133770
6021735;-74.279465;-43.003876;-5.181345;33.430004
6023630;-74.068741;-42.720013;-4.867554;33.725948
6025630;-73.857323;-42.435772;-4.553762;34.021519
6027627;-73.645142;-42.151062;-4.239875;34.316795
6029629;-73.432266;-41.865993;-3.926003;34.611687
6031625;-73.218666;-41.580505;-3.612086;34.906239
6033641;-73.004303;-41.294552;-3.298077;35.200493
6035609;-72.789261;-41.008247;-2.984095;35.494354
6037611;-72.573471;-40.721489;-2.670035;35.787903
6039605;-72.356987;-40.434368;-2.355990;36.081062
6041608;-72.139763;-40.146812;-2.041879;36.373909
6043604;-71.921860;-39.858906;-1.727799;36.666351
6045645;-71.703247;-39.570599;-1.413697;36.958431
6047629;-71.483887;-39.281857;-1.099533;37.250195
6049627;-71.263863;-38.992779;-0.785410;37.541538
6051630;-71.043098;-38.703270;-0.471225;37.832561
6053626;-70.821671;-38.413425;-0.157088;38.123169
6055647;-70.599533;-38.123192;0.157055;38.413395
6057612;-70.376678;-37.832554;0.471237;38.703289
6059612;-70.153191;-37.541618;0.785324;38.992702
6061608;-69.928940;-37.250225;1.099503;39.281837
6063611;-69.704033;-36.958508;1.413617;39.570530
6065607;-69.478439;-36.666428;1.727718;39.858833
6067651;-69.252129;-36.373936;2.041852;40.146793
6069633;-69.025169;-36.081135;2.355912;40.434307
6071630;-68.797493;-35.787937;2.669999;40.721462
6073624;-68.569168;-35.494431;2.984017;41.008171
6075630;-68.340134;-35.200520;3.298053;41.294529
6077648;-68.110466;-34.906315;3.612003;41.580421
6079608;-67.880119;-34.611759;3.925922;41.865925
6081613;-67.649063;-34.316822;4.239851;42.151043
6083607;-67.417389;-34.021587;4.553685;42.435699
6085613;-67.185005;-33.725975;4.867524;42.719994
6087607;-66.951988;-33.430073;5.181271;43.003807
6089645;-66.718323;-33.133842;5.494955;43.287205
6091623;-66.483955;-32.837238;5.808645;43.570213
6093623;-66.248970;-32.540356;6.122226;43.852760
6095630;-66.013298;-32.243111;6.435794;44.134903
6097630;-65.777000;-31.945583;6.749254;44.416584
6099642;-65.540024;-31.647709;7.062685;44.697849
6101609;-65.302437;-31.349554;7.376009;44.978649
6103605;-65.064201;-31.051100;7.689259;45.258991
6105613;-64.825294;-30.752289;8.002475;45.538937
6107610;-64.585785;-30.453215;8.315569;45.818390
6109602;-64.345589;-30.153803;8.628628;46.097427
6111643;-64.104805;-29.854137;8.941558;46.375973
6113628;-63.863392;-29.554176;9.254390;46.654064
6115629;-63.621307;-29.253881;9.567186;46.931728
6117624;-63.378628;-28.953335;9.879833;47.208889
6119623;-63.135292;-28.652468;10.192436;47.485630
6121644;-62.891365;-28.351358;10.504887;47.761856
6123612;-62.646778;-28.049913;10.817286;48.037659
6125604;-62.401615;-27.748251;11.129525;48.312939
6127608;-62.155830;-27.446308;11.441666;48.587746
6129605;-61.909401;-27.144051;11.753729;48.862118
6131607;-61.662399;-26.841578;12.065631;49.135956
6133647;-61.414749;-26.538780;12.377468;49.409363
6135629;-61.166527;-26.235771;12.689132;49.682236
6137626;-60.917706;-25.932512;13.000668;49.954613
6139628;-60.668243;-25.628944;13.312125;50.226547
6141623;-60.418217;-25.325171;13.623405;50.497936
6143644;-60.167564;-25.021103;13.934591;50.768864
6145606;-59.916348;-24.716827;14.245600;51.039268
6147609;-59.664505;-24.412271;14.556515;51.309204
6149612;-59.412109;-24.107510;14.867237;51.578583
6151613;-59.159134;-23.802525;15.177814;51.847458
6153657;-58.905529;-23.497242;15.488288;52.115856
6155644;-58.651386;-23.191786;15.798551;52.383701
6157629;-58.396626;-22.886053;16.108721;52.651077
6159625;-58.141327;-22.580135;16.418678;52.917892
6161622;-57.885448;-22.273996;16.728474;53.184174
6163629;-57.628967;-21.967587;17.038145;53.449989
6165641;-57.371990;-21.661064;17.347563;53.715179
6167613;-57.114376;-21.354231;17.656898;53.979927
6169613;-56.856228;-21.047228;17.966021;54.244102
6171607;-56.597485;-20.739973;18.275007;54.507782
6173605;-56.338223;-20.432562;18.583765;54.770882
6175609;-56.078403;-20.124949;18.892342;55.033447
6177647;-55.817993;-19.817093;19.200775;55.295502
6179631;-55.557068;-19.509081;19.508982;55.556976
6181625;-55.295555;-19.200838;19.817028;55.817940
6183628;-55.033539;-18.892448;20.124844;56.078308
6185626;-54.770977;-18.583870;20.432461;56.338131
6187646;-54.507839;-18.275070;20.739910;56.597431
6189628;-54.244198;-17.966127;21.047125;56.856136
6191626;-53.979980;-17.656961;21.354168;57.114315
6193624;-53.715279;-17.347673;21.660957;57.371902
6195630;-53.450001;-17.038164;21.967579;57.628952
6197644;-53.184235;-16.728533;22.273932;57.885395
6199607;-52.917946;-16.418737;22.580072;58.141266
6201608;-52.651096;-16.108734;22.886034;58.396614
6203604;-52.383762;-15.798616;23.191721;58.651329
6205606;-52.115868;-15.488294;23.497231;58.905514
6207606;-51.847504;-15.177867;23.802462;59.159081
6209652;-51.578636;-14.867297;24.107452;59.412064
6211630;-51.309212;-14.556524;24.412256;59.664494
6213629;-51.039322;-14.245659;24.716770;59.916294
6215629;-50.768887;-13.934609;25.021082;60.167538
6217624;-50.497990;-13.623465;25.325111;60.418163
6219642;-50.226559;-13.312138;25.628927;60.668224
6221610;-49.954666;-13.000730;25.932451;60.917652
6223608;-49.682285;-12.689188;26.235723;61.166477
6225603;-49.409370;-12.377480;26.538769;61.414730
6227608;-49.136013;-12.065694;26.841513;61.662346
6229613;-48.862125;-11.753741;27.144035;61.909382
6231647;-48.587799;-11.441723;27.446253;62.155777
6233631;-48.312996;-11.129588;27.748194;62.401569
6235631;-48.037670;-10.817298;28.049908;62.646770
6237627;-47.761909;-10.504950;28.351297;62.891312
6239623;-47.485641;-10.192448;28.652447;63.135273
6241645;-47.208942;-9.879896;28.953276;63.378578
6243609;-46.931778;-9.567243;29.253817;63.621254
6245606;-46.654110;-9.254447;29.554123;63.863342
6247606;-46.376026;-8.941611;29.854076;64.104752
6249608;-46.097439;-8.628636;30.153795;64.345581
6251608;-45.818439;-8.315629;30.453163;64.585724
6253642;-45.538944;-8.002487;30.752272;64.825287
6255629;-45.259045;-7.689315;31.051043;65.064156
6257623;-44.978695;-7.376066;31.349499;65.302391
6259623;-44.697865;-7.062700;31.647694;65.540009
6261628;-44.416630;-6.749308;31.945530;65.776947
6263639;-44.134918;-6.435809;32.243095;66.013275
6265610;-43.852810;-6.122282;32.540302;66.248924
6267605;-43.570271;-5.808705;32.837185;66.483910
6269613;-43.287258;-5.495018;33.133785;66.718277
6271610;-43.003864;-5.181327;33.430016;66.951942
6273648;-42.720039;-4.867583;33.725914;67.184952
6275611;-42.435799;-4.553789;34.021492;67.417305
6277610;-42.151093;-4.239908;34.316765;67.649017
6279605;-41.866016;-3.926030;34.611660;67.880043
6281609;-41.580528;-3.612110;34.906216;68.110382
6283608;-41.294582;-3.298110;35.200466;68.340088
6285646;-41.008274;-2.984124;35.494331;68.569092
6287632;-40.721519;-2.670064;35.787880;68.797447
6289629;-40.434402;-2.356023;36.081043;69.025093
6291626;-40.146889;-2.041957;36.373840;69.252052
6293626;-39.858932;-1.727825;36.666328;69.478363
6295750;-39.570629;-1.413724;36.958401;69.703957
6297631;-39.281891;-1.099563;37.250168;69.928894
6299627;-38.992809;-0.785434;37.541512;70.153107
6301629;-38.703300;-0.471255;37.832535;70.376663
6303625;-38.413452;-0.157115;38.123138;70.599487
6305627;-38.123226;0.157025;38.413368;70.821625
6307646;-37.832577;0.471210;38.703259;71.043083
6309632;-37.541599;0.785348;38.992725;71.263817
6311627;-37.250210;1.099518;39.281853;71.483871
6313629;-36.958492;1.413634;39.570541;71.703201
6315630;-36.666412;1.727736;39.858852;71.921814
6317650;-36.373924;2.041870;40.146809;72.139755
6319609;-36.081123;2.355933;40.434319;72.356949
6321609;-35.787922;2.670023;40.721478;72.573456
6323604;-35.494415;2.984035;41.008186;72.789215
6325602;-35.200508;3.298068;41.294540;73.004295
6327603;-34.906300;3.612020;41.580444;73.218620
6329649;-34.611748;3.925937;41.865929;73.432220
6331629;-34.316807;4.239863;42.151051;73.645126
6333632;-34.021576;4.553699;42.435719;73.857285
6335629;-33.725964;4.867539;42.720001;74.068733
6337628;-33.430061;5.181283;43.003822;74.279419
6339645;-33.133827;5.494976;43.287216;74.489372
6341609;-32.837227;5.808663;43.570232;74.698631
6343605;-32.540344;6.122241;43.852772;74.907112
6345609;-32.243095;6.435809;44.134914;75.114891
6347604;-31.945574;6.749263;44.416588;75.321892
6349609;-31.647692;7.062706;44.697868;75.528183
6351643;-31.349543;7.376027;44.978661;75.733696
6353630;-31.051085;7.689273;45.259007;75.938469
6355631;-30.752274;8.002490;45.538948;76.142517
6357627;-30.453205;8.315587;45.818401;76.345787
6359625;-30.153790;8.628643;46.097443;76.548317
6361645;-29.854124;8.941570;46.375992;76.750084
6363610;-29.554165;9.254405;46.654076;76.951088
6365608;-29.253864;9.567198;46.931736;77.151352
6367609;-28.953323;9.879851;47.208908;77.350830
6369609;-28.652451;10.192451;47.485649;77.549583
6371609;-28.351339;10.504905;47.761871;77.747520
6373647;-28.049904;10.817305;48.037674;77.944740
6375632;-27.748236;11.129549;48.312958;78.141159
6377629;-27.446297;11.441678;48.587757;78.336792
6379625;-27.144039;11.753747;48.862129;78.531693
6381626;-26.841604;12.065604;49.135933;78.725761
6383648;-26.538816;12.377435;49.409328;78.919106
6385610;-26.235809;12.689098;49.682201;79.111649
6387605;-25.932545;13.000637;49.954586;79.303406
6389603;-25.628975;13.312099;50.226521;79.494415
6391605;-25.325203;13.623373;50.497913;79.684601
6393604;-25.021133;13.934565;50.768845;79.874039
6395644;-24.716862;14.245568;51.039242;80.062653
6397629;-24.412348;14.556437;51.309132;80.250481
6399625;-24.107544;14.867206;51.578556;80.437538
6401628;-23.802551;15.177780;51.847435;80.623779
6403627;-23.497276;15.488252;52.115833;80.809250
6405641;-23.191816;15.798526;52.383686;80.993896
6407607;-22.886080;16.108690;52.651058;81.177780
6409604;-22.580164;16.418648;52.917870;81.360825
6411611;-22.274027;16.728441;53.184158;81.543060
6413609;-21.967623;17.038120;53.449966;81.724533
6415646;-21.661047;17.347584;53.715206;81.905159
6417613;-21.354214;17.656921;53.979946;82.085014
6419604;-21.047215;17.966036;54.244125;82.264030
6421608;-20.740007;18.274977;54.507755;82.442230
6423606;-20.432549;18.583784;54.770905;82.619652
6425607;-20.124935;18.892359;55.033463;82.796219
6427646;-19.817076;19.200794;55.295521;82.972000
6429627;-19.509069;19.508999;55.556995;83.146942
6431630;-19.200823;19.817049;55.817955;83.321083
6433629;-18.892433;20.124861;56.078327;83.494370
6435631;-18.583858;20.432472;56.338142;83.666847
6437644;-18.275051;20.739933;56.597454;83.838524
6439611;-17.966110;21.047140;56.856155;84.009338
6441607;-17.656948;21.354185;57.114338;84.179344
6443608;-17.347656;21.660975;57.371914;84.348503
6445616;-17.038193;21.967550;57.628937;84.516830
6447607;-16.728516;22.273954;57.885414;84.684349
6449648;-16.418720;22.580090;58.141293;84.851006
6451635;-16.108715;22.886055;58.396626;85.016846
6453627;-15.798600;23.191742;58.651344;85.181824
6455630;-15.488279;23.497250;58.905537;85.345985
6457626;-15.177855;23.802475;59.159096;85.509285
6459652;-14.867279;24.107471;59.412079;85.671738
6461611;-14.556509;24.412275;59.664513;85.833366
6463608;-14.245645;24.716789;59.916317;85.994125
6465613;-13.934591;25.021107;60.167564;86.154060
6467612;-13.623447;25.325129;60.418182;86.313118
6469665;-13.312168;25.628904;60.668205;86.471321
6471640;-13.000711;25.932472;60.917671;86.628708
6473627;-12.689175;26.235735;61.166489;86.785202
6475626;-12.377464;26.538786;61.414742;86.940865
6477628;-12.065679;26.841534;61.662365;87.095657
6479627;-11.753728;27.144056;61.909401;87.249603
6481642;-11.441707;27.446270;62.155800;87.402672
6483605;-11.129574;27.748209;62.401581;87.554871
6485604;-10.817284;28.049923;62.646778;87.706230
6487608;-10.504933;28.351313;62.891327;87.856705
6489604;-10.192480;28.652424;63.135250;88.006310
6491737;-9.879926;28.953251;63.378555;88.155052
6493641;-9.567274;29.253790;63.621227;88.302910
6495633;-9.254481;29.554087;63.863319;88.449936
6497625;-8.941644;29.854050;64.104736;88.596054
6499627;-8.628671;30.153763;64.345558;88.741325
6501629;-8.315660;30.453133;64.585709;88.885704
6503646;-8.002520;30.752247;64.825264;89.029221
6505610;-7.689348;31.051012;65.064140;89.171829
6507603;-7.376100;31.349468;65.302368;89.313576
6509605;-7.062732;31.647665;65.539993;89.454445
6511606;-6.749341;31.945499;65.776932;89.594421
6513606;-6.435838;32.243069;66.013252;89.733528
6515648;-6.122317;32.540272;66.248901;89.871735
6517630;-5.808736;32.837154;66.483887;90.009048
6519629;-5.495050;33.133759;66.718254;90.145500
6521623;-5.181358;33.429989;66.951927;90.281029
6523629;-4.867567;33.725937;67.184975;90.415703
6525651;-4.553775;34.021507;67.417320;90.549454
6527613;-4.239939;34.316738;67.649002;90.682312
6529608;-3.926013;34.611675;67.880051;90.814301
6531604;-3.612096;34.906231;68.110397;90.945366
6533609;-3.298096;35.200481;68.340103;91.075562
6535612;-2.984111;35.494339;68.569099;91.204834
6537642;-2.670048;35.787895;68.797462;91.333229
6539629;-2.356008;36.081055;69.025101;91.460701
6541626;-2.041943;36.373856;69.252060;91.587273
6543625;-1.727811;36.666344;69.478378;91.712959
6545631;-1.413710;36.958416;69.703964;91.837715
6547647;-1.099547;37.250183;69.928909;91.961586
6549609;-0.785421;37.541531;70.153114;92.084534
6551606;-0.471287;37.832508;70.376640;92.206573
6553607;-0.157100;38.123154;70.599503;92.327721
6555612;0.157080;38.413418;70.821663;92.447952
6557667;0.471237;38.703285;71.043106;92.567261
6559642;0.785390;38.992767;71.263847;92.685661
6561630;1.099535;39.281868;71.483894;92.803139
6563627;1.256604;39.426270;71.593643;92.861542
6565629;1.727790;39.858902;71.921852;93.035355
6567627;2.041893;40.146828;72.139778;93.150085
6569643;2.355976;40.434361;72.356972;93.263893
6571614;2.670036;40.721493;72.573471;93.376793
6573609;2.984070;41.008221;72.789246;93.488762
6575599;3.298074;41.294544;73.004303;93.599808
6577605;3.612046;41.580467;73.218636;93.709930
6579604;3.925981;41.865971;73.432251;93.819130
6581646;4.239879;42.151066;73.645142;93.927399
6583630;4.553734;42.435749;73.857300;94.034752
6585630;4.867544;42.720005;74.068741;94.141167
6587628;5.181307;43.003841;74.279434;94.246658
6589629;5.495018;43.287258;74.489403;94.351212
6591647;5.808674;43.570244;74.698639;94.454834
6593611;6.122274;43.852798;74.907135;94.557533
6595608;6.435814;44.134926;75.114891;94.659302
6597608;6.749289;44.416611;75.321907;94.760124
6599611;7.062697;44.697861;75.528183;94.860016
6601604;7.376038;44.978668;75.733711;94.958969
6603644;7.689305;45.259033;75.938484;95.056992
6605629;8.002495;45.538948;76.142517;95.154068
6607630;8.315607;45.818420;76.345795;95.250214
6609622;8.628635;46.097435;76.548317;95.345413
6611621;8.941581;46.375996;76.750092;95.439682
6613644;9.254436;46.654102;76.951103;95.532997
6615610;9.567202;46.931747;77.151352;95.625374
6617609;9.879873;47.208923;77.350845;95.716805
6619609;10.192444;47.485638;77.549576;95.807289
6621608;10.504917;47.761883;77.747536;95.896828
6623607;10.817286;48.037659;77.944725;95.985428
6625647;11.129548;48.312958;78.141159;96.073067
6627633;11.441700;48.587780;78.336807;96.159775
6629631;11.753738;48.862122;78.531685;96.245522
6631628;12.065662;49.135986;78.725800;96.330322
6633625;12.377467;49.409359;78.919128;96.414169
6635646;12.689150;49.682247;79.111679;96.497063
6637615;13.000705;49.954647;79.303444;96.579018
6639610;13.312133;50.226551;79.494438;96.660004
6641603;13.623430;50.497963;79.684631;96.740051
6643604;13.934594;50.768875;79.874054;96.819138
6645646;14.245617;51.039284;80.062683;96.897255
6647612;14.556500;51.309193;80.250519;96.974434
6649611;14.867243;51.578594;80.437561;97.050652
6651607;15.177837;51.847481;80.623817;97.125908
6653607;15.488280;52.115856;80.809273;97.200203
6655607;15.798573;52.383728;80.993927;97.273544
6657645;16.108707;52.651070;81.177780;97.345917
6659633;16.418684;52.917896;81.360847;97.417336
6661626;16.728498;53.184204;81.543098;97.487793
6663627;17.038149;53.449989;81.724556;97.557289
6665633;17.347628;53.715240;81.905190;97.625824
6667643;17.656937;53.979958;82.085022;97.693382
6669609;17.966076;54.244156;82.264046;97.759995
6671603;18.275032;54.507805;82.442268;97.825630
6673608;18.583811;54.770924;82.619667;97.890305
6675607;18.892406;55.033501;82.796249;97.954010
6677610;19.200811;55.295532;82.972015;98.016754
6679649;19.509031;55.557018;83.146965;98.078522
6681630;19.817057;55.817963;83.321083;98.139336
6683622;20.124889;56.078350;83.494392;98.199173
6685627;20.432520;56.338184;83.666878;98.258041
6687626;20.739950;56.597466;83.838531;98.315933
6689641;21.047176;56.856186;84.009354;98.372864
6691612;21.354193;57.114346;84.179352;98.428818
6693602;21.660999;57.371937;84.348526;98.483810
6695609;21.967592;57.628967;84.516861;98.537819
6697611;22.273970;57.885426;84.684357;98.590866
6699648;22.580126;58.141315;84.851021;98.642929
6701604;22.886059;58.396633;85.016846;98.694023
6703603;23.191769;58.651375;85.181839;98.744141
6705606;23.497246;58.905529;85.345985;98.793282
6707601;23.802494;59.159111;85.509285;98.841454
6709607;24.107506;59.412106;85.671745;98.888649
6711642;24.412279;59.664513;85.833374;98.934868
6713627;24.716812;59.916328;85.994133;98.980110
6715629;25.021099;60.167564;86.154053;99.024376
6717627;25.325144;60.418194;86.313126;99.067665
6719625;25.628939;60.668236;86.471344;99.109978
6721642;25.932476;60.917675;86.628708;99.151306
6723608;26.235760;61.166512;86.785217;99.191658
6725607;26.538784;61.414749;86.940872;99.231033
6727606;26.841545;61.662369;87.095665;99.269424
6729606;27.144045;61.909389;87.249603;99.306847
6731609;27.446274;62.155807;87.402679;99.343285
6733643;27.748230;62.401592;87.554886;99.378738
6735630;28.049919;62.646782;87.706230;99.413216
6737626;28.351324;62.891342;87.856712;99.446701
6739624;28.652456;63.135277;88.006332;99.479218
6741630;28.953299;63.378597;88.155075;99.510742
6743647;29.253859;63.621288;88.302956;99.541298
6745614;29.554132;63.863350;88.449951;99.570862
6747610;29.854111;64.104782;88.596085;99.599434
6749609;30.153793;64.345589;88.741341;99.627037
6751605;30.453184;64.585754;88.885727;99.653656
6753606;30.752268;64.825279;89.029228;99.679283
6755646;31.051052;65.064171;89.171860;99.703941
6757628;31.349527;65.302414;89.313599;99.727592
6759625;31.647697;65.540016;89.454468;99.750282
6761627;31.945551;65.776970;89.594444;99.771973
6763625;32.243092;66.013275;89.733543;99.792686
6765641;32.540310;66.248932;89.871750;99.812408
6767608;32.837208;66.483925;90.009079;99.831161
6769601;33.133785;66.718277;90.145508;99.848907
6771610;33.430038;66.951965;90.281059;99.865677
6773610;33.725952;67.184982;90.415710;99.881454
6775606;34.021542;67.417351;90.549477;99.896263
6777642;34.316792;67.649040;90.682343;99.910065
6779632;34.611706;67.880074;90.814316;99.922905
6781628;34.906273;68.110428;90.945396;99.934746
6783627;35.200500;68.340126;91.075577;99.945602
6785626;35.494377;68.569130;91.204857;99.955460
6787643;35.787907;68.797470;91.333237;99.964348
6789610;36.081081;69.025124;91.460716;99.972244
6791611;36.373901;69.252098;91.587296;99.979149
6793606;36.666363;69.478394;91.712967;99.985077
6795603;36.958458;69.703995;91.837730;99.990013
6797659;37.250191;69.928917;91.961601;99.993950
6799643;37.541557;70.153137;92.084549;99.996918
6801631;37.832550;70.376678;92.206596;99.998894
6803626;38.123173;70.599518;92.327728;99.999878
6805626;38.413418;70.821655;92.447952;99.999878
6807631;38.703281;71.043106;92.567268;99.998894
6809642;38.992767;71.263847;92.685661;99.996910
6811631;39.281864;71.483887;92.803146;99.993958
6813621;39.570580;71.703224;92.919708;99.989998
6815629;39.858898;71.921852;93.035355;99.985069
6817623;40.146824;72.139763;93.150093;99.979149
6819642;40.434357;72.356972;93.263901;99.972237
6821609;40.721493;72.573463;93.376793;99.964340
6823609;41.008221;72.789238;93.488762;99.955460
6825604;41.294548;73.004303;93.599808;99.945602
6827606;41.580467;73.218628;93.709930;99.934731
6829607;41.865971;73.432251;93.819130;99.922897
6831642;42.151066;73.645142;93.927406;99.910072
6833629;42.435749;73.857300;94.034752;99.896263
6835628;42.720005;74.068733;94.141167;99.881462
6837626;43.003841;74.279427;94.246651;99.865677
6839623;43.287258;74.489403;94.351212;99.848907
6841647;43.570240;74.698639;94.454834;99.831154
6843611;43.852798;74.907135;94.557533;99.812408
6845611;44.134922;75.114891;94.659294;99.792686
6847609;44.416611;75.321907;94.760117;99.771965
6849608;44.697861;75.528175;94.860016;99.750275
6851744;44.978668;75.733704;94.958969;99.727592
6853631;45.259033;75.938484;95.056984;99.703926
6855626;45.538948;76.142517;95.154068;99.679283
6857626;45.818417;76.345787;95.250214;99.653648
6859629;46.097435;76.548317;95.345413;99.627029
6861628;46.375996;76.750092;95.439674;99.599434
6863637;46.654099;76.951096;95.532990;99.570847
6865608;46.931744;77.151352;95.625366;99.541290
6867607;47.208927;77.350845;95.716797;99.510735
6869605;47.485634;77.549568;95.807281;99.479210
6871609;47.761883;77.747536;95.896820;99.446693
6873646;48.037659;77.944733;95.985428;99.413208
6875610;48.312958;78.141151;96.073067;99.378731
6877601;48.587780;78.336807;96.159767;99.343277
6879606;48.862122;78.531685;96.245514;99.306839
6881607;49.135986;78.725792;96.330322;99.269424
6883605;49.409363;78.919128;96.414169;99.231026
6885644;49.682243;79.111671;96.497070;99.191658
6887632;49.954647;79.303444;96.579010;99.151299
6889630;50.226551;79.494431;96.660004;99.109970
6891627;50.497963;79.684631;96.740044;99.067657
6893625;50.768871;79.874054;96.819130;99.024368
6895645;51.039284;80.062675;96.897255;98.980103
6897613;51.309193;80.250511;96.974434;98.934868
6899611;51.578583;80.437553;97.050636;98.888649
6901603;51.847477;80.623802;97.125900;98.841446
6903606;52.115856;80.809265;97.200203;98.793282
6905609;52.383720;80.993927;97.273544;98.744133
6907648;52.651070;81.177780;97.345909;98.694016
6909631;52.917896;81.360840;97.417328;98.642914
6911627;53.184204;81.543098;97.487793;98.590858
6913625;53.449982;81.724541;97.557281;98.537811
6915630;53.715237;81.905190;97.625816;98.483803
6917643;53.979958;82.085022;97.693382;98.428818
6919616;54.244156;82.264046;97.759995;98.372856
6921612;54.507809;82.442261;97.825623;98.315933
6923612;54.770924;82.619652;97.890305;98.258034
6925605;55.033501;82.796242;97.954010;98.199165
6927662;55.295532;82.972008;98.016754;98.139336
6929644;55.557018;83.146957;98.078522;98.078522
6931628;55.817963;83.321083;98.139336;98.016754
6933633;56.078350;83.494392;98.199165;97.954010
6935628;56.338184;83.666870;98.258041;97.890305
6937627;56.597466;83.838524;98.315933;97.825623
6939643;56.856178;84.009346;98.372864;97.759995
6941606;57.114338;84.179344;98.428810;97.693382
6943608;57.371937;84.348518;98.483803;97.625816
6945604;57.628967;84.516846;98.537811;97.557281
6947604;57.885426;84.684349;98.590858;97.487793
6949648;58.141319;84.851021;98.642921;97.417328
6951605;58.396633;85.016838;98.694016;97.345909
6953607;58.651371;85.181831;98.744133;97.273544
6955606;58.905529;85.345978;98.793282;97.200203
6957603;59.159111;85.509285;98.841461;97.125900
6959610;59.412106;85.671745;98.888649;97.050644
6961648;59.664516;85.833366;98.934868;96.974426
6963632;59.916336;85.994133;98.980103;96.897263
6965629;60.167557;86.154053;99.024368;96.819130
6967626;60.418190;86.313118;99.067665;96.740051
6969630;60.668228;86.471336;99.109970;96.660004
6971649;60.917671;86.628708;99.151299;96.579018
6973605;61.166508;86.785217;99.191658;96.497070
6975610;61.414749;86.940872;99.231041;96.414169
6977604;61.662376;87.095665;99.269432;96.330330
6979607;61.909389;87.249596;99.306847;96.245529
6981613;62.155800;87.402664;99.343277;96.159775
6983646;62.401592;87.554878;99.378738;96.073082
6985632;62.646778;87.706230;99.413216;95.985428
6987627;62.891342;87.856712;99.446701;95.896828
6989627;63.135277;88.006332;99.479210;95.807289
6991624;63.378597;88.155075;99.510742;95.716805
6993644;63.621284;88.302948;99.541290;95.625374
6995611;63.863350;88.449951;99.570862;95.533005
6997612;64.104782;88.596085;99.599442;95.439682
6999608;64.345589;88.741341;99.627045;95.345421
7001605;64.585754;88.885727;99.653648;95.250214
7003643;64.825279;89.029228;99.679283;95.154076
7005604;65.064171;89.171852;99.703934;95.056984
7007610;65.302414;89.313599;99.727600;94.958977
7009608;65.540009;89.454460;99.750282;94.860023
7011604;65.776978;89.594444;99.771973;94.760124
7013608;66.013275;89.733543;99.792686;94.659294
7015650;66.248932;89.871750;99.812408;94.557533
7017631;66.483932;90.009071;99.831154;94.454834
7019629;66.718277;90.145515;99.848915;94.351219
7021625;66.951958;90.281044;99.865677;94.246658
7023627;67.184982;90.415703;99.881462;94.141174
7025642;67.417351;90.549477;99.896263;94.034752
7027610;67.649040;90.682343;99.910080;93.927406
7029609;67.880074;90.814316;99.922905;93.819138
7031614;68.110428;90.945396;99.934746;93.709930
7033610;68.340118;91.075569;99.945595;93.599808
7035611;68.569130;91.204857;99.955467;93.488762
7037650;68.797462;91.333229;99.964348;93.376793
7039630;69.025124;91.460716;99.972237;93.263901
7041627;69.252098;91.587288;99.979149;93.150093
7043624;69.478394;91.712967;99.985077;93.035355
7045628;69.703995;91.837730;99.990013;92.919708
7047641;69.928909;91.961586;99.993958;92.803146
7049632;70.153137;92.084541;99.996910;92.685661
7051628;70.376678;92.206589;99.998894;92.567268
7053624;70.599518;92.327728;99.999878;92.447952
7055632;70.821655;92.447945;99.999870;92.327728
7057623;71.043106;92.567253;99.998878;92.206589
7059648;71.263847;92.685661;99.996910;92.084541
7061605;71.483887;92.803131;99.993950;91.961586
7063604;71.703224;92.919701;99.990013;91.837730
7065606;71.921852;93.035355;99.985077;91.712967
7067603;72.139778;93.150093;99.979149;91.587288
7069615;72.356972;93.263893;99.972237;91.460709
7071643;72.573471;93.376793;99.964348;91.333237
7073630;72.789238;93.488762;99.955460;91.204849
7075631;73.004303;93.599808;99.945602;91.075577
7077629;73.218636;93.709930;99.934746;90.945396
7079627;73.432251;93.819138;99.922905;90.814316
7081647;73.645142;93.927399;99.910072;90.682343
7083607;73.857300;94.034752;99.896263;90.549484
7085605;74.068741;94.141174;99.881462;90.415703
7087604;74.279442;94.246658;99.865685;90.281059
7089610;74.489403;94.351212;99.848915;90.145515
7091608;74.698639;94.454834;99.831154;90.009071
7093645;74.907135;94.557533;99.812408;89.871750
7095633;75.114891;94.659302;99.792686;89.733543
7097624;75.321915;94.760124;99.771973;89.594444
7099627;75.528183;94.860016;99.750282;89.454460
7101627;75.733711;94.958969;99.727600;89.313599
7103642;75.938484;95.056984;99.703934;89.171852
7105614;76.142517;95.154068;99.679291;89.029236
7107615;76.345795;95.250214;99.653656;88.885727
7109607;76.548325;95.345421;99.627045;88.741341
7111609;76.750092;95.439674;99.599442;88.596085
7113738;76.951103;95.532997;99.570862;88.449951
7115638;77.151352;95.625374;99.541290;88.302956
7117630;77.350845;95.716797;99.510735;88.155067
7119626;77.549568;95.807281;99.479210;88.006332
7121627;77.747536;95.896828;99.446701;87.856720
7123630;77.944733;95.985428;99.413208;87.706230
7125644;78.141159;96.073074;99.378738;87.554886
7127630;78.336807;96.159767;99.343285;87.402679
7129630;78.531693;96.245529;99.306847;87.249603
7131628;78.725800;96.330322;99.269424;87.095665
7133625;78.919128;96.414169;99.231033;86.940872
7135763;79.111679;96.497070;99.191650;86.785217
7137640;79.303452;96.579018;99.151306;86.628708
7139632;79.494438;96.660011;99.109970;86.471344
7141633;79.684631;96.740044;99.067665;86.313126
7143625;79.874054;96.819130;99.024376;86.154053
7145630;80.062675;96.897255;98.980110;85.994133
7147635;80.250511;96.974426;98.934868;85.833366
7149618;80.437561;97.050652;98.888649;85.671753
7151606;80.623810;97.125900;98.841454;85.509285
7153605;80.809273;97.200203;98.793282;85.345978
7155609;80.993927;97.273544;98.744141;85.181831
7157742;81.177780;97.345917;98.694016;85.016846
7159633;81.360840;97.417328;98.642921;84.851021
7161630;81.543091;97.487785;98.590851;84.684357
7163625;81.724548;97.557289;98.537811;84.516861
7165624;81.905190;97.625816;98.483803;84.348518
7167622;82.085022;97.693382;98.428818;84.179344
7169645;82.264038;97.759987;98.372856;84.009346
7171625;82.442261;97.825623;98.315933;83.838524
7173621;82.619659;97.890305;98.258034;83.666870
7175628;82.796242;97.954010;98.199165;83.494392
7177627;82.972015;98.016754;98.139336;83.321083
7179645;83.146957;98.078522;98.078522;83.146957
7181605;83.321083;98.139328;98.016754;82.972015
7183608;83.494392;98.199165;97.954010;82.796249
7185602;83.666870;98.258034;97.890305;82.619659
7187609;83.838524;98.315933;97.825623;82.442261
7189605;84.009354;98.372856;97.759995;82.264046
7191649;84.179352;98.428818;97.693390;82.085022
7193629;84.348526;98.483803;97.625816;81.905190
7195634;84.516853;98.537811;97.557281;81.724548
7197627;84.684349;98.590851;97.487793;81.543098
7199629;84.851013;98.642914;97.417328;81.360840
7201645;85.016846;98.694016;97.345909;81.177780
7203606;85.181831;98.744133;97.273544;80.993935
7205601;85.345985;98.793282;97.200203;80.809273
7207605;85.509285;98.841446;97.125900;80.623802
7209608;85.671745;98.888649;97.050644;80.437561
7211737;85.833366;98.934868;96.974434;80.250511
7213636;85.994133;98.980103;96.897255;80.062675
7215631;86.154045;99.024368;96.819130;79.874062
7217623;86.313118;99.067657;96.740044;79.684639
7219623;86.471336;99.109962;96.660004;79.494438
7221625;86.628700;99.151299;96.579018;79.303452
7223646;86.785210;99.191650;96.497070;79.111679
7225610;86.940865;99.231026;96.414169;78.919128
7227606;87.095657;99.269424;96.330330;78.725800
7229601;87.249596;99.306839;96.245514;78.531693
7231601;87.402672;99.343277;96.159767;78.336807
7233646;87.554886;99.378731;96.073082;78.141159
7235612;87.706230;99.413208;95.985428;77.944733
7237607;87.856712;99.446693;95.896820;77.747536
7239607;88.006325;99.479210;95.807289;77.549576
7241608;88.155075;99.510735;95.716797;77.350845
7243607;88.302948;99.541290;95.625366;77.151360
7245646;88.449944;99.570847;95.532990;76.951111
7247626;88.596085;99.599434;95.439682;76.750092
7249625;88.741341;99.627029;95.345413;76.548317
7251628;88.885719;99.653641;95.250214;76.345802
7253624;89.029221;99.679276;95.154068;76.142517
7255644;89.171852;99.703926;95.056984;75.938484
7257605;89.313599;99.727592;94.958977;75.733711
7259611;89.454460;99.750275;94.860016;75.528183
7261603;89.594444;99.771965;94.760117;75.321907
7263605;89.733536;99.792686;94.659294;75.114891
7265604;89.871750;99.812408;94.557533;74.907135
7267649;90.009079;99.831154;94.454834;74.698639
7269630;90.145508;99.848907;94.351219;74.489418
7271630;90.281052;99.865677;94.246658;74.279442
7273624;90.415710;99.881454;94.141174;74.068741
7275631;90.549469;99.896263;94.034752;73.857307
7277652;90.682343;99.910072;93.927406;73.645142
7279605;90.814316;99.922897;93.819130;73.432251
7281607;90.945389;99.934738;93.709930;73.218643
7283603;91.075569;99.945595;93.599808;73.004303
7285604;91.204857;99.955460;93.488762;72.789238
7287607;91.333237;99.964348;93.376793;72.573471
7289648;91.460716;99.972237;93.263901;72.356972
7291627;91.587296;99.979149;93.150093;72.139763
7293628;91.712967;99.985069;93.035355;71.921852
7295622;91.837730;99.989998;92.919708;71.703224
7297626;91.961594;99.993958;92.803146;71.483902
7299646;92.084541;99.996910;92.685661;71.263863
7301612;92.206589;99.998894;92.567268;71.043106
7303608;92.327728;99.999878;92.447952;70.821671
7305603;92.447952;99.999878;92.327736;70.599525
7307603;92.567261;99.998894;92.206596;70.376678
7309605;92.685661;99.996918;92.084549;70.153152
7311651;92.803139;99.993950;91.961601;69.928917
7313631;92.861542;99.992111;91.899780;69.816544
7315629;93.035355;99.985077;91.712967;69.478394
7317626;93.150093;99.979156;91.587296;69.252106
7319629;93.263908;99.972244;91.460716;69.025124
7321646;93.376793;99.964348;91.333237;68.797470
7323612;93.488762;99.955460;91.204857;68.569138
7325607;93.599808;99.945595;91.075577;68.340126
7327611;93.709930;99.934746;90.945404;68.110443
7329605;93.819130;99.922905;90.814323;67.880081
7331605;93.927406;99.910072;90.682343;67.649048
7333647;94.034752;99.896263;90.549484;67.417358
7335630;94.141167;99.881462;90.415718;67.184990
7337624;94.246658;99.865685;90.281059;66.951965
7339627;94.351212;99.848907;90.145515;66.718277
7341624;94.454842;99.831154;90.009079;66.483940
7343640;94.557541;99.812408;89.871750;66.248932
7345611;94.659302;99.792686;89.733543;66.013283
7347609;94.760132;99.771973;89.594444;65.776978
7349607;94.860016;99.750282;89.454468;65.540024
7351613;94.958969;99.727592;89.313606;65.302429
7353643;95.056992;99.703941;89.171860;65.064178
7355610;95.154076;99.679291;89.029236;64.825287
7357608;95.250214;99.653656;88.885727;64.585762
7359606;95.345421;99.627045;88.741348;64.345596
7361605;95.439682;99.599434;88.596085;64.104790
7363609;95.532997;99.570862;88.449966;63.863361
7365644;95.625374;99.541290;88.302956;63.621296
7367628;95.716805;99.510742;88.155075;63.378597
7369624;95.807289;99.479218;88.006332;63.135292
7371626;95.896835;99.446701;87.856720;62.891342
7373623;95.985428;99.413216;87.706230;62.646782
7375649;96.073074;99.378731;87.554893;62.401604
7377611;96.159775;99.343285;87.402687;62.155811
7379609;96.245529;99.306854;87.249603;61.909401
7381605;96.330322;99.269432;87.095680;61.662388
7383608;96.414169;99.231033;86.940872;61.414753
7385608;96.497070;99.191658;86.785217;61.166512
7387645;96.579018;99.151306;86.628708;60.917683
7389629;96.660011;99.109978;86.471352;60.668243
7391626;96.740051;99.067665;86.313126;60.418201
7393629;96.819130;99.024376;86.154060;60.167576
7395631;96.897263;98.980110;85.994133;59.916336
7397650;96.974442;98.934868;85.833374;59.664513
7399611;97.050652;98.888657;85.671753;59.412109
7401605;97.125908;98.841454;85.509285;59.159111
7403610;97.200203;98.793289;85.345993;58.905540
7405609;97.273544;98.744141;85.181847;58.651386
7407662;97.345917;98.694023;85.016853;58.396645
7409647;97.417343;98.642929;84.851028;58.141327
7411631;97.487793;98.590858;84.684357;57.885437
7413626;97.557297;98.537827;84.516861;57.628979
7415631;97.625824;98.483803;84.348526;57.371937
7417624;97.693390;98.428818;84.179352;57.114349
7419647;97.759995;98.372864;84.009361;56.856190
7421606;97.825638;98.315933;83.838531;56.597466
7423607;97.890305;98.258034;83.666870;56.338192
7425610;97.954018;98.199173;83.494392;56.078350
7427611;98.016754;98.139336;83.321083;55.817963
7429656;98.078529;98.078529;83.146965;55.557026
7431643;98.139336;98.016754;82.972023;55.295544
7433630;98.199173;97.954010;82.796249;55.033504
7435629;98.258034;97.890305;82.619667;54.770935
7437625;98.315933;97.825638;82.442268;54.507816
7439628;98.372864;97.759995;82.264053;54.244156
7441645;98.428818;97.693390;82.085037;53.979969
7443629;98.483810;97.625824;81.905197;53.715240
7445630;98.510933;97.591675;81.814972;53.582680
7447627;98.590858;97.487793;81.543098;53.184212
7449627;98.642929;97.417336;81.360847;52.917896
7451637;98.694023;97.345917;81.177780;52.651070
7453610;98.744141;97.273544;80.993935;52.383732
7455604;98.793289;97.200203;80.809273;52.115856
7457613;98.841454;97.125908;80.623825;51.847492
7459606;98.888649;97.050652;80.437569;51.578598
7461645;98.934868;96.974442;80.250526;51.309196
7463610;98.980110;96.897263;80.062691;51.039295
7465606;99.024376;96.819138;79.874054;50.768883
7467609;99.067665;96.740051;79.684639;50.497967
7469613;99.109970;96.660004;79.494438;50.226562
7471605;99.151306;96.579018;79.303452;49.954655
7473649;99.191658;96.497070;79.111679;49.682251
7475630;99.231033;96.414169;78.919128;49.409370
7477629;99.269432;96.330330;78.725800;49.135990
7479626;99.306847;96.245522;78.531693;48.862122
7481620;99.343285;96.159775;78.336815;48.587788
7483647;99.378738;96.073067;78.141159;48.312958
7485620;99.413208;95.985428;77.944733;48.037666
7487612;99.446701;95.896835;77.747551;47.761898
7489604;99.479218;95.807297;77.549583;47.485649
7491609;99.510742;95.716797;77.350845;47.208931
7493601;99.541290;95.625374;77.151367;46.931755
7495647;99.570862;95.533005;76.951111;46.654110
7497609;99.599442;95.439682;76.750092;46.376003
7499606;99.627037;95.345413;76.548325;46.097446
7501606;99.653656;95.250214;76.345802;45.818428
7503610;99.679283;95.154068;76.142517;45.538952
7505642;99.703934;95.056992;75.938492;45.259041
7507617;99.727600;94.958977;75.733719;44.978672
7509608;99.750282;94.860016;75.528183;44.697861
7511610;99.771973;94.760132;75.321922;44.416626
7513599;99.792686;94.659302;75.114899;44.134937
7515606;99.812408;94.557541;74.907143;43.852806
7517647;99.831154;94.454842;74.698647;43.570255
7519632;99.848907;94.351219;74.489418;43.287266
7521627;99.865685;94.246658;74.279442;43.003849
7523627;99.881462;94.141174;74.068741;42.720016
7525630;99.896263;94.034752;73.857307;42.435753
7527649;99.910072;93.927399;73.645142;42.151070
7529607;99.922905;93.819138;73.432251;41.865982
7531609;99.934746;93.709930;73.218643;41.580467
7533607;99.945602;93.599808;73.004303;41.294544
7535608;99.955467;93.488770;72.789246;41.008228
7537607;99.964348;93.376793;72.573471;40.721493
7539648;99.972244;93.263901;72.356979;40.434368
7541635;99.979149;93.150093;72.139778;40.146843
7543630;99.985077;93.035362;71.921860;39.858913
7545628;99.990005;92.919708;71.703224;39.570583
7547630;99.993958;92.803146;71.483902;39.281879
7549643;99.996918;92.685661;71.263855;38.992775
7551607;99.998894;92.567261;71.043106;38.703289
7553610;99.999878;92.447952;70.821671;38.413425
7555610;99.999878;92.327728;70.599518;38.123177
7557611;99.998894;92.206589;70.376678;37.832554
7559764;99.996918;92.084549;70.153145;37.541561
7561633;99.993958;91.961594;69.928917;37.250195
7563628;99.990005;91.837730;69.703987;36.958454
7565633;99.985077;91.712975;69.478401;36.666378
7567623;99.979149;91.587296;69.252106;36.373913
7569620;99.972244;91.460709;69.025131;36.081089
7571642;99.964348;91.333237;68.797478;35.787918
7573610;99.955467;91.204857;68.569138;35.494389
7575605;99.945602;91.075577;68.340126;35.200504
7577607;99.934746;90.945396;68.110443;34.906284
7579605;99.922905;90.814316;67.880074;34.611710
7581657;99.910072;90.682335;67.649040;34.316792
7583642;99.896263;90.549477;67.417358;34.021549
7585634;99.881462;90.415710;67.184990;33.725960
7587624;99.865685;90.281052;66.951958;33.430035
7589627;99.848907;90.145508;66.718277;33.133793
7591629;99.831154;90.009071;66.483925;32.837212
7593647;99.812408;89.871750;66.248932;32.540318
7595610;99.792686;89.733543;66.013290;32.243107
7597606;99.771973;89.594444;65.776978;31.945559
7599602;99.750282;89.454460;65.540024;31.647699
7601602;99.727600;89.313599;65.302429;31.349541
7603657;99.703941;89.171860;65.064171;31.051058
7605646;99.679283;89.029236;64.825287;30.752283
7607629;99.653656;88.885727;64.585754;30.453194
7609626;99.627037;88.741341;64.345589;30.153799
7611625;99.599442;88.596092;64.104790;29.854122
7613625;99.570862;88.449959;63.863361;29.554138
7615644;99.541298;88.302956;63.621288;29.253864
7617628;99.510750;88.155075;63.378609;28.953308
7619626;99.479218;88.006332;63.135292;28.652472
7621625;99.446701;87.856712;62.891346;28.351337
7623623;99.413208;87.706238;62.646790;28.049934
7625647;99.378738;87.554893;62.401611;27.748247
7627610;99.343285;87.402679;62.155807;27.446281
7629606;99.306847;87.249603;61.909401;27.144056
7631602;99.269432;87.095665;61.662380;26.841557
7633607;99.231033;86.940865;61.414749;26.538790
7635606;99.191666;86.785217;61.166527;26.235771
7637645;99.151306;86.628708;60.917675;25.932486
7639630;99.109978;86.471344;60.668236;25.628942
7641624;99.067673;86.313133;60.418205;25.325155
7643623;99.024376;86.154060;60.167564;25.021107
7645624;98.980110;85.994133;59.916336;24.716812
7647645;98.934868;85.833374;59.664528;24.412298
7649611;98.888657;85.671761;59.412121;24.107521
7651606;98.841461;85.509293;59.159119;23.802502
7653604;98.793289;85.345993;58.905548;23.497263
7655606;98.744141;85.181839;58.651382;23.191778
7657652;98.694023;85.016853;58.396637;22.886066
7659642;98.642929;84.851028;58.141327;22.580139
7661629;98.590866;84.684357;57.885437;22.273979
7663627;98.537819;84.516853;57.628979;21.967598
7665630;98.483810;84.348526;57.371948;21.661011
7667623;98.428818;84.179352;57.114349;21.354198
7669644;98.372864;84.009354;56.856186;21.047176
7671611;98.315941;83.838531;56.597473;20.739960
7673608;98.258041;83.666878;56.338203;20.432535
7675605;98.199173;83.494400;56.078362;20.124899
7677606;98.139343;83.321091;55.817978;19.817076
7679653;98.078529;83.146965;55.557037;19.509043
7681614;98.016754;82.972015;55.295540;19.200819
7683608;97.954018;82.796249;55.033512;18.892420
7685615;97.890312;82.619675;54.770935;18.583820
7687601;97.825638;82.442268;54.507809;18.275038
7689604;97.759995;82.264061;54.244160;17.966084
7691643;97.693398;82.085030;53.979969;17.656946
7693628;97.625824;81.905190;53.715240;17.347631
7695629;97.557297;81.724556;53.449993;17.038157
7697627;97.487801;81.543106;53.184212;16.728502
7699627;97.417343;81.360847;52.917896;16.418684
7701652;97.345932;81.177803;52.651089;16.108727
7703609;97.273544;80.993935;52.383732;15.798587
7705608;97.200211;80.809280;52.115868;15.488293
7707604;97.125916;80.623833;51.847492;15.177852
7709606;97.050652;80.437569;51.578606;14.867256
7711731;96.974442;80.250519;51.309196;14.556509
7713633;96.897270;80.062691;51.039295;14.245632
7715635;96.819138;79.874054;50.768883;13.934604
7717629;96.740051;79.684639;50.497974;13.623433
7719625;96.660019;79.494446;50.226562;13.312146
7721628;96.579018;79.303452;49.954651;13.000711
7723650;96.497078;79.111679;49.682255;12.689151
7725609;96.414177;78.919128;49.409370;12.377477
7727604;96.330330;78.725807;49.136002;12.065679
7729605;96.245529;78.531693;48.862129;11.753750
7731611;96.159782;78.336823;48.587799;11.441719
7733648;96.073082;78.141167;48.312969;11.129564
7735607;95.985428;77.944740;48.037663;10.817292
7737610;95.896843;77.747551;47.761902;10.504937
7739602;95.807297;77.549583;47.485649;10.192453
7741607;95.716812;77.350853;47.208931;9.879878
7743607;95.625374;77.151367;46.931755;9.567216
7745642;95.533005;76.951111;46.654110;9.254447
7747613;95.439682;76.750092;46.375999;8.941585
7749610;95.345428;76.548325;46.097450;8.628649
7751606;95.250221;76.345795;45.818424;8.315611
7753610;95.154076;76.142517;45.538948;8.002493
7755647;95.057007;75.938499;45.259052;7.689324
7757611;94.958984;75.733719;44.978683;7.376051
7759605;94.860031;75.528191;44.697880;7.062718
7761605;94.760132;75.321922;44.416626;6.749305
7763607;94.659302;75.114891;44.134933;6.435823
7765606;94.557549;74.907150;43.852814;6.122294
7767644;94.454849;74.698654;43.570255;5.808687
7769629;94.351219;74.489410;43.287266;5.495027
7771628;94.246666;74.279442;43.003860;5.181322
7773626;94.141174;74.068741;42.720016;4.867554
7775627;94.034752;73.857307;42.435749;4.553738
7777645;93.927414;73.645142;42.151081;4.239890
7779612;93.819138;73.432251;41.865982;3.925988
7781607;93.709938;73.218643;41.580475;3.612062
7783612;93.599823;73.004318;41.294567;3.298098
7785614;93.488770;72.789253;41.008232;2.984086
7787609;93.376801;72.573471;40.721504;2.670047
7789645;93.263916;72.356995;40.434380;2.355993
7791630;93.150101;72.139778;40.146843;2.041909
7793627;93.035362;71.921860;39.858910;1.727799
7795634;92.919716;71.703239;39.570595;1.413685
7797624;92.803146;71.483894;39.281879;1.099548
7799644;92.685661;71.263855;38.992779;0.785396
7801614;92.567268;71.043114;38.703297;0.471249
7803603;92.447952;70.821671;38.413422;0.157088
7805611;92.327728;70.599518;38.123169;-0.157079
7807609;92.206596;70.376678;37.832565;-0.471225
7809607;92.084557;70.153152;37.541576;-0.785372
7811645;91.961601;69.928917;37.250202;-1.099524
7813622;91.837738;69.704002;36.958473;-1.413652
7815632;91.712967;69.478401;36.666370;-1.727778
7817623;91.587296;69.252098;36.373909;-2.041888
7819625;91.460724;69.025131;36.081093;-2.355960
7821641;91.333237;68.797470;35.787918;-2.670026
7823613;91.204857;68.569138;35.494385;-2.984062
7825608;91.075584;68.340126;35.200516;-3.298059
7827610;90.945396;68.110435;34.906284;-3.612036
7829601;90.814323;67.880081;34.611717;-3.925967
7831604;90.682343;67.649048;34.316799;-4.239866
7833646;90.549477;67.417351;34.021545;-4.553729
7835631;90.415726;67.185005;33.725979;-4.867521
7837627;90.281067;66.951981;33.430054;-5.181289
7839629;90.145515;66.718285;33.133801;-5.495003
7841627;90.009079;66.483940;32.837219;-5.808663
7843646;89.871750;66.248932;32.540314;-6.122270
7845609;89.733551;66.013298;32.243111;-6.435788
7847611;89.594452;65.776978;31.945572;-6.749269
7849610;89.454468;65.540024;31.647703;-7.062685
7851608;89.313599;65.302422;31.349533;-7.376030
7853641;89.171860;65.064171;31.051058;-7.689300
7855612;89.029228;64.825279;30.752266;-8.002496
7857605;88.885727;64.585754;30.453199;-8.315590
7859605;88.741348;64.345589;30.153811;-8.628622
7861605;88.596085;64.104782;29.854118;-8.941573
7863606;88.449951;63.863350;29.554129;-9.254435
7865645;88.302948;63.621284;29.253853;-9.567207
7867628;88.155067;63.378586;28.953289;-9.879878
7869628;88.006332;63.135292;28.652468;-10.192433
7871630;87.856712;62.891342;28.351330;-10.504913
7873624;87.706230;62.646770;28.049923;-10.817286
7875649;87.554893;62.401604;27.748245;-11.129531
7877609;87.402679;62.155807;27.446285;-11.441689
7879607;87.249603;61.909397;27.144051;-11.753732
7881604;87.095680;61.662395;26.841576;-12.065638
7883609;86.940880;61.414761;26.538801;-12.377444
7885608;86.785217;61.166527;26.235771;-12.689129
7887647;86.628708;60.917675;25.932486;-13.000694
7889630;86.471344;60.668236;25.628942;-13.312128
7891627;86.313126;60.418194;25.325144;-13.623428
7893624;86.154068;60.167580;25.021128;-13.934567
7895629;85.994141;59.916340;24.716827;-14.245600
7897651;85.833374;59.664524;24.412289;-14.556492
7899608;85.671753;59.412109;24.107510;-14.867234
7901608;85.509285;59.159107;23.802494;-15.177831
7903600;85.345985;58.905529;23.497244;-15.488285
7905603;85.181847;58.651382;23.191782;-15.798557
7907607;85.016853;58.396637;22.886074;-16.108694
7909642;84.851021;58.141315;22.580132;-16.418678
7911622;84.684357;57.885426;22.273970;-16.728500
7913627;84.516853;57.628967;21.967587;-17.038149
7915627;84.348511;57.371925;21.660990;-17.347639
7917629;84.179352;57.114349;21.354202;-17.656929
7919644;84.009354;56.856186;21.047180;-17.966068
7921612;83.838524;56.597458;20.739946;-18.275034
7923604;83.666870;56.338181;20.432510;-18.583817
7925604;83.494385;56.078339;20.124876;-18.892420
7927603;83.321075;55.817951;19.817043;-19.200825
7929608;83.146980;55.557041;19.509060;-19.509003
7931645;82.972023;55.295555;19.200834;-19.817036
7933635;82.796249;55.033512;18.892422;-20.124868
7935627;82.619667;54.770927;18.583822;-20.432508
7937627;82.442268;54.507809;18.275034;-20.739946
7939627;82.264053;54.244156;17.966084;-21.047167
7941652;82.085037;53.979977;17.656958;-21.354176
7943611;81.905197;53.715248;17.347639;-21.660986
7945607;81.724556;53.449993;17.038158;-21.967581
7947605;81.543098;53.184204;16.728508;-22.273960
7949602;81.360847;52.917904;16.418692;-22.580120
7951605;81.177780;52.651070;16.108707;-22.886055
7953648;80.993942;52.383739;15.798590;-23.191748
7955631;80.809280;52.115868;15.488291;-23.497232
7957624;80.623817;51.847481;15.177846;-23.802486
7959630;80.437561;51.578594;14.867247;-24.107504
7961624;80.250511;51.309185;14.556500;-24.412281
7963644;80.062675;51.039280;14.245611;-24.716818
7965608;79.874062;50.768883;13.934607;-25.021086
7967606;79.684647;50.497967;13.623444;-25.325130
7969605;79.494438;50.226559;13.312138;-25.628931
7971609;79.303452;49.954651;13.000709;-25.932472
7973607;79.111679;49.682247;12.689143;-26.235767
7975647;78.919128;49.409355;12.377459;-26.538790
7977634;78.725800;49.135990;12.065670;-26.841539
7979631;78.531693;48.862125;11.753738;-27.144041
7981623;78.336807;48.587776;11.441699;-27.446276
7983625;78.141167;48.312969;11.129564;-27.748220
7985648;77.944740;48.037666;10.817305;-28.049904
7987613;77.747559;47.761913;10.504950;-28.351295
7989603;77.549591;47.485664;10.192474;-28.652430
7991612;77.350861;47.208942;9.879899;-28.953281
7993606;77.151367;46.931763;9.567219;-29.253843
7995605;76.951111;46.654110;9.254450;-29.554123
7997647;76.750099;46.376003;8.941591;-29.854103
7999628;76.548340;46.097458;8.628660;-30.153769
8001629;76.345810;45.818439;8.315629;-30.453163
8003621;76.142532;45.538967;8.002514;-30.752251
8005628;75.938499;45.259048;7.689318;-31.051041
8007645;75.733719;44.978672;7.376045;-31.349522
8009607;75.528183;44.697861;7.062700;-31.647694
8011605;75.321922;44.416630;6.749311;-31.945530
8013612;75.114906;44.134937;6.435833;-32.243073
8015609;74.907150;43.852814;6.122288;-32.540302
8017608;74.698647;43.570251;5.808684;-32.837200
8019639;74.489410;43.287258;5.495015;-33.133793
8021629;74.279442;43.003845;5.181307;-33.430038
8023634;74.068748;42.720020;4.867559;-33.725941
8025629;73.857307;42.435757;4.553741;-34.021534
8027626;73.645142;42.151070;4.239884;-34.316788
8029647;73.432251;41.865974;3.925982;-34.611702
8031609;73.218636;41.580463;3.612041;-34.906273
8033609;73.004295;41.294533;3.298062;-35.200508
8035605;72.789253;41.008232;2.984083;-35.494370
8037605;72.573486;40.721516;2.670064;-35.787880
8039605;72.356995;40.434380;2.356002;-36.081059
8041645;72.139786;40.146847;2.041912;-36.373882
8043631;71.921860;39.858906;1.727802;-36.666351
8045630;71.703232;39.570583;1.413676;-36.958447
8047624;71.483910;39.281891;1.099563;-37.250168
8049626;71.263863;38.992779;0.785410;-37.541538
8051645;71.043121;38.703300;0.471258;-37.832535
8053614;70.821671;38.413425;0.157091;-38.123165
8055609;70.599525;38.123184;-0.157067;-38.413410
8057608;70.376678;37.832554;-0.471228;-38.703274
8059604;70.153160;37.541576;-0.785363;-38.992744
8061606;69.928932;37.250214;-1.099509;-39.281845
8063650;69.816551;37.104378;-1.256594;-39.426266
8065609;69.478401;36.666367;-1.727784;-39.858891
8067609;69.252106;36.373905;-2.041888;-40.146820
8069603;69.025124;36.081081;-2.355978;-40.434353
8071609;68.797478;35.787922;-2.670020;-40.721478
8073645;68.569145;35.494389;-2.984056;-41.008205
8075613;68.340126;35.200508;-3.298062;-41.294533
8077609;68.110435;34.906273;-3.612041;-41.580463
8079601;67.880074;34.611702;-3.925982;-41.865974
8081603;67.649040;34.316788;-4.239884;-42.151070
8083610;67.417358;34.021557;-4.553723;-42.435734
8085648;67.184998;33.725964;-4.867533;-42.719997
8087628;66.951965;33.430038;-5.181307;-43.003845
8089628;66.718277;33.133793;-5.495015;-43.287258
8091626;66.483948;32.837227;-5.808661;-43.570225
8093628;66.248940;32.540318;-6.122264;-43.852795
8095643;66.013298;32.243118;-6.435785;-44.134895
8097616;65.776993;31.945578;-6.749269;-44.416592
8099604;65.540031;31.647718;-7.062676;-44.697842
8101608;65.302429;31.349546;-7.376018;-44.978653
8103612;65.064178;31.051064;-7.689291;-45.259022
8105605;64.825287;30.752274;-8.002490;-45.538948
8107646;64.585777;30.453215;-8.315578;-45.818394
8109630;64.345604;30.153816;-8.628613;-46.097416
8111625;64.104805;29.854128;-8.941561;-46.375977
8113631;63.863361;29.554138;-9.254432;-46.654095
8115625;63.621296;29.253868;-9.567195;-46.931736
8117644;63.378597;28.953299;-9.879869;-47.208916
8119609;63.135296;28.652472;-10.192424;-47.485619
8121610;62.891354;28.351343;-10.504902;-47.761871
8123606;62.646790;28.049929;-10.817271;-48.037647
8125606;62.401604;27.748236;-11.129540;-48.312950
8127738;62.155807;27.446276;-11.441699;-48.587776
8129634;61.909397;27.144041;-11.753738;-48.862125
8131626;61.662388;26.841562;-12.065646;-49.135971
8133626;61.414753;26.538790;-12.377459;-49.409355
8135629;61.166519;26.235767;-12.689143;-49.682247
8137681;60.917675;25.932472;-13.000709;-49.954651
8139642;60.668228;25.628931;-13.312138;-50.226559
8141631;60.418213;25.325161;-13.623413;-50.497948
8143626;60.167568;25.021112;-13.934583;-50.768864
8145629;59.916359;24.716843;-14.245584;-51.039253
8147627;59.664536;24.412304;-14.556477;-51.309170
8149643;59.412121;24.107525;-14.867229;-51.578568
8151611;59.159122;23.802509;-15.177819;-51.847466
8153605;58.905560;23.497280;-15.488246;-52.115822
8155609;58.651394;23.191795;-15.798545;-52.383698
8157605;58.396656;22.886086;-16.108683;-52.651047
8159662;58.141335;22.580147;-16.418659;-52.917881
8161645;57.885437;22.273981;-16.728481;-53.184189
8163632;57.628979;21.967602;-17.038139;-53.449978
8165630;57.371964;21.661026;-17.347605;-53.715210
8167626;57.114365;21.354214;-17.656914;-53.979946
8169627;56.856201;21.047195;-17.966047;-54.244129
8171634;56.597477;20.739964;-18.275017;-54.507793
8173610;56.338192;20.432529;-18.583805;-54.770916
8175609;56.078358;20.124897;-18.892395;-55.033493
8177609;55.817978;19.817078;-19.200790;-55.295509
8179600;55.557037;19.509050;-19.509014;-55.557007
8181645;55.295544;19.200825;-19.817043;-55.817951
8183606;55.033512;18.892420;-20.124876;-56.078339
8185606;54.770927;18.583817;-20.432510;-56.338181
8187607;54.507809;18.275034;-20.739946;-56.597458
8189608;54.244167;17.966089;-21.047157;-56.856167
8191606;53.979977;17.656952;-21.354181;-57.114326
8193645;53.715248;17.347639;-21.660990;-57.371925
8195632;53.449989;17.038149;-21.967587;-57.628967
8197627;53.184204;16.728500;-22.273970;-57.885426
8199624;52.917915;16.418701;-22.580105;-58.141296
8201624;52.651100;16.108746;-22.886021;-58.396603
8203655;52.383751;15.798605;-23.191734;-58.651340
8205633;52.115883;15.488306;-23.497221;-58.905506
8207626;51.847500;15.177861;-23.802467;-59.159088
8209629;51.578606;14.867261;-24.107487;-59.412086
8211624;51.309196;14.556512;-24.412266;-59.664501
8213626;51.039307;14.245647;-24.716785;-59.916306
8215643;50.768894;13.934615;-25.021080;-60.167538
8217631;50.497978;13.623449;-25.325125;-60.418182
8219629;50.226570;13.312152;-25.628918;-60.668213
8221625;49.954655;13.000715;-25.932467;-60.917664
8223626;49.682255;12.689156;-26.235750;-61.166500
8225651;49.409382;12.377492;-26.538759;-61.414719
8227612;49.136005;12.065685;-26.841528;-61.662354
8229606;48.862137;11.753756;-27.144028;-61.909378
8231608;48.587791;11.441710;-27.446264;-62.155788
8233610;48.312962;11.129552;-27.748230;-62.401592
8235611;48.037659;10.817286;-28.049923;-62.646770
8237648;47.761898;10.504934;-28.351303;-62.891323
8239626;47.485649;10.192457;-28.652441;-63.135265
8241626;47.208931;9.879878;-28.953289;-63.378586
8243630;46.931747;9.567207;-29.253853;-63.621284
8245628;46.654099;9.254435;-29.554129;-63.863350
8247640;46.375992;8.941573;-29.854118;-64.104782
8249608;46.097446;8.628646;-30.153784;-64.345573
8251610;45.818428;8.315614;-30.453173;-64.585739
8253609;45.538975;8.002520;-30.752245;-64.825264
8255606;45.259052;7.689324;-31.051031;-65.064148
8257645;44.978683;7.376051;-31.349512;-65.302399
8259609;44.697872;7.062709;-31.647688;-65.540001
8261606;44.416637;6.749320;-31.945524;-65.776947
8263605;44.134945;6.435835;-32.243069;-66.013252
8265607;43.852818;6.122294;-32.540291;-66.248909
8267603;43.570255;5.808687;-32.837200;-66.483917
8269647;43.287266;5.495027;-33.133774;-66.718269
8271628;43.003849;5.181310;-33.430035;-66.951958
8273628;42.720028;4.867568;-33.725937;-67.184967
8275629;42.435760;4.553750;-34.021530;-67.417336
8277630;42.151081;4.239893;-34.316784;-67.649040
8279759;41.865982;3.925988;-34.611694;-67.880066
8281636;41.580467;3.612047;-34.906273;-68.110428
8283628;41.294567;3.298095;-35.200481;-68.340096
8285626;41.008240;2.984092;-35.494362;-68.569115
8287631;40.721504;2.670050;-35.787891;-68.797455
8289627;40.434368;2.355984;-36.081074;-69.025108
8291628;40.146832;2.041897;-36.373901;-69.252098
8293608;39.858898;1.727790;-36.666359;-69.478386
8295608;39.570599;1.413688;-36.958443;-69.703987
8297609;39.281879;1.099548;-37.250183;-69.928909
8299607;38.992775;0.785396;-37.541550;-70.153130
8301644;38.703285;0.471237;-37.832550;-70.376678
8303607;38.413418;0.157079;-38.123169;-70.599518
8305611;38.123165;-0.157088;-38.413422;-70.821671
8307604;37.832584;-0.471202;-38.703247;-71.043083
8309604;37.541588;-0.785363;-38.992741;-71.263832
8311604;37.250214;-1.099512;-39.281841;-71.483871
8313642;36.958477;-1.413649;-39.570560;-71.703217
8315640;36.666374;-1.727775;-39.858883;-71.921844
8317630;36.373913;-2.041879;-40.146812;-72.139763
8319630;36.081112;-2.355948;-40.434334;-72.356956
8321627;35.787930;-2.670011;-40.721466;-72.573448
8323643;35.494400;-2.984050;-41.008205;-72.789230
8325605;35.200516;-3.298062;-41.294533;-73.004288
8327607;34.906284;-3.612036;-41.580460;-73.218628
8329608;34.611710;-3.925976;-41.865974;-73.432251
8331607;34.316818;-4.239854;-42.151047;-73.645126
8333603;34.021561;-4.553718;-42.435730;-73.857292
8335650;33.725971;-4.867530;-42.719994;-74.068726
8337628;33.430046;-5.181301;-43.003834;-74.279427
8339632;33.133793;-5.495018;-43.287258;-74.489403
8341625;32.837212;-5.808678;-43.570248;-74.698647
8343629;32.540329;-6.122258;-43.852787;-74.907127
8345646;32.243107;-6.435800;-44.134911;-75.114891
8347610;31.945559;-6.749281;-44.416607;-75.321899
8349609;31.647699;-7.062697;-44.697865;-75.528183
8351613;31.349527;-7.376039;-44.978672;-75.733711
8353616;31.051048;-7.689312;-45.259041;-75.938492
8355607;30.752283;-8.002483;-45.538940;-76.142509
8357639;30.453190;-8.315599;-45.818413;-76.345787
8359625;30.153799;-8.628633;-46.097435;-76.548317
8361624;29.854134;-8.941558;-46.375977;-76.750069
8363626;29.554150;-9.254419;-46.654091;-76.951096
8365633;29.253874;-9.567192;-46.931732;-77.151344
8367643;28.953331;-9.879843;-47.208900;-77.350822
8369605;28.652481;-10.192421;-47.485615;-77.549561
8371607;28.351349;-10.504895;-47.761864;-77.747520
8373607;28.049934;-10.817271;-48.037647;-77.944717
8375612;27.748245;-11.129538;-48.312950;-78.141144
8377643;27.446281;-11.441692;-48.587776;-78.336807
8379611;27.144072;-11.753714;-48.862106;-78.531677
8381604;26.841568;-12.065643;-49.135971;-78.725784
8383604;26.538801;-12.377453;-49.409348;-78.919121
8385602;26.235771;-12.689137;-49.682243;-79.111671
8387604;25.932482;-13.000705;-49.954647;-79.303452
8389646;25.628939;-13.312131;-50.226559;-79.494438
8391636;25.325165;-13.623415;-50.497948;-79.684631
8393625;25.021118;-13.934581;-50.768864;-79.874054
8395628;24.716824;-14.245608;-51.039272;-80.062675
8397622;24.412287;-14.556496;-51.309181;-80.250511
8399640;24.107508;-14.867243;-51.578587;-80.437561
8401599;23.802490;-15.177840;-51.847481;-80.623817
8403609;23.497261;-15.488270;-52.115845;-80.809265
8405604;23.191778;-15.798564;-52.383717;-80.993919
8407603;22.886066;-16.108704;-52.651066;-81.177788
8409649;22.580128;-16.418686;-52.917896;-81.360847
8411611;22.273966;-16.728504;-53.184212;-81.543106
8413600;21.967585;-17.038158;-53.449993;-81.724556
8415600;21.661034;-17.347599;-53.715218;-81.905167
8417606;21.354221;-17.656912;-53.979939;-82.085014
8419602;21.047199;-17.966055;-54.244129;-82.264038
8421639;20.739969;-18.275017;-54.507797;-82.442261
8423614;20.432533;-18.583797;-54.770916;-82.619652
8425614;20.124922;-18.892374;-55.033482;-82.796227
8427607;19.817085;-19.200785;-55.295517;-82.971992
8429612;19.509054;-19.509012;-55.557007;-83.146950
8431642;19.200832;-19.817043;-55.817951;-83.321075
8433614;18.892418;-20.124876;-56.078346;-83.494385
8435605;18.583818;-20.432510;-56.338181;-83.666862
8437613;18.275061;-20.739923;-56.597443;-83.838509
8439610;17.966097;-21.047153;-56.856167;-84.009338
8441607;17.656956;-21.354177;-57.114334;-84.179344
8443646;17.347641;-21.660992;-57.371933;-84.348511
8445628;17.038157;-21.967588;-57.628967;-84.516853
8447628;16.728500;-22.273972;-57.885433;-84.684357
8449625;16.418705;-22.580105;-58.141304;-84.851006
8451628;16.108725;-22.886047;-58.396618;-85.016846
8453644;15.798585;-23.191759;-58.651363;-85.181831
8455632;15.488288;-23.497240;-58.905529;-85.345985
8457625;15.177840;-23.802494;-59.159111;-85.509293
8459625;14.867240;-24.107510;-59.412109;-85.671753
8461628;14.556519;-24.412268;-59.664505;-85.833366
8463645;14.245629;-24.716803;-59.916328;-85.994133
8465613;13.934599;-25.021097;-60.167557;-86.154053
8467604;13.623433;-25.325144;-60.418194;-86.313126
8469608;13.312154;-25.628918;-60.668217;-86.471329
8471608;13.000721;-25.932465;-60.917664;-86.628708
8473612;12.689183;-26.235727;-61.166485;-86.785194
8475644;12.377496;-26.538757;-61.414726;-86.940857
8477631;12.065687;-26.841522;-61.662354;-87.095650
8479622;11.753759;-27.144028;-61.909378;-87.249588
8481628;11.441715;-27.446264;-62.155796;-87.402664
8483624;11.129559;-27.748224;-62.401592;-87.554878
8485648;10.817315;-28.049892;-62.646751;-87.706223
8487604;10.504942;-28.351307;-62.891323;-87.856705
8489610;10.192464;-28.652435;-63.135262;-88.006317
8491606;9.879887;-28.953287;-63.378586;-88.155060
8493608;9.567211;-29.253849;-63.621284;-88.302940
8495604;9.254441;-29.554129;-63.863350;-88.449951
8497646;8.941605;-29.854090;-64.104767;-88.596085
8499631;8.628655;-30.153778;-64.345566;-88.741333
8501624;8.315620;-30.453173;-64.585739;-88.885719
8503625;8.002504;-30.752260;-64.825272;-89.029221
8505631;7.689308;-31.051048;-65.064171;-89.171860
8507649;7.376037;-31.349531;-65.302422;-89.313599
8509616;7.062716;-31.647678;-65.540001;-89.454453
8511607;6.749302;-31.945538;-65.776962;-89.594437
8513607;6.435822;-32.243084;-66.013268;-89.733543
8515606;6.122278;-32.540306;-66.248932;-89.871750
8517606;5.808673;-32.837215;-66.483932;-90.009071
8519645;5.495012;-33.133793;-66.718277;-90.145508
8521631;5.181319;-33.430023;-66.951950;-90.281052
8523626;4.867576;-33.725925;-67.184967;-90.415695
8525630;4.553761;-34.021523;-67.417336;-90.549461
8527627;4.239901;-34.316772;-67.649033;-90.682327
8529638;3.925998;-34.611691;-67.880066;-90.814308
8531611;3.612057;-34.906265;-68.110428;-90.945389
8533610;3.298105;-35.200470;-68.340096;-91.075562
8535604;2.984096;-35.494354;-68.569107;-91.204842
8537604;2.670057;-35.787888;-68.797455;-91.333229
8539601;2.355993;-36.081066;-69.025108;-91.460709
8541644;2.041904;-36.373890;-69.252090;-91.587280
8543627;1.727796;-36.666359;-69.478386;-91.712967
8545631;1.413695;-36.958431;-69.703972;-91.837723
8547624;1.099556;-37.250172;-69.928902;-91.961586
8549631;0.785405;-37.541542;-70.153130;-92.084541
8551648;0.471248;-37.832542;-70.376671;-92.206589
8553610;0.157085;-38.123165;-70.599518;-92.327728
8555607;-0.157079;-38.413418;-70.821663;-92.447952
8557609;-0.471218;-38.703270;-71.043091;-92.567253
8559606;-0.785375;-38.992752;-71.263840;-92.685654
8561751;-1.099525;-39.281860;-71.483887;-92.803139
8563633;-1.413665;-39.570576;-71.703224;-92.919708
8565627;-1.727790;-39.858902;-71.921852;-93.035355
8567625;-2.041898;-40.146835;-72.139778;-93.150085
8569623;-2.355963;-40.434345;-72.356964;-93.263885
8571623;-2.670027;-40.721481;-72.573463;-93.376785
8573647;-2.984066;-41.008221;-72.789238;-93.488762
8575631;-3.298074;-41.294544;-73.004303;-93.599808
8577628;-3.612027;-41.580452;-73.218628;-93.709923
8579628;-3.925944;-41.865940;-73.432228;-93.819122
8581627;-4.239846;-42.151039;-73.645119;-93.927391
8583648;-4.553706;-42.435722;-73.857285;-94.034737
8585618;-4.867522;-42.719986;-74.068718;-94.141159
8587609;-5.181289;-43.003826;-74.279419;-94.246651
8589605;-5.495005;-43.287243;-74.489395;-94.351212
8591607;-5.808643;-43.570213;-74.698624;-94.454834
8593600;-6.122248;-43.852772;-74.907120;-94.557526
8595643;-6.435792;-44.134907;-75.114876;-94.659294
8597625;-6.749272;-44.416595;-75.321892;-94.760117
8599625;-7.062686;-44.697849;-75.528168;-94.860008
8601627;-7.376031;-44.978664;-75.733704;-94.958969
8603624;-7.689279;-45.259010;-75.938469;-95.056984
8605653;-8.002474;-45.538937;-76.142502;-95.154068
8607604;-8.315591;-45.818405;-76.345787;-95.250206
8609607;-8.628626;-46.097427;-76.548317;-95.345413
8611610;-8.941574;-46.375992;-76.750084;-95.439674
8613608;-9.254436;-46.654099;-76.951103;-95.532997
8615758;-9.567182;-46.931725;-77.151337;-95.625366
8617634;-9.879857;-47.208912;-77.350838;-95.716797
8619631;-10.192435;-47.485630;-77.549568;-95.807281
8621625;-10.504911;-47.761879;-77.747528;-95.896820
8623626;-10.817286;-48.037659;-77.944725;-95.985428
8625632;-11.129552;-48.312958;-78.141159;-96.073074
8627637;-11.441686;-48.587769;-78.336807;-96.159767
8629603;-11.753706;-48.862095;-78.531670;-96.245514
8631605;-12.065634;-49.135963;-78.725777;-96.330315
8633606;-12.377443;-49.409340;-78.919113;-96.414169
8635615;-12.689130;-49.682232;-79.111664;-96.497063
8637740;-13.000690;-49.954636;-79.303436;-96.579018
8639628;-13.312101;-50.226521;-79.494415;-96.660004
8641625;-13.623403;-50.497936;-79.684624;-96.740044
8643629;-13.934570;-50.768852;-79.874039;-96.819130
8645630;-14.245600;-51.039268;-80.062668;-96.897255
8647628;-14.556490;-51.309181;-80.250511;-96.974426
8649646;-14.867234;-51.578583;-80.437561;-97.050644
8651628;-15.177811;-51.847458;-80.623802;-97.125893
8653621;-15.488259;-52.115841;-80.809258;-97.200195
8655632;-15.798555;-52.383709;-80.993912;-97.273529
8657628;-16.108694;-52.651058;-81.177780;-97.345917
8659646;-16.418676;-52.917892;-81.360840;-97.417328
8661611;-16.728497;-53.184204;-81.543098;-97.487793
8663610;-17.038126;-53.449966;-81.724533;-97.557281
8665606;-17.347612;-53.715229;-81.905182;-97.625824
8667603;-17.656927;-53.979950;-82.085022;-97.693382
8669607;-17.966068;-54.244148;-82.264038;-97.759995
8671652;-18.275030;-54.507805;-82.442261;-97.825630
8673635;-18.583813;-54.770927;-82.619667;-97.890305
8675635;-18.892389;-55.033485;-82.796242;-97.954010
8677629;-19.200802;-55.295528;-82.972015;-98.016754
8679627;-19.509026;-55.557014;-83.146957;-98.078522
8681649;-19.817057;-55.817963;-83.321083;-98.139336
8683615;-20.124868;-56.078331;-83.494385;-98.199165
8685607;-20.432505;-56.338173;-83.666870;-98.258034
8687600;-20.739916;-56.597435;-83.838509;-98.315933
8689606;-21.047146;-56.856163;-84.009338;-98.372856
8691606;-21.354168;-57.114323;-84.179344;-98.428810
8693637;-21.660980;-57.371922;-84.348511;-98.483803
8695630;-21.967579;-57.628952;-84.516846;-98.537811
8697625;-22.273960;-57.885422;-84.684357;-98.590858
8699627;-22.580097;-58.141293;-84.851006;-98.642921
8701624;-22.886036;-58.396614;-85.016838;-98.694016
8703639;-23.191748;-58.651360;-85.181824;-98.744133
8705611;-23.497232;-58.905525;-85.345978;-98.793282
8707607;-23.802485;-59.159100;-85.509285;-98.841461
8709601;-24.107500;-59.412098;-85.671745;-98.888649
8711610;-24.412256;-59.664501;-85.833359;-98.934868
8713605;-24.716795;-59.916317;-85.994125;-98.980110
8715652;-25.021088;-60.167549;-86.154045;-99.024368
8717629;-25.325138;-60.418190;-86.313126;-99.067665
8719628;-25.628933;-60.668228;-86.471344;-99.109970
8721626;-25.932476;-60.917675;-86.628708;-99.151306
8723625;-26.235741;-61.166500;-86.785210;-99.191658
8725645;-26.538771;-61.414738;-86.940857;-99.231026
8727605;-26.841539;-61.662365;-87.095657;-99.269424
8729612;-27.144041;-61.909389;-87.249603;-99.306847
8731608;-27.446276;-62.155807;-87.402679;-99.343277
8733610;-27.748240;-62.401604;-87.554893;-99.378731
8735607;-28.049908;-62.646770;-87.706223;-99.413208
8737646;-28.351297;-62.891315;-87.856705;-99.446701
8739625;-28.652430;-63.135254;-88.006317;-99.479218
8741628;-28.953281;-63.378578;-88.155067;-99.510742
8743628;-29.253843;-63.621269;-88.302940;-99.541290
8745626;-29.554098;-63.863327;-88.449944;-99.570854
8747646;-29.854084;-64.104759;-88.596077;-99.599434
8749605;-30.153772;-64.345566;-88.741333;-99.627029
8751608;-30.453163;-64.585732;-88.885719;-99.653648
8753603;-30.752254;-64.825264;-89.029221;-99.679283
8755607;-31.051043;-65.064156;-89.171852;-99.703934
8757606;-31.349501;-65.302391;-89.313583;-99.727592
8759647;-31.647673;-65.539993;-89.454453;-99.750275
8761623;-31.945532;-65.776955;-89.594437;-99.771973
8763627;-32.243076;-66.013268;-89.733528;-99.792679
8765629;-32.540302;-66.248924;-89.871750;-99.812408
8767629;-32.837208;-66.483925;-90.009079;-99.831161
8769641;-33.133766;-66.718254;-90.145508;-99.848907
8771616;-33.430019;-66.951942;-90.281052;-99.865677
8773608;-33.725945;-67.184982;-90.415710;-99.881462
8775609;-34.021534;-67.417336;-90.549469;-99.896263
8777607;-34.316792;-67.649040;-90.682343;-99.910065
8779605;-34.611706;-67.880074;-90.814316;-99.922905
8781645;-34.906258;-68.110420;-90.945389;-99.934746
8783626;-35.200489;-68.340111;-91.075577;-99.945602
8785632;-35.494373;-68.569122;-91.204849;-99.955460
8787628;-35.787903;-68.797470;-91.333237;-99.964348
8789627;-36.081081;-69.025124;-91.460716;-99.972244
8791645;-36.373882;-69.252083;-91.587280;-99.979141
8793606;-36.666325;-69.478363;-91.712952;-99.985077
8795611;-36.958427;-69.703972;-91.837715;-99.990005
8797607;-37.250168;-69.928894;-91.961586;-99.993958
8799607;-37.541534;-70.153130;-92.084541;-99.996918
8801607;-37.832535;-70.376663;-92.206589;-99.998894
8803644;-38.123161;-70.599510;-92.327713;-99.999870
8805629;-38.413387;-70.821640;-92.447937;-99.999878
8807628;-38.703259;-71.043083;-92.567245;-99.998894
8809630;-38.992748;-71.263840;-92.685654;-99.996910
8811626;-39.281853;-71.483871;-92.803131;-99.993950
8813642;-39.426250;-71.593628;-92.861534;-99.992104
8815636;-39.858894;-71.921852;-93.035355;-99.985077
8817626;-40.146805;-72.139755;-93.150078;-99.979149
8819629;-40.434341;-72.356964;-93.263885;-99.972237
8821627;-40.721478;-72.573456;-93.376785;-99.964348
8823648;-41.008209;-72.789230;-93.488754;-99.955460
8825615;-41.294540;-73.004295;-93.599808;-99.945595
8827606;-41.580467;-73.218628;-93.709930;-99.934731
8829599;-41.865955;-73.432228;-93.819130;-99.922905
8831606;-42.151054;-73.645126;-93.927399;-99.910080
8833599;-42.435734;-73.857292;-94.034744;-99.896263
8835642;-42.720001;-74.068726;-94.141159;-99.881462
8837628;-43.003841;-74.279427;-94.246651;-99.865677
8839628;-43.287262;-74.489403;-94.351219;-99.848907
8841624;-43.570229;-74.698624;-94.454834;-99.831154
8843625;-43.852791;-74.907127;-94.557533;-99.812408
8845647;-44.134895;-75.114868;-94.659279;-99.792686
8847607;-44.416592;-75.321892;-94.760117;-99.771973
8849611;-44.697845;-75.528168;-94.860008;-99.750282
8851609;-44.978657;-75.733696;-94.958961;-99.727592
8853610;-45.259007;-75.938461;-95.056984;-99.703934
8855608;-45.538925;-76.142494;-95.154060;-99.679276
8857643;-45.818401;-76.345779;-95.250198;-99.653648
8859634;-46.097420;-76.548309;-95.345413;-99.627029
8861630;-46.375988;-76.750084;-95.439674;-99.599434
8863625;-46.654095;-76.951088;-95.532982;-99.570847
8865633;-46.931721;-77.151337;-95.625366;-99.541298
8867648;-47.208904;-77.350830;-95.716789;-99.510742
8869603;-47.485622;-77.549568;-95.807281;-99.479210
8871607;-47.761871;-77.747520;-95.896828;-99.446701
8873606;-48.037647;-77.944717;-95.985420;-99.413208
8875608;-48.312950;-78.141144;-96.073067;-99.378731
8877778;-48.587757;-78.336784;-96.159760;-99.343277
8879636;-48.862106;-78.531677;-96.245514;-99.306839
8881625;-49.135971;-78.725792;-96.330322;-99.269424
8883626;-49.409351;-78.919113;-96.414169;-99.231026
8885626;-49.682243;-79.111671;-96.497070;-99.191658
8887625;-49.954624;-79.303429;-96.579002;-99.151299
8889649;-50.226532;-79.494415;-96.660004;-99.109970
8891627;-50.497948;-79.684624;-96.740044;-99.067665
8893622;-50.768864;-79.874039;-96.819122;-99.024368
8895629;-51.039280;-80.062675;-96.897255;-98.980103
8897624;-51.309193;-80.250511;-96.974434;-98.934868
8899645;-51.578552;-80.437531;-97.050629;-98.888649
8901606;-51.847446;-80.623787;-97.125885;-98.841454
8903605;-52.115829;-80.809250;-97.200188;-98.793282
8905607;-52.383698;-80.993904;-97.273529;-98.744133
8907611;-52.651054;-81.177773;-97.345909;-98.694016
8909612;-52.917885;-81.360832;-97.417328;-98.642921
8911646;-53.184174;-81.543076;-97.487785;-98.590858
8913628;-53.449959;-81.724525;-97.557281;-98.537811
8915629;-53.715218;-81.905174;-97.625809;-98.483810
8917626;-53.979946;-82.085014;-97.693382;-98.428818
8919627;-54.244137;-82.264038;-97.759987;-98.372856
8921741;-54.507797;-82.442253;-97.825638;-98.315933
8923631;-54.770897;-82.619644;-97.890297;-98.258034
8925626;-55.033482;-82.796227;-97.954010;-98.199173
8927622;-55.295517;-82.972000;-98.016739;-98.139336
8929625;-55.557007;-83.146942;-98.078522;-98.078522
8931628;-55.817951;-83.321083;-98.139336;-98.016754
8933645;-56.078346;-83.494392;-98.199165;-97.954010
8935632;-56.338161;-83.666855;-98.258034;-97.890305
8937622;-56.597446;-83.838509;-98.315933;-97.825630
8939627;-56.856174;-84.009346;-98.372856;-97.759995
8941629;-57.114334;-84.179344;-98.428818;-97.693382
8943646;-57.371933;-84.348511;-98.483803;-97.625824
8945610;-57.628967;-84.516846;-98.537811;-97.557281
8947604;-57.885414;-84.684349;-98.590851;-97.487793
8949603;-58.141304;-84.851006;-98.642921;-97.417343
8951608;-58.396626;-85.016846;-98.694023;-97.345917
8953612;-58.651344;-85.181824;-98.744133;-97.273544
8955643;-58.905514;-85.345970;-98.793282;-97.200203
8957632;-59.159096;-85.509277;-98.841446;-97.125900
8959625;-59.412075;-85.671730;-98.888649;-97.050652
8961628;-59.664490;-85.833344;-98.934860;-96.974434
8963628;-59.916313;-85.994125;-98.980103;-96.897270
8965648;-60.167545;-86.154045;-99.024376;-96.819138
8967617;-60.418182;-86.313118;-99.067665;-96.740051
8969612;-60.668224;-86.471329;-99.109970;-96.660011
8971610;-60.917645;-86.628685;-99.151299;-96.579018
8973607;-61.166489;-86.785194;-99.191650;-96.497070
8975610;-61.414730;-86.940857;-99.231026;-96.414177
8977643;-61.662357;-87.095657;-99.269424;-96.330330
8979630;-61.909382;-87.249588;-99.306847;-96.245529
8981628;-62.155796;-87.402672;-99.343285;-96.159775
8983625;-62.401573;-87.554871;-99.378731;-96.073082
8985635;-62.646759;-87.706223;-99.413208;-95.985428
8987641;-62.891323;-87.856697;-99.446701;-95.896835
8989609;-63.135265;-88.006317;-99.479210;-95.807289
8991606;-63.378590;-88.155067;-99.510742;-95.716805
8993606;-63.621284;-88.302948;-99.541290;-95.625374
8995611;-63.863338;-88.449951;-99.570862;-95.533005
8997666;-64.104774;-88.596077;-99.599434;-95.439682
8999641;-64.345573;-88.741341;-99.627029;-95.345421
9001625;-64.585747;-88.885719;-99.653648;-95.250214
9003624;-64.825279;-89.029228;-99.679283;-95.154076
9005628;-65.064171;-89.171852;-99.703934;-95.056984
9007629;-65.302383;-89.313576;-99.727592;-94.958984
9009641;-65.539993;-89.454445;-99.750282;-94.860031
9011626;-65.776947;-89.594429;-99.771973;-94.760132
9013627;-66.013260;-89.733528;-99.792686;-94.659302
9015629;-66.248917;-89.871750;-99.812408;-94.557549
9017628;-66.483917;-90.009064;-99.831154;-94.454849
9019644;-66.718254;-90.145493;-99.848900;-94.351219
9021612;-66.951942;-90.281044;-99.865685;-94.246674
9023606;-67.184967;-90.415703;-99.881454;-94.141174
9025606;-67.417336;-90.549469;-99.896263;-94.034767
9027608;-67.649033;-90.682327;-99.910072;-93.927406
9029608;-67.880043;-90.814301;-99.922905;-93.819145
9031644;-68.110413;-90.945389;-99.934746;-93.709946
9033624;-68.340096;-91.075554;-99.945595;-93.599815
9035633;-68.569115;-91.204849;-99.955460;-93.488777
9037630;-68.797455;-91.333237;-99.964348;-93.376801
9039629;-69.025116;-91.460709;-99.972244;-93.263901
9041645;-69.252083;-91.587280;-99.979149;-93.150101
9043603;-69.478378;-91.712959;-99.985069;-93.035362
9045609;-69.703987;-91.837723;-99.990013;-92.919716
9047609;-69.928902;-91.961586;-99.993942;-92.803139
9049607;-70.153137;-92.084541;-99.996910;-92.685654
9051610;-70.376678;-92.206589;-99.998894;-92.567268
9053643;-70.599503;-92.327713;-99.999878;-92.447952
9055631;-70.821648;-92.447945;-99.999878;-92.327728
9057627;-71.043098;-92.567253;-99.998894;-92.206596
9059624;-71.263847;-92.685654;-99.996910;-92.084541
9061628;-71.483871;-92.803131;-99.993950;-91.961601
9063652;-71.703209;-92.919693;-99.989998;-91.837738
9065632;-71.921829;-93.035339;-99.985077;-91.712982
9067629;-72.139755;-93.150070;-99.979149;-91.587303
9069627;-72.356949;-93.263885;-99.972237;-91.460732
9071627;-72.573456;-93.376785;-99.964348;-91.333244
9073628;-72.789230;-93.488754;-99.955460;-91.204857
9075646;-73.004295;-93.599808;-99.945602;-91.075584
9077608;-73.218613;-93.709923;-99.934746;-90.945412
9079601;-73.432228;-93.819115;-99.922905;-90.814331
9081604;-73.645126;-93.927399;-99.910080;-90.682358
9083605;-73.857292;-94.034744;-99.896263;-90.549484
9085646;-74.068726;-94.141159;-99.881454;-90.415718
9087608;-74.279434;-94.246658;-99.865685;-90.281067
9089603;-74.489388;-94.351212;-99.848915;-90.145523
9091603;-74.698624;-94.454834;-99.831161;-90.009079
9093603;-74.907127;-94.557533;-99.812408;-89.871758
9095609;-75.114883;-94.659294;-99.792686;-89.733543
9097636;-75.321899;-94.760117;-99.771973;-89.594444
9099612;-75.528183;-94.860016;-99.750282;-89.454468
9101605;-75.733711;-94.958969;-99.727592;-89.313591
9103613;-75.938477;-95.056984;-99.703934;-89.171860
9105605;-76.142525;-95.154068;-99.679276;-89.029221
9107641;-76.345787;-95.250214;-99.653648;-88.885727
9109608;-76.548302;-95.345398;-99.627045;-88.741364
9111615;-76.750092;-95.439674;-99.599442;-88.596085
9113611;-76.951096;-95.532990;-99.570862;-88.449959
9115603;-77.151337;-95.625359;-99.541298;-88.302971
9117607;-77.350845;-95.716797;-99.510742;-88.155075
9119644;-77.549561;-95.807281;-99.479225;-88.006340
9121608;-77.747513;-95.896820;-99.446709;-87.856743
9123612;-77.944717;-95.985420;-99.413216;-87.706245
9125603;-78.141136;-96.073059;-99.378738;-87.554901
9127604;-78.336807;-96.159767;-99.343285;-87.402679
9129607;-78.531677;-96.245514;-99.306847;-87.249611
9131643;-78.725777;-96.330307;-99.269440;-87.095688
9133626;-78.919121;-96.414169;-99.231033;-86.940872
9135632;-79.111656;-96.497063;-99.191666;-86.785233
9137628;-79.303444;-96.579018;-99.151306;-86.628708
9139622;-79.494415;-96.660004;-99.109970;-86.471352
9141631;-79.684639;-96.740044;-99.067665;-86.313118
9143607;-79.874046;-96.819130;-99.024376;-86.154060
9145608;-80.062660;-96.897247;-98.980118;-85.994156
9147611;-80.250511;-96.974426;-98.934868;-85.833366
9149606;-80.437546;-97.050636;-98.888657;-85.671768
9151648;-80.623817;-97.125900;-98.841461;-85.509285
9153608;-80.809258;-97.200195;-98.793289;-85.345993
9155605;-80.993912;-97.273529;-98.744141;-85.181854
9157604;-81.177780;-97.345917;-98.694016;-85.016846
9159607;-81.360832;-97.417328;-98.642921;-84.851036
9161602;-81.543098;-97.487793;-98.590858;-84.684349
9163642;-81.724533;-97.557281;-98.537811;-84.516861
9165636;-81.905197;-97.625824;-98.483795;-84.348511
9167631;-82.085022;-97.693375;-98.428818;-84.179352
9169628;-82.264038;-97.759979;-98.372864;-84.009361
9171630;-82.442261;-97.825623;-98.315933;-83.838524
9173643;-82.619652;-97.890305;-98.258041;-83.666885
9175611;-82.796249;-97.954010;-98.199165;-83.494377
9177607;-82.972008;-98.016754;-98.139336;-83.321083
9179603;-83.146942;-98.078514;-98.078522;-83.146973
9181607;-83.321091;-98.139336;-98.016754;-82.972008
9183604;-83.494377;-98.199158;-97.954010;-82.796249
9185646;-83.666878;-98.258034;-97.890297;-82.619652
9187628;-83.838524;-98.315933;-97.825623;-82.442261
9189628;-84.009369;-98.372864;-97.759987;-82.264038
9191626;-84.179352;-98.428818;-97.693382;-82.085022
9193626;-84.348511;-98.483803;-97.625824;-81.905197
9195644;-84.516838;-98.537804;-97.557289;-81.724564
9197604;-84.684326;-98.590836;-97.487793;-81.543121
9199603;-84.851006;-98.642906;-97.417343;-81.360855
9201610;-85.016823;-98.694008;-97.345924;-81.177811
9203609;-85.181801;-98.744125;-97.273552;-80.993965
9205613;-85.345963;-98.793274;-97.200203;-80.809280
9207642;-85.509262;-98.841438;-97.125916;-80.623840
9209631;-85.671738;-98.888641;-97.050644;-80.437576
9211629;-85.833344;-98.934868;-96.974442;-80.250542
9213623;-85.994102;-98.980095;-96.897278;-80.062714
9215633;-86.154037;-99.024368;-96.819138;-79.874069
9217639;-86.313095;-99.067650;-96.740051;-79.684669
9219612;-86.471329;-99.109962;-96.660011;-79.494438
9221610;-86.628685;-99.151299;-96.579025;-79.303467
9223608;-86.785210;-99.191650;-96.497070;-79.111687
9225609;-86.940849;-99.231026;-96.414169;-78.919136
9227605;-87.095634;-99.269417;-96.330330;-78.725830
9229641;-87.249588;-99.306831;-96.245529;-78.531708
9231627;-87.402657;-99.343269;-96.159782;-78.336838
9233627;-87.554878;-99.378731;-96.073074;-78.141167
9235629;-87.706215;-99.413208;-95.985428;-77.944740
9237628;-87.856689;-99.446693;-95.896843;-77.747559
9239648;-88.006317;-99.479202;-95.807289;-77.549583
9241618;-88.155052;-99.510735;-95.716812;-77.350868
9243611;-88.302948;-99.541290;-95.625374;-77.151360
9245610;-88.449944;-99.570854;-95.533005;-76.951126
9247607;-88.596085;-99.599434;-95.439682;-76.750092
9249658;-88.741333;-99.627029;-95.345413;-76.548325
9251645;-88.885704;-99.653648;-95.250229;-76.345810
9253628;-89.029221;-99.679276;-95.154076;-76.142525
9255633;-89.171837;-99.703926;-95.056999;-75.938507
9257621;-89.313599;-99.727592;-94.958969;-75.733704
9259625;-89.454453;-99.750275;-94.860016;-75.528191
9261641;-89.594421;-99.771973;-94.760132;-75.321930
9263626;-89.733536;-99.792686;-94.659302;-75.114891
9265629;-89.871742;-99.812408;-94.557549;-74.907150
9267627;-90.009079;-99.831154;-94.454834;-74.698639
9269626;-90.145508;-99.848907;-94.351219;-74.489418
9271643;-90.281067;-99.865685;-94.246658;-74.279427
9273606;-90.415703;-99.881454;-94.141167;-74.068741
9275609;-90.549461;-99.896255;-94.034752;-73.857323
9277609;-90.682343;-99.910072;-93.927406;-73.645142
9279610;-90.814308;-99.922905;-93.819138;-73.432259
9281604;-90.945396;-99.934738;-93.709930;-73.218628
9283644;-91.075569;-99.945595;-93.599815;-73.004303
9285633;-91.204849;-99.955460;-93.488777;-72.789261
9287624;-91.333237;-99.964340;-93.376793;-72.573463
9289627;-91.460709;-99.972237;-93.263916;-72.356987
9291629;-91.587296;-99.979149;-93.150078;-72.139763
9293648;-91.712967;-99.985069;-93.035355;-71.921860
9295613;-91.837738;-99.989998;-92.919693;-71.703217
9297608;-91.961601;-99.993958;-92.803146;-71.483887
9299604;-92.084541;-99.996910;-92.685661;-71.263863
9301608;-92.206596;-99.998894;-92.567261;-71.043098
9303608;-92.327705;-99.999878;-92.447975;-70.821701
9305645;-92.447945;-99.999878;-92.327736;-70.599533
9307636;-92.567245;-99.998894;-92.206612;-70.376709
9309623;-92.685638;-99.996918;-92.084572;-70.153191
9311625;-92.803131;-99.993958;-91.961609;-69.928940
9313624;-92.919693;-99.990005;-91.837753;-69.704033
9315647;-93.035355;-99.985077;-91.712975;-69.478409
9317611;-93.150070;-99.979149;-91.587311;-69.252136
9319608;-93.263885;-99.972244;-91.460739;-69.025169
9321603;-93.376785;-99.964348;-91.333244;-68.797493
9323608;-93.488747;-99.955467;-91.204880;-68.569168
9325613;-93.599800;-99.945595;-91.075584;-68.340134
9327644;-93.709923;-99.934746;-90.945412;-68.110466
9329628;-93.819130;-99.922905;-90.814323;-67.880081
9331627;-93.927399;-99.910080;-90.682358;-67.649063
9333628;-94.034737;-99.896263;-90.549500;-67.417381
9335635;-94.141159;-99.881462;-90.415718;-67.185005
9337640;-94.246643;-99.865685;-90.281075;-66.951988
9339628;-94.351212;-99.848907;-90.145523;-66.718285
9341625;-94.454834;-99.831161;-90.009094;-66.483963
9343622;-94.557526;-99.812408;-89.871773;-66.248970
9345624;-94.659294;-99.792686;-89.733551;-66.013290
9347645;-94.760117;-99.771973;-89.594460;-65.777000
9349610;-94.860016;-99.750282;-89.454468;-65.540024
9351609;-94.958969;-99.727600;-89.313614;-65.302444
9353605;-95.056999;-99.703941;-89.171860;-65.064171
9355607;-95.154068;-99.679291;-89.029243;-64.825294
9357606;-95.250206;-99.653656;-88.885750;-64.585785
9359644;-95.345413;-99.627037;-88.741348;-64.345589
9361632;-95.439674;-99.599442;-88.596107;-64.104805
9363627;-95.532997;-99.570862;-88.449959;-63.863350
9365625;-95.625374;-99.541298;-88.302963;-63.621307
9367627;-95.716789;-99.510742;-88.155098;-63.378632
9369646;-95.807289;-99.479218;-88.006332;-63.135292
9371610;-95.896828;-99.446709;-87.856735;-62.891365
9373606;-95.985428;-99.413216;-87.706238;-62.646782
9375607;-96.073074;-99.378738;-87.554901;-62.401615
9377606;-96.159782;-99.343285;-87.402672;-62.155796
9379756;-96.245522;-99.306847;-87.249603;-61.909401
9381630;-96.330322;-99.269440;-87.095680;-61.662399
9383629;-96.414177;-99.231033;-86.940872;-61.414749
9385627;-96.497070;-99.191666;-86.785233;-61.166527
9387626;-96.579018;-99.151306;-86.628708;-60.917671
9389622;-96.660011;-99.109978;-86.471352;-60.668243
9391638;-96.740044;-99.067673;-86.313141;-60.418217
9393610;-96.819138;-99.024376;-86.154053;-60.167564
9395607;-96.897255;-98.980110;-85.994148;-59.916348
9397606;-96.974442;-98.934868;-85.833366;-59.664505
9399608;-97.050652;-98.888657;-85.671761;-59.412109
9401645;-97.125916;-98.841454;-85.509285;-59.159096
9403612;-97.200203;-98.793282;-85.345985;-58.905529
9405608;-97.273544;-98.744141;-85.181847;-58.651386
9407610;-97.345924;-98.694016;-85.016838;-58.396626
9409604;-97.417343;-98.642937;-84.851028;-58.141327
9411608;-97.487793;-98.590866;-84.684372;-57.885456
9413650;-97.557281;-98.537827;-84.516884;-57.629005
9415631;-97.625809;-98.483818;-84.348557;-57.371990
9417627;-97.693382;-98.428825;-84.179375;-57.114376
9419622;-97.759987;-98.372879;-84.009384;-56.856232
9421624;-97.825630;-98.315941;-83.838539;-56.597485
9423651;-97.890297;-98.258049;-83.666901;-56.338223
9425607;-97.954010;-98.199173;-83.494400;-56.078362
9427609;-98.016754;-98.139343;-83.321114;-55.817993
9429607;-98.078522;-98.078537;-83.146988;-55.557072
9431606;-98.139336;-98.016762;-82.972031;-55.295555
9433611;-98.199165;-97.954025;-82.796272;-55.033539
9435648;-98.258034;-97.890305;-82.619675;-54.770935
9437630;-98.315933;-97.825638;-82.442284;-54.507839
9439632;-98.372856;-97.759995;-82.264076;-54.244198
9441624;-98.428818;-97.693390;-82.085045;-53.979988
9443621;-98.483803;-97.625824;-81.905220;-53.715279
9445646;-98.537811;-97.557289;-81.724564;-53.450001
9447608;-98.564461;-97.522667;-81.633942;-53.317184
9449608;-98.642929;-97.417336;-81.360855;-52.917904
9451603;-98.694023;-97.345932;-81.177811;-52.651096
9453603;-98.744133;-97.273552;-80.993950;-52.383762
9455607;-98.793289;-97.200211;-80.809280;-52.115868
9457647;-98.841454;-97.125916;-80.623833;-51.847504
9459630;-98.888657;-97.050652;-80.437569;-51.578594
9461629;-98.934868;-96.974442;-80.250534;-51.309212
9463625;-98.980103;-96.897270;-80.062706;-51.039322
9465628;-99.024376;-96.819130;-79.874062;-50.768883
9467642;-99.067665;-96.740059;-79.684654;-50.497990
9469614;-99.109978;-96.660004;-79.494438;-50.226559
9471607;-99.151306;-96.579025;-79.303459;-49.954670
9473609;-99.191666;-96.497070;-79.111679;-49.682247
9475608;-99.231033;-96.414169;-78.919136;-49.409370
9477658;-99.269424;-96.330330;-78.725815;-49.136013
9479642;-99.306847;-96.245522;-78.531693;-48.862125
9481628;-99.343285;-96.159782;-78.336830;-48.587803
9483624;-99.378738;-96.073067;-78.141151;-48.312950
9485629;-99.413208;-95.985428;-77.944740;-48.037670
9487628;-99.446701;-95.896843;-77.747559;-47.761913
9489644;-99.479218;-95.807289;-77.549576;-47.485645
9491617;-99.510742;-95.716805;-77.350861;-47.208942
9493610;-99.541298;-95.625374;-77.151344;-46.931736
9495610;-99.570862;-95.533005;-76.951111;-46.654110
9497615;-99.599442;-95.439690;-76.750114;-46.376026
9499614;-99.627037;-95.345413;-76.548317;-46.097439
9501647;-99.653656;-95.250221;-76.345810;-45.818443
9503626;-99.679283;-95.154068;-76.142517;-45.538944
9505628;-99.703934;-95.056992;-75.938492;-45.259045
9507627;-99.727600;-94.958969;-75.733696;-44.978653
9509624;-99.750282;-94.860016;-75.528183;-44.697865
9511644;-99.771973;-94.760132;-75.321922;-44.416630
9513632;-99.792686;-94.659302;-75.114891;-44.134918
9515635;-99.812408;-94.557541;-74.907143;-43.852810
9517628;-99.831161;-94.454834;-74.698624;-43.570225
9519626;-99.848907;-94.351234;-74.489441;-43.287300
9521644;-99.865677;-94.246674;-74.279480;-43.003906
9523611;-99.881462;-94.141182;-74.068764;-42.720039
9525607;-99.896263;-94.034775;-73.857346;-42.435802
9527606;-99.910072;-93.927406;-73.645157;-42.151093
9529604;-99.922905;-93.819145;-73.432281;-41.866016
9531662;-99.934746;-93.709938;-73.218658;-41.580482
9533645;-99.945602;-93.599823;-73.004326;-41.294582
9535639;-99.955460;-93.488785;-72.789276;-41.008274
9537629;-99.964348;-93.376801;-72.573486;-40.721519
9539627;-99.972244;-93.263916;-72.357010;-40.434402
9541627;-99.979149;-93.150093;-72.139786;-40.146847
9543644;-99.985069;-93.035370;-71.921883;-39.858932
9545615;-99.990005;-92.919724;-71.703262;-39.570629
9547607;-99.993958;-92.803154;-71.483910;-39.281891
9549603;-99.996910;-92.685669;-71.263885;-38.992809
9551607;-99.998894;-92.567268;-71.043114;-38.703300
9553641;-99.999878;-92.447960;-70.821686;-38.413452
9555608;-99.999878;-92.327728;-70.599518;-38.123180
9557605;-99.998894;-92.206604;-70.376694;-37.832581
9559609;-99.996918;-92.084564;-70.153168;-37.541599
9561604;-99.993958;-91.961601;-69.928925;-37.250210
9563600;-99.992104;-91.899780;-69.816559;-37.104397
9565644;-99.985077;-91.712967;-69.478394;-36.666370
9567632;-99.979149;-91.587296;-69.252121;-36.373924
9569627;-99.972244;-91.460732;-69.025154;-36.081123
9571622;-99.964348;-91.333237;-68.797478;-35.787922
9573625;-99.955467;-91.204872;-68.569160;-35.494415
9575648;-99.945602;-91.075577;-68.340126;-35.200508
9577614;-99.934746;-90.945396;-68.110451;-34.906300
9579611;-99.922905;-90.814316;-67.880074;-34.611702
9581606;-99.910080;-90.682343;-67.649063;-34.316811
9583604;-99.896263;-90.549484;-67.417374;-34.021576
9585603;-99.881462;-90.415710;-67.184990;-33.725964
9587647;-99.865685;-90.281067;-66.951981;-33.430061
9589630;-99.848907;-90.145508;-66.718277;-33.133785
9591626;-99.831161;-90.009079;-66.483948;-32.837227
9593626;-99.812416;-89.871773;-66.248962;-32.540344
9595632;-99.792686;-89.733543;-66.013283;-32.243095
9597648;-99.771973;-89.594452;-65.776993;-31.945574
9599612;-99.750282;-89.454460;-65.540016;-31.647694
9601612;-99.727600;-89.313606;-65.302429;-31.349543
9603608;-99.703934;-89.171844;-65.064156;-31.051041
9605603;-99.679283;-89.029228;-64.825287;-30.752274
9607664;-99.653656;-88.885727;-64.585770;-30.453205
9609643;-99.627037;-88.741341;-64.345581;-30.153790
9611626;-99.599442;-88.596092;-64.104797;-29.854124
9613627;-99.570862;-88.449951;-63.863342;-29.554117
9615631;-99.541298;-88.302956;-63.621288;-29.253864
9617624;-99.510750;-88.155083;-63.378620;-28.953323
9619646;-99.479218;-88.006332;-63.135277;-28.652454
9621606;-99.446709;-87.856720;-62.891354;-28.351339
9623613;-99.413208;-87.706223;-62.646763;-28.049904
9625608;-99.378738;-87.554886;-62.401604;-27.748236
9627611;-99.343285;-87.402710;-62.155853;-27.446342
9629655;-99.306854;-87.249619;-61.909424;-27.144087
9631642;-99.269440;-87.095695;-61.662418;-26.841608
9633628;-99.231041;-86.940887;-61.414772;-26.538816
9635632;-99.191666;-86.785240;-61.166550;-26.235807
9637631;-99.151314;-86.628716;-60.917694;-25.932497
9639627;-99.109985;-86.471359;-60.668270;-25.628975
9641645;-99.067673;-86.313156;-60.418247;-25.325203
9643608;-99.024384;-86.154076;-60.167587;-25.021135
9645613;-98.980118;-85.994164;-59.916370;-24.716864
9647609;-98.934868;-85.833374;-59.664528;-24.412302
9649611;-98.888657;-85.671776;-59.412148;-24.107546
9651648;-98.841461;-85.509323;-59.159161;-23.802553
9653610;-98.793289;-85.346001;-58.905560;-23.497278
9655605;-98.744148;-85.181854;-58.651413;-23.191816
9657607;-98.694023;-85.016861;-58.396656;-22.886082
9659605;-98.642937;-84.851036;-58.141350;-22.580166
9661601;-98.590866;-84.684357;-57.885437;-22.273981
9663643;-98.537827;-84.516869;-57.628994;-21.967623
9665634;-98.483810;-84.348541;-57.371975;-21.661049
9667625;-98.428825;-84.179367;-57.114365;-21.354216
9669623;-98.372871;-84.009377;-56.856216;-21.047215
9671624;-98.315941;-83.838531;-56.597473;-20.739962
9673644;-98.258049;-83.666893;-56.338207;-20.432550
9675616;-98.199181;-83.494415;-56.078392;-20.124937
9677607;-98.139343;-83.321091;-55.817986;-19.817080
9679609;-98.078537;-83.146980;-55.557053;-19.509069
9681614;-98.016754;-82.972023;-55.295540;-19.200823
9683609;-97.954025;-82.796265;-55.033527;-18.892435
9685649;-97.890312;-82.619667;-54.770927;-18.583813
9687626;-97.825638;-82.442276;-54.507828;-18.275051
9689627;-97.760002;-82.264069;-54.244186;-17.966112
9691626;-97.693398;-82.085030;-53.979969;-17.656950
9693626;-97.625824;-81.905205;-53.715263;-17.347656
9695641;-97.557297;-81.724556;-53.449989;-17.038151
9697611;-97.487801;-81.543114;-53.184223;-16.728516
9699610;-97.417351;-81.360863;-52.917934;-16.418722
9701605;-97.345924;-81.177795;-52.651077;-16.108715
9703612;-97.273552;-80.993942;-52.383751;-15.798600
9705605;-97.200203;-80.809265;-52.115856;-15.488280
9707643;-97.125916;-80.623833;-51.847500;-15.177855
9709628;-97.050652;-80.437561;-51.578583;-14.867234
9711628;-96.974442;-80.250526;-51.309196;-14.556512
9713627;-96.897270;-80.062698;-51.039303;-14.245646
9715630;-96.819138;-79.874054;-50.768875;-13.934594
9717648;-96.740051;-79.684647;-50.497978;-13.623447
9719605;-96.660011;-79.494438;-50.226547;-13.312123
9721611;-96.579018;-79.303452;-49.954659;-13.000715
9723603;-96.497086;-79.111694;-49.682274;-12.689177
9725604;-96.414177;-78.919128;-49.409367;-12.377469
9727603;-96.330330;-78.725815;-49.136002;-12.065681
9729641;-96.245522;-78.531685;-48.862118;-11.753729
9731629;-96.159782;-78.336815;-48.587791;-11.441710
9733627;-96.073074;-78.141144;-48.312943;-11.129528
9735627;-95.985443;-77.944763;-48.037701;-10.817334
9737627;-95.896851;-77.747574;-47.761940;-10.504982
9739635;-95.807304;-77.549599;-47.485668;-10.192481
9741618;-95.716820;-77.350876;-47.208969;-9.879929
9743602;-95.625381;-77.151375;-46.931774;-9.567231
9745605;-95.533012;-76.951126;-46.654148;-9.254485
9747607;-95.439697;-76.750130;-46.376053;-8.941645
9749659;-95.345428;-76.548347;-46.097469;-8.628673
9751632;-95.250237;-76.345840;-45.818474;-8.315664
9753627;-95.154083;-76.142532;-45.538975;-8.002522
9755627;-95.057007;-75.938515;-45.259075;-7.689351
9757628;-94.958984;-75.733719;-44.978683;-7.376054
9759626;-94.860039;-75.528206;-44.697891;-7.062733
9761632;-94.760147;-75.321945;-44.416664;-6.749347
9763607;-94.659309;-75.114906;-44.134949;-6.435842
9765607;-94.557556;-74.907166;-43.852840;-6.122318
9767605;-94.454849;-74.698654;-43.570255;-5.808687
9769603;-94.351234;-74.489433;-43.287292;-5.495053
9771773;-94.246681;-74.279472;-43.003891;-5.181360
9773632;-94.141182;-74.068748;-42.720032;-4.867568
9775627;-94.034767;-73.857323;-42.435791;-4.553777
9777626;-93.927414;-73.645142;-42.151081;-4.239893
9779625;-93.819145;-73.432274;-41.866005;-3.926015
9781628;-93.709961;-73.218681;-41.580513;-3.612101
9783645;-93.599823;-73.004318;-41.294571;-3.298101
9785611;-93.488785;-72.789276;-41.008263;-2.984113
9787610;-93.376801;-72.573486;-40.721504;-2.670053
9789607;-93.263916;-72.357002;-40.434387;-2.356008
9791610;-93.150093;-72.139778;-40.146832;-2.041897
9793603;-93.035370;-71.921875;-39.858921;-1.727813
9795646;-92.919724;-71.703255;-39.570618;-1.413712
9797632;-92.803154;-71.483902;-39.281879;-1.099551
9799626;-92.685677;-71.263878;-38.992802;-0.785425
9801629;-92.567268;-71.043106;-38.703289;-0.471240
9803628;-92.447960;-70.821678;-38.413437;-0.157103
9805646;-92.327744;-70.599548;-38.123215;0.157037
9807607;-92.206596;-70.376678;-37.832565;0.471225
9809607;-92.084564;-70.153168;-37.541588;0.785357
9811606;-91.961601;-69.928917;-37.250198;1.099530
9813608;-91.837738;-69.704010;-36.958477;1.413649
9815609;-91.712967;-69.478386;-36.666351;1.727799
9817641;-91.587296;-69.252106;-36.373909;2.041882
9819633;-91.460732;-69.025146;-36.081112;2.355942
9821626;-91.333237;-68.797462;-35.787907;2.670038
9823627;-91.204865;-68.569145;-35.494396;2.984050
9825628;-91.075569;-68.340111;-35.200493;3.298083
9827636;-90.945396;-68.110435;-34.906284;3.612032
9829615;-90.814331;-67.880096;-34.611732;3.925952
9831606;-90.682343;-67.649048;-34.316792;4.239875
9833604;-90.549484;-67.417358;-34.021561;4.553714
9835608;-90.415703;-67.184975;-33.725948;4.867554
9837657;-90.281067;-66.951973;-33.430046;5.181298
9839641;-90.145508;-66.718262;-33.133770;5.495036
9841629;-90.009079;-66.483925;-32.837208;5.808675
9843628;-89.871780;-66.248978;-32.540379;6.122208
9845630;-89.733559;-66.013306;-32.243126;6.435773
9847621;-89.594475;-65.777016;-31.945606;6.749230
9849653;-89.454475;-65.540031;-31.647718;7.062671
9851635;-89.313622;-65.302452;-31.349575;7.375991
9853630;-89.171890;-65.064224;-31.051115;7.689235
9855631;-89.029243;-64.825302;-30.752300;8.002457
9857629;-88.885750;-64.585793;-30.453236;8.315548
9859668;-88.741356;-64.345604;-30.153820;8.628607
9861632;-88.596107;-64.104820;-29.854155;8.941537
9863625;-88.449959;-63.863361;-29.554144;9.254423
9865630;-88.302971;-63.621319;-29.253897;9.567163
9867629;-88.155106;-63.378639;-28.953352;9.879816
9869624;-88.006340;-63.135303;-28.652477;10.192418
9871642;-87.856735;-62.891365;-28.351370;10.504871
9873611;-87.706238;-62.646782;-28.049931;10.817268
9875607;-87.554901;-62.401623;-27.748268;11.129514
9877609;-87.402702;-62.155842;-27.446327;11.441645
9879607;-87.249611;-61.909412;-27.144068;11.753711
9881662;-87.095680;-61.662407;-26.841587;12.065619
9883643;-86.940872;-61.414753;-26.538795;12.377453
9885632;-86.785233;-61.166538;-26.235794;12.689114
9887627;-86.628708;-60.917675;-25.932482;13.000697
9889628;-86.471352;-60.668255;-25.628960;13.312110
9891627;-86.313148;-60.418224;-25.325186;13.623386
9893642;-86.154060;-60.167568;-25.021114;13.934576
9895606;-85.994148;-59.916351;-24.716843;14.245587
9897604;-85.833374;-59.664516;-24.412287;14.556498
9899610;-85.671761;-59.412121;-24.107525;14.867219
9901605;-85.509315;-59.159149;-23.802540;15.177790
9903650;-85.345993;-58.905540;-23.497257;15.488264
9905610;-85.181847;-58.651394;-23.191797;15.798542
9907602;-85.016846;-58.396633;-22.886063;16.108704
9909605;-84.851036;-58.141335;-22.580147;16.418659
9911609;-84.684349;-57.885422;-22.273960;16.728508
9913607;-84.516861;-57.628979;-21.967602;17.038137
9915634;-84.348534;-57.371964;-21.661028;17.347599
9917606;-84.179352;-57.114346;-21.354198;17.656935
9919613;-84.009369;-56.856201;-21.047199;17.966049
9921605;-83.838524;-56.597458;-20.739946;18.275034
9923602;-83.666878;-56.338196;-20.432537;18.583792
9925653;-83.494408;-56.078373;-20.124918;18.892374
9927632;-83.321091;-55.817963;-19.817062;19.200808
9929626;-83.146973;-55.557037;-19.509060;19.509007
9931626;-82.972008;-55.295528;-19.200806;19.817062
9933630;-82.796249;-55.033504;-18.892420;20.124874
9935625;-82.619652;-54.770912;-18.583801;20.432535
9937627;-82.442261;-54.507805;-18.275034;20.739948
9939612;-82.264069;-54.244171;-17.966097;21.047157
9941606;-82.085022;-53.979950;-17.656929;21.354198
9943616;-81.905197;-53.715248;-17.347639;21.660986
9945606;-81.724533;-53.449966;-17.038128;21.967611
9947649;-81.543098;-53.184204;-16.728502;22.273966
9949611;-81.360855;-52.917908;-16.418699;22.580109
9951609;-81.177811;-52.651096;-16.108746;22.886023
9953609;-80.993965;-52.383770;-15.798632;23.191708
9955610;-80.809288;-52.115887;-15.488315;23.497215
9957608;-80.623840;-51.847519;-15.177881;23.802441
9959644;-80.437599;-51.578640;-14.867309;24.107441
9961630;-80.250534;-51.309216;-14.556536;24.412241
9963630;-80.062714;-51.039333;-14.245677;24.716755
9965627;-79.874077;-50.768898;-13.934621;25.021070
9967627;-79.684669;-50.498001;-13.623482;25.325098
9969640;-79.494446;-50.226570;-13.312152;25.628916
9971611;-79.303474;-49.954681;-13.000745;25.932434
9973606;-79.111710;-49.682297;-12.689203;26.235699
9975604;-78.919151;-49.409382;-12.377498;26.538757
9977602;-78.725830;-49.136021;-12.065715;26.841494
9979607;-78.531708;-48.862137;-11.753765;27.144028
9981642;-78.336838;-48.587811;-11.441737;27.446234
9983634;-78.141197;-48.313011;-11.129609;27.748173
9985630;-77.944756;-48.037685;-10.817322;28.049887
9987629;-77.747574;-47.761936;-10.504970;28.351276
9989621;-77.549591;-47.485657;-10.192463;28.652439
9991651;-77.350876;-47.208958;-9.879914;28.953262
9993634;-77.151367;-46.931755;-9.567213;29.253853
9995628;-76.951126;-46.654129;-9.254464;29.554104
9997630;-76.750122;-46.376045;-8.941629;29.854065
9999624;-76.548340;-46.097458;-8.628657;30.153774
10001649;-76.345825;-45.818459;-8.315647;30.453142
10003608;-76.142525;-45.538960;-8.002504;30.752260
10005606;-75.938507;-45.259064;-7.689330;31.051025
10007609;-75.733742;-44.978718;-7.376093;31.349480
10009604;-75.528191;-44.697876;-7.062716;31.647678
10011602;-75.321938;-44.416645;-6.749332;31.945511
10013648;-75.114906;-44.134937;-6.435829;32.243080
10015638;-74.907158;-43.852825;-6.122303;32.540287
10017625;-74.698639;-43.570240;-5.808675;32.837208
10019625;-74.489418;-43.287273;-5.495039;33.133770
10021629;-74.279465;-43.003876;-5.181345;33.430004
10023649;-74.068741;-42.720013;-4.867554;33.725948
10025613;-73.857323;-42.435772;-4.553762;34.021519
10027608;-73.645142;-42.151062;-4.239875;34.316795
10029614;-73.432266;-41.865993;-3.926003;34.611687
10031607;-73.218666;-41.580505;-3.612086;34.906239
10033607;-73.004303;-41.294552;-3.298077;35.200493
10035645;-72.789261;-41.008247;-2.984095;35.494354
10037631;-72.573471;-40.721489;-2.670035;35.787903
10039625;-72.356987;-40.434368;-2.355990;36.081062
10041627;-72.139763;-40.146812;-2.041879;36.373909
10043623;-71.921860;-39.858906;-1.727799;36.666351
10045651;-71.703247;-39.570599;-1.413697;36.958431
10047613;-71.483887;-39.281857;-1.099533;37.250195
10049604;-71.263863;-38.992779;-0.785410;37.541538
10051605;-71.043098;-38.703270;-0.471225;37.832561
10053602;-70.821671;-38.413425;-0.157088;38.123169
10055608;-70.599533;-38.123192;0.157055;38.413395
10057650;-70.376678;-37.832554;0.471237;38.703289
10059627;-70.153191;-37.541618;0.785324;38.992702
10061622;-69.928940;-37.250225;1.099503;39.281837
10063625;-69.704033;-36.958508;1.413617;39.570530
10065626;-69.478439;-36.666428;1.727718;39.858833
10067647;-69.252129;-36.373936;2.041852;40.146793
10069611;-69.025169;-36.081135;2.355912;40.434307
10071614;-68.797493;-35.787937;2.669999;40.721462
10073607;-68.569168;-35.494431;2.984017;41.008171
10075603;-68.340134;-35.200520;3.298053;41.294529
10077607;-68.110466;-34.906315;3.612003;41.580421
10079649;-67.880119;-34.611759;3.925922;41.865925
10081632;-67.649063;-34.316822;4.239851;42.151043
10083624;-67.417389;-34.021587;4.553685;42.435699
10085629;-67.185005;-33.725975;4.867524;42.719994
10087623;-66.951988;-33.430073;5.181271;43.003807
10089645;-66.718323;-33.133842;5.494955;43.287205
10091612;-66.483955;-32.837238;5.808645;43.570213
10093613;-66.248970;-32.540356;6.122226;43.852760
10095615;-66.013298;-32.243111;6.435794;44.134903
10097609;-65.777000;-31.945583;6.749254;44.416584
10099612;-65.540024;-31.647709;7.062685;44.697849
10101646;-65.302437;-31.349554;7.376009;44.978649
10103632;-65.064201;-31.051100;7.689259;45.258991
10105630;-64.825294;-30.752289;8.002475;45.538937
10107627;-64.585785;-30.453215;8.315569;45.818390
10109626;-64.345589;-30.153803;8.628628;46.097427
10111644;-64.104805;-29.854137;8.941558;46.375973
10113607;-63.863392;-29.554176;9.254390;46.654064
10115610;-63.621307;-29.253881;9.567186;46.931728
10117605;-63.378628;-28.953335;9.879833;47.208889
10119606;-63.135292;-28.652468;10.192436;47.485630
10121601;-62.891365;-28.351358;10.504887;47.761856
10123639;-62.646778;-28.049913;10.817286;48.037659
10125631;-62.401615;-27.748251;11.129525;48.312939
10127627;-62.155830;-27.446308;11.441666;48.587746
10129627;-61.909401;-27.144051;11.753729;48.862118
10131628;-61.662399;-26.841578;12.065631;49.135956
10133643;-61.414749;-26.538780;12.377468;49.409363
10135613;-61.166527;-26.235771;12.689132;49.682236
10137610;-60.917706;-25.932512;13.000668;49.954613
10139612;-60.668243;-25.628944;13.312125;50.226547
10141608;-60.418217;-25.325171;13.623405;50.497936
10143609;-60.167564;-25.021103;13.934591;50.768864
10145643;-59.916348;-24.716827;14.245600;51.039268
10147633;-59.664505;-24.412271;14.556515;51.309204
10149624;-59.412109;-24.107510;14.867237;51.578583
10151627;-59.159134;-23.802525;15.177814;51.847458
10153626;-58.905529;-23.497242;15.488288;52.115856
10155647;-58.651386;-23.191786;15.798551;52.383701
10157618;-58.396626;-22.886053;16.108721;52.651077
10159606;-58.141327;-22.580135;16.418678;52.917892
10161608;-57.885448;-22.273996;16.728474;53.184174
10163604;-57.628967;-21.967587;17.038145;53.449989
10165655;-57.371990;-21.661064;17.347563;53.715179
10167643;-57.114376;-21.354231;17.656898;53.979927
10169628;-56.856228;-21.047228;17.966021;54.244102
10171624;-56.597485;-20.739973;18.275007;54.507782
10173626;-56.338223;-20.432562;18.583765;54.770882
10175630;-56.078403;-20.124949;18.892342;55.033447
10177641;-55.817993;-19.817093;19.200775;55.295502
10179610;-55.557068;-19.509081;19.508982;55.556976
10181604;-55.295555;-19.200838;19.817028;55.817940
10183608;-55.033539;-18.892448;20.124844;56.078308
10185607;-54.770977;-18.583870;20.432461;56.338131
10187612;-54.507839;-18.275070;20.739910;56.597431
10189646;-54.244198;-17.966127;21.047125;56.856136
10191631;-53.979980;-17.656961;21.354168;57.114315
10193628;-53.715279;-17.347673;21.660957;57.371902
10195628;-53.450001;-17.038164;21.967579;57.628952
10197627;-53.184235;-16.728533;22.273932;57.885395
10199644;-52.917946;-16.418737;22.580072;58.141266
10201614;-52.651096;-16.108734;22.886034;58.396614
10203609;-52.383762;-15.798616;23.191721;58.651329
10205607;-52.115868;-15.488294;23.497231;58.905514
10207611;-51.847504;-15.177867;23.802462;59.159081
10209602;-51.578636;-14.867297;24.107452;59.412064
10211643;-51.309212;-14.556524;24.412256;59.664494
10213635;-51.039322;-14.245659;24.716770;59.916294
10215635;-50.768887;-13.934609;25.021082;60.167538
10217625;-50.497990;-13.623465;25.325111;60.418163
10219625;-50.226559;-13.312138;25.628927;60.668224
10221643;-49.954666;-13.000730;25.932451;60.917652
10223607;-49.682285;-12.689188;26.235723;61.166477
10225615;-49.409370;-12.377480;26.538769;61.414730
10227604;-49.136013;-12.065694;26.841513;61.662346
10229603;-48.862125;-11.753741;27.144035;61.909382
10231608;-48.587799;-11.441723;27.446253;62.155777
10233648;-48.312996;-11.129588;27.748194;62.401569
10235635;-48.037670;-10.817298;28.049908;62.646770
10237625;-47.761909;-10.504950;28.351297;62.891312
10239623;-47.485641;-10.192448;28.652447;63.135273
10241624;-47.208942;-9.879896;28.953276;63.378578
10243645;-46.931778;-9.567243;29.253817;63.621254
10245608;-46.654110;-9.254447;29.554123;63.863342
10247610;-46.376026;-8.941611;29.854076;64.104752
10249613;-46.097439;-8.628636;30.153795;64.345581
10251605;-45.818439;-8.315629;30.453163;64.585724
10253604;-45.538944;-8.002487;30.752272;64.825287
10255649;-45.259045;-7.689315;31.051043;65.064156
10257627;-44.978695;-7.376066;31.349499;65.302391
10259629;-44.697865;-7.062700;31.647694;65.540009
10261628;-44.416630;-6.749308;31.945530;65.776947
10263627;-44.134918;-6.435809;32.243095;66.013275
10265648;-43.852810;-6.122282;32.540302;66.248924
10267617;-43.570271;-5.808705;32.837185;66.483910
10269608;-43.287258;-5.495018;33.133785;66.718277
10271607;-43.003864;-5.181327;33.430016;66.951942
10273613;-42.720039;-4.867583;33.725914;67.184952
10275612;-42.435799;-4.553789;34.021492;67.417305
10277643;-42.151093;-4.239908;34.316765;67.649017
10279630;-41.866016;-3.926030;34.611660;67.880043
10281626;-41.580528;-3.612110;34.906216;68.110382
10283630;-41.294582;-3.298110;35.200466;68.340088
10285633;-41.008274;-2.984124;35.494331;68.569092
10287640;-40.721519;-2.670064;35.787880;68.797447
10289608;-40.434402;-2.356023;36.081043;69.025093
10291612;-40.146889;-2.041957;36.373840;69.252052
10293607;-39.858932;-1.727825;36.666328;69.478363
10295611;-39.570629;-1.413724;36.958401;69.703957
10297656;-39.281891;-1.099563;37.250168;69.928894
10299642;-38.992809;-0.785434;37.541512;70.153107
10301630;-38.703300;-0.471255;37.832535;70.376663
10303628;-38.413452;-0.157115;38.123138;70.599487
10305632;-38.123226;0.157025;38.413368;70.821625
10307628;-37.832577;0.471210;38.703259;71.043083
10309643;-37.541599;0.785348;38.992725;71.263817
10311614;-37.250210;1.099518;39.281853;71.483871
10313605;-37.104397;1.256579;39.426247;71.593628
10315613;-36.666412;1.727736;39.858852;71.921814
10317607;-36.373924;2.041870;40.146809;72.139755
10319643;-36.081123;2.355933;40.434319;72.356949
10321610;-35.787922;2.670023;40.721478;72.573456
10323612;-35.494415;2.984035;41.008186;72.789215
10325608;-35.200508;3.298068;41.294540;73.004295
10327608;-34.906300;3.612020;41.580444;73.218620
10329605;-34.611748;3.925937;41.865929;73.432220
10331642;-34.316807;4.239863;42.151051;73.645126
10333628;-34.021576;4.553699;42.435719;73.857285
10335634;-33.725964;4.867539;42.720001;74.068733
10337627;-33.430061;5.181283;43.003822;74.279419
10339625;-33.133827;5.494976;43.287216;74.489372
10341639;-32.837227;5.808663;43.570232;74.698631
10343609;-32.540344;6.122241;43.852772;74.907112
10345610;-32.243095;6.435809;44.134914;75.114891
10347608;-31.945574;6.749263;44.416588;75.321892
10349607;-31.647692;7.062706;44.697868;75.528183
10351608;-31.349543;7.376027;44.978661;75.733696
10353642;-31.051085;7.689273;45.259007;75.938469
10355636;-30.752274;8.002490;45.538948;76.142517
10357625;-30.453205;8.315587;45.818401;76.345787
10359625;-30.153790;8.628643;46.097443;76.548317
10361626;-29.854124;8.941570;46.375992;76.750084
10363654;-29.554165;9.254405;46.654076;76.951088
10365614;-29.253864;9.567198;46.931736;77.151352
10367609;-28.953323;9.879851;47.208908;77.350830
10369609;-28.652451;10.192451;47.485649;77.549583
10371604;-28.351339;10.504905;47.761871;77.747520
10373613;-28.049904;10.817305;48.037674;77.944740
10375651;-27.748236;11.129549;48.312958;78.141159
10377629;-27.446297;11.441678;48.587757;78.336792
10379627;-27.144039;11.753747;48.862129;78.531693
10381624;-26.841604;12.065604;49.135933;78.725761
10383626;-26.538816;12.377435;49.409328;78.919106
10385645;-26.235809;12.689098;49.682201;79.111649
10387610;-25.932545;13.000637;49.954586;79.303406
10389612;-25.628975;13.312099;50.226521;79.494415
10391606;-25.325203;13.623373;50.497913;79.684601
10393606;-25.021133;13.934565;50.768845;79.874039
10395788;-24.716862;14.245568;51.039242;80.062653
10397631;-24.412348;14.556437;51.309132;80.250481
10399625;-24.107544;14.867206;51.578556;80.437538
10401624;-23.802551;15.177780;51.847435;80.623779
10403628;-23.497276;15.488252;52.115833;80.809250
10405627;-23.191816;15.798526;52.383686;80.993896
10407630;-22.886080;16.108690;52.651058;81.177780
10409608;-22.580164;16.418648;52.917870;81.360825
10411606;-22.274027;16.728441;53.184158;81.543060
10413605;-21.967623;17.038120;53.449966;81.724533
10415609;-21.661047;17.347584;53.715206;81.905159
10417647;-21.354214;17.656921;53.979946;82.085014
10419606;-21.047215;17.966036;54.244125;82.264030
10421608;-20.740007;18.274977;54.507755;82.442230
10423605;-20.432549;18.583784;54.770905;82.619652
10425611;-20.124935;18.892359;55.033463;82.796219
10427609;-19.817076;19.200794;55.295521;82.972000
10429645;-19.509069;19.508999;55.556995;83.146942
10431632;-19.200823;19.817049;55.817955;83.321083
10433630;-18.892433;20.124861;56.078327;83.494370
10435632;-18.583858;20.432472;56.338142;83.666847
10437626;-18.275051;20.739933;56.597454;83.838524
10439646;-17.966110;21.047140;56.856155;84.009338
10441605;-17.656948;21.354185;57.114338;84.179344
10443611;-17.347656;21.660975;57.371914;84.348503
10445605;-17.038193;21.967550;57.628937;84.516830
10447608;-16.728516;22.273954;57.885414;84.684349
10449605;-16.418720;22.580090;58.141293;84.851006
10451647;-16.108715;22.886055;58.396626;85.016846
10453631;-15.798600;23.191742;58.651344;85.181824
10455631;-15.488279;23.497250;58.905537;85.345985
10457627;-15.177855;23.802475;59.159096;85.509285
10459627;-14.867279;24.107471;59.412079;85.671738
10461651;-14.556509;24.412275;59.664513;85.833366
10463618;-14.245645;24.716789;59.916317;85.994125
10465610;-13.934591;25.021107;60.167564;86.154060
10467611;-13.623447;25.325129;60.418182;86.313118
10469616;-13.312168;25.628904;60.668205;86.471321
10471609;-13.000711;25.932472;60.917671;86.628708
10473646;-12.689175;26.235735;61.166489;86.785202
10475630;-12.377464;26.538786;61.414742;86.940865
10477632;-12.065679;26.841534;61.662365;87.095657
10479632;-11.753728;27.144056;61.909401;87.249603
10481628;-11.441707;27.446270;62.155800;87.402672
10483649;-11.129574;27.748209;62.401581;87.554871
10485614;-10.817284;28.049923;62.646778;87.706230
10487605;-10.504933;28.351313;62.891327;87.856705
10489605;-10.192480;28.652424;63.135250;88.006310
10491605;-9.879926;28.953251;63.378555;88.155052
10493608;-9.567274;29.253790;63.621227;88.302910
10495646;-9.254481;29.554087;63.863319;88.449936
10497629;-8.941644;29.854050;64.104736;88.596054
10499621;-8.628671;30.153763;64.345558;88.741325
10501629;-8.315660;30.453133;64.585709;88.885704
10503626;-8.002520;30.752247;64.825264;89.029221
10505651;-7.689348;31.051012;65.064140;89.171829
10507611;-7.376100;31.349468;65.302368;89.313576
10509609;-7.062732;31.647665;65.539993;89.454445
10511607;-6.749341;31.945499;65.776932;89.594421
10513607;-6.435838;32.243069;66.013252;89.733528
10515672;-6.122317;32.540272;66.248901;89.871735
10517628;-5.808736;32.837154;66.483887;90.009048
10519624;-5.495050;33.133759;66.718254;90.145500
10521626;-5.181358;33.429989;66.951927;90.281029
10523623;-4.867567;33.725937;67.184975;90.415703
10525632;-4.553775;34.021507;67.417320;90.549454
10527636;-4.239939;34.316738;67.649002;90.682312
10529607;-3.926013;34.611675;67.880051;90.814301
10531604;-3.612096;34.906231;68.110397;90.945366
10533606;-3.298096;35.200481;68.340103;91.075562
10535608;-2.984111;35.494339;68.569099;91.204834
10537646;-2.670048;35.787895;68.797462;91.333229
10539618;-2.356008;36.081055;69.025101;91.460701
10541606;-2.041943;36.373856;69.252060;91.587273
10543610;-1.727811;36.666344;69.478378;91.712959
10545600;-1.413710;36.958416;69.703964;91.837715
10547605;-1.099547;37.250183;69.928909;91.961586
10549647;-0.785421;37.541531;70.153114;92.084534
10551604;-0.471287;37.832508;70.376640;92.206573
10553602;-0.157100;38.123154;70.599503;92.327721
10555610;0.157080;38.413418;70.821663;92.447952
10557608;0.471237;38.703285;71.043106;92.567261
10559793;0.785390;38.992767;71.263847;92.685661
10561635;1.099535;39.281868;71.483894;92.803139
10563625;1.413669;39.570576;71.703224;92.919708
10565633;1.727790;39.858902;71.921852;93.035355
10567624;2.041893;40.146828;72.139778;93.150085
10569625;2.355976;40.434361;72.356972;93.263893
10571635;2.670036;40.721493;72.573471;93.376793
10573613;2.984070;41.008221;72.789246;93.488762
10575609;3.298074;41.294544;73.004303;93.599808
10577606;3.612046;41.580467;73.218636;93.709930
10579609;3.925981;41.865971;73.432251;93.819130
10581648;4.239879;42.151066;73.645142;93.927399
10583609;4.553734;42.435749;73.857300;94.034752
10585605;4.867544;42.720005;74.068741;94.141167
10587612;5.181307;43.003841;74.279434;94.246658
10589606;5.495018;43.287258;74.489403;94.351212
10591610;5.808674;43.570244;74.698639;94.454834
10593644;6.122274;43.852798;74.907135;94.557533
10595632;6.435814;44.134926;75.114891;94.659302
10597631;6.749289;44.416611;75.321907;94.760124
10599628;7.062697;44.697861;75.528183;94.860016
10601627;7.376038;44.978668;75.733711;94.958969
10603644;7.689305;45.259033;75.938484;95.056992
10605609;8.002495;45.538948;76.142517;95.154068
10607609;8.315607;45.818420;76.345795;95.250214
10609609;8.628635;46.097435;76.548317;95.345413
10611604;8.941581;46.375996;76.750092;95.439682
10613606;9.254436;46.654102;76.951103;95.532997
10615645;9.567202;46.931747;77.151352;95.625374
10617633;9.879873;47.208923;77.350845;95.716805
10619626;10.192444;47.485638;77.549576;95.807289
10621626;10.504917;47.761883;77.747536;95.896828
10623625;10.817286;48.037659;77.944725;95.985428
10625643;11.129548;48.312958;78.141159;96.073067
10627611;11.441700;48.587780;78.336807;96.159775
10629606;11.753738;48.862122;78.531685;96.245522
10631610;12.065662;49.135986;78.725800;96.330322
10633608;12.377467;49.409359;78.919128;96.414169
10635605;12.689150;49.682247;79.111679;96.497063
10637647;13.000705;49.954647;79.303444;96.579018
10639627;13.312133;50.226551;79.494438;96.660004
10641627;13.623430;50.497963;79.684631;96.740051
10643625;13.934594;50.768875;79.874054;96.819138
10645634;14.245617;51.039284;80.062683;96.897255
10647649;14.556500;51.309193;80.250519;96.974434
10649614;14.867243;51.578594;80.437561;97.050652
10651614;15.177837;51.847481;80.623817;97.125908
10653609;15.488280;52.115856;80.809273;97.200203
10655606;15.798573;52.383728;80.993927;97.273544
10657671;16.108707;52.651070;81.177780;97.345917
10659629;16.418684;52.917896;81.360847;97.417336
10661624;16.728498;53.184204;81.543098;97.487793
10663629;17.038149;53.449989;81.724556;97.557289
10665632;17.347628;53.715240;81.905190;97.625824
10667628;17.656937;53.979958;82.085022;97.693382
10669648;17.966076;54.244156;82.264046;97.759995
10671629;18.275032;54.507805;82.442268;97.825630
10673628;18.583811;54.770924;82.619667;97.890305
10675631;18.892406;55.033501;82.796249;97.954010
10677628;19.200811;55.295532;82.972015;98.016754
10679645;19.509031;55.557018;83.146965;98.078522
10681613;19.817057;55.817963;83.321083;98.139336
10683605;20.124889;56.078350;83.494392;98.199173
10685611;20.432520;56.338184;83.666878;98.258041
10687609;20.739950;56.597466;83.838531;98.315933
10689604;21.047176;56.856186;84.009354;98.372864
10691645;21.354193;57.114346;84.179352;98.428818
10693633;21.660999;57.371937;84.348526;98.483810
10695626;21.967592;57.628967;84.516861;98.537819
10697629;22.273970;57.885426;84.684357;98.590866
10699626;22.580126;58.141315;84.851021;98.642929
10701647;22.886059;58.396633;85.016846;98.694023
10703607;23.191769;58.651375;85.181839;98.744141
10705604;23.497246;58.905529;85.345985;98.793282
10707601;23.802494;59.159111;85.509285;98.841454
10709609;24.107506;59.412106;85.671745;98.888649
10711605;24.412279;59.664513;85.833374;98.934868
10713644;24.716812;59.916328;85.994133;98.980110
10715630;25.021099;60.167564;86.154053;99.024376
10717630;25.325144;60.418194;86.313126;99.067665
10719626;25.628939;60.668236;86.471344;99.109978
10721628;25.932476;60.917675;86.628708;99.151306
10723641;26.235760;61.166512;86.785217;99.191658
10725611;26.538784;61.414749;86.940872;99.231033
10727603;26.841545;61.662369;87.095665;99.269424
10729605;27.144045;61.909389;87.249603;99.306847
10731610;27.446274;62.155807;87.402679;99.343285
10733779;27.748230;62.401592;87.554886;99.378738
10735639;28.049919;62.646782;87.706230;99.413216
10737629;28.351324;62.891342;87.856712;99.446701
10739627;28.652456;63.135277;88.006332;99.479218
10741623;28.953299;63.378597;88.155075;99.510742
10743625;29.253859;63.621288;88.302956;99.541298
10745632;29.554132;63.863350;88.449951;99.570862
10747615;29.854111;64.104782;88.596085;99.599434
10749609;30.153793;64.345589;88.741341;99.627037
10751614;30.453184;64.585754;88.885727;99.653656
10753606;30.752268;64.825279;89.029228;99.679283
10755643;31.051052;65.064171;89.171860;99.703941
10757620;31.349527;65.302414;89.313599;99.727592
10759611;31.647697;65.540016;89.454468;99.750282
10761603;31.945551;65.776970;89.594444;99.771973
10763603;32.243092;66.013275;89.733543;99.792686
10765612;32.540310;66.248932;89.871750;99.812408
10767647;32.837208;66.483925;90.009079;99.831161
10769631;33.133785;66.718277;90.145508;99.848907
10771630;33.430038;66.951965;90.281059;99.865677
10773628;33.725952;67.184982;90.415710;99.881454
10775628;34.021542;67.417351;90.549477;99.896263
10777645;34.316792;67.649040;90.682343;99.910065
10779616;34.611706;67.880074;90.814316;99.922905
10781614;34.906273;68.110428;90.945396;99.934746
10783611;35.200500;68.340126;91.075577;99.945602
10785610;35.494377;68.569130;91.204857;99.955460
10787607;35.787907;68.797470;91.333237;99.964348
10789626;36.081081;69.025124;91.460716;99.972244
10791610;36.373901;69.252098;91.587296;99.979149
10793603;36.666363;69.478394;91.712967;99.985077
10795611;36.958458;69.703995;91.837730;99.990013
10797605;37.250191;69.928917;91.961601;99.993950
10799638;37.541557;70.153137;92.084549;99.996918
10801610;37.832550;70.376678;92.206596;99.998894
10803612;38.123173;70.599518;92.327728;99.999878
10805606;38.413418;70.821655;92.447952;99.999878
10807611;38.703281;71.043106;92.567268;99.998894
10809612;38.992767;71.263847;92.685661;99.996910
10811649;39.281864;71.483887;92.803146;99.993958
10813629;39.570580;71.703224;92.919708;99.989998
10815625;39.858898;71.921852;93.035355;99.985069
10817628;40.146824;72.139763;93.150093;99.979149
10819628;40.434357;72.356972;93.263901;99.972237
10821640;40.721493;72.573463;93.376793;99.964340
10823606;41.008221;72.789238;93.488762;99.955460
10825606;41.294548;73.004303;93.599808;99.945602
10827612;41.580467;73.218628;93.709930;99.934731
10829606;41.865971;73.432251;93.819130;99.922897
10831610;42.151066;73.645142;93.927406;99.910072
10833649;42.435749;73.857300;94.034752;99.896263
10835636;42.720005;74.068733;94.141167;99.881462
10837627;43.003841;74.279427;94.246651;99.865677
10839625;43.287258;74.489403;94.351212;99.848907
10841624;43.570240;74.698639;94.454834;99.831154
10843650;43.852798;74.907135;94.557533;99.812408
10845613;44.134922;75.114891;94.659294;99.792686
10847614;44.416611;75.321907;94.760117;99.771965
10849612;44.697861;75.528175;94.860016;99.750275
10851611;44.978668;75.733704;94.958969;99.727592
10853606;45.259033;75.938484;95.056984;99.703926
10855646;45.538948;76.142517;95.154068;99.679283
10857628;45.818417;76.345787;95.250214;99.653648
10859622;46.097435;76.548317;95.345413;99.627029
10861631;46.375996;76.750092;95.439674;99.599434
10863626;46.654099;76.951096;95.532990;99.570847
10865641;46.931744;77.151352;95.625366;99.541290
10867612;47.208927;77.350845;95.716797;99.510735
10869613;47.485634;77.549568;95.807281;99.479210
10871603;47.761883;77.747536;95.896820;99.446693
10873610;48.037659;77.944733;95.985428;99.413208
10875612;48.312958;78.141151;96.073067;99.378731
10877644;48.587780;78.336807;96.159767;99.343277
10879630;48.862122;78.531685;96.245514;99.306839
10881625;49.135986;78.725792;96.330322;99.269424
10883622;49.409363;78.919128;96.414169;99.231026
10885630;49.682243;79.111671;96.497070;99.191658
10887648;49.954647;79.303444;96.579010;99.151299
10889612;50.226551;79.494431;96.660004;99.109970
10891611;50.497963;79.684631;96.740044;99.067657
10893605;50.768871;79.874054;96.819130;99.024368
10895601;51.039284;80.062675;96.897255;98.980103
10897605;51.309193;80.250511;96.974434;98.934868
10899645;51.578583;80.437553;97.050636;98.888649
10901628;51.847477;80.623802;97.125900;98.841446
10903628;52.115856;80.809265;97.200203;98.793282
10905630;52.383720;80.993927;97.273544;98.744133
10907627;52.651070;81.177780;97.345909;98.694016
10909642;52.917896;81.360840;97.417328;98.642914
10911606;53.184204;81.543098;97.487793;98.590858
10913609;53.449982;81.724541;97.557281;98.537811
10915608;53.715237;81.905190;97.625816;98.483803
10917608;53.979958;82.085022;97.693382;98.428818
10919611;54.244156;82.264046;97.759995;98.372856
10921640;54.507809;82.442261;97.825623;98.315933
10923627;54.770924;82.619652;97.890305;98.258034
10925630;55.033501;82.796242;97.954010;98.199165
10927626;55.295532;82.972008;98.016754;98.139336
10929627;55.557018;83.146957;98.078522;98.078522
10931784;55.817963;83.321083;98.139336;98.016754
10933631;56.078350;83.494392;98.199165;97.954010
10935633;56.338184;83.666870;98.258041;97.890305
10937626;56.597466;83.838524;98.315933;97.825623
10939627;56.856178;84.009346;98.372864;97.759995
10941626;57.114338;84.179344;98.428810;97.693382
10943640;57.371937;84.348518;98.483803;97.625816
10945611;57.628967;84.516846;98.537811;97.557281
10947614;57.885426;84.684349;98.590858;97.487793
10949610;58.141319;84.851021;98.642921;97.417328
10951606;58.396633;85.016838;98.694016;97.345909
10953651;58.651371;85.181831;98.744133;97.273544
10955642;58.905529;85.345978;98.793282;97.200203
10957632;59.159111;85.509285;98.841461;97.125900
10959624;59.412106;85.671745;98.888649;97.050644
10961626;59.664516;85.833366;98.934868;96.974426
10963627;59.916336;85.994133;98.980103;96.897263
10965636;60.167557;86.154053;99.024368;96.819130
10967616;60.418190;86.313118;99.067665;96.740051
10969611;60.668228;86.471336;99.109970;96.660004
10971608;60.917671;86.628708;99.151299;96.579018
10973605;61.166508;86.785217;99.191658;96.497070
10975770;61.414749;86.940872;99.231041;96.414169
10977633;61.662376;87.095665;99.269432;96.330330
10979628;61.909389;87.249596;99.306847;96.245529
10981625;62.155800;87.402664;99.343277;96.159775
10983619;62.401592;87.554878;99.378738;96.073082
10985629;62.646778;87.706230;99.413216;95.985428
10987648;62.891342;87.856712;99.446701;95.896828
10989629;63.135277;88.006332;99.479210;95.807289
10991626;63.378597;88.155075;99.510742;95.716805
10993625;63.621284;88.302948;99.541290;95.625374
10995626;63.863350;88.449951;99.570862;95.533005
10997649;64.104782;88.596085;99.599442;95.439682
10999611;64.345589;88.741341;99.627045;95.345421
11001611;64.585754;88.885727;99.653648;95.250214
11003602;64.825279;89.029228;99.679283;95.154076
11005606;65.064171;89.171852;99.703934;95.056984
11007609;65.302414;89.313599;99.727600;94.958977
11009643;65.540009;89.454460;99.750282;94.860023
11011631;65.776978;89.594444;99.771973;94.760124
11013626;66.013275;89.733543;99.792686;94.659294
11015630;66.248932;89.871750;99.812408;94.557533
11017630;66.483932;90.009071;99.831154;94.454834
11019638;66.718277;90.145515;99.848915;94.351219
11021607;66.951958;90.281044;99.865677;94.246658
11023604;67.184982;90.415703;99.881462;94.141174
11025605;67.417351;90.549477;99.896263;94.034752
11027604;67.649040;90.682343;99.910080;93.927406
11029662;67.880074;90.814316;99.922905;93.819138
11031645;68.110428;90.945396;99.934746;93.709930
11033634;68.340118;91.075569;99.945595;93.599808
11035634;68.569130;91.204857;99.955467;93.488762
11037629;68.797462;91.333229;99.964348;93.376793
11039626;69.025124;91.460716;99.972237;93.263901
11041632;69.252098;91.587288;99.979149;93.150093
11043605;69.478394;91.712967;99.985077;93.035355
11045608;69.703995;91.837730;99.990013;92.919708
11047608;69.928909;91.961586;99.993958;92.803146
11049607;70.153137;92.084541;99.996910;92.685661
11051646;70.376678;92.206589;99.998894;92.567268
11053613;70.599518;92.327728;99.999878;92.447952
11055607;70.821655;92.447945;99.999870;92.327728
11057604;71.043106;92.567253;99.998878;92.206589
11059608;71.263847;92.685661;99.996910;92.084541
11061658;71.483887;92.803131;99.993950;91.961586
11063646;71.593643;92.861534;99.992096;91.899780
11065631;71.921852;93.035355;99.985077;91.712967
11067632;72.139778;93.150093;99.979149;91.587288
11069623;72.356972;93.263893;99.972237;91.460709
11071624;72.573471;93.376793;99.964348;91.333237
11073646;72.789238;93.488762;99.955460;91.204849
11075606;73.004303;93.599808;99.945602;91.075577
11077606;73.218636;93.709930;99.934746;90.945396
11079606;73.432251;93.819138;99.922905;90.814316
11081608;73.645142;93.927399;99.910072;90.682343
11083779;73.857300;94.034752;99.896263;90.549484
11085636;74.068741;94.141174;99.881462;90.415703
11087630;74.279442;94.246658;99.865685;90.281059
11089630;74.489403;94.351212;99.848915;90.145515
11091624;74.698639;94.454834;99.831154;90.009071
11093622;74.907135;94.557533;99.812408;89.871750
11095643;75.114891;94.659302;99.792686;89.733543
11097616;75.321915;94.760124;99.771973;89.594444
11099610;75.528183;94.860016;99.750282;89.454460
11101606;75.733711;94.958969;99.727600;89.313599
11103603;75.938484;95.056984;99.703934;89.171852
11105607;76.142517;95.154068;99.679291;89.029236
11107636;76.345795;95.250214;99.653656;88.885727
11109612;76.548325;95.345421;99.627045;88.741341
11111610;76.750092;95.439674;99.599442;88.596085
11113605;76.951103;95.532997;99.570862;88.449951
11115609;77.151352;95.625374;99.541290;88.302956
11117668;77.350845;95.716797;99.510735;88.155067
11119631;77.549568;95.807281;99.479210;88.006332
11121627;77.747536;95.896828;99.446701;87.856720
11123627;77.944733;95.985428;99.413208;87.706230
11125626;78.141159;96.073074;99.378738;87.554886
11127622;78.336807;96.159767;99.343285;87.402679
11129644;78.531693;96.245529;99.306847;87.249603
11131634;78.725800;96.330322;99.269424;87.095665
11133627;78.919128;96.414169;99.231033;86.940872
11135632;79.111679;96.497070;99.191650;86.785217
11137629;79.303452;96.579018;99.151306;86.628708
11139642;79.494438;96.660011;99.109970;86.471344
11141607;79.684631;96.740044;99.067665;86.313126
11143602;79.874054;96.819130;99.024376;86.154053
11145606;80.062675;96.897255;98.980110;85.994133
11147610;80.250511;96.974426;98.934868;85.833366
11149607;80.437561;97.050652;98.888649;85.671753
11151647;80.623810;97.125900;98.841454;85.509285
11153627;80.809273;97.200203;98.793282;85.345978
11155630;80.993927;97.273544;98.744141;85.181831
11157623;81.177780;97.345917;98.694016;85.016846
11159627;81.360840;97.417328;98.642921;84.851021
11161644;81.543091;97.487785;98.590851;84.684357
11163606;81.724548;97.557289;98.537811;84.516861
11165605;81.905190;97.625816;98.483803;84.348518
11167606;82.085022;97.693382;98.428818;84.179344
11169604;82.264038;97.759987;98.372856;84.009346
11171606;82.442261;97.825623;98.315933;83.838524
11173642;82.619659;97.890305;98.258034;83.666870
11175632;82.796242;97.954010;98.199165;83.494392
11177628;82.972015;98.016754;98.139336;83.321083
11179626;83.146957;98.078522;98.078522;83.146957
11181627;83.321083;98.139328;98.016754;82.972015
11183639;83.494392;98.199165;97.954010;82.796249
11185608;83.666870;98.258034;97.890305;82.619659
11187609;83.838524;98.315933;97.825623;82.442261
11189603;84.009354;98.372856;97.759995;82.264046
11191606;84.179352;98.428818;97.693390;82.085022
11193774;84.348526;98.483803;97.625816;81.905190
11195637;84.516853;98.537811;97.557281;81.724548
11197631;84.684349;98.590851;97.487793;81.543098
11199629;84.851013;98.642914;97.417328;81.360840
11201627;85.016846;98.694016;97.345909;81.177780
11203629;85.181831;98.744133;97.273544;80.993935
11205646;85.345985;98.793282;97.200203;80.809273
11207606;85.509285;98.841446;97.125900;80.623802
11209607;85.671745;98.888649;97.050644;80.437561
11211611;85.833366;98.934868;96.974434;80.250511
11213612;85.994133;98.980103;96.897255;80.062675
11215665;86.154045;99.024368;96.819130;79.874062
11217629;86.313118;99.067657;96.740044;79.684639
11219627;86.471336;99.109962;96.660004;79.494438
11221626;86.628700;99.151299;96.579018;79.303452
11223628;86.785210;99.191650;96.497070;79.111679
11225627;86.940865;99.231026;96.414169;78.919128
11227626;87.095657;99.269424;96.330330;78.725800
11229610;87.249596;99.306839;96.245514;78.531693
11231608;87.402672;99.343277;96.159767;78.336807
11233605;87.554886;99.378731;96.073082;78.141159
11235609;87.706230;99.413208;95.985428;77.944733
11237672;87.856712;99.446693;95.896820;77.747536
11239631;88.006325;99.479210;95.807289;77.549576
11241628;88.155075;99.510735;95.716797;77.350845
11243627;88.302948;99.541290;95.625366;77.151360
11245627;88.449944;99.570847;95.532990;76.951111
11247628;88.596085;99.599434;95.439682;76.750092
11249643;88.741341;99.627029;95.345413;76.548317
11251601;88.885719;99.653641;95.250214;76.345802
11253610;89.029221;99.679276;95.154068;76.142517
11255606;89.171852;99.703926;95.056984;75.938484
11257605;89.313599;99.727592;94.958977;75.733711
11259665;89.454460;99.750275;94.860016;75.528183
11261630;89.594444;99.771965;94.760117;75.321907
11263629;89.733536;99.792686;94.659294;75.114891
11265629;89.871750;99.812408;94.557533;74.907135
11267628;90.009079;99.831154;94.454834;74.698639
11269627;90.145508;99.848907;94.351219;74.489418
11271630;90.281052;99.865677;94.246658;74.279442
11273609;90.415710;99.881454;94.141174;74.068741
11275602;90.549469;99.896263;94.034752;73.857307
11277609;90.682343;99.910072;93.927406;73.645142
11279609;90.814316;99.922897;93.819130;73.432251
11281647;90.945389;99.934738;93.709930;73.218643
11283613;91.075569;99.945595;93.599808;73.004303
11285610;91.204857;99.955460;93.488762;72.789238
11287610;91.333237;99.964348;93.376793;72.573471
11289606;91.460716;99.972237;93.263901;72.356972
11291609;91.587296;99.979149;93.150093;72.139763
11293629;91.712967;99.985069;93.035355;71.921852
11295608;91.837730;99.989998;92.919708;71.703224
11297605;91.961594;99.993958;92.803146;71.483902
11299607;92.084541;99.996910;92.685661;71.263863
11301605;92.206589;99.998894;92.567268;71.043106
11303646;92.327728;99.999878;92.447952;70.821671
11305616;92.447952;99.999878;92.327736;70.599525
11307609;92.567261;99.998894;92.206596;70.376678
11309609;92.685661;99.996918;92.084549;70.153152
11311612;92.803139;99.993950;91.961601;69.928917
11313611;92.919708;99.990005;91.837730;69.703995
11315646;93.035355;99.985077;91.712967;69.478394
11317633;93.150093;99.979156;91.587296;69.252106
11319626;93.263908;99.972244;91.460716;69.025124
11321623;93.376793;99.964348;91.333237;68.797470
11323631;93.488762;99.955460;91.204857;68.569138
11325644;93.599808;99.945595;91.075577;68.340126
11327608;93.709930;99.934746;90.945404;68.110443
11329610;93.819130;99.922905;90.814323;67.880081
11331606;93.927406;99.910072;90.682343;67.649048
11333609;94.034752;99.896263;90.549484;67.417358
11335611;94.141167;99.881462;90.415718;67.184990
11337639;94.246658;99.865685;90.281059;66.951965
11339624;94.351212;99.848907;90.145515;66.718277
11341626;94.454842;99.831154;90.009079;66.483940
11343626;94.557541;99.812408;89.871750;66.248932
11345629;94.659302;99.792686;89.733543;66.013283
11347651;94.760132;99.771973;89.594444;65.776978
11349613;94.860016;99.750282;89.454468;65.540024
11351606;94.958969;99.727592;89.313606;65.302429
11353608;95.056992;99.703941;89.171860;65.064178
11355607;95.154076;99.679291;89.029236;64.825287
11357610;95.250214;99.653656;88.885727;64.585762
11359642;95.345421;99.627045;88.741348;64.345596
11361627;95.439682;99.599434;88.596085;64.104790
11363630;95.532997;99.570862;88.449966;63.863361
11365627;95.625374;99.541290;88.302956;63.621296
11367624;95.716805;99.510742;88.155075;63.378597
11369646;95.807289;99.479218;88.006332;63.135292
11371608;95.896835;99.446701;87.856720;62.891342
11373612;95.985428;99.413216;87.706230;62.646782
11375612;96.073074;99.378731;87.554893;62.401604
11377611;96.159775;99.343285;87.402687;62.155811
11379644;96.245529;99.306854;87.249603;61.909401
11381607;96.330322;99.269432;87.095680;61.662388
11383609;96.414169;99.231033;86.940872;61.414753
11385604;96.497070;99.191658;86.785217;61.166512
11387604;96.579018;99.151306;86.628708;60.917683
11389603;96.660011;99.109978;86.471352;60.668243
11391644;96.740051;99.067665;86.313126;60.418201
11393641;96.819130;99.024376;86.154060;60.167576
11395635;96.897263;98.980110;85.994133;59.916336
11397628;96.974442;98.934868;85.833374;59.664513
11399625;97.050652;98.888657;85.671753;59.412109
11401644;97.125908;98.841454;85.509285;59.159111
11403605;97.200203;98.793289;85.345993;58.905540
11405607;97.273544;98.744141;85.181847;58.651386
11407611;97.345917;98.694023;85.016853;58.396645
11409612;97.417343;98.642929;84.851028;58.141327
11411602;97.487793;98.590858;84.684357;57.885437
11413644;97.557297;98.537827;84.516861;57.628979
11415630;97.625824;98.483803;84.348526;57.371937
11417628;97.693390;98.428818;84.179352;57.114349
11419623;97.759995;98.372864;84.009361;56.856190
11421622;97.825638;98.315933;83.838531;56.597466
11423644;97.890305;98.258034;83.666870;56.338192
11425615;97.954018;98.199173;83.494392;56.078350
11427609;98.016754;98.139336;83.321083;55.817963
11429605;98.078529;98.078529;83.146965;55.557026
11431610;98.139336;98.016754;82.972023;55.295544
11433605;98.199173;97.954010;82.796249;55.033504
11435630;98.258034;97.890305;82.619667;54.770935
11437606;98.315933;97.825638;82.442268;54.507816
11439607;98.372864;97.759995;82.264053;54.244156
11441608;98.428818;97.693390;82.085037;53.979969
11443607;98.483810;97.625824;81.905197;53.715240
11445662;98.537819;97.557289;81.724556;53.449989
11447633;98.590858;97.487793;81.543098;53.184212
11449627;98.617020;97.452690;81.452080;53.051125
11451627;98.694023;97.345917;81.177780;52.651070
11453623;98.744141;97.273544;80.993935;52.383732
11455631;98.793289;97.200203;80.809273;52.115856
11457646;98.841454;97.125908;80.623825;51.847492
11459629;98.888649;97.050652;80.437569;51.578598
11461632;98.934868;96.974442;80.250526;51.309196
11463627;98.980110;96.897263;80.062691;51.039295
11465629;99.024376;96.819138;79.874054;50.768883
11467644;99.067665;96.740051;79.684639;50.497967
11469616;99.109970;96.660004;79.494438;50.226562
11471610;99.151306;96.579018;79.303452;49.954655
11473611;99.191658;96.497070;79.111679;49.682251
11475604;99.231033;96.414169;78.919128;49.409370
11477604;99.269432;96.330330;78.725800;49.135990
11479633;99.306847;96.245522;78.531693;48.862122
11481614;99.343285;96.159775;78.336815;48.587788
11483612;99.378738;96.073067;78.141159;48.312958
11485609;99.413208;95.985428;77.944733;48.037666
11487606;99.446701;95.896835;77.747551;47.761898
11489672;99.479218;95.807297;77.549583;47.485649
11491628;99.510742;95.716797;77.350845;47.208931
11493626;99.541290;95.625374;77.151367;46.931755
11495630;99.570862;95.533005;76.951111;46.654110
11497631;99.599442;95.439682;76.750092;46.376003
11499629;99.627037;95.345413;76.548325;46.097446
11501644;99.653656;95.250214;76.345802;45.818428
11503608;99.679283;95.154068;76.142517;45.538952
11505608;99.703934;95.056992;75.938492;45.259041
11507608;99.727600;94.958977;75.733719;44.978672
11509612;99.750282;94.860016;75.528183;44.697861
11511609;99.771973;94.760132;75.321922;44.416626
11513637;99.792686;94.659302;75.114899;44.134937
11515633;99.812408;94.557541;74.907143;43.852806
11517630;99.831154;94.454842;74.698647;43.570255
11519632;99.848907;94.351219;74.489418;43.287266
11521624;99.865685;94.246658;74.279442;43.003849
11523645;99.881462;94.141174;74.068741;42.720016
11525608;99.896263;94.034752;73.857307;42.435753
11527611;99.910072;93.927399;73.645142;42.151070
11529607;99.922905;93.819138;73.432251;41.865982
11531610;99.934746;93.709930;73.218643;41.580467
11533642;99.945602;93.599808;73.004303;41.294544
11535610;99.955467;93.488770;72.789246;41.008228
11537614;99.964348;93.376793;72.573471;40.721493
11539603;99.972244;93.263901;72.356979;40.434368
11541608;99.979149;93.150093;72.139778;40.146843
11543609;99.985077;93.035362;71.921860;39.858913
11545643;99.990005;92.919708;71.703224;39.570583
11547610;99.993958;92.803146;71.483902;39.281879
11549611;99.996918;92.685661;71.263855;38.992775
11551606;99.998894;92.567261;71.043106;38.703289
11553605;99.999878;92.447952;70.821671;38.413425
11555612;99.999878;92.327728;70.599518;38.123177
11557645;99.998894;92.206589;70.376678;37.832554
11559626;99.996918;92.084549;70.153145;37.541561
11561626;99.993958;91.961594;69.928917;37.250195
11563627;99.990005;91.837730;69.703987;36.958454
11565630;99.985077;91.712975;69.478401;36.666378
11567648;99.979149;91.587296;69.252106;36.373913
11569606;99.972244;91.460709;69.025131;36.081089
11571606;99.964348;91.333237;68.797478;35.787918
11573610;99.955467;91.204857;68.569138;35.494389
11575605;99.945602;91.075577;68.340126;35.200504
11577607;99.934746;90.945396;68.110443;34.906284
11579641;99.922905;90.814316;67.880074;34.611710
11581631;99.910072;90.682335;67.649040;34.316792
11583628;99.896263;90.549477;67.417358;34.021549
11585631;99.881462;90.415710;67.184990;33.725960
11587624;99.865685;90.281052;66.951958;33.430035
11589643;99.848907;90.145508;66.718277;33.133793
11591607;99.831154;90.009071;66.483925;32.837212
11593609;99.812408;89.871750;66.248932;32.540318
11595608;99.792686;89.733543;66.013290;32.243107
11597606;99.771973;89.594444;65.776978;31.945559
11599610;99.750282;89.454460;65.540024;31.647699
11601646;99.727600;89.313599;65.302429;31.349541
11603622;99.703941;89.171860;65.064171;31.051058
11605629;99.679283;89.029236;64.825287;30.752283
11607629;99.653656;88.885727;64.585754;30.453194
11609628;99.627037;88.741341;64.345589;30.153799
11611649;99.599442;88.596092;64.104790;29.854122
11613612;99.570862;88.449959;63.863361;29.554138
11615604;99.541298;88.302956;63.621288;29.253864
11617607;99.510750;88.155075;63.378609;28.953308
11619604;99.479218;88.006332;63.135292;28.652472
11621604;99.446701;87.856712;62.891346;28.351337
11623649;99.413208;87.706238;62.646790;28.049934
11625631;99.378738;87.554893;62.401611;27.748247
11627626;99.343285;87.402679;62.155807;27.446281
11629623;99.306847;87.249603;61.909401;27.144056
11631625;99.269432;87.095665;61.662380;26.841557
11633646;99.231033;86.940865;61.414749;26.538790
11635606;99.191666;86.785217;61.166527;26.235771
11637605;99.151306;86.628708;60.917675;25.932486
11639603;99.109978;86.471344;60.668236;25.628942
11641607;99.067673;86.313133;60.418205;25.325155
11643778;99.024376;86.154060;60.167564;25.021107
11645638;98.980110;85.994133;59.916336;24.716812
11647629;98.934868;85.833374;59.664528;24.412298
11649628;98.888657;85.671761;59.412121;24.107521
11651627;98.841461;85.509293;59.159119;23.802502
11653627;98.793289;85.345993;58.905548;23.497263
11655649;98.744141;85.181839;58.651382;23.191778
11657628;98.694023;85.016853;58.396637;22.886066
11659627;98.642929;84.851028;58.141327;22.580139
11661629;98.590866;84.684357;57.885437;22.273979
11663631;98.537819;84.516853;57.628979;21.967598
11665646;98.483810;84.348526;57.371948;21.661011
11667611;98.428818;84.179352;57.114349;21.354198
11669606;98.372864;84.009354;56.856186;21.047176
11671604;98.315941;83.838531;56.597473;20.739960
11673607;98.258041;83.666878;56.338203;20.432535
11675612;98.199173;83.494400;56.078362;20.124899
11677645;98.139343;83.321091;55.817978;19.817076
11679629;98.078529;83.146965;55.557037;19.509043
11681626;98.016754;82.972015;55.295540;19.200819
11683622;97.954018;82.796249;55.033512;18.892420
11685627;97.890312;82.619675;54.770935;18.583820
11687642;97.825638;82.442268;54.507809;18.275038
11689602;97.759995;82.264061;54.244160;17.966084
11691603;97.693398;82.085030;53.979969;17.656946
11693611;97.625824;81.905190;53.715240;17.347631
11695608;97.557297;81.724556;53.449993;17.038157
11697611;97.487801;81.543106;53.184212;16.728502
11699647;97.417343;81.360847;52.917896;16.418684
11701633;97.345932;81.177803;52.651089;16.108727
11703629;97.273544;80.993935;52.383732;15.798587
11705631;97.200211;80.809280;52.115868;15.488293
11707629;97.125916;80.623833;51.847492;15.177852
11709688;97.050652;80.437569;51.578606;14.867256
11711630;96.974442;80.250519;51.309196;14.556509
11713626;96.897270;80.062691;51.039295;14.245632
11715627;96.819138;79.874054;50.768883;13.934604
11717628;96.740051;79.684639;50.497974;13.623433
11719624;96.660019;79.494446;50.226562;13.312146
11721643;96.579018;79.303452;49.954651;13.000711
11723629;96.497078;79.111679;49.682255;12.689151
11725632;96.414177;78.919128;49.409370;12.377477
11727622;96.330330;78.725807;49.136002;12.065679
11729620;96.245529;78.531693;48.862129;11.753750
11731640;96.159782;78.336823;48.587799;11.441719
11733607;96.073082;78.141167;48.312969;11.129564
11735606;95.985428;77.944740;48.037663;10.817292
11737609;95.896843;77.747551;47.761902;10.504937
11739606;95.807297;77.549583;47.485649;10.192453
11741605;95.716812;77.350853;47.208931;9.879878
11743648;95.625374;77.151367;46.931755;9.567216
11745633;95.533005;76.951111;46.654110;9.254447
11747626;95.439682;76.750092;46.375999;8.941585
11749628;95.345428;76.548325;46.097450;8.628649
11751628;95.250221;76.345795;45.818424;8.315611
11753643;95.154076;76.142517;45.538948;8.002493
11755614;95.057007;75.938499;45.259052;7.689324
11757606;94.958984;75.733719;44.978683;7.376051
11759607;94.860031;75.528191;44.697880;7.062718
11761604;94.760132;75.321922;44.416626;6.749305
11763603;94.659302;75.114891;44.134933;6.435823
11765647;94.557549;74.907150;43.852814;6.122294
11767633;94.454849;74.698654;43.570255;5.808687
11769627;94.351219;74.489410;43.287266;5.495027
11771627;94.246666;74.279442;43.003860;5.181322
11773629;94.141174;74.068741;42.720016;4.867554
11775649;94.034752;73.857307;42.435749;4.553738
11777607;93.927414;73.645142;42.151081;4.239890
11779603;93.819138;73.432251;41.865982;3.925988
11781608;93.709938;73.218643;41.580475;3.612062
11783603;93.599823;73.004318;41.294567;3.298098
11785610;93.488770;72.789253;41.008232;2.984086
11787646;93.376801;72.573471;40.721504;2.670047
11789632;93.263916;72.356995;40.434380;2.355993
11791629;93.150101;72.139778;40.146843;2.041909
11793623;93.035362;71.921860;39.858910;1.727799
11795629;92.919716;71.703239;39.570595;1.413685
11797641;92.803146;71.483894;39.281879;1.099548
11799614;92.685661;71.263855;38.992779;0.785396
11801608;92.567268;71.043114;38.703297;0.471249
11803608;92.447952;70.821671;38.413422;0.157088
11805606;92.327728;70.599518;38.123169;-0.157079
11807674;92.206596;70.376678;37.832565;-0.471225
11809636;92.084557;70.153152;37.541576;-0.785372
11811620;91.961601;69.928917;37.250202;-1.099524
11813629;91.899780;69.816551;37.104378;-1.256594
11815629;91.712967;69.478401;36.666370;-1.727778
11817622;91.587296;69.252098;36.373909;-2.041888
11819643;91.460724;69.025131;36.081093;-2.355960
11821611;91.333237;68.797470;35.787918;-2.670026
11823604;91.204857;68.569138;35.494385;-2.984062
11825616;91.075584;68.340126;35.200516;-3.298059
11827606;90.945396;68.110435;34.906284;-3.612036
11829646;90.814323;67.880081;34.611717;-3.925967
11831611;90.682343;67.649048;34.316799;-4.239866
11833606;90.549477;67.417351;34.021545;-4.553729
11835609;90.415726;67.185005;33.725979;-4.867521
11837608;90.281067;66.951981;33.430054;-5.181289
11839611;90.145515;66.718285;33.133801;-5.495003
11841625;90.009079;66.483940;32.837219;-5.808663
11843612;89.871750;66.248932;32.540314;-6.122270
11845607;89.733551;66.013298;32.243111;-6.435788
11847606;89.594452;65.776978;31.945572;-6.749269
11849609;89.454468;65.540024;31.647703;-7.062685
11851605;89.313599;65.302422;31.349533;-7.376030
11853644;89.171860;65.064171;31.051058;-7.689300
11855632;89.029228;64.825279;30.752266;-8.002496
11857625;88.885727;64.585754;30.453199;-8.315590
11859624;88.741348;64.345589;30.153811;-8.628622
11861630;88.596085;64.104782;29.854118;-8.941573
11863644;88.449951;63.863350;29.554129;-9.254435
11865610;88.302948;63.621284;29.253853;-9.567207
11867605;88.155067;63.378586;28.953289;-9.879878
11869605;88.006332;63.135292;28.652468;-10.192433
11871605;87.856712;62.891342;28.351330;-10.504913
11873607;87.706230;62.646770;28.049923;-10.817286
11875649;87.554893;62.401604;27.748245;-11.129531
11877629;87.402679;62.155807;27.446285;-11.441689
11879632;87.249603;61.909397;27.144051;-11.753732
11881626;87.095680;61.662395;26.841576;-12.065638
11883625;86.940880;61.414761;26.538801;-12.377444
11885645;86.785217;61.166527;26.235771;-12.689129
11887613;86.628708;60.917675;25.932486;-13.000694
11889602;86.471344;60.668236;25.628942;-13.312128
11891611;86.313126;60.418194;25.325144;-13.623428
11893607;86.154068;60.167580;25.021128;-13.934567
11895610;85.994141;59.916340;24.716827;-14.245600
11897648;85.833374;59.664524;24.412289;-14.556492
11899626;85.671753;59.412109;24.107510;-14.867234
11901628;85.509285;59.159107;23.802494;-15.177831
11903626;85.345985;58.905529;23.497244;-15.488285
11905627;85.181847;58.651382;23.191782;-15.798557
11907648;85.016853;58.396637;22.886074;-16.108694
11909611;84.851021;58.141315;22.580132;-16.418678
11911607;84.684357;57.885426;22.273970;-16.728500
11913607;84.516853;57.628967;21.967587;-17.038149
11915609;84.348511;57.371925;21.660990;-17.347639
11917776;84.179352;57.114349;21.354202;-17.656929
11919632;84.009354;56.856186;21.047180;-17.966068
11921626;83.838524;56.597458;20.739946;-18.275034
11923627;83.666870;56.338181;20.432510;-18.583817
11925628;83.494385;56.078339;20.124876;-18.892420
11927625;83.321075;55.817951;19.817043;-19.200825
11929649;83.146980;55.557041;19.509060;-19.509003
11931605;82.972023;55.295555;19.200834;-19.817036
11933613;82.796249;55.033512;18.892422;-20.124868
11935604;82.619667;54.770927;18.583822;-20.432508
11937605;82.442268;54.507809;18.275034;-20.739946
11939607;82.264053;54.244156;17.966084;-21.047167
11941644;82.085037;53.979977;17.656958;-21.354176
11943629;81.905197;53.715248;17.347639;-21.660986
11945630;81.724556;53.449993;17.038158;-21.967581
11947624;81.543098;53.184204;16.728508;-22.273960
11949624;81.360847;52.917904;16.418692;-22.580120
11951643;81.177780;52.651070;16.108707;-22.886055
11953613;80.993942;52.383739;15.798590;-23.191748
11955602;80.809280;52.115868;15.488291;-23.497232
11957608;80.623817;51.847481;15.177846;-23.802486
11959609;80.437561;51.578594;14.867247;-24.107504
11961770;80.250511;51.309185;14.556500;-24.412281
11963633;80.062675;51.039280;14.245611;-24.716818
11965633;79.874062;50.768883;13.934607;-25.021086
11967627;79.684647;50.497967;13.623444;-25.325130
11969624;79.494438;50.226559;13.312138;-25.628931
11971623;79.303452;49.954651;13.000709;-25.932472
11973632;79.111679;49.682247;12.689143;-26.235767
11975611;78.919128;49.409355;12.377459;-26.538790
11977606;78.725800;49.135990;12.065670;-26.841539
11979607;78.531693;48.862125;11.753738;-27.144041
11981604;78.336807;48.587776;11.441699;-27.446276
11983645;78.141167;48.312969;11.129564;-27.748220
11985613;77.944740;48.037666;10.817305;-28.049904
11987609;77.747559;47.761913;10.504950;-28.351295
11989609;77.549591;47.485664;10.192474;-28.652430
11991601;77.350861;47.208942;9.879899;-28.953281
11993608;77.151367;46.931763;9.567219;-29.253843
11995646;76.951111;46.654110;9.254450;-29.554123
11997628;76.750099;46.376003;8.941591;-29.854103
11999627;76.548340;46.097458;8.628660;-30.153769
12001624;76.345810;45.818439;8.315629;-30.453163
12003626;76.142532;45.538967;8.002514;-30.752251
12005632;75.938499;45.259048;7.689318;-31.051041
12007609;75.733719;44.978672;7.376045;-31.349522
12009610;75.528183;44.697861;7.062700;-31.647694
12011610;75.321922;44.416630;6.749311;-31.945530
12013612;75.114906;44.134937;6.435833;-32.243073
12015680;74.907150;43.852814;6.122288;-32.540302
12017628;74.698647;43.570251;5.808684;-32.837200
12019625;74.489410;43.287258;5.495015;-33.133793
12021625;74.279442;43.003845;5.181307;-33.430038
12023627;74.068748;42.720020;4.867559;-33.725941
12025629;73.857307;42.435757;4.553741;-34.021534
12027645;73.645142;42.151070;4.239884;-34.316788
12029612;73.432251;41.865974;3.925982;-34.611702
12031608;73.218636;41.580463;3.612041;-34.906273
12033607;73.004295;41.294533;3.298062;-35.200508
12035611;72.789253;41.008232;2.984083;-35.494370
12037776;72.573486;40.721516;2.670064;-35.787880
12039632;72.356995;40.434380;2.356002;-36.081059
12041626;72.139786;40.146847;2.041912;-36.373882
12043623;71.921860;39.858906;1.727802;-36.666351
12045636;71.703232;39.570583;1.413676;-36.958447
12047630;71.483910;39.281891;1.099563;-37.250168
12049651;71.263863;38.992779;0.785410;-37.541538
12051634;71.043121;38.703300;0.471258;-37.832535
12053629;70.821671;38.413425;0.157091;-38.123165
12055628;70.599525;38.123184;-0.157067;-38.413410
12057630;70.376678;37.832554;-0.471228;-38.703274
12059647;70.153160;37.541576;-0.785363;-38.992744
12061614;69.928932;37.250214;-1.099509;-39.281845
12063607;69.704010;36.958469;-1.413658;-39.570564
12065604;69.478401;36.666367;-1.727784;-39.858891
12067601;69.252106;36.373905;-2.041888;-40.146820
12069656;69.025124;36.081081;-2.355978;-40.434353
12071646;68.797478;35.787922;-2.670020;-40.721478
12073630;68.569145;35.494389;-2.984056;-41.008205
12075628;68.340126;35.200508;-3.298062;-41.294533
12077622;68.110435;34.906273;-3.612041;-41.580463
12079622;67.880074;34.611702;-3.925982;-41.865974
12081648;67.649040;34.316788;-4.239884;-42.151070
12083613;67.417358;34.021557;-4.553723;-42.435734
12085608;67.184998;33.725964;-4.867533;-42.719997
12087602;66.951965;33.430038;-5.181307;-43.003845
12089611;66.718277;33.133793;-5.495015;-43.287258
12091661;66.483948;32.837227;-5.808661;-43.570225
12093641;66.248940;32.540318;-6.122264;-43.852795
12095628;66.013298;32.243118;-6.435785;-44.134895
12097625;65.776993;31.945578;-6.749269;-44.416592
12099629;65.540031;31.647718;-7.062676;-44.697842
12101626;65.302429;31.349546;-7.376018;-44.978653
12103645;65.064178;31.051064;-7.689291;-45.259022
12105606;64.825287;30.752274;-8.002490;-45.538948
12107606;64.585777;30.453215;-8.315578;-45.818394
12109602;64.345604;30.153816;-8.628613;-46.097416
12111607;64.104805;29.854128;-8.941561;-46.375977
12113675;63.863361;29.554138;-9.254432;-46.654095
12115628;63.621296;29.253868;-9.567195;-46.931736
12117624;63.378597;28.953299;-9.879869;-47.208916
12119626;63.135296;28.652472;-10.192424;-47.485619
12121621;62.891354;28.351343;-10.504902;-47.761871
12123623;62.646790;28.049929;-10.817271;-48.037647
12125645;62.401604;27.748236;-11.129540;-48.312950
12127607;62.155807;27.446276;-11.441699;-48.587776
12129607;61.909397;27.144041;-11.753738;-48.862125
12131608;61.662388;26.841562;-12.065646;-49.135971
12133606;61.414753;26.538790;-12.377459;-49.409355
12135602;61.166519;26.235767;-12.689143;-49.682247
12137644;60.917675;25.932472;-13.000709;-49.954651
12139632;60.668228;25.628931;-13.312138;-50.226559
12141630;60.418213;25.325161;-13.623413;-50.497948
12143626;60.167568;25.021112;-13.934583;-50.768864
12145629;59.916359;24.716843;-14.245584;-51.039253
12147642;59.664536;24.412304;-14.556477;-51.309170
12149608;59.412121;24.107525;-14.867229;-51.578568
12151614;59.159122;23.802509;-15.177819;-51.847466
12153606;58.905560;23.497280;-15.488246;-52.115822
12155609;58.651394;23.191795;-15.798545;-52.383698
12157613;58.396656;22.886086;-16.108683;-52.651047
12159644;58.141335;22.580147;-16.418659;-52.917881
12161628;57.885437;22.273981;-16.728481;-53.184189
12163626;57.628979;21.967602;-17.038139;-53.449978
12165628;57.371964;21.661026;-17.347605;-53.715210
12167628;57.114365;21.354214;-17.656914;-53.979946
12169624;56.856201;21.047195;-17.966047;-54.244129
12171612;56.597477;20.739964;-18.275017;-54.507793
12173605;56.338192;20.432529;-18.583805;-54.770916
12175606;56.078358;20.124897;-18.892395;-55.033493
12177610;55.817978;19.817078;-19.200790;-55.295509
12179669;55.557037;19.509050;-19.509014;-55.557007
12181635;55.295544;19.200825;-19.817043;-55.817951
12183624;55.033512;18.892420;-20.124876;-56.078339
12185627;54.770927;18.583817;-20.432510;-56.338181
12187624;54.507809;18.275034;-20.739946;-56.597458
12189630;54.244167;17.966089;-21.047157;-56.856167
12191642;53.979977;17.656952;-21.354181;-57.114326
12193631;53.715248;17.347639;-21.660990;-57.371925
12195632;53.449989;17.038149;-21.967587;-57.628967
12197629;53.184204;16.728500;-22.273970;-57.885426
12199625;52.917915;16.418701;-22.580105;-58.141296
12201641;52.651100;16.108746;-22.886021;-58.396603
12203610;52.383751;15.798605;-23.191734;-58.651340
12205607;52.115883;15.488306;-23.497221;-58.905506
12207606;51.847500;15.177861;-23.802467;-59.159088
12209599;51.578606;14.867261;-24.107487;-59.412086
12211608;51.309196;14.556512;-24.412266;-59.664501
12213648;51.039307;14.245647;-24.716785;-59.916306
12215637;50.768894;13.934615;-25.021080;-60.167538
12217626;50.497978;13.623449;-25.325125;-60.418182
12219627;50.226570;13.312152;-25.628918;-60.668213
12221626;49.954655;13.000715;-25.932467;-60.917664
12223643;49.682255;12.689156;-26.235750;-61.166500
12225613;49.409382;12.377492;-26.538759;-61.414719
12227606;49.136005;12.065685;-26.841528;-61.662354
12229605;48.862137;11.753756;-27.144028;-61.909378
12231607;48.587791;11.441710;-27.446264;-62.155788
12233801;48.312962;11.129552;-27.748230;-62.401592
12235634;48.037659;10.817286;-28.049923;-62.646770
12237625;47.761898;10.504934;-28.351303;-62.891323
12239624;47.485649;10.192457;-28.652441;-63.135265
12241625;47.208931;9.879878;-28.953289;-63.378586
12243625;46.931747;9.567207;-29.253853;-63.621284
12245642;46.654099;9.254435;-29.554129;-63.863350
12247607;46.375992;8.941573;-29.854118;-64.104782
12249609;46.097446;8.628646;-30.153784;-64.345573
12251604;45.818428;8.315614;-30.453173;-64.585739
12253610;45.538975;8.002520;-30.752245;-64.825264
12255646;45.259052;7.689324;-31.051031;-65.064148
12257607;44.978683;7.376051;-31.349512;-65.302399
12259604;44.697872;7.062709;-31.647688;-65.540001
12261601;44.416637;6.749320;-31.945524;-65.776947
12263605;44.134945;6.435835;-32.243069;-66.013252
12265613;43.852818;6.122294;-32.540291;-66.248909
12267645;43.570255;5.808687;-32.837200;-66.483917
12269632;43.287266;5.495027;-33.133774;-66.718269
12271624;43.003849;5.181310;-33.430035;-66.951958
12273624;42.720028;4.867568;-33.725937;-67.184967
12275630;42.435760;4.553750;-34.021530;-67.417336
12277641;42.151081;4.239893;-34.316784;-67.649040
12279617;41.865982;3.925988;-34.611694;-67.880066
12281611;41.580467;3.612047;-34.906273;-68.110428
12283609;41.294567;3.298095;-35.200481;-68.340096
12285604;41.008240;2.984092;-35.494362;-68.569115
12287790;40.721504;2.670050;-35.787891;-68.797455
12289638;40.434368;2.355984;-36.081074;-69.025108
12291629;40.146832;2.041897;-36.373901;-69.252098
12293628;39.858898;1.727790;-36.666359;-69.478386
12295627;39.570599;1.413688;-36.958443;-69.703987
12297628;39.281879;1.099548;-37.250183;-69.928909
12299645;38.992775;0.785396;-37.541550;-70.153130
12301604;38.703285;0.471237;-37.832550;-70.376678
12303604;38.413418;0.157079;-38.123169;-70.599518
12305601;38.123165;-0.157088;-38.413422;-70.821671
12307601;37.832584;-0.471202;-38.703247;-71.043083
12309802;37.541588;-0.785363;-38.992741;-71.263832
12311631;37.250214;-1.099512;-39.281841;-71.483871
12313625;36.958477;-1.413649;-39.570560;-71.703217
12315628;36.666374;-1.727775;-39.858883;-71.921844
12317624;36.373913;-2.041879;-40.146812;-72.139763
12319629;36.081112;-2.355948;-40.434334;-72.356956
12321640;35.787930;-2.670011;-40.721466;-72.573448
12323613;35.494400;-2.984050;-41.008205;-72.789230
12325609;35.200516;-3.298062;-41.294533;-73.004288
12327604;34.906284;-3.612036;-41.580460;-73.218628
12329605;34.611710;-3.925976;-41.865974;-73.432251
12331791;34.316818;-4.239854;-42.151047;-73.645126
12333636;34.021561;-4.553718;-42.435730;-73.857292
12335634;33.725971;-4.867530;-42.719994;-74.068726
12337623;33.430046;-5.181301;-43.003834;-74.279427
12339626;33.133793;-5.495018;-43.287258;-74.489403
12341625;32.837212;-5.808678;-43.570248;-74.698647
12343635;32.540329;-6.122258;-43.852787;-74.907127
12345610;32.243107;-6.435800;-44.134911;-75.114891
12347611;31.945559;-6.749281;-44.416607;-75.321899
12349610;31.647699;-7.062697;-44.697865;-75.528183
12351608;31.349527;-7.376039;-44.978672;-75.733711
12353603;31.051048;-7.689312;-45.259041;-75.938492
12355647;30.752283;-8.002483;-45.538940;-76.142509
12357634;30.453190;-8.315599;-45.818413;-76.345787
12359627;30.153799;-8.628633;-46.097435;-76.548317
12361623;29.854134;-8.941558;-46.375977;-76.750069
12363622;29.554150;-9.254419;-46.654091;-76.951096
12365638;29.253874;-9.567192;-46.931732;-77.151344
12367611;28.953331;-9.879843;-47.208900;-77.350822
12369609;28.652481;-10.192421;-47.485615;-77.549561
12371608;28.351349;-10.504895;-47.761864;-77.747520
12373607;28.049934;-10.817271;-48.037647;-77.944717
12375803;27.748245;-11.129538;-48.312950;-78.141144
12377637;27.446281;-11.441692;-48.587776;-78.336807
12379626;27.144072;-11.753714;-48.862106;-78.531677
12381626;26.841568;-12.065643;-49.135971;-78.725784
12383624;26.538801;-12.377453;-49.409348;-78.919121
12385629;26.235771;-12.689137;-49.682243;-79.111671
12387647;25.932482;-13.000705;-49.954647;-79.303452
12389631;25.628939;-13.312131;-50.226559;-79.494438
12391629;25.325165;-13.623415;-50.497948;-79.684631
12393627;25.021118;-13.934581;-50.768864;-79.874054
12395629;24.716824;-14.245608;-51.039272;-80.062675
12397650;24.412287;-14.556496;-51.309181;-80.250511
12399604;24.107508;-14.867243;-51.578587;-80.437561
12401606;23.802490;-15.177840;-51.847481;-80.623817
12403602;23.497261;-15.488270;-52.115845;-80.809265
12405603;23.191778;-15.798564;-52.383717;-80.993919
12407605;22.886066;-16.108704;-52.651066;-81.177788
12409639;22.580128;-16.418686;-52.917896;-81.360847
12411625;22.273966;-16.728504;-53.184212;-81.543106
12413630;21.967585;-17.038158;-53.449993;-81.724556
12415625;21.661034;-17.347599;-53.715218;-81.905167
12417623;21.354221;-17.656912;-53.979939;-82.085014
12419646;21.047199;-17.966055;-54.244129;-82.264038
12421610;20.739969;-18.275017;-54.507797;-82.442261
12423608;20.432533;-18.583797;-54.770916;-82.619652
12425607;20.124922;-18.892374;-55.033482;-82.796227
12427610;19.817085;-19.200785;-55.295517;-82.971992
12429604;19.509054;-19.509012;-55.557007;-83.146950
12431643;19.200832;-19.817043;-55.817951;-83.321075
12433626;18.892418;-20.124876;-56.078346;-83.494385
12435631;18.583818;-20.432510;-56.338181;-83.666862
12437630;18.275061;-20.739923;-56.597443;-83.838509
12439628;17.966097;-21.047153;-56.856167;-84.009338
12441643;17.656956;-21.354177;-57.114334;-84.179344
12443608;17.347641;-21.660992;-57.371933;-84.348511
12445604;17.038157;-21.967588;-57.628967;-84.516853
12447610;16.728500;-22.273972;-57.885433;-84.684357
12449605;16.418705;-22.580105;-58.141304;-84.851006
12451605;16.108725;-22.886047;-58.396618;-85.016846
12453640;15.798585;-23.191759;-58.651363;-85.181831
12455631;15.488288;-23.497240;-58.905529;-85.345985
12457628;15.177840;-23.802494;-59.159111;-85.509293
12459630;14.867240;-24.107510;-59.412109;-85.671753
12461630;14.556519;-24.412268;-59.664505;-85.833366
12463643;14.245629;-24.716803;-59.916328;-85.994133
12465604;13.934599;-25.021097;-60.167557;-86.154053
12467604;13.623433;-25.325144;-60.418194;-86.313126
12469605;13.312154;-25.628918;-60.668217;-86.471329
12471599;13.000721;-25.932465;-60.917664;-86.628708
12473782;12.689183;-26.235727;-61.166485;-86.785194
12475633;12.377496;-26.538757;-61.414726;-86.940857
12477631;12.065687;-26.841522;-61.662354;-87.095650
12479626;11.753759;-27.144028;-61.909378;-87.249588
12481627;11.441715;-27.446264;-62.155796;-87.402664
12483626;11.129559;-27.748224;-62.401592;-87.554878
12485647;10.817315;-28.049892;-62.646751;-87.706223
12487620;10.504942;-28.351307;-62.891323;-87.856705
12489608;10.192464;-28.652435;-63.135262;-88.006317
12491606;9.879887;-28.953287;-63.378586;-88.155060
12493609;9.567211;-29.253849;-63.621284;-88.302940
12495607;9.254441;-29.554129;-63.863350;-88.449951
12497642;8.941605;-29.854090;-64.104767;-88.596085
12499631;8.628655;-30.153778;-64.345566;-88.741333
12501625;8.315620;-30.453173;-64.585739;-88.885719
12503629;8.002504;-30.752260;-64.825272;-89.029221
12505629;7.689308;-31.051048;-65.064171;-89.171860
12507650;7.376037;-31.349531;-65.302422;-89.313599
12509608;7.062716;-31.647678;-65.540001;-89.454453
12511608;6.749302;-31.945538;-65.776962;-89.594437
12513608;6.435822;-32.243084;-66.013268;-89.733543
12515604;6.122278;-32.540306;-66.248932;-89.871750
12517605;5.808673;-32.837215;-66.483932;-90.009071
12519645;5.495012;-33.133793;-66.718277;-90.145508
12521634;5.181319;-33.430023;-66.951950;-90.281052
12523624;4.867576;-33.725925;-67.184967;-90.415695
12525625;4.553761;-34.021523;-67.417336;-90.549461
12527626;4.239901;-34.316772;-67.649033;-90.682327
12529644;3.925998;-34.611691;-67.880066;-90.814308
12531611;3.612057;-34.906265;-68.110428;-90.945389
12533607;3.298105;-35.200470;-68.340096;-91.075562
12535605;2.984096;-35.494354;-68.569107;-91.204842
12537607;2.670057;-35.787888;-68.797455;-91.333229
12539606;2.355993;-36.081066;-69.025108;-91.460709
12541643;2.041904;-36.373890;-69.252090;-91.587280
12543632;1.727796;-36.666359;-69.478386;-91.712967
12545637;1.413695;-36.958431;-69.703972;-91.837723
12547626;1.099556;-37.250172;-69.928902;-91.961586
12549630;0.785405;-37.541542;-70.153130;-92.084541
12551629;0.471248;-37.832542;-70.376671;-92.206589
12553608;0.157085;-38.123165;-70.599518;-92.327728
12555615;-0.157079;-38.413418;-70.821663;-92.447952
12557607;-0.471218;-38.703270;-71.043091;-92.567253
12559604;-0.785375;-38.992752;-71.263840;-92.685654
12561604;-1.099525;-39.281860;-71.483887;-92.803139
12563643;-1.256585;-39.426250;-71.593628;-92.861526
12565634;-1.727790;-39.858902;-71.921852;-93.035355
12567628;-2.041898;-40.146835;-72.139778;-93.150085
12569629;-2.355963;-40.434345;-72.356964;-93.263885
12571629;-2.670027;-40.721481;-72.573463;-93.376785
12573639;-2.984066;-41.008221;-72.789238;-93.488762
12575611;-3.298074;-41.294544;-73.004303;-93.599808
12577608;-3.612027;-41.580452;-73.218628;-93.709923
12579609;-3.925944;-41.865940;-73.432228;-93.819122
12581603;-4.239846;-42.151039;-73.645119;-93.927391
12583675;-4.553706;-42.435722;-73.857285;-94.034737
12585635;-4.867522;-42.719986;-74.068718;-94.141159
12587633;-5.181289;-43.003826;-74.279419;-94.246651
12589622;-5.495005;-43.287243;-74.489395;-94.351212
12591626;-5.808643;-43.570213;-74.698624;-94.454834
12593626;-6.122248;-43.852772;-74.907120;-94.557526
12595644;-6.435792;-44.134907;-75.114876;-94.659294
12597631;-6.749272;-44.416595;-75.321892;-94.760117
12599629;-7.062686;-44.697849;-75.528168;-94.860008
12601617;-7.376031;-44.978664;-75.733704;-94.958969
12603624;-7.689279;-45.259010;-75.938469;-95.056984
12605640;-8.002474;-45.538937;-76.142502;-95.154068
12607608;-8.315591;-45.818405;-76.345787;-95.250206
12609610;-8.628626;-46.097427;-76.548317;-95.345413
12611609;-8.941574;-46.375992;-76.750084;-95.439674
12613602;-9.254436;-46.654099;-76.951103;-95.532997
12615609;-9.567182;-46.931725;-77.151337;-95.625366
12617645;-9.879857;-47.208912;-77.350838;-95.716797
12619632;-10.192435;-47.485630;-77.549568;-95.807281
12621628;-10.504911;-47.761879;-77.747528;-95.896820
12623630;-10.817286;-48.037659;-77.944725;-95.985428
12625628;-11.129552;-48.312958;-78.141159;-96.073074
12627644;-11.441686;-48.587769;-78.336807;-96.159767
12629606;-11.753706;-48.862095;-78.531670;-96.245514
12631603;-12.065634;-49.135963;-78.725777;-96.330315
12633603;-12.377443;-49.409340;-78.919113;-96.414169
12635607;-12.689130;-49.682232;-79.111664;-96.497063
12637784;-13.000690;-49.954636;-79.303436;-96.579018
12639637;-13.312101;-50.226521;-79.494415;-96.660004
12641631;-13.623403;-50.497936;-79.684624;-96.740044
12643623;-13.934570;-50.768852;-79.874039;-96.819130
12645629;-14.245600;-51.039268;-80.062668;-96.897255
12647622;-14.556490;-51.309181;-80.250511;-96.974426
12649645;-14.867234;-51.578583;-80.437561;-97.050644
12651607;-15.177811;-51.847458;-80.623802;-97.125893
12653606;-15.488259;-52.115841;-80.809258;-97.200195
12655609;-15.798555;-52.383709;-80.993912;-97.273529
12657610;-16.108694;-52.651058;-81.177780;-97.345917
12659603;-16.418676;-52.917892;-81.360840;-97.417328
12661637;-16.728497;-53.184204;-81.543098;-97.487793
12663626;-17.038126;-53.449966;-81.724533;-97.557281
12665634;-17.347612;-53.715229;-81.905182;-97.625824
12667626;-17.656927;-53.979950;-82.085022;-97.693382
12669627;-17.966068;-54.244148;-82.264038;-97.759995
12671645;-18.275030;-54.507805;-82.442261;-97.825630
12673624;-18.583813;-54.770927;-82.619667;-97.890305
12675625;-18.892389;-55.033485;-82.796242;-97.954010
12677629;-19.200802;-55.295528;-82.972015;-98.016754
12679626;-19.509026;-55.557014;-83.146957;-98.078522
12681642;-19.817057;-55.817963;-83.321083;-98.139336
12683610;-20.124868;-56.078331;-83.494385;-98.199165
12685613;-20.432505;-56.338173;-83.666870;-98.258034
12687606;-20.739916;-56.597435;-83.838509;-98.315933
12689600;-21.047146;-56.856163;-84.009338;-98.372856
12691603;-21.354168;-57.114323;-84.179344;-98.428810
12693645;-21.660980;-57.371922;-84.348511;-98.483803
12695631;-21.967579;-57.628952;-84.516846;-98.537811
12697629;-22.273960;-57.885422;-84.684357;-98.590858
12699627;-22.580097;-58.141293;-84.851006;-98.642921
12701623;-22.886036;-58.396614;-85.016838;-98.694016
12703646;-23.191748;-58.651360;-85.181824;-98.744133
12705609;-23.497232;-58.905525;-85.345978;-98.793282
12707602;-23.802485;-59.159100;-85.509285;-98.841461
12709608;-24.107500;-59.412098;-85.671745;-98.888649
12711609;-24.412256;-59.664501;-85.833359;-98.934868
12713601;-24.716795;-59.916317;-85.994125;-98.980110
12715649;-25.021088;-60.167549;-86.154045;-99.024368
12717630;-25.325138;-60.418190;-86.313126;-99.067665
12719626;-25.628933;-60.668228;-86.471344;-99.109970
12721627;-25.932476;-60.917675;-86.628708;-99.151306
12723627;-26.235741;-61.166500;-86.785210;-99.191658
12725645;-26.538771;-61.414738;-86.940857;-99.231026
12727606;-26.841539;-61.662365;-87.095657;-99.269424
12729604;-27.144041;-61.909389;-87.249603;-99.306847
12731613;-27.446276;-62.155807;-87.402679;-99.343277
12733607;-27.748240;-62.401604;-87.554893;-99.378731
12735609;-28.049908;-62.646770;-87.706223;-99.413208
12737641;-28.351297;-62.891315;-87.856705;-99.446701
12739629;-28.652430;-63.135254;-88.006317;-99.479218
12741628;-28.953281;-63.378578;-88.155067;-99.510742
12743625;-29.253843;-63.621269;-88.302940;-99.541290
12745628;-29.554098;-63.863327;-88.449944;-99.570854
12747646;-29.854084;-64.104759;-88.596077;-99.599434
12749612;-30.153772;-64.345566;-88.741333;-99.627029
12751609;-30.453163;-64.585732;-88.885719;-99.653648
12753613;-30.752254;-64.825264;-89.029221;-99.679283
12755605;-31.051043;-65.064156;-89.171852;-99.703934
12757605;-31.349501;-65.302391;-89.313583;-99.727592
12759642;-31.647673;-65.539993;-89.454453;-99.750275
12761629;-31.945532;-65.776955;-89.594437;-99.771973
12763626;-32.243076;-66.013268;-89.733528;-99.792679
12765632;-32.540302;-66.248924;-89.871750;-99.812408
12767628;-32.837208;-66.483925;-90.009079;-99.831161
12769645;-33.133766;-66.718254;-90.145508;-99.848907
12771605;-33.430019;-66.951942;-90.281052;-99.865677
12773607;-33.725945;-67.184982;-90.415710;-99.881462
12775617;-34.021534;-67.417336;-90.549469;-99.896263
12777605;-34.316792;-67.649040;-90.682343;-99.910065
12779606;-34.611706;-67.880074;-90.814316;-99.922905
12781646;-34.906258;-68.110420;-90.945389;-99.934746
12783632;-35.200489;-68.340111;-91.075577;-99.945602
12785630;-35.494373;-68.569122;-91.204849;-99.955460
12787626;-35.787903;-68.797470;-91.333237;-99.964348
12789622;-36.081081;-69.025124;-91.460716;-99.972244
12791641;-36.373882;-69.252083;-91.587280;-99.979141
12793610;-36.666325;-69.478363;-91.712952;-99.985077
12795604;-36.958427;-69.703972;-91.837715;-99.990005
12797604;-37.250168;-69.928894;-91.961586;-99.993958
12799606;-37.541534;-70.153130;-92.084541;-99.996918
12801611;-37.832535;-70.376663;-92.206589;-99.998894
12803647;-38.123161;-70.599510;-92.327713;-99.999870
12805635;-38.413387;-70.821640;-92.447937;-99.999878
12807625;-38.703259;-71.043083;-92.567245;-99.998894
12809624;-38.992748;-71.263840;-92.685654;-99.996910
12811623;-39.281853;-71.483871;-92.803131;-99.993950
12813639;-39.570568;-71.703217;-92.919708;-99.990005
12815617;-39.858894;-71.921852;-93.035355;-99.985077
12817608;-40.146805;-72.139755;-93.150078;-99.979149
12819607;-40.434341;-72.356964;-93.263885;-99.972237
12821610;-40.721478;-72.573456;-93.376785;-99.964348
12823609;-41.008209;-72.789230;-93.488754;-99.955460
12825646;-41.294540;-73.004295;-93.599808;-99.945595
12827630;-41.580467;-73.218628;-93.709930;-99.934731
12829635;-41.865955;-73.432228;-93.819130;-99.922905
12831627;-42.151054;-73.645126;-93.927399;-99.910080
12833626;-42.435734;-73.857292;-94.034744;-99.896263
12835690;-42.720001;-74.068726;-94.141159;-99.881462
12837632;-43.003841;-74.279427;-94.246651;-99.865677
12839632;-43.287262;-74.489403;-94.351219;-99.848907
12841631;-43.570229;-74.698624;-94.454834;-99.831154
12843628;-43.852791;-74.907127;-94.557533;-99.812408
12845628;-44.134895;-75.114868;-94.659279;-99.792686
12847642;-44.416592;-75.321892;-94.760117;-99.771973
12849601;-44.697845;-75.528168;-94.860008;-99.750282
12851605;-44.978657;-75.733696;-94.958961;-99.727592
12853603;-45.259007;-75.938461;-95.056984;-99.703934
12855610;-45.538925;-76.142494;-95.154060;-99.679276
12857672;-45.818401;-76.345779;-95.250198;-99.653648
12859629;-46.097420;-76.548309;-95.345413;-99.627029
12861631;-46.375988;-76.750084;-95.439674;-99.599434
12863623;-46.654095;-76.951088;-95.532982;-99.570847
12865630;-46.931721;-77.151337;-95.625366;-99.541298
12867631;-47.208904;-77.350830;-95.716789;-99.510742
12869638;-47.485622;-77.549568;-95.807281;-99.479210
12871618;-47.761871;-77.747520;-95.896828;-99.446701
12873607;-48.037647;-77.944717;-95.985420;-99.413208
12875598;-48.312950;-78.141144;-96.073067;-99.378731
12877610;-48.587757;-78.336784;-96.159760;-99.343277
12879689;-48.862106;-78.531677;-96.245514;-99.306839
12881633;-49.135971;-78.725792;-96.330322;-99.269424
12883626;-49.409351;-78.919113;-96.414169;-99.231026
12885631;-49.682243;-79.111671;-96.497070;-99.191658
12887627;-49.954624;-79.303429;-96.579002;-99.151299
12889624;-50.226532;-79.494415;-96.660004;-99.109970
12891640;-50.497948;-79.684624;-96.740044;-99.067665
12893612;-50.768864;-79.874039;-96.819122;-99.024368
12895611;-51.039280;-80.062675;-96.897255;-98.980103
12897606;-51.309193;-80.250511;-96.974434;-98.934868
12899607;-51.578552;-80.437531;-97.050629;-98.888649
12901647;-51.847446;-80.623787;-97.125885;-98.841454
12903608;-52.115829;-80.809250;-97.200188;-98.793282
12905605;-52.383698;-80.993904;-97.273529;-98.744133
12907606;-52.651054;-81.177773;-97.345909;-98.694016
12909607;-52.917885;-81.360832;-97.417328;-98.642921
12911783;-53.184174;-81.543076;-97.487785;-98.590858
12913632;-53.449959;-81.724525;-97.557281;-98.537811
12915629;-53.715218;-81.905174;-97.625809;-98.483810
12917627;-53.979946;-82.085014;-97.693382;-98.428818
12919628;-54.244137;-82.264038;-97.759987;-98.372856
12921625;-54.507797;-82.442253;-97.825638;-98.315933
12923644;-54.770897;-82.619644;-97.890297;-98.258034
12925633;-55.033482;-82.796227;-97.954010;-98.199173
12927626;-55.295517;-82.972000;-98.016739;-98.139336
12929627;-55.557007;-83.146942;-98.078522;-98.078522
12931628;-55.817951;-83.321083;-98.139336;-98.016754
12933644;-56.078346;-83.494392;-98.199165;-97.954010
12935612;-56.338161;-83.666855;-98.258034;-97.890305
12937604;-56.597446;-83.838509;-98.315933;-97.825630
12939609;-56.856174;-84.009346;-98.372856;-97.759995
12941611;-57.114334;-84.179344;-98.428818;-97.693382
12943607;-57.371933;-84.348511;-98.483803;-97.625824
12945643;-57.628967;-84.516846;-98.537811;-97.557281
12947631;-57.885414;-84.684349;-98.590851;-97.487793
12949629;-58.141304;-84.851006;-98.642921;-97.417343
12951627;-58.396626;-85.016846;-98.694023;-97.345917
12953628;-58.651344;-85.181824;-98.744133;-97.273544
12955797;-58.905514;-85.345970;-98.793282;-97.200203
12957637;-59.159096;-85.509277;-98.841446;-97.125900
12959629;-59.412075;-85.671730;-98.888649;-97.050652
12961629;-59.664490;-85.833344;-98.934860;-96.974434
12963630;-59.916313;-85.994125;-98.980103;-96.897270
12965635;-60.167545;-86.154045;-99.024376;-96.819138
12967629;-60.418182;-86.313118;-99.067665;-96.740051
12969608;-60.668224;-86.471329;-99.109970;-96.660011
12971604;-60.917645;-86.628685;-99.151299;-96.579018
12973606;-61.166489;-86.785194;-99.191650;-96.497070
12975607;-61.414730;-86.940857;-99.231026;-96.414177
12977690;-61.662357;-87.095657;-99.269424;-96.330330
12979628;-61.909382;-87.249588;-99.306847;-96.245529
12981623;-62.155796;-87.402672;-99.343285;-96.159775
12983626;-62.401573;-87.554871;-99.378731;-96.073082
12985631;-62.646759;-87.706223;-99.413208;-95.985428
12987628;-62.891323;-87.856697;-99.446701;-95.896835
12989640;-63.135265;-88.006317;-99.479210;-95.807289
12991616;-63.378590;-88.155067;-99.510742;-95.716805
12993605;-63.621284;-88.302948;-99.541290;-95.625374
12995601;-63.863338;-88.449951;-99.570862;-95.533005
12997601;-64.104774;-88.596077;-99.599434;-95.439682
12999645;-64.345573;-88.741341;-99.627029;-95.345421
13001610;-64.585747;-88.885719;-99.653648;-95.250214
13003605;-64.825279;-89.029228;-99.679283;-95.154076
13005605;-65.064171;-89.171852;-99.703934;-95.056984
13007607;-65.302383;-89.313576;-99.727592;-94.958984
13009602;-65.539993;-89.454445;-99.750282;-94.860031
13011640;-65.776947;-89.594429;-99.771973;-94.760132
13013630;-66.013260;-89.733528;-99.792686;-94.659302
13015630;-66.248917;-89.871750;-99.812408;-94.557549
13017624;-66.483917;-90.009064;-99.831154;-94.454849
13019624;-66.718254;-90.145493;-99.848900;-94.351219
13021646;-66.951942;-90.281044;-99.865685;-94.246674
13023608;-67.184967;-90.415703;-99.881454;-94.141174
13025605;-67.417336;-90.549469;-99.896263;-94.034767
13027609;-67.649033;-90.682327;-99.910072;-93.927406
13029609;-67.880043;-90.814301;-99.922905;-93.819145
13031610;-68.110413;-90.945389;-99.934746;-93.709946
13033641;-68.340096;-91.075554;-99.945595;-93.599815
13035633;-68.569115;-91.204849;-99.955460;-93.488777
13037625;-68.797455;-91.333237;-99.964348;-93.376801
13039630;-69.025116;-91.460709;-99.972244;-93.263901
13041623;-69.252083;-91.587280;-99.979149;-93.150101
13043677;-69.478378;-91.712959;-99.985069;-93.035362
13045639;-69.703987;-91.837723;-99.990013;-92.919716
13047626;-69.928902;-91.961586;-99.993942;-92.803139
13049627;-70.153137;-92.084541;-99.996910;-92.685654
13051625;-70.376678;-92.206589;-99.998894;-92.567268
13053628;-70.599503;-92.327713;-99.999878;-92.447952
13055647;-70.821648;-92.447945;-99.999878;-92.327728
13057632;-71.043098;-92.567253;-99.998894;-92.206596
13059626;-71.263847;-92.685654;-99.996910;-92.084541
13061625;-71.483871;-92.803131;-99.993950;-91.961601
13063629;-71.703209;-92.919693;-99.989998;-91.837738
13065646;-71.921829;-93.035339;-99.985077;-91.712982
13067612;-72.139755;-93.150070;-99.979149;-91.587303
13069611;-72.356949;-93.263885;-99.972237;-91.460732
13071609;-72.573456;-93.376785;-99.964348;-91.333244
13073607;-72.789230;-93.488754;-99.955460;-91.204857
13075613;-73.004295;-93.599808;-99.945602;-91.075584
13077649;-73.218613;-93.709923;-99.934746;-90.945412
13079633;-73.432228;-93.819115;-99.922905;-90.814331
13081622;-73.645126;-93.927399;-99.910080;-90.682358
13083620;-73.857292;-94.034744;-99.896263;-90.549484
13085628;-74.068726;-94.141159;-99.881454;-90.415718
13087646;-74.279434;-94.246658;-99.865685;-90.281067
13089609;-74.489388;-94.351212;-99.848915;-90.145523
13091606;-74.698624;-94.454834;-99.831161;-90.009079
13093601;-74.907127;-94.557533;-99.812408;-89.871758
13095610;-75.114883;-94.659294;-99.792686;-89.733543
13097608;-75.321899;-94.760117;-99.771973;-89.594444
13099645;-75.528183;-94.860016;-99.750282;-89.454468
13101629;-75.733711;-94.958969;-99.727592;-89.313591
13103625;-75.938477;-95.056984;-99.703934;-89.171860
13105628;-76.142525;-95.154068;-99.679276;-89.029221
13107622;-76.345787;-95.250214;-99.653648;-88.885727
13109650;-76.548302;-95.345398;-99.627045;-88.741364
13111610;-76.750092;-95.439674;-99.599442;-88.596085
13113605;-76.951096;-95.532990;-99.570862;-88.449959
13115602;-77.151337;-95.625359;-99.541298;-88.302971
13117611;-77.350845;-95.716797;-99.510742;-88.155075
13119602;-77.549561;-95.807281;-99.479225;-88.006340
13121644;-77.747513;-95.896820;-99.446709;-87.856743
13123627;-77.944717;-95.985420;-99.413216;-87.706245
13125631;-78.141136;-96.073059;-99.378738;-87.554901
13127626;-78.336807;-96.159767;-99.343285;-87.402679
13129624;-78.531677;-96.245514;-99.306847;-87.249611
13131649;-78.725777;-96.330307;-99.269440;-87.095688
13133605;-78.919121;-96.414169;-99.231033;-86.940872
13135607;-79.111656;-96.497063;-99.191666;-86.785233
13137611;-79.303444;-96.579018;-99.151306;-86.628708
13139610;-79.494415;-96.660004;-99.109970;-86.471352
13141607;-79.684639;-96.740044;-99.067665;-86.313118
13143645;-79.874046;-96.819130;-99.024376;-86.154060
13145613;-80.062660;-96.897247;-98.980118;-85.994156
13147608;-80.250511;-96.974426;-98.934868;-85.833366
13149607;-80.437546;-97.050636;-98.888657;-85.671768
13151604;-80.623817;-97.125900;-98.841461;-85.509285
13153682;-80.809258;-97.200195;-98.793289;-85.345993
13155635;-80.993912;-97.273529;-98.744141;-85.181854
13157623;-81.177780;-97.345917;-98.694016;-85.016846
13159627;-81.360832;-97.417328;-98.642921;-84.851036
13161627;-81.543098;-97.487793;-98.590858;-84.684349
13163631;-81.724533;-97.557281;-98.537811;-84.516861
13165643;-81.905197;-97.625824;-98.483795;-84.348511
13167636;-82.085022;-97.693375;-98.428818;-84.179352
13169623;-82.264038;-97.759979;-98.372864;-84.009361
13171627;-82.442261;-97.825623;-98.315933;-83.838524
13173621;-82.619652;-97.890305;-98.258041;-83.666885
13175650;-82.796249;-97.954010;-98.199165;-83.494377
13177609;-82.972008;-98.016754;-98.139336;-83.321083
13179603;-83.146942;-98.078514;-98.078522;-83.146973
13181606;-83.321091;-98.139336;-98.016754;-82.972008
13183607;-83.494377;-98.199158;-97.954010;-82.796249
13185607;-83.666878;-98.258034;-97.890297;-82.619652
13187648;-83.838524;-98.315933;-97.825623;-82.442261
13189632;-84.009369;-98.372864;-97.759987;-82.264038
13191628;-84.179352;-98.428818;-97.693382;-82.085022
13193626;-84.348511;-98.483803;-97.625824;-81.905197
13195626;-84.516838;-98.537804;-97.557289;-81.724564
13197644;-84.684326;-98.590836;-97.487793;-81.543121
13199613;-84.851006;-98.642906;-97.417343;-81.360855
13201609;-85.016823;-98.694008;-97.345924;-81.177811
13203608;-85.181801;-98.744125;-97.273552;-80.993965
13205610;-85.345963;-98.793274;-97.200203;-80.809280
13207604;-85.509262;-98.841438;-97.125916;-80.623840
13209646;-85.671738;-98.888641;-97.050644;-80.437576
13211626;-85.833344;-98.934868;-96.974442;-80.250542
13213622;-85.994102;-98.980095;-96.897278;-80.062714
13215630;-86.154037;-99.024368;-96.819138;-79.874069
13217627;-86.313095;-99.067650;-96.740051;-79.684669
13219647;-86.471329;-99.109962;-96.660011;-79.494438
13221610;-86.628685;-99.151299;-96.579025;-79.303467
13223612;-86.785210;-99.191650;-96.497070;-79.111687
13225606;-86.940849;-99.231026;-96.414169;-78.919136
13227604;-87.095634;-99.269417;-96.330330;-78.725830
13229671;-87.249588;-99.306831;-96.245529;-78.531708
13231629;-87.402657;-99.343269;-96.159782;-78.336838
13233622;-87.554878;-99.378731;-96.073074;-78.141167
13235627;-87.706215;-99.413208;-95.985428;-77.944740
13237623;-87.856689;-99.446693;-95.896843;-77.747559
13239630;-88.006317;-99.479202;-95.807289;-77.549583
13241646;-88.155052;-99.510735;-95.716812;-77.350868
13243629;-88.302948;-99.541290;-95.625374;-77.151360
13245625;-88.449944;-99.570854;-95.533005;-76.951126
13247627;-88.596085;-99.599434;-95.439682;-76.750092
13249628;-88.741333;-99.627029;-95.345413;-76.548325
13251646;-88.885704;-99.653648;-95.250229;-76.345810
13253615;-89.029221;-99.679276;-95.154076;-76.142525
13255603;-89.171837;-99.703926;-95.056999;-75.938507
13257605;-89.313599;-99.727592;-94.958969;-75.733704
13259613;-89.454453;-99.750275;-94.860016;-75.528191
13261605;-89.594421;-99.771973;-94.760132;-75.321930
13263640;-89.733536;-99.792686;-94.659302;-75.114891
13265633;-89.871742;-99.812408;-94.557549;-74.907150
13267628;-90.009079;-99.831154;-94.454834;-74.698639
13269627;-90.145508;-99.848907;-94.351219;-74.489418
13271625;-90.281067;-99.865685;-94.246658;-74.279427
13273644;-90.415703;-99.881454;-94.141167;-74.068741
13275611;-90.549461;-99.896255;-94.034752;-73.857323
13277609;-90.682343;-99.910072;-93.927406;-73.645142
13279611;-90.814308;-99.922905;-93.819138;-73.432259
13281602;-90.945396;-99.934738;-93.709930;-73.218628
13283696;-91.075569;-99.945595;-93.599815;-73.004303
13285637;-91.204849;-99.955460;-93.488777;-72.789261
13287629;-91.333237;-99.964340;-93.376793;-72.573463
13289628;-91.460709;-99.972237;-93.263916;-72.356987
13291626;-91.587296;-99.979149;-93.150078;-72.139763
13293628;-91.712967;-99.985069;-93.035355;-71.921860
13295650;-91.837738;-99.989998;-92.919693;-71.703217
13297629;-91.961601;-99.993958;-92.803146;-71.483887
13299626;-92.084541;-99.996910;-92.685661;-71.263863
13301624;-92.206596;-99.998894;-92.567261;-71.043098
13303625;-92.327705;-99.999878;-92.447975;-70.821701
13305645;-92.447945;-99.999878;-92.327736;-70.599533
13307613;-92.567245;-99.998894;-92.206612;-70.376709
13309612;-92.685638;-99.996918;-92.084572;-70.153191
13311605;-92.803131;-99.993958;-91.961609;-69.928940
13313609;-92.861526;-99.992111;-91.899803;-69.816574
13315609;-93.035355;-99.985077;-91.712975;-69.478409
13317647;-93.150070;-99.979149;-91.587311;-69.252136
13319631;-93.263885;-99.972244;-91.460739;-69.025169
13321630;-93.376785;-99.964348;-91.333244;-68.797493
13323624;-93.488747;-99.955467;-91.204880;-68.569168
13325631;-93.599800;-99.945595;-91.075584;-68.340134
13327640;-93.709923;-99.934746;-90.945412;-68.110466
13329611;-93.819130;-99.922905;-90.814323;-67.880081
13331603;-93.927399;-99.910080;-90.682358;-67.649063
13333607;-94.034737;-99.896263;-90.549500;-67.417381
13335608;-94.141159;-99.881462;-90.415718;-67.185005
13337603;-94.246643;-99.865685;-90.281075;-66.951988
13339642;-94.351212;-99.848907;-90.145523;-66.718285
13341634;-94.454834;-99.831161;-90.009094;-66.483963
13343631;-94.557526;-99.812408;-89.871773;-66.248970
13345630;-94.659294;-99.792686;-89.733551;-66.013290
13347626;-94.760117;-99.771973;-89.594460;-65.777000
13349646;-94.860016;-99.750282;-89.454468;-65.540024
13351605;-94.958969;-99.727600;-89.313614;-65.302444
13353610;-95.056999;-99.703941;-89.171860;-65.064171
13355607;-95.154068;-99.679291;-89.029243;-64.825294
13357606;-95.250206;-99.653656;-88.885750;-64.585785
13359801;-95.345413;-99.627037;-88.741348;-64.345589
13361632;-95.439674;-99.599442;-88.596107;-64.104805
13363628;-95.532997;-99.570862;-88.449959;-63.863350
13365627;-95.625374;-99.541298;-88.302963;-63.621307
13367626;-95.716789;-99.510742;-88.155098;-63.378632
13369624;-95.807289;-99.479218;-88.006332;-63.135292
13371640;-95.896828;-99.446709;-87.856735;-62.891365
13373614;-95.985428;-99.413216;-87.706238;-62.646782
13375606;-96.073074;-99.378738;-87.554901;-62.401615
13377602;-96.159782;-99.343285;-87.402672;-62.155796
13379612;-96.245522;-99.306847;-87.249603;-61.909401
13381791;-96.330322;-99.269440;-87.095680;-61.662399
13383634;-96.414177;-99.231033;-86.940872;-61.414749
13385629;-96.497070;-99.191666;-86.785233;-61.166527
13387623;-96.579018;-99.151306;-86.628708;-60.917671
13389622;-96.660011;-99.109978;-86.471352;-60.668243
13391628;-96.740044;-99.067673;-86.313141;-60.418217
13393642;-96.819138;-99.024376;-86.154053;-60.167564
13395630;-96.897255;-98.980110;-85.994148;-59.916348
13397628;-96.974442;-98.934868;-85.833366;-59.664505
13399629;-97.050652;-98.888657;-85.671761;-59.412109
13401627;-97.125916;-98.841454;-85.509285;-59.159096
13403649;-97.200203;-98.793282;-85.345985;-58.905529
13405614;-97.273544;-98.744141;-85.181847;-58.651386
13407606;-97.345924;-98.694016;-85.016838;-58.396626
13409608;-97.417343;-98.642937;-84.851028;-58.141327
13411606;-97.487793;-98.590866;-84.684372;-57.885456
13413601;-97.557281;-98.537827;-84.516884;-57.629005
13415643;-97.625809;-98.483818;-84.348557;-57.371990
13417633;-97.693382;-98.428825;-84.179375;-57.114376
13419628;-97.759987;-98.372879;-84.009384;-56.856232
13421624;-97.825630;-98.315941;-83.838539;-56.597485
13423624;-97.890297;-98.258049;-83.666901;-56.338223
13425644;-97.954010;-98.199173;-83.494400;-56.078362
13427628;-98.016754;-98.139343;-83.321114;-55.817993
13429624;-98.078522;-98.078537;-83.146988;-55.557072
13431628;-98.139336;-98.016762;-82.972031;-55.295555
13433627;-98.199165;-97.954025;-82.796272;-55.033539
13435643;-98.258034;-97.890305;-82.619675;-54.770935
13437616;-98.315933;-97.825638;-82.442284;-54.507839
13439612;-98.372856;-97.759995;-82.264076;-54.244198
13441608;-98.428818;-97.693390;-82.085045;-53.979988
13443607;-98.483803;-97.625824;-81.905220;-53.715279
13445608;-98.537811;-97.557289;-81.724564;-53.450001
13447641;-98.590858;-97.487801;-81.543121;-53.184235
13449627;-98.642929;-97.417336;-81.360855;-52.917904
13451624;-98.668594;-97.381744;-81.269417;-52.784561
13453624;-98.744133;-97.273552;-80.993950;-52.383762
13455630;-98.793289;-97.200211;-80.809280;-52.115868
13457647;-98.841454;-97.125916;-80.623833;-51.847504
13459613;-98.888657;-97.050652;-80.437569;-51.578594
13461609;-98.934868;-96.974442;-80.250534;-51.309212
13463612;-98.980103;-96.897270;-80.062706;-51.039322
13465608;-99.024376;-96.819130;-79.874062;-50.768883
13467608;-99.067665;-96.740059;-79.684654;-50.497990
13469641;-99.109978;-96.660004;-79.494438;-50.226559
13471628;-99.151306;-96.579025;-79.303459;-49.954670
13473629;-99.191666;-96.497070;-79.111679;-49.682247
13475630;-99.231033;-96.414169;-78.919136;-49.409370
13477627;-99.269424;-96.330330;-78.725815;-49.136013
13479632;-99.306847;-96.245522;-78.531693;-48.862125
13481605;-99.343285;-96.159782;-78.336830;-48.587803
13483611;-99.378738;-96.073067;-78.141151;-48.312950
13485608;-99.413208;-95.985428;-77.944740;-48.037670
13487607;-99.446701;-95.896843;-77.747559;-47.761913
13489677;-99.479218;-95.807289;-77.549576;-47.485645
13491628;-99.510742;-95.716805;-77.350861;-47.208942
13493630;-99.541298;-95.625374;-77.151344;-46.931736
13495628;-99.570862;-95.533005;-76.951111;-46.654110
13497628;-99.599442;-95.439690;-76.750114;-46.376026
13499628;-99.627037;-95.345413;-76.548317;-46.097439
13501641;-99.653656;-95.250221;-76.345810;-45.818443
13503628;-99.679283;-95.154068;-76.142517;-45.538944
13505630;-99.703934;-95.056992;-75.938492;-45.259045
13507629;-99.727600;-94.958969;-75.733696;-44.978653
13509627;-99.750282;-94.860016;-75.528183;-44.697865
13511644;-99.771973;-94.760132;-75.321922;-44.416630
13513610;-99.792686;-94.659302;-75.114891;-44.134918
13515605;-99.812408;-94.557541;-74.907143;-43.852810
13517610;-99.831161;-94.454834;-74.698624;-43.570225
13519610;-99.848907;-94.351234;-74.489441;-43.287300
13521606;-99.865677;-94.246674;-74.279480;-43.003906
13523647;-99.881462;-94.141182;-74.068764;-42.720039
13525633;-99.896263;-94.034775;-73.857346;-42.435802
13527629;-99.910072;-93.927406;-73.645157;-42.151093
13529628;-99.922905;-93.819145;-73.432281;-41.866016
13531624;-99.934746;-93.709938;-73.218658;-41.580482
13533645;-99.945602;-93.599823;-73.004326;-41.294582
13535618;-99.955460;-93.488785;-72.789276;-41.008274
13537613;-99.964348;-93.376801;-72.573486;-40.721519
13539600;-99.972244;-93.263916;-72.357010;-40.434402
13541601;-99.979149;-93.150093;-72.139786;-40.146847
13543605;-99.985069;-93.035370;-71.921883;-39.858932
13545648;-99.990005;-92.919724;-71.703262;-39.570629
13547628;-99.993958;-92.803154;-71.483910;-39.281891
13549624;-99.996910;-92.685669;-71.263885;-38.992809
13551621;-99.998894;-92.567268;-71.043114;-38.703300
13553626;-99.999878;-92.447960;-70.821686;-38.413452
13555640;-99.999878;-92.327728;-70.599518;-38.123180
13557611;-99.998894;-92.206604;-70.376694;-37.832581
13559607;-99.996918;-92.084564;-70.153168;-37.541599
13561604;-99.993958;-91.961601;-69.928925;-37.250210
13563606;-99.990013;-91.837753;-69.704025;-36.958492
13565684;-99.985077;-91.712967;-69.478394;-36.666370
13567632;-99.979149;-91.587296;-69.252121;-36.373924
13569620;-99.972244;-91.460732;-69.025154;-36.081123
13571626;-99.964348;-91.333237;-68.797478;-35.787922
13573628;-99.955467;-91.204872;-68.569160;-35.494415
13575628;-99.945602;-91.075577;-68.340126;-35.200508
13577644;-99.934746;-90.945396;-68.110451;-34.906300
13579601;-99.922905;-90.814316;-67.880074;-34.611702
13581612;-99.910080;-90.682343;-67.649063;-34.316811
13583610;-99.896263;-90.549484;-67.417374;-34.021576
13585608;-99.881462;-90.415710;-67.184990;-33.725964
13587644;-99.865685;-90.281067;-66.951981;-33.430061
13589610;-99.848907;-90.145508;-66.718277;-33.133785
13591601;-99.831161;-90.009079;-66.483948;-32.837227
13593607;-99.812416;-89.871773;-66.248962;-32.540344
13595603;-99.792686;-89.733543;-66.013283;-32.243095
13597614;-99.771973;-89.594452;-65.776993;-31.945574
13599642;-99.750282;-89.454460;-65.540016;-31.647694
13601627;-99.727600;-89.313606;-65.302429;-31.349543
13603627;-99.703934;-89.171844;-65.064156;-31.051041
13605626;-99.679283;-89.029228;-64.825287;-30.752274
13607632;-99.653656;-88.885727;-64.585770;-30.453205
13609644;-99.627037;-88.741341;-64.345581;-30.153790
13611612;-99.599442;-88.596092;-64.104797;-29.854124
13613607;-99.570862;-88.449951;-63.863342;-29.554117
13615601;-99.541298;-88.302956;-63.621288;-29.253864
13617607;-99.510750;-88.155083;-63.378620;-28.953323
13619604;-99.479218;-88.006332;-63.135277;-28.652454
13621643;-99.446709;-87.856720;-62.891354;-28.351339
13623627;-99.413208;-87.706223;-62.646763;-28.049904
13625634;-99.378738;-87.554886;-62.401604;-27.748236
13627628;-99.343285;-87.402710;-62.155853;-27.446342
13629626;-99.306854;-87.249619;-61.909424;-27.144087
13631637;-99.269440;-87.095695;-61.662418;-26.841608
13633610;-99.231041;-86.940887;-61.414772;-26.538816
13635610;-99.191666;-86.785240;-61.166550;-26.235807
13637604;-99.151314;-86.628716;-60.917694;-25.932497
13639609;-99.109985;-86.471359;-60.668270;-25.628975
13641608;-99.067673;-86.313156;-60.418247;-25.325203
13643647;-99.024384;-86.154076;-60.167587;-25.021135
13645635;-98.980118;-85.994164;-59.916370;-24.716864
13647633;-98.934868;-85.833374;-59.664528;-24.412302
13649630;-98.888657;-85.671776;-59.412148;-24.107546
13651626;-98.841461;-85.509323;-59.159161;-23.802553
13653641;-98.793289;-85.346001;-58.905560;-23.497278
13655611;-98.744148;-85.181854;-58.651413;-23.191816
13657611;-98.694023;-85.016861;-58.396656;-22.886082
13659604;-98.642937;-84.851036;-58.141350;-22.580166
13661608;-98.590866;-84.684357;-57.885437;-22.273981
13663649;-98.537827;-84.516869;-57.628994;-21.967623
13665611;-98.483810;-84.348541;-57.371975;-21.661049
13667605;-98.428825;-84.179367;-57.114365;-21.354216
13669605;-98.372871;-84.009377;-56.856216;-21.047215
13671609;-98.315941;-83.838531;-56.597473;-20.739962
13673611;-98.258049;-83.666893;-56.338207;-20.432550
13675646;-98.199181;-83.494415;-56.078392;-20.124937
13677630;-98.139343;-83.321091;-55.817986;-19.817080
13679623;-98.078537;-83.146980;-55.557053;-19.509069
13681627;-98.016754;-82.972023;-55.295540;-19.200823
13683627;-97.954025;-82.796265;-55.033527;-18.892435
13685644;-97.890312;-82.619667;-54.770927;-18.583813
13687614;-97.825638;-82.442276;-54.507828;-18.275051
13689607;-97.760002;-82.264069;-54.244186;-17.966112
13691609;-97.693398;-82.085030;-53.979969;-17.656950
13693604;-97.625824;-81.905205;-53.715263;-17.347656
13695607;-97.557297;-81.724556;-53.449989;-17.038151
13697647;-97.487801;-81.543114;-53.184223;-16.728516
13699629;-97.417351;-81.360863;-52.917934;-16.418722
13701628;-97.345924;-81.177795;-52.651077;-16.108715
13703627;-97.273552;-80.993942;-52.383751;-15.798600
13705627;-97.200203;-80.809265;-52.115856;-15.488280
13707641;-97.125916;-80.623833;-51.847500;-15.177855
13709608;-97.050652;-80.437561;-51.578583;-14.867234
13711603;-96.974442;-80.250526;-51.309196;-14.556512
13713603;-96.897270;-80.062698;-51.039303;-14.245646
13715606;-96.819138;-79.874054;-50.768875;-13.934594
13717605;-96.740051;-79.684647;-50.497978;-13.623447
13719639;-96.660011;-79.494438;-50.226547;-13.312123
13721627;-96.579018;-79.303452;-49.954659;-13.000715
13723623;-96.497086;-79.111694;-49.682274;-12.689177
13725630;-96.414177;-78.919128;-49.409367;-12.377469
13727628;-96.330330;-78.725815;-49.136002;-12.065681
13729642;-96.245522;-78.531685;-48.862118;-11.753729
13731610;-96.159782;-78.336815;-48.587791;-11.441710
13733606;-96.073074;-78.141144;-48.312943;-11.129528
13735610;-95.985443;-77.944763;-48.037701;-10.817334
13737607;-95.896851;-77.747574;-47.761940;-10.504982
13739603;-95.807304;-77.549599;-47.485668;-10.192481
13741648;-95.716820;-77.350876;-47.208969;-9.879929
13743631;-95.625381;-77.151375;-46.931774;-9.567231
13745631;-95.533012;-76.951126;-46.654148;-9.254485
13747624;-95.439697;-76.750130;-46.376053;-8.941645
13749626;-95.345428;-76.548347;-46.097469;-8.628673
13751649;-95.250237;-76.345840;-45.818474;-8.315664
13753612;-95.154083;-76.142532;-45.538975;-8.002522
13755601;-95.057007;-75.938515;-45.259075;-7.689351
13757608;-94.958984;-75.733719;-44.978683;-7.376054
13759607;-94.860039;-75.528206;-44.697891;-7.062733
13761803;-94.760147;-75.321945;-44.416664;-6.749347
13763634;-94.659309;-75.114906;-44.134949;-6.435842
13765626;-94.557556;-74.907166;-43.852840;-6.122318
13767627;-94.454849;-74.698654;-43.570255;-5.808687
13769625;-94.351234;-74.489433;-43.287292;-5.495053
13771628;-94.246681;-74.279472;-43.003891;-5.181360
13773648;-94.141182;-74.068748;-42.720032;-4.867568
13775635;-94.034767;-73.857323;-42.435791;-4.553777
13777625;-93.927414;-73.645142;-42.151081;-4.239893
13779622;-93.819145;-73.432274;-41.866005;-3.926015
13781623;-93.709961;-73.218681;-41.580513;-3.612101
13783641;-93.599823;-73.004318;-41.294571;-3.298101
13785604;-93.488785;-72.789276;-41.008263;-2.984113
13787606;-93.376801;-72.573486;-40.721504;-2.670053
13789604;-93.263916;-72.357002;-40.434387;-2.356008
13791606;-93.150093;-72.139778;-40.146832;-2.041897
13793611;-93.035370;-71.921875;-39.858921;-1.727813
13795641;-92.919724;-71.703255;-39.570618;-1.413712
13797629;-92.803154;-71.483902;-39.281879;-1.099551
13799625;-92.685677;-71.263878;-38.992802;-0.785425
13801629;-92.567268;-71.043106;-38.703289;-0.471240
13803627;-92.447960;-70.821678;-38.413437;-0.157103
13805641;-92.327744;-70.599548;-38.123215;0.157037
13807612;-92.206596;-70.376678;-37.832565;0.471225
13809606;-92.084564;-70.153168;-37.541588;0.785357
13811606;-91.961601;-69.928917;-37.250198;1.099530
13813607;-91.837738;-69.704010;-36.958477;1.413649
13815609;-91.712967;-69.478386;-36.666351;1.727799
13817648;-91.587296;-69.252106;-36.373909;2.041882
13819626;-91.460732;-69.025146;-36.081112;2.355942
13821623;-91.333237;-68.797462;-35.787907;2.670038
13823629;-91.204865;-68.569145;-35.494396;2.984050
13825630;-91.075569;-68.340111;-35.200493;3.298083
13827641;-90.945396;-68.110435;-34.906284;3.612032
13829613;-90.814331;-67.880096;-34.611732;3.925952
13831607;-90.682343;-67.649048;-34.316792;4.239875
13833607;-90.549484;-67.417358;-34.021561;4.553714
13835606;-90.415703;-67.184975;-33.725948;4.867554
13837600;-90.281067;-66.951973;-33.430046;5.181298
13839635;-90.145508;-66.718262;-33.133770;5.495036
13841612;-90.009079;-66.483925;-32.837208;5.808675
13843610;-89.871780;-66.248978;-32.540379;6.122208
13845608;-89.733559;-66.013306;-32.243126;6.435773
13847608;-89.594475;-65.777016;-31.945606;6.749230
13849705;-89.454475;-65.540031;-31.647718;7.062671
13851630;-89.313622;-65.302452;-31.349575;7.375991
13853629;-89.171890;-65.064224;-31.051115;7.689235
13855632;-89.029243;-64.825302;-30.752300;8.002457
13857625;-88.885750;-64.585793;-30.453236;8.315548
13859626;-88.741356;-64.345604;-30.153820;8.628607
13861645;-88.596107;-64.104820;-29.854155;8.941537
13863628;-88.449959;-63.863361;-29.554144;9.254423
13865627;-88.302971;-63.621319;-29.253897;9.567163
13867626;-88.155106;-63.378639;-28.953352;9.879816
13869628;-88.006340;-63.135303;-28.652477;10.192418
13871700;-87.856735;-62.891365;-28.351370;10.504871
13873633;-87.706238;-62.646782;-28.049931;10.817268
13875631;-87.554901;-62.401623;-27.748268;11.129514
13877624;-87.402702;-62.155842;-27.446327;11.441645
13879624;-87.249611;-61.909412;-27.144068;11.753711
13881627;-87.095680;-61.662407;-26.841587;12.065619
13883642;-86.940872;-61.414753;-26.538795;12.377453
13885611;-86.785233;-61.166538;-26.235794;12.689114
13887607;-86.628708;-60.917675;-25.932482;13.000697
13889605;-86.471352;-60.668255;-25.628960;13.312110
13891612;-86.313148;-60.418224;-25.325186;13.623386
13893638;-86.154060;-60.167568;-25.021114;13.934576
13895616;-85.994148;-59.916351;-24.716843;14.245587
13897612;-85.833374;-59.664516;-24.412287;14.556498
13899599;-85.671761;-59.412121;-24.107525;14.867219
13901603;-85.509315;-59.159149;-23.802540;15.177790
13903605;-85.345993;-58.905540;-23.497257;15.488264
13905649;-85.181847;-58.651394;-23.191797;15.798542
13907629;-85.016846;-58.396633;-22.886063;16.108704
13909630;-84.851036;-58.141335;-22.580147;16.418659
13911628;-84.684349;-57.885422;-22.273960;16.728508
13913626;-84.516861;-57.628979;-21.967602;17.038137
13915645;-84.348534;-57.371964;-21.661028;17.347599
13917610;-84.179352;-57.114346;-21.354198;17.656935
13919607;-84.009369;-56.856201;-21.047199;17.966049
13921611;-83.838524;-56.597458;-20.739946;18.275034
13923604;-83.666878;-56.338196;-20.432537;18.583792
13925607;-83.494408;-56.078373;-20.124918;18.892374
13927640;-83.321091;-55.817963;-19.817062;19.200808
13929628;-83.146973;-55.557037;-19.509060;19.509007
13931627;-82.972008;-55.295528;-19.200806;19.817062
13933625;-82.796249;-55.033504;-18.892420;20.124874
13935630;-82.619652;-54.770912;-18.583801;20.432535
13937648;-82.442261;-54.507805;-18.275034;20.739948
13939608;-82.264069;-54.244171;-17.966097;21.047157
13941602;-82.085022;-53.979950;-17.656929;21.354198
13943609;-81.905197;-53.715248;-17.347639;21.660986
13945603;-81.724533;-53.449966;-17.038128;21.967611
13947608;-81.543098;-53.184204;-16.728502;22.273966
13949646;-81.360855;-52.917908;-16.418699;22.580109
13951631;-81.177811;-52.651096;-16.108746;22.886023
13953629;-80.993965;-52.383770;-15.798632;23.191708
13955630;-80.809288;-52.115887;-15.488315;23.497215
13957626;-80.623840;-51.847519;-15.177881;23.802441
13959646;-80.437599;-51.578640;-14.867309;24.107441
13961614;-80.250534;-51.309216;-14.556536;24.412241
13963605;-80.062714;-51.039333;-14.245677;24.716755
13965604;-79.874077;-50.768898;-13.934621;25.021070
13967603;-79.684669;-50.498001;-13.623482;25.325098
13969606;-79.494446;-50.226570;-13.312152;25.628916
13971643;-79.303474;-49.954681;-13.000745;25.932434
13973629;-79.111710;-49.682297;-12.689203;26.235699
13975630;-78.919151;-49.409382;-12.377498;26.538757
13977629;-78.725830;-49.136021;-12.065715;26.841494
13979621;-78.531708;-48.862137;-11.753765;27.144028
13981644;-78.336838;-48.587811;-11.441737;27.446234
13983611;-78.141197;-48.313011;-11.129609;27.748173
13985611;-77.944756;-48.037685;-10.817322;28.049887
13987606;-77.747574;-47.761936;-10.504970;28.351276
13989604;-77.549591;-47.485657;-10.192463;28.652439
13991643;-77.350876;-47.208958;-9.879914;28.953262
13993605;-77.151367;-46.931755;-9.567213;29.253853
13995606;-76.951126;-46.654129;-9.254464;29.554104
13997609;-76.750122;-46.376045;-8.941629;29.854065
13999610;-76.548340;-46.097458;-8.628657;30.153774
14001602;-76.345825;-45.818459;-8.315647;30.453142
14003642;-76.142525;-45.538960;-8.002504;30.752260
14005634;-75.938507;-45.259064;-7.689330;31.051025
14007629;-75.733742;-44.978718;-7.376093;31.349480
14009629;-75.528191;-44.697876;-7.062716;31.647678
14011625;-75.321938;-44.416645;-6.749332;31.945511
14013643;-75.114906;-44.134937;-6.435829;32.243080
14015617;-74.907158;-43.852825;-6.122303;32.540287
14017614;-74.698639;-43.570240;-5.808675;32.837208
14019607;-74.489418;-43.287273;-5.495039;33.133770
14021603;-74.279465;-43.003876;-5.181345;33.430004
14023603;-74.068741;-42.720013;-4.867554;33.725948
14025646;-73.857323;-42.435772;-4.553762;34.021519
14027630;-73.645142;-42.151062;-4.239875;34.316795
14029631;-73.432266;-41.865993;-3.926003;34.611687
14031627;-73.218666;-41.580505;-3.612086;34.906239
14033624;-73.004303;-41.294552;-3.298077;35.200493
14035647;-72.789261;-41.008247;-2.984095;35.494354
14037609;-72.573471;-40.721489;-2.670035;35.787903
14039610;-72.356987;-40.434368;-2.355990;36.081062
14041605;-72.139763;-40.146812;-2.041879;36.373909
14043604;-71.921860;-39.858906;-1.727799;36.666351
14045610;-71.703247;-39.570599;-1.413697;36.958431
14047642;-71.483887;-39.281857;-1.099533;37.250195
14049628;-71.263863;-38.992779;-0.785410;37.541538
14051623;-71.043098;-38.703270;-0.471225;37.832561
14053624;-70.821671;-38.413425;-0.157088;38.123169
14055634;-70.599533;-38.123192;0.157055;38.413395
14057640;-70.376678;-37.832554;0.471237;38.703289
14059608;-70.153191;-37.541618;0.785324;38.992702
14061606;-69.928940;-37.250225;1.099503;39.281837
14063608;-69.816574;-37.104408;1.256564;39.426231
14065605;-69.478439;-36.666428;1.727718;39.858833
14067603;-69.252129;-36.373936;2.041852;40.146793
14069647;-69.025169;-36.081135;2.355912;40.434307
14071627;-68.797493;-35.787937;2.669999;40.721462
14073625;-68.569168;-35.494431;2.984017;41.008171
14075628;-68.340134;-35.200520;3.298053;41.294529
14077621;-68.110466;-34.906315;3.612003;41.580421
14079646;-67.880119;-34.611759;3.925922;41.865925
14081606;-67.649063;-34.316822;4.239851;42.151043
14083604;-67.417389;-34.021587;4.553685;42.435699
14085607;-67.185005;-33.725975;4.867524;42.719994
14087609;-66.951988;-33.430073;5.181271;43.003807
14089603;-66.718323;-33.133842;5.494955;43.287205
14091645;-66.483955;-32.837238;5.808645;43.570213
14093630;-66.248970;-32.540356;6.122226;43.852760
14095626;-66.013298;-32.243111;6.435794;44.134903
14097629;-65.777000;-31.945583;6.749254;44.416584
14099627;-65.540024;-31.647709;7.062685;44.697849
14101643;-65.302437;-31.349554;7.376009;44.978649
14103604;-65.064201;-31.051100;7.689259;45.258991
14105608;-64.825294;-30.752289;8.002475;45.538937
14107609;-64.585785;-30.453215;8.315569;45.818390
14109603;-64.345589;-30.153803;8.628628;46.097427
14111601;-64.104805;-29.854137;8.941558;46.375973
14113640;-63.863392;-29.554176;9.254390;46.654064
14115633;-63.621307;-29.253881;9.567186;46.931728
14117624;-63.378628;-28.953335;9.879833;47.208889
14119624;-63.135292;-28.652468;10.192436;47.485630
14121624;-62.891365;-28.351358;10.504887;47.761856
14123642;-62.646778;-28.049913;10.817286;48.037659
14125613;-62.401615;-27.748251;11.129525;48.312939
14127603;-62.155830;-27.446308;11.441666;48.587746
14129613;-61.909401;-27.144051;11.753729;48.862118
14131607;-61.662399;-26.841578;12.065631;49.135956
14133607;-61.414749;-26.538780;12.377468;49.409363
14135644;-61.166527;-26.235771;12.689132;49.682236
14137638;-60.917706;-25.932512;13.000668;49.954613
14139628;-60.668243;-25.628944;13.312125;50.226547
14141625;-60.418217;-25.325171;13.623405;50.497936
14143625;-60.167564;-25.021103;13.934591;50.768864
14145640;-59.916348;-24.716827;14.245600;51.039268
14147608;-59.664505;-24.412271;14.556515;51.309204
14149606;-59.412109;-24.107510;14.867237;51.578583
14151608;-59.159134;-23.802525;15.177814;51.847458
14153609;-58.905529;-23.497242;15.488288;52.115856
14155695;-58.651386;-23.191786;15.798551;52.383701
14157642;-58.396626;-22.886053;16.108721;52.651077
14159632;-58.141327;-22.580135;16.418678;52.917892
14161628;-57.885448;-22.273996;16.728474;53.184174
14163625;-57.628967;-21.967587;17.038145;53.449989
14165630;-57.371990;-21.661064;17.347563;53.715179
14167637;-57.114376;-21.354231;17.656898;53.979927
14169605;-56.856228;-21.047228;17.966021;54.244102
14171608;-56.597485;-20.739973;18.275007;54.507782
14173609;-56.338223;-20.432562;18.583765;54.770882
14175606;-56.078403;-20.124949;18.892342;55.033447
14177695;-55.817993;-19.817093;19.200775;55.295502
14179631;-55.557068;-19.509081;19.508982;55.556976
14181629;-55.295555;-19.200838;19.817028;55.817940
14183627;-55.033539;-18.892448;20.124844;56.078308
14185628;-54.770977;-18.583870;20.432461;56.338131
14187626;-54.507839;-18.275070;20.739910;56.597431
14189648;-54.244198;-17.966127;21.047125;56.856136
14191628;-53.979980;-17.656961;21.354168;57.114315
14193624;-53.715279;-17.347673;21.660957;57.371902
14195628;-53.450001;-17.038164;21.967579;57.628952
14197625;-53.184235;-16.728533;22.273932;57.885395
14199646;-52.917946;-16.418737;22.580072;58.141266
14201612;-52.651096;-16.108734;22.886034;58.396614
14203607;-52.383762;-15.798616;23.191721;58.651329
14205605;-52.115868;-15.488294;23.497231;58.905514
14207607;-51.847504;-15.177867;23.802462;59.159081
14209602;-51.578636;-14.867297;24.107452;59.412064
14211644;-51.309212;-14.556524;24.412256;59.664494
14213629;-51.039322;-14.245659;24.716770;59.916294
14215629;-50.768887;-13.934609;25.021082;60.167538
14217629;-50.497990;-13.623465;25.325111;60.418163
14219629;-50.226559;-13.312138;25.628927;60.668224
14221642;-49.954666;-13.000730;25.932451;60.917652
14223616;-49.682285;-12.689188;26.235723;61.166477
14225607;-49.409370;-12.377480;26.538769;61.414730
14227608;-49.136013;-12.065694;26.841513;61.662346
14229613;-48.862125;-11.753741;27.144035;61.909382
14231605;-48.587799;-11.441723;27.446253;62.155777
14233645;-48.312996;-11.129588;27.748194;62.401569
14235635;-48.037670;-10.817298;28.049908;62.646770
14237625;-47.761909;-10.504950;28.351297;62.891312
14239628;-47.485641;-10.192448;28.652447;63.135273
14241629;-47.208942;-9.879896;28.953276;63.378578
14243644;-46.931778;-9.567243;29.253817;63.621254
14245611;-46.654110;-9.254447;29.554123;63.863342
14247607;-46.376026;-8.941611;29.854076;64.104752
14249605;-46.097439;-8.628636;30.153795;64.345581
14251609;-45.818439;-8.315629;30.453163;64.585724
14253606;-45.538944;-8.002487;30.752272;64.825287
14255645;-45.259045;-7.689315;31.051043;65.064156
14257636;-44.978695;-7.376066;31.349499;65.302391
14259629;-44.697865;-7.062700;31.647694;65.540009
14261630;-44.416630;-6.749308;31.945530;65.776947
14263630;-44.134918;-6.435809;32.243095;66.013275
14265642;-43.852810;-6.122282;32.540302;66.248924
14267617;-43.570271;-5.808705;32.837185;66.483910
14269612;-43.287258;-5.495018;33.133785;66.718277
14271606;-43.003864;-5.181327;33.430016;66.951942
14273605;-42.720039;-4.867583;33.725914;67.184952
14275796;-42.435799;-4.553789;34.021492;67.417305
14277633;-42.151093;-4.239908;34.316765;67.649017
14279631;-41.866016;-3.926030;34.611660;67.880043
14281629;-41.580528;-3.612110;34.906216;68.110382
14283625;-41.294582;-3.298110;35.200466;68.340088
14285632;-41.008274;-2.984124;35.494331;68.569092
14287643;-40.721519;-2.670064;35.787880;68.797447
14289617;-40.434402;-2.356023;36.081043;69.025093
14291613;-40.146889;-2.041957;36.373840;69.252052
14293603;-39.858932;-1.727825;36.666328;69.478363
14295605;-39.570629;-1.413724;36.958401;69.703957
14297644;-39.281891;-1.099563;37.250168;69.928894
14299611;-38.992809;-0.785434;37.541512;70.153107
14301606;-38.703300;-0.471255;37.832535;70.376663
14303608;-38.413452;-0.157115;38.123138;70.599487
14305605;-38.123226;0.157025;38.413368;70.821625
14307609;-37.832577;0.471210;38.703259;71.043083
14309632;-37.541599;0.785348;38.992725;71.263817
14311608;-37.250210;1.099518;39.281853;71.483871
14313608;-36.958492;1.413634;39.570541;71.703201
14315604;-36.666412;1.727736;39.858852;71.921814
14317605;-36.373924;2.041870;40.146809;72.139755
14319694;-36.081123;2.355933;40.434319;72.356949
14321634;-35.787922;2.670023;40.721478;72.573456
14323627;-35.494415;2.984035;41.008186;72.789215
14325632;-35.200508;3.298068;41.294540;73.004295
14327628;-34.906300;3.612020;41.580444;73.218620
14329632;-34.611748;3.925937;41.865929;73.432220
14331636;-34.316807;4.239863;42.151051;73.645126
14333608;-34.021576;4.553699;42.435719;73.857285
14335606;-33.725964;4.867539;42.720001;74.068733
14337604;-33.430061;5.181283;43.003822;74.279419
14339603;-33.133827;5.494976;43.287216;74.489372
14341700;-32.837227;5.808663;43.570232;74.698631
14343628;-32.540344;6.122241;43.852772;74.907112
14345625;-32.243095;6.435809;44.134914;75.114891
14347632;-31.945574;6.749263;44.416588;75.321892
14349625;-31.647692;7.062706;44.697868;75.528183
14351624;-31.349543;7.376027;44.978661;75.733696
14353649;-31.051085;7.689273;45.259007;75.938469
14355610;-30.752274;8.002490;45.538948;76.142517
14357605;-30.453205;8.315587;45.818401;76.345787
14359608;-30.153790;8.628643;46.097443;76.548317
14361606;-29.854124;8.941570;46.375992;76.750084
14363609;-29.554165;9.254405;46.654076;76.951088
14365640;-29.253864;9.567198;46.931736;77.151352
14367628;-28.953323;9.879851;47.208908;77.350830
14369627;-28.652451;10.192451;47.485649;77.549583
14371625;-28.351339;10.504905;47.761871;77.747520
14373622;-28.049904;10.817305;48.037674;77.944740
14375646;-27.748236;11.129549;48.312958;78.141159
14377610;-27.446297;11.441678;48.587757;78.336792
14379614;-27.144039;11.753747;48.862129;78.531693
14381608;-26.841604;12.065604;49.135933;78.725761
14383601;-26.538816;12.377435;49.409328;78.919106
14385610;-26.235809;12.689098;49.682201;79.111649
14387642;-25.932545;13.000637;49.954586;79.303406
14389629;-25.628975;13.312099;50.226521;79.494415
14391628;-25.325203;13.623373;50.497913;79.684601
14393629;-25.021133;13.934565;50.768845;79.874039
14395626;-24.716862;14.245568;51.039242;80.062653
14397646;-24.412348;14.556437;51.309132;80.250481
14399610;-24.107544;14.867206;51.578556;80.437538
14401604;-23.802551;15.177780;51.847435;80.623779
14403612;-23.497276;15.488252;52.115833;80.809250
14405608;-23.191816;15.798526;52.383686;80.993896
14407607;-22.886080;16.108690;52.651058;81.177780
14409642;-22.580164;16.418648;52.917870;81.360825
14411629;-22.274027;16.728441;53.184158;81.543060
14413626;-21.967623;17.038120;53.449966;81.724533
14415631;-21.661047;17.347584;53.715206;81.905159
14417626;-21.354214;17.656921;53.979946;82.085014
14419644;-21.047215;17.966036;54.244125;82.264030
14421609;-20.740007;18.274977;54.507755;82.442230
14423605;-20.432549;18.583784;54.770905;82.619652
14425605;-20.124935;18.892359;55.033463;82.796219
14427610;-19.817076;19.200794;55.295521;82.972000
14429642;-19.509069;19.508999;55.556995;83.146942
14431613;-19.200823;19.817049;55.817955;83.321083
14433608;-18.892433;20.124861;56.078327;83.494370
14435601;-18.583858;20.432472;56.338142;83.666847
14437610;-18.275051;20.739933;56.597454;83.838524
14439604;-17.966110;21.047140;56.856155;84.009338
14441648;-17.656948;21.354185;57.114338;84.179344
14443626;-17.347656;21.660975;57.371914;84.348503
14445626;-17.038193;21.967550;57.628937;84.516830
14447629;-16.728516;22.273954;57.885414;84.684349
14449627;-16.418720;22.580090;58.141293;84.851006
14451645;-16.108715;22.886055;58.396626;85.016846
14453611;-15.798600;23.191742;58.651344;85.181824
14455608;-15.488279;23.497250;58.905537;85.345985
14457606;-15.177855;23.802475;59.159096;85.509285
14459610;-14.867279;24.107471;59.412079;85.671738
14461606;-14.556509;24.412275;59.664513;85.833366
14463646;-14.245645;24.716789;59.916317;85.994125
14465630;-13.934591;25.021107;60.167564;86.154060
14467627;-13.623447;25.325129;60.418182;86.313118
14469626;-13.312168;25.628904;60.668205;86.471321
14471623;-13.000711;25.932472;60.917671;86.628708
14473644;-12.689175;26.235735;61.166489;86.785202
14475613;-12.377464;26.538786;61.414742;86.940865
14477610;-12.065679;26.841534;61.662365;87.095657
14479605;-11.753728;27.144056;61.909401;87.249603
14481609;-11.441707;27.446270;62.155800;87.402672
14483607;-11.129574;27.748209;62.401581;87.554871
14485644;-10.817284;28.049923;62.646778;87.706230
14487637;-10.504933;28.351313;62.891327;87.856705
14489629;-10.192480;28.652424;63.135250;88.006310
14491626;-9.879926;28.953251;63.378555;88.155052
14493628;-9.567274;29.253790;63.621227;88.302910
14495649;-9.254481;29.554087;63.863319;88.449936
14497611;-8.941644;29.854050;64.104736;88.596054
14499612;-8.628671;30.153763;64.345558;88.741325
14501605;-8.315660;30.453133;64.585709;88.885704
14503608;-8.002520;30.752247;64.825264;89.029221
14505697;-7.689348;31.051012;65.064140;89.171829
14507631;-7.376100;31.349468;65.302368;89.313576
14509624;-7.062732;31.647665;65.539993;89.454445
14511629;-6.749341;31.945499;65.776932;89.594421
14513626;-6.435838;32.243069;66.013252;89.733528
14515628;-6.122317;32.540272;66.248901;89.871735
14517644;-5.808736;32.837154;66.483887;90.009048
14519630;-5.495050;33.133759;66.718254;90.145500
14521627;-5.181358;33.429989;66.951927;90.281029
14523632;-4.867567;33.725937;67.184975;90.415703
14525629;-4.553775;34.021507;67.417320;90.549454
14527645;-4.239939;34.316738;67.649002;90.682312
14529612;-3.926013;34.611675;67.880051;90.814301
14531610;-3.612096;34.906231;68.110397;90.945366
14533605;-3.298096;35.200481;68.340103;91.075562
14535604;-2.984111;35.494339;68.569099;91.204834
14537603;-2.670048;35.787895;68.797462;91.333229
14539649;-2.356008;36.081055;69.025101;91.460701
14541631;-2.041943;36.373856;69.252060;91.587273
14543626;-1.727811;36.666344;69.478378;91.712959
14545625;-1.413710;36.958416;69.703964;91.837715
14547626;-1.099547;37.250183;69.928909;91.961586
14549648;-0.785421;37.541531;70.153114;92.084534
14551610;-0.471287;37.832508;70.376640;92.206573
14553609;-0.157100;38.123154;70.599503;92.327721
14555609;0.157080;38.413418;70.821663;92.447952
14557606;0.471237;38.703285;71.043106;92.567261
14559605;0.785390;38.992767;71.263847;92.685661
14561650;1.099535;39.281868;71.483894;92.803139
14563631;1.413669;39.570576;71.703224;92.919708
14565631;1.727790;39.858902;71.921852;93.035355
14567628;2.041893;40.146828;72.139778;93.150085
14569625;2.355976;40.434361;72.356972;93.263893
14571644;2.670036;40.721493;72.573471;93.376793
14573631;2.984070;41.008221;72.789246;93.488762
14575630;3.298074;41.294544;73.004303;93.599808
14577627;3.612046;41.580467;73.218636;93.709930
14579626;3.925981;41.865971;73.432251;93.819130
14581646;4.239879;42.151066;73.645142;93.927399
14583611;4.553734;42.435749;73.857300;94.034752
14585613;4.867544;42.720005;74.068741;94.141167
14587603;5.181307;43.003841;74.279434;94.246658
14589605;5.495018;43.287258;74.489403;94.351212
14591692;5.808674;43.570244;74.698639;94.454834
14593629;6.122274;43.852798;74.907135;94.557533
14595627;6.435814;44.134926;75.114891;94.659302
14597630;6.749289;44.416611;75.321907;94.760124
14599625;7.062697;44.697861;75.528183;94.860016
14601623;7.376038;44.978668;75.733711;94.958969
14603641;7.689305;45.259033;75.938484;95.056992
14605630;8.002495;45.538948;76.142517;95.154068
14607629;8.315607;45.818420;76.345795;95.250214
14609624;8.628635;46.097435;76.548317;95.345413
14611624;8.941581;46.375996;76.750092;95.439682
14613646;9.254436;46.654102;76.951103;95.532997
14615610;9.567202;46.931747;77.151352;95.625374
14617607;9.879873;47.208923;77.350845;95.716805
14619603;10.192444;47.485638;77.549576;95.807289
14621608;10.504917;47.761883;77.747536;95.896828
14623606;10.817286;48.037659;77.944725;95.985428
14625645;11.129548;48.312958;78.141159;96.073067
14627630;11.441700;48.587780;78.336807;96.159775
14629623;11.753738;48.862122;78.531685;96.245522
14631626;12.065662;49.135986;78.725800;96.330322
14633627;12.377467;49.409359;78.919128;96.414169
14635648;12.689150;49.682247;79.111679;96.497063
14637614;13.000705;49.954647;79.303444;96.579018
14639614;13.312133;50.226551;79.494438;96.660004
14641610;13.623430;50.497963;79.684631;96.740051
14643611;13.934594;50.768875;79.874054;96.819138
14645810;14.245617;51.039284;80.062683;96.897255
14647637;14.556500;51.309193;80.250519;96.974434
14649629;14.867243;51.578594;80.437561;97.050652
14651628;15.177837;51.847481;80.623817;97.125908
14653622;15.488280;52.115856;80.809273;97.200203
14655626;15.798573;52.383728;80.993927;97.273544
14657647;16.108707;52.651070;81.177780;97.345917
14659609;16.418684;52.917896;81.360847;97.417336
14661608;16.728498;53.184204;81.543098;97.487793
14663607;17.038149;53.449989;81.724556;97.557289
14665612;17.347628;53.715240;81.905190;97.625824
14667646;17.656937;53.979958;82.085022;97.693382
14669603;17.966076;54.244156;82.264046;97.759995
14671609;18.275032;54.507805;82.442268;97.825630
14673606;18.583811;54.770924;82.619667;97.890305
14675605;18.892406;55.033501;82.796249;97.954010
14677610;19.200811;55.295532;82.972015;98.016754
14679635;19.509031;55.557018;83.146965;98.078522
14681606;19.817057;55.817963;83.321083;98.139336
14683605;20.124889;56.078350;83.494392;98.199173
14685603;20.432520;56.338184;83.666878;98.258041
14687605;20.739950;56.597466;83.838531;98.315933
14689645;21.047176;56.856186;84.009354;98.372864
14691611;21.354193;57.114346;84.179352;98.428818
14693602;21.660999;57.371937;84.348526;98.483810
14695611;21.967592;57.628967;84.516861;98.537819
14697611;22.273970;57.885426;84.684357;98.590866
14699609;22.580126;58.141315;84.851021;98.642929
14701644;22.886059;58.396633;85.016846;98.694023
14703627;23.191769;58.651375;85.181839;98.744141
14705630;23.497246;58.905529;85.345985;98.793282
14707626;23.802494;59.159111;85.509285;98.841454
14709628;24.107506;59.412106;85.671745;98.888649
14711710;24.412279;59.664513;85.833374;98.934868
14713631;24.716812;59.916328;85.994133;98.980110
14715627;25.021099;60.167564;86.154053;99.024376
14717625;25.325144;60.418194;86.313126;99.067665
14719626;25.628939;60.668236;86.471344;99.109978
14721626;25.932476;60.917675;86.628708;99.151306
14723650;26.235760;61.166512;86.785217;99.191658
14725609;26.538784;61.414749;86.940872;99.231033
14727605;26.841545;61.662369;87.095665;99.269424
14729605;27.144045;61.909389;87.249603;99.306847
14731609;27.446274;62.155807;87.402679;99.343285
14733607;27.748230;62.401592;87.554886;99.378738
14735643;28.049919;62.646782;87.706230;99.413216
14737625;28.351324;62.891342;87.856712;99.446701
14739625;28.652456;63.135277;88.006332;99.479218
14741628;28.953299;63.378597;88.155075;99.510742
14743624;29.253859;63.621288;88.302956;99.541298
14745650;29.554132;63.863350;88.449951;99.570862
14747614;29.854111;64.104782;88.596085;99.599434
14749607;30.153793;64.345589;88.741341;99.627037
14751609;30.453184;64.585754;88.885727;99.653656
14753604;30.752268;64.825279;89.029228;99.679283
14755604;31.051052;65.064171;89.171860;99.703941
14757645;31.349527;65.302414;89.313599;99.727592
14759630;31.647697;65.540016;89.454468;99.750282
14761624;31.945551;65.776970;89.594444;99.771973
14763625;32.243092;66.013275;89.733543;99.792686
14765628;32.540310;66.248932;89.871750;99.812408
14767643;32.837208;66.483925;90.009079;99.831161
14769608;33.133785;66.718277;90.145508;99.848907
14771606;33.430038;66.951965;90.281059;99.865677
14773606;33.725952;67.184982;90.415710;99.881454
14775607;34.021542;67.417351;90.549477;99.896263
14777610;34.316792;67.649040;90.682343;99.910065
14779637;34.611706;67.880074;90.814316;99.922905
14781628;34.906273;68.110428;90.945396;99.934746
14783625;35.200500;68.340126;91.075577;99.945602
14785630;35.494377;68.569130;91.204857;99.955460
14787627;35.787907;68.797470;91.333237;99.964348
14789642;36.081081;69.025124;91.460716;99.972244
14791631;36.373901;69.252098;91.587296;99.979149
14793629;36.666363;69.478394;91.712967;99.985077
14795626;36.958458;69.703995;91.837730;99.990013
14797627;37.250191;69.928917;91.961601;99.993950
14799711;37.541557;70.153137;92.084549;99.996918
14801634;37.832550;70.376678;92.206596;99.998894
14803627;38.123173;70.599518;92.327728;99.999878
14805629;38.413418;70.821655;92.447952;99.999878
14807628;38.703281;71.043106;92.567268;99.998894
14809626;38.992767;71.263847;92.685661;99.996910
14811638;39.281864;71.483887;92.803146;99.993958
14813607;39.426273;71.593651;92.861542;99.992104
14815605;39.858898;71.921852;93.035355;99.985069
14817611;40.146824;72.139763;93.150093;99.979149
14819608;40.434357;72.356972;93.263901;99.972237
14821645;40.721493;72.573463;93.376793;99.964340
14823607;41.008221;72.789238;93.488762;99.955460
14825603;41.294548;73.004303;93.599808;99.945602
14827611;41.580467;73.218628;93.709930;99.934731
14829605;41.865971;73.432251;93.819130;99.922897
14831609;42.151066;73.645142;93.927406;99.910072
14833644;42.435749;73.857300;94.034752;99.896263
14835633;42.720005;74.068733;94.141167;99.881462
14837626;43.003841;74.279427;94.246651;99.865677
14839627;43.287258;74.489403;94.351212;99.848907
14841629;43.570240;74.698639;94.454834;99.831154
14843646;43.852798;74.907135;94.557533;99.812408
14845611;44.134922;75.114891;94.659294;99.792686
14847602;44.416611;75.321907;94.760117;99.771965
14849608;44.697861;75.528175;94.860016;99.750275
14851604;44.978668;75.733704;94.958969;99.727592
14853612;45.259033;75.938484;95.056984;99.703926
14855644;45.538948;76.142517;95.154068;99.679283
14857633;45.818417;76.345787;95.250214;99.653648
14859626;46.097435;76.548317;95.345413;99.627029
14861627;46.375996;76.750092;95.439674;99.599434
14863627;46.654099;76.951096;95.532990;99.570847
14865641;46.931744;77.151352;95.625366;99.541290
14867628;47.208927;77.350845;95.716797;99.510735
14869629;47.485634;77.549568;95.807281;99.479210
14871628;47.761883;77.747536;95.896820;99.446693
14873627;48.037659;77.944733;95.985428;99.413208
14875645;48.312958;78.141151;96.073067;99.378731
14877613;48.587780;78.336807;96.159767;99.343277
14879603;48.862122;78.531685;96.245514;99.306839
14881609;49.135986;78.725792;96.330322;99.269424
14883610;49.409363;78.919128;96.414169;99.231026
14885607;49.682243;79.111671;96.497070;99.191658
14887645;49.954647;79.303444;96.579010;99.151299
14889631;50.226551;79.494431;96.660004;99.109970
14891628;50.497963;79.684631;96.740044;99.067657
14893624;50.768871;79.874054;96.819130;99.024368
14895630;51.039284;80.062675;96.897255;98.980103
14897645;51.309193;80.250511;96.974434;98.934868
14899613;51.578583;80.437553;97.050636;98.888649
14901603;51.847477;80.623802;97.125900;98.841446
14903611;52.115856;80.809265;97.200203;98.793282
14905606;52.383720;80.993927;97.273544;98.744133
14907606;52.651070;81.177780;97.345909;98.694016
14909641;52.917896;81.360840;97.417328;98.642914
14911632;53.184204;81.543098;97.487793;98.590858
14913626;53.449982;81.724541;97.557281;98.537811
14915625;53.715237;81.905190;97.625816;98.483803
14917619;53.979958;82.085022;97.693382;98.428818
14919646;54.244156;82.264046;97.759995;98.372856
14921606;54.507809;82.442261;97.825623;98.315933
14923605;54.770924;82.619652;97.890305;98.258034
14925610;55.033501;82.796242;97.954010;98.199165
14927605;55.295532;82.972008;98.016754;98.139336
14929603;55.557018;83.146957;98.078522;98.078522
14931641;55.817963;83.321083;98.139336;98.016754
14933606;56.078350;83.494392;98.199165;97.954010
14935609;56.338184;83.666870;98.258041;97.890305
14937607;56.597466;83.838524;98.315933;97.825623
14939607;56.856178;84.009346;98.372864;97.759995
14941606;57.114338;84.179344;98.428810;97.693382
14943642;57.371937;84.348518;98.483803;97.625816
14945628;57.628967;84.516846;98.537811;97.557281
14947626;57.885426;84.684349;98.590858;97.487793
14949623;58.141319;84.851021;98.642921;97.417328
14951626;58.396633;85.016838;98.694016;97.345909
14953651;58.651371;85.181831;98.744133;97.273544
14955613;58.905529;85.345978;98.793282;97.200203
14957612;59.159111;85.509285;98.841461;97.125900
14959604;59.412106;85.671745;98.888649;97.050644
14961607;59.664516;85.833366;98.934868;96.974426
14963816;59.916336;85.994133;98.980103;96.897263
14965636;60.167557;86.154053;99.024368;96.819130
14967626;60.418190;86.313118;99.067665;96.740051
14969624;60.668228;86.471336;99.109970;96.660004
14971628;60.917671;86.628708;99.151299;96.579018
14973624;61.166508;86.785217;99.191658;96.497070
14975651;61.414749;86.940872;99.231041;96.414169
14977614;61.662376;87.095665;99.269432;96.330330
14979606;61.909389;87.249596;99.306847;96.245529
14981608;62.155800;87.402664;99.343277;96.159775
14983609;62.401592;87.554878;99.378738;96.073082
14985787;62.646778;87.706230;99.413216;95.985428
14987643;62.891342;87.856712;99.446701;95.896828
14989632;63.135277;88.006332;99.479210;95.807289
14991627;63.378597;88.155075;99.510742;95.716805
14993629;63.621284;88.302948;99.541290;95.625374
14995630;63.863350;88.449951;99.570862;95.533005
14997646;64.104782;88.596085;99.599442;95.439682
14999611;64.345589;88.741341;99.627045;95.345421
15001605;64.585754;88.885727;99.653648;95.250214
15003607;64.825279;89.029228;99.679283;95.154076
15005610;65.064171;89.171852;99.703934;95.056984
15007607;65.302414;89.313599;99.727600;94.958977
15009640;65.540009;89.454460;99.750282;94.860023
15011628;65.776978;89.594444;99.771973;94.760124
15013630;66.013275;89.733543;99.792686;94.659294
15015632;66.248932;89.871750;99.812408;94.557533
15017628;66.483932;90.009071;99.831154;94.454834
15019646;66.718277;90.145515;99.848915;94.351219
15021608;66.951958;90.281044;99.865677;94.246658
15023606;67.184982;90.415703;99.881462;94.141174
15025606;67.417351;90.549477;99.896263;94.034752
15027604;67.649040;90.682343;99.910080;93.927406
15029609;67.880074;90.814316;99.922905;93.819138
15031649;68.110428;90.945396;99.934746;93.709930
15033628;68.340118;91.075569;99.945595;93.599808
15035632;68.569130;91.204857;99.955467;93.488762
15037623;68.797462;91.333229;99.964348;93.376793
15039628;69.025124;91.460716;99.972237;93.263901
15041646;69.252098;91.587288;99.979149;93.150093
15043614;69.478394;91.712967;99.985077;93.035355
15045607;69.703995;91.837730;99.990013;92.919708
15047603;69.928909;91.961586;99.993958;92.803146
15049608;70.153137;92.084541;99.996910;92.685661
15051608;70.376678;92.206589;99.998894;92.567268
15053646;70.599518;92.327728;99.999878;92.447952
15055632;70.821655;92.447945;99.999870;92.327728
15057628;71.043106;92.567253;99.998878;92.206589
15059624;71.263847;92.685661;99.996910;92.084541
15061628;71.483887;92.803131;99.993950;91.961586
15063637;71.703224;92.919701;99.990013;91.837730
15065608;71.921852;93.035355;99.985077;91.712967
15067605;72.139778;93.150093;99.979149;91.587288
15069614;72.356972;93.263893;99.972237;91.460709
15071610;72.573471;93.376793;99.964348;91.333237
15073644;72.789238;93.488762;99.955460;91.204849
15075610;73.004303;93.599808;99.945602;91.075577
15077610;73.218636;93.709930;99.934746;90.945396
15079615;73.432251;93.819138;99.922905;90.814316
15081608;73.645142;93.927399;99.910072;90.682343
15083611;73.857300;94.034752;99.896263;90.549484
15085644;74.068741;94.141174;99.881462;90.415703
15087629;74.279442;94.246658;99.865685;90.281059
15089626;74.489403;94.351212;99.848915;90.145515
15091624;74.698639;94.454834;99.831154;90.009071
15093624;74.907135;94.557533;99.812408;89.871750
15095643;75.114891;94.659302;99.792686;89.733543
15097604;75.321915;94.760124;99.771973;89.594444
15099606;75.528183;94.860016;99.750282;89.454460
15101611;75.733711;94.958969;99.727600;89.313599
15103604;75.938484;95.056984;99.703934;89.171852
15105606;76.142517;95.154068;99.679291;89.029236
15107647;76.345795;95.250214;99.653656;88.885727
15109632;76.548325;95.345421;99.627045;88.741341
15111628;76.750092;95.439674;99.599442;88.596085
15113630;76.951103;95.532997;99.570862;88.449951
15115631;77.151352;95.625374;99.541290;88.302956
15117649;77.350845;95.716797;99.510735;88.155067
15119613;77.549568;95.807281;99.479210;88.006332
15121608;77.747536;95.896828;99.446701;87.856720
15123607;77.944733;95.985428;99.413208;87.706230
15125605;78.141159;96.073074;99.378738;87.554886
15127607;78.336807;96.159767;99.343285;87.402679
15129644;78.531693;96.245529;99.306847;87.249603
15131627;78.725800;96.330322;99.269424;87.095665
15133625;78.919128;96.414169;99.231033;86.940872
15135630;79.111679;96.497070;99.191650;86.785217
15137625;79.303452;96.579018;99.151306;86.628708
15139647;79.494438;96.660011;99.109970;86.471344
15141613;79.684631;96.740044;99.067665;86.313126
15143607;79.874054;96.819130;99.024376;86.154053
15145604;80.062675;96.897255;98.980110;85.994133
15147607;80.250511;96.974426;98.934868;85.833366
15149605;80.437561;97.050652;98.888649;85.671753
15151642;80.623810;97.125900;98.841454;85.509285
15153631;80.809273;97.200203;98.793282;85.345978
15155629;80.993927;97.273544;98.744141;85.181831
15157623;81.177780;97.345917;98.694016;85.016846
15159627;81.360840;97.417328;98.642921;84.851021
15161650;81.543091;97.487785;98.590851;84.684357
15163613;81.724548;97.557289;98.537811;84.516861
15165603;81.905190;97.625816;98.483803;84.348518
15167608;82.085022;97.693382;98.428818;84.179344
15169604;82.264038;97.759987;98.372856;84.009346
15171609;82.442261;97.825623;98.315933;83.838524
15173642;82.619659;97.890305;98.258034;83.666870
15175608;82.796242;97.954010;98.199165;83.494392
15177606;82.972015;98.016754;98.139336;83.321083
15179608;83.146957;98.078522;98.078522;83.146957
15181605;83.321083;98.139328;98.016754;82.972015
15183609;83.494392;98.199165;97.954010;82.796249
15185648;83.666870;98.258034;97.890305;82.619659
15187631;83.838524;98.315933;97.825623;82.442261
15189624;84.009354;98.372856;97.759995;82.264046
15191625;84.179352;98.428818;97.693390;82.085022
15193627;84.348526;98.483803;97.625816;81.905190
15195642;84.516853;98.537811;97.557281;81.724548
15197616;84.684349;98.590851;97.487793;81.543098
15199606;84.851013;98.642914;97.417328;81.360840
15201606;85.016846;98.694016;97.345909;81.177780
15203610;85.181831;98.744133;97.273544;80.993935
15205643;85.345985;98.793282;97.200203;80.809273
15207612;85.509285;98.841446;97.125900;80.623802
15209607;85.671745;98.888649;97.050644;80.437561
15211604;85.833366;98.934868;96.974434;80.250511
15213608;85.994133;98.980103;96.897255;80.062675
15215604;86.154045;99.024368;96.819130;79.874062
15217650;86.313118;99.067657;96.740044;79.684639
15219631;86.471336;99.109962;96.660004;79.494438
15221625;86.628700;99.151299;96.579018;79.303452
15223627;86.785210;99.191650;96.497070;79.111679
15225630;86.940865;99.231026;96.414169;78.919128
15227644;87.095657;99.269424;96.330330;78.725800
15229613;87.249596;99.306839;96.245514;78.531693
15231604;87.402672;99.343277;96.159767;78.336807
15233609;87.554886;99.378731;96.073082;78.141159
15235607;87.706230;99.413208;95.985428;77.944733
15237608;87.856712;99.446693;95.896820;77.747536
15239629;88.006325;99.479210;95.807289;77.549576
15241607;88.155075;99.510735;95.716797;77.350845
15243606;88.302948;99.541290;95.625366;77.151360
15245606;88.449944;99.570847;95.532990;76.951111
15247605;88.596085;99.599434;95.439682;76.750092
15249645;88.741341;99.627029;95.345413;76.548317
15251610;88.885719;99.653641;95.250214;76.345802
15253604;89.029221;99.679276;95.154068;76.142517
15255610;89.171852;99.703926;95.056984;75.938484
15257606;89.313599;99.727592;94.958977;75.733711
15259609;89.454460;99.750275;94.860016;75.528183
15261647;89.594444;99.771965;94.760117;75.321907
15263630;89.733536;99.792686;94.659294;75.114891
15265628;89.871750;99.812408;94.557533;74.907135
15267629;90.009079;99.831154;94.454834;74.698639
15269624;90.145508;99.848907;94.351219;74.489418
15271638;90.281052;99.865677;94.246658;74.279442
15273608;90.415710;99.881454;94.141174;74.068741
15275608;90.549469;99.896263;94.034752;73.857307
15277604;90.682343;99.910072;93.927406;73.645142
15279610;90.814316;99.922897;93.819130;73.432251
15281606;90.945389;99.934738;93.709930;73.218643
15283645;91.075569;99.945595;93.599808;73.004303
15285633;91.204857;99.955460;93.488762;72.789238
15287626;91.333237;99.964348;93.376793;72.573471
15289629;91.460716;99.972237;93.263901;72.356972
15291626;91.587296;99.979149;93.150093;72.139763
15293643;91.712967;99.985069;93.035355;71.921852
15295620;91.837730;99.989998;92.919708;71.703224
15297608;91.961594;99.993958;92.803146;71.483902
15299607;92.084541;99.996910;92.685661;71.263863
15301598;92.206589;99.998894;92.567268;71.043106
15303644;92.327728;99.999878;92.447952;70.821671
15305612;92.447952;99.999878;92.327736;70.599525
15307608;92.567261;99.998894;92.206596;70.376678
15309606;92.685661;99.996918;92.084549;70.153152
15311601;92.803139;99.993950;91.961601;69.928917
15313608;92.919708;99.990005;91.837730;69.703995
15315645;93.035355;99.985077;91.712967;69.478394
15317630;93.150093;99.979156;91.587296;69.252106
15319628;93.263908;99.972244;91.460716;69.025124
15321628;93.376793;99.964348;91.333237;68.797470
15323626;93.488762;99.955460;91.204857;68.569138
15325647;93.599808;99.945595;91.075577;68.340126
15327611;93.709930;99.934746;90.945404;68.110443
15329604;93.819130;99.922905;90.814323;67.880081
15331603;93.927406;99.910072;90.682343;67.649048
15333608;94.034752;99.896263;90.549484;67.417358
15335613;94.141167;99.881462;90.415718;67.184990
15337648;94.246658;99.865685;90.281059;66.951965
15339635;94.351212;99.848907;90.145515;66.718277
15341626;94.454842;99.831154;90.009079;66.483940
15343630;94.557541;99.812408;89.871750;66.248932
15345626;94.659302;99.792686;89.733543;66.013283
15347641;94.760132;99.771973;89.594444;65.776978
15349607;94.860016;99.750282;89.454468;65.540024
15351603;94.958969;99.727592;89.313606;65.302429
15353610;95.056992;99.703941;89.171860;65.064178
15355605;95.154076;99.679291;89.029236;64.825287
15357606;95.250214;99.653656;88.885727;64.585762
15359645;95.345421;99.627045;88.741348;64.345596
15361628;95.439682;99.599434;88.596085;64.104790
15363626;95.532997;99.570862;88.449966;63.863361
15365625;95.625374;99.541290;88.302956;63.621296
15367626;95.716805;99.510742;88.155075;63.378597
15369701;95.807289;99.479218;88.006332;63.135292
15371627;95.896835;99.446701;87.856720;62.891342
15373629;95.985428;99.413216;87.706230;62.646782
15375629;96.073074;99.378731;87.554893;62.401604
15377627;96.159775;99.343285;87.402687;62.155811
15379625;96.245529;99.306854;87.249603;61.909401
15381646;96.330322;99.269432;87.095680;61.662388
15383612;96.414169;99.231033;86.940872;61.414753
15385607;96.497070;99.191658;86.785217;61.166512
15387604;96.579018;99.151306;86.628708;60.917683
15389606;96.660011;99.109978;86.471352;60.668243
15391641;96.740051;99.067665;86.313126;60.418201
15393608;96.819130;99.024376;86.154060;60.167576
15395604;96.897263;98.980110;85.994133;59.916336
15397607;96.974442;98.934868;85.833374;59.664513
15399602;97.050652;98.888657;85.671753;59.412109
15401606;97.125908;98.841454;85.509285;59.159111
15403643;97.200203;98.793289;85.345993;58.905540
15405634;97.273544;98.744141;85.181847;58.651386
15407628;97.345917;98.694023;85.016853;58.396645
15409626;97.417343;98.642929;84.851028;58.141327
15411624;97.487793;98.590858;84.684357;57.885437
15413642;97.557297;98.537827;84.516861;57.628979
15415617;97.625824;98.483803;84.348526;57.371937
15417606;97.693390;98.428818;84.179352;57.114349
15419604;97.759995;98.372864;84.009361;56.856190
15421605;97.825638;98.315933;83.838531;56.597466
15423607;97.890305;98.258034;83.666870;56.338192
15425646;97.954018;98.199173;83.494392;56.078350
15427633;98.016754;98.139336;83.321083;55.817963
15429627;98.078529;98.078529;83.146965;55.557026
15431630;98.139336;98.016754;82.972023;55.295544
15433623;98.199173;97.954010;82.796249;55.033504
15435638;98.258034;97.890305;82.619667;54.770935
15437609;98.315933;97.825638;82.442268;54.507816
15439610;98.372864;97.759995;82.264053;54.244156
15441608;98.428818;97.693390;82.085037;53.979969
15443611;98.483810;97.625824;81.905197;53.715240
15445643;98.537819;97.557289;81.724556;53.449989
15447609;98.590858;97.487793;81.543098;53.184212
15449605;98.642929;97.417336;81.360847;52.917896
15451610;98.694023;97.345917;81.177780;52.651070
15453608;98.719200;97.309853;81.085960;52.517467
15455602;98.793289;97.200203;80.809273;52.115856
15457643;98.841454;97.125908;80.623825;51.847492
15459630;98.888649;97.050652;80.437569;51.578598
15461626;98.934868;96.974442;80.250526;51.309196
15463628;98.980110;96.897263;80.062691;51.039295
15465632;99.024376;96.819138;79.874054;50.768883
15467648;99.067665;96.740051;79.684639;50.497967
15469608;99.109970;96.660004;79.494438;50.226562
15471606;99.151306;96.579018;79.303452;49.954655
15473606;99.191658;96.497070;79.111679;49.682251
15475603;99.231033;96.414169;78.919128;49.409370
15477606;99.269432;96.330330;78.725800;49.135990
15479640;99.306847;96.245522;78.531693;48.862122
15481632;99.343285;96.159775;78.336815;48.587788
15483630;99.378738;96.073067;78.141159;48.312958
15485630;99.413208;95.985428;77.944733;48.037666
15487625;99.446701;95.896835;77.747551;47.761898
15489643;99.479218;95.807297;77.549583;47.485649
15491611;99.510742;95.716797;77.350845;47.208931
15493609;99.541290;95.625374;77.151367;46.931755
15495604;99.570862;95.533005;76.951111;46.654110
15497608;99.599442;95.439682;76.750092;46.376003
15499607;99.627037;95.345413;76.548325;46.097446
15501644;99.653656;95.250214;76.345802;45.818428
15503627;99.679283;95.154068;76.142517;45.538952
15505631;99.703934;95.056992;75.938492;45.259041
15507623;99.727600;94.958977;75.733719;44.978672
15509626;99.750282;94.860016;75.528183;44.697861
15511632;99.771973;94.760132;75.321922;44.416626
15513605;99.792686;94.659302;75.114899;44.134937
15515601;99.812408;94.557541;74.907143;43.852806
15517608;99.831154;94.454842;74.698647;43.570255
15519607;99.848907;94.351219;74.489418;43.287266
15521647;99.865685;94.246658;74.279442;43.003849
15523611;99.881462;94.141174;74.068741;42.720016
15525607;99.896263;94.034752;73.857307;42.435753
15527609;99.910072;93.927399;73.645142;42.151070
15529610;99.922905;93.819138;73.432251;41.865982
15531605;99.934746;93.709930;73.218643;41.580467
15533642;99.945602;93.599808;73.004303;41.294544
15535632;99.955467;93.488770;72.789246;41.008228
15537629;99.964348;93.376793;72.573471;40.721493
15539626;99.972244;93.263901;72.356979;40.434368
15541626;99.979149;93.150093;72.139778;40.146843
15543650;99.985077;93.035362;71.921860;39.858913
15545611;99.990005;92.919708;71.703224;39.570583
15547605;99.993958;92.803146;71.483902;39.281879
15549608;99.996918;92.685661;71.263855;38.992775
15551605;99.998894;92.567261;71.043106;38.703289
15553609;99.999878;92.447952;70.821671;38.413425
15555646;99.999878;92.327728;70.599518;38.123177
15557632;99.998894;92.206589;70.376678;37.832554
15559629;99.996918;92.084549;70.153145;37.541561
15561625;99.993958;91.961594;69.928917;37.250195
15563628;99.992104;91.899773;69.816544;37.104370
15565647;99.985077;91.712975;69.478401;36.666378
15567612;99.979149;91.587296;69.252106;36.373913
15569605;99.972244;91.460709;69.025131;36.081089
15571610;99.964348;91.333237;68.797478;35.787918
15573608;99.955467;91.204857;68.569138;35.494389
15575700;99.945602;91.075577;68.340126;35.200504
15577631;99.934746;90.945396;68.110443;34.906284
15579626;99.922905;90.814316;67.880074;34.611710
15581623;99.910072;90.682335;67.649040;34.316792
15583626;99.896263;90.549477;67.417358;34.021549
15585628;99.881462;90.415710;67.184990;33.725960
15587646;99.865685;90.281052;66.951958;33.430035
15589627;99.848907;90.145508;66.718277;33.133793
15591625;99.831154;90.009071;66.483925;32.837212
15593625;99.812408;89.871750;66.248932;32.540318
15595626;99.792686;89.733543;66.013290;32.243107
15597646;99.771973;89.594444;65.776978;31.945559
15599607;99.750282;89.454460;65.540024;31.647699
15601604;99.727600;89.313599;65.302429;31.349541
15603608;99.703941;89.171860;65.064171;31.051058
15605610;99.679283;89.029236;64.825287;30.752283
15607609;99.653656;88.885727;64.585754;30.453194
15609648;99.627037;88.741341;64.345589;30.153799
15611629;99.599442;88.596092;64.104790;29.854122
15613625;99.570862;88.449959;63.863361;29.554138
15615628;99.541298;88.302956;63.621288;29.253864
15617628;99.510750;88.155075;63.378609;28.953308
15619645;99.479218;88.006332;63.135292;28.652472
15621607;99.446701;87.856712;62.891346;28.351337
15623606;99.413208;87.706238;62.646790;28.049934
15625605;99.378738;87.554893;62.401611;27.748247
15627601;99.343285;87.402679;62.155807;27.446281
15629609;99.306847;87.249603;61.909401;27.144056
15631645;99.269432;87.095665;61.662380;26.841557
15633632;99.231033;86.940865;61.414749;26.538790
15635627;99.191666;86.785217;61.166527;26.235771
15637628;99.151306;86.628708;60.917675;25.932486
15639626;99.109978;86.471344;60.668236;25.628942
15641640;99.067673;86.313133;60.418205;25.325155
15643611;99.024376;86.154060;60.167564;25.021107
15645610;98.980110;85.994133;59.916336;24.716812
15647607;98.934868;85.833374;59.664528;24.412298
15649606;98.888657;85.671761;59.412121;24.107521
15651806;98.841461;85.509293;59.159119;23.802502
15653634;98.793289;85.345993;58.905548;23.497263
15655637;98.744141;85.181839;58.651382;23.191778
15657630;98.694023;85.016853;58.396637;22.886066
15659627;98.642929;84.851028;58.141327;22.580139
15661631;98.590866;84.684357;57.885437;22.273979
15663643;98.537819;84.516853;57.628979;21.967598
15665607;98.483810;84.348526;57.371948;21.661011
15667603;98.428818;84.179352;57.114349;21.354198
15669606;98.372864;84.009354;56.856186;21.047176
15671608;98.315941;83.838531;56.597473;20.739960
15673814;98.258041;83.666878;56.338203;20.432535
15675637;98.199173;83.494400;56.078362;20.124899
15677636;98.139343;83.321091;55.817978;19.817076
15679623;98.078529;83.146965;55.557037;19.509043
15681631;98.016754;82.972015;55.295540;19.200819
15683623;97.954018;82.796249;55.033512;18.892420
15685644;97.890312;82.619675;54.770935;18.583820
15687608;97.825638;82.442268;54.507809;18.275038
15689610;97.759995;82.264061;54.244160;17.966084
15691608;97.693398;82.085030;53.979969;17.656946
15693614;97.625824;81.905190;53.715240;17.347631
15695646;97.557297;81.724556;53.449993;17.038157
15697610;97.487801;81.543106;53.184212;16.728502
15699603;97.417343;81.360847;52.917896;16.418684
15701609;97.345932;81.177803;52.651089;16.108727
15703606;97.273544;80.993935;52.383732;15.798587
15705607;97.200211;80.809280;52.115868;15.488293
15707644;97.125916;80.623833;51.847492;15.177852
15709628;97.050652;80.437569;51.578606;14.867256
15711630;96.974442;80.250519;51.309196;14.556509
15713629;96.897270;80.062691;51.039295;14.245632
15715629;96.819138;79.874054;50.768883;13.934604
15717646;96.740051;79.684639;50.497974;13.623433
15719603;96.660019;79.494446;50.226562;13.312146
15721608;96.579018;79.303452;49.954651;13.000711
15723607;96.497078;79.111679;49.682255;12.689151
15725607;96.414177;78.919128;49.409370;12.377477
15727608;96.330330;78.725807;49.136002;12.065679
15729644;96.245529;78.531693;48.862129;11.753750
15731630;96.159782;78.336823;48.587799;11.441719
15733623;96.073082;78.141167;48.312969;11.129564
15735626;95.985428;77.944740;48.037663;10.817292
15737628;95.896843;77.747551;47.761902;10.504937
15739643;95.807297;77.549583;47.485649;10.192453
15741609;95.716812;77.350853;47.208931;9.879878
15743605;95.625374;77.151367;46.931755;9.567216
15745611;95.533005;76.951111;46.654110;9.254447
15747608;95.439682;76.750092;46.375999;8.941585
15749603;95.345428;76.548325;46.097450;8.628649
15751647;95.250221;76.345795;45.818424;8.315611
15753631;95.154076;76.142517;45.538948;8.002493
15755633;95.057007;75.938499;45.259052;7.689324
15757628;94.958984;75.733719;44.978683;7.376051
15759628;94.860031;75.528191;44.697880;7.062718
15761648;94.760132;75.321922;44.416626;6.749305
15763612;94.659302;75.114891;44.134933;6.435823
15765609;94.557549;74.907150;43.852814;6.122294
15767609;94.454849;74.698654;43.570255;5.808687
15769606;94.351219;74.489410;43.287266;5.495027
15771606;94.246666;74.279442;43.003860;5.181322
15773646;94.141174;74.068741;42.720016;4.867554
15775637;94.034752;73.857307;42.435749;4.553738
15777629;93.927414;73.645142;42.151081;4.239890
15779624;93.819138;73.432251;41.865982;3.925988
15781623;93.709938;73.218643;41.580475;3.612062
15783642;93.599823;73.004318;41.294567;3.298098
15785608;93.488770;72.789253;41.008232;2.984086
15787609;93.376801;72.573471;40.721504;2.670047
15789607;93.263916;72.356995;40.434380;2.355993
15791608;93.150101;72.139778;40.146843;2.041909
15793606;93.035362;71.921860;39.858910;1.727799
15795649;92.919716;71.703239;39.570595;1.413685
15797632;92.803146;71.483894;39.281879;1.099548
15799627;92.685661;71.263855;38.992779;0.785396
15801626;92.567268;71.043114;38.703297;0.471249
15803627;92.447952;70.821671;38.413422;0.157088
15805646;92.327728;70.599518;38.123169;-0.157079
15807609;92.206596;70.376678;37.832565;-0.471225
15809610;92.084557;70.153152;37.541576;-0.785372
15811609;91.961601;69.928917;37.250202;-1.099524
15813610;91.837738;69.704002;36.958473;-1.413652
15815806;91.712967;69.478401;36.666370;-1.727778
15817629;91.587296;69.252098;36.373909;-2.041888
15819630;91.460724;69.025131;36.081093;-2.355960
15821629;91.333237;68.797470;35.787918;-2.670026
15823627;91.204857;68.569138;35.494385;-2.984062
15825631;91.075584;68.340126;35.200516;-3.298059
15827642;90.945396;68.110435;34.906284;-3.612036
15829608;90.814323;67.880081;34.611717;-3.925967
15831608;90.682343;67.649048;34.316799;-4.239866
15833609;90.549477;67.417351;34.021545;-4.553729
15835608;90.415726;67.185005;33.725979;-4.867521
15837810;90.281067;66.951981;33.430054;-5.181289
15839631;90.145515;66.718285;33.133801;-5.495003
15841630;90.009079;66.483940;32.837219;-5.808663
15843627;89.871750;66.248932;32.540314;-6.122270
15845629;89.733551;66.013298;32.243111;-6.435788
15847624;89.594452;65.776978;31.945572;-6.749269
15849642;89.454468;65.540024;31.647703;-7.062685
15851634;89.313599;65.302422;31.349533;-7.376030
15853626;89.171860;65.064171;31.051058;-7.689300
15855628;89.029228;64.825279;30.752266;-8.002496
15857625;88.885727;64.585754;30.453199;-8.315590
15859647;88.741348;64.345589;30.153811;-8.628622
15861609;88.596085;64.104782;29.854118;-8.941573
15863609;88.449951;63.863350;29.554129;-9.254435
15865606;88.302948;63.621284;29.253853;-9.567207
15867609;88.155067;63.378586;28.953289;-9.879878
15869605;88.006332;63.135292;28.652468;-10.192433
15871650;87.856712;62.891342;28.351330;-10.504913
15873635;87.706230;62.646770;28.049923;-10.817286
15875634;87.554893;62.401604;27.748245;-11.129531
15877629;87.402679;62.155807;27.446285;-11.441689
15879629;87.249603;61.909397;27.144051;-11.753732
15881645;87.095680;61.662395;26.841576;-12.065638
15883611;86.940880;61.414761;26.538801;-12.377444
15885613;86.785217;61.166527;26.235771;-12.689129
15887604;86.628708;60.917675;25.932486;-13.000694
15889605;86.471344;60.668236;25.628942;-13.312128
15891606;86.313126;60.418194;25.325144;-13.623428
15893646;86.154068;60.167580;25.021128;-13.934567
15895629;85.994141;59.916340;24.716827;-14.245600
15897627;85.833374;59.664524;24.412289;-14.556492
15899626;85.671753;59.412109;24.107510;-14.867234
15901629;85.509285;59.159107;23.802494;-15.177831
15903643;85.345985;58.905529;23.497244;-15.488285
15905612;85.181847;58.651382;23.191782;-15.798557
15907608;85.016853;58.396637;22.886074;-16.108694
15909608;84.851021;58.141315;22.580132;-16.418678
15911612;84.684357;57.885426;22.273970;-16.728500
15913606;84.516853;57.628967;21.967587;-17.038149
15915647;84.348511;57.371925;21.660990;-17.347639
15917627;84.179352;57.114349;21.354202;-17.656929
15919627;84.009354;56.856186;21.047180;-17.966068
15921625;83.838524;56.597458;20.739946;-18.275034
15923627;83.666870;56.338181;20.432510;-18.583817
15925648;83.494385;56.078339;20.124876;-18.892420
15927615;83.321075;55.817951;19.817043;-19.200825
15929603;83.146980;55.557041;19.509060;-19.509003
15931604;82.972023;55.295555;19.200834;-19.817036
15933604;82.796249;55.033512;18.892422;-20.124868
15935607;82.619667;54.770927;18.583822;-20.432508
15937646;82.442268;54.507809;18.275034;-20.739946
15939632;82.264053;54.244156;17.966084;-21.047167
15941626;82.085037;53.979977;17.656958;-21.354176
15943625;81.905197;53.715248;17.347639;-21.660986
15945630;81.724556;53.449993;17.038158;-21.967581
15947647;81.543098;53.184204;16.728508;-22.273960
15949606;81.360847;52.917904;16.418692;-22.580120
15951605;81.177780;52.651070;16.108707;-22.886055
15953607;80.993942;52.383739;15.798590;-23.191748
15955604;80.809280;52.115868;15.488291;-23.497232
15957607;80.623817;51.847481;15.177846;-23.802486
15959644;80.437561;51.578594;14.867247;-24.107504
15961629;80.250511;51.309185;14.556500;-24.412281
15963629;80.062675;51.039280;14.245611;-24.716818
15965629;79.874062;50.768883;13.934607;-25.021086
15967628;79.684647;50.497967;13.623444;-25.325130
15969651;79.494438;50.226559;13.312138;-25.628931
15971608;79.303452;49.954651;13.000709;-25.932472
15973604;79.111679;49.682247;12.689143;-26.235767
15975607;78.919128;49.409355;12.377459;-26.538790
15977604;78.725800;49.135990;12.065670;-26.841539
15979602;78.531693;48.862125;11.753738;-27.144041
15981645;78.336807;48.587776;11.441699;-27.446276
15983625;78.141167;48.312969;11.129564;-27.748220
15985632;77.944740;48.037666;10.817305;-28.049904
15987625;77.747559;47.761913;10.504950;-28.351295
15989626;77.549591;47.485664;10.192474;-28.652430
15991643;77.350861;47.208942;9.879899;-28.953281
15993607;77.151367;46.931763;9.567219;-29.253843
15995604;76.951111;46.654110;9.254450;-29.554123
15997611;76.750099;46.376003;8.941591;-29.854103
15999604;76.548340;46.097458;8.628660;-30.153769
16001602;76.345810;45.818439;8.315629;-30.453163
16003633;76.142532;45.538967;8.002514;-30.752251
16005609;75.938499;45.259048;7.689318;-31.051041
16007603;75.733719;44.978672;7.376045;-31.349522
16009604;75.528183;44.697861;7.062700;-31.647694
16011606;75.321922;44.416630;6.749311;-31.945530
16013637;75.114906;44.134937;6.435833;-32.243073
16015609;74.907150;43.852814;6.122288;-32.540302
16017602;74.698647;43.570251;5.808684;-32.837200
16019610;74.489410;43.287258;5.495015;-33.133793
16021605;74.279442;43.003845;5.181307;-33.430038
16023602;74.068748;42.720020;4.867559;-33.725941
16025639;73.857307;42.435757;4.553741;-34.021534
16027612;73.645142;42.151070;4.239884;-34.316788
16029612;73.432251;41.865974;3.925982;-34.611702
16031604;73.218636;41.580463;3.612041;-34.906273
16033606;73.004295;41.294533;3.298062;-35.200508
16035704;72.789253;41.008232;2.984083;-35.494370
16037635;72.573486;40.721516;2.670064;-35.787880
16039629;72.356995;40.434380;2.356002;-36.081059
16041626;72.139786;40.146847;2.041912;-36.373882
16043625;71.921860;39.858906;1.727802;-36.666351
16045629;71.703232;39.570583;1.413676;-36.958447
16047645;71.483910;39.281891;1.099563;-37.250168
16049629;71.263863;38.992779;0.785410;-37.541538
16051627;71.043121;38.703300;0.471258;-37.832535
16053623;70.821671;38.413425;0.157091;-38.123165
16055630;70.599525;38.123184;-0.157067;-38.413410
16057648;70.376678;37.832554;-0.471228;-38.703274
16059608;70.153160;37.541576;-0.785363;-38.992744
16061606;69.928932;37.250214;-1.099509;-39.281845
16063606;69.704010;36.958469;-1.413658;-39.570564
16065609;69.478401;36.666367;-1.727784;-39.858891
16067605;69.252106;36.373905;-2.041888;-40.146820
16069648;69.025124;36.081081;-2.355978;-40.434353
16071625;68.797478;35.787922;-2.670020;-40.721478
16073625;68.569145;35.494389;-2.984056;-41.008205
16075631;68.340126;35.200508;-3.298062;-41.294533
16077626;68.110435;34.906273;-3.612041;-41.580463
16079646;67.880074;34.611702;-3.925982;-41.865974
16081607;67.649040;34.316788;-4.239884;-42.151070
16083605;67.417358;34.021557;-4.553723;-42.435734
16085606;67.184998;33.725964;-4.867533;-42.719997
16087603;66.951965;33.430038;-5.181307;-43.003845
16089605;66.718277;33.133793;-5.495015;-43.287258
16091645;66.483948;32.837227;-5.808661;-43.570225
16093629;66.248940;32.540318;-6.122264;-43.852795
16095627;66.013298;32.243118;-6.435785;-44.134895
16097624;65.776993;31.945578;-6.749269;-44.416592
16099626;65.540031;31.647718;-7.062676;-44.697842
16101648;65.302429;31.349546;-7.376018;-44.978653
16103602;65.064178;31.051064;-7.689291;-45.259022
16105613;64.825287;30.752274;-8.002490;-45.538948
16107604;64.585777;30.453215;-8.315578;-45.818394
16109600;64.345604;30.153816;-8.628613;-46.097416
16111608;64.104805;29.854128;-8.941561;-46.375977
16113641;63.863361;29.554138;-9.254432;-46.654095
16115629;63.621296;29.253868;-9.567195;-46.931736
16117631;63.378597;28.953299;-9.879869;-47.208916
16119627;63.135296;28.652472;-10.192424;-47.485619
16121627;62.891354;28.351343;-10.504902;-47.761871
16123639;62.646790;28.049929;-10.817271;-48.037647
16125630;62.401604;27.748236;-11.129540;-48.312950
16127624;62.155807;27.446276;-11.441699;-48.587776
16129625;61.909397;27.144041;-11.753738;-48.862125
16131623;61.662388;26.841562;-12.065646;-49.135971
16133646;61.414753;26.538790;-12.377459;-49.409355
16135609;61.166519;26.235767;-12.689143;-49.682247
16137617;60.917675;25.932472;-13.000709;-49.954651
16139609;60.668228;25.628931;-13.312138;-50.226559
16141607;60.418213;25.325161;-13.623413;-50.497948
16143607;60.167568;25.021112;-13.934583;-50.768864
16145647;59.916359;24.716843;-14.245584;-51.039253
16147627;59.664536;24.412304;-14.556477;-51.309170
16149624;59.412121;24.107525;-14.867229;-51.578568
16151626;59.159122;23.802509;-15.177819;-51.847466
16153627;58.905560;23.497280;-15.488246;-52.115822
16155647;58.651394;23.191795;-15.798545;-52.383698
16157610;58.396656;22.886086;-16.108683;-52.651047
16159606;58.141335;22.580147;-16.418659;-52.917881
16161609;57.885437;22.273981;-16.728481;-53.184189
16163606;57.628979;21.967602;-17.038139;-53.449978
16165604;57.371964;21.661026;-17.347605;-53.715210
16167645;57.114365;21.354214;-17.656914;-53.979946
16169631;56.856201;21.047195;-17.966047;-54.244129
16171629;56.597477;20.739964;-18.275017;-54.507793
16173628;56.338192;20.432529;-18.583805;-54.770916
16175623;56.078358;20.124897;-18.892395;-55.033493
16177648;55.817978;19.817078;-19.200790;-55.295509
16179609;55.557037;19.509050;-19.509014;-55.557007
16181609;55.295544;19.200825;-19.817043;-55.817951
16183608;55.033512;18.892420;-20.124876;-56.078339
16185609;54.770927;18.583817;-20.432510;-56.338181
16187606;54.507809;18.275034;-20.739946;-56.597458
16189646;54.244167;17.966089;-21.047157;-56.856167
16191611;53.979977;17.656952;-21.354181;-57.114326
16193611;53.715248;17.347639;-21.660990;-57.371925
16195612;53.449989;17.038149;-21.967587;-57.628967
16197603;53.184204;16.728500;-22.273970;-57.885426
16199711;52.917915;16.418701;-22.580105;-58.141296
16201631;52.651100;16.108746;-22.886021;-58.396603
16203628;52.383751;15.798605;-23.191734;-58.651340
16205632;52.115883;15.488306;-23.497221;-58.905506
16207630;51.847500;15.177861;-23.802467;-59.159088
16209625;51.578606;14.867261;-24.107487;-59.412086
16211644;51.309196;14.556512;-24.412266;-59.664501
16213623;51.039307;14.245647;-24.716785;-59.916306
16215631;50.768894;13.934615;-25.021080;-60.167538
16217624;50.497978;13.623449;-25.325125;-60.418182
16219628;50.226570;13.312152;-25.628918;-60.668213
16221645;49.954655;13.000715;-25.932467;-60.917664
16223609;49.682255;12.689156;-26.235750;-61.166500
16225608;49.409382;12.377492;-26.538759;-61.414719
16227607;49.136005;12.065685;-26.841528;-61.662354
16229612;48.862137;11.753756;-27.144028;-61.909378
16231607;48.587791;11.441710;-27.446264;-62.155788
16233649;48.312962;11.129552;-27.748230;-62.401592
16235632;48.037659;10.817286;-28.049923;-62.646770
16237629;47.761898;10.504934;-28.351303;-62.891323
16239626;47.485649;10.192457;-28.652441;-63.135265
16241627;47.208931;9.879878;-28.953289;-63.378586
16243649;46.931747;9.567207;-29.253853;-63.621284
16245610;46.654099;9.254435;-29.554129;-63.863350
16247608;46.375992;8.941573;-29.854118;-64.104782
16249615;46.097446;8.628646;-30.153784;-64.345573
16251606;45.818428;8.315614;-30.453173;-64.585739
16253604;45.538975;8.002520;-30.752245;-64.825264
16255649;45.259052;7.689324;-31.051031;-65.064148
16257633;44.978683;7.376051;-31.349512;-65.302399
16259628;44.697872;7.062709;-31.647688;-65.540001
16261628;44.416637;6.749320;-31.945524;-65.776947
16263623;44.134945;6.435835;-32.243069;-66.013252
16265646;43.852818;6.122294;-32.540291;-66.248909
16267615;43.570255;5.808687;-32.837200;-66.483917
16269604;43.287266;5.495027;-33.133774;-66.718269
16271607;43.003849;5.181310;-33.430035;-66.951958
16273606;42.720028;4.867568;-33.725937;-67.184967
16275608;42.435760;4.553750;-34.021530;-67.417336
16277641;42.151081;4.239893;-34.316784;-67.649040
16279633;41.865982;3.925988;-34.611694;-67.880066
16281625;41.580467;3.612047;-34.906273;-68.110428
16283621;41.294567;3.298095;-35.200481;-68.340096
16285633;41.008240;2.984092;-35.494362;-68.569115
16287645;40.721504;2.670050;-35.787891;-68.797455
16289609;40.434368;2.355984;-36.081074;-69.025108
16291606;40.146832;2.041897;-36.373901;-69.252098
16293609;39.858898;1.727790;-36.666359;-69.478386
16295606;39.570599;1.413688;-36.958443;-69.703987
16297604;39.281879;1.099548;-37.250183;-69.928909
16299645;38.992775;0.785396;-37.541550;-70.153130
16301630;38.703285;0.471237;-37.832550;-70.376678
16303624;38.413418;0.157079;-38.123169;-70.599518
16305629;38.123165;-0.157088;-38.413422;-70.821671
16307624;37.832584;-0.471202;-38.703247;-71.043083
16309648;37.541588;-0.785363;-38.992741;-71.263832
16311615;37.250214;-1.099512;-39.281841;-71.483871
16313608;37.104382;-1.256597;-39.426266;-71.593643
16315605;36.666374;-1.727775;-39.858883;-71.921844
16317603;36.373913;-2.041879;-40.146812;-72.139763
16319803;36.081112;-2.355948;-40.434334;-72.356956
16321635;35.787930;-2.670011;-40.721466;-72.573448
16323629;35.494400;-2.984050;-41.008205;-72.789230
16325632;35.200516;-3.298062;-41.294533;-73.004288
16327624;34.906284;-3.612036;-41.580460;-73.218628
16329627;34.611710;-3.925976;-41.865974;-73.432251
16331649;34.316818;-4.239854;-42.151047;-73.645126
16333607;34.021561;-4.553718;-42.435730;-73.857292
16335610;33.725971;-4.867530;-42.719994;-74.068726
16337605;33.430046;-5.181301;-43.003834;-74.279427
16339606;33.133793;-5.495018;-43.287258;-74.489403
16341661;32.837212;-5.808678;-43.570248;-74.698647
16343644;32.540329;-6.122258;-43.852787;-74.907127
16345631;32.243107;-6.435800;-44.134911;-75.114891
16347629;31.945559;-6.749281;-44.416607;-75.321899
16349625;31.647699;-7.062697;-44.697865;-75.528183
16351628;31.349527;-7.376039;-44.978672;-75.733711
16353648;31.051048;-7.689312;-45.259041;-75.938492
16355603;30.752283;-8.002483;-45.538940;-76.142509
16357604;30.453190;-8.315599;-45.818413;-76.345787
16359604;30.153799;-8.628633;-46.097435;-76.548317
16361610;29.854134;-8.941558;-46.375977;-76.750069
16363603;29.554150;-9.254419;-46.654091;-76.951096
16365646;29.253874;-9.567192;-46.931732;-77.151344
16367633;28.953331;-9.879843;-47.208900;-77.350822
16369632;28.652481;-10.192421;-47.485615;-77.549561
16371625;28.351349;-10.504895;-47.761864;-77.747520
16373625;28.049934;-10.817271;-48.037647;-77.944717
16375646;27.748245;-11.129538;-48.312950;-78.141144
16377609;27.446281;-11.441692;-48.587776;-78.336807
16379614;27.144072;-11.753714;-48.862106;-78.531677
16381611;26.841568;-12.065643;-49.135971;-78.725784
16383606;26.538801;-12.377453;-49.409348;-78.919121
16385603;26.235771;-12.689137;-49.682243;-79.111671
16387646;25.932482;-13.000705;-49.954647;-79.303452
16389631;25.628939;-13.312131;-50.226559;-79.494438
16391626;25.325165;-13.623415;-50.497948;-79.684631
16393626;25.021118;-13.934581;-50.768864;-79.874054
16395626;24.716824;-14.245608;-51.039272;-80.062675
16397632;24.412287;-14.556496;-51.309181;-80.250511
16399609;24.107508;-14.867243;-51.578587;-80.437561
16401606;23.802490;-15.177840;-51.847481;-80.623817
16403604;23.497261;-15.488270;-52.115845;-80.809265
16405609;23.191778;-15.798564;-52.383717;-80.993919
16407647;22.886066;-16.108704;-52.651066;-81.177788
16409606;22.580128;-16.418686;-52.917896;-81.360847
16411610;22.273966;-16.728504;-53.184212;-81.543106
16413604;21.967585;-17.038158;-53.449993;-81.724556
16415609;21.661034;-17.347599;-53.715218;-81.905167
16417609;21.354221;-17.656912;-53.979939;-82.085014
16419646;21.047199;-17.966055;-54.244129;-82.264038
16421629;20.739969;-18.275017;-54.507797;-82.442261
16423629;20.432533;-18.583797;-54.770916;-82.619652
16425629;20.124922;-18.892374;-55.033482;-82.796227
16427630;19.817085;-19.200785;-55.295517;-82.971992
16429647;19.509054;-19.509012;-55.557007;-83.146950
16431629;19.200832;-19.817043;-55.817951;-83.321075
16433629;18.892418;-20.124876;-56.078346;-83.494385
16435624;18.583818;-20.432510;-56.338181;-83.666862
16437628;18.275061;-20.739923;-56.597443;-83.838509
16439637;17.966097;-21.047153;-56.856167;-84.009338
16441607;17.656956;-21.354177;-57.114334;-84.179344
16443610;17.347641;-21.660992;-57.371933;-84.348511
16445605;17.038157;-21.967588;-57.628967;-84.516853
16447608;16.728500;-22.273972;-57.885433;-84.684357
16449609;16.418705;-22.580105;-58.141304;-84.851006
16451649;16.108725;-22.886047;-58.396618;-85.016846
16453627;15.798585;-23.191759;-58.651363;-85.181831
16455624;15.488288;-23.497240;-58.905529;-85.345985
16457624;15.177840;-23.802494;-59.159111;-85.509293
16459624;14.867240;-24.107510;-59.412109;-85.671753
16461645;14.556519;-24.412268;-59.664505;-85.833366
16463603;14.245629;-24.716803;-59.916328;-85.994133
16465611;13.934599;-25.021097;-60.167557;-86.154053
16467606;13.623433;-25.325144;-60.418194;-86.313126
16469602;13.312154;-25.628918;-60.668217;-86.471329
16471609;13.000721;-25.932465;-60.917664;-86.628708
16473641;12.689183;-26.235727;-61.166485;-86.785194
16475631;12.377496;-26.538757;-61.414726;-86.940857
16477624;12.065687;-26.841522;-61.662354;-87.095650
16479626;11.753759;-27.144028;-61.909378;-87.249588
16481624;11.441715;-27.446264;-62.155796;-87.402664
16483642;11.129559;-27.748224;-62.401592;-87.554878
16485612;10.817315;-28.049892;-62.646751;-87.706223
16487612;10.504942;-28.351307;-62.891323;-87.856705
16489609;10.192464;-28.652435;-63.135262;-88.006317
16491605;9.879887;-28.953287;-63.378586;-88.155060
16493607;9.567211;-29.253849;-63.621284;-88.302940
16495643;9.254441;-29.554129;-63.863350;-88.449951
16497632;8.941605;-29.854090;-64.104767;-88.596085
16499625;8.628655;-30.153778;-64.345566;-88.741333
16501626;8.315620;-30.453173;-64.585739;-88.885719
16503629;8.002504;-30.752260;-64.825272;-89.029221
16505645;7.689308;-31.051048;-65.064171;-89.171860
16507615;7.376037;-31.349531;-65.302422;-89.313599
16509605;7.062716;-31.647678;-65.540001;-89.454453
16511612;6.749302;-31.945538;-65.776962;-89.594437
16513604;6.435822;-32.243084;-66.013268;-89.733543
16515609;6.122278;-32.540306;-66.248932;-89.871750
16517649;5.808673;-32.837215;-66.483932;-90.009071
16519627;5.495012;-33.133793;-66.718277;-90.145508
16521627;5.181319;-33.430023;-66.951950;-90.281052
16523628;4.867576;-33.725925;-67.184967;-90.415695
16525622;4.553761;-34.021523;-67.417336;-90.549461
16527645;4.239901;-34.316772;-67.649033;-90.682327
16529609;3.925998;-34.611691;-67.880066;-90.814308
16531605;3.612057;-34.906265;-68.110428;-90.945389
16533611;3.298105;-35.200470;-68.340096;-91.075562
16535610;2.984096;-35.494354;-68.569107;-91.204842
16537616;2.670057;-35.787888;-68.797455;-91.333229
16539643;2.355993;-36.081066;-69.025108;-91.460709
16541630;2.041904;-36.373890;-69.252090;-91.587280
16543630;1.727796;-36.666359;-69.478386;-91.712967
16545634;1.413695;-36.958431;-69.703972;-91.837723
16547627;1.099556;-37.250172;-69.928902;-91.961586
16549639;0.785405;-37.541542;-70.153130;-92.084541
16551606;0.471248;-37.832542;-70.376671;-92.206589
16553603;0.157085;-38.123165;-70.599518;-92.327728
16555609;-0.157079;-38.413418;-70.821663;-92.447952
16557609;-0.471218;-38.703270;-71.043091;-92.567253
16559694;-0.785375;-38.992752;-71.263840;-92.685654
16561628;-1.099525;-39.281860;-71.483887;-92.803139
16563629;-1.413665;-39.570576;-71.703224;-92.919708
16565628;-1.727790;-39.858902;-71.921852;-93.035355
16567629;-2.041898;-40.146835;-72.139778;-93.150085
16569627;-2.355963;-40.434345;-72.356964;-93.263885
16571649;-2.670027;-40.721481;-72.573463;-93.376785
16573631;-2.984066;-41.008221;-72.789238;-93.488762
16575627;-3.298074;-41.294544;-73.004303;-93.599808
16577630;-3.612027;-41.580452;-73.218628;-93.709923
16579628;-3.925944;-41.865940;-73.432228;-93.819122
16581643;-4.239846;-42.151039;-73.645119;-93.927391
16583613;-4.553706;-42.435722;-73.857285;-94.034737
16585613;-4.867522;-42.719986;-74.068718;-94.141159
16587603;-5.181289;-43.003826;-74.279419;-94.246651
16589601;-5.495005;-43.287243;-74.489395;-94.351212
16591600;-5.808643;-43.570213;-74.698624;-94.454834
16593650;-6.122248;-43.852772;-74.907120;-94.557526
16595632;-6.435792;-44.134907;-75.114876;-94.659294
16597628;-6.749272;-44.416595;-75.321892;-94.760117
16599628;-7.062686;-44.697849;-75.528168;-94.860008
16601625;-7.376031;-44.978664;-75.733704;-94.958969
16603647;-7.689279;-45.259010;-75.938469;-95.056984
16605610;-8.002474;-45.538937;-76.142502;-95.154068
16607607;-8.315591;-45.818405;-76.345787;-95.250206
16609604;-8.628626;-46.097427;-76.548317;-95.345413
16611604;-8.941574;-46.375992;-76.750084;-95.439674
16613605;-9.254436;-46.654099;-76.951103;-95.532997
16615644;-9.567182;-46.931725;-77.151337;-95.625366
16617634;-9.879857;-47.208912;-77.350838;-95.716797
16619628;-10.192435;-47.485630;-77.549568;-95.807281
16621627;-10.504911;-47.761879;-77.747528;-95.896820
16623627;-10.817286;-48.037659;-77.944725;-95.985428
16625644;-11.129552;-48.312958;-78.141159;-96.073074
16627613;-11.441686;-48.587769;-78.336807;-96.159767
16629608;-11.753706;-48.862095;-78.531670;-96.245514
16631605;-12.065634;-49.135963;-78.725777;-96.330315
16633605;-12.377443;-49.409340;-78.919113;-96.414169
16635609;-12.689130;-49.682232;-79.111664;-96.497063
16637647;-13.000690;-49.954636;-79.303436;-96.579018
16639627;-13.312101;-50.226521;-79.494415;-96.660004
16641625;-13.623403;-50.497936;-79.684624;-96.740044
16643626;-13.934570;-50.768852;-79.874039;-96.819130
16645626;-14.245600;-51.039268;-80.062668;-96.897255
16647644;-14.556490;-51.309181;-80.250511;-96.974426
16649607;-14.867234;-51.578583;-80.437561;-97.050644
16651604;-15.177811;-51.847458;-80.623802;-97.125893
16653610;-15.488259;-52.115841;-80.809258;-97.200195
16655606;-15.798555;-52.383709;-80.993912;-97.273529
16657607;-16.108694;-52.651058;-81.177780;-97.345917
16659646;-16.418676;-52.917892;-81.360840;-97.417328
16661628;-16.728497;-53.184204;-81.543098;-97.487793
16663627;-17.038126;-53.449966;-81.724533;-97.557281
16665629;-17.347612;-53.715229;-81.905182;-97.625824
16667625;-17.656927;-53.979950;-82.085022;-97.693382
16669645;-17.966068;-54.244148;-82.264038;-97.759995
16671627;-18.275030;-54.507805;-82.442261;-97.825630
16673626;-18.583813;-54.770927;-82.619667;-97.890305
16675625;-18.892389;-55.033485;-82.796242;-97.954010
16677629;-19.200802;-55.295528;-82.972015;-98.016754
16679640;-19.509026;-55.557014;-83.146957;-98.078522
16681615;-19.817057;-55.817963;-83.321083;-98.139336
16683608;-20.124868;-56.078331;-83.494385;-98.199165
16685604;-20.432505;-56.338173;-83.666870;-98.258034
16687605;-20.739916;-56.597435;-83.838509;-98.315933
16689603;-21.047146;-56.856163;-84.009338;-98.372856
16691643;-21.354168;-57.114323;-84.179344;-98.428810
16693623;-21.660980;-57.371922;-84.348511;-98.483803
16695631;-21.967579;-57.628952;-84.516846;-98.537811
16697629;-22.273960;-57.885422;-84.684357;-98.590858
16699626;-22.580097;-58.141293;-84.851006;-98.642921
16701644;-22.886036;-58.396614;-85.016838;-98.694016
16703609;-23.191748;-58.651360;-85.181824;-98.744133
16705606;-23.497232;-58.905525;-85.345978;-98.793282
16707607;-23.802485;-59.159100;-85.509285;-98.841461
16709607;-24.107500;-59.412098;-85.671745;-98.888649
16711608;-24.412256;-59.664501;-85.833359;-98.934868
16713648;-24.716795;-59.916317;-85.994125;-98.980110
16715632;-25.021088;-60.167549;-86.154045;-99.024368
16717624;-25.325138;-60.418190;-86.313126;-99.067665
16719625;-25.628933;-60.668228;-86.471344;-99.109970
16721626;-25.932476;-60.917675;-86.628708;-99.151306
16723644;-26.235741;-61.166500;-86.785210;-99.191658
16725616;-26.538771;-61.414738;-86.940857;-99.231026
16727605;-26.841539;-61.662365;-87.095657;-99.269424
16729611;-27.144041;-61.909389;-87.249603;-99.306847
16731608;-27.446276;-62.155807;-87.402679;-99.343277
16733602;-27.748240;-62.401604;-87.554893;-99.378731
16735648;-28.049908;-62.646770;-87.706223;-99.413208
16737636;-28.351297;-62.891315;-87.856705;-99.446701
16739629;-28.652430;-63.135254;-88.006317;-99.479218
16741632;-28.953281;-63.378578;-88.155067;-99.510742
16743626;-29.253843;-63.621269;-88.302940;-99.541290
16745646;-29.554098;-63.863327;-88.449944;-99.570854
16747609;-29.854084;-64.104759;-88.596077;-99.599434
16749608;-30.153772;-64.345566;-88.741333;-99.627029
16751611;-30.453163;-64.585732;-88.885719;-99.653648
16753610;-30.752254;-64.825264;-89.029221;-99.679283
16755720;-31.051043;-65.064156;-89.171852;-99.703934
16757626;-31.349501;-65.302391;-89.313583;-99.727592
16759625;-31.647673;-65.539993;-89.454453;-99.750275
16761629;-31.945532;-65.776955;-89.594437;-99.771973
16763627;-32.243076;-66.013268;-89.733528;-99.792679
16765626;-32.540302;-66.248924;-89.871750;-99.812408
16767649;-32.837208;-66.483925;-90.009079;-99.831161
16769613;-33.133766;-66.718254;-90.145508;-99.848907
16771610;-33.430019;-66.951942;-90.281052;-99.865677
16773607;-33.725945;-67.184982;-90.415710;-99.881462
16775607;-34.021534;-67.417336;-90.549469;-99.896263
16777642;-34.316792;-67.649040;-90.682343;-99.910065
16779612;-34.611706;-67.880074;-90.814316;-99.922905
16781605;-34.906258;-68.110420;-90.945389;-99.934746
16783609;-35.200489;-68.340111;-91.075577;-99.945602
16785605;-35.494373;-68.569122;-91.204849;-99.955460
16787606;-35.787903;-68.797470;-91.333237;-99.964348
16789644;-36.081081;-69.025124;-91.460716;-99.972244
16791626;-36.373882;-69.252083;-91.587280;-99.979141
16793627;-36.666325;-69.478363;-91.712952;-99.985077
16795632;-36.958427;-69.703972;-91.837715;-99.990005
16797628;-37.250168;-69.928894;-91.961586;-99.993958
16799644;-37.541534;-70.153130;-92.084541;-99.996918
16801607;-37.832535;-70.376663;-92.206589;-99.998894
16803600;-38.123161;-70.599510;-92.327713;-99.999870
16805607;-38.413387;-70.821640;-92.447937;-99.999878
16807606;-38.703259;-71.043083;-92.567245;-99.998894
16809609;-38.992748;-71.263840;-92.685654;-99.996910
16811647;-39.281853;-71.483871;-92.803131;-99.993950
16813632;-39.570568;-71.703217;-92.919708;-99.990005
16815626;-39.858894;-71.921852;-93.035355;-99.985077
16817623;-40.146805;-72.139755;-93.150078;-99.979149
16819629;-40.434341;-72.356964;-93.263885;-99.972237
16821640;-40.721478;-72.573456;-93.376785;-99.964348
16823613;-41.008209;-72.789230;-93.488754;-99.955460
16825608;-41.294540;-73.004295;-93.599808;-99.945595
16827606;-41.580467;-73.218628;-93.709930;-99.934731
16829602;-41.865955;-73.432228;-93.819130;-99.922905
16831607;-42.151054;-73.645126;-93.927399;-99.910080
16833649;-42.435734;-73.857292;-94.034744;-99.896263
16835636;-42.720001;-74.068726;-94.141159;-99.881462
16837625;-43.003841;-74.279427;-94.246651;-99.865677
16839623;-43.287262;-74.489403;-94.351219;-99.848907
16841624;-43.570229;-74.698624;-94.454834;-99.831154
16843643;-43.852791;-74.907127;-94.557533;-99.812408
16845608;-44.134895;-75.114868;-94.659279;-99.792686
16847608;-44.416592;-75.321892;-94.760117;-99.771973
16849603;-44.697845;-75.528168;-94.860008;-99.750282
16851609;-44.978657;-75.733696;-94.958961;-99.727592
16853611;-45.259007;-75.938461;-95.056984;-99.703934
16855646;-45.538925;-76.142494;-95.154060;-99.679276
16857629;-45.818401;-76.345779;-95.250198;-99.653648
16859626;-46.097420;-76.548309;-95.345413;-99.627029
16861624;-46.375988;-76.750084;-95.439674;-99.599434
16863625;-46.654095;-76.951088;-95.532982;-99.570847
16865642;-46.931721;-77.151337;-95.625366;-99.541298
16867608;-47.208904;-77.350830;-95.716789;-99.510742
16869606;-47.485622;-77.549568;-95.807281;-99.479210
16871607;-47.761871;-77.747520;-95.896828;-99.446701
16873612;-48.037647;-77.944717;-95.985420;-99.413208
16875667;-48.312950;-78.141144;-96.073067;-99.378731
16877641;-48.587757;-78.336784;-96.159760;-99.343277
16879629;-48.862106;-78.531677;-96.245514;-99.306839
16881625;-49.135971;-78.725792;-96.330322;-99.269424
16883626;-49.409351;-78.919113;-96.414169;-99.231026
16885626;-49.682243;-79.111671;-96.497070;-99.191658
16887644;-49.954624;-79.303429;-96.579002;-99.151299
16889607;-50.226532;-79.494415;-96.660004;-99.109970
16891610;-50.497948;-79.684624;-96.740044;-99.067665
16893604;-50.768864;-79.874039;-96.819122;-99.024368
16895607;-51.039280;-80.062675;-96.897255;-98.980103
16897646;-51.309193;-80.250511;-96.974434;-98.934868
16899610;-51.578552;-80.437531;-97.050629;-98.888649
16901607;-51.847446;-80.623787;-97.125885;-98.841454
16903602;-52.115829;-80.809250;-97.200188;-98.793282
16905611;-52.383698;-80.993904;-97.273529;-98.744133
16907604;-52.651054;-81.177773;-97.345909;-98.694016
16909646;-52.917885;-81.360832;-97.417328;-98.642921
16911630;-53.184174;-81.543076;-97.487785;-98.590858
16913623;-53.449959;-81.724525;-97.557281;-98.537811
16915631;-53.715218;-81.905174;-97.625809;-98.483810
16917626;-53.979946;-82.085014;-97.693382;-98.428818
16919646;-54.244137;-82.264038;-97.759987;-98.372856
16921609;-54.507797;-82.442253;-97.825638;-98.315933
16923609;-54.770897;-82.619644;-97.890297;-98.258034
16925602;-55.033482;-82.796227;-97.954010;-98.199173
16927607;-55.295517;-82.972000;-98.016739;-98.139336
16929650;-55.557007;-83.146942;-98.078522;-98.078522
16931616;-55.817951;-83.321083;-98.139336;-98.016754
16933606;-56.078346;-83.494392;-98.199165;-97.954010
16935605;-56.338161;-83.666855;-98.258034;-97.890305
16937606;-56.597446;-83.838509;-98.315933;-97.825630
16939604;-56.856174;-84.009346;-98.372856;-97.759995
16941637;-57.114334;-84.179344;-98.428818;-97.693382
16943610;-57.371933;-84.348511;-98.483803;-97.625824
16945612;-57.628967;-84.516846;-98.537811;-97.557281
16947606;-57.885414;-84.684349;-98.590851;-97.487793
16949608;-58.141304;-84.851006;-98.642921;-97.417343
16951650;-58.396626;-85.016846;-98.694023;-97.345917
16953612;-58.651344;-85.181824;-98.744133;-97.273544
16955610;-58.905514;-85.345970;-98.793282;-97.200203
16957606;-59.159096;-85.509277;-98.841446;-97.125900
16959606;-59.412075;-85.671730;-98.888649;-97.050652
16961609;-59.664490;-85.833344;-98.934860;-96.974434
16963645;-59.916313;-85.994125;-98.980103;-96.897270
16965632;-60.167545;-86.154045;-99.024376;-96.819138
16967626;-60.418182;-86.313118;-99.067665;-96.740051
16969633;-60.668224;-86.471329;-99.109970;-96.660011
16971629;-60.917645;-86.628685;-99.151299;-96.579018
16973643;-61.166489;-86.785194;-99.191650;-96.497070
16975612;-61.414730;-86.940857;-99.231026;-96.414177
16977607;-61.662357;-87.095657;-99.269424;-96.330330
16979604;-61.909382;-87.249588;-99.306847;-96.245529
16981609;-62.155796;-87.402672;-99.343285;-96.159775
16983641;-62.401573;-87.554871;-99.378731;-96.073082
16985612;-62.646759;-87.706223;-99.413208;-95.985428
16987609;-62.891323;-87.856697;-99.446701;-95.896835
16989612;-63.135265;-88.006317;-99.479210;-95.807289
16991613;-63.378590;-88.155067;-99.510742;-95.716805
16993608;-63.621284;-88.302948;-99.541290;-95.625374
16995649;-63.863338;-88.449951;-99.570862;-95.533005
16997634;-64.104774;-88.596077;-99.599434;-95.439682
16999632;-64.345573;-88.741341;-99.627029;-95.345421
17001625;-64.585747;-88.885719;-99.653648;-95.250214
17003626;-64.825279;-89.029228;-99.679283;-95.154076
17005647;-65.064171;-89.171852;-99.703934;-95.056984
17007606;-65.302383;-89.313576;-99.727592;-94.958984
17009609;-65.539993;-89.454445;-99.750282;-94.860031
17011609;-65.776947;-89.594429;-99.771973;-94.760132
17013612;-66.013260;-89.733528;-99.792686;-94.659302
17015607;-66.248917;-89.871750;-99.812408;-94.557549
17017645;-66.483917;-90.009064;-99.831154;-94.454849
17019623;-66.718254;-90.145493;-99.848900;-94.351219
17021623;-66.951942;-90.281044;-99.865685;-94.246674
17023623;-67.184967;-90.415703;-99.881454;-94.141174
17025628;-67.417336;-90.549469;-99.896263;-94.034767
17027649;-67.649033;-90.682327;-99.910072;-93.927406
17029609;-67.880043;-90.814301;-99.922905;-93.819145
17031601;-68.110413;-90.945389;-99.934746;-93.709946
17033609;-68.340096;-91.075554;-99.945595;-93.599815
17035608;-68.569115;-91.204849;-99.955460;-93.488777
17037611;-68.797455;-91.333237;-99.964348;-93.376801
17039645;-69.025116;-91.460709;-99.972244;-93.263901
17041629;-69.252083;-91.587280;-99.979149;-93.150101
17043628;-69.478378;-91.712959;-99.985069;-93.035362
17045630;-69.703987;-91.837723;-99.990013;-92.919716
17047630;-69.928902;-91.961586;-99.993942;-92.803139
17049645;-70.153137;-92.084541;-99.996910;-92.685654
17051612;-70.376678;-92.206589;-99.998894;-92.567268
17053607;-70.599503;-92.327713;-99.999878;-92.447952
17055615;-70.821648;-92.447945;-99.999878;-92.327728
17057607;-71.043098;-92.567253;-99.998894;-92.206596
17059605;-71.263847;-92.685654;-99.996910;-92.084541
17061637;-71.483871;-92.803131;-99.993950;-91.961601
17063603;-71.593620;-92.861519;-99.992096;-91.899788
17065606;-71.921829;-93.035339;-99.985077;-91.712982
17067610;-72.139755;-93.150070;-99.979149;-91.587303
17069606;-72.356949;-93.263885;-99.972237;-91.460732
17071721;-72.573456;-93.376785;-99.964348;-91.333244
17073631;-72.789230;-93.488754;-99.955460;-91.204857
17075626;-73.004295;-93.599808;-99.945602;-91.075584
17077627;-73.218613;-93.709923;-99.934746;-90.945412
17079626;-73.432228;-93.819115;-99.922905;-90.814331
17081623;-73.645126;-93.927399;-99.910080;-90.682358
17083650;-73.857292;-94.034744;-99.896263;-90.549484
17085631;-74.068726;-94.141159;-99.881454;-90.415718
17087633;-74.279434;-94.246658;-99.865685;-90.281067
17089628;-74.489388;-94.351212;-99.848915;-90.145523
17091625;-74.698624;-94.454834;-99.831161;-90.009079
17093652;-74.907127;-94.557533;-99.812408;-89.871758
17095612;-75.114883;-94.659294;-99.792686;-89.733543
17097603;-75.321899;-94.760117;-99.771973;-89.594444
17099608;-75.528183;-94.860016;-99.750282;-89.454468
17101604;-75.733711;-94.958969;-99.727592;-89.313591
17103602;-75.938477;-95.056984;-99.703934;-89.171860
17105649;-76.142525;-95.154068;-99.679276;-89.029221
17107633;-76.345787;-95.250214;-99.653648;-88.885727
17109628;-76.548302;-95.345398;-99.627045;-88.741364
17111626;-76.750092;-95.439674;-99.599442;-88.596085
17113627;-76.951096;-95.532990;-99.570862;-88.449959
17115640;-77.151337;-95.625359;-99.541298;-88.302971
17117614;-77.350845;-95.716797;-99.510742;-88.155075
17119607;-77.549561;-95.807281;-99.479225;-88.006340
17121614;-77.747513;-95.896820;-99.446709;-87.856743
17123609;-77.944717;-95.985420;-99.413216;-87.706245
17125605;-78.141136;-96.073059;-99.378738;-87.554901
17127644;-78.336807;-96.159767;-99.343285;-87.402679
17129635;-78.531677;-96.245514;-99.306847;-87.249611
17131628;-78.725777;-96.330307;-99.269440;-87.095688
17133627;-78.919121;-96.414169;-99.231033;-86.940872
17135630;-79.111656;-96.497063;-99.191666;-86.785233
17137642;-79.303444;-96.579018;-99.151306;-86.628708
17139609;-79.494415;-96.660004;-99.109970;-86.471352
17141615;-79.684639;-96.740044;-99.067665;-86.313118
17143603;-79.874046;-96.819130;-99.024376;-86.154060
17145602;-80.062660;-96.897247;-98.980118;-85.994156
17147604;-80.250511;-96.974426;-98.934868;-85.833366
17149644;-80.437546;-97.050636;-98.888657;-85.671768
17151628;-80.623817;-97.125900;-98.841461;-85.509285
17153623;-80.809258;-97.200195;-98.793289;-85.345993
17155628;-80.993912;-97.273529;-98.744141;-85.181854
17157626;-81.177780;-97.345917;-98.694016;-85.016846
17159645;-81.360832;-97.417328;-98.642921;-84.851036
17161610;-81.543098;-97.487793;-98.590858;-84.684349
17163610;-81.724533;-97.557281;-98.537811;-84.516861
17165609;-81.905197;-97.625824;-98.483795;-84.348511
17167606;-82.085022;-97.693375;-98.428818;-84.179352
17169602;-82.264038;-97.759979;-98.372864;-84.009361
17171640;-82.442261;-97.825623;-98.315933;-83.838524
17173627;-82.619652;-97.890305;-98.258041;-83.666885
17175625;-82.796249;-97.954010;-98.199165;-83.494377
17177627;-82.972008;-98.016754;-98.139336;-83.321083
17179626;-83.146942;-98.078514;-98.078522;-83.146973
17181642;-83.321091;-98.139336;-98.016754;-82.972008
17183608;-83.494377;-98.199158;-97.954010;-82.796249
17185604;-83.666878;-98.258034;-97.890297;-82.619652
17187609;-83.838524;-98.315933;-97.825623;-82.442261
17189605;-84.009369;-98.372864;-97.759987;-82.264038
17191610;-84.179352;-98.428818;-97.693382;-82.085022
17193643;-84.348511;-98.483803;-97.625824;-81.905197
17195626;-84.516838;-98.537804;-97.557289;-81.724564
17197626;-84.684326;-98.590836;-97.487793;-81.543121
17199627;-84.851006;-98.642906;-97.417343;-81.360855
17201628;-85.016823;-98.694008;-97.345924;-81.177811
17203763;-85.181801;-98.744125;-97.273552;-80.993965
17205636;-85.345963;-98.793274;-97.200203;-80.809280
17207628;-85.509262;-98.841438;-97.125916;-80.623840
17209626;-85.671738;-98.888641;-97.050644;-80.437576
17211624;-85.833344;-98.934868;-96.974442;-80.250542
17213626;-85.994102;-98.980095;-96.897278;-80.062714
17215637;-86.154037;-99.024368;-96.819138;-79.874069
17217611;-86.313095;-99.067650;-96.740051;-79.684669
17219609;-86.471329;-99.109962;-96.660011;-79.494438
17221608;-86.628685;-99.151299;-96.579025;-79.303467
17223605;-86.785210;-99.191650;-96.497070;-79.111687
17225663;-86.940849;-99.231026;-96.414169;-78.919136
17227645;-87.095634;-99.269417;-96.330330;-78.725830
17229630;-87.249588;-99.306831;-96.245529;-78.531708
17231625;-87.402657;-99.343269;-96.159782;-78.336838
17233628;-87.554878;-99.378731;-96.073074;-78.141167
17235628;-87.706215;-99.413208;-95.985428;-77.944740
17237641;-87.856689;-99.446693;-95.896843;-77.747559
17239605;-88.006317;-99.479202;-95.807289;-77.549583
17241609;-88.155052;-99.510735;-95.716812;-77.350868
17243608;-88.302948;-99.541290;-95.625374;-77.151360
17245608;-88.449944;-99.570854;-95.533005;-76.951126
17247611;-88.596085;-99.599434;-95.439682;-76.750092
17249643;-88.741333;-99.627029;-95.345413;-76.548325
17251628;-88.885704;-99.653648;-95.250229;-76.345810
17253624;-89.029221;-99.679276;-95.154076;-76.142525
17255626;-89.171837;-99.703926;-95.056999;-75.938507
17257628;-89.313599;-99.727592;-94.958969;-75.733704
17259647;-89.454453;-99.750275;-94.860016;-75.528191
17261611;-89.594421;-99.771973;-94.760132;-75.321930
17263611;-89.733536;-99.792686;-94.659302;-75.114891
17265610;-89.871742;-99.812408;-94.557549;-74.907150
17267608;-90.009079;-99.831154;-94.454834;-74.698639
17269611;-90.145508;-99.848907;-94.351219;-74.489418
17271648;-90.281067;-99.865685;-94.246658;-74.279427
17273632;-90.415703;-99.881454;-94.141167;-74.068741
17275627;-90.549461;-99.896255;-94.034752;-73.857323
17277628;-90.682343;-99.910072;-93.927406;-73.645142
17279623;-90.814308;-99.922905;-93.819138;-73.432259
17281646;-90.945396;-99.934738;-93.709930;-73.218628
17283619;-91.075569;-99.945595;-93.599815;-73.004303
17285607;-91.204849;-99.955460;-93.488777;-72.789261
17287610;-91.333237;-99.964340;-93.376793;-72.573463
17289609;-91.460709;-99.972237;-93.263916;-72.356987
17291601;-91.587296;-99.979149;-93.150078;-72.139763
17293644;-91.712967;-99.985069;-93.035355;-71.921860
17295636;-91.837738;-99.989998;-92.919693;-71.703217
17297630;-91.961601;-99.993958;-92.803146;-71.483887
17299626;-92.084541;-99.996910;-92.685661;-71.263863
17301628;-92.206596;-99.998894;-92.567261;-71.043098
17303646;-92.327705;-99.999878;-92.447975;-70.821701
17305610;-92.447945;-99.999878;-92.327736;-70.599533
17307613;-92.567245;-99.998894;-92.206612;-70.376709
17309606;-92.685638;-99.996918;-92.084572;-70.153191
17311603;-92.803131;-99.993958;-91.961609;-69.928940
17313607;-92.919693;-99.990005;-91.837753;-69.704033
17315643;-93.035355;-99.985077;-91.712975;-69.478409
17317631;-93.150070;-99.979149;-91.587311;-69.252136
17319631;-93.263885;-99.972244;-91.460739;-69.025169
17321625;-93.376785;-99.964348;-91.333244;-68.797493
17323630;-93.488747;-99.955467;-91.204880;-68.569168
17325640;-93.599800;-99.945595;-91.075584;-68.340134
17327607;-93.709923;-99.934746;-90.945412;-68.110466
17329603;-93.819130;-99.922905;-90.814323;-67.880081
17331606;-93.927399;-99.910080;-90.682358;-67.649063
17333604;-94.034737;-99.896263;-90.549500;-67.417381
17335607;-94.141159;-99.881462;-90.415718;-67.185005
17337648;-94.246643;-99.865685;-90.281075;-66.951988
17339632;-94.351212;-99.848907;-90.145523;-66.718285
17341625;-94.454834;-99.831161;-90.009094;-66.483963
17343623;-94.557526;-99.812408;-89.871773;-66.248970
17345631;-94.659294;-99.792686;-89.733551;-66.013290
17347646;-94.760117;-99.771973;-89.594460;-65.777000
17349610;-94.860016;-99.750282;-89.454468;-65.540024
17351604;-94.958969;-99.727600;-89.313614;-65.302444
17353605;-95.056999;-99.703941;-89.171860;-65.064171
17355606;-95.154068;-99.679291;-89.029243;-64.825294
17357605;-95.250206;-99.653656;-88.885750;-64.585785
17359648;-95.345413;-99.627037;-88.741348;-64.345589
17361626;-95.439674;-99.599442;-88.596107;-64.104805
17363624;-95.532997;-99.570862;-88.449959;-63.863350
17365628;-95.625374;-99.541298;-88.302963;-63.621307
17367627;-95.716789;-99.510742;-88.155098;-63.378632
17369722;-95.807289;-99.479218;-88.006332;-63.135292
17371630;-95.896828;-99.446709;-87.856735;-62.891365
17373628;-95.985428;-99.413216;-87.706238;-62.646782
17375628;-96.073074;-99.378738;-87.554901;-62.401615
17377630;-96.159782;-99.343285;-87.402672;-62.155796
17379623;-96.245522;-99.306847;-87.249603;-61.909401
17381646;-96.330322;-99.269440;-87.095680;-61.662399
17383632;-96.414177;-99.231033;-86.940872;-61.414749
17385632;-96.497070;-99.191666;-86.785233;-61.166527
17387627;-96.579018;-99.151306;-86.628708;-60.917671
17389625;-96.660011;-99.109978;-86.471352;-60.668243
17391641;-96.740044;-99.067673;-86.313141;-60.418217
17393614;-96.819138;-99.024376;-86.154053;-60.167564
17395610;-96.897255;-98.980110;-85.994148;-59.916348
17397608;-96.974442;-98.934868;-85.833366;-59.664505
17399606;-97.050652;-98.888657;-85.671761;-59.412109
17401606;-97.125916;-98.841454;-85.509285;-59.159096
17403649;-97.200203;-98.793282;-85.345985;-58.905529
17405632;-97.273544;-98.744141;-85.181847;-58.651386
17407625;-97.345924;-98.694016;-85.016838;-58.396626
17409624;-97.417343;-98.642937;-84.851028;-58.141327
17411628;-97.487793;-98.590866;-84.684372;-57.885456
17413642;-97.557281;-98.537827;-84.516884;-57.629005
17415605;-97.625809;-98.483818;-84.348557;-57.371990
17417609;-97.693382;-98.428825;-84.179375;-57.114376
17419605;-97.759987;-98.372879;-84.009384;-56.856232
17421606;-97.825630;-98.315941;-83.838539;-56.597485
17423658;-97.890297;-98.258049;-83.666901;-56.338223
17425644;-97.954010;-98.199173;-83.494400;-56.078362
17427626;-98.016754;-98.139343;-83.321114;-55.817993
17429628;-98.078522;-98.078537;-83.146988;-55.557072
17431626;-98.139336;-98.016762;-82.972031;-55.295555
17433630;-98.199165;-97.954025;-82.796272;-55.033539
17435646;-98.258034;-97.890305;-82.619675;-54.770935
17437612;-98.315933;-97.825638;-82.442284;-54.507839
17439612;-98.372856;-97.759995;-82.264076;-54.244198
17441605;-98.428818;-97.693390;-82.085045;-53.979988
17443608;-98.483803;-97.625824;-81.905220;-53.715279
17445610;-98.537811;-97.557289;-81.724564;-53.450001
17447646;-98.590858;-97.487801;-81.543121;-53.184235
17449631;-98.642929;-97.417336;-81.360855;-52.917904
17451627;-98.694023;-97.345932;-81.177811;-52.651096
17453623;-98.744133;-97.273552;-80.993950;-52.383762
17455626;-98.768837;-97.236992;-80.901703;-52.249863
17457648;-98.841454;-97.125916;-80.623833;-51.847504
17459605;-98.888657;-97.050652;-80.437569;-51.578594
17461605;-98.934868;-96.974442;-80.250534;-51.309212
17463602;-98.980103;-96.897270;-80.062706;-51.039322
17465607;-99.024376;-96.819130;-79.874062;-50.768883
17467604;-99.067665;-96.740059;-79.684654;-50.497990
17469645;-99.109978;-96.660004;-79.494438;-50.226559
17471626;-99.151306;-96.579025;-79.303459;-49.954670
17473628;-99.191666;-96.497070;-79.111679;-49.682247
17475625;-99.231033;-96.414169;-78.919136;-49.409370
17477625;-99.269424;-96.330330;-78.725815;-49.136013
17479647;-99.306847;-96.245522;-78.531693;-48.862125
17481607;-99.343285;-96.159782;-78.336830;-48.587803
17483606;-99.378738;-96.073067;-78.141151;-48.312950
17485608;-99.413208;-95.985428;-77.944740;-48.037670
17487609;-99.446701;-95.896843;-77.747559;-47.761913
17489609;-99.479218;-95.807289;-77.549576;-47.485645
17491643;-99.510742;-95.716805;-77.350861;-47.208942
17493631;-99.541298;-95.625374;-77.151344;-46.931736
17495632;-99.570862;-95.533005;-76.951111;-46.654110
17497627;-99.599442;-95.439690;-76.750114;-46.376026
17499622;-99.627037;-95.345413;-76.548317;-46.097439
17501645;-99.653656;-95.250221;-76.345810;-45.818443
17503608;-99.679283;-95.154068;-76.142517;-45.538944
17505611;-99.703934;-95.056992;-75.938492;-45.259045
17507614;-99.727600;-94.958969;-75.733696;-44.978653
17509607;-99.750282;-94.860016;-75.528183;-44.697865
17511610;-99.771973;-94.760132;-75.321922;-44.416630
17513641;-99.792686;-94.659302;-75.114891;-44.134918
17515636;-99.812408;-94.557541;-74.907143;-43.852810
17517628;-99.831161;-94.454834;-74.698624;-43.570225
17519628;-99.848907;-94.351234;-74.489441;-43.287300
17521623;-99.865677;-94.246674;-74.279480;-43.003906
17523640;-99.881462;-94.141182;-74.068764;-42.720039
17525613;-99.896263;-94.034775;-73.857346;-42.435802
17527607;-99.910072;-93.927406;-73.645157;-42.151093
17529607;-99.922905;-93.819145;-73.432281;-41.866016
17531603;-99.934746;-93.709938;-73.218658;-41.580482
17533607;-99.945602;-93.599823;-73.004326;-41.294582
17535645;-99.955460;-93.488785;-72.789276;-41.008274
17537632;-99.964348;-93.376801;-72.573486;-40.721519
17539626;-99.972244;-93.263916;-72.357010;-40.434402
17541627;-99.979149;-93.150093;-72.139786;-40.146847
17543627;-99.985069;-93.035370;-71.921883;-39.858932
17545644;-99.990005;-92.919724;-71.703262;-39.570629
17547614;-99.993958;-92.803154;-71.483910;-39.281891
17549615;-99.996910;-92.685669;-71.263885;-38.992809
17551605;-99.998894;-92.567268;-71.043114;-38.703300
17553609;-99.999878;-92.447960;-70.821686;-38.413452
17555607;-99.999878;-92.327728;-70.599518;-38.123180
17557641;-99.998894;-92.206604;-70.376694;-37.832581
17559632;-99.996918;-92.084564;-70.153168;-37.541599
17561627;-99.993958;-91.961601;-69.928925;-37.250210
17563625;-99.990013;-91.837753;-69.704025;-36.958492
17565628;-99.985077;-91.712967;-69.478394;-36.666370
17567646;-99.979149;-91.587296;-69.252121;-36.373924
17569613;-99.972244;-91.460732;-69.025154;-36.081123
17571600;-99.964348;-91.333237;-68.797478;-35.787922
17573608;-99.955467;-91.204872;-68.569160;-35.494415
17575606;-99.945602;-91.075577;-68.340126;-35.200508
17577612;-99.934746;-90.945396;-68.110451;-34.906300
17579638;-99.922905;-90.814316;-67.880074;-34.611702
17581629;-99.910080;-90.682343;-67.649063;-34.316811
17583629;-99.896263;-90.549484;-67.417374;-34.021576
17585631;-99.881462;-90.415710;-67.184990;-33.725964
17587625;-99.865685;-90.281067;-66.951981;-33.430061
17589646;-99.848907;-90.145508;-66.718277;-33.133785
17591612;-99.831161;-90.009079;-66.483948;-32.837227
17593608;-99.812416;-89.871773;-66.248962;-32.540344
17595608;-99.792686;-89.733543;-66.013283;-32.243095
17597604;-99.771973;-89.594452;-65.776993;-31.945574
17599611;-99.750282;-89.454460;-65.540016;-31.647694
17601642;-99.727600;-89.313606;-65.302429;-31.349543
17603634;-99.703934;-89.171844;-65.064156;-31.051041
17605630;-99.679283;-89.029228;-64.825287;-30.752274
17607627;-99.653656;-88.885727;-64.585770;-30.453205
17609625;-99.627037;-88.741341;-64.345581;-30.153790
17611641;-99.599442;-88.596092;-64.104797;-29.854124
17613610;-99.570862;-88.449951;-63.863342;-29.554117
17615601;-99.541298;-88.302956;-63.621288;-29.253864
17617608;-99.510750;-88.155083;-63.378620;-28.953323
17619608;-99.479218;-88.006332;-63.135277;-28.652454
17621608;-99.446709;-87.856720;-62.891354;-28.351339
17623654;-99.413208;-87.706223;-62.646763;-28.049904
17625635;-99.378738;-87.554886;-62.401604;-27.748236
17627623;-99.343285;-87.402710;-62.155853;-27.446342
17629625;-99.306854;-87.249619;-61.909424;-27.144087
17631628;-99.269440;-87.095695;-61.662418;-26.841608
17633644;-99.231041;-86.940887;-61.414772;-26.538816
17635610;-99.191666;-86.785240;-61.166550;-26.235807
17637608;-99.151314;-86.628716;-60.917694;-25.932497
17639611;-99.109985;-86.471359;-60.668270;-25.628975
17641611;-99.067673;-86.313156;-60.418247;-25.325203
17643607;-99.024384;-86.154076;-60.167587;-25.021135
17645646;-98.980118;-85.994164;-59.916370;-24.716864
17647633;-98.934868;-85.833374;-59.664528;-24.412302
17649629;-98.888657;-85.671776;-59.412148;-24.107546
17651621;-98.841461;-85.509323;-59.159161;-23.802553
17653627;-98.793289;-85.346001;-58.905560;-23.497278
17655644;-98.744148;-85.181854;-58.651413;-23.191816
17657611;-98.694023;-85.016861;-58.396656;-22.886082
17659602;-98.642937;-84.851036;-58.141350;-22.580166
17661607;-98.590866;-84.684357;-57.885437;-22.273981
17663609;-98.537827;-84.516869;-57.628994;-21.967623
17665603;-98.483810;-84.348541;-57.371975;-21.661049
17667649;-98.428825;-84.179367;-57.114365;-21.354216
17669634;-98.372871;-84.009377;-56.856216;-21.047215
17671625;-98.315941;-83.838531;-56.597473;-20.739962
17673625;-98.258049;-83.666893;-56.338207;-20.432550
17675632;-98.199181;-83.494415;-56.078392;-20.124937
17677645;-98.139343;-83.321091;-55.817986;-19.817080
17679606;-98.078537;-83.146980;-55.557053;-19.509069
17681608;-98.016754;-82.972023;-55.295540;-19.200823
17683609;-97.954025;-82.796265;-55.033527;-18.892435
17685603;-97.890312;-82.619667;-54.770927;-18.583813
17687609;-97.825638;-82.442276;-54.507828;-18.275051
17689641;-97.760002;-82.264069;-54.244186;-17.966112
17691631;-97.693398;-82.085030;-53.979969;-17.656950
17693619;-97.625824;-81.905205;-53.715263;-17.347656
17695628;-97.557297;-81.724556;-53.449989;-17.038151
17697623;-97.487801;-81.543114;-53.184223;-16.728516
17699645;-97.417351;-81.360863;-52.917934;-16.418722
17701614;-97.345924;-81.177795;-52.651077;-16.108715
17703614;-97.273552;-80.993942;-52.383751;-15.798600
17705606;-97.200203;-80.809265;-52.115856;-15.488280
17707603;-97.125916;-80.623833;-51.847500;-15.177855
17709611;-97.050652;-80.437561;-51.578583;-14.867234
17711643;-96.974442;-80.250526;-51.309196;-14.556512
17713633;-96.897270;-80.062698;-51.039303;-14.245646
17715628;-96.819138;-79.874054;-50.768875;-13.934594
17717630;-96.740051;-79.684647;-50.497978;-13.623447
17719625;-96.660011;-79.494438;-50.226547;-13.312123
17721648;-96.579018;-79.303452;-49.954659;-13.000715
17723610;-96.497086;-79.111694;-49.682274;-12.689177
17725605;-96.414177;-78.919128;-49.409367;-12.377469
17727614;-96.330330;-78.725815;-49.136002;-12.065681
17729609;-96.245522;-78.531685;-48.862118;-11.753729
17731607;-96.159782;-78.336815;-48.587791;-11.441710
17733646;-96.073074;-78.141144;-48.312943;-11.129528
17735634;-95.985443;-77.944763;-48.037701;-10.817334
17737632;-95.896851;-77.747574;-47.761940;-10.504982
17739628;-95.807304;-77.549599;-47.485668;-10.192481
17741626;-95.716820;-77.350876;-47.208969;-9.879929
17743643;-95.625381;-77.151375;-46.931774;-9.567231
17745610;-95.533012;-76.951126;-46.654148;-9.254485
17747614;-95.439697;-76.750130;-46.376053;-8.941645
17749609;-95.345428;-76.548347;-46.097469;-8.628673
17751604;-95.250237;-76.345840;-45.818474;-8.315664
17753607;-95.154083;-76.142532;-45.538975;-8.002522
17755642;-95.057007;-75.938515;-45.259075;-7.689351
17757624;-94.958984;-75.733719;-44.978683;-7.376054
17759624;-94.860039;-75.528206;-44.697891;-7.062733
17761625;-94.760147;-75.321945;-44.416664;-6.749347
17763628;-94.659309;-75.114906;-44.134949;-6.435842
17765645;-94.557556;-74.907166;-43.852840;-6.122318
17767612;-94.454849;-74.698654;-43.570255;-5.808687
17769610;-94.351234;-74.489433;-43.287292;-5.495053
17771612;-94.246681;-74.279472;-43.003891;-5.181360
17773606;-94.141182;-74.068748;-42.720032;-4.867568
17775663;-94.034767;-73.857323;-42.435791;-4.553777
17777646;-93.927414;-73.645142;-42.151081;-4.239893
17779630;-93.819145;-73.432274;-41.866005;-3.926015
17781620;-93.709961;-73.218681;-41.580513;-3.612101
17783625;-93.599823;-73.004318;-41.294571;-3.298101
17785626;-93.488785;-72.789276;-41.008263;-2.984113
17787640;-93.376801;-72.573486;-40.721504;-2.670053
17789607;-93.263916;-72.357002;-40.434387;-2.356008
17791612;-93.150093;-72.139778;-40.146832;-2.041897
17793609;-93.035370;-71.921875;-39.858921;-1.727813
17795605;-92.919724;-71.703255;-39.570618;-1.413712
17797605;-92.803154;-71.483902;-39.281879;-1.099551
17799638;-92.685677;-71.263878;-38.992802;-0.785425
17801627;-92.567268;-71.043106;-38.703289;-0.471240
17803628;-92.447960;-70.821678;-38.413437;-0.157103
17805631;-92.327744;-70.599548;-38.123215;0.157037
17807623;-92.206596;-70.376678;-37.832565;0.471225
17809644;-92.084564;-70.153168;-37.541588;0.785357
17811608;-91.961601;-69.928917;-37.250198;1.099530
17813604;-91.899780;-69.816551;-37.104382;1.256591
17815604;-91.712967;-69.478386;-36.666351;1.727799
17817608;-91.587296;-69.252106;-36.373909;2.041882
17819609;-91.460732;-69.025146;-36.081112;2.355942
17821643;-91.333237;-68.797462;-35.787907;2.670038
17823626;-91.204865;-68.569145;-35.494396;2.984050
17825627;-91.075569;-68.340111;-35.200493;3.298083
17827628;-90.945396;-68.110435;-34.906284;3.612032
17829624;-90.814331;-67.880096;-34.611732;3.925952
17831644;-90.682343;-67.649048;-34.316792;4.239875
17833614;-90.549484;-67.417358;-34.021561;4.553714
17835609;-90.415703;-67.184975;-33.725948;4.867554
17837611;-90.281067;-66.951973;-33.430046;5.181298
17839604;-90.145508;-66.718262;-33.133770;5.495036
17841611;-90.009079;-66.483925;-32.837208;5.808675
17843647;-89.871780;-66.248978;-32.540379;6.122208
17845636;-89.733559;-66.013306;-32.243126;6.435773
17847627;-89.594475;-65.777016;-31.945606;6.749230
17849625;-89.454475;-65.540031;-31.647718;7.062671
17851624;-89.313622;-65.302452;-31.349575;7.375991
17853650;-89.171890;-65.064224;-31.051115;7.689235
17855611;-89.029243;-64.825302;-30.752300;8.002457
17857611;-88.885750;-64.585793;-30.453236;8.315548
17859605;-88.741356;-64.345604;-30.153820;8.628607
17861608;-88.596107;-64.104820;-29.854155;8.941537
17863606;-88.449959;-63.863361;-29.554144;9.254423
17865647;-88.302971;-63.621319;-29.253897;9.567163
17867633;-88.155106;-63.378639;-28.953352;9.879816
17869630;-88.006340;-63.135303;-28.652477;10.192418
17871627;-87.856735;-62.891365;-28.351370;10.504871
17873625;-87.706238;-62.646782;-28.049931;10.817268
17875645;-87.554901;-62.401623;-27.748268;11.129514
17877611;-87.402702;-62.155842;-27.446327;11.441645
17879607;-87.249611;-61.909412;-27.144068;11.753711
17881608;-87.095680;-61.662407;-26.841587;12.065619
17883605;-86.940872;-61.414753;-26.538795;12.377453
17885609;-86.785233;-61.166538;-26.235794;12.689114
17887641;-86.628708;-60.917675;-25.932482;13.000697
17889634;-86.471352;-60.668255;-25.628960;13.312110
17891626;-86.313148;-60.418224;-25.325186;13.623386
17893623;-86.154060;-60.167568;-25.021114;13.934576
17895629;-85.994148;-59.916351;-24.716843;14.245587
17897647;-85.833374;-59.664516;-24.412287;14.556498
17899607;-85.671761;-59.412121;-24.107525;14.867219
17901606;-85.509315;-59.159149;-23.802540;15.177790
17903606;-85.345993;-58.905540;-23.497257;15.488264
17905610;-85.181847;-58.651394;-23.191797;15.798542
17907609;-85.016846;-58.396633;-22.886063;16.108704
17909644;-84.851036;-58.141335;-22.580147;16.418659
17911630;-84.684349;-57.885422;-22.273960;16.728508
17913627;-84.516861;-57.628979;-21.967602;17.038137
17915626;-84.348534;-57.371964;-21.661028;17.347599
17917628;-84.179352;-57.114346;-21.354198;17.656935
17919641;-84.009369;-56.856201;-21.047199;17.966049
17921616;-83.838524;-56.597458;-20.739946;18.275034
17923601;-83.666878;-56.338196;-20.432537;18.583792
17925607;-83.494408;-56.078373;-20.124918;18.892374
17927606;-83.321091;-55.817963;-19.817062;19.200808
17929606;-83.146973;-55.557037;-19.509060;19.509007
17931643;-82.972008;-55.295528;-19.200806;19.817062
17933607;-82.796249;-55.033504;-18.892420;20.124874
17935612;-82.619652;-54.770912;-18.583801;20.432535
17937606;-82.442261;-54.507805;-18.275034;20.739948
17939604;-82.264069;-54.244171;-17.966097;21.047157
17941657;-82.085022;-53.979950;-17.656929;21.354198
17943645;-81.905197;-53.715248;-17.347639;21.660986
17945635;-81.724533;-53.449966;-17.038128;21.967611
17947629;-81.543098;-53.184204;-16.728502;22.273966
17949629;-81.360855;-52.917908;-16.418699;22.580109
17951628;-81.177811;-52.651096;-16.108746;22.886023
17953652;-80.993965;-52.383770;-15.798632;23.191708
17955636;-80.809288;-52.115887;-15.488315;23.497215
17957624;-80.623840;-51.847519;-15.177881;23.802441
17959627;-80.437599;-51.578640;-14.867309;24.107441
17961627;-80.250534;-51.309216;-14.556536;24.412241
17963643;-80.062714;-51.039333;-14.245677;24.716755
17965609;-79.874077;-50.768898;-13.934621;25.021070
17967606;-79.684669;-50.498001;-13.623482;25.325098
17969605;-79.494446;-50.226570;-13.312152;25.628916
17971607;-79.303474;-49.954681;-13.000745;25.932434
17973609;-79.111710;-49.682297;-12.689203;26.235699
17975645;-78.919151;-49.409382;-12.377498;26.538757
17977632;-78.725830;-49.136021;-12.065715;26.841494
17979625;-78.531708;-48.862137;-11.753765;27.144028
17981626;-78.336838;-48.587811;-11.441737;27.446234
17983623;-78.141197;-48.313011;-11.129609;27.748173
17985642;-77.944756;-48.037685;-10.817322;28.049887
17987610;-77.747574;-47.761936;-10.504970;28.351276
17989602;-77.549591;-47.485657;-10.192463;28.652439
17991612;-77.350876;-47.208958;-9.879914;28.953262
17993608;-77.151367;-46.931755;-9.567213;29.253853
17995614;-76.951126;-46.654129;-9.254464;29.554104
17997645;-76.750122;-46.376045;-8.941629;29.854065
17999626;-76.548340;-46.097458;-8.628657;30.153774
18001630;-76.345825;-45.818459;-8.315647;30.453142
18003628;-76.142525;-45.538960;-8.002504;30.752260
18005632;-75.938507;-45.259064;-7.689330;31.051025
18007642;-75.733742;-44.978718;-7.376093;31.349480
18009607;-75.528191;-44.697876;-7.062716;31.647678
18011608;-75.321938;-44.416645;-6.749332;31.945511
18013612;-75.114906;-44.134937;-6.435829;32.243080
18015605;-74.907158;-43.852825;-6.122303;32.540287
18017638;-74.698639;-43.570240;-5.808675;32.837208
18019602;-74.489418;-43.287273;-5.495039;33.133770
18021605;-74.279465;-43.003876;-5.181345;33.430004
18023603;-74.068741;-42.720013;-4.867554;33.725948
18025610;-73.857323;-42.435772;-4.553762;34.021519
18027607;-73.645142;-42.151062;-4.239875;34.316795
18029645;-73.432266;-41.865993;-3.926003;34.611687
18031630;-73.218666;-41.580505;-3.612086;34.906239
18033626;-73.004303;-41.294552;-3.298077;35.200493
18035632;-72.789261;-41.008247;-2.984095;35.494354
18037631;-72.573471;-40.721489;-2.670035;35.787903
18039647;-72.356987;-40.434368;-2.355990;36.081062
18041605;-72.139763;-40.146812;-2.041879;36.373909
18043611;-71.921860;-39.858906;-1.727799;36.666351
18045612;-71.703247;-39.570599;-1.413697;36.958431
18047604;-71.483887;-39.281857;-1.099533;37.250195
18049606;-71.263863;-38.992779;-0.785410;37.541538
18051644;-71.043098;-38.703270;-0.471225;37.832561
18053628;-70.821671;-38.413425;-0.157088;38.123169
18055627;-70.599533;-38.123192;0.157055;38.413395
18057629;-70.376678;-37.832554;0.471237;38.703289
18059624;-70.153191;-37.541618;0.785324;38.992702
18061652;-69.928940;-37.250225;1.099503;39.281837
18063608;-69.704033;-36.958508;1.413617;39.570530
18065610;-69.478439;-36.666428;1.727718;39.858833
18067609;-69.252129;-36.373936;2.041852;40.146793
18069606;-69.025169;-36.081135;2.355912;40.434307
18071606;-68.797493;-35.787937;2.669999;40.721462
18073646;-68.569168;-35.494431;2.984017;41.008171
18075636;-68.340134;-35.200520;3.298053;41.294529
18077627;-68.110466;-34.906315;3.612003;41.580421
18079629;-67.880119;-34.611759;3.925922;41.865925
18081625;-67.649063;-34.316822;4.239851;42.151043
18083645;-67.417389;-34.021587;4.553685;42.435699
18085612;-67.185005;-33.725975;4.867524;42.719994
18087605;-66.951988;-33.430073;5.181271;43.003807
18089608;-66.718323;-33.133842;5.494955;43.287205
18091608;-66.483955;-32.837238;5.808645;43.570213
18093607;-66.248970;-32.540356;6.122226;43.852760
18095644;-66.013298;-32.243111;6.435794;44.134903
18097632;-65.777000;-31.945583;6.749254;44.416584
18099628;-65.540024;-31.647709;7.062685;44.697849
18101627;-65.302437;-31.349554;7.376009;44.978649
18103624;-65.064201;-31.051100;7.689259;45.258991
18105638;-64.825294;-30.752289;8.002475;45.538937
18107610;-64.585785;-30.453215;8.315569;45.818390
18109607;-64.345589;-30.153803;8.628628;46.097427
18111607;-64.104805;-29.854137;8.941558;46.375973
18113612;-63.863392;-29.554176;9.254390;46.654064
18115608;-63.621307;-29.253881;9.567186;46.931728
18117642;-63.378628;-28.953335;9.879833;47.208889
18119626;-63.135292;-28.652468;10.192436;47.485630
18121625;-62.891365;-28.351358;10.504887;47.761856
18123626;-62.646778;-28.049913;10.817286;48.037659
18125629;-62.401615;-27.748251;11.129525;48.312939
18127637;-62.155830;-27.446308;11.441666;48.587746
18129612;-61.909401;-27.144051;11.753729;48.862118
18131611;-61.662399;-26.841578;12.065631;49.135956
18133609;-61.414749;-26.538780;12.377468;49.409363
18135605;-61.166527;-26.235771;12.689132;49.682236
18137610;-60.917706;-25.932512;13.000668;49.954613
18139644;-60.668243;-25.628944;13.312125;50.226547
18141625;-60.418217;-25.325171;13.623405;50.497936
18143630;-60.167564;-25.021103;13.934591;50.768864
18145630;-59.916348;-24.716827;14.245600;51.039268
18147626;-59.664505;-24.412271;14.556515;51.309204
18149642;-59.412109;-24.107510;14.867237;51.578583
18151608;-59.159134;-23.802525;15.177814;51.847458
18153603;-58.905529;-23.497242;15.488288;52.115856
18155611;-58.651386;-23.191786;15.798551;52.383701
18157607;-58.396626;-22.886053;16.108721;52.651077
18159720;-58.141327;-22.580135;16.418678;52.917892
18161633;-57.885448;-22.273996;16.728474;53.184174
18163629;-57.628967;-21.967587;17.038145;53.449989
18165631;-57.371990;-21.661064;17.347563;53.715179
18167624;-57.114376;-21.354231;17.656898;53.979927
18169620;-56.856228;-21.047228;17.966021;54.244102
18171648;-56.597485;-20.739973;18.275007;54.507782
18173632;-56.338223;-20.432562;18.583765;54.770882
18175628;-56.078403;-20.124949;18.892342;55.033447
18177629;-55.817993;-19.817093;19.200775;55.295502
18179624;-55.557068;-19.509081;19.508982;55.556976
18181651;-55.295555;-19.200838;19.817028;55.817940
18183609;-55.033539;-18.892448;20.124844;56.078308
18185608;-54.770977;-18.583870;20.432461;56.338131
18187604;-54.507839;-18.275070;20.739910;56.597431
18189604;-54.244198;-17.966127;21.047125;56.856136
18191610;-53.979980;-17.656961;21.354168;57.114315
18193647;-53.715279;-17.347673;21.660957;57.371902
18195632;-53.450001;-17.038164;21.967579;57.628952
18197627;-53.184235;-16.728533;22.273932;57.885395
18199630;-52.917946;-16.418737;22.580072;58.141266
18201627;-52.651096;-16.108734;22.886034;58.396614
18203643;-52.383762;-15.798616;23.191721;58.651329
18205609;-52.115868;-15.488294;23.497231;58.905514
18207611;-51.847504;-15.177867;23.802462;59.159081
18209607;-51.578636;-14.867297;24.107452;59.412064
18211603;-51.309212;-14.556524;24.412256;59.664494
18213608;-51.039322;-14.245659;24.716770;59.916294
18215650;-50.768887;-13.934609;25.021082;60.167538
18217610;-50.497990;-13.623465;25.325111;60.418163
18219607;-50.226559;-13.312138;25.628927;60.668224
18221609;-49.954666;-13.000730;25.932451;60.917652
18223601;-49.682285;-12.689188;26.235723;61.166477
18225605;-49.409370;-12.377480;26.538769;61.414730
18227642;-49.136013;-12.065694;26.841513;61.662346
18229624;-48.862125;-11.753741;27.144035;61.909382
18231627;-48.587799;-11.441723;27.446253;62.155777
18233627;-48.312996;-11.129588;27.748194;62.401569
18235629;-48.037670;-10.817298;28.049908;62.646770
18237645;-47.761909;-10.504950;28.351297;62.891312
18239612;-47.485641;-10.192448;28.652447;63.135273
18241604;-47.208942;-9.879896;28.953276;63.378578
18243606;-46.931778;-9.567243;29.253817;63.621254
18245612;-46.654110;-9.254447;29.554123;63.863342
18247664;-46.376026;-8.941611;29.854076;64.104752
18249642;-46.097439;-8.628636;30.153795;64.345581
18251628;-45.818439;-8.315629;30.453163;64.585724
18253628;-45.538944;-8.002487;30.752272;64.825287
18255627;-45.259045;-7.689315;31.051043;65.064156
18257626;-44.978695;-7.376066;31.349499;65.302391
18259646;-44.697865;-7.062700;31.647694;65.540009
18261610;-44.416630;-6.749308;31.945530;65.776947
18263610;-44.134918;-6.435809;32.243095;66.013275
18265606;-43.852810;-6.122282;32.540302;66.248924
18267608;-43.570271;-5.808705;32.837185;66.483910
18269604;-43.287258;-5.495018;33.133785;66.718277
18271644;-43.003864;-5.181327;33.430016;66.951942
18273629;-42.720039;-4.867583;33.725914;67.184952
18275635;-42.435799;-4.553789;34.021492;67.417305
18277628;-42.151093;-4.239908;34.316765;67.649017
18279627;-41.866016;-3.926030;34.611660;67.880043
18281643;-41.580528;-3.612110;34.906216;68.110382
18283605;-41.294582;-3.298110;35.200466;68.340088
18285605;-41.008274;-2.984124;35.494331;68.569092
18287608;-40.721519;-2.670064;35.787880;68.797447
18289606;-40.434402;-2.356023;36.081043;69.025093
18291662;-40.146889;-2.041957;36.373840;69.252052
18293644;-39.858932;-1.727825;36.666328;69.478363
18295630;-39.570629;-1.413724;36.958401;69.703957
18297627;-39.281891;-1.099563;37.250168;69.928894
18299624;-38.992809;-0.785434;37.541512;70.153107
18301626;-38.703300;-0.471255;37.832535;70.376663
18303642;-38.413452;-0.157115;38.123138;70.599487
18305607;-38.123226;0.157025;38.413368;70.821625
18307606;-37.832577;0.471210;38.703259;71.043083
18309609;-37.541599;0.785348;38.992725;71.263817
18311605;-37.250210;1.099518;39.281853;71.483871
18313655;-36.958492;1.413634;39.570541;71.703201
18315645;-36.666412;1.727736;39.858852;71.921814
18317629;-36.373924;2.041870;40.146809;72.139755
18319622;-36.081123;2.355933;40.434319;72.356949
18321623;-35.787922;2.670023;40.721478;72.573456
18323626;-35.494415;2.984035;41.008186;72.789215
18325640;-35.200508;3.298068;41.294540;73.004295
18327617;-34.906300;3.612020;41.580444;73.218620
18329613;-34.611748;3.925937;41.865929;73.432220
18331615;-34.316807;4.239863;42.151051;73.645126
18333609;-34.021576;4.553699;42.435719;73.857285
18335670;-33.725964;4.867539;42.720001;74.068733
18337644;-33.430061;5.181283;43.003822;74.279419
18339622;-33.133827;5.494976;43.287216;74.489372
18341624;-32.837227;5.808663;43.570232;74.698631
18343628;-32.540344;6.122241;43.852772;74.907112
18345630;-32.243095;6.435809;44.134914;75.114891
18347647;-31.945574;6.749263;44.416588;75.321892
18349613;-31.647692;7.062706;44.697868;75.528183
18351608;-31.349543;7.376027;44.978661;75.733696
18353614;-31.051085;7.689273;45.259007;75.938469
18355609;-30.752274;8.002490;45.538948;76.142517
18357606;-30.453205;8.315587;45.818401;76.345787
18359645;-30.153790;8.628643;46.097443;76.548317
18361633;-29.854124;8.941570;46.375992;76.750084
18363626;-29.554165;9.254405;46.654076;76.951088
18365628;-29.253864;9.567198;46.931736;77.151352
18367625;-28.953323;9.879851;47.208908;77.350830
18369646;-28.652451;10.192451;47.485649;77.549583
18371610;-28.351339;10.504905;47.761871;77.747520
18373608;-28.049904;10.817305;48.037674;77.944740
18375614;-27.748236;11.129549;48.312958;78.141159
18377603;-27.446297;11.441678;48.587757;78.336792
18379605;-27.144039;11.753747;48.862129;78.531693
18381643;-26.841604;12.065604;49.135933;78.725761
18383629;-26.538816;12.377435;49.409328;78.919106
18385628;-26.235809;12.689098;49.682201;79.111649
18387625;-25.932545;13.000637;49.954586;79.303406
18389622;-25.628975;13.312099;50.226521;79.494415
18391648;-25.325203;13.623373;50.497913;79.684601
18393610;-25.021133;13.934565;50.768845;79.874039
18395604;-24.716862;14.245568;51.039242;80.062653
18397606;-24.412348;14.556437;51.309132;80.250481
18399608;-24.107544;14.867206;51.578556;80.437538
18401640;-23.802551;15.177780;51.847435;80.623779
18403610;-23.497276;15.488252;52.115833;80.809250
18405609;-23.191816;15.798526;52.383686;80.993896
18407608;-22.886080;16.108690;52.651058;81.177780
18409606;-22.580164;16.418648;52.917870;81.360825
18411603;-22.274027;16.728441;53.184158;81.543060
18413649;-21.967623;17.038120;53.449966;81.724533
18415637;-21.661047;17.347584;53.715206;81.905159
18417628;-21.354214;17.656921;53.979946;82.085014
18419627;-21.047215;17.966036;54.244125;82.264030
18421626;-20.740007;18.274977;54.507755;82.442230
18423725;-20.432549;18.583784;54.770905;82.619652
18425635;-20.124935;18.892359;55.033463;82.796219
18427630;-19.817076;19.200794;55.295521;82.972000
18429626;-19.509069;19.508999;55.556995;83.146942
18431622;-19.200823;19.817049;55.817955;83.321083
18433625;-18.892433;20.124861;56.078327;83.494370
18435648;-18.583858;20.432472;56.338142;83.666847
18437633;-18.275051;20.739933;56.597454;83.838524
18439629;-17.966110;21.047140;56.856155;84.009338
18441623;-17.656948;21.354185;57.114338;84.179344
18443630;-17.347656;21.660975;57.371914;84.348503
18445644;-17.038193;21.967550;57.628937;84.516830
18447609;-16.728516;22.273954;57.885414;84.684349
18449606;-16.418720;22.580090;58.141293;84.851006
18451603;-16.108715;22.886055;58.396626;85.016846
18453605;-15.798600;23.191742;58.651344;85.181824
18455611;-15.488279;23.497250;58.905537;85.345985
18457649;-15.177855;23.802475;59.159096;85.509285
18459633;-14.867279;24.107471;59.412079;85.671738
18461629;-14.556509;24.412275;59.664513;85.833366
18463628;-14.245645;24.716789;59.916317;85.994125
18465634;-13.934591;25.021107;60.167564;86.154060
18467646;-13.623447;25.325129;60.418182;86.313118
18469605;-13.312168;25.628904;60.668205;86.471321
18471614;-13.000711;25.932472;60.917671;86.628708
18473605;-12.689175;26.235735;61.166489;86.785202
18475604;-12.377464;26.538786;61.414742;86.940865
18477650;-12.065679;26.841534;61.662365;87.095657
18479615;-11.753728;27.144056;61.909401;87.249603
18481611;-11.441707;27.446270;62.155800;87.402672
18483608;-11.129574;27.748209;62.401581;87.554871
18485606;-10.817284;28.049923;62.646778;87.706230
18487641;-10.504933;28.351313;62.891327;87.856705
18489610;-10.192480;28.652424;63.135250;88.006310
18491610;-9.879926;28.953251;63.378555;88.155052
18493604;-9.567274;29.253790;63.621227;88.302910
18495605;-9.254481;29.554087;63.863319;88.449936
18497608;-8.941644;29.854050;64.104736;88.596054
18499648;-8.628671;30.153763;64.345558;88.741325
18501623;-8.315660;30.453133;64.585709;88.885704
18503627;-8.002520;30.752247;64.825264;89.029221
18505627;-7.689348;31.051012;65.064140;89.171829
18507629;-7.376100;31.349468;65.302368;89.313576
18509643;-7.062732;31.647665;65.539993;89.454445
18511614;-6.749341;31.945499;65.776932;89.594421
18513609;-6.435838;32.243069;66.013252;89.733528
18515612;-6.122317;32.540272;66.248901;89.871735
18517605;-5.808736;32.837154;66.483887;90.009048
18519719;-5.495050;33.133759;66.718254;90.145500
18521634;-5.181358;33.429989;66.951927;90.281029
18523624;-4.867567;33.725937;67.184975;90.415703
18525629;-4.553775;34.021507;67.417320;90.549454
18527625;-4.239939;34.316738;67.649002;90.682312
18529626;-3.926013;34.611675;67.880051;90.814301
18531644;-3.612096;34.906231;68.110397;90.945366
18533611;-3.298096;35.200481;68.340103;91.075562
18535606;-2.984111;35.494339;68.569099;91.204834
18537608;-2.670048;35.787895;68.797462;91.333229
18539611;-2.356008;36.081055;69.025101;91.460701
18541664;-2.041943;36.373856;69.252060;91.587273
18543643;-1.727811;36.666344;69.478378;91.712959
18545638;-1.413710;36.958416;69.703964;91.837715
18547629;-1.099547;37.250183;69.928909;91.961586
18549631;-0.785421;37.541531;70.153114;92.084534
18551626;-0.471287;37.832508;70.376640;92.206573
18553644;-0.157100;38.123154;70.599503;92.327721
18555636;0.157080;38.413418;70.821663;92.447952
18557630;0.471237;38.703285;71.043106;92.567261
18559627;0.785390;38.992767;71.263847;92.685661
18561628;1.099535;39.281868;71.483894;92.803139
18563640;1.256604;39.426270;71.593643;92.861542
18565611;1.727790;39.858902;71.921852;93.035355
18567607;2.041893;40.146828;72.139778;93.150085
18569607;2.355976;40.434361;72.356972;93.263893
18571605;2.670036;40.721493;72.573471;93.376793
18573603;2.984070;41.008221;72.789246;93.488762
18575647;3.298074;41.294544;73.004303;93.599808
18577630;3.612046;41.580467;73.218636;93.709930
18579627;3.925981;41.865971;73.432251;93.819130
18581628;4.239879;42.151066;73.645142;93.927399
18583625;4.553734;42.435749;73.857300;94.034752
18585640;4.867544;42.720005;74.068741;94.141167
18587617;5.181307;43.003841;74.279434;94.246658
18589604;5.495018;43.287258;74.489403;94.351212
18591613;5.808674;43.570244;74.698639;94.454834
18593600;6.122274;43.852798;74.907135;94.557533
18595608;6.435814;44.134926;75.114891;94.659302
18597645;6.749289;44.416611;75.321907;94.760124
18599637;7.062697;44.697861;75.528183;94.860016
18601625;7.376038;44.978668;75.733711;94.958969
18603627;7.689305;45.259033;75.938484;95.056992
18605627;8.002495;45.538948;76.142517;95.154068
18607644;8.315607;45.818420;76.345795;95.250214
18609605;8.628635;46.097435;76.548317;95.345413
18611604;8.941581;46.375996;76.750092;95.439682
18613609;9.254436;46.654102;76.951103;95.532997
18615609;9.567202;46.931747;77.151352;95.625374
18617605;9.879873;47.208923;77.350845;95.716805
18619643;10.192444;47.485638;77.549576;95.807289
18621627;10.504917;47.761883;77.747536;95.896828
18623627;10.817286;48.037659;77.944725;95.985428
18625629;11.129548;48.312958;78.141159;96.073067
18627628;11.441700;48.587780;78.336807;96.159775
18629645;11.753738;48.862122;78.531685;96.245522
18631615;12.065662;49.135986;78.725800;96.330322
18633605;12.377467;49.409359;78.919128;96.414169
18635608;12.689150;49.682247;79.111679;96.497063
18637609;13.000705;49.954647;79.303444;96.579018
18639610;13.312133;50.226551;79.494438;96.660004
18641644;13.623430;50.497963;79.684631;96.740051
18643630;13.934594;50.768875;79.874054;96.819138
18645623;14.245617;51.039284;80.062683;96.897255
18647628;14.556500;51.309193;80.250519;96.974434
18649624;14.867243;51.578594;80.437561;97.050652
18651646;15.177837;51.847481;80.623817;97.125908
18653631;15.488280;52.115856;80.809273;97.200203
18655629;15.798573;52.383728;80.993927;97.273544
18657625;16.108707;52.651070;81.177780;97.345917
18659630;16.418684;52.917896;81.360847;97.417336
18661726;16.728498;53.184204;81.543098;97.487793
18663629;17.038149;53.449989;81.724556;97.557289
18665632;17.347628;53.715240;81.905190;97.625824
18667626;17.656937;53.979958;82.085022;97.693382
18669629;17.966076;54.244156;82.264046;97.759995
18671626;18.275032;54.507805;82.442268;97.825630
18673640;18.583811;54.770924;82.619667;97.890305
18675612;18.892406;55.033501;82.796249;97.954010
18677607;19.200811;55.295532;82.972015;98.016754
18679610;19.509031;55.557018;83.146965;98.078522
18681604;19.817057;55.817963;83.321083;98.139336
18683711;20.124889;56.078350;83.494392;98.199173
18685636;20.432520;56.338184;83.666878;98.258041
18687629;20.739950;56.597466;83.838531;98.315933
18689625;21.047176;56.856186;84.009354;98.372864
18691629;21.354193;57.114346;84.179352;98.428818
18693627;21.660999;57.371937;84.348526;98.483810
18695643;21.967592;57.628967;84.516861;98.537819
18697631;22.273970;57.885426;84.684357;98.590866
18699626;22.580126;58.141315;84.851021;98.642929
18701623;22.886059;58.396633;85.016846;98.694023
18703626;23.191769;58.651375;85.181839;98.744141
18705647;23.497246;58.905529;85.345985;98.793282
18707616;23.802494;59.159111;85.509285;98.841454
18709608;24.107506;59.412106;85.671745;98.888649
18711610;24.412279;59.664513;85.833374;98.934868
18713607;24.716812;59.916328;85.994133;98.980110
18715611;25.021099;60.167564;86.154053;99.024376
18717644;25.325144;60.418194;86.313126;99.067665
18719625;25.628939;60.668236;86.471344;99.109978
18721625;25.932476;60.917675;86.628708;99.151306
18723625;26.235760;61.166512;86.785217;99.191658
18725629;26.538784;61.414749;86.940872;99.231033
18727646;26.841545;61.662369;87.095665;99.269424
18729609;27.144045;61.909389;87.249603;99.306847
18731608;27.446274;62.155807;87.402679;99.343285
18733603;27.748230;62.401592;87.554886;99.378738
18735602;28.049919;62.646782;87.706230;99.413216
18737605;28.351324;62.891342;87.856712;99.446701
18739649;28.652456;63.135277;88.006332;99.479218
18741629;28.953299;63.378597;88.155075;99.510742
18743623;29.253859;63.621288;88.302956;99.541298
18745636;29.554132;63.863350;88.449951;99.570862
18747627;29.854111;64.104782;88.596085;99.599434
18749646;30.153793;64.345589;88.741341;99.627037
18751607;30.453184;64.585754;88.885727;99.653656
18753605;30.752268;64.825279;89.029228;99.679283
18755609;31.051052;65.064171;89.171860;99.703941
18757604;31.349527;65.302414;89.313599;99.727592
18759607;31.647697;65.540016;89.454468;99.750282
18761645;31.945551;65.776970;89.594444;99.771973
18763614;32.243092;66.013275;89.733543;99.792686
18765606;32.540310;66.248932;89.871750;99.812408
18767604;32.837208;66.483925;90.009079;99.831161
18769609;33.133785;66.718277;90.145508;99.848907
18771639;33.430038;66.951965;90.281059;99.865677
18773608;33.725952;67.184982;90.415710;99.881454
18775604;34.021542;67.417351;90.549477;99.896263
18777611;34.316792;67.649040;90.682343;99.910065
18779606;34.611706;67.880074;90.814316;99.922905
18781604;34.906273;68.110428;90.945396;99.934746
18783649;35.200500;68.340126;91.075577;99.945602
18785634;35.494377;68.569130;91.204857;99.955460
18787629;35.787907;68.797470;91.333237;99.964348
18789633;36.081081;69.025124;91.460716;99.972244
18791624;36.373901;69.252098;91.587296;99.979149
18793646;36.666363;69.478394;91.712967;99.985077
18795612;36.958458;69.703995;91.837730;99.990013
18797614;37.250191;69.928917;91.961601;99.993950
18799612;37.541557;70.153137;92.084549;99.996918
18801602;37.832550;70.376678;92.206596;99.998894
18803642;38.123173;70.599518;92.327728;99.999878
18805605;38.413418;70.821655;92.447952;99.999878
18807610;38.703281;71.043106;92.567268;99.998894
18809607;38.992767;71.263847;92.685661;99.996910
18811611;39.281864;71.483887;92.803146;99.993958
18813608;39.570580;71.703224;92.919708;99.989998
18815644;39.858898;71.921852;93.035355;99.985069
18817633;40.146824;72.139763;93.150093;99.979149
18819629;40.434357;72.356972;93.263901;99.972237
18821628;40.721493;72.573463;93.376793;99.964340
18823626;41.008221;72.789238;93.488762;99.955460
18825641;41.294548;73.004303;93.599808;99.945602
18827606;41.580467;73.218628;93.709930;99.934731
18829607;41.865971;73.432251;93.819130;99.922897
18831603;42.151066;73.645142;93.927406;99.910072
18833606;42.435749;73.857300;94.034752;99.896263
18835665;42.720005;74.068733;94.141167;99.881462
18837639;43.003841;74.279427;94.246651;99.865677
18839629;43.287258;74.489403;94.351212;99.848907
18841633;43.570240;74.698639;94.454834;99.831154
18843627;43.852798;74.907135;94.557533;99.812408
18845626;44.134922;75.114891;94.659294;99.792686
18847646;44.416611;75.321907;94.760117;99.771965
18849608;44.697861;75.528175;94.860016;99.750275
18851603;44.978668;75.733704;94.958969;99.727592
18853598;45.259033;75.938484;95.056984;99.703926
18855606;45.538948;76.142517;95.154068;99.679283
18857659;45.818417;76.345787;95.250214;99.653648
18859640;46.097435;76.548317;95.345413;99.627029
18861633;46.375996;76.750092;95.439674;99.599434
18863621;46.654099;76.951096;95.532990;99.570847
18865626;46.931744;77.151352;95.625366;99.541290
18867624;47.208927;77.350845;95.716797;99.510735
18869644;47.485634;77.549568;95.807281;99.479210
18871607;47.761883;77.747536;95.896820;99.446693
18873606;48.037659;77.944733;95.985428;99.413208
18875605;48.312958;78.141151;96.073067;99.378731
18877607;48.587780;78.336807;96.159767;99.343277
18879612;48.862122;78.531685;96.245514;99.306839
18881644;49.135986;78.725792;96.330322;99.269424
18883625;49.409363;78.919128;96.414169;99.231026
18885630;49.682243;79.111671;96.497070;99.191658
18887627;49.954647;79.303444;96.579010;99.151299
18889623;50.226551;79.494431;96.660004;99.109970
18891650;50.497963;79.684631;96.740044;99.067657
18893612;50.768871;79.874054;96.819130;99.024368
18895606;51.039284;80.062675;96.897255;98.980103
18897610;51.309193;80.250511;96.974434;98.934868
18899608;51.578583;80.437553;97.050636;98.888649
18901604;51.847477;80.623802;97.125900;98.841446
18903639;52.115856;80.809265;97.200203;98.793282
18905634;52.383720;80.993927;97.273544;98.744133
18907628;52.651070;81.177780;97.345909;98.694016
18909624;52.917896;81.360840;97.417328;98.642914
18911628;53.184204;81.543098;97.487793;98.590858
18913649;53.449982;81.724541;97.557281;98.537811
18915613;53.715237;81.905190;97.625816;98.483803
18917609;53.979958;82.085022;97.693382;98.428818
18919600;54.244156;82.264046;97.759995;98.372856
18921607;54.507809;82.442261;97.825623;98.315933
18923731;54.770924;82.619652;97.890305;98.258034
18925633;55.033501;82.796242;97.954010;98.199165
18927629;55.295532;82.972008;98.016754;98.139336
18929628;55.557018;83.146957;98.078522;98.078522
18931625;55.817963;83.321083;98.139336;98.016754
18933626;56.078350;83.494392;98.199165;97.954010
18935647;56.338184;83.666870;98.258041;97.890305
18937611;56.597466;83.838524;98.315933;97.825623
18939613;56.856178;84.009346;98.372864;97.759995
18941609;57.114338;84.179344;98.428810;97.693382
18943608;57.371937;84.348518;98.483803;97.625816
18945717;57.628967;84.516846;98.537811;97.557281
18947632;57.885426;84.684349;98.590858;97.487793
18949627;58.141319;84.851021;98.642921;97.417328
18951624;58.396633;85.016838;98.694016;97.345909
18953628;58.651371;85.181831;98.744133;97.273544
18955632;58.905529;85.345978;98.793282;97.200203
18957646;59.159111;85.509285;98.841461;97.125900
18959633;59.412106;85.671745;98.888649;97.050644
18961627;59.664516;85.833366;98.934868;96.974426
18963624;59.916336;85.994133;98.980103;96.897263
18965627;60.167557;86.154053;99.024368;96.819130
18967647;60.418190;86.313118;99.067665;96.740051
18969610;60.668228;86.471336;99.109970;96.660004
18971605;60.917671;86.628708;99.151299;96.579018
18973607;61.166508;86.785217;99.191658;96.497070
18975610;61.414749;86.940872;99.231041;96.414169
18977607;61.662376;87.095665;99.269432;96.330330
18979646;61.909389;87.249596;99.306847;96.245529
18981629;62.155800;87.402664;99.343277;96.159775
18983630;62.401592;87.554878;99.378738;96.073082
18985632;62.646778;87.706230;99.413216;95.985428
18987624;62.891342;87.856712;99.446701;95.896828
18989644;63.135277;88.006332;99.479210;95.807289
18991611;63.378597;88.155075;99.510742;95.716805
18993606;63.621284;88.302948;99.541290;95.625374
18995608;63.863350;88.449951;99.570862;95.533005
18997604;64.104782;88.596085;99.599442;95.439682
18999610;64.345589;88.741341;99.627045;95.345421
19001642;64.585754;88.885727;99.653648;95.250214
19003630;64.825279;89.029228;99.679283;95.154076
19005630;65.064171;89.171852;99.703934;95.056984
19007632;65.302414;89.313599;99.727600;94.958977
19009625;65.540009;89.454460;99.750282;94.860023
19011647;65.776978;89.594444;99.771973;94.760124
19013608;66.013275;89.733543;99.792686;94.659294
19015611;66.248932;89.871750;99.812408;94.557533
19017606;66.483932;90.009071;99.831154;94.454834
19019610;66.718277;90.145515;99.848915;94.351219
19021610;66.951958;90.281044;99.865677;94.246658
19023643;67.184982;90.415703;99.881462;94.141174
19025635;67.417351;90.549477;99.896263;94.034752
19027630;67.649040;90.682343;99.910080;93.927406
19029633;67.880074;90.814316;99.922905;93.819138
19031628;68.110428;90.945396;99.934746;93.709930
19033644;68.340118;91.075569;99.945595;93.599808
19035635;68.569130;91.204857;99.955467;93.488762
19037626;68.797462;91.333229;99.964348;93.376793
19039628;69.025124;91.460716;99.972237;93.263901
19041628;69.252098;91.587288;99.979149;93.150093
19043699;69.478394;91.712967;99.985077;93.035355
19045636;69.703995;91.837730;99.990013;92.919708
19047629;69.928909;91.961586;99.993958;92.803146
19049624;70.153137;92.084541;99.996910;92.685661
19051629;70.376678;92.206589;99.998894;92.567268
19053626;70.599518;92.327728;99.999878;92.447952
19055644;70.821655;92.447945;99.999870;92.327728
19057629;71.043106;92.567253;99.998878;92.206589
19059630;71.263847;92.685661;99.996910;92.084541
19061624;71.483887;92.803131;99.993950;91.961586
19063629;71.703224;92.919701;99.990013;91.837730
19065645;71.921852;93.035355;99.985077;91.712967
19067617;72.139778;93.150093;99.979149;91.587288
19069616;72.356972;93.263893;99.972237;91.460709
19071609;72.573471;93.376793;99.964348;91.333237
19073608;72.789238;93.488762;99.955460;91.204849
19075658;73.004303;93.599808;99.945602;91.075577
19077642;73.218636;93.709930;99.934746;90.945396
19079625;73.432251;93.819138;99.922905;90.814316
19081626;73.645142;93.927399;99.910072;90.682343
19083623;73.857300;94.034752;99.896263;90.549484
19085629;74.068741;94.141174;99.881462;90.415703
19087647;74.279442;94.246658;99.865685;90.281059
19089630;74.489403;94.351212;99.848915;90.145515
19091626;74.698639;94.454834;99.831154;90.009071
19093626;74.907135;94.557533;99.812408;89.871750
19095631;75.114891;94.659302;99.792686;89.733543
19097647;75.321915;94.760124;99.771973;89.594444
19099608;75.528183;94.860016;99.750282;89.454460
19101612;75.733711;94.958969;99.727600;89.313599
19103608;75.938484;95.056984;99.703934;89.171852
19105612;76.142517;95.154068;99.679291;89.029236
19107607;76.345795;95.250214;99.653656;88.885727
19109641;76.548325;95.345421;99.627045;88.741341
19111632;76.750092;95.439674;99.599442;88.596085
19113623;76.951103;95.532997;99.570862;88.449951
19115625;77.151352;95.625374;99.541290;88.302956
19117628;77.350845;95.716797;99.510735;88.155067
19119643;77.549568;95.807281;99.479210;88.006332
19121605;77.747536;95.896828;99.446701;87.856720
19123607;77.944733;95.985428;99.413208;87.706230
19125610;78.141159;96.073074;99.378738;87.554886
19127606;78.336807;96.159767;99.343285;87.402679
19129605;78.531693;96.245529;99.306847;87.249603
19131638;78.725800;96.330322;99.269424;87.095665
19133630;78.919128;96.414169;99.231033;86.940872
19135632;79.111679;96.497070;99.191650;86.785217
19137627;79.303452;96.579018;99.151306;86.628708
19139621;79.494438;96.660011;99.109970;86.471344
19141640;79.684631;96.740044;99.067665;86.313126
19143607;79.874054;96.819130;99.024376;86.154053
19145606;80.062675;96.897255;98.980110;85.994133
19147606;80.250511;96.974426;98.934868;85.833366
19149607;80.437561;97.050652;98.888649;85.671753
19151603;80.623810;97.125900;98.841454;85.509285
19153644;80.809273;97.200203;98.793282;85.345978
19155636;80.993927;97.273544;98.744141;85.181831
19157629;81.177780;97.345917;98.694016;85.016846
19159629;81.360840;97.417328;98.642921;84.851021
19161627;81.543091;97.487785;98.590851;84.684357
19163641;81.724548;97.557289;98.537811;84.516861
19165606;81.905190;97.625816;98.483803;84.348518
19167611;82.085022;97.693382;98.428818;84.179344
19169609;82.264038;97.759987;98.372856;84.009346
19171608;82.442261;97.825623;98.315933;83.838524
19173604;82.619659;97.890305;98.258034;83.666870
19175643;82.796242;97.954010;98.199165;83.494392
19177629;82.972015;98.016754;98.139336;83.321083
19179626;83.146957;98.078522;98.078522;83.146957
19181624;83.321083;98.139328;98.016754;82.972015
19183628;83.494392;98.199165;97.954010;82.796249
19185648;83.666870;98.258034;97.890305;82.619659
19187608;83.838524;98.315933;97.825623;82.442261
19189606;84.009354;98.372856;97.759995;82.264046
19191607;84.179352;98.428818;97.693390;82.085022
19193609;84.348526;98.483803;97.625816;81.905190
19195610;84.516853;98.537811;97.557281;81.724548
19197645;84.684349;98.590851;97.487793;81.543098
19199631;84.851013;98.642914;97.417328;81.360840
19201629;85.016846;98.694016;97.345909;81.177780
19203625;85.181831;98.744133;97.273544;80.993935
19205627;85.345985;98.793282;97.200203;80.809273
19207644;85.509285;98.841446;97.125900;80.623802
19209612;85.671745;98.888649;97.050644;80.437561
19211610;85.833366;98.934868;96.974434;80.250511
19213610;85.994133;98.980103;96.897255;80.062675
19215604;86.154045;99.024368;96.819130;79.874062
19217609;86.313118;99.067657;96.740044;79.684639
19219649;86.471336;99.109962;96.660004;79.494438
19221627;86.628700;99.151299;96.579018;79.303452
19223624;86.785210;99.191650;96.497070;79.111679
19225627;86.940865;99.231026;96.414169;78.919128
19227623;87.095657;99.269424;96.330330;78.725800
19229651;87.249596;99.306839;96.245514;78.531693
19231636;87.402672;99.343277;96.159767;78.336807
19233634;87.554886;99.378731;96.073082;78.141159
19235633;87.706230;99.413208;95.985428;77.944733
19237626;87.856712;99.446693;95.896820;77.747536
19239622;88.006325;99.479210;95.807289;77.549576
19241645;88.155075;99.510735;95.716797;77.350845
19243606;88.302948;99.541290;95.625366;77.151360
19245609;88.449944;99.570847;95.532990;76.951111
19247604;88.596085;99.599434;95.439682;76.750092
19249604;88.741341;99.627029;95.345413;76.548317
19251663;88.885719;99.653641;95.250214;76.345802
19253638;89.029221;99.679276;95.154068;76.142517
19255633;89.171852;99.703926;95.056984;75.938484
19257628;89.313599;99.727592;94.958977;75.733711
19259632;89.454460;99.750275;94.860016;75.528183
19261629;89.594444;99.771965;94.760117;75.321907
19263638;89.733536;99.792686;94.659294;75.114891
19265613;89.871750;99.812408;94.557533;74.907135
19267604;90.009079;99.831154;94.454834;74.698639
19269614;90.145508;99.848907;94.351219;74.489418
19271610;90.281052;99.865677;94.246658;74.279442
19273717;90.415710;99.881454;94.141174;74.068741
19275637;90.549469;99.896263;94.034752;73.857307
19277629;90.682343;99.910072;93.927406;73.645142
19279624;90.814316;99.922897;93.819130;73.432251
19281626;90.945389;99.934738;93.709930;73.218643
19283622;91.075569;99.945595;93.599808;73.004303
19285647;91.204857;99.955460;93.488762;72.789238
19287609;91.333237;99.964348;93.376793;72.573471
19289605;91.460716;99.972237;93.263901;72.356972
19291608;91.587296;99.979149;93.150093;72.139763
19293605;91.712967;99.985069;93.035355;71.921852
19295649;91.837730;99.989998;92.919708;71.703224
19297609;91.961594;99.993958;92.803146;71.483902
19299607;92.084541;99.996910;92.685661;71.263863
19301606;92.206589;99.998894;92.567268;71.043106
19303606;92.327728;99.999878;92.447952;70.821671
19305611;92.447952;99.999878;92.327736;70.599525
19307643;92.567261;99.998894;92.206596;70.376678
19309633;92.685661;99.996918;92.084549;70.153152
19311626;92.803139;99.993950;91.961601;69.928917
19313623;92.861542;99.992111;91.899780;69.816544
19315631;93.035355;99.985077;91.712967;69.478394
19317645;93.150093;99.979156;91.587296;69.252106
19319612;93.263908;99.972244;91.460716;69.025124
19321605;93.376793;99.964348;91.333237;68.797470
19323610;93.488762;99.955460;91.204857;68.569138
19325605;93.599808;99.945595;91.075577;68.340126
19327600;93.709930;99.934746;90.945404;68.110443
19329643;93.819130;99.922905;90.814323;67.880081
19331630;93.927406;99.910072;90.682343;67.649048
19333627;94.034752;99.896263;90.549484;67.417358
19335629;94.141167;99.881462;90.415718;67.184990
19337627;94.246658;99.865685;90.281059;66.951965
19339643;94.351212;99.848907;90.145515;66.718277
19341631;94.454842;99.831154;90.009079;66.483940
19343623;94.557541;99.812408;89.871750;66.248932
19345631;94.659302;99.792686;89.733543;66.013283
19347621;94.760132;99.771973;89.594444;65.776978
19349736;94.860016;99.750282;89.454468;65.540024
19351634;94.958969;99.727592;89.313606;65.302429
19353631;95.056992;99.703941;89.171860;65.064178
19355630;95.154076;99.679291;89.029236;64.825287
19357623;95.250214;99.653656;88.885727;64.585762
19359625;95.345421;99.627045;88.741348;64.345596
19361642;95.439682;99.599434;88.596085;64.104790
19363607;95.532997;99.570862;88.449966;63.863361
19365604;95.625374;99.541290;88.302956;63.621296
19367604;95.716805;99.510742;88.155075;63.378597
19369604;95.807289;99.479218;88.006332;63.135292
19371656;95.896835;99.446701;87.856720;62.891342
19373643;95.985428;99.413216;87.706230;62.646782
19375629;96.073074;99.378731;87.554893;62.401604
19377631;96.159775;99.343285;87.402687;62.155811
19379623;96.245529;99.306854;87.249603;61.909401
19381626;96.330322;99.269432;87.095680;61.662388
19383642;96.414169;99.231033;86.940872;61.414753
19385606;96.497070;99.191658;86.785217;61.166512
19387605;96.579018;99.151306;86.628708;60.917683
19389607;96.660011;99.109978;86.471352;60.668243
19391605;96.740051;99.067665;86.313126;60.418201
19393656;96.819130;99.024376;86.154060;60.167576
19395648;96.897263;98.980110;85.994133;59.916336
19397630;96.974442;98.934868;85.833374;59.664513
19399629;97.050652;98.888657;85.671753;59.412109
19401624;97.125908;98.841454;85.509285;59.159111
19403628;97.200203;98.793289;85.345993;58.905540
19405644;97.273544;98.744141;85.181847;58.651386
19407610;97.345917;98.694023;85.016853;58.396645
19409608;97.417343;98.642929;84.851028;58.141327
19411608;97.487793;98.590858;84.684357;57.885437
19413604;97.557297;98.537827;84.516861;57.628979
19415645;97.625824;98.483803;84.348526;57.371937
19417611;97.693390;98.428818;84.179352;57.114349
19419607;97.759995;98.372864;84.009361;56.856190
19421604;97.825638;98.315933;83.838531;56.597466
19423609;97.890305;98.258034;83.666870;56.338192
19425616;97.954018;98.199173;83.494392;56.078350
19427644;98.016754;98.139336;83.321083;55.817963
19429626;98.078529;98.078529;83.146965;55.557026
19431629;98.139336;98.016754;82.972023;55.295544
19433624;98.199173;97.954010;82.796249;55.033504
19435631;98.258034;97.890305;82.619667;54.770935
19437644;98.315933;97.825638;82.442268;54.507816
19439611;98.372864;97.759995;82.264053;54.244156
19441608;98.428818;97.693390;82.085037;53.979969
19443600;98.483810;97.625824;81.905197;53.715240
19445612;98.537819;97.557289;81.724556;53.449989
19447602;98.590858;97.487793;81.543098;53.184212
19449640;98.642929;97.417336;81.360847;52.917896
19451626;98.694023;97.345917;81.177780;52.651070
19453625;98.744141;97.273544;80.993935;52.383732
19455628;98.793289;97.200203;80.809273;52.115856
19457624;98.817490;97.163170;80.716637;51.981728
19459642;98.888649;97.050652;80.437569;51.578598
19461605;98.934868;96.974442;80.250526;51.309196
19463606;98.980110;96.897263;80.062691;51.039295
19465607;99.024376;96.819138;79.874054;50.768883
19467605;99.067665;96.740051;79.684639;50.497967
19469603;99.109970;96.660004;79.494438;50.226562
19471647;99.151306;96.579018;79.303452;49.954655
19473632;99.191658;96.497070;79.111679;49.682251
19475632;99.231033;96.414169;78.919128;49.409370
19477628;99.269432;96.330330;78.725800;49.135990
19479627;99.306847;96.245522;78.531693;48.862122
19481644;99.343285;96.159775;78.336815;48.587788
19483607;99.378738;96.073067;78.141159;48.312958
19485605;99.413208;95.985428;77.944733;48.037666
19487602;99.446701;95.896835;77.747551;47.761898
19489606;99.479218;95.807297;77.549583;47.485649
19491606;99.510742;95.716797;77.350845;47.208931
19493645;99.541290;95.625374;77.151367;46.931755
19495629;99.570862;95.533005;76.951111;46.654110
19497624;99.599442;95.439682;76.750092;46.376003
19499626;99.627037;95.345413;76.548325;46.097446
19501630;99.653656;95.250214;76.345802;45.818428
19503641;99.679283;95.154068;76.142517;45.538952
19505607;99.703934;95.056992;75.938492;45.259041
19507607;99.727600;94.958977;75.733719;44.978672
19509611;99.750282;94.860016;75.528183;44.697861
19511610;99.771973;94.760132;75.321922;44.416626
19513607;99.792686;94.659302;75.114899;44.134937
19515646;99.812408;94.557541;74.907143;43.852806
19517632;99.831154;94.454842;74.698647;43.570255
19519628;99.848907;94.351219;74.489418;43.287266
19521625;99.865685;94.246658;74.279442;43.003849
19523627;99.881462;94.141174;74.068741;42.720016
19525646;99.896263;94.034752;73.857307;42.435753
19527618;99.910072;93.927399;73.645142;42.151070
19529609;99.922905;93.819138;73.432251;41.865982
19531606;99.934746;93.709930;73.218643;41.580467
19533614;99.945602;93.599808;73.004303;41.294544
19535646;99.955467;93.488770;72.789246;41.008228
19537619;99.964348;93.376793;72.573471;40.721493
19539610;99.972244;93.263901;72.356979;40.434368
19541605;99.979149;93.150093;72.139778;40.146843
19543608;99.985077;93.035362;71.921860;39.858913
19545605;99.990005;92.919708;71.703224;39.570583
19547644;99.993958;92.803146;71.483902;39.281879
19549609;99.996918;92.685661;71.263855;38.992775
19551605;99.998894;92.567261;71.043106;38.703289
19553610;99.999878;92.447952;70.821671;38.413425
19555609;99.999878;92.327728;70.599518;38.123177
19557603;99.998894;92.206589;70.376678;37.832554
19559648;99.996918;92.084549;70.153145;37.541561
19561631;99.993958;91.961594;69.928917;37.250195
19563626;99.990005;91.837730;69.703987;36.958454
19565632;99.985077;91.712975;69.478401;36.666378
19567628;99.979149;91.587296;69.252106;36.373913
19569639;99.972244;91.460709;69.025131;36.081089
19571609;99.964348;91.333237;68.797478;35.787918
19573605;99.955467;91.204857;68.569138;35.494389
19575610;99.945602;91.075577;68.340126;35.200504
19577608;99.934746;90.945396;68.110443;34.906284
19579606;99.922905;90.814316;67.880074;34.611710
19581650;99.910072;90.682335;67.649040;34.316792
19583633;99.896263;90.549477;67.417358;34.021549
19585630;99.881462;90.415710;67.184990;33.725960
19587631;99.865685;90.281052;66.951958;33.430035
19589627;99.848907;90.145508;66.718277;33.133793
19591639;99.831154;90.009071;66.483925;32.837212
19593602;99.812408;89.871750;66.248932;32.540318
19595604;99.792686;89.733543;66.013290;32.243107
19597605;99.771973;89.594444;65.776978;31.945559
19599607;99.750282;89.454460;65.540024;31.647699
19601642;99.727600;89.313599;65.302429;31.349541
19603606;99.703941;89.171860;65.064171;31.051058
19605605;99.679283;89.029236;64.825287;30.752283
19607603;99.653656;88.885727;64.585754;30.453194
19609604;99.627037;88.741341;64.345589;30.153799
19611606;99.599442;88.596092;64.104790;29.854122
19613640;99.570862;88.449959;63.863361;29.554138
19615634;99.541298;88.302956;63.621288;29.253864
19617624;99.510750;88.155075;63.378609;28.953308
19619624;99.479218;88.006332;63.135292;28.652472
19621630;99.446701;87.856712;62.891346;28.351337
19623640;99.413208;87.706238;62.646790;28.049934
19625611;99.378738;87.554893;62.401611;27.748247
19627608;99.343285;87.402679;62.155807;27.446281
19629606;99.306847;87.249603;61.909401;27.144056
19631608;99.269432;87.095665;61.662380;26.841557
19633606;99.231033;86.940865;61.414749;26.538790
19635649;99.191666;86.785217;61.166527;26.235771
19637630;99.151306;86.628708;60.917675;25.932486
19639622;99.109978;86.471344;60.668236;25.628942
19641620;99.067673;86.313133;60.418205;25.325155
19643623;99.024376;86.154060;60.167564;25.021107
19645647;98.980110;85.994133;59.916336;24.716812
19647608;98.934868;85.833374;59.664528;24.412298
19649608;98.888657;85.671761;59.412121;24.107521
19651602;98.841461;85.509293;59.159119;23.802502
19653601;98.793289;85.345993;58.905548;23.497263
19655612;98.744141;85.181839;58.651382;23.191778
19657646;98.694023;85.016853;58.396637;22.886066
19659631;98.642929;84.851028;58.141327;22.580139
19661628;98.590866;84.684357;57.885437;22.273979
19663624;98.537819;84.516853;57.628979;21.967598
19665628;98.483810;84.348526;57.371948;21.661011
19667642;98.428818;84.179352;57.114349;21.354198
19669611;98.372864;84.009354;56.856186;21.047176
19671607;98.315941;83.838531;56.597473;20.739960
19673609;98.258041;83.666878;56.338203;20.432535
19675609;98.199173;83.494400;56.078362;20.124899
19677609;98.139343;83.321091;55.817978;19.817076
19679644;98.078529;83.146965;55.557037;19.509043
19681634;98.016754;82.972015;55.295540;19.200819
19683626;97.954018;82.796249;55.033512;18.892420
19685625;97.890312;82.619675;54.770935;18.583820
19687626;97.825638;82.442268;54.507809;18.275038
19689642;97.759995;82.264061;54.244160;17.966084
19691618;97.693398;82.085030;53.979969;17.656946
19693613;97.625824;81.905190;53.715240;17.347631
19695607;97.557297;81.724556;53.449993;17.038157
19697605;97.487801;81.543106;53.184212;16.728502
19699608;97.417343;81.360847;52.917896;16.418684
19701645;97.345932;81.177803;52.651089;16.108727
19703629;97.273544;80.993935;52.383732;15.798587
19705633;97.200211;80.809280;52.115868;15.488293
19707623;97.125916;80.623833;51.847492;15.177852
19709627;97.050652;80.437569;51.578606;14.867256
19711645;96.974442;80.250519;51.309196;14.556509
19713605;96.897270;80.062691;51.039295;14.245632
19715614;96.819138;79.874054;50.768883;13.934604
19717605;96.740051;79.684639;50.497974;13.623433
19719606;96.660019;79.494446;50.226562;13.312146
19721606;96.579018;79.303452;49.954651;13.000711
19723648;96.497078;79.111679;49.682255;12.689151
19725635;96.414177;78.919128;49.409370;12.377477
19727627;96.330330;78.725807;49.136002;12.065679
19729628;96.245529;78.531693;48.862129;11.753750
19731628;96.159782;78.336823;48.587799;11.441719
19733642;96.073082;78.141167;48.312969;11.129564
19735621;95.985428;77.944740;48.037663;10.817292
19737604;95.896843;77.747551;47.761902;10.504937
19739609;95.807297;77.549583;47.485649;10.192453
19741605;95.716812;77.350853;47.208931;9.879878
19743607;95.625374;77.151367;46.931755;9.567216
19745646;95.533005;76.951111;46.654110;9.254447
19747636;95.439682;76.750092;46.375999;8.941585
19749630;95.345428;76.548325;46.097450;8.628649
19751626;95.250221;76.345795;45.818424;8.315611
19753627;95.154076;76.142517;45.538948;8.002493
19755645;95.057007;75.938499;45.259052;7.689324
19757632;94.958984;75.733719;44.978683;7.376051
19759625;94.860031;75.528191;44.697880;7.062718
19761627;94.760132;75.321922;44.416626;6.749305
19763630;94.659302;75.114891;44.134933;6.435823
19765645;94.557549;74.907150;43.852814;6.122294
19767611;94.454849;74.698654;43.570255;5.808687
19769611;94.351219;74.489410;43.287266;5.495027
19771603;94.246666;74.279442;43.003860;5.181322
19773599;94.141174;74.068741;42.720016;4.867554
19775611;94.034752;73.857307;42.435749;4.553738
19777643;93.927414;73.645142;42.151081;4.239890
19779627;93.819138;73.432251;41.865982;3.925988
19781626;93.709938;73.218643;41.580475;3.612062
19783624;93.599823;73.004318;41.294567;3.298098
19785630;93.488770;72.789253;41.008232;2.984086
19787646;93.376801;72.573471;40.721504;2.670047
19789611;93.263916;72.356995;40.434380;2.355993
19791608;93.150101;72.139778;40.146843;2.041909
19793605;93.035362;71.921860;39.858910;1.727799
19795609;92.919716;71.703239;39.570595;1.413685
19797722;92.803146;71.483894;39.281879;1.099548
19799636;92.685661;71.263855;38.992779;0.785396
19801632;92.567268;71.043114;38.703297;0.471249
19803629;92.447952;70.821671;38.413422;0.157088
19805631;92.327728;70.599518;38.123169;-0.157079
19807627;92.206596;70.376678;37.832565;-0.471225
19809646;92.084557;70.153152;37.541576;-0.785372
19811603;91.961601;69.928917;37.250202;-1.099524
19813607;91.837738;69.704002;36.958473;-1.413652
19815606;91.712967;69.478401;36.666370;-1.727778
19817605;91.587296;69.252098;36.373909;-2.041888
19819649;91.460724;69.025131;36.081093;-2.355960
19821612;91.333237;68.797470;35.787918;-2.670026
19823604;91.204857;68.569138;35.494385;-2.984062
19825605;91.075584;68.340126;35.200516;-3.298059
19827603;90.945396;68.110435;34.906284;-3.612036
19829607;90.814323;67.880081;34.611717;-3.925967
19831645;90.682343;67.649048;34.316799;-4.239866
19833629;90.549477;67.417351;34.021545;-4.553729
19835629;90.415726;67.185005;33.725979;-4.867521
19837626;90.281067;66.951981;33.430054;-5.181289
19839627;90.145515;66.718285;33.133801;-5.495003
19841647;90.009079;66.483940;32.837219;-5.808663
19843610;89.871750;66.248932;32.540314;-6.122270
19845606;89.733551;66.013298;32.243111;-6.435788
19847605;89.594452;65.776978;31.945572;-6.749269
19849607;89.454468;65.540024;31.647703;-7.062685
19851610;89.313599;65.302422;31.349533;-7.376030
19853646;89.171860;65.064171;31.051058;-7.689300
19855633;89.029228;64.825279;30.752266;-8.002496
19857628;88.885727;64.585754;30.453199;-8.315590
19859628;88.741348;64.345589;30.153811;-8.628622
19861627;88.596085;64.104782;29.854118;-8.941573
19863642;88.449951;63.863350;29.554129;-9.254435
19865607;88.302948;63.621284;29.253853;-9.567207
19867603;88.155067;63.378586;28.953289;-9.879878
19869611;88.006332;63.135292;28.652468;-10.192433
19871608;87.856712;62.891342;28.351330;-10.504913
19873613;87.706230;62.646770;28.049923;-10.817286
19875647;87.554893;62.401604;27.748245;-11.129531
19877630;87.402679;62.155807;27.446285;-11.441689
19879628;87.249603;61.909397;27.144051;-11.753732
19881631;87.095680;61.662395;26.841576;-12.065638
19883625;86.940880;61.414761;26.538801;-12.377444
19885647;86.785217;61.166527;26.235771;-12.689129
19887617;86.628708;60.917675;25.932486;-13.000694
19889614;86.471344;60.668236;25.628942;-13.312128
19891606;86.313126;60.418194;25.325144;-13.623428
19893607;86.154068;60.167580;25.021128;-13.934567
19895662;85.994141;59.916340;24.716827;-14.245600
19897648;85.833374;59.664524;24.412289;-14.556492
19899630;85.671753;59.412109;24.107510;-14.867234
19901626;85.509285;59.159107;23.802494;-15.177831
19903625;85.345985;58.905529;23.497244;-15.488285
19905628;85.181847;58.651382;23.191782;-15.798557
19907644;85.016853;58.396637;22.886074;-16.108694
19909608;84.851021;58.141315;22.580132;-16.418678
19911606;84.684357;57.885426;22.273970;-16.728500
19913613;84.516853;57.628967;21.967587;-17.038149
19915610;84.348511;57.371925;21.660990;-17.347639
19917610;84.179352;57.114349;21.354202;-17.656929
19919643;84.009354;56.856186;21.047180;-17.966068
19921632;83.838524;56.597458;20.739946;-18.275034
19923629;83.666870;56.338181;20.432510;-18.583817
19925633;83.494385;56.078339;20.124876;-18.892420
19927626;83.321075;55.817951;19.817043;-19.200825
19929632;83.146980;55.557041;19.509060;-19.509003
19931612;82.972023;55.295555;19.200834;-19.817036
19933604;82.796249;55.033512;18.892422;-20.124868
19935603;82.619667;54.770927;18.583822;-20.432508
19937606;82.442268;54.507809;18.275034;-20.739946
19939662;82.264053;54.244156;17.966084;-21.047167
19941639;82.085037;53.979977;17.656958;-21.354176
19943628;81.905197;53.715248;17.347639;-21.660986
19945632;81.724556;53.449993;17.038158;-21.967581
19947628;81.543098;53.184204;16.728508;-22.273960
19949623;81.360847;52.917904;16.418692;-22.580120
19951644;81.177780;52.651070;16.108707;-22.886055
19953611;80.993942;52.383739;15.798590;-23.191748
19955604;80.809280;52.115868;15.488291;-23.497232
19957605;80.623817;51.847481;15.177846;-23.802486
19959602;80.437561;51.578594;14.867247;-24.107504
19961611;80.250511;51.309185;14.556500;-24.412281
19963645;80.062675;51.039280;14.245611;-24.716818
19965630;79.874062;50.768883;13.934607;-25.021086
19967627;79.684647;50.497967;13.623444;-25.325130
19969628;79.494438;50.226559;13.312138;-25.628931
19971627;79.303452;49.954651;13.000709;-25.932472
19973647;79.111679;49.682247;12.689143;-26.235767
19975613;78.919128;49.409355;12.377459;-26.538790
19977603;78.725800;49.135990;12.065670;-26.841539
19979606;78.531693;48.862125;11.753738;-27.144041
19981603;78.336807;48.587776;11.441699;-27.446276
19983606;78.141167;48.312969;11.129564;-27.748220
19985644;77.944740;48.037666;10.817305;-28.049904
19987633;77.747559;47.761913;10.504950;-28.351295
19989626;77.549591;47.485664;10.192474;-28.652430
19991624;77.350861;47.208942;9.879899;-28.953281
19993625;77.151367;46.931763;9.567219;-29.253843
19995645;76.951111;46.654110;9.254450;-29.554123
19997605;76.750099;46.376003;8.941591;-29.854103
19999609;76.548340;46.097458;8.628660;-30.153769
20001603;76.345810;45.818439;8.315629;-30.453163
20003606;76.142532;45.538967;8.002514;-30.752251
20005722;75.938499;45.259048;7.689318;-31.051041
20007636;75.733719;44.978672;7.376045;-31.349522
20009627;75.528183;44.697861;7.062700;-31.647694
20011626;75.321922;44.416630;6.749311;-31.945530
20013626;75.114906;44.134937;6.435833;-32.243073
20015632;74.907150;43.852814;6.122288;-32.540302
20017647;74.698647;43.570251;5.808684;-32.837200
20019609;74.489410;43.287258;5.495015;-33.133793
20021612;74.279442;43.003845;5.181307;-33.430038
20023607;74.068748;42.720020;4.867559;-33.725941
20025608;73.857307;42.435757;4.553741;-34.021534
20027664;73.645142;42.151070;4.239884;-34.316788
20029641;73.432251;41.865974;3.925982;-34.611702
20031629;73.218636;41.580463;3.612041;-34.906273
20033629;73.004295;41.294533;3.298062;-35.200508
20035626;72.789253;41.008232;2.984083;-35.494370
20037626;72.573486;40.721516;2.670064;-35.787880
20039647;72.356995;40.434380;2.356002;-36.081059
20041615;72.139786;40.146847;2.041912;-36.373882
20043604;71.921860;39.858906;1.727802;-36.666351
20045608;71.703232;39.570583;1.413676;-36.958447
20047603;71.483910;39.281891;1.099563;-37.250168
20049609;71.263863;38.992779;0.785410;-37.541538
20051644;71.043121;38.703300;0.471258;-37.832535
20053631;70.821671;38.413425;0.157091;-38.123165
20055629;70.599525;38.123184;-0.157067;-38.413410
20057627;70.376678;37.832554;-0.471228;-38.703274
20059628;70.153160;37.541576;-0.785363;-38.992744
20061646;69.928932;37.250214;-1.099509;-39.281845
20063607;69.816551;37.104378;-1.256594;-39.426266
20065606;69.478401;36.666367;-1.727784;-39.858891
20067612;69.252106;36.373905;-2.041888;-40.146820
20069605;69.025124;36.081081;-2.355978;-40.434353
20071664;68.797478;35.787922;-2.670020;-40.721478
20073643;68.569145;35.494389;-2.984056;-41.008205
20075632;68.340126;35.200508;-3.298062;-41.294533
20077625;68.110435;34.906273;-3.612041;-41.580463
20079627;67.880074;34.611702;-3.925982;-41.865974
20081628;67.649040;34.316788;-4.239884;-42.151070
20083648;67.417358;34.021557;-4.553723;-42.435734
20085611;67.184998;33.725964;-4.867533;-42.719997
20087611;66.951965;33.430038;-5.181307;-43.003845
20089608;66.718277;33.133793;-5.495015;-43.287258
20091608;66.483948;32.837227;-5.808661;-43.570225
20093604;66.248940;32.540318;-6.122264;-43.852795
20095644;66.013298;32.243118;-6.435785;-44.134895
20097630;65.776993;31.945578;-6.749269;-44.416592
20099624;65.540031;31.647718;-7.062676;-44.697842
20101622;65.302429;31.349546;-7.376018;-44.978653
20103627;65.064178;31.051064;-7.689291;-45.259022
20105646;64.825287;30.752274;-8.002490;-45.538948
20107607;64.585777;30.453215;-8.315578;-45.818394
20109611;64.345604;30.153816;-8.628613;-46.097416
20111607;64.104805;29.854128;-8.941561;-46.375977
20113610;63.863361;29.554138;-9.254432;-46.654095
20115613;63.621296;29.253868;-9.567195;-46.931736
20117649;63.378597;28.953299;-9.879869;-47.208916
20119624;63.135296;28.652472;-10.192424;-47.485619
20121627;62.891354;28.351343;-10.504902;-47.761871
20123628;62.646790;28.049929;-10.817271;-48.037647
20125632;62.401604;27.748236;-11.129540;-48.312950
20127643;62.155807;27.446276;-11.441699;-48.587776
20129606;61.909397;27.144041;-11.753738;-48.862125
20131610;61.662388;26.841562;-12.065646;-49.135971
20133605;61.414753;26.538790;-12.377459;-49.409355
20135611;61.166519;26.235767;-12.689143;-49.682247
20137607;60.917675;25.932472;-13.000709;-49.954651
20139642;60.668228;25.628931;-13.312138;-50.226559
20141629;60.418213;25.325161;-13.623413;-50.497948
20143628;60.167568;25.021112;-13.934583;-50.768864
20145625;59.916359;24.716843;-14.245584;-51.039253
20147625;59.664536;24.412304;-14.556477;-51.309170
20149638;59.412121;24.107525;-14.867229;-51.578568
20151611;59.159122;23.802509;-15.177819;-51.847466
20153614;58.905560;23.497280;-15.488246;-52.115822
20155609;58.651394;23.191795;-15.798545;-52.383698
20157611;58.396656;22.886086;-16.108683;-52.651047
20159607;58.141335;22.580147;-16.418659;-52.917881
20161642;57.885437;22.273981;-16.728481;-53.184189
20163623;57.628979;21.967602;-17.038139;-53.449978
20165628;57.371964;21.661026;-17.347605;-53.715210
20167626;57.114365;21.354214;-17.656914;-53.979946
20169628;56.856201;21.047195;-17.966047;-54.244129
20171639;56.597477;20.739964;-18.275017;-54.507793
20173606;56.338192;20.432529;-18.583805;-54.770916
20175614;56.078358;20.124897;-18.892395;-55.033493
20177606;55.817978;19.817078;-19.200790;-55.295509
20179608;55.557037;19.509050;-19.509014;-55.557007
20181664;55.295544;19.200825;-19.817043;-55.817951
20183638;55.033512;18.892420;-20.124876;-56.078339
20185637;54.770927;18.583817;-20.432510;-56.338181
20187630;54.507809;18.275034;-20.739946;-56.597458
20189629;54.244167;17.966089;-21.047157;-56.856167
20191625;53.979977;17.656952;-21.354181;-57.114326
20193644;53.715248;17.347639;-21.660990;-57.371925
20195609;53.449989;17.038149;-21.967587;-57.628967
20197610;53.184204;16.728500;-22.273970;-57.885426
20199607;52.917915;16.418701;-22.580105;-58.141296
20201610;52.651100;16.108746;-22.886021;-58.396603
20203606;52.383751;15.798605;-23.191734;-58.651340
20205649;52.115883;15.488306;-23.497221;-58.905506
20207624;51.847500;15.177861;-23.802467;-59.159088
20209621;51.578606;14.867261;-24.107487;-59.412086
20211626;51.309196;14.556512;-24.412266;-59.664501
20213627;51.039307;14.245647;-24.716785;-59.916306
20215639;50.768894;13.934615;-25.021080;-60.167538
20217609;50.497978;13.623449;-25.325125;-60.418182
20219609;50.226570;13.312152;-25.628918;-60.668213
20221608;49.954655;13.000715;-25.932467;-60.917664
20223604;49.682255;12.689156;-26.235750;-61.166500
20225730;49.409382;12.377492;-26.538759;-61.414719
20227636;49.136005;12.065685;-26.841528;-61.662354
20229632;48.862137;11.753756;-27.144028;-61.909378
20231625;48.587791;11.441710;-27.446264;-62.155788
20233629;48.312962;11.129552;-27.748230;-62.401592
20235636;48.037659;10.817286;-28.049923;-62.646770
20237641;47.761898;10.504934;-28.351303;-62.891323
20239631;47.485649;10.192457;-28.652441;-63.135265
20241621;47.208931;9.879878;-28.953289;-63.378586
20243627;46.931747;9.567207;-29.253853;-63.621284
20245629;46.654099;9.254435;-29.554129;-63.863350
20247686;46.375992;8.941573;-29.854118;-64.104782
20249635;46.097446;8.628646;-30.153784;-64.345573
20251629;45.818428;8.315614;-30.453173;-64.585739
20253625;45.538975;8.002520;-30.752245;-64.825264
20255633;45.259052;7.689324;-31.051031;-65.064148
20257624;44.978683;7.376051;-31.349512;-65.302399
20259647;44.697872;7.062709;-31.647688;-65.540001
20261631;44.416637;6.749320;-31.945524;-65.776947
20263628;44.134945;6.435835;-32.243069;-66.013252
20265626;43.852818;6.122294;-32.540291;-66.248909
20267626;43.570255;5.808687;-32.837200;-66.483917
20269626;43.287266;5.495027;-33.133774;-66.718269
20271642;43.003849;5.181310;-33.430035;-66.951958
20273626;42.720028;4.867568;-33.725937;-67.184967
20275629;42.435760;4.553750;-34.021530;-67.417336
20277624;42.151081;4.239893;-34.316784;-67.649040
20279620;41.865982;3.925988;-34.611694;-67.880066
20281647;41.580467;3.612047;-34.906273;-68.110428
20283611;41.294567;3.298095;-35.200481;-68.340096
20285604;41.008240;2.984092;-35.494362;-68.569115
20287605;40.721504;2.670050;-35.787891;-68.797455
20289607;40.434368;2.355984;-36.081074;-69.025108
20291657;40.146832;2.041897;-36.373901;-69.252098
20293639;39.858898;1.727790;-36.666359;-69.478386
20295631;39.570599;1.413688;-36.958443;-69.703987
20297629;39.281879;1.099548;-37.250183;-69.928909
20299627;38.992775;0.785396;-37.541550;-70.153130
20301622;38.703285;0.471237;-37.832550;-70.376678
20303645;38.413418;0.157079;-38.123169;-70.599518
20305607;38.123165;-0.157088;-38.413422;-70.821671
20307608;37.832584;-0.471202;-38.703247;-71.043083
20309607;37.541588;-0.785363;-38.992741;-71.263832
20311603;37.250214;-1.099512;-39.281841;-71.483871
20313604;36.958477;-1.413649;-39.570560;-71.703217
20315644;36.666374;-1.727775;-39.858883;-71.921844
20317632;36.373913;-2.041879;-40.146812;-72.139763
20319625;36.081112;-2.355948;-40.434334;-72.356956
20321625;35.787930;-2.670011;-40.721466;-72.573448
20323626;35.494400;-2.984050;-41.008205;-72.789230
20325647;35.200516;-3.298062;-41.294533;-73.004288
20327610;34.906284;-3.612036;-41.580460;-73.218628
20329607;34.611710;-3.925976;-41.865974;-73.432251
20331608;34.316818;-4.239854;-42.151047;-73.645126
20333605;34.021561;-4.553718;-42.435730;-73.857292
20335611;33.725971;-4.867530;-42.719994;-74.068726
20337647;33.430046;-5.181301;-43.003834;-74.279427
20339629;33.133793;-5.495018;-43.287258;-74.489403
20341624;32.837212;-5.808678;-43.570248;-74.698647
20343620;32.540329;-6.122258;-43.852787;-74.907127
20345632;32.243107;-6.435800;-44.134911;-75.114891
20347648;31.945559;-6.749281;-44.416607;-75.321899
20349603;31.647699;-7.062697;-44.697865;-75.528183
20351608;31.349527;-7.376039;-44.978672;-75.733711
20353608;31.051048;-7.689312;-45.259041;-75.938492
20355611;30.752283;-8.002483;-45.538940;-76.142509
20357604;30.453190;-8.315599;-45.818413;-76.345787
20359645;30.153799;-8.628633;-46.097435;-76.548317
20361633;29.854134;-8.941558;-46.375977;-76.750069
20363630;29.554150;-9.254419;-46.654091;-76.951096
20365629;29.253874;-9.567192;-46.931732;-77.151344
20367625;28.953331;-9.879843;-47.208900;-77.350822
20369647;28.652481;-10.192421;-47.485615;-77.549561
20371610;28.351349;-10.504895;-47.761864;-77.747520
20373611;28.049934;-10.817271;-48.037647;-77.944717
20375609;27.748245;-11.129538;-48.312950;-78.141144
20377610;27.446281;-11.441692;-48.587776;-78.336807
20379606;27.144072;-11.753714;-48.862106;-78.531677
20381642;26.841568;-12.065643;-49.135971;-78.725784
20383632;26.538801;-12.377453;-49.409348;-78.919121
20385628;26.235771;-12.689137;-49.682243;-79.111671
20387627;25.932482;-13.000705;-49.954647;-79.303452
20389623;25.628939;-13.312131;-50.226559;-79.494438
20391640;25.325165;-13.623415;-50.497948;-79.684631
20393607;25.021118;-13.934581;-50.768864;-79.874054
20395610;24.716824;-14.245608;-51.039272;-80.062675
20397606;24.412287;-14.556496;-51.309181;-80.250511
20399603;24.107508;-14.867243;-51.578587;-80.437561
20401675;23.802490;-15.177840;-51.847481;-80.623817
20403635;23.497261;-15.488270;-52.115845;-80.809265
20405631;23.191778;-15.798564;-52.383717;-80.993919
20407626;22.886066;-16.108704;-52.651066;-81.177788
20409627;22.580128;-16.418686;-52.917896;-81.360847
20411629;22.273966;-16.728504;-53.184212;-81.543106
20413643;21.967585;-17.038158;-53.449993;-81.724556
20415635;21.661034;-17.347599;-53.715218;-81.905167
20417625;21.354221;-17.656912;-53.979939;-82.085014
20419623;21.047199;-17.966055;-54.244129;-82.264038
20421629;20.739969;-18.275017;-54.507797;-82.442261
20423640;20.432533;-18.583797;-54.770916;-82.619652
20425612;20.124922;-18.892374;-55.033482;-82.796227
20427606;19.817085;-19.200785;-55.295517;-82.971992
20429603;19.509054;-19.509012;-55.557007;-83.146950
20431607;19.200832;-19.817043;-55.817951;-83.321075
20433606;18.892418;-20.124876;-56.078346;-83.494385
20435641;18.583818;-20.432510;-56.338181;-83.666862
20437627;18.275061;-20.739923;-56.597443;-83.838509
20439622;17.966097;-21.047153;-56.856167;-84.009338
20441628;17.656956;-21.354177;-57.114334;-84.179344
20443630;17.347641;-21.660992;-57.371933;-84.348511
20445636;17.038157;-21.967588;-57.628967;-84.516853
20447649;16.728500;-22.273972;-57.885433;-84.684357
20449631;16.418705;-22.580105;-58.141304;-84.851006
20451624;16.108725;-22.886047;-58.396618;-85.016846
20453626;15.798585;-23.191759;-58.651363;-85.181831
20455636;15.488288;-23.497240;-58.905529;-85.345985
20457645;15.177840;-23.802494;-59.159111;-85.509293
20459611;14.867240;-24.107510;-59.412109;-85.671753
20461609;14.556519;-24.412268;-59.664505;-85.833366
20463603;14.245629;-24.716803;-59.916328;-85.994133
20465608;13.934599;-25.021097;-60.167557;-86.154053
20467605;13.623433;-25.325144;-60.418194;-86.313126
20469644;13.312154;-25.628918;-60.668217;-86.471329
20471635;13.000721;-25.932465;-60.917664;-86.628708
20473629;12.689183;-26.235727;-61.166485;-86.785194
20475628;12.377496;-26.538757;-61.414726;-86.940857
20477627;12.065687;-26.841522;-61.662354;-87.095650
20479648;11.753759;-27.144028;-61.909378;-87.249588
20481612;11.441715;-27.446264;-62.155796;-87.402664
20483609;11.129559;-27.748224;-62.401592;-87.554878
20485605;10.817315;-28.049892;-62.646751;-87.706223
20487605;10.504942;-28.351307;-62.891323;-87.856705
20489610;10.192464;-28.652435;-63.135262;-88.006317
20491644;9.879887;-28.953287;-63.378586;-88.155060
20493632;9.567211;-29.253849;-63.621284;-88.302940
20495630;9.254441;-29.554129;-63.863350;-88.449951
20497627;8.941605;-29.854090;-64.104767;-88.596085
20499630;8.628655;-30.153778;-64.345566;-88.741333
20501648;8.315620;-30.453173;-64.585739;-88.885719
20503609;8.002504;-30.752260;-64.825272;-89.029221
20505608;7.689308;-31.051048;-65.064171;-89.171860
20507610;7.376037;-31.349531;-65.302422;-89.313599
20509611;7.062716;-31.647678;-65.540001;-89.454453
20511614;6.749302;-31.945538;-65.776962;-89.594437
20513645;6.435822;-32.243084;-66.013268;-89.733543
20515630;6.122278;-32.540306;-66.248932;-89.871750
20517628;5.808673;-32.837215;-66.483932;-90.009071
20519628;5.495012;-33.133793;-66.718277;-90.145508
20521628;5.181319;-33.430023;-66.951950;-90.281052
20523639;4.867576;-33.725925;-67.184967;-90.415695
20525609;4.553761;-34.021523;-67.417336;-90.549461
20527611;4.239901;-34.316772;-67.649033;-90.682327
20529611;3.925998;-34.611691;-67.880066;-90.814308
20531610;3.612057;-34.906265;-68.110428;-90.945389
20533669;3.298105;-35.200470;-68.340096;-91.075562
20535646;2.984096;-35.494354;-68.569107;-91.204842
20537630;2.670057;-35.787888;-68.797455;-91.333229
20539629;2.355993;-36.081066;-69.025108;-91.460709
20541624;2.041904;-36.373890;-69.252090;-91.587280
20543623;1.727796;-36.666359;-69.478386;-91.712967
20545646;1.413695;-36.958431;-69.703972;-91.837723
20547613;1.099556;-37.250172;-69.928902;-91.961586
20549605;0.785405;-37.541542;-70.153130;-92.084541
20551609;0.471248;-37.832542;-70.376671;-92.206589
20553606;0.157085;-38.123165;-70.599518;-92.327728
20555663;-0.157079;-38.413418;-70.821663;-92.447952
20557645;-0.471218;-38.703270;-71.043091;-92.567253
20559629;-0.785375;-38.992752;-71.263840;-92.685654
20561625;-1.099525;-39.281860;-71.483887;-92.803139
20563624;-1.413665;-39.570576;-71.703224;-92.919708
20565633;-1.727790;-39.858902;-71.921852;-93.035355
20567643;-2.041898;-40.146835;-72.139778;-93.150085
20569604;-2.355963;-40.434345;-72.356964;-93.263885
20571604;-2.670027;-40.721481;-72.573463;-93.376785
20573610;-2.984066;-41.008221;-72.789238;-93.488762
20575612;-3.298074;-41.294544;-73.004303;-93.599808
20577650;-3.612027;-41.580452;-73.218628;-93.709923
20579613;-3.925944;-41.865940;-73.432228;-93.819122
20581607;-4.239846;-42.151039;-73.645119;-93.927391
20583602;-4.553706;-42.435722;-73.857285;-94.034737
20585610;-4.867522;-42.719986;-74.068718;-94.141159
20587612;-5.181289;-43.003826;-74.279419;-94.246651
20589648;-5.495005;-43.287243;-74.489395;-94.351212
20591630;-5.808643;-43.570213;-74.698624;-94.454834
20593631;-6.122248;-43.852772;-74.907120;-94.557526
20595625;-6.435792;-44.134907;-75.114876;-94.659294
20597626;-6.749272;-44.416595;-75.321892;-94.760117
20599645;-7.062686;-44.697849;-75.528168;-94.860008
20601608;-7.376031;-44.978664;-75.733704;-94.958969
20603608;-7.689279;-45.259010;-75.938469;-95.056984
20605607;-8.002474;-45.538937;-76.142502;-95.154068
20607606;-8.315591;-45.818405;-76.345787;-95.250206
20609607;-8.628626;-46.097427;-76.548317;-95.345413
20611645;-8.941574;-46.375992;-76.750084;-95.439674
20613629;-9.254436;-46.654099;-76.951103;-95.532997
20615625;-9.567182;-46.931725;-77.151337;-95.625366
20617627;-9.879857;-47.208912;-77.350838;-95.716797
20619625;-10.192435;-47.485630;-77.549568;-95.807281
20621642;-10.504911;-47.761879;-77.747528;-95.896820
20623605;-10.817286;-48.037659;-77.944725;-95.985428
20625606;-11.129552;-48.312958;-78.141159;-96.073074
20627605;-11.441686;-48.587769;-78.336807;-96.159767
20629604;-11.753706;-48.862095;-78.531670;-96.245514
20631599;-12.065634;-49.135963;-78.725777;-96.330315
20633647;-12.377443;-49.409340;-78.919113;-96.414169
20635630;-12.689130;-49.682232;-79.111664;-96.497063
20637632;-13.000690;-49.954636;-79.303436;-96.579018
20639624;-13.312101;-50.226521;-79.494415;-96.660004
20641629;-13.623403;-50.497936;-79.684624;-96.740044
20643650;-13.934570;-50.768852;-79.874039;-96.819130
20645610;-14.245600;-51.039268;-80.062668;-96.897255
20647610;-14.556490;-51.309181;-80.250511;-96.974426
20649606;-14.867234;-51.578583;-80.437561;-97.050644
20651606;-15.177811;-51.847458;-80.623802;-97.125893
20653607;-15.488259;-52.115841;-80.809258;-97.200195
20655645;-15.798555;-52.383709;-80.993912;-97.273529
20657628;-16.108694;-52.651058;-81.177780;-97.345917
20659627;-16.418676;-52.917892;-81.360840;-97.417328
20661624;-16.728497;-53.184204;-81.543098;-97.487793
20663627;-17.038126;-53.449966;-81.724533;-97.557281
20665642;-17.347612;-53.715229;-81.905182;-97.625824
20667608;-17.656927;-53.979950;-82.085022;-97.693382
20669606;-17.966068;-54.244148;-82.264038;-97.759995
20671609;-18.275030;-54.507805;-82.442261;-97.825630
20673607;-18.583813;-54.770927;-82.619667;-97.890305
20675609;-18.892389;-55.033485;-82.796242;-97.954010
20677645;-19.200802;-55.295528;-82.972015;-98.016754
20679630;-19.509026;-55.557014;-83.146957;-98.078522
20681627;-19.817057;-55.817963;-83.321083;-98.139336
20683626;-20.124868;-56.078331;-83.494385;-98.199165
20685628;-20.432505;-56.338173;-83.666870;-98.258034
20687646;-20.739916;-56.597435;-83.838509;-98.315933
20689620;-21.047146;-56.856163;-84.009338;-98.372856
20691612;-21.354168;-57.114323;-84.179344;-98.428810
20693605;-21.660980;-57.371922;-84.348511;-98.483803
20695607;-21.967579;-57.628952;-84.516846;-98.537811
20697609;-22.273960;-57.885422;-84.684357;-98.590858
20699645;-22.580097;-58.141293;-84.851006;-98.642921
20701631;-22.886036;-58.396614;-85.016838;-98.694016
20703627;-23.191748;-58.651360;-85.181824;-98.744133
20705629;-23.497232;-58.905525;-85.345978;-98.793282
20707628;-23.802485;-59.159100;-85.509285;-98.841461
20709639;-24.107500;-59.412098;-85.671745;-98.888649
20711610;-24.412256;-59.664501;-85.833359;-98.934868
20713605;-24.716795;-59.916317;-85.994125;-98.980110
20715606;-25.021088;-60.167549;-86.154045;-99.024368
20717610;-25.325138;-60.418190;-86.313126;-99.067665
20719609;-25.628933;-60.668228;-86.471344;-99.109970
20721648;-25.932476;-60.917675;-86.628708;-99.151306
20723628;-26.235741;-61.166500;-86.785210;-99.191658
20725628;-26.538771;-61.414738;-86.940857;-99.231026
20727627;-26.841539;-61.662365;-87.095657;-99.269424
20729629;-27.144041;-61.909389;-87.249603;-99.306847
20731650;-27.446276;-62.155807;-87.402679;-99.343277
20733611;-27.748240;-62.401604;-87.554893;-99.378731
20735609;-28.049908;-62.646770;-87.706223;-99.413208
20737612;-28.351297;-62.891315;-87.856705;-99.446701
20739608;-28.652430;-63.135254;-88.006317;-99.479218
20741606;-28.953281;-63.378578;-88.155067;-99.510742
20743640;-29.253843;-63.621269;-88.302940;-99.541290
20745632;-29.554098;-63.863327;-88.449944;-99.570854
20747628;-29.854084;-64.104759;-88.596077;-99.599434
20749624;-30.153772;-64.345566;-88.741333;-99.627029
20751626;-30.453163;-64.585732;-88.885719;-99.653648
20753645;-30.752254;-64.825264;-89.029221;-99.679283
20755611;-31.051043;-65.064156;-89.171852;-99.703934
20757601;-31.349501;-65.302391;-89.313583;-99.727592
20759606;-31.647673;-65.539993;-89.454453;-99.750275
20761607;-31.945532;-65.776955;-89.594437;-99.771973
20763610;-32.243076;-66.013268;-89.733528;-99.792679
20765646;-32.540302;-66.248924;-89.871750;-99.812408
20767632;-32.837208;-66.483925;-90.009079;-99.831161
20769624;-33.133766;-66.718254;-90.145508;-99.848907
20771627;-33.430019;-66.951942;-90.281052;-99.865677
20773629;-33.725945;-67.184982;-90.415710;-99.881462
20775643;-34.021534;-67.417336;-90.549469;-99.896263
20777608;-34.316792;-67.649040;-90.682343;-99.910065
20779607;-34.611706;-67.880074;-90.814316;-99.922905
20781609;-34.906258;-68.110420;-90.945389;-99.934746
20783606;-35.200489;-68.340111;-91.075577;-99.945602
20785609;-35.494373;-68.569122;-91.204849;-99.955460
20787645;-35.787903;-68.797470;-91.333237;-99.964348
20789626;-36.081081;-69.025124;-91.460716;-99.972244
20791627;-36.373882;-69.252083;-91.587280;-99.979141
20793627;-36.666325;-69.478363;-91.712952;-99.985077
20795632;-36.958427;-69.703972;-91.837715;-99.990005
20797650;-37.250168;-69.928894;-91.961586;-99.993958
20799608;-37.541534;-70.153130;-92.084541;-99.996918
20801601;-37.832535;-70.376663;-92.206589;-99.998894
20803608;-38.123161;-70.599510;-92.327713;-99.999870
20805614;-38.413387;-70.821640;-92.447937;-99.999878
20807652;-38.703259;-71.043083;-92.567245;-99.998894
20809644;-38.992748;-71.263840;-92.685654;-99.996910
20811635;-39.281853;-71.483871;-92.803131;-99.993950
20813626;-39.426250;-71.593628;-92.861534;-99.992104
20815629;-39.858894;-71.921852;-93.035355;-99.985077
20817631;-40.146805;-72.139755;-93.150078;-99.979149
20819649;-40.434341;-72.356964;-93.263885;-99.972237
20821613;-40.721478;-72.573456;-93.376785;-99.964348
20823612;-41.008209;-72.789230;-93.488754;-99.955460
20825613;-41.294540;-73.004295;-93.599808;-99.945595
20827611;-41.580467;-73.218628;-93.709930;-99.934731
20829650;-41.865955;-73.432228;-93.819130;-99.922905
20831641;-42.151054;-73.645126;-93.927399;-99.910080
20833632;-42.435734;-73.857292;-94.034744;-99.896263
20835629;-42.720001;-74.068726;-94.141159;-99.881462
20837631;-43.003841;-74.279427;-94.246651;-99.865677
20839629;-43.287262;-74.489403;-94.351219;-99.848907
20841648;-43.570229;-74.698624;-94.454834;-99.831154
20843631;-43.852791;-74.907127;-94.557533;-99.812408
20845632;-44.134895;-75.114868;-94.659279;-99.792686
20847626;-44.416592;-75.321892;-94.760117;-99.771973
20849620;-44.697845;-75.528168;-94.860008;-99.750282
20851643;-44.978657;-75.733696;-94.958961;-99.727592
20853610;-45.259007;-75.938461;-95.056984;-99.703934
20855604;-45.538925;-76.142494;-95.154060;-99.679276
20857606;-45.818401;-76.345779;-95.250198;-99.653648
20859604;-46.097420;-76.548309;-95.345413;-99.627029
20861609;-46.375988;-76.750084;-95.439674;-99.599434
20863643;-46.654095;-76.951088;-95.532982;-99.570847
20865633;-46.931721;-77.151337;-95.625366;-99.541298
20867624;-47.208904;-77.350830;-95.716789;-99.510742
20869628;-47.485622;-77.549568;-95.807281;-99.479210
20871626;-47.761871;-77.747520;-95.896828;-99.446701
20873642;-48.037647;-77.944717;-95.985420;-99.413208
20875609;-48.312950;-78.141144;-96.073067;-99.378731
20877603;-48.587757;-78.336784;-96.159760;-99.343277
20879606;-48.862106;-78.531677;-96.245514;-99.306839
20881601;-49.135971;-78.725792;-96.330322;-99.269424
20883606;-49.409351;-78.919113;-96.414169;-99.231026
20885646;-49.682243;-79.111671;-96.497070;-99.191658
20887634;-49.954624;-79.303429;-96.579002;-99.151299
20889628;-50.226532;-79.494415;-96.660004;-99.109970
20891624;-50.497948;-79.684624;-96.740044;-99.067665
20893623;-50.768864;-79.874039;-96.819122;-99.024368
20895645;-51.039280;-80.062675;-96.897255;-98.980103
20897612;-51.309193;-80.250511;-96.974434;-98.934868
20899608;-51.578552;-80.437531;-97.050629;-98.888649
20901601;-51.847446;-80.623787;-97.125885;-98.841454
20903613;-52.115829;-80.809250;-97.200188;-98.793282
20905644;-52.383698;-80.993904;-97.273529;-98.744133
20907615;-52.651054;-81.177773;-97.345909;-98.694016
20909617;-52.917885;-81.360832;-97.417328;-98.642921
20911611;-53.184174;-81.543076;-97.487785;-98.590858
20913605;-53.449959;-81.724525;-97.557281;-98.537811
20915609;-53.715218;-81.905174;-97.625809;-98.483810
20917645;-53.979946;-82.085014;-97.693382;-98.428818
20919627;-54.244137;-82.264038;-97.759987;-98.372856
20921626;-54.507797;-82.442253;-97.825638;-98.315933
20923624;-54.770897;-82.619644;-97.890297;-98.258034
20925627;-55.033482;-82.796227;-97.954010;-98.199173
20927646;-55.295517;-82.972000;-98.016739;-98.139336
20929605;-55.557007;-83.146942;-98.078522;-98.078522
20931604;-55.817951;-83.321083;-98.139336;-98.016754
20933607;-56.078346;-83.494392;-98.199165;-97.954010
20935612;-56.338161;-83.666855;-98.258034;-97.890305
20937600;-56.597446;-83.838509;-98.315933;-97.825630
20939651;-56.856174;-84.009346;-98.372856;-97.759995
20941614;-57.114334;-84.179344;-98.428818;-97.693382
20943607;-57.371933;-84.348511;-98.483803;-97.625824
20945614;-57.628967;-84.516846;-98.537811;-97.557281
20947609;-57.885414;-84.684349;-98.590851;-97.487793
20949608;-58.141304;-84.851006;-98.642921;-97.417343
20951645;-58.396626;-85.016846;-98.694023;-97.345917
20953624;-58.651344;-85.181824;-98.744133;-97.273544
20955626;-58.905514;-85.345970;-98.793282;-97.200203
20957623;-59.159096;-85.509277;-98.841446;-97.125900
20959625;-59.412075;-85.671730;-98.888649;-97.050652
20961639;-59.664490;-85.833344;-98.934860;-96.974434
20963616;-59.916313;-85.994125;-98.980103;-96.897270
20965610;-60.167545;-86.154045;-99.024376;-96.819138
20967604;-60.418182;-86.313118;-99.067665;-96.740051
20969604;-60.668224;-86.471329;-99.109970;-96.660011
20971608;-60.917645;-86.628685;-99.151299;-96.579018
20973647;-61.166489;-86.785194;-99.191650;-96.497070
20975629;-61.414730;-86.940857;-99.231026;-96.414177
20977624;-61.662357;-87.095657;-99.269424;-96.330330
20979626;-61.909382;-87.249588;-99.306847;-96.245529
20981623;-62.155796;-87.402672;-99.343285;-96.159775
20983637;-62.401573;-87.554871;-99.378731;-96.073082
20985611;-62.646759;-87.706223;-99.413208;-95.985428
20987607;-62.891323;-87.856697;-99.446701;-95.896835
20989602;-63.135265;-88.006317;-99.479210;-95.807289
20991609;-63.378590;-88.155067;-99.510742;-95.716805
20993611;-63.621284;-88.302948;-99.541290;-95.625374
20995646;-63.863338;-88.449951;-99.570862;-95.533005
20997634;-64.104774;-88.596077;-99.599434;-95.439682
20999627;-64.345573;-88.741341;-99.627029;-95.345421
21001629;-64.585747;-88.885719;-99.653648;-95.250214
21003624;-64.825279;-89.029228;-99.679283;-95.154076
21005647;-65.064171;-89.171852;-99.703934;-95.056984
21007610;-65.302383;-89.313576;-99.727592;-94.958984
21009609;-65.539993;-89.454445;-99.750282;-94.860031
21011605;-65.776947;-89.594429;-99.771973;-94.760132
21013610;-66.013260;-89.733528;-99.792686;-94.659302
21015663;-66.248917;-89.871750;-99.812408;-94.557549
21017642;-66.483917;-90.009064;-99.831154;-94.454849
21019629;-66.718254;-90.145493;-99.848900;-94.351219
21021624;-66.951942;-90.281044;-99.865685;-94.246674
21023627;-67.184967;-90.415703;-99.881454;-94.141174
21025628;-67.417336;-90.549469;-99.896263;-94.034767
21027649;-67.649033;-90.682327;-99.910072;-93.927406
21029605;-67.880043;-90.814301;-99.922905;-93.819145
21031605;-68.110413;-90.945389;-99.934746;-93.709946
21033600;-68.340096;-91.075554;-99.945595;-93.599815
21035606;-68.569115;-91.204849;-99.955460;-93.488777
21037751;-68.797455;-91.333237;-99.964348;-93.376801
21039628;-69.025116;-91.460709;-99.972244;-93.263901
21041625;-69.252083;-91.587280;-99.979149;-93.150101
21043621;-69.478378;-91.712959;-99.985069;-93.035362
21045631;-69.703987;-91.837723;-99.990013;-92.919716
21047626;-69.928902;-91.961586;-99.993942;-92.803139
21049646;-70.153137;-92.084541;-99.996910;-92.685654
21051611;-70.376678;-92.206589;-99.998894;-92.567268
21053608;-70.599503;-92.327713;-99.999878;-92.447952
21055608;-70.821648;-92.447945;-99.999878;-92.327728
21057602;-71.043098;-92.567253;-99.998894;-92.206596
21059604;-71.263847;-92.685654;-99.996910;-92.084541
21061642;-71.483871;-92.803131;-99.993950;-91.961601
21063634;-71.703209;-92.919693;-99.989998;-91.837738
21065629;-71.921829;-93.035339;-99.985077;-91.712982
21067626;-72.139755;-93.150070;-99.979149;-91.587303
21069628;-72.356949;-93.263885;-99.972237;-91.460732
21071646;-72.573456;-93.376785;-99.964348;-91.333244
21073623;-72.789230;-93.488754;-99.955460;-91.204857
21075608;-73.004295;-93.599808;-99.945602;-91.075584
21077606;-73.218613;-93.709923;-99.934746;-90.945412
21079601;-73.432228;-93.819115;-99.922905;-90.814331
21081738;-73.645126;-93.927399;-99.910080;-90.682358
21083630;-73.857292;-94.034744;-99.896263;-90.549484
21085634;-74.068726;-94.141159;-99.881454;-90.415718
21087629;-74.279434;-94.246658;-99.865685;-90.281067
21089624;-74.489388;-94.351212;-99.848915;-90.145523
21091626;-74.698624;-94.454834;-99.831161;-90.009079
21093648;-74.907127;-94.557533;-99.812408;-89.871758
21095634;-75.114883;-94.659294;-99.792686;-89.733543
21097629;-75.321899;-94.760117;-99.771973;-89.594444
21099622;-75.528183;-94.860016;-99.750282;-89.454468
21101626;-75.733711;-94.958969;-99.727592;-89.313591
21103643;-75.938477;-95.056984;-99.703934;-89.171860
21105607;-76.142525;-95.154068;-99.679276;-89.029221
21107602;-76.345787;-95.250214;-99.653648;-88.885727
21109608;-76.548302;-95.345398;-99.627045;-88.741364
21111609;-76.750092;-95.439674;-99.599442;-88.596085
21113672;-76.951096;-95.532990;-99.570862;-88.449959
21115647;-77.151337;-95.625359;-99.541298;-88.302971
21117634;-77.350845;-95.716797;-99.510742;-88.155075
21119627;-77.549561;-95.807281;-99.479225;-88.006340
21121626;-77.747513;-95.896820;-99.446709;-87.856743
21123625;-77.944717;-95.985420;-99.413216;-87.706245
21125647;-78.141136;-96.073059;-99.378738;-87.554901
21127611;-78.336807;-96.159767;-99.343285;-87.402679
21129612;-78.531677;-96.245514;-99.306847;-87.249611
21131607;-78.725777;-96.330307;-99.269440;-87.095688
21133604;-78.919121;-96.414169;-99.231033;-86.940872
21135608;-79.111656;-96.497063;-99.191666;-86.785233
21137642;-79.303444;-96.579018;-99.151306;-86.628708
21139627;-79.494415;-96.660004;-99.109970;-86.471352
21141623;-79.684639;-96.740044;-99.067665;-86.313118
21143626;-79.874046;-96.819130;-99.024376;-86.154060
21145631;-80.062660;-96.897247;-98.980118;-85.994156
21147641;-80.250511;-96.974426;-98.934868;-85.833366
21149617;-80.437546;-97.050636;-98.888657;-85.671768
21151609;-80.623817;-97.125900;-98.841461;-85.509285
21153607;-80.809258;-97.200195;-98.793289;-85.345993
21155605;-80.993912;-97.273529;-98.744141;-85.181854
21157608;-81.177780;-97.345917;-98.694016;-85.016846
21159646;-81.360832;-97.417328;-98.642921;-84.851036
21161624;-81.543098;-97.487793;-98.590858;-84.684349
21163625;-81.724533;-97.557281;-98.537811;-84.516861
21165627;-81.905197;-97.625824;-98.483795;-84.348511
21167625;-82.085022;-97.693375;-98.428818;-84.179352
21169647;-82.264038;-97.759979;-98.372864;-84.009361
21171612;-82.442261;-97.825623;-98.315933;-83.838524
21173605;-82.619652;-97.890305;-98.258041;-83.666885
21175610;-82.796249;-97.954010;-98.199165;-83.494377
21177608;-82.972008;-98.016754;-98.139336;-83.321083
21179607;-83.146942;-98.078514;-98.078522;-83.146973
21181645;-83.321091;-98.139336;-98.016754;-82.972008
21183605;-83.494377;-98.199158;-97.954010;-82.796249
21185609;-83.666878;-98.258034;-97.890297;-82.619652
21187603;-83.838524;-98.315933;-97.825623;-82.442261
21189607;-84.009369;-98.372864;-97.759987;-82.264038
21191604;-84.179352;-98.428818;-97.693382;-82.085022
21193644;-84.348511;-98.483803;-97.625824;-81.905197
21195630;-84.516838;-98.537804;-97.557289;-81.724564
21197625;-84.684326;-98.590836;-97.487793;-81.543121
21199628;-84.851006;-98.642906;-97.417343;-81.360855
21201624;-85.016823;-98.694008;-97.345924;-81.177811
21203645;-85.181801;-98.744125;-97.273552;-80.993965
21205609;-85.345963;-98.793274;-97.200203;-80.809280
21207609;-85.509262;-98.841438;-97.125916;-80.623840
21209607;-85.671738;-98.888641;-97.050644;-80.437576
21211609;-85.833344;-98.934868;-96.974442;-80.250542
21213609;-85.994102;-98.980095;-96.897278;-80.062714
21215647;-86.154037;-99.024368;-96.819138;-79.874069
21217632;-86.313095;-99.067650;-96.740051;-79.684669
21219627;-86.471329;-99.109962;-96.660011;-79.494438
21221626;-86.628685;-99.151299;-96.579025;-79.303467
21223625;-86.785210;-99.191650;-96.497070;-79.111687
21225641;-86.940849;-99.231026;-96.414169;-78.919136
21227619;-87.095634;-99.269417;-96.330330;-78.725830
21229612;-87.249588;-99.306831;-96.245529;-78.531708
21231610;-87.402657;-99.343269;-96.159782;-78.336838
21233602;-87.554878;-99.378731;-96.073074;-78.141167
21235610;-87.706215;-99.413208;-95.985428;-77.944740
21237645;-87.856689;-99.446693;-95.896843;-77.747559
21239633;-88.006317;-99.479202;-95.807289;-77.549583
21241624;-88.155052;-99.510735;-95.716812;-77.350868
21243623;-88.302948;-99.541290;-95.625374;-77.151360
21245630;-88.449944;-99.570854;-95.533005;-76.951126
21247645;-88.596085;-99.599434;-95.439682;-76.750092
21249610;-88.741333;-99.627029;-95.345413;-76.548325
21251607;-88.885704;-99.653648;-95.250229;-76.345810
21253608;-89.029221;-99.679276;-95.154076;-76.142525
21255610;-89.171837;-99.703926;-95.056999;-75.938507
21257660;-89.313599;-99.727592;-94.958969;-75.733704
21259646;-89.454453;-99.750275;-94.860016;-75.528191
21261616;-89.594421;-99.771973;-94.760132;-75.321930
21263608;-89.733536;-99.792686;-94.659302;-75.114891
21265610;-89.871742;-99.812408;-94.557549;-74.907150
21267605;-90.009079;-99.831154;-94.454834;-74.698639
21269605;-90.145508;-99.848907;-94.351219;-74.489418
21271642;-90.281067;-99.865685;-94.246658;-74.279427
21273632;-90.415703;-99.881454;-94.141167;-74.068741
21275635;-90.549461;-99.896255;-94.034752;-73.857323
21277630;-90.682343;-99.910072;-93.927406;-73.645142
21279625;-90.814308;-99.922905;-93.819138;-73.432259
21281644;-90.945396;-99.934738;-93.709930;-73.218628
21283603;-91.075569;-99.945595;-93.599815;-73.004303
21285604;-91.204849;-99.955460;-93.488777;-72.789261
21287607;-91.333237;-99.964340;-93.376793;-72.573463
21289608;-91.460709;-99.972237;-93.263916;-72.356987
21291607;-91.587296;-99.979149;-93.150078;-72.139763
21293642;-91.712967;-99.985069;-93.035355;-71.921860
21295609;-91.837738;-99.989998;-92.919693;-71.703217
21297608;-91.961601;-99.993958;-92.803146;-71.483887
21299607;-92.084541;-99.996910;-92.685661;-71.263863
21301609;-92.206596;-99.998894;-92.567261;-71.043098
21303738;-92.327705;-99.999878;-92.447975;-70.821701
21305631;-92.447945;-99.999878;-92.327736;-70.599533
21307630;-92.567245;-99.998894;-92.206612;-70.376709
21309625;-92.685638;-99.996918;-92.084572;-70.153191
21311627;-92.803131;-99.993958;-91.961609;-69.928940
21313624;-92.919693;-99.990005;-91.837753;-69.704033
21315646;-93.035355;-99.985077;-91.712975;-69.478409
21317611;-93.150070;-99.979149;-91.587311;-69.252136
21319607;-93.263885;-99.972244;-91.460739;-69.025169
21321611;-93.376785;-99.964348;-91.333244;-68.797493
21323608;-93.488747;-99.955467;-91.204880;-68.569168
21325733;-93.599800;-99.945595;-91.075584;-68.340134
21327636;-93.709923;-99.934746;-90.945412;-68.110466
21329628;-93.819130;-99.922905;-90.814323;-67.880081
21331625;-93.927399;-99.910080;-90.682358;-67.649063
21333625;-94.034737;-99.896263;-90.549500;-67.417381
21335631;-94.141159;-99.881462;-90.415718;-67.185005
21337644;-94.246643;-99.865685;-90.281075;-66.951988
21339628;-94.351212;-99.848907;-90.145523;-66.718285
21341632;-94.454834;-99.831161;-90.009094;-66.483963
21343627;-94.557526;-99.812408;-89.871773;-66.248970
21345624;-94.659294;-99.792686;-89.733551;-66.013290
21347776;-94.760117;-99.771973;-89.594460;-65.777000
21349636;-94.860016;-99.750282;-89.454468;-65.540024
21351636;-94.958969;-99.727600;-89.313614;-65.302444
21353629;-95.056999;-99.703941;-89.171860;-65.064171
21355626;-95.154068;-99.679291;-89.029243;-64.825294
21357630;-95.250206;-99.653656;-88.885750;-64.585785
21359649;-95.345413;-99.627037;-88.741348;-64.345589
21361610;-95.439674;-99.599442;-88.596107;-64.104805
21363609;-95.532997;-99.570862;-88.449959;-63.863350
21365605;-95.625374;-99.541298;-88.302963;-63.621307
21367607;-95.716789;-99.510742;-88.155098;-63.378632
21369603;-95.807289;-99.479218;-88.006332;-63.135292
21371645;-95.896828;-99.446709;-87.856735;-62.891365
21373631;-95.985428;-99.413216;-87.706238;-62.646782
21375634;-96.073074;-99.378738;-87.554901;-62.401615
21377629;-96.159782;-99.343285;-87.402672;-62.155796
21379625;-96.245522;-99.306847;-87.249603;-61.909401
21381652;-96.330322;-99.269440;-87.095680;-61.662399
21383606;-96.414177;-99.231033;-86.940872;-61.414749
21385609;-96.497070;-99.191666;-86.785233;-61.166527
21387611;-96.579018;-99.151306;-86.628708;-60.917671
21389607;-96.660011;-99.109978;-86.471352;-60.668243
21391642;-96.740044;-99.067673;-86.313141;-60.418217
21393605;-96.819138;-99.024376;-86.154053;-60.167564
21395608;-96.897255;-98.980110;-85.994148;-59.916348
21397609;-96.974442;-98.934868;-85.833366;-59.664505
21399602;-97.050652;-98.888657;-85.671761;-59.412109
21401607;-97.125916;-98.841454;-85.509285;-59.159096
21403649;-97.200203;-98.793282;-85.345985;-58.905529
21405634;-97.273544;-98.744141;-85.181847;-58.651386
21407628;-97.345924;-98.694016;-85.016838;-58.396626
21409629;-97.417343;-98.642937;-84.851028;-58.141327
21411624;-97.487793;-98.590866;-84.684372;-57.885456
21413650;-97.557281;-98.537827;-84.516884;-57.629005
21415614;-97.625809;-98.483818;-84.348557;-57.371990
21417607;-97.693382;-98.428825;-84.179375;-57.114376
21419603;-97.759987;-98.372879;-84.009384;-56.856232
21421603;-97.825630;-98.315941;-83.838539;-56.597485
21423643;-97.890297;-98.258049;-83.666901;-56.338223
21425605;-97.954010;-98.199173;-83.494400;-56.078362
21427609;-98.016754;-98.139343;-83.321114;-55.817993
21429609;-98.078522;-98.078537;-83.146988;-55.557072
21431608;-98.139336;-98.016762;-82.972031;-55.295555
21433608;-98.199165;-97.954025;-82.796272;-55.033539
21435646;-98.258034;-97.890305;-82.619675;-54.770935
21437625;-98.315933;-97.825638;-82.442284;-54.507839
21439628;-98.372856;-97.759995;-82.264076;-54.244198
21441628;-98.428818;-97.693390;-82.085045;-53.979988
21443623;-98.483803;-97.625824;-81.905220;-53.715279
21445640;-98.537811;-97.557289;-81.724564;-53.450001
21447611;-98.590858;-97.487801;-81.543121;-53.184235
21449607;-98.642929;-97.417336;-81.360855;-52.917904
21451603;-98.694023;-97.345932;-81.177811;-52.651096
21453613;-98.744133;-97.273552;-80.993950;-52.383762
21455603;-98.793289;-97.200211;-80.809280;-52.115868
21457647;-98.841454;-97.125916;-80.623833;-51.847504
21459633;-98.865166;-97.088402;-80.530815;-51.713135
21461625;-98.934868;-96.974442;-80.250534;-51.309212
21463632;-98.980103;-96.897270;-80.062706;-51.039322
21465628;-99.024376;-96.819130;-79.874062;-50.768883
21467641;-99.067665;-96.740059;-79.684654;-50.497990
21469610;-99.109978;-96.660004;-79.494438;-50.226559
21471611;-99.151306;-96.579025;-79.303459;-49.954670
21473608;-99.191666;-96.497070;-79.111679;-49.682247
21475607;-99.231033;-96.414169;-78.919136;-49.409370
21477604;-99.269424;-96.330330;-78.725815;-49.136013
21479641;-99.306847;-96.245522;-78.531693;-48.862125
21481626;-99.343285;-96.159782;-78.336830;-48.587803
21483625;-99.378738;-96.073067;-78.141151;-48.312950
21485629;-99.413208;-95.985428;-77.944740;-48.037670
21487627;-99.446701;-95.896843;-77.747559;-47.761913
21489648;-99.479218;-95.807289;-77.549576;-47.485645
21491607;-99.510742;-95.716805;-77.350861;-47.208942
21493610;-99.541298;-95.625374;-77.151344;-46.931736
21495605;-99.570862;-95.533005;-76.951111;-46.654110
21497603;-99.599442;-95.439690;-76.750114;-46.376026
21499604;-99.627037;-95.345413;-76.548317;-46.097439
21501648;-99.653656;-95.250221;-76.345810;-45.818443
21503631;-99.679283;-95.154068;-76.142517;-45.538944
21505626;-99.703934;-95.056992;-75.938492;-45.259045
21507629;-99.727600;-94.958969;-75.733696;-44.978653
21509626;-99.750282;-94.860016;-75.528183;-44.697865
21511650;-99.771973;-94.760132;-75.321922;-44.416630
21513613;-99.792686;-94.659302;-75.114891;-44.134918
21515609;-99.812408;-94.557541;-74.907143;-43.852810
21517605;-99.831161;-94.454834;-74.698624;-43.570225
21519606;-99.848907;-94.351234;-74.489441;-43.287300
21521608;-99.865677;-94.246674;-74.279480;-43.003906
21523649;-99.881462;-94.141182;-74.068764;-42.720039
21525635;-99.896263;-94.034775;-73.857346;-42.435802
21527630;-99.910072;-93.927406;-73.645157;-42.151093
21529623;-99.922905;-93.819145;-73.432281;-41.866016
21531629;-99.934746;-93.709938;-73.218658;-41.580482
21533649;-99.945602;-93.599823;-73.004326;-41.294582
21535606;-99.955460;-93.488785;-72.789276;-41.008274
21537608;-99.964348;-93.376801;-72.573486;-40.721519
21539604;-99.972244;-93.263916;-72.357010;-40.434402
21541611;-99.979149;-93.150093;-72.139786;-40.146847
21543664;-99.985069;-93.035370;-71.921883;-39.858932
21545644;-99.990005;-92.919724;-71.703262;-39.570629
21547634;-99.993958;-92.803154;-71.483910;-39.281891
21549630;-99.996910;-92.685669;-71.263885;-38.992809
21551626;-99.998894;-92.567268;-71.043114;-38.703300
21553621;-99.999878;-92.447960;-70.821686;-38.413452
21555643;-99.999878;-92.327728;-70.599518;-38.123180
21557611;-99.998894;-92.206604;-70.376694;-37.832581
21559612;-99.996918;-92.084564;-70.153168;-37.541599
21561610;-99.993958;-91.961601;-69.928925;-37.250210
21563607;-99.992104;-91.899780;-69.816559;-37.104397
21565662;-99.985077;-91.712967;-69.478394;-36.666370
21567647;-99.979149;-91.587296;-69.252121;-36.373924
21569628;-99.972244;-91.460732;-69.025154;-36.081123
21571625;-99.964348;-91.333237;-68.797478;-35.787922
21573624;-99.955467;-91.204872;-68.569160;-35.494415
21575629;-99.945602;-91.075577;-68.340126;-35.200508
21577643;-99.934746;-90.945396;-68.110451;-34.906300
21579611;-99.922905;-90.814316;-67.880074;-34.611702
21581609;-99.910080;-90.682343;-67.649063;-34.316811
21583607;-99.896263;-90.549484;-67.417374;-34.021576
21585605;-99.881462;-90.415710;-67.184990;-33.725964
21587664;-99.865685;-90.281067;-66.951981;-33.430061
21589647;-99.848907;-90.145508;-66.718277;-33.133785
21591632;-99.831161;-90.009079;-66.483948;-32.837227
21593624;-99.812416;-89.871773;-66.248962;-32.540344
21595631;-99.792686;-89.733543;-66.013283;-32.243095
21597626;-99.771973;-89.594452;-65.776993;-31.945574
21599650;-99.750282;-89.454460;-65.540016;-31.647694
21601613;-99.727600;-89.313606;-65.302429;-31.349543
21603606;-99.703934;-89.171844;-65.064156;-31.051041
21605606;-99.679283;-89.029228;-64.825287;-30.752274
21607607;-99.653656;-88.885727;-64.585770;-30.453205
21609751;-99.627037;-88.741341;-64.345581;-30.153790
21611632;-99.599442;-88.596092;-64.104797;-29.854124
21613631;-99.570862;-88.449951;-63.863342;-29.554117
21615634;-99.541298;-88.302956;-63.621288;-29.253864
21617628;-99.510750;-88.155083;-63.378620;-28.953323
21619625;-99.479218;-88.006332;-63.135277;-28.652454
21621648;-99.446709;-87.856720;-62.891354;-28.351339
21623607;-99.413208;-87.706223;-62.646763;-28.049904
21625613;-99.378738;-87.554886;-62.401604;-27.748236
21627604;-99.343285;-87.402710;-62.155853;-27.446342
21629600;-99.306854;-87.249619;-61.909424;-27.144087
21631648;-99.269440;-87.095695;-61.662418;-26.841608
21633610;-99.231041;-86.940887;-61.414772;-26.538816
21635602;-99.191666;-86.785240;-61.166550;-26.235807
21637609;-99.151314;-86.628716;-60.917694;-25.932497
21639605;-99.109985;-86.471359;-60.668270;-25.628975
21641614;-99.067673;-86.313156;-60.418247;-25.325203
21643642;-99.024384;-86.154076;-60.167587;-25.021135
21645629;-98.980118;-85.994164;-59.916370;-24.716864
21647626;-98.934868;-85.833374;-59.664528;-24.412302
21649624;-98.888657;-85.671776;-59.412148;-24.107546
21651626;-98.841461;-85.509323;-59.159161;-23.802553
21653645;-98.793289;-85.346001;-58.905560;-23.497278
21655608;-98.744148;-85.181854;-58.651413;-23.191816
21657609;-98.694023;-85.016861;-58.396656;-22.886082
21659608;-98.642937;-84.851036;-58.141350;-22.580166
21661605;-98.590866;-84.684357;-57.885437;-22.273981
21663606;-98.537827;-84.516869;-57.628994;-21.967623
21665646;-98.483810;-84.348541;-57.371975;-21.661049
21667627;-98.428825;-84.179367;-57.114365;-21.354216
21669624;-98.372871;-84.009377;-56.856216;-21.047215
21671625;-98.315941;-83.838531;-56.597473;-20.739962
21673627;-98.258049;-83.666893;-56.338207;-20.432550
21675645;-98.199181;-83.494415;-56.078392;-20.124937
21677612;-98.139343;-83.321091;-55.817986;-19.817080
21679615;-98.078537;-83.146980;-55.557053;-19.509069
21681600;-98.016754;-82.972023;-55.295540;-19.200823
21683610;-97.954025;-82.796265;-55.033527;-18.892435
21685749;-97.890312;-82.619667;-54.770927;-18.583813
21687640;-97.825638;-82.442276;-54.507828;-18.275051
21689632;-97.760002;-82.264069;-54.244186;-17.966112
21691628;-97.693398;-82.085030;-53.979969;-17.656950
21693628;-97.625824;-81.905205;-53.715263;-17.347656
21695627;-97.557297;-81.724556;-53.449989;-17.038151
21697645;-97.487801;-81.543114;-53.184223;-16.728516
21699629;-97.417351;-81.360863;-52.917934;-16.418722
21701625;-97.345924;-81.177795;-52.651077;-16.108715
21703630;-97.273552;-80.993942;-52.383751;-15.798600
21705629;-97.200203;-80.809265;-52.115856;-15.488280
21707643;-97.125916;-80.623833;-51.847500;-15.177855
21709615;-97.050652;-80.437561;-51.578583;-14.867234
21711609;-96.974442;-80.250526;-51.309196;-14.556512
21713603;-96.897270;-80.062698;-51.039303;-14.245646
21715602;-96.819138;-79.874054;-50.768875;-13.934594
21717608;-96.740051;-79.684647;-50.497978;-13.623447
21719646;-96.660011;-79.494438;-50.226547;-13.312123
21721631;-96.579018;-79.303452;-49.954659;-13.000715
21723626;-96.497086;-79.111694;-49.682274;-12.689177
21725630;-96.414177;-78.919128;-49.409367;-12.377469
21727625;-96.330330;-78.725815;-49.136002;-12.065681
21729639;-96.245522;-78.531685;-48.862118;-11.753729
21731611;-96.159782;-78.336815;-48.587791;-11.441710
21733600;-96.073074;-78.141144;-48.312943;-11.129528
21735606;-95.985443;-77.944763;-48.037701;-10.817334
21737604;-95.896851;-77.747574;-47.761940;-10.504982
21739603;-95.807304;-77.549599;-47.485668;-10.192481
21741643;-95.716820;-77.350876;-47.208969;-9.879929
21743631;-95.625381;-77.151375;-46.931774;-9.567231
21745630;-95.533012;-76.951126;-46.654148;-9.254485
21747629;-95.439697;-76.750130;-46.376053;-8.941645
21749627;-95.345428;-76.548347;-46.097469;-8.628673
21751648;-95.250237;-76.345840;-45.818474;-8.315664
21753610;-95.154083;-76.142532;-45.538975;-8.002522
21755606;-95.057007;-75.938515;-45.259075;-7.689351
21757608;-94.958984;-75.733719;-44.978683;-7.376054
21759603;-94.860039;-75.528206;-44.697891;-7.062733
21761606;-94.760147;-75.321945;-44.416664;-6.749347
21763640;-94.659309;-75.114906;-44.134949;-6.435842
21765635;-94.557556;-74.907166;-43.852840;-6.122318
21767624;-94.454849;-74.698654;-43.570255;-5.808687
21769630;-94.351234;-74.489433;-43.287292;-5.495053
21771629;-94.246681;-74.279472;-43.003891;-5.181360
21773646;-94.141182;-74.068748;-42.720032;-4.867568
21775617;-94.034767;-73.857323;-42.435791;-4.553777
21777605;-93.927414;-73.645142;-42.151081;-4.239893
21779612;-93.819145;-73.432274;-41.866005;-3.926015
21781606;-93.709961;-73.218681;-41.580513;-3.612101
21783611;-93.599823;-73.004318;-41.294571;-3.298101
21785646;-93.488785;-72.789276;-41.008263;-2.984113
21787631;-93.376801;-72.573486;-40.721504;-2.670053
21789626;-93.263916;-72.357002;-40.434387;-2.356008
21791626;-93.150093;-72.139778;-40.146832;-2.041897
21793631;-93.035370;-71.921875;-39.858921;-1.727813
21795650;-92.919724;-71.703255;-39.570618;-1.413712
21797607;-92.803154;-71.483902;-39.281879;-1.099551
21799606;-92.685677;-71.263878;-38.992802;-0.785425
21801607;-92.567268;-71.043106;-38.703289;-0.471240
21803609;-92.447960;-70.821678;-38.413437;-0.157103
21805608;-92.327744;-70.599548;-38.123215;0.157037
21807645;-92.206596;-70.376678;-37.832565;0.471225
21809630;-92.084564;-70.153168;-37.541588;0.785357
21811623;-91.961601;-69.928917;-37.250198;1.099530
21813624;-91.837738;-69.704010;-36.958477;1.413649
21815629;-91.712967;-69.478386;-36.666351;1.727799
21817642;-91.587296;-69.252106;-36.373909;2.041882
21819611;-91.460732;-69.025146;-36.081112;2.355942
21821603;-91.333237;-68.797462;-35.787907;2.670038
21823608;-91.204865;-68.569145;-35.494396;2.984050
21825604;-91.075569;-68.340111;-35.200493;3.298083
21827607;-90.945396;-68.110435;-34.906284;3.612032
21829646;-90.814331;-67.880096;-34.611732;3.925952
21831629;-90.682343;-67.649048;-34.316792;4.239875
21833626;-90.549484;-67.417358;-34.021561;4.553714
21835631;-90.415703;-67.184975;-33.725948;4.867554
21837626;-90.281067;-66.951973;-33.430046;5.181298
21839648;-90.145508;-66.718262;-33.133770;5.495036
21841611;-90.009079;-66.483925;-32.837208;5.808675
21843602;-89.871780;-66.248978;-32.540379;6.122208
21845598;-89.733559;-66.013306;-32.243126;6.435773
21847605;-89.594475;-65.777016;-31.945606;6.749230
21849608;-89.454475;-65.540031;-31.647718;7.062671
21851642;-89.313622;-65.302452;-31.349575;7.375991
21853629;-89.171890;-65.064224;-31.051115;7.689235
21855629;-89.029243;-64.825302;-30.752300;8.002457
21857626;-88.885750;-64.585793;-30.453236;8.315548
21859630;-88.741356;-64.345604;-30.153820;8.628607
21861641;-88.596107;-64.104820;-29.854155;8.941537
21863609;-88.449959;-63.863361;-29.554144;9.254423
21865606;-88.302971;-63.621319;-29.253897;9.567163
21867602;-88.155106;-63.378639;-28.953352;9.879816
21869606;-88.006340;-63.135303;-28.652477;10.192418
21871603;-87.856735;-62.891365;-28.351370;10.504871
21873641;-87.706238;-62.646782;-28.049931;10.817268
21875634;-87.554901;-62.401623;-27.748268;11.129514
21877631;-87.402702;-62.155842;-27.446327;11.441645
21879626;-87.249611;-61.909412;-27.144068;11.753711
21881622;-87.095680;-61.662407;-26.841587;12.065619
21883645;-86.940872;-61.414753;-26.538795;12.377453
21885612;-86.785233;-61.166538;-26.235794;12.689114
21887609;-86.628708;-60.917675;-25.932482;13.000697
21889608;-86.471352;-60.668255;-25.628960;13.312110
21891604;-86.313148;-60.418224;-25.325186;13.623386
21893607;-86.154060;-60.167568;-25.021114;13.934576
21895644;-85.994148;-59.916351;-24.716843;14.245587
21897630;-85.833374;-59.664516;-24.412287;14.556498
21899627;-85.671761;-59.412121;-24.107525;14.867219
21901624;-85.509315;-59.159149;-23.802540;15.177790
21903628;-85.345993;-58.905540;-23.497257;15.488264
21905650;-85.181847;-58.651394;-23.191797;15.798542
21907606;-85.016846;-58.396633;-22.886063;16.108704
21909611;-84.851036;-58.141335;-22.580147;16.418659
21911604;-84.684349;-57.885422;-22.273960;16.728508
21913601;-84.516861;-57.628979;-21.967602;17.038137
21915613;-84.348534;-57.371964;-21.661028;17.347599
21917642;-84.179352;-57.114346;-21.354198;17.656935
21919629;-84.009369;-56.856201;-21.047199;17.966049
21921629;-83.838524;-56.597458;-20.739946;18.275034
21923627;-83.666878;-56.338196;-20.432537;18.583792
21925631;-83.494408;-56.078373;-20.124918;18.892374
21927645;-83.321091;-55.817963;-19.817062;19.200808
21929609;-83.146973;-55.557037;-19.509060;19.509007
21931614;-82.972008;-55.295528;-19.200806;19.817062
21933607;-82.796249;-55.033504;-18.892420;20.124874
21935606;-82.619652;-54.770912;-18.583801;20.432535
21937610;-82.442261;-54.507805;-18.275034;20.739948
21939647;-82.264069;-54.244171;-17.966097;21.047157
21941639;-82.085022;-53.979950;-17.656929;21.354198
21943623;-81.905197;-53.715248;-17.347639;21.660986
21945627;-81.724533;-53.449966;-17.038128;21.967611
21947625;-81.543098;-53.184204;-16.728502;22.273966
21949647;-81.360855;-52.917908;-16.418699;22.580109
21951630;-81.177811;-52.651096;-16.108746;22.886023
21953631;-80.993965;-52.383770;-15.798632;23.191708
21955629;-80.809288;-52.115887;-15.488315;23.497215
21957625;-80.623840;-51.847519;-15.177881;23.802441
21959644;-80.437599;-51.578640;-14.867309;24.107441
21961608;-80.250534;-51.309216;-14.556536;24.412241
21963608;-80.062714;-51.039333;-14.245677;24.716755
21965606;-79.874077;-50.768898;-13.934621;25.021070
21967609;-79.684669;-50.498001;-13.623482;25.325098
21969607;-79.494446;-50.226570;-13.312152;25.628916
21971647;-79.303474;-49.954681;-13.000745;25.932434
21973633;-79.111710;-49.682297;-12.689203;26.235699
21975628;-78.919151;-49.409382;-12.377498;26.538757
21977627;-78.725830;-49.136021;-12.065715;26.841494
21979624;-78.531708;-48.862137;-11.753765;27.144028
21981647;-78.336838;-48.587811;-11.441737;27.446234
21983608;-78.141197;-48.313011;-11.129609;27.748173
21985607;-77.944756;-48.037685;-10.817322;28.049887
21987611;-77.747574;-47.761936;-10.504970;28.351276
21989606;-77.549591;-47.485657;-10.192463;28.652439
21991605;-77.350876;-47.208958;-9.879914;28.953262
21993643;-77.151367;-46.931755;-9.567213;29.253853
21995636;-76.951126;-46.654129;-9.254464;29.554104
21997631;-76.750122;-46.376045;-8.941629;29.854065
21999625;-76.548340;-46.097458;-8.628657;30.153774
22001623;-76.345825;-45.818459;-8.315647;30.453142
22003643;-76.142525;-45.538960;-8.002504;30.752260
22005608;-75.938507;-45.259064;-7.689330;31.051025
22007605;-75.733742;-44.978718;-7.376093;31.349480
22009606;-75.528191;-44.697876;-7.062716;31.647678
22011602;-75.321938;-44.416645;-6.749332;31.945511
22013604;-75.114906;-44.134937;-6.435829;32.243080
22015647;-74.907158;-43.852825;-6.122303;32.540287
22017632;-74.698639;-43.570240;-5.808675;32.837208
22019628;-74.489418;-43.287273;-5.495039;33.133770
22021622;-74.279465;-43.003876;-5.181345;33.430004
22023625;-74.068741;-42.720013;-4.867554;33.725948
22025648;-73.857323;-42.435772;-4.553762;34.021519
22027603;-73.645142;-42.151062;-4.239875;34.316795
22029604;-73.432266;-41.865993;-3.926003;34.611687
22031614;-73.218666;-41.580505;-3.612086;34.906239
22033603;-73.004303;-41.294552;-3.298077;35.200493
22035614;-72.789261;-41.008247;-2.984095;35.494354
22037648;-72.573471;-40.721489;-2.670035;35.787903
22039627;-72.356987;-40.434368;-2.355990;36.081062
22041627;-72.139763;-40.146812;-2.041879;36.373909
22043630;-71.921860;-39.858906;-1.727799;36.666351
22045633;-71.703247;-39.570599;-1.413697;36.958431
22047646;-71.483887;-39.281857;-1.099533;37.250195
22049605;-71.263863;-38.992779;-0.785410;37.541538
22051601;-71.043098;-38.703270;-0.471225;37.832561
22053603;-70.821671;-38.413425;-0.157088;38.123169
22055601;-70.599533;-38.123192;0.157055;38.413395
22057606;-70.376678;-37.832554;0.471237;38.703289
22059647;-70.153191;-37.541618;0.785324;38.992702
22061632;-69.928940;-37.250225;1.099503;39.281837
22063621;-69.704033;-36.958508;1.413617;39.570530
22065631;-69.478439;-36.666428;1.727718;39.858833
22067624;-69.252129;-36.373936;2.041852;40.146793
22069647;-69.025169;-36.081135;2.355912;40.434307
22071610;-68.797493;-35.787937;2.669999;40.721462
22073611;-68.569168;-35.494431;2.984017;41.008171
22075607;-68.340134;-35.200520;3.298053;41.294529
22077610;-68.110466;-34.906315;3.612003;41.580421
22079606;-67.880119;-34.611759;3.925922;41.865925
22081642;-67.649063;-34.316822;4.239851;42.151043
22083623;-67.417389;-34.021587;4.553685;42.435699
22085629;-67.185005;-33.725975;4.867524;42.719994
22087629;-66.951988;-33.430073;5.181271;43.003807
22089621;-66.718323;-33.133842;5.494955;43.287205
22091642;-66.483955;-32.837238;5.808645;43.570213
22093611;-66.248970;-32.540356;6.122226;43.852760
22095612;-66.013298;-32.243111;6.435794;44.134903
22097606;-65.777000;-31.945583;6.749254;44.416584
22099610;-65.540024;-31.647709;7.062685;44.697849
22101646;-65.302437;-31.349554;7.376009;44.978649
22103615;-65.064201;-31.051100;7.689259;45.258991
22105607;-64.825294;-30.752289;8.002475;45.538937
22107610;-64.585785;-30.453215;8.315569;45.818390
22109611;-64.345589;-30.153803;8.628628;46.097427
22111602;-64.104805;-29.854137;8.941558;46.375973
22113642;-63.863392;-29.554176;9.254390;46.654064
22115635;-63.621307;-29.253881;9.567186;46.931728
22117625;-63.378628;-28.953335;9.879833;47.208889
22119628;-63.135292;-28.652468;10.192436;47.485630
22121628;-62.891365;-28.351358;10.504887;47.761856
22123649;-62.646778;-28.049913;10.817286;48.037659
22125608;-62.401615;-27.748251;11.129525;48.312939
22127606;-62.155830;-27.446308;11.441666;48.587746
22129610;-61.909401;-27.144051;11.753729;48.862118
22131613;-61.662399;-26.841578;12.065631;49.135956
22133607;-61.414749;-26.538780;12.377468;49.409363
22135645;-61.166527;-26.235771;12.689132;49.682236
22137630;-60.917706;-25.932512;13.000668;49.954613
22139631;-60.668243;-25.628944;13.312125;50.226547
22141626;-60.418217;-25.325171;13.623405;50.497936
22143629;-60.167564;-25.021103;13.934591;50.768864
22145643;-59.916348;-24.716827;14.245600;51.039268
22147606;-59.664505;-24.412271;14.556515;51.309204
22149609;-59.412109;-24.107510;14.867237;51.578583
22151607;-59.159134;-23.802525;15.177814;51.847458
22153606;-58.905529;-23.497242;15.488288;52.115856
22155608;-58.651386;-23.191786;15.798551;52.383701
22157649;-58.396626;-22.886053;16.108721;52.651077
22159632;-58.141327;-22.580135;16.418678;52.917892
22161625;-57.885448;-22.273996;16.728474;53.184174
22163625;-57.628967;-21.967587;17.038145;53.449989
22165632;-57.371990;-21.661064;17.347563;53.715179
22167647;-57.114376;-21.354231;17.656898;53.979927
22169611;-56.856228;-21.047228;17.966021;54.244102
22171607;-56.597485;-20.739973;18.275007;54.507782
22173606;-56.338223;-20.432562;18.583765;54.770882
22175607;-56.078403;-20.124949;18.892342;55.033447
22177610;-55.817993;-19.817093;19.200775;55.295502
22179645;-55.557068;-19.509081;19.508982;55.556976
22181632;-55.295555;-19.200838;19.817028;55.817940
22183628;-55.033539;-18.892448;20.124844;56.078308
22185626;-54.770977;-18.583870;20.432461;56.338131
22187626;-54.507839;-18.275070;20.739910;56.597431
22189639;-54.244198;-17.966127;21.047125;56.856136
22191613;-53.979980;-17.656961;21.354168;57.114315
22193608;-53.715279;-17.347673;21.660957;57.371902
22195604;-53.450001;-17.038164;21.967579;57.628952
22197606;-53.184235;-16.728533;22.273932;57.885395
22199658;-52.917946;-16.418737;22.580072;58.141266
22201641;-52.651096;-16.108734;22.886034;58.396614
22203625;-52.383762;-15.798616;23.191721;58.651329
22205628;-52.115868;-15.488294;23.497231;58.905514
22207628;-51.847504;-15.177867;23.802462;59.159081
22209628;-51.578636;-14.867297;24.107452;59.412064
22211644;-51.309212;-14.556524;24.412256;59.664494
22213629;-51.039322;-14.245659;24.716770;59.916294
22215633;-50.768887;-13.934609;25.021082;60.167538
22217630;-50.497990;-13.623465;25.325111;60.418163
22219627;-50.226559;-13.312138;25.628927;60.668224
22221648;-49.954666;-13.000730;25.932451;60.917652
22223604;-49.682285;-12.689188;26.235723;61.166477
22225610;-49.409370;-12.377480;26.538769;61.414730
22227606;-49.136013;-12.065694;26.841513;61.662346
22229605;-48.862125;-11.753741;27.144035;61.909382
22231605;-48.587799;-11.441723;27.446253;62.155777
22233643;-48.312996;-11.129588;27.748194;62.401569
22235630;-48.037670;-10.817298;28.049908;62.646770
22237626;-47.761909;-10.504950;28.351297;62.891312
22239623;-47.485641;-10.192448;28.652447;63.135273
22241622;-47.208942;-9.879896;28.953276;63.378578
22243648;-46.931778;-9.567243;29.253817;63.621254
22245606;-46.654110;-9.254447;29.554123;63.863342
22247603;-46.376026;-8.941611;29.854076;64.104752
22249607;-46.097439;-8.628636;30.153795;64.345581
22251604;-45.818439;-8.315629;30.453163;64.585724
22253607;-45.538944;-8.002487;30.752272;64.825287
22255643;-45.259045;-7.689315;31.051043;65.064156
22257635;-44.978695;-7.376066;31.349499;65.302391
22259629;-44.697865;-7.062700;31.647694;65.540009
22261629;-44.416630;-6.749308;31.945530;65.776947
22263626;-44.134918;-6.435809;32.243095;66.013275
22265648;-43.852810;-6.122282;32.540302;66.248924
22267605;-43.570271;-5.808705;32.837185;66.483910
22269606;-43.287258;-5.495018;33.133785;66.718277
22271609;-43.003864;-5.181327;33.430016;66.951942
22273606;-42.720039;-4.867583;33.725914;67.184952
22275607;-42.435799;-4.553789;34.021492;67.417305
22277646;-42.151093;-4.239908;34.316765;67.649017
22279608;-41.866016;-3.926030;34.611660;67.880043
22281608;-41.580528;-3.612110;34.906216;68.110382
22283606;-41.294582;-3.298110;35.200466;68.340088
22285609;-41.008274;-2.984124;35.494331;68.569092
22287643;-40.721519;-2.670064;35.787880;68.797447
22289615;-40.434402;-2.356023;36.081043;69.025093
22291610;-40.146889;-2.041957;36.373840;69.252052
22293608;-39.858932;-1.727825;36.666328;69.478363
22295606;-39.570629;-1.413724;36.958401;69.703957
22297609;-39.281891;-1.099563;37.250168;69.928894
22299644;-38.992809;-0.785434;37.541512;70.153107
22301631;-38.703300;-0.471255;37.832535;70.376663
22303626;-38.413452;-0.157115;38.123138;70.599487
22305628;-38.123226;0.157025;38.413368;70.821625
22307625;-37.832577;0.471210;38.703259;71.043083
22309643;-37.541599;0.785348;38.992725;71.263817
22311606;-37.250210;1.099518;39.281853;71.483871
22313609;-37.104397;1.256579;39.426247;71.593628
22315604;-36.666412;1.727736;39.858852;71.921814
22317605;-36.373924;2.041870;40.146809;72.139755
22319603;-36.081123;2.355933;40.434319;72.356949
22321644;-35.787922;2.670023;40.721478;72.573456
22323635;-35.494415;2.984035;41.008186;72.789215
22325631;-35.200508;3.298068;41.294540;73.004295
22327629;-34.906300;3.612020;41.580444;73.218620
22329624;-34.611748;3.925937;41.865929;73.432220
22331647;-34.316807;4.239863;42.151051;73.645126
22333609;-34.021576;4.553699;42.435719;73.857285
22335613;-33.725964;4.867539;42.720001;74.068733
22337602;-33.430061;5.181283;43.003822;74.279419
22339605;-33.133827;5.494976;43.287216;74.489372
22341642;-32.837227;5.808663;43.570232;74.698631
22343619;-32.540344;6.122241;43.852772;74.907112
22345603;-32.243095;6.435809;44.134914;75.114891
22347601;-31.945574;6.749263;44.416588;75.321892
22349607;-31.647692;7.062706;44.697868;75.528183
22351609;-31.349543;7.376027;44.978661;75.733696
22353649;-31.051085;7.689273;45.259007;75.938469
22355636;-30.752274;8.002490;45.538948;76.142517
22357627;-30.453205;8.315587;45.818401;76.345787
22359632;-30.153790;8.628643;46.097443;76.548317
22361629;-29.854124;8.941570;46.375992;76.750084
22363647;-29.554165;9.254405;46.654076;76.951088
22365613;-29.253864;9.567198;46.931736;77.151352
22367609;-28.953323;9.879851;47.208908;77.350830
22369604;-28.652451;10.192451;47.485649;77.549583
22371606;-28.351339;10.504905;47.761871;77.747520
22373602;-28.049904;10.817305;48.037674;77.944740
22375647;-27.748236;11.129549;48.312958;78.141159
22377629;-27.446297;11.441678;48.587757;78.336792
22379631;-27.144039;11.753747;48.862129;78.531693
22381627;-26.841604;12.065604;49.135933;78.725761
22383628;-26.538816;12.377435;49.409328;78.919106
22385648;-26.235809;12.689098;49.682201;79.111649
22387611;-25.932545;13.000637;49.954586;79.303406
22389606;-25.628975;13.312099;50.226521;79.494415
22391607;-25.325203;13.623373;50.497913;79.684601
22393611;-25.021133;13.934565;50.768845;79.874039
22395611;-24.716862;14.245568;51.039242;80.062653
22397644;-24.412348;14.556437;51.309132;80.250481
22399630;-24.107544;14.867206;51.578556;80.437538
22401632;-23.802551;15.177780;51.847435;80.623779
22403628;-23.497276;15.488252;52.115833;80.809250
22405627;-23.191816;15.798526;52.383686;80.993896
22407652;-22.886080;16.108690;52.651058;81.177780
22409608;-22.580164;16.418648;52.917870;81.360825
22411601;-22.274027;16.728441;53.184158;81.543060
22413602;-21.967623;17.038120;53.449966;81.724533
22415606;-21.661047;17.347584;53.715206;81.905159
22417607;-21.354214;17.656921;53.979946;82.085014
22419645;-21.047215;17.966036;54.244125;82.264030
22421631;-20.740007;18.274977;54.507755;82.442230
22423630;-20.432549;18.583784;54.770905;82.619652
22425632;-20.124935;18.892359;55.033463;82.796219
22427626;-19.817076;19.200794;55.295521;82.972000
22429646;-19.509069;19.508999;55.556995;83.146942
22431629;-19.200823;19.817049;55.817955;83.321083
22433629;-18.892433;20.124861;56.078327;83.494370
22435633;-18.583858;20.432472;56.338142;83.666847
22437625;-18.275051;20.739933;56.597454;83.838524
22439648;-17.966110;21.047140;56.856155;84.009338
22441609;-17.656948;21.354185;57.114338;84.179344
22443602;-17.347656;21.660975;57.371914;84.348503
22445606;-17.038193;21.967550;57.628937;84.516830
22447607;-16.728516;22.273954;57.885414;84.684349
22449604;-16.418720;22.580090;58.141293;84.851006
22451641;-16.108715;22.886055;58.396626;85.016846
22453609;-15.798600;23.191742;58.651344;85.181824
22455606;-15.488279;23.497250;58.905537;85.345985
22457611;-15.177855;23.802475;59.159096;85.509285
